BVP,EDA,TEMP,ACC_Mag,Label
-12.14,4.4455,34.0,220.54931421339762,0
14.19,4.911148,34.0,220.54931421339762,0
-7.71,4.741007,34.0,46.06517122512408,0
21.76,4.950804,34.0,67.63135367564367,0
80.16,4.900373,34.03,65.85590330410783,0
147.13,4.814663,34.03,65.98484674529449,0
23.06,4.76861,34.03,64.63745044476924,0
-283.37,4.777565,34.03,65.12296062065974,0
-23.73,4.927237,34.05,65.12296062065974,0
33.69,5.224023,34.05,64.26507605223851,0
-12.62,5.53744,34.05,64.13267497929586,0
24.59,5.828478,34.05,65.85590330410783,0
11.16,5.902674,34.03,64.50581369148055,0
8.45,5.916746,34.03,65.37583651472461,0
19.31,5.87709,34.03,64.50581369148055,0
-18.05,5.797776,34.03,64.63745044476924,0
14.86,5.630194,34.03,65.85590330410783,0
-1.66,5.46645,34.03,64.50581369148055,0
-8.85,5.316777,34.03,63.15853069855251,0
21.24,5.163267,34.03,31.575306807693888,0
-5.66,5.907791,34.03,105.49407566304374,0
16.46,6.093283,34.03,79.8060148109151,0
24.46,6.095525,34.03,60.61352984276695,0
-19.96,6.005977,34.03,73.23250644351864,0
-38.98,5.947132,34.05,60.61352984276695,0
-52.29,5.894682,34.05,66.91786009728644,0
55.58,5.884449,34.05,64.73020933072904,0
41.94,5.869097,34.05,69.79971346646059,0
4.24,5.835837,34.03,66.04543890383347,0
13.61,5.810252,34.03,63.7102817447859,0
2.0,5.787225,34.03,63.0,0
-20.49,5.800018,34.03,66.65583245298194,0
25.5,5.825603,34.05,62.91263784010332,0
10.86,5.824324,34.05,65.30696746902278,0
22.62,5.806414,34.05,63.58458932791813,0
37.9,5.802576,34.05,64.39720490828775,0
-90.68,5.801297,34.03,65.75712889109438,0
3.24,5.814089,34.03,65.13063795173512,0
27.92,5.789784,34.03,63.06346010171025,0
12.72,5.787225,34.03,65.4446330878247,0
5.97,5.785946,34.05,63.92182725798755,0
-31.4,5.780829,34.05,63.631753079732135,0
15.82,5.776991,34.05,63.92182725798755,0
1.53,5.769316,34.05,64.22616289332565,0
10.63,5.764199,34.05,63.93746945258312,0
6.78,5.759082,34.05,64.8459713474939,0
-29.88,5.753965,34.05,63.93746945258312,0
13.65,5.747569,34.05,63.93746945258312,0
-6.96,5.742452,34.03,64.8459713474939,0
9.97,5.737334,34.03,65.16133823057964,0
12.58,5.692561,34.03,64.8459713474939,0
-26.16,5.714308,34.03,64.57553716385176,0
15.78,5.713029,34.03,64.89221833163049,0
-1.87,5.720704,34.03,64.27285585688566,0
-6.19,5.707911,34.03,63.984373092185564,0
15.22,5.707911,34.03,63.984373092185564,0
-15.72,5.700236,34.05,64.57553716385176,0
16.99,5.709191,34.05,64.27285585688566,0
0.99,5.702795,34.05,64.57553716385176,0
-27.38,5.71175,34.05,62.617888817813075,0
4.42,5.709191,34.03,58.83026432033091,0
-2.81,5.704074,34.03,71.53320907103218,0
-13.8,5.747569,34.03,71.09149034870488,0
7.83,5.766757,34.03,69.55573304911681,0
-22.73,5.74501,34.05,62.30569797378086,0
15.76,5.720704,34.05,64.68384651518491,0
-35.16,5.725821,34.05,61.47357155721473,0
31.23,5.756523,34.05,62.89674077406555,0
58.83,5.766757,34.05,64.10148204214939,0
112.66,5.760361,34.05,65.49809157525127,0
6.21,5.766757,34.05,65.0384501660364,0
0.16,5.765478,34.05,64.96922348312314,0
-107.69,5.747569,34.05,65.0384501660364,0
-30.17,5.760361,34.05,65.0384501660364,0
-47.62,5.74501,34.05,65.12296062065974,0
-1.34,5.751406,34.05,65.12296062065974,0
14.17,5.746289,34.05,65.12296062065974,0
-24.77,5.747569,34.05,65.12296062065974,0
17.47,5.759082,34.05,65.12296062065974,0
-2.17,5.76164,34.05,64.78425734698207,0
28.38,5.76164,34.07,64.78425734698207,0
15.54,5.748847,34.07,64.2339474110069,0
-21.92,5.751406,34.07,65.12296062065974,0
35.94,5.742452,34.07,65.12296062065974,0
-6.12,5.751406,34.05,64.2339474110069,0
-29.35,5.746289,34.05,65.12296062065974,0
15.3,5.746289,34.05,64.2339474110069,0
-7.1,5.746289,34.05,64.1482657598785,0
24.7,5.741172,34.05,64.1482657598785,0
19.06,5.751406,34.05,64.1482657598785,0
-31.45,5.746289,34.05,64.1482657598785,0
28.32,5.748847,34.05,64.2339474110069,0
18.9,5.747569,34.05,65.12296062065974,0
-31.7,5.750127,34.05,64.68384651518491,0
20.69,5.743731,34.05,65.68104749469211,0
10.02,5.748847,34.05,66.30987860040162,0
-31.04,5.756523,34.05,63.419239982831705,0
0.72,5.811531,34.05,63.97655820689325,0
-6.92,5.79618,34.05,61.326992425847855,0
8.44,5.784667,34.05,70.25667228100119,0
26.11,5.808972,34.05,68.33739825307956,0
-11.55,5.819207,34.05,67.446274915669,0
97.78,5.816648,34.05,71.74259543674177,0
88.2,5.853746,34.05,65.24568951279464,0
-211.18,5.840954,34.07,65.16133823057964,0
-36.35,5.825603,34.07,60.481402100149765,0
-20.03,5.824324,34.07,63.7808748764079,0
144.63,5.829441,34.07,66.49060083951716,0
-0.24,5.837116,34.07,58.44655678480983,0
-20.44,5.846071,34.07,67.23838189605696,0
-36.21,5.844791,34.07,65.12296062065974,0
-9.06,5.838395,34.07,63.4428877022476,0
33.2,5.843513,34.05,62.71363488110062,0
32.36,5.846071,34.05,63.474404290233394,0
-39.78,5.840954,34.05,65.18435395092905,0
13.97,5.838395,34.05,65.0384501660364,0
32.03,5.819207,34.07,65.18435395092905,0
10.41,5.835837,34.07,63.66317616958802,0
29.05,5.839674,34.07,69.49820141557622,0
-32.6,5.842233,34.07,73.68174807915459,0
34.19,5.834558,34.07,59.62382074305537,0
47.87,5.83072,34.07,62.68173577685928,0
-88.15,5.820486,34.07,64.07027391856539,0
-7.76,5.815369,34.07,59.9749947894954,0
-39.69,5.820486,34.07,72.73926037567333,0
-17.08,5.814089,34.07,61.163714733492114,0
10.1,5.825603,34.07,68.37397165588672,0
-12.71,5.852467,34.07,84.86459803710851,0
25.12,5.952249,34.07,72.59476565152615,0
117.76,5.879332,34.07,68.09552114493287,0
101.7,5.851188,34.07,66.64082832618455,0
-4.45,5.851188,34.07,59.472682804797024,0
-121.92,5.839674,34.07,63.3798075099633,0
-182.79,5.837116,34.07,64.22616289332565,0
16.16,5.823044,34.07,74.49161026585477,0
162.14,5.83072,34.07,90.47651629014017,0
-72.44,5.820486,34.07,51.95190083144215,0
-15.94,5.71047,34.07,41.737273509418415,0
-49.96,5.485322,34.07,60.844062980705026,0
37.69,5.374027,34.07,58.855755878248644,0
-0.19,5.392253,34.09,61.7980582219215,0
-134.44,5.433189,34.09,60.67124524847005,0
128.91,5.621239,34.09,43.57751713900185,0
32.03,5.696715,34.09,99.42333730065593,0
26.59,5.724858,34.07,82.52878285786117,0
-33.13,5.689039,34.07,65.40642170307133,0
51.38,5.645545,34.07,63.56886030125127,0
214.9,5.650662,34.07,64.50581369148055,0
16.72,5.651941,34.05,63.82789358893179,0
-194.16,5.648103,34.05,64.10148204214939,0
-15.32,5.645545,34.05,64.10148204214939,0
-11.14,5.637869,34.05,64.10148204214939,0
13.84,5.635311,34.09,63.82789358893179,0
1.22,5.641707,34.09,63.82789358893179,0
3.93,5.625077,34.09,63.82789358893179,0
11.55,5.635311,34.09,63.82789358893179,0
-20.88,5.631473,34.07,64.10148204214939,0
21.01,5.631473,34.07,64.52131430775415,0
0.89,5.626356,34.07,64.13267497929586,0
-17.85,5.617401,34.07,63.82789358893179,0
18.11,5.611005,34.07,64.10148204214939,0
-7.77,5.611005,34.07,64.42049363362563,0
-5.23,5.612284,34.07,64.13267497929586,0
6.46,5.60205,34.07,64.13267497929586,0
-23.66,5.613564,34.07,64.13267497929586,0
7.6,5.609726,34.07,63.72597586541927,0
5.61,5.608447,34.07,63.72597586541927,0
-20.46,5.607167,34.07,63.82789358893179,0
17.34,5.599492,34.07,65.07687761409578,0
-5.31,5.600771,34.07,64.26507605223851,0
1.19,5.593095,34.07,64.79197481170026,0
19.13,5.586699,34.07,65.03076195155643,0
-19.4,5.593095,34.05,73.97972695272672,0
9.44,5.640428,34.05,52.73518749374084,0
15.58,5.590537,34.05,64.07807737440318,0
-23.22,5.632752,34.05,69.60603422117941,0
91.89,5.608447,34.07,69.94998213009065,0
165.88,5.544484,34.07,66.47555941848101,0
-124.03,5.540646,34.07,64.89221833163049,0
19.88,5.547042,34.07,62.6418390534633,0
26.33,5.548322,34.09,65.30696746902278,0
-32.0,5.540646,34.09,58.008620049092706,0
-103.34,5.532971,34.09,66.96267617113283,0
14.58,5.595654,34.09,65.91661399070799,0
-16.76,5.580303,34.07,61.335144900782616,0
19.88,5.567511,34.07,75.2994023880668,0
43.88,5.640428,34.07,67.88961628997471,0
43.77,5.621239,34.07,63.35613624582863,0
-35.96,5.65322,34.09,63.39558344238185,0
-2.95,5.634032,34.09,61.326992425847855,0
-76.91,5.628914,34.09,65.31462317123173,0
-71.87,5.625077,34.09,66.30987860040162,0
41.19,5.608447,34.07,69.14477565225012,0
-3.83,5.572628,34.07,61.652250567193406,0
37.6,5.416559,34.07,62.465990746965666,0
-37.7,5.163267,34.07,69.15200647848188,0
-49.39,5.074999,34.07,66.12866246946176,0
-41.04,4.956028,34.07,61.35959582656978,0
-0.8,4.950264,34.07,65.39877674696982,0
20.47,4.936192,34.07,64.69157595854347,0
44.1,4.927237,34.07,63.079315151640635,0
5.71,4.946426,34.07,64.41273166075166,0
17.31,4.957939,34.07,64.66838485689897,0
44.75,4.945147,34.07,64.06246951218786,0
-5.91,4.931075,34.07,65.36818798161687,0
-0.06,4.936192,34.07,65.36818798161687,0
21.28,4.931075,34.07,63.82789358893179,0
3.67,4.92212,34.07,64.51356446515724,0
-15.87,4.90549,34.07,65.31462317123173,0
9.25,4.906769,34.07,63.90618123468183,0
-10.73,4.873508,34.07,64.56779382943171,0
-7.07,4.88886,34.07,63.15853069855251,0
4.91,4.902931,34.07,63.166446789415026,0
-23.95,4.908048,34.07,63.89835678638379,0
7.39,4.951543,34.07,62.41794613730894,0
8.85,4.969452,34.07,64.22616289332565,0
-32.98,4.974569,34.07,64.01562309311689,0
9.46,4.992479,34.07,61.94352266379432,0
9.09,5.157502,34.07,67.47592163134935,0
-31.82,5.442775,34.07,60.249481325568276,0
16.83,5.483712,34.05,59.43904440685432,0
2.68,5.492034,34.05,50.6458290484024,0
-48.31,5.489476,34.05,67.5721836261046,0
57.64,5.490756,34.05,56.79788728465171,0
-3.93,5.472846,34.05,66.27216610312357,0
-49.01,5.472846,34.05,60.860496218811754,0
-3.72,5.492034,34.05,76.96102909914862,0
38.09,5.454937,34.05,69.74955196988724,0
-3.9,5.457495,34.05,64.72248450113763,0
39.37,5.614843,34.05,67.48333127521195,0
-15.57,5.544484,34.05,62.20128616033595,0
-21.9,5.438306,34.05,71.03520254071216,0
21.11,5.403766,34.05,64.45153217728807,0
-64.96,5.408883,34.05,64.25729530566937,0
-69.91,5.420397,34.05,67.96322535018479,0
-21.16,5.422955,34.05,67.08949247087803,0
56.08,5.421676,34.07,70.8590149522275,0
18.06,5.440865,34.07,61.5223536610881,0
38.84,5.403766,34.07,72.09715667070374,0
5.22,5.408883,34.07,56.68333088307355,0
25.11,5.348759,34.05,64.07807737440318,0
67.54,5.274562,34.05,60.423505360083176,0
-103.4,5.280958,34.05,67.6904720030818,0
-162.49,5.199086,34.05,64.43601477434805,0
16.99,5.159429,34.03,67.95586803212802,0
31.0,5.082674,34.03,63.984373092185564,0
175.78,4.994406,34.03,76.89603370785778,0
298.6,5.060927,34.03,49.48737212663449,0
-299.96,5.095467,34.05,74.39085965358916,0
-88.57,5.266886,34.05,61.35959582656978,0
107.51,5.178618,34.05,70.74602462329597,0
-151.76,5.223392,34.05,53.27288240746881,0
-45.36,5.112097,34.05,51.419840528729765,0
87.97,4.972659,34.05,57.62811813689564,0
-4.51,5.02255,34.05,61.45730225123781,0
14.39,5.138961,34.05,68.0808343074613,0
93.7,5.051972,34.05,65.21502894272147,0
-284.72,5.048134,34.05,63.52164985262898,0
94.32,5.045576,34.05,61.87083319303208,0
63.73,5.023829,34.05,64.60650122085238,0
-26.44,5.060927,34.03,67.446274915669,0
6.28,5.062206,34.03,51.90375708944392,0
-0.14,5.208041,34.03,64.26507605223851,0
-49.22,5.238743,34.03,77.85242449660768,0
-27.28,5.236185,34.05,63.54525946126902,0
170.53,5.220833,34.05,64.07807737440318,0
20.36,5.202924,34.05,64.64518543557594,0
22.88,5.200366,34.05,64.64518543557594,0
-93.65,5.196527,34.05,64.63745044476924,0
-65.35,5.199086,34.05,64.07027391856539,0
7.2,5.197807,34.05,64.64518543557594,0
25.18,5.20932,34.05,64.07027391856539,0
-14.5,5.220833,34.07,46.593991028886975,0
12.51,5.231067,34.07,78.85429601486528,0
0.56,5.163267,34.07,62.01612693485461,0
-44.58,5.186294,34.07,63.984373092185564,0
-27.51,5.232347,34.07,64.07027391856539,0
-248.92,5.257932,34.07,65.22269543648132,0
188.81,5.282238,34.07,65.71149062378664,0
99.72,5.286075,34.07,65.07687761409578,0
36.14,5.293751,34.05,65.06150935845248,0
50.15,5.292471,34.05,64.24951361683604,0
-14.25,5.288634,34.05,66.37017402418047,0
-86.59,5.291192,34.05,65.87867636800242,0
6.39,5.288634,34.0,65.06150935845248,0
37.51,5.298868,34.0,65.06150935845248,0
-27.16,5.29503,34.0,64.57553716385176,0
34.69,5.297588,34.0,64.57553716385176,0
17.22,5.296309,34.05,64.57553716385176,0
-24.22,5.300147,34.05,66.6783323126786,0
23.01,5.269445,34.05,74.65252842335616,0
14.93,5.280958,34.05,62.49799996799898,0
-47.25,5.255373,34.03,55.37147279962851,0
47.88,5.291192,34.03,62.20128616033595,0
91.24,5.310381,34.03,63.63961030678928,0
5.57,5.301426,34.03,67.45368781616021,0
-30.0,5.167105,34.05,62.44197306299666,0
113.49,5.132565,34.05,67.24581771381771,0
-75.98,5.133844,34.05,65.68865959965997,0
-197.62,5.144078,34.05,64.52906321960671,0
58.33,5.142799,34.05,62.89674077406555,0
51.88,5.151754,34.05,62.928530890209096,0
53.64,5.138961,34.05,67.7864293203293,0
35.97,5.127448,34.05,73.11634564172364,0
-2.38,5.115935,34.07,52.23983154643591,0
-37.37,5.138961,34.07,62.0403094769844,0
-19.71,5.287354,34.07,59.20304046246274,0
-16.95,5.275841,34.07,65.62773803811922,0
56.74,5.269445,34.05,63.92182725798755,0
126.43,5.264328,34.05,64.68384651518491,0
-44.18,5.263049,34.05,64.68384651518491,0
17.92,5.268166,34.05,64.68384651518491,0
-21.54,5.259211,34.07,65.12296062065974,0
-1.98,5.266886,34.07,65.12296062065974,0
-22.77,5.257932,34.07,64.35060217278468,0
19.04,5.264328,34.07,64.79197481170026,0
-0.57,5.257932,34.07,65.12296062065974,0
-9.83,5.269445,34.07,65.12296062065974,0
12.42,5.264328,34.07,65.12296062065974,0
-42.52,5.264328,34.07,64.29618962271404,0
19.61,5.263049,34.05,65.57438524302,0
-7.37,5.263049,34.05,64.64518543557594,0
1.69,5.264328,34.05,64.41273166075166,0
30.6,5.256652,34.05,64.89992295835181,0
-36.04,5.26049,34.07,65.12296062065974,0
42.58,5.250256,34.07,65.09992319503918,0
27.3,5.26049,34.07,65.09992319503918,0
-23.7,5.254094,34.07,65.09992319503918,0
40.24,5.255373,34.03,65.09992319503918,0
25.99,5.255373,34.03,65.09992319503918,0
-23.8,5.255373,34.03,64.28841264178172,0
10.32,5.255373,34.03,64.7533782902483,0
13.79,5.248977,34.05,65.09992319503918,0
-16.16,5.261769,34.05,64.7533782902483,0
16.06,5.252815,34.05,64.7533782902483,0
10.06,5.254094,34.05,64.7533782902483,0
-34.16,5.247698,34.05,64.7533782902483,0
18.44,5.250256,34.05,64.7533782902483,0
13.67,5.250256,34.05,64.7533782902483,0
-37.55,5.250256,34.05,64.28841264178172,0
23.21,5.251535,34.07,64.28841264178172,0
20.64,5.248977,34.07,65.56675987114203,0
-18.3,5.254094,34.07,64.28841264178172,0
-2.02,5.248977,34.07,65.09992319503918,0
20.63,5.251535,34.05,64.28841264178172,0
-1.24,5.251535,34.05,65.09992319503918,0
-46.51,5.246418,34.05,64.28841264178172,0
17.08,5.241302,34.05,65.09992319503918,0
14.94,5.247698,34.07,65.09992319503918,0
-28.58,5.24386,34.07,65.56675987114203,0
16.67,5.240022,34.07,63.93746945258312,0
11.34,5.24258,34.07,64.7533782902483,0
-29.14,5.237463,34.05,64.76109943476871,0
16.42,5.245139,34.05,65.56675987114203,0
20.28,5.241302,34.05,65.09992319503918,0
-15.94,5.241302,34.05,64.76109943476871,0
-42.28,5.240022,34.05,64.76109943476871,0
35.99,5.238743,34.05,64.28841264178172,0
21.21,5.231067,34.05,64.28841264178172,0
-27.16,5.231067,34.05,64.76109943476871,0
-2.61,5.234905,34.03,64.76109943476871,0
34.02,5.231067,34.03,64.76109943476871,0
11.48,5.238743,34.03,64.28841264178172,0
-52.03,5.22723,34.03,64.76109943476871,0
32.5,5.232347,34.05,64.76109943476871,0
27.26,5.231067,34.05,64.76109943476871,0
-14.22,5.229788,34.05,64.76109943476871,0
2.39,5.229788,34.05,64.76109943476871,0
33.29,5.231067,34.07,64.76109943476871,0
-13.2,5.223392,34.07,64.76109943476871,0
-35.92,5.197807,34.07,64.76109943476871,0
34.3,5.214437,34.07,64.76109943476871,0
0.53,5.210599,34.05,64.76109943476871,0
-66.85,5.215716,34.05,65.22269543648132,0
34.61,5.214437,34.05,64.64518543557594,0
30.19,5.215716,34.05,65.56675987114203,0
-18.75,5.216996,34.05,65.09992319503918,0
-25.55,5.213158,34.05,64.28841264178172,0
33.99,5.215716,34.05,64.28841264178172,0
11.05,5.206761,34.05,65.09992319503918,0
-44.76,5.208041,34.07,64.28841264178172,0
31.97,5.20932,34.07,64.28841264178172,0
16.16,5.213158,34.07,64.28841264178172,0
-39.43,5.211879,34.07,64.7533782902483,0
25.49,5.213158,34.03,63.93746945258312,0
26.08,5.220833,34.03,65.09992319503918,0
-18.41,5.211879,34.03,65.09992319503918,0
-21.8,5.216996,34.03,64.76109943476871,0
29.04,5.215716,34.07,64.76109943476871,0
4.33,5.211879,34.07,65.56675987114203,0
-32.58,5.211879,34.07,63.93746945258312,0
21.98,5.208041,34.07,64.28841264178172,0
26.8,5.210599,34.05,64.28841264178172,0
11.3,5.208041,34.05,64.28841264178172,0
-53.78,5.205482,34.05,64.28841264178172,0
19.38,5.200366,34.05,64.76109943476871,0
15.62,5.201644,34.07,64.76109943476871,0
-23.93,5.197807,34.07,71.16178749862878,0
18.22,5.201644,34.07,68.14690014960328,0
20.98,5.208041,34.07,50.68530358989675,0
-21.98,5.153033,34.05,58.90670590009256,0
-31.4,5.208041,34.05,63.0,0
60.65,5.210599,34.05,68.19824044651006,0
165.52,5.265607,34.05,63.72597586541927,0
2.26,5.280958,34.07,64.28841264178172,0
37.64,5.264328,34.07,65.52098900352466,0
-161.21,5.238743,34.07,65.1766829472013,0
12.2,5.231067,34.07,65.1766829472013,0
21.41,5.204203,34.07,65.80273550544841,0
-10.3,5.197807,34.07,65.49045732013177,0
-127.67,5.19269,34.07,65.49045732013177,0
-128.86,5.185014,34.07,65.49045732013177,0
41.91,5.178618,34.09,64.57553716385176,0
43.9,5.168384,34.09,64.57553716385176,0
-44.06,5.168384,34.09,64.27285585688566,0
36.04,5.153033,34.09,65.23802572120036,0
55.09,5.154312,34.07,62.42595614005443,0
0.59,5.164546,34.07,63.984373092185564,0
-37.35,5.168384,34.07,65.19202405202648,0
64.17,5.15815,34.07,65.45991139621256,0
23.48,5.169663,34.07,64.5445582524197,0
-40.82,5.169663,34.07,64.5445582524197,0
8.0,5.167105,34.07,64.5445582524197,0
66.49,5.163267,34.07,65.45991139621256,0
5.97,5.151754,34.09,64.5445582524197,0
-7.53,5.164546,34.09,64.5445582524197,0
28.84,5.151754,34.09,64.5445582524197,0
-17.55,5.155591,34.09,64.5445582524197,0
-17.56,5.14152,34.07,64.5445582524197,0
35.18,5.151754,34.07,65.45991139621256,0
-2.9,5.146637,34.07,64.25729530566937,0
-71.83,5.145358,34.07,64.5445582524197,0
41.08,5.144078,34.07,64.5445582524197,0
28.22,5.133844,34.07,64.25729530566937,0
-24.87,5.133844,34.07,64.25729530566937,0
-3.09,5.118493,34.07,67.03730304837748,0
27.31,5.136403,34.05,69.59885056522126,0
-1.06,5.117214,34.05,54.56189146281496,0
-64.01,5.057089,34.05,67.66091929614909,0
25.43,5.133844,34.05,74.49161026585477,0
63.52,5.100584,34.07,82.64381404557754,0
-68.23,5.110818,34.07,47.05316142407437,0
54.65,5.016153,34.07,86.23804264940155,0
175.55,5.026387,34.07,68.33739825307956,0
-238.38,4.916371,34.07,64.7533782902483,0
-101.23,4.833852,34.07,76.38062581571324,0
5.96,4.835131,34.07,63.00793600809346,0
53.29,4.694413,34.07,69.70652767137379,0
47.62,4.71744,34.07,62.63385665915839,0
7.72,4.782682,34.07,76.53757247260981,0
-66.93,4.794195,34.07,66.06814663663572,0
32.15,4.806987,34.07,63.93746945258312,0
-24.54,4.849203,34.07,78.05767098754612,0
11.47,4.826176,34.07,63.340350488452465,0
22.83,4.885022,34.07,63.29296959378664,0
19.82,4.824897,34.07,64.50581369148055,0
20.37,4.817222,34.07,64.19501538281614,0
81.67,4.860716,34.07,65.73431371817918,0
-18.94,4.863275,34.07,65.34523701081817,0
-23.96,4.864554,34.07,65.34523701081817,0
6.3,4.833852,34.07,62.89674077406555,0
-15.7,4.865833,34.07,64.10928169929842,0
23.18,4.864554,34.07,65.34523701081817,0
16.38,4.87095,34.07,65.34523701081817,0
-39.75,4.860716,34.07,64.96922348312314,0
24.59,4.868392,34.07,65.34523701081817,0
-0.4,4.859437,34.07,64.91532946846992,0
-38.4,4.853041,34.07,65.73431371817918,0
28.64,4.844086,34.07,65.73431371817918,0
0.87,4.850482,34.07,65.3299318842443,0
-31.42,4.845365,34.07,65.3299318842443,0
28.01,4.838969,34.07,65.3299318842443,0
6.63,4.840248,34.07,65.3299318842443,0
-38.39,4.833852,34.07,65.3299318842443,0
27.19,4.833852,34.07,67.83067152844649,0
15.14,4.841527,34.07,62.20932405998316,0
-26.3,4.85432,34.07,65.87108622149782,0
7.05,4.858158,34.07,66.46051459325304,0
-0.24,4.851761,34.07,64.03905058634146,0
13.44,4.840248,34.07,61.00819617067857,0
57.06,4.842806,34.07,67.89698078707183,0
3.38,4.837689,34.07,63.28506932918696,0
-12.17,4.812105,34.07,65.73431371817918,0
-0.32,4.814663,34.07,64.91532946846992,0
0.22,4.813384,34.07,65.33758489567853,0
-105.72,4.806987,34.07,65.33758489567853,0
-40.29,4.805708,34.07,64.91532946846992,0
24.08,4.80315,34.07,64.91532946846992,0
10.15,4.80187,34.09,64.91532946846992,0
-34.01,4.791636,34.09,65.33758489567853,0
20.57,4.791636,34.09,64.91532946846992,0
18.04,4.787799,34.09,64.91532946846992,0
-17.04,4.78524,34.07,64.91532946846992,0
25.09,4.781403,34.07,65.33758489567853,0
31.63,4.775006,34.07,65.85590330410783,0
-11.62,4.776286,34.07,46.3033476111609,0
4.63,4.915724,34.07,60.83584469702052,0
42.37,4.931075,34.07,56.87706040223949,0
23.23,4.92212,34.07,58.45511098270193,0
62.26,4.931075,34.07,61.82232606429493,0
-39.02,4.920841,34.07,94.45633912025174,0
-97.66,4.837689,34.07,65.24568951279464,0
-59.06,4.804429,34.07,67.47592163134935,0
-122.19,4.732791,34.07,67.62396025078685,0
70.67,4.713602,34.07,65.24568951279464,0
27.58,4.694413,34.07,63.7102817447859,0
-114.6,4.727674,34.07,64.66838485689897,0
9.07,4.705927,34.07,66.85057965343307,0
0.66,4.699531,34.09,64.57553716385176,0
-31.0,4.693134,34.09,64.57553716385176,0
51.9,4.686738,34.09,64.10148204214939,0
76.2,4.671387,34.09,63.702433234531945,0
13.36,4.66627,34.07,62.465990746965666,0
-39.42,4.662432,34.07,65.76473218982953,0
50.99,4.657315,34.07,63.35613624582863,0
17.15,4.663712,34.07,67.77905281132217,0
-18.8,4.6829,34.07,67.00746227100382,0
43.15,4.781403,34.07,71.79832867135558,0
72.32,4.771169,34.07,58.01723881744115,0
25.88,4.846644,34.07,79.30952023559341,0
139.62,4.867112,34.09,63.75735251718032,0
40.63,4.890139,34.09,62.048368229954285,0
-187.11,4.900373,34.09,65.52098900352466,0
-20.96,4.874788,34.09,64.29618962271404,0
-106.45,4.874788,34.07,63.631753079732135,0
8.49,4.865833,34.07,64.56779382943171,0
-12.42,4.867112,34.07,63.92182725798755,0
-5.16,4.863275,34.07,64.1482657598785,0
15.98,4.864554,34.09,63.92182725798755,0
-8.66,4.851761,34.09,64.25729530566937,0
0.88,4.835131,34.09,64.88451279003334,0
11.28,4.85432,34.09,64.88451279003334,0
-18.89,4.853041,34.09,64.25729530566937,0
6.23,4.858158,34.09,64.25729530566937,0
19.1,4.842806,34.09,64.25729530566937,0
-19.62,4.851761,34.09,64.25729530566937,0
16.46,4.844086,34.09,64.25729530566937,0
26.79,4.853041,34.09,64.25729530566937,0
-13.89,4.846644,34.09,64.25729530566937,0
5.61,4.847924,34.09,64.25729530566937,0
26.46,4.846644,34.07,64.25729530566937,0
-1.16,4.846644,34.07,64.88451279003334,0
-30.82,4.844086,34.07,64.25729530566937,0
25.55,4.837689,34.07,64.1482657598785,0
3.39,4.841527,34.07,64.1482657598785,0
-45.25,4.836411,34.07,63.51377803280167,0
24.83,4.840248,34.07,64.88451279003334,0
0.91,4.836411,34.07,64.25729530566937,0
-53.22,4.831293,34.07,64.1482657598785,0
27.15,4.836411,34.07,64.25729530566937,0
9.98,4.828735,34.07,64.1482657598785,0
-38.75,4.831293,34.07,63.51377803280167,0
30.08,4.826176,34.07,64.1482657598785,0
33.85,4.836411,34.07,64.25729530566937,0
-4.49,4.81978,34.07,64.1482657598785,0
-55.32,4.830014,34.07,64.1482657598785,0
32.15,4.821059,34.09,64.1482657598785,0
29.75,4.828735,34.09,63.51377803280167,0
-10.58,4.824897,34.09,63.51377803280167,0
-59.83,4.817222,34.09,64.1482657598785,0
23.8,4.821059,34.09,64.88451279003334,0
18.7,4.817222,34.09,64.1482657598785,0
-20.07,4.81978,34.09,64.1482657598785,0
-6.34,4.818501,34.09,64.1482657598785,0
24.38,4.818501,34.09,64.88451279003334,0
-0.31,4.818501,34.09,64.1482657598785,0
-56.86,4.809546,34.09,64.1482657598785,0
21.14,4.806987,34.09,64.1482657598785,0
25.4,4.806987,34.05,63.51377803280167,0
-29.42,4.813384,34.05,64.1482657598785,0
-1.04,4.810825,34.05,63.51377803280167,0
32.42,4.810825,34.05,64.1482657598785,0
13.22,4.809546,34.07,64.1482657598785,0
-41.41,4.804429,34.07,64.1482657598785,0
13.75,4.805708,34.07,64.1482657598785,0
41.03,4.805708,34.07,64.1482657598785,0
0.4,4.804429,34.07,64.1482657598785,0
-51.52,4.80187,34.07,64.1482657598785,0
29.13,4.791636,34.07,64.1482657598785,0
31.0,4.796753,34.07,64.1482657598785,0
-17.96,4.796753,34.09,64.1482657598785,0
-9.28,4.796753,34.09,64.1482657598785,0
31.7,4.791636,34.09,64.1482657598785,0
3.01,4.792916,34.09,64.1482657598785,0
-56.16,4.791636,34.09,64.1482657598785,0
30.42,4.791636,34.09,64.1482657598785,0
38.5,4.790357,34.09,64.1482657598785,0
-1.95,4.789078,34.09,63.92182725798755,0
-65.1,4.787799,34.09,64.1482657598785,0
33.55,4.777565,34.09,63.92182725798755,0
37.99,4.78524,34.09,63.92182725798755,0
-8.8,4.773727,34.09,64.1482657598785,0
-65.06,4.783961,34.09,64.1482657598785,0
25.87,4.780123,34.09,63.92182725798755,0
19.48,4.778844,34.09,64.1482657598785,0
-40.8,4.778844,34.09,64.1482657598785,0
28.77,4.772448,34.09,64.56779382943171,0
34.92,4.781403,34.09,63.92182725798755,0
-23.9,4.772448,34.09,63.92182725798755,0
-4.27,4.773727,34.09,63.190189111918315,0
38.64,4.763493,34.09,63.92182725798755,0
5.0,4.76861,34.09,68.05879810869422,0
-73.43,4.772448,34.09,58.9915248150105,0
40.11,4.78652,34.09,43.05810028322197,0
41.11,4.767331,34.09,60.73713855624086,0
4.63,4.713602,34.09,67.34983296193094,0
13.1,4.727674,34.09,63.88270501473775,0
-101.87,4.744304,34.09,64.7533782902483,0
57.2,4.755817,34.09,64.89221833163049,0
-14.61,4.755817,34.09,64.63745044476924,0
-121.87,4.731512,34.09,63.88270501473775,0
14.71,4.741745,34.09,64.89221833163049,0
24.52,4.745584,34.09,64.89221833163049,0
-37.68,4.746863,34.09,64.03905058634146,0
44.11,4.740467,34.09,64.89221833163049,0
33.71,4.743025,34.09,64.03905058634146,0
-32.89,4.731512,34.09,64.03905058634146,0
15.42,4.744304,34.09,64.63745044476924,0
43.9,4.740467,34.09,64.89221833163049,0
-3.0,4.741745,34.09,64.29618962271404,0
-69.61,4.739187,34.09,65.06150935845248,0
33.83,4.732791,34.09,64.29618962271404,0
25.29,4.730232,34.09,64.29618962271404,0
-17.24,4.728953,34.09,64.29618962271404,0
-4.89,4.730232,34.09,64.29618962271404,0
33.94,4.726395,34.09,64.29618962271404,0
8.87,4.732791,34.09,64.03905058634146,0
-43.16,4.731512,34.09,64.29618962271404,0
19.52,4.728953,34.09,64.03905058634146,0
11.69,4.73535,34.09,64.29618962271404,0
-24.76,4.731512,34.09,64.29618962271404,0
19.54,4.730232,34.09,64.29618962271404,0
21.82,4.722557,34.09,64.03905058634146,0
-9.43,4.725115,34.09,64.03905058634146,0
-3.43,4.722557,34.09,64.03905058634146,0
26.55,4.722557,34.09,64.03905058634146,0
-0.73,4.713602,34.11,64.03905058634146,0
-32.0,4.722557,34.11,64.89221833163049,0
18.78,4.723836,34.11,64.89221833163049,0
22.0,4.723836,34.11,64.03905058634146,0
-5.53,4.722557,34.09,64.89221833163049,0
-40.7,4.718719,34.09,64.03905058634146,0
14.06,4.71744,34.09,64.29618962271404,0
21.28,4.712323,34.09,64.29618962271404,0
1.46,4.709764,34.11,64.89221833163049,0
-39.67,4.714881,34.11,64.29618962271404,0
17.2,4.714881,34.11,64.29618962271404,0
5.86,4.713602,34.11,64.29618962271404,0
-23.03,4.714881,34.09,64.29618962271404,0
16.46,4.713602,34.09,64.03905058634146,0
10.74,4.709764,34.09,64.29618962271404,0
-20.62,4.709764,34.09,64.03905058634146,0
21.4,4.709764,34.09,64.63745044476924,0
14.78,4.714881,34.09,64.03905058634146,0
-19.85,4.707206,34.09,64.03905058634146,0
4.96,4.703368,34.09,64.03905058634146,0
21.04,4.708485,34.11,64.63745044476924,0
-5.88,4.707206,34.11,65.06150935845248,0
-45.69,4.705927,34.11,64.29618962271404,0
19.05,4.702089,34.11,64.03905058634146,0
14.98,4.702089,34.11,64.29618962271404,0
-18.74,4.696972,34.11,64.03905058634146,0
5.99,4.698251,34.11,64.63745044476924,0
27.16,4.702089,34.11,64.03905058634146,0
-0.06,4.699531,34.09,64.29618962271404,0
-41.14,4.703368,34.09,64.03905058634146,0
26.06,4.693134,34.09,64.03905058634146,0
9.54,4.696972,34.09,64.03905058634146,0
-22.4,4.689296,34.09,64.03905058634146,0
18.8,4.693134,34.09,64.03905058634146,0
22.12,4.686738,34.09,64.03905058634146,0
-13.54,4.689296,34.09,64.03905058634146,0
-32.51,4.684179,34.09,64.03905058634146,0
24.09,4.691855,34.09,64.03905058634146,0
9.76,4.693134,34.09,64.03905058634146,0
-22.2,4.689296,34.09,64.29618962271404,0
-13.89,4.685459,34.07,64.29618962271404,0
16.14,4.680342,34.07,64.29618962271404,0
0.53,4.6829,34.07,64.29618962271404,0
-30.95,4.675225,34.07,64.29618962271404,0
7.34,4.679062,34.09,64.63745044476924,0
12.83,4.680342,34.09,64.29618962271404,0
-11.42,4.680342,34.09,64.29618962271404,0
4.84,4.668828,34.09,64.03905058634146,0
18.13,4.676504,34.09,64.29618962271404,0
-6.01,4.677783,34.09,64.03905058634146,0
-9.87,4.672666,34.09,64.29618962271404,0
15.4,4.670108,34.09,64.29618962271404,0
-14.23,4.657315,34.11,64.03905058634146,0
-8.35,4.672666,34.11,64.03905058634146,0
25.64,4.639406,34.11,64.03905058634146,0
-9.92,4.658594,34.11,64.03905058634146,0
-26.89,4.652198,34.09,64.29618962271404,0
23.77,4.662432,34.09,64.29618962271404,0
5.01,4.656036,34.09,64.29618962271404,0
-40.48,4.656036,34.09,64.29618962271404,0
30.32,4.654757,34.11,64.29618962271404,0
11.41,4.654757,34.11,72.62231062146122,0
-29.26,4.652198,34.11,69.07966415668217,0
31.44,4.581839,34.11,53.55371135598354,0
8.96,4.617658,34.11,58.111960903070546,0
-45.49,4.635568,34.11,68.5638388656878,0
130.27,4.653477,34.11,69.77822009767804,0
27.61,4.653477,34.11,63.35613624582863,0
-8.45,4.66627,34.09,64.70703207534712,0
-1.31,4.672666,34.09,64.70703207534712,0
-13.79,4.679062,34.09,63.94528911499267,0
-29.89,4.679062,34.09,64.70703207534712,0
12.02,4.672666,34.09,64.52906321960671,0
-55.3,4.675225,34.09,64.52906321960671,0
-41.14,4.663712,34.09,64.52906321960671,0
-46.56,4.676504,34.09,64.52906321960671,0
30.22,4.668828,34.11,64.52906321960671,0
5.64,4.680342,34.11,64.52906321960671,0
-42.41,4.66499,34.11,64.52906321960671,0
25.5,4.672666,34.11,64.52906321960671,0
20.58,4.671387,34.09,64.52906321960671,0
-31.83,4.670108,34.09,64.52906321960671,0
7.84,4.667549,34.09,64.52906321960671,0
44.12,4.66627,34.09,64.52906321960671,0
-12.3,4.66499,34.07,64.52906321960671,0
-33.61,4.658594,34.07,64.52906321960671,0
47.93,4.670108,34.07,64.52906321960671,0
21.63,4.659873,34.07,64.52906321960671,0
-53.15,4.662432,34.13,64.52906321960671,0
33.49,4.66627,34.13,64.52906321960671,0
52.59,4.663712,34.13,64.52906321960671,0
1.93,4.659873,34.13,64.52906321960671,0
-69.32,4.661153,34.11,63.72597586541927,0
44.25,4.659873,34.11,64.52906321960671,0
36.96,4.656036,34.11,64.52906321960671,0
-46.74,4.656036,34.11,63.88270501473775,0
29.95,4.64836,34.13,64.52906321960671,0
31.54,4.652198,34.13,64.52906321960671,0
-26.91,4.645802,34.13,63.671029518926424,0
2.37,4.654757,34.13,64.52906321960671,0
25.7,4.644523,34.13,64.47480127925948,0
-30.79,4.652198,34.13,60.207972893961475,0
-11.73,4.634289,34.13,65.28399497579785,0
39.9,4.644523,34.13,64.52906321960671,0
1.68,4.64964,34.13,64.52906321960671,0
14.06,4.644523,34.13,64.52906321960671,0
23.39,4.641964,34.13,64.27285585688566,0
-45.81,4.635568,34.13,64.32728814430156,0
20.08,4.640685,34.11,64.32728814430156,0
32.78,4.639406,34.11,64.93843238021688,0
-44.46,4.640685,34.11,64.32728814430156,0
23.32,4.633009,34.11,64.93843238021688,0
-10.84,4.635568,34.11,64.32728814430156,0
-12.91,4.640685,34.11,64.15605972938177,0
33.84,4.636847,34.11,64.93843238021688,0
-23.35,4.639406,34.11,64.15605972938177,0
27.25,4.635568,34.11,64.93843238021688,0
26.61,4.63173,34.11,64.32728814430156,0
-33.47,4.624054,34.11,63.53739056650029,0
28.74,4.629171,34.11,64.32728814430156,0
23.53,4.621496,34.13,64.93843238021688,0
-30.07,4.625334,34.13,64.32728814430156,0
32.17,4.618937,34.13,64.32728814430156,0
33.01,4.620217,34.13,64.32728814430156,0
-20.51,4.618937,34.09,64.32728814430156,0
-16.3,4.626613,34.09,64.32728814430156,0
15.98,4.626613,34.09,64.32728814430156,0
-11.07,4.621496,34.09,64.32728814430156,0
-20.8,4.618937,34.11,64.32728814430156,0
12.19,4.611262,34.11,64.32728814430156,0
-26.21,4.616379,34.11,64.32728814430156,0
8.83,4.608704,34.11,64.15605972938177,0
22.68,4.613821,34.11,64.93843238021688,0
-38.38,4.606145,34.11,64.93843238021688,0
26.74,4.585677,34.11,64.15605972938177,0
26.35,4.59847,34.11,64.93843238021688,0
-50.42,4.601028,34.13,64.93843238021688,0
33.35,4.608704,34.13,64.15605972938177,0
11.41,4.604866,34.13,63.53739056650029,0
-37.93,4.603587,34.13,64.93843238021688,0
37.12,4.595911,34.13,64.32728814430156,0
10.67,4.599749,34.13,64.15605972938177,0
-43.49,4.586957,34.13,64.32728814430156,0
34.94,4.603587,34.13,64.32728814430156,0
-0.62,4.594632,34.11,64.15605972938177,0
-58.39,4.601028,34.11,64.32728814430156,0
28.1,4.59719,34.11,64.15605972938177,0
6.08,4.594632,34.11,64.15605972938177,0
-47.39,4.59847,34.11,64.93843238021688,0
30.96,4.593352,34.11,64.15605972938177,0
13.31,4.590794,34.11,64.15605972938177,0
-68.38,4.58056,34.11,64.15605972938177,0
26.68,4.588235,34.09,64.15605972938177,0
15.54,4.583118,34.09,64.22616289332565,0
-50.0,4.586957,34.09,64.22616289332565,0
29.4,4.58056,34.09,64.22616289332565,0
12.63,4.583118,34.13,64.22616289332565,0
-38.95,4.585677,34.13,64.15605972938177,0
22.66,4.578001,34.13,64.22616289332565,0
48.22,4.579281,34.13,64.39720490828775,0
2.49,4.578001,34.11,64.22616289332565,0
-47.59,4.576722,34.11,64.15605972938177,0
15.35,4.566488,34.11,64.15605972938177,0
-0.19,4.572885,34.11,64.15605972938177,0
-45.26,4.566488,34.11,64.22616289332565,0
18.4,4.576722,34.11,64.15605972938177,0
-5.82,4.560092,34.11,64.22616289332565,0
-39.82,4.570326,34.11,64.15605972938177,0
21.34,4.567768,34.09,64.93843238021688,0
-14.66,4.569047,34.09,64.15605972938177,0
-14.78,4.565209,34.09,64.15605972938177,0
31.75,4.56393,34.09,64.15605972938177,0
-19.1,4.562651,34.11,64.15605972938177,0
-24.67,4.556254,34.11,64.15605972938177,0
38.86,4.558813,34.11,64.15605972938177,0
6.27,4.552416,34.11,64.15605972938177,0
-59.49,4.557534,34.09,64.93843238021688,0
43.66,4.558813,34.09,64.15605972938177,0
18.99,4.554975,34.09,64.93843238021688,0
-35.2,4.553696,34.09,64.15605972938177,0
22.1,4.552416,34.09,64.15605972938177,0
25.79,4.551137,34.09,64.93843238021688,0
-23.8,4.543462,34.09,64.22616289332565,0
7.65,4.54602,34.09,64.15605972938177,0
26.97,4.535786,34.11,64.15605972938177,0
-22.87,4.548579,34.11,64.15605972938177,0
-13.13,4.535786,34.11,64.15605972938177,0
33.82,4.542182,34.11,64.22616289332565,0
-4.47,4.540903,34.09,64.93843238021688,0
-81.09,4.542182,34.09,64.15605972938177,0
43.13,4.537066,34.09,64.15605972938177,0
27.5,4.533228,34.09,64.93843238021688,0
-28.19,4.535786,34.11,64.15605972938177,0
-8.74,4.534507,34.11,64.93843238021688,0
40.96,4.533228,34.11,64.15605972938177,0
10.87,4.516597,34.11,64.32728814430156,0
-48.14,4.531949,34.11,63.97655820689325,0
24.92,4.528111,34.11,64.15605972938177,0
36.95,4.528111,34.11,64.93843238021688,0
-20.46,4.526832,34.11,64.15605972938177,0
-0.29,4.522994,34.11,64.93843238021688,0
35.63,4.516597,34.11,64.15605972938177,0
-15.99,4.520435,34.11,64.15605972938177,0
-60.41,4.522994,34.11,64.22616289332565,0
32.09,4.51148,34.11,64.15605972938177,0
5.72,4.521715,34.11,64.32728814430156,0
-83.4,4.515318,34.11,64.39720490828775,0
36.99,4.519156,34.11,64.15605972938177,0
40.69,4.519156,34.11,64.93843238021688,0
-20.2,4.515318,34.11,64.39720490828775,0
-18.24,4.516597,34.11,64.93843238021688,0
31.2,4.515318,34.11,64.32728814430156,0
24.93,4.515318,34.11,64.22616289332565,0
-66.67,4.519156,34.11,65.00769185258002,0
26.6,4.489733,34.11,64.39720490828775,0
10.95,4.505084,34.11,64.22616289332565,0
-52.91,4.502526,34.09,65.00769185258002,0
37.07,4.499967,34.09,64.15605972938177,0
14.23,4.501246,34.09,64.39720490828775,0
-61.48,4.502526,34.09,64.22616289332565,0
48.35,4.502526,34.09,64.39720490828775,0
42.29,4.505084,34.09,64.39720490828775,0
-32.37,4.505084,34.09,64.39720490828775,0
4.3,4.505084,34.09,64.39720490828775,0
43.36,4.502526,34.09,64.39720490828775,0
17.42,4.497409,34.09,64.39720490828775,0
-70.21,4.498688,34.09,64.32728814430156,0
38.98,4.49613,34.09,64.39720490828775,0
30.27,4.492292,34.11,63.796551630946325,0
-29.77,4.492292,34.11,64.39720490828775,0
9.63,4.498688,34.11,64.39720490828775,0
36.03,4.498688,34.11,64.39720490828775,0
-26.22,4.497409,34.09,64.39720490828775,0
-8.43,4.497409,34.09,64.39720490828775,0
23.08,4.491013,34.09,64.39720490828775,0
-21.27,4.49485,34.09,64.39720490828775,0
-24.57,4.49613,34.13,64.32728814430156,0
36.15,4.498688,34.13,64.39720490828775,0
-10.07,4.491013,34.13,64.39720490828775,0
-58.25,4.487175,34.13,64.32728814430156,0
43.61,4.492292,34.09,64.32728814430156,0
19.1,4.489733,34.09,64.32728814430156,0
-71.99,4.491013,34.09,64.39720490828775,0
37.77,4.491013,34.09,64.32728814430156,0
51.69,4.488454,34.11,64.32728814430156,0
-21.92,4.484616,34.11,64.39720490828775,0
-42.59,4.487175,34.11,63.72597586541927,0
34.51,4.487175,34.11,64.39720490828775,0
1.2,4.484616,34.09,64.39720490828775,0
-70.56,4.483337,34.09,64.32728814430156,0
26.15,4.474382,34.09,64.39720490828775,0
8.48,4.480778,34.09,64.39720490828775,0
-66.53,4.47822,34.09,64.39720490828775,0
34.7,4.484616,34.09,64.39720490828775,0
16.21,4.475661,34.09,64.39720490828775,0
-66.82,4.484616,34.09,64.39720490828775,0
41.83,4.475661,34.09,64.39720490828775,0
34.59,4.483337,34.09,64.39720490828775,0
-33.6,4.483337,34.09,64.39720490828775,0
-4.49,4.474382,34.09,64.39720490828775,0
48.95,4.476941,34.09,64.39720490828775,0
11.59,4.469265,34.09,64.32728814430156,0
-65.64,4.473103,34.09,65.12296062065974,0
36.94,4.466707,34.09,63.72597586541927,0
34.64,4.476941,34.11,63.72597586541927,0
-30.31,4.466707,34.11,64.32728814430156,0
15.22,4.470544,34.11,64.32728814430156,0
28.2,4.469265,34.11,64.32728814430156,0
-28.34,4.469265,34.07,64.32728814430156,0
-2.37,4.467986,34.07,64.32728814430156,0
39.03,4.466707,34.07,64.39720490828775,0
-4.25,4.464148,34.07,64.39720490828775,0
-83.33,4.46213,34.09,64.32728814430156,0
36.16,4.474923,34.09,64.32728814430156,0
8.19,4.464689,34.09,64.32728814430156,0
-48.23,4.468526,34.09,64.32728814430156,0
36.32,4.458292,34.09,64.52906321960671,0
52.78,4.467247,34.09,63.72597586541927,0
-20.37,4.463409,34.09,64.32728814430156,0
-48.66,4.463409,34.09,64.52906321960671,0
39.05,4.460851,34.09,63.796551630946325,0
6.05,4.455734,34.09,64.39720490828775,0
-70.09,4.457013,34.09,63.72597586541927,0
27.88,4.4455,34.09,64.32728814430156,0
-7.81,4.453176,34.09,64.39720490828775,0
-55.94,4.446779,34.09,64.32728814430156,0
34.92,4.449338,34.09,63.72597586541927,0
-6.46,4.4455,34.09,63.796551630946325,0
-50.03,4.446779,34.09,64.32728814430156,0
36.56,4.444221,34.09,64.32728814430156,0
4.74,4.444221,34.09,64.32728814430156,0
-60.26,4.4455,34.09,64.32728814430156,0
50.05,4.440383,34.09,64.59876159803684,0
19.22,4.442942,34.09,63.72597586541927,0
-73.8,4.405843,34.09,63.72597586541927,0
41.45,4.430149,34.09,63.72597586541927,0
31.29,4.423753,34.07,64.32728814430156,0
-33.07,4.432707,34.07,63.72597586541927,0
27.6,4.42887,34.07,63.72597586541927,0
32.1,4.431428,34.07,63.72597586541927,0
-37.33,4.42887,34.09,63.72597586541927,0
36.1,4.430149,34.09,64.32728814430156,0
32.22,4.42759,34.09,63.72597586541927,0
-37.64,4.42759,34.09,64.39720490828775,0
21.35,4.426311,34.09,64.39720490828775,0
37.39,4.414798,34.09,64.39720490828775,0
-29.39,4.425032,34.09,64.32728814430156,0
-7.45,4.419915,34.09,63.72597586541927,0
56.51,4.423753,34.09,64.32728814430156,0
1.41,4.417356,34.09,64.52906321960671,0
-83.6,4.419915,34.09,64.52906321960671,0
43.38,4.418636,34.09,63.72597586541927,0
33.85,4.418636,34.09,63.796551630946325,0
-26.99,4.418636,34.09,64.32728814430156,0
-0.51,4.417356,34.09,64.32728814430156,0
22.58,4.414798,34.09,63.72597586541927,0
-14.12,4.404564,34.07,64.32728814430156,0
-32.41,4.409681,34.07,64.32728814430156,0
30.62,4.405843,34.07,64.39720490828775,0
-9.33,4.407123,34.07,64.39720490828775,0
-76.28,4.404564,34.09,63.72597586541927,0
35.24,4.407123,34.09,64.32728814430156,0
14.24,4.405843,34.09,63.72597586541927,0
-50.64,4.408401,34.09,63.72597586541927,0
48.36,4.407123,34.07,64.32728814430156,0
33.58,4.405843,34.07,63.72597586541927,0
-25.94,4.404564,34.07,63.72597586541927,0
-10.41,4.391771,34.07,63.72597586541927,0
28.34,4.408401,34.09,64.32728814430156,0
-13.59,4.396888,34.09,64.32728814430156,0
-31.23,4.399447,34.09,63.72597586541927,0
28.88,4.398168,34.09,64.32728814430156,0
-14.5,4.39433,34.13,64.32728814430156,0
-35.84,4.395609,34.13,64.32728814430156,0
37.37,4.39433,34.13,63.72597586541927,0
-4.63,4.395609,34.13,63.72597586541927,0
-75.17,4.390492,34.09,64.52906321960671,0
52.96,4.39433,34.09,63.72597586541927,0
24.68,4.380258,34.09,63.72597586541927,0
-51.41,4.389213,34.09,64.52906321960671,0
31.86,4.381537,34.09,64.52906321960671,0
44.15,4.391771,34.09,64.52906321960671,0
-6.88,4.386654,34.09,63.72597586541927,0
-54.43,4.385375,34.09,64.52906321960671,0
31.86,4.384096,34.09,63.72597586541927,0
5.47,4.382817,34.09,64.32728814430156,0
-74.39,4.382817,34.09,63.72597586541927,0
36.81,4.382817,34.09,63.72597586541927,0
24.12,4.381537,34.09,64.32728814430156,0
-55.31,4.37642,34.09,64.39720490828775,0
36.12,4.380258,34.09,63.796551630946325,0
47.08,4.373862,34.09,63.72597586541927,0
-17.24,4.3777,34.09,64.32728814430156,0
-74.64,4.371304,34.09,64.32728814430156,0
54.5,4.3777,34.09,63.72597586541927,0
23.11,4.37642,34.09,64.52906321960671,0
-55.69,4.370024,34.09,64.52906321960671,0
35.99,4.3777,34.09,63.72597586541927,0
41.97,4.372583,34.09,64.52906321960671,0
-23.83,4.372583,34.09,64.32728814430156,0
-14.05,4.35979,34.07,63.72597586541927,0
36.23,4.367465,34.07,64.52906321960671,0
-22.41,4.363628,34.07,64.15605972938177,0
-32.63,4.366187,34.07,71.56116265125938,0
41.68,4.363628,34.07,50.00999900019995,0
-20.75,4.358511,34.07,71.53320907103218,0
-57.8,4.354673,34.07,62.321745803531535,0
24.36,4.350835,34.07,62.78534860936905,0
66.32,4.354673,34.07,67.86015030929418,0
-12.83,4.354673,34.07,73.78346698278686,0
100.17,4.366187,34.07,64.35837163881635,0
30.18,4.34316,34.07,67.12674578735364,0
-123.57,4.344439,34.09,64.10148204214939,0
13.96,4.336764,34.09,63.31666447310692,0
-20.42,4.317575,34.09,63.31666447310692,0
-0.21,4.339322,34.09,63.20601237224193,0
-31.79,4.34316,34.07,63.20601237224193,0
9.43,4.344439,34.07,64.59876159803684,0
-42.42,4.345718,34.07,64.01562309311689,0
21.41,4.355952,34.07,63.20601237224193,0
6.13,4.352115,34.07,64.01562309311689,0
-56.31,4.355952,34.07,63.20601237224193,0
39.98,4.340601,34.07,63.20601237224193,0
-27.7,4.352115,34.07,63.20601237224193,0
21.05,4.345718,34.07,63.20601237224193,0
64.25,4.354673,34.07,63.20601237224193,0
-33.67,4.349556,34.07,63.20601237224193,0
59.07,4.348277,34.07,63.20601237224193,0
82.07,4.345718,34.07,63.20601237224193,0
12.3,4.350835,34.07,63.20601237224193,0
-101.37,4.350835,34.07,63.20601237224193,0
66.25,4.341881,34.07,63.20601237224193,0
52.1,4.34316,34.07,63.20601237224193,0
-9.35,4.331646,34.07,63.20601237224193,0
-85.44,4.338043,34.07,63.20601237224193,0
36.29,4.32653,34.07,63.20601237224193,0
22.15,4.332926,34.07,63.20601237224193,0
-30.18,4.32653,34.07,63.20601237224193,0
-18.49,4.327809,34.07,63.20601237224193,0
19.94,4.317575,34.07,63.796551630946325,0
-12.82,4.325251,34.05,63.20601237224193,0
-47.52,4.325251,34.05,63.20601237224193,0
13.69,4.323971,34.05,63.20601237224193,0
-1.68,4.320133,34.05,63.20601237224193,0
-54.76,4.313737,34.07,63.20601237224193,0
14.3,4.325251,34.07,63.20601237224193,0
0.14,4.316296,34.07,63.20601237224193,0
-54.58,4.320133,34.07,63.20601237224193,0
25.32,4.315016,34.07,63.20601237224193,0
10.11,4.320133,34.07,63.20601237224193,0
-45.82,4.316296,34.07,63.20601237224193,0
19.71,4.318854,34.07,63.20601237224193,0
23.27,4.320133,34.09,63.20601237224193,0
-21.27,4.311179,34.09,63.20601237224193,0
-14.28,4.309899,34.09,63.13477647065839,0
27.24,4.302224,34.09,63.20601237224193,0
4.6,4.307341,34.09,63.20601237224193,0
-57.08,4.303503,34.09,63.20601237224193,0
30.44,4.307341,34.09,63.20601237224193,0
22.1,4.298386,34.09,63.20601237224193,0
-35.77,4.298386,34.05,63.20601237224193,0
27.4,4.295827,34.05,63.20601237224193,0
32.55,4.295827,34.05,63.20601237224193,0
-27.44,4.295827,34.05,64.01562309311689,0
-0.57,4.29199,34.07,64.01562309311689,0
44.79,4.295827,34.07,63.20601237224193,0
7.95,4.280477,34.07,63.20601237224193,0
-76.6,4.286873,34.07,63.20601237224193,0
48.52,4.279197,34.07,63.20601237224193,0
48.89,4.288152,34.07,63.20601237224193,0
-11.53,4.279197,34.07,64.01562309311689,0
-63.68,4.27536,34.07,63.20601237224193,0
38.07,4.27536,34.05,63.20601237224193,0
26.77,4.27536,34.05,63.20601237224193,0
-38.65,4.27408,34.05,63.20601237224193,0
27.56,4.267684,34.05,63.20601237224193,0
38.53,4.268963,34.09,63.20601237224193,0
-18.88,4.267684,34.09,63.20601237224193,0
-28.07,4.270243,34.09,63.20601237224193,0
36.17,4.265126,34.09,63.20601237224193,0
2.74,4.263846,34.07,63.20601237224193,0
-70.76,4.263846,34.07,63.20601237224193,0
39.06,4.258729,34.07,63.20601237224193,0
45.78,4.261288,34.07,63.20601237224193,0
-20.94,4.254891,34.09,63.20601237224193,0
-80.17,4.263846,34.09,63.20601237224193,0
45.96,4.253613,34.09,63.20601237224193,0
28.31,4.254891,34.09,63.20601237224193,0
-36.69,4.248495,34.07,63.20601237224193,0
11.91,4.251054,34.07,63.20601237224193,0
41.87,4.248495,34.07,63.20601237224193,0
-11.06,4.247216,34.07,63.20601237224193,0
-46.35,4.247216,34.09,63.20601237224193,0
29.45,4.245937,34.09,63.20601237224193,0
-6.43,4.226748,34.09,63.20601237224193,0
-76.26,4.234424,34.09,63.20601237224193,0
44.27,4.235703,34.09,63.20601237224193,0
13.41,4.225469,34.09,63.20601237224193,0
-75.81,4.235703,34.09,63.20601237224193,0
48.77,4.226748,34.09,63.20601237224193,0
50.38,4.233144,34.07,63.13477647065839,0
-23.04,4.230586,34.07,63.20601237224193,0
-32.88,4.22419,34.07,63.20601237224193,0
47.42,4.226748,34.07,64.01562309311689,0
2.38,4.22291,34.07,63.20601237224193,0
-76.95,4.230586,34.07,63.20601237224193,0
39.7,4.216514,34.07,63.20601237224193,0
22.05,4.228027,34.07,63.20601237224193,0
-58.82,4.225469,34.07,64.01562309311689,0
41.86,4.225469,34.07,63.20601237224193,0
28.22,4.216514,34.07,63.20601237224193,0
-59.14,4.220352,34.07,63.20601237224193,0
46.84,4.217793,34.07,64.01562309311689,0
26.16,4.211397,34.07,63.20601237224193,0
-35.63,4.213955,34.07,64.01562309311689,0
-24.46,4.210118,34.07,63.13477647065839,0
55.94,4.212676,34.09,68.93475175845634,0
12.62,4.210118,34.09,64.57553716385176,0
-47.12,4.213955,34.09,67.94850991743675,0
27.0,4.180695,34.09,64.00781202322104,0
45.64,4.132083,34.09,62.94441992742486,0
55.0,4.119291,34.09,79.13279977354523,0
-11.13,4.133363,34.09,64.85368146836385,0
-66.15,4.141038,34.09,65.36818798161687,0
-48.82,4.132083,34.05,65.36818798161687,0
-4.38,4.13848,34.05,64.96922348312314,0
-11.0,4.132083,34.05,64.52906321960671,0
-15.87,4.132083,34.05,64.47480127925948,0
-20.41,4.128246,34.09,64.52906321960671,0
27.17,4.128246,34.09,64.47480127925948,0
35.84,4.125687,34.09,64.02343321003646,0
-14.05,4.119291,34.09,64.47480127925948,0
24.54,4.115453,34.09,64.47480127925948,0
44.9,4.116733,34.09,64.52906321960671,0
-36.62,4.115453,34.09,64.47480127925948,0
43.83,4.10394,34.09,64.47480127925948,0
26.07,4.111615,34.09,64.47480127925948,0
-67.69,4.110336,34.09,64.47480127925948,0
45.94,4.107778,34.09,65.37583651472461,0
18.27,4.105219,34.09,64.47480127925948,0
-82.56,4.100102,34.09,64.47480127925948,0
54.66,4.105219,34.09,64.95382975621992,0
38.45,4.097544,34.09,65.37583651472461,0
-40.68,4.094985,34.09,64.47480127925948,0
-28.92,4.096264,34.07,65.37583651472461,0
56.28,4.093706,34.07,64.47480127925948,0
12.43,4.092427,34.07,65.37583651472461,0
-58.84,4.092427,34.07,64.47480127925948,0
31.65,4.092427,34.09,64.47480127925948,0
35.98,4.091147,34.09,64.04685784642366,0
-31.62,4.08731,34.09,64.47480127925948,0
-5.55,4.088589,34.09,64.47480127925948,0
27.88,4.084751,34.09,64.47480127925948,0
-15.13,4.083472,34.09,65.37583651472461,0
-68.03,4.073238,34.09,64.47480127925948,0
35.63,4.077075,34.09,64.47480127925948,0
18.87,4.073238,34.07,64.95382975621992,0
-47.13,4.074517,34.07,64.95382975621992,0
-8.78,4.068121,34.07,64.47480127925948,0
48.64,4.0694,34.07,64.47480127925948,0
14.94,4.057887,34.09,65.37583651472461,0
-52.0,4.071959,34.09,64.47480127925948,0
6.59,4.071959,34.09,64.95382975621992,0
46.66,4.068121,34.09,64.47480127925948,0
-6.94,4.066842,34.09,64.47480127925948,0
-72.17,4.060445,34.09,64.95382975621992,0
39.06,4.064283,34.09,64.95382975621992,0
13.12,4.057887,34.09,65.4217089351845,0
-72.17,4.061725,34.09,64.00781202322104,0
32.92,4.063004,34.09,64.00781202322104,0
10.84,4.065562,34.09,65.4217089351845,0
-75.17,4.064283,34.09,64.00781202322104,0
60.58,4.060445,34.09,64.89221833163049,0
-0.91,4.059166,34.09,64.89221833163049,0
-75.98,4.032302,34.09,65.39877674696982,0
45.79,4.047653,34.09,64.89221833163049,0
12.15,4.039978,34.11,64.91532946846992,0
-83.87,4.05277,34.11,64.89221833163049,0
55.5,4.041256,34.11,64.91532946846992,0
18.47,4.051491,34.11,64.50581369148055,0
-82.91,4.048932,34.09,64.50581369148055,0
43.65,4.048932,34.09,64.50581369148055,0
21.74,4.047653,34.09,64.50581369148055,0
-69.7,4.043815,34.09,64.50581369148055,0
45.47,4.043815,34.07,64.50581369148055,0
-0.91,4.038698,34.07,65.4217089351845,0
-84.36,4.041256,34.07,64.50581369148055,0
49.53,4.036139,34.07,64.50581369148055,0
14.05,4.041256,34.09,65.03076195155643,0
-70.32,4.037419,34.09,65.03076195155643,0
58.29,4.036139,34.09,65.03076195155643,0
41.73,4.036139,34.09,64.10928169929842,0
-37.93,4.031023,34.07,64.10928169929842,0
10.57,4.037419,34.07,64.10928169929842,0
27.96,4.029743,34.07,64.10928169929842,0
-22.7,4.032302,34.07,64.50581369148055,0
3.95,4.022068,34.09,64.50581369148055,0
21.79,4.029743,34.09,64.10928169929842,0
-19.82,4.022068,34.09,65.92419889539804,0
3.51,4.028464,34.09,64.08587988004847,0
21.99,4.023347,34.11,64.48255578061404,0
-26.75,4.019509,34.11,64.48255578061404,0
-36.64,4.019509,34.11,64.48255578061404,0
28.89,4.015672,34.11,64.48255578061404,0
-2.61,4.020789,34.07,64.48255578061404,0
-64.17,4.013113,34.07,64.48255578061404,0
21.69,4.015672,34.07,64.48255578061404,0
4.09,4.013113,34.07,64.08587988004847,0
-58.17,4.007996,34.09,65.00769185258002,0
18.99,4.004158,34.09,65.00769185258002,0
1.46,4.009275,34.09,65.00769185258002,0
-57.45,4.007996,34.09,74.1215218408257,0
15.59,4.009275,34.09,53.39475629684998,0
-0.41,4.036139,34.09,68.7749954561976,0
-58.1,4.079634,34.09,63.48228099241551,0
74.53,4.088589,34.09,65.68865959965997,0
77.02,4.073238,34.09,66.12866246946176,0
98.66,4.092427,34.09,64.85368146836385,0
-61.67,4.089868,34.09,62.24949798994366,0
-42.44,4.08603,34.09,66.76825593049439,0
-21.64,4.08603,34.09,66.25707509390978,0
-72.59,4.082192,34.09,56.789083458002736,0
-64.71,4.048932,34.09,71.17583859709698,0
112.01,3.990087,34.09,69.8426803609369,0
10.45,3.938916,34.11,63.66317616958802,0
-79.83,3.935169,34.11,66.67083320313314,0
-118.25,3.919818,34.11,60.74537019394976,0
40.76,3.910863,34.11,71.64495795239188,0
28.69,3.965871,34.09,62.161081071680215,0
-0.31,3.968429,34.09,67.80855403265875,0
-64.0,3.959475,34.09,67.3721010508059,0
43.86,3.972267,34.09,73.54590403278758,0
96.65,4.065652,34.11,65.94694837519019,0
85.99,4.088679,34.11,65.07687761409578,0
-54.46,4.088679,34.11,65.39877674696982,0
12.79,4.093796,34.11,63.608175575157006,0
190.34,4.088679,34.07,63.26926584053272,0
40.86,4.079724,34.07,63.60031446463138,0
-80.69,4.081004,34.07,66.01514977639603,0
-62.36,4.079724,34.07,64.59876159803684,0
-64.38,4.077166,34.11,65.0,0
57.86,4.066932,34.11,64.69930447848725,0
34.5,4.066932,34.11,64.33506042586733,0
-38.5,4.065652,34.11,65.22269543648132,0
25.23,4.065652,34.09,64.33506042586733,0
-5.64,4.063094,34.09,64.69930447848725,0
-29.04,4.063094,34.09,64.69930447848725,0
5.35,4.060535,34.09,64.69930447848725,0
-25.24,4.060535,34.07,64.69930447848725,0
29.67,4.063094,34.07,64.69930447848725,0
12.07,4.059256,34.07,64.69930447848725,0
-52.49,4.061815,34.07,64.20280367709809,0
29.36,4.05286,34.09,65.0,0
15.19,4.05286,34.09,63.8200595424354,0
-51.4,4.03495,34.09,64.33506042586733,0
27.15,4.043905,34.09,64.63745044476924,0
19.84,4.043905,34.11,65.0,0
-28.34,4.043905,34.11,64.69930447848725,0
16.31,4.042626,34.11,65.87867636800242,0
25.31,4.038788,34.11,64.63745044476924,0
-23.07,4.047743,34.09,64.69930447848725,0
17.67,4.041347,34.09,64.63745044476924,0
37.08,4.040068,34.09,64.69930447848725,0
-3.74,4.03623,34.09,64.33506042586733,0
4.15,4.029833,34.09,64.69930447848725,0
3.74,4.033671,34.09,64.33506042586733,0
-51.85,4.032392,34.09,64.69930447848725,0
18.38,4.032392,34.09,65.0,0
47.27,4.027275,34.09,63.45076831686122,0
-12.63,4.032392,34.09,63.75735251718032,0
26.09,4.024716,34.09,63.45076831686122,0
43.01,4.027275,34.09,64.33506042586733,0
-13.88,4.031113,34.09,64.69930447848725,0
-1.22,4.022158,34.09,64.63745044476924,0
31.59,4.022158,34.09,64.63745044476924,0
-12.91,4.015762,34.09,64.63745044476924,0
10.88,4.022158,34.09,64.63745044476924,0
21.6,4.014482,34.09,64.33506042586733,0
-30.46,4.01832,34.09,64.63745044476924,0
31.48,4.015762,34.09,65.0,0
33.12,4.01832,34.09,64.63745044476924,0
-39.35,4.017041,34.09,65.0,0
35.09,4.015762,34.09,64.63745044476924,0
42.8,4.013203,34.09,64.63745044476924,0
-9.93,4.009366,34.07,64.33506042586733,0
-8.62,4.010644,34.07,64.63745044476924,0
11.49,4.000411,34.07,65.87867636800242,0
-3.89,4.009366,34.07,64.1248781675256,0
-55.75,4.00169,34.07,64.50581369148055,0
28.14,4.010644,34.07,65.0,0
29.82,4.009366,34.07,64.07807737440318,0
-22.42,4.009366,34.07,65.31462317123173,0
18.1,4.006807,34.11,65.31462317123173,0
19.84,4.00169,34.11,64.95382975621992,0
-7.14,4.004249,34.11,64.4437739428721,0
-0.28,4.000411,34.11,64.63745044476924,0
0.74,4.002969,34.11,56.22277118748239,0
3.9,4.014482,34.11,46.22769732530488,0
-39.12,4.020879,34.11,69.1158447825099,0
37.19,4.017041,34.11,62.313722405261586,0
56.54,4.006807,34.11,65.32227797620043,0
-55.96,4.004249,34.11,65.79513659838392,0
-50.29,4.004249,34.11,65.40642170307133,0
-57.05,4.004249,34.11,65.40642170307133,0
-85.29,4.002969,34.09,64.52131430775415,0
37.07,4.013203,34.09,64.79197481170026,0
21.03,4.005527,34.09,65.18435395092905,0
-51.28,4.008086,34.09,64.31174076325411,0
41.32,4.000411,34.09,65.18435395092905,0
38.19,4.006807,34.09,64.79197481170026,0
-24.67,4.005527,34.09,64.31174076325411,0
41.09,4.000411,34.09,65.18435395092905,0
43.52,4.00169,34.11,65.18435395092905,0
-10.14,3.997852,34.11,65.18435395092905,0
18.61,3.997852,34.11,64.59876159803684,0
30.64,3.994015,34.11,64.59876159803684,0
-14.42,3.997852,34.13,64.72248450113763,0
25.69,3.999131,34.13,65.00769185258002,0
33.35,3.996573,34.13,64.31174076325411,0
-16.98,3.988897,34.13,65.00769185258002,0
13.43,3.994015,34.09,65.00769185258002,0
30.67,3.994015,34.09,65.00769185258002,0
-10.76,3.987618,34.09,65.00769185258002,0
-9.38,3.994015,34.09,65.00769185258002,0
14.49,3.987618,34.13,65.00769185258002,0
-6.27,3.994015,34.13,65.00769185258002,0
-42.26,3.981222,34.13,65.00769185258002,0
15.37,3.990177,34.13,65.00769185258002,0
0.42,3.988897,34.11,65.00769185258002,0
-35.71,3.988897,34.11,65.00769185258002,0
14.37,3.982501,34.11,65.00769185258002,0
-2.08,3.982501,34.11,65.00769185258002,0
-39.34,3.982501,34.11,65.00769185258002,0
23.17,3.978663,34.11,65.00769185258002,0
-4.14,3.960754,34.11,65.00769185258002,0
-46.94,3.973546,34.11,65.00769185258002,0
22.42,3.976105,34.09,65.00769185258002,0
16.19,3.979943,34.09,65.00769185258002,0
-29.0,3.978663,34.09,65.00769185258002,0
14.48,3.977384,34.09,65.00769185258002,0
20.18,3.976105,34.07,64.59876159803684,0
-12.84,3.970988,34.07,65.00769185258002,0
-2.82,3.974826,34.07,65.00769185258002,0
18.03,3.978663,34.07,64.59876159803684,0
-14.76,3.972267,34.07,65.00769185258002,0
9.48,3.979943,34.07,65.00769185258002,0
25.11,3.974826,34.07,65.00769185258002,0
-19.82,3.974826,34.07,65.00769185258002,0
-5.91,3.973546,34.11,65.00769185258002,0
30.09,3.974826,34.11,65.00769185258002,0
-10.66,3.972267,34.11,65.00769185258002,0
-29.0,3.96715,34.11,65.00769185258002,0
25.81,3.964592,34.11,65.00769185258002,0
-4.01,3.964592,34.11,65.00769185258002,0
-41.86,3.965871,34.11,65.00769185258002,0
25.53,3.965871,34.11,65.00769185258002,0
1.12,3.96715,34.07,65.00769185258002,0
-35.04,3.970988,34.07,65.00769185258002,0
20.88,3.965871,34.07,65.00769185258002,0
-3.66,3.96715,34.07,65.00769185258002,0
-45.84,3.96715,34.07,65.00769185258002,0
30.15,3.96715,34.07,65.00769185258002,0
2.7,3.960754,34.07,65.00769185258002,0
-57.31,3.956916,34.07,65.00769185258002,0
35.96,3.962033,34.09,65.00769185258002,0
17.21,3.962033,34.09,65.00769185258002,0
-29.19,3.962033,34.09,65.00769185258002,0
16.73,3.960754,34.09,65.00769185258002,0
28.07,3.960754,34.09,65.00769185258002,0
-14.8,3.956916,34.09,64.72248450113763,0
-26.72,3.956916,34.09,65.00769185258002,0
26.06,3.958195,34.09,65.00769185258002,0
-1.74,3.958195,34.11,65.00769185258002,0
-55.93,3.955637,34.11,65.00769185258002,0
28.85,3.947961,34.11,65.42935121182236,0
13.16,3.954358,34.11,64.1482657598785,0
-30.4,3.953078,34.11,65.42935121182236,0
15.19,3.953078,34.11,65.14598989960932,0
26.19,3.95052,34.11,74.49161026585477,0
-9.35,3.953078,34.11,61.587336360651285,0
-59.36,3.95052,34.11,55.95533933415113,0
24.0,3.894233,34.11,56.79788728465171,0
21.12,3.914701,34.11,72.2564875980005,0
-53.37,3.949241,34.11,66.27216610312357,0
103.08,3.954358,34.11,63.92182725798755,0
21.06,3.93389,34.11,65.54387843269576,0
86.8,3.942844,34.11,63.96092557178953,0
-48.23,3.944124,34.11,60.81940479813988,0
-125.95,3.958195,34.11,65.58200972827838,0
-119.43,3.962033,34.11,63.8200595424354,0
63.35,3.963312,34.11,65.37583651472461,0
143.15,3.956916,34.11,66.71581521648372,0
38.0,3.924935,34.11,65.0384501660364,0
-95.3,3.876323,34.11,63.84355879804947,0
-103.37,3.86481,34.11,65.19202405202648,0
-118.63,3.862252,34.11,65.76473218982953,0
-50.48,3.849459,34.11,65.76473218982953,0
-10.53,3.858414,34.11,64.85368146836385,0
-73.05,3.849459,34.11,64.85368146836385,0
94.04,3.850738,34.11,64.45928947793328,0
43.04,3.8469,34.11,64.70703207534712,0
28.81,3.84818,34.11,65.49045732013177,0
74.1,3.843063,34.11,65.49045732013177,0
6.36,3.837946,34.11,64.45928947793328,0
15.56,3.840504,34.11,65.49045732013177,0
59.18,3.835387,34.11,65.49045732013177,0
-14.0,3.835387,34.11,64.27285585688566,0
37.38,3.83027,34.11,66.04543890383347,0
41.79,3.875044,34.11,67.19374970932937,0
-31.78,3.840504,34.11,64.74565622495459,0
25.81,3.828991,34.11,64.07807737440318,0
26.96,3.818757,34.11,63.45076831686122,0
17.98,3.811081,34.11,64.45153217728807,0
11.83,3.839225,34.11,65.46754921333164,0
-7.81,3.840504,34.11,64.53681120105021,0
-37.8,3.849459,34.11,65.46754921333164,0
-4.63,3.84818,34.09,65.56675987114203,0
38.88,3.84818,34.09,65.46754921333164,0
-1.57,3.841784,34.09,64.89992295835181,0
-64.34,3.843063,34.09,65.82552696332935,0
-8.81,3.841784,34.11,64.89992295835181,0
-8.44,3.836667,34.11,65.0,0
-19.41,3.839225,34.11,65.92419889539804,0
13.68,3.837946,34.11,65.0,0
-15.13,3.836667,34.09,65.0,0
-33.11,3.840504,34.09,65.11528238439882,0
12.45,3.836667,34.09,65.0,0
7.87,3.839225,34.09,65.0,0
-38.54,3.835387,34.11,65.0,0
22.83,3.835387,34.11,65.92419889539804,0
2.82,3.836667,34.11,65.0,0
-45.32,3.834108,34.11,65.0,0
24.62,3.834108,34.11,65.0,0
4.6,3.831549,34.11,65.11528238439882,0
-35.48,3.83027,34.11,65.0,0
16.33,3.825153,34.11,65.11528238439882,0
-4.66,3.828991,34.11,65.0,0
-15.42,3.826432,34.11,65.37583651472461,0
28.72,3.823874,34.11,65.0,0
-10.68,3.822595,34.11,65.37583651472461,0
-23.74,3.816198,34.11,65.0,0
32.85,3.821316,34.11,65.0,0
-1.41,3.81364,34.11,65.0,0
-38.16,3.818757,34.11,65.0,0
29.82,3.812361,34.11,65.0,0
2.07,3.818757,34.11,65.37583651472461,0
-39.79,3.814919,34.11,65.37583651472461,0
25.05,3.814919,34.11,65.0,0
-3.22,3.812361,34.13,65.0,0
-29.0,3.807244,34.13,65.37583651472461,0
25.79,3.808523,34.13,65.11528238439882,0
-6.82,3.79701,34.13,65.0,0
-47.76,3.803406,34.11,65.0,0
24.74,3.803406,34.11,65.0,0
8.16,3.799568,34.11,65.92419889539804,0
-41.64,3.799568,34.11,65.11528238439882,0
16.25,3.800848,34.11,65.0,0
12.26,3.799568,34.11,65.92419889539804,0
-23.02,3.798289,34.11,65.0,0
13.68,3.800848,34.11,65.0,0
7.53,3.79573,34.11,65.0,0
-16.91,3.802127,34.11,65.0,0
8.88,3.791893,34.11,65.0,0
16.16,3.79701,34.11,65.0,0
-32.88,3.794451,34.13,65.0,0
19.08,3.789334,34.13,65.0,0
18.68,3.789334,34.13,65.0,0
-26.71,3.786776,34.13,65.0,0
18.62,3.788055,34.11,65.0,0
28.33,3.786776,34.11,65.0,0
-16.12,3.784217,34.11,65.11528238439882,0
8.72,3.782938,34.11,65.11528238439882,0
32.79,3.784217,34.13,65.11528238439882,0
-4.17,3.777821,34.13,65.0,0
-26.84,3.78038,34.13,67.55738301621814,0
20.2,3.738164,34.13,61.75759062657804,0
-13.96,3.72793,34.11,65.03076195155643,0
-34.29,3.72793,34.11,66.88049042882386,0
69.1,3.729209,34.11,65.68104749469211,0
-16.19,3.731768,34.11,63.52164985262898,0
-44.19,3.730489,34.11,64.7533782902483,0
63.76,3.725372,34.11,64.32728814430156,0
16.41,3.72793,34.11,65.24568951279464,0
-70.19,3.724092,34.11,64.85368146836385,0
8.84,3.720255,34.13,65.24568951279464,0
-5.9,3.718975,34.13,65.24568951279464,0
-56.06,3.717696,34.13,64.32728814430156,0
27.02,3.724092,34.13,65.24568951279464,0
10.45,3.722813,34.11,65.62011886609167,0
-41.55,3.721534,34.11,65.62011886609167,0
32.03,3.716417,34.11,65.76473218982953,0
7.84,3.718975,34.11,65.24568951279464,0
-49.93,3.717696,34.13,64.47480127925948,0
29.59,3.721534,34.13,65.39113089708727,0
9.99,3.690832,34.13,65.39113089708727,0
-51.73,3.707462,34.13,65.39113089708727,0
33.93,3.712579,34.11,66.75327707311455,0
16.41,3.742002,34.11,67.2532527094415,0
-33.79,3.756074,34.11,65.81793068761733,0
18.52,3.750957,34.11,64.18722614352485,0
25.85,3.76247,34.11,60.67124524847005,0
-6.25,3.76247,34.11,61.554853586049575,0
28.71,3.708741,34.11,72.91776189653656,0
56.32,3.678039,34.11,58.9406481131655,0
-67.32,3.565465,34.13,65.37583651472461,0
32.01,3.74584,34.13,51.03920062069938,0
-86.42,3.665247,34.13,60.54750201288241,0
-30.97,3.489989,34.13,62.39390995922599,0
66.86,3.347992,34.13,64.10148204214939,0
110.96,3.300513,34.13,63.8200595424354,0
-23.66,3.287721,34.13,65.28399497579785,0
-270.7,3.285162,34.13,63.671029518926424,0
44.28,3.30691,34.13,64.6297145282261,0
32.62,3.326098,34.13,64.68384651518491,0
30.74,3.335053,34.13,64.91532946846992,0
1.36,3.332494,34.13,64.91532946846992,0
-0.83,3.337612,34.15,63.96092557178953,0
15.34,3.332494,34.15,63.671029518926424,0
18.64,3.341449,34.15,63.96092557178953,0
-14.25,3.329936,34.15,64.6297145282261,0
21.11,3.333774,34.13,63.96092557178953,0
10.76,3.329936,34.13,63.96092557178953,0
-37.69,3.322261,34.13,63.96092557178953,0
15.4,3.318423,34.13,63.96092557178953,0
17.57,3.317144,34.15,64.68384651518491,0
-33.46,3.313306,34.15,64.01562309311689,0
33.6,3.303072,34.15,64.91532946846992,0
4.68,3.30563,34.15,64.01562309311689,0
-64.24,3.292838,34.15,64.91532946846992,0
27.25,3.297955,34.15,64.96922348312314,0
1.81,3.292838,34.15,64.68384651518491,0
-47.92,3.292838,34.15,63.72597586541927,0
30.42,3.290279,34.13,64.6297145282261,0
3.73,3.285162,34.13,64.6297145282261,0
-48.1,3.285162,34.13,64.6297145282261,0
31.36,3.280045,34.13,63.671029518926424,0
10.83,3.280045,34.13,64.91532946846992,0
-56.85,3.276207,34.13,64.6297145282261,0
11.53,3.269811,34.13,64.01562309311689,0
-1.92,3.264694,34.13,64.01562309311689,0
-43.95,3.265974,34.11,64.96922348312314,0
21.72,3.269811,34.11,64.01562309311689,0
-10.22,3.267253,34.11,64.96922348312314,0
-40.01,3.27237,34.11,64.01562309311689,0
29.05,3.262136,34.11,64.01562309311689,0
0.05,3.268532,34.11,64.01562309311689,0
-67.86,3.264694,34.11,63.72597586541927,0
49.11,3.263415,34.11,64.68384651518491,0
26.41,3.259577,34.13,64.68384651518491,0
-38.27,3.25446,34.13,64.68384651518491,0
37.96,3.249343,34.13,64.01562309311689,0
26.25,3.250623,34.13,64.68384651518491,0
-31.6,3.246785,34.13,64.01562309311689,0
17.43,3.246785,34.13,64.01562309311689,0
26.99,3.244226,34.13,64.01562309311689,0
-32.69,3.241668,34.13,64.08587988004847,0
-11.91,3.235271,34.15,65.0384501660364,0
36.45,3.241668,34.15,64.08587988004847,0
-6.59,3.23783,34.15,64.08587988004847,0
-67.18,3.235271,34.15,64.01562309311689,0
49.0,3.230155,34.13,64.96922348312314,0
27.78,3.223758,34.13,64.01562309311689,0
-29.11,3.225038,34.13,64.68384651518491,0
-15.41,3.216083,34.13,64.68384651518491,0
44.33,3.218641,34.13,64.68384651518491,0
5.72,3.209687,34.13,64.68384651518491,0
-47.47,3.212245,34.13,64.68384651518491,0
32.25,3.209687,34.13,63.72597586541927,0
22.95,3.20457,34.11,63.72597586541927,0
-25.9,3.212245,34.11,64.68384651518491,0
9.02,3.205849,34.11,63.72597586541927,0
19.82,3.20457,34.11,64.08587988004847,0
-27.24,3.194335,34.13,64.01562309311689,0
19.04,3.20329,34.13,64.08587988004847,0
25.75,3.176426,34.13,64.96922348312314,0
-37.41,3.187939,34.13,65.0384501660364,0
22.2,3.187939,34.13,64.08587988004847,0
33.95,3.187939,34.13,64.08587988004847,0
-29.53,3.18666,34.13,64.08587988004847,0
13.7,3.184101,34.13,64.08587988004847,0
44.12,3.189219,34.11,64.08587988004847,0
-9.95,3.182822,34.11,64.08587988004847,0
-66.03,3.180264,34.11,64.7533782902483,0
51.26,3.172588,34.11,63.796551630946325,0
27.52,3.175147,34.11,64.08587988004847,0
-33.37,3.175147,34.11,64.08587988004847,0
13.15,3.167471,34.11,64.08587988004847,0
37.34,3.17003,34.11,64.08587988004847,0
-12.25,3.164913,34.13,64.7533782902483,0
-58.01,3.163633,34.13,65.0384501660364,0
22.84,3.159796,34.13,64.08587988004847,0
-2.44,3.158516,34.13,64.08587988004847,0
-60.04,3.154679,34.13,64.08587988004847,0
33.53,3.15212,34.13,64.17164482853778,0
16.52,3.148282,34.13,64.08587988004847,0
-31.91,3.147003,34.13,64.08587988004847,0
13.88,3.148282,34.11,64.08587988004847,0
35.59,3.141886,34.11,64.08587988004847,0
-7.75,3.144445,34.11,64.08587988004847,0
-55.95,3.140607,34.11,65.0384501660364,0
27.59,3.138048,34.11,63.796551630946325,0
16.04,3.138048,34.11,64.08587988004847,0
-37.76,3.134211,34.11,63.796551630946325,0
25.81,3.13549,34.11,64.08587988004847,0
24.3,3.126535,34.13,63.796551630946325,0
-23.88,3.125256,34.13,64.08587988004847,0
5.61,3.126535,34.13,64.08587988004847,0
23.01,3.120139,34.13,64.08587988004847,0
-30.71,3.120139,34.13,64.08587988004847,0
10.4,3.113743,34.13,64.08587988004847,0
27.06,3.113743,34.13,64.08587988004847,0
-25.54,3.102229,34.13,64.08587988004847,0
18.97,3.111184,34.11,64.08587988004847,0
44.71,3.111184,34.11,64.08587988004847,0
-13.0,3.108626,34.11,64.08587988004847,0
-27.25,3.107346,34.11,64.7533782902483,0
42.94,3.095833,34.13,63.796551630946325,0
6.33,3.103509,34.13,64.08587988004847,0
-60.86,3.095833,34.13,63.796551630946325,0
43.0,3.094554,34.13,64.08587988004847,0
31.45,3.090716,34.11,63.796551630946325,0
-26.85,3.088158,34.11,64.08587988004847,0
0.43,3.086878,34.11,64.08587988004847,0
26.99,3.081761,34.11,64.08587988004847,0
-17.2,3.08432,34.11,64.08587988004847,0
-38.46,3.077924,34.11,64.08587988004847,0
26.49,3.077924,34.11,64.08587988004847,0
-3.78,3.070248,34.11,64.08587988004847,0
-75.66,3.074086,34.11,65.0384501660364,0
38.29,3.072807,34.11,64.08587988004847,0
23.78,3.06641,34.11,64.08587988004847,0
-42.13,3.06641,34.11,64.08587988004847,0
33.01,3.061293,34.15,64.08587988004847,0
44.04,3.063852,34.15,64.08587988004847,0
-6.01,3.057456,34.15,64.08587988004847,0
-73.84,3.054897,34.15,65.0384501660364,0
39.92,3.052339,34.13,63.796551630946325,0
18.33,3.04978,34.13,64.08587988004847,0
-38.32,3.045942,34.13,64.08587988004847,0
33.06,3.043384,34.13,63.796551630946325,0
19.7,3.042104,34.13,64.08587988004847,0
-46.59,3.042104,34.13,64.08587988004847,0
32.59,3.040825,34.13,64.08587988004847,0
15.17,3.040825,34.13,64.08587988004847,0
-49.11,3.039546,34.13,64.08587988004847,0
38.34,3.038267,34.13,64.08587988004847,0
33.76,3.03315,34.13,64.08587988004847,0
-29.42,3.03315,34.13,64.08587988004847,0
23.72,3.030591,34.11,65.0384501660364,0
40.72,3.030591,34.11,63.796551630946325,0
-20.99,3.028033,34.11,64.7533782902483,0
-64.95,3.028033,34.11,63.796551630946325,0
50.27,3.024195,34.13,64.7533782902483,0
17.15,3.022916,34.13,63.796551630946325,0
-52.45,3.003727,34.13,63.796551630946325,0
33.64,3.008844,34.13,64.08587988004847,0
24.91,3.011403,34.11,64.08587988004847,0
-39.81,3.002448,34.11,64.08587988004847,0
32.01,3.010123,34.11,64.08587988004847,0
29.39,3.010123,34.11,64.08587988004847,0
-36.4,3.006285,34.13,64.08587988004847,0
2.07,3.012682,34.13,63.796551630946325,0
42.79,3.003727,34.13,63.796551630946325,0
-8.96,3.006285,34.13,63.796551630946325,0
-67.33,3.003727,34.13,63.796551630946325,0
58.77,3.003727,34.13,63.796551630946325,0
16.36,2.999889,34.13,63.796551630946325,0
-56.46,2.99861,34.13,63.796551630946325,0
35.54,2.996052,34.11,63.796551630946325,0
30.22,2.992214,34.11,63.796551630946325,0
-29.48,2.994772,34.11,63.796551630946325,0
36.87,2.989655,34.11,64.08587988004847,0
11.34,2.992214,34.15,64.08587988004847,0
-59.9,2.992214,34.15,64.08587988004847,0
47.36,2.989655,34.15,64.17164482853778,0
17.02,2.990934,34.15,64.17164482853778,0
-68.81,2.987097,34.13,64.08587988004847,0
51.5,2.993493,34.13,63.796551630946325,0
33.18,2.987097,34.13,64.7533782902483,0
-42.78,2.984538,34.13,64.7533782902483,0
46.21,2.98198,34.11,64.7533782902483,0
39.83,2.976863,34.11,63.796551630946325,0
-34.01,2.973025,34.11,63.796551630946325,0
8.43,2.974304,34.11,63.796551630946325,0
26.14,2.966629,34.13,64.7533782902483,0
-29.54,2.991308,34.13,63.796551630946325,0
7.13,2.98875,34.13,65.0384501660364,0
26.19,2.986191,34.13,63.796551630946325,0
-35.2,2.982353,34.11,63.796551630946325,0
21.27,2.983632,34.11,63.796551630946325,0
27.89,2.983632,34.11,64.08587988004847,0
-27.9,2.982353,34.11,64.08587988004847,0
22.95,2.981074,34.11,64.7533782902483,0
34.22,2.979795,34.11,64.7533782902483,0
-24.04,2.978515,34.11,63.796551630946325,0
-11.46,2.974678,34.11,64.7533782902483,0
36.39,2.974678,34.09,63.796551630946325,0
-3.12,2.972119,34.09,64.7533782902483,0
-60.08,2.975957,34.09,64.7533782902483,0
23.45,2.967002,34.09,63.796551630946325,0
0.98,2.965723,34.13,63.796551630946325,0
-58.52,2.969561,34.13,63.796551630946325,0
28.24,2.964444,34.13,64.7533782902483,0
-12.42,2.963164,34.13,63.88270501473775,0
-49.05,2.95421,34.09,64.17164482853778,0
26.32,2.965723,34.09,64.08587988004847,0
-6.28,2.956768,34.09,64.08587988004847,0
-70.68,2.960606,34.09,64.08587988004847,0
43.92,2.958047,34.13,64.08587988004847,0
16.83,2.959327,34.13,63.796551630946325,0
-57.75,2.956768,34.13,64.7533782902483,0
51.96,2.951651,34.13,64.7533782902483,0
44.15,2.95293,34.15,64.7533782902483,0
-26.25,2.949093,34.15,64.08587988004847,0
-22.11,2.949093,34.15,63.796551630946325,0
30.38,2.942696,34.15,64.7533782902483,0
-9.67,2.945255,34.11,63.796551630946325,0
-61.93,2.941417,34.11,63.796551630946325,0
28.46,2.940138,34.11,65.0384501660364,0
-6.61,2.938859,34.11,64.08587988004847,0
-62.29,2.935021,34.13,64.08587988004847,0
34.61,2.938859,34.13,64.08587988004847,0
0.78,2.9363,34.13,64.17164482853778,0
-78.43,2.935021,34.13,64.08587988004847,0
44.7,2.9363,34.11,64.08587988004847,0
16.73,2.935021,34.11,64.08587988004847,0
-63.92,2.929904,34.11,63.796551630946325,0
51.73,2.931183,34.11,63.796551630946325,0
25.38,2.929904,34.11,64.7533782902483,0
-34.23,2.927345,34.11,63.796551630946325,0
27.59,2.929904,34.11,63.796551630946325,0
33.27,2.927345,34.11,64.08587988004847,0
-24.62,2.926066,34.13,63.796551630946325,0
21.35,2.923508,34.13,63.796551630946325,0
23.17,2.905598,34.13,64.08587988004847,0
-37.78,2.915832,34.13,64.7533782902483,0
35.68,2.906877,34.13,64.08587988004847,0
22.22,2.910715,34.13,64.08587988004847,0
-37.11,2.914553,34.13,64.08587988004847,0
28.58,2.914553,34.13,64.08587988004847,0
29.11,2.913274,34.13,65.0384501660364,0
-33.01,2.910715,34.13,63.796551630946325,0
14.61,2.910715,34.13,63.796551630946325,0
40.36,2.908157,34.13,63.796551630946325,0
-9.87,2.908157,34.13,63.796551630946325,0
-39.8,2.906877,34.13,63.796551630946325,0
33.07,2.904319,34.13,64.08587988004847,0
-3.97,2.904319,34.13,64.08587988004847,0
-54.35,2.895364,34.13,63.796551630946325,0
19.01,2.904319,34.13,63.796551630946325,0
-11.16,2.891526,34.13,64.17164482853778,0
-40.32,2.897923,34.13,64.08587988004847,0
28.19,2.895364,34.11,64.08587988004847,0
-14.06,2.894085,34.11,64.08587988004847,0
-41.93,2.896643,34.11,64.08587988004847,0
40.31,2.892806,34.11,63.796551630946325,0
1.89,2.896643,34.13,64.8382603097893,0
-59.7,2.890247,34.13,63.796551630946325,0
42.31,2.890247,34.13,63.796551630946325,0
10.61,2.88513,34.13,64.17164482853778,0
-59.3,2.888968,34.13,63.796551630946325,0
42.69,2.88513,34.13,64.08587988004847,0
19.62,2.880013,34.13,64.17164482853778,0
-37.26,2.881292,34.13,64.17164482853778,0
36.56,2.877455,34.13,64.17164482853778,0
17.96,2.880013,34.13,64.17164482853778,0
-43.69,2.876175,34.13,64.17164482853778,0
34.06,2.874896,34.13,64.17164482853778,0
18.07,2.874896,34.13,64.08587988004847,0
-37.47,2.871058,34.13,65.0384501660364,0
38.98,2.86722,34.13,64.08587988004847,0
31.81,2.86722,34.13,64.08587988004847,0
-34.35,2.8685,34.11,64.7533782902483,0
19.57,2.8685,34.11,65.0384501660364,0
30.76,2.863383,34.11,64.08587988004847,0
-23.62,2.864662,34.11,64.8382603097893,0
-6.93,2.863383,34.13,64.17164482853778,0
25.49,2.862103,34.13,64.17164482853778,0
-20.28,2.864662,34.13,64.17164482853778,0
14.55,2.86722,34.13,65.0384501660364,0
18.91,2.865941,34.15,64.47480127925948,0
-35.52,2.886409,34.15,72.13875518748573,0
25.39,3.002821,34.15,60.22457969965419,0
37.87,3.132025,34.15,64.82283548256741,0
-11.9,3.15889,34.13,65.30696746902278,0
62.16,3.15889,34.13,61.30252849597641,0
-57.61,3.162728,34.13,62.13694553162394,0
-58.41,3.146097,34.13,68.00735254367721,0
12.25,3.137143,34.13,65.05382386916237,0
36.39,3.134584,34.13,68.60757975617562,0
24.67,3.096206,34.13,64.89992295835181,0
-106.14,3.096206,34.13,67.34983296193094,0
5.44,3.092369,34.13,62.185207244167,0
26.47,3.10772,34.13,64.32728814430156,0
-64.44,3.102603,34.13,65.12296062065974,0
27.23,3.103882,34.13,66.29479617586888,0
13.49,3.101324,34.13,64.57553716385176,0
-28.68,3.102603,34.13,63.324560795950255,0
42.45,3.121792,34.13,65.83312236253116,0
41.09,3.10772,34.13,64.2339474110069,0
-13.34,3.084693,34.13,63.796551630946325,0
-31.12,3.088531,34.13,63.796551630946325,0
141.65,3.087252,34.13,63.0158710167526,0
-45.12,3.091089,34.13,72.37402849088892,0
-38.91,3.088531,34.15,72.20803279414278,0
-6.21,3.128188,34.15,69.2314957226839,0
-30.5,3.138422,34.15,67.07458535093602,0
13.35,3.10772,34.15,65.46754921333164,0
10.12,3.092369,34.15,63.35613624582863,0
-5.24,3.091089,34.15,65.64297372910524,0
-6.07,3.08981,34.15,63.25345840347388,0
41.88,3.08981,34.15,64.8074069840786,0
-12.34,3.088531,34.15,65.64297372910524,0
-18.93,3.087252,34.15,64.19501538281614,0
-1.66,3.064225,34.15,64.5445582524197,0
-24.74,3.079576,34.15,64.19501538281614,0
22.51,3.078297,34.15,64.5445582524197,0
23.91,3.082135,34.15,65.1536645170477,0
-41.31,3.077018,34.15,65.1536645170477,0
30.87,3.082135,34.15,64.8074069840786,0
27.68,3.078297,34.15,64.8074069840786,0
-37.76,3.079576,34.15,65.52098900352466,0
37.03,3.080856,34.15,64.19501538281614,0
32.39,3.077018,34.15,64.19501538281614,0
-30.68,3.075738,34.15,67.07458535093602,0
16.66,3.065505,34.15,65.46754921333164,0
33.93,3.074459,34.15,62.505999712027645,0
-10.13,3.087252,34.15,64.28841264178172,0
75.38,3.112837,34.11,65.12296062065974,0
-22.8,3.119233,34.11,59.91660871578097,0
-74.28,3.114116,34.11,65.82552696332935,0
31.93,3.120512,34.11,65.57438524302,0
43.8,3.133305,34.15,68.36665854054884,0
-30.95,3.103882,34.15,65.22269543648132,0
-48.01,3.106441,34.15,70.60453243241541,0
49.39,3.119233,34.15,65.19969325081216,0
12.62,3.114116,34.15,63.702433234531945,0
-72.84,3.080856,34.15,67.1863081289633,0
42.9,3.07318,34.15,60.091596750294464,0
39.76,3.103882,34.15,63.0158710167526,0
-38.63,3.117954,34.15,67.14908785679818,0
6.78,3.121792,34.15,63.15853069855251,0
-14.24,3.114116,34.15,65.56675987114203,0
-7.2,3.106441,34.15,65.32227797620043,0
84.33,3.10772,34.15,64.79197481170026,0
20.97,3.119233,34.15,65.58200972827838,0
-50.96,3.116674,34.15,66.37770710110436,0
-12.45,3.114116,34.15,65.58200972827838,0
13.29,3.117954,34.15,64.47480127925948,0
-21.2,3.123071,34.15,65.58200972827838,0
-11.06,3.116674,34.15,65.00769185258002,0
27.5,3.120512,34.15,66.06814663663572,0
-7.81,3.117954,34.15,65.58200972827838,0
-19.77,3.117954,34.15,66.10597552415364,0
34.56,3.115395,34.15,65.58200972827838,0
-5.25,3.112837,34.15,66.10597552415364,0
-51.3,3.115395,34.13,66.332495807108,0
30.16,3.112837,34.13,65.32227797620043,0
1.46,3.105161,34.13,65.79513659838392,0
-55.46,3.108999,34.13,64.00781202322104,0
33.13,3.077018,34.13,65.55150646628954,0
17.49,3.066784,34.13,63.686733312362634,0
-30.82,3.064225,34.13,65.26867548832288,0
24.04,3.065505,34.13,65.79513659838392,0
19.81,3.061667,34.15,65.79513659838392,0
-22.03,3.065505,34.15,65.12296062065974,0
16.62,3.05655,34.15,68.7386354243376,0
21.16,3.096206,34.15,69.44062211702888,0
-27.78,3.115395,34.16,60.22457969965419,0
-3.59,3.129467,34.16,65.21502894272147,0
26.61,3.119233,34.16,73.45747068882783,0
117.17,3.106441,34.16,59.43904440685432,0
36.97,3.134584,34.15,74.75961476626267,0
-80.95,3.239483,34.15,60.489668539346454,0
-78.8,3.240762,34.15,63.773035054010094,0
-68.73,3.236924,34.15,66.70832032063167,0
110.52,3.267626,34.15,64.62197768561404,0
-55.72,3.27914,34.15,58.0,0
239.27,3.274022,34.15,65.79513659838392,0
105.0,3.275302,34.15,68.37397165588672,0
-46.23,3.234366,34.15,61.04096984812741,0
-274.13,3.222852,34.15,65.00769185258002,0
-144.8,3.208781,34.15,69.8426803609369,0
98.51,3.217735,34.15,58.39520528262573,0
-63.81,3.253554,34.16,65.70388116390082,0
-44.87,3.259951,34.16,64.45928947793328,0
-75.87,3.245879,34.16,74.06753674856482,0
153.41,3.199826,34.16,65.34523701081817,0
-79.77,3.198547,34.16,65.66582063752801,0
-145.45,3.188313,34.16,64.27285585688566,0
96.0,3.188313,34.16,64.27285585688566,0
54.95,3.180637,34.16,64.27285585688566,0
-17.37,3.184475,34.18,64.27285585688566,0
76.59,3.181916,34.18,65.49045732013177,0
38.7,3.162728,34.18,64.27285585688566,0
-35.68,3.171682,34.18,64.27285585688566,0
42.64,3.171682,34.21,65.22269543648132,0
9.66,3.178079,34.21,64.27285585688566,0
-31.99,3.170403,34.21,65.22269543648132,0
22.11,3.172962,34.21,65.22269543648132,0
-12.67,3.171682,34.16,64.27285585688566,0
-5.93,3.170403,34.16,65.22269543648132,0
16.94,3.164007,34.16,65.22269543648132,0
-21.19,3.171682,34.16,65.22269543648132,0
15.41,3.169124,34.16,65.22269543648132,0
7.77,3.165286,34.16,65.49045732013177,0
-30.75,3.167845,34.16,65.22269543648132,0
17.48,3.164007,34.16,65.22269543648132,0
3.52,3.167845,34.18,65.22269543648132,0
-45.54,3.169124,34.18,65.22269543648132,0
8.23,3.166565,34.18,65.22269543648132,0
-16.35,3.166565,34.18,65.22269543648132,0
7.02,3.162728,34.16,64.27285585688566,0
6.54,3.160169,34.16,65.22269543648132,0
-50.42,3.161448,34.16,65.06150935845248,0
35.71,3.164007,34.16,65.22269543648132,0
14.79,3.162728,34.16,65.22269543648132,0
-59.03,3.164007,34.16,65.22269543648132,0
41.73,3.162728,34.16,67.92643079096678,0
22.67,3.164007,34.16,65.00769185258002,0
-64.43,3.166565,34.16,67.23094525588644,0
47.35,3.164007,34.16,60.489668539346454,0
44.52,3.212618,34.16,62.24949798994366,0
-9.03,3.221573,34.16,65.12296062065974,0
34.14,3.219015,34.18,62.71363488110062,0
123.92,3.225411,34.18,61.35144660071187,0
-53.13,3.222852,34.18,66.46803743153546,0
-172.2,3.224132,34.18,65.22269543648132,0
42.78,3.221573,34.21,63.984373092185564,0
30.94,3.222852,34.21,63.35613624582863,0
-18.18,3.217735,34.21,63.694583757176716,0
31.48,3.215177,34.21,64.66838485689897,0
-5.11,3.204943,34.18,65.43699259593154,0
-81.66,3.184475,34.18,64.53681120105021,0
31.12,3.169124,34.18,65.43699259593154,0
-1.85,3.160169,34.18,68.62215385719105,0
-83.97,3.207501,34.18,64.1248781675256,0
40.46,3.216456,34.18,62.8728876384726,0
34.26,3.176799,34.18,65.4217089351845,0
-0.32,3.167845,34.18,63.05553108173778,0
103.91,3.170403,34.18,64.57553716385176,0
-61.76,3.172962,34.18,64.41273166075166,0
-57.17,3.172962,34.18,63.53739056650029,0
30.18,3.176799,34.18,65.03076195155643,0
30.96,3.178079,34.18,64.57553716385176,0
-24.03,3.179358,34.18,65.03076195155643,0
-19.98,3.170403,34.18,64.57553716385176,0
28.8,3.178079,34.18,63.387695966961914,0
-7.59,3.170403,34.18,64.57553716385176,0
-35.17,3.180637,34.18,63.702433234531945,0
22.13,3.17552,34.18,67.45368781616021,0
-11.53,3.17552,34.18,63.324560795950255,0
-46.75,3.17552,34.21,62.56196927846821,0
36.61,3.170403,34.21,64.29618962271404,0
2.15,3.170403,34.21,62.68173577685928,0
-82.67,3.15889,34.21,65.68865959965997,0
38.33,3.165286,34.21,65.1536645170477,0
8.22,3.157611,34.21,64.82283548256741,0
-70.29,3.161448,34.21,65.31462317123173,0
41.97,3.157611,34.21,64.4437739428721,0
40.26,3.153773,34.18,64.4437739428721,0
-45.24,3.15889,34.18,63.28506932918696,0
37.99,3.15889,34.18,62.297672508690084,0
29.93,3.171682,34.18,64.5445582524197,0
-55.97,3.171682,34.21,64.1482657598785,0
64.56,3.171682,34.21,65.58963332722634,0
45.08,3.170403,34.21,63.82789358893179,0
-102.08,3.169124,34.21,61.59545437773797,0
-71.34,3.201105,34.23,64.34283176858165,0
-29.72,3.174241,34.23,63.15853069855251,0
62.48,3.166565,34.23,67.1863081289633,0
63.27,3.167845,34.23,58.42944463196617,0
-12.83,3.160169,34.21,61.91122676865643,0
-34.24,3.151214,34.21,93.94679345246436,0
77.49,3.084693,34.21,55.18151864528558,0
-200.3,3.151214,34.21,63.66317616958802,0
-146.99,3.167845,34.21,64.08587988004847,0
25.56,3.174241,34.21,63.15853069855251,0
124.52,3.161448,34.21,64.8459713474939,0
203.84,3.157611,34.21,62.161081071680215,0
110.48,3.167845,34.18,63.31666447310692,0
-94.61,3.147377,34.18,67.03730304837748,0
1.48,3.133305,34.18,66.30987860040162,0
66.98,3.117954,34.18,64.47480127925948,0
-195.35,3.069342,34.23,64.96922348312314,0
-24.22,3.050153,34.23,65.39877674696982,0
29.81,3.048874,34.23,65.31462317123173,0
64.63,3.050153,34.23,64.1482657598785,0
90.48,3.039919,34.23,66.12866246946176,0
3.06,3.045037,34.23,64.35060217278468,0
6.73,3.023289,34.23,66.07571414672717,0
4.05,3.00538,34.23,63.39558344238185,0
37.03,2.975957,34.21,113.75851616472501,0
-45.58,3.050153,34.21,62.32976816898969,0
-68.09,3.138422,34.21,80.24961059095551,0
87.34,3.188313,34.21,62.68971207462992,0
184.64,3.139701,34.18,63.53739056650029,0
407.85,3.14226,34.18,63.702433234531945,0
-202.5,3.144818,34.18,59.50630218724736,0
-230.7,3.132025,34.18,65.4217089351845,0
-37.43,3.108999,34.21,62.5939294181153,0
-1.61,3.108999,34.21,63.079315151640635,0
-129.74,3.176799,34.21,62.489999199871974,0
-60.36,3.148656,34.21,64.19501538281614,0
4.04,3.138422,34.21,63.324560795950255,0
177.03,3.146097,34.21,62.93647591023825,0
47.6,3.143539,34.21,63.56099432828282,0
-131.76,3.144818,34.21,63.796551630946325,0
-0.86,3.139701,34.21,63.3798075099633,0
20.11,3.14226,34.21,64.45153217728807,0
58.27,3.132025,34.21,64.52131430775415,0
52.31,3.135863,34.21,62.52199612936234,0
-69.14,3.149935,34.21,63.419239982831705,0
-59.6,3.187033,34.21,61.554853586049575,0
3.58,3.146097,34.21,67.20863039818622,0
0.56,3.116674,34.21,68.8839603971781,0
41.52,3.098765,34.21,66.15889962809237,0
-172.24,3.093648,34.21,79.36623967405788,0
-317.29,3.092369,34.21,59.58187643906493,0
302.61,3.138422,34.21,61.27805479941412,0
126.71,3.202384,34.23,63.0,0
-30.78,3.19343,34.23,63.34824385884742,0
146.36,3.203664,34.23,63.14269553954757,0
306.78,3.19215,34.23,65.79513659838392,0
-129.77,3.19343,34.21,65.39877674696982,0
-51.43,3.190871,34.21,64.47480127925948,0
4.63,3.190871,34.21,63.90618123468183,0
-49.73,3.190871,34.21,64.10928169929842,0
-20.89,3.188313,34.23,64.87680633323437,0
52.88,3.19343,34.23,64.87680633323437,0
-2.2,3.181916,34.23,64.34283176858165,0
-57.94,3.189592,34.23,64.34283176858165,0
40.66,3.187033,34.23,64.34283176858165,0
-5.44,3.183196,34.23,64.34283176858165,0
-86.56,3.17552,34.23,64.34283176858165,0
43.48,3.178079,34.23,65.46754921333164,0
45.73,3.179358,34.23,64.34283176858165,0
-28.79,3.179358,34.23,64.34283176858165,0
-22.44,3.180637,34.23,64.17164482853778,0
48.3,3.176799,34.23,64.34283176858165,0
-2.11,3.174241,34.23,64.17164482853778,0
-80.24,3.17552,34.23,64.69157595854347,0
25.52,3.174241,34.23,64.69157595854347,0
3.22,3.171682,34.23,64.69157595854347,0
-84.07,3.167845,34.23,64.34283176858165,0
36.94,3.166565,34.23,63.8200595424354,0
15.2,3.167845,34.23,63.8200595424354,0
-86.68,3.167845,34.23,63.03967004989794,0
55.74,3.169124,34.25,64.34283176858165,0
32.35,3.165286,34.25,64.34283176858165,0
-46.44,3.165286,34.25,64.34283176858165,0
34.78,3.165286,34.25,63.8200595424354,0
46.66,3.165286,34.25,63.8200595424354,0
-14.08,3.165286,34.25,63.8200595424354,0
-69.16,3.148656,34.25,63.8200595424354,0
31.68,3.149935,34.25,63.8200595424354,0
16.1,3.155052,34.23,63.8200595424354,0
-69.93,3.15889,34.23,64.60650122085238,0
32.45,3.160169,34.23,63.8200595424354,0
22.33,3.157611,34.23,63.8200595424354,0
-72.67,3.155052,34.25,63.8200595424354,0
48.13,3.161448,34.25,63.8200595424354,0
41.69,3.156331,34.25,64.60650122085238,0
-36.06,3.15889,34.25,64.17164482853778,0
0.63,3.162728,34.25,63.8200595424354,0
46.0,3.160169,34.25,63.8200595424354,0
5.54,3.15889,34.25,63.8200595424354,0
-80.03,3.149935,34.25,64.60650122085238,0
41.99,3.156331,34.25,64.60650122085238,0
40.35,3.151214,34.25,63.8200595424354,0
-25.27,3.153773,34.25,63.8200595424354,0
-30.0,3.144818,34.25,64.95382975621992,0
37.16,3.153773,34.27,63.8200595424354,0
2.65,3.153773,34.27,63.8200595424354,0
-85.21,3.152493,34.27,64.95382975621992,0
40.27,3.152493,34.27,64.95382975621992,0
30.37,3.149935,34.23,64.95382975621992,0
-42.27,3.153773,34.23,64.17164482853778,0
33.82,3.146097,34.23,64.95382975621992,0
47.25,3.148656,34.23,63.474404290233394,0
-12.26,3.155052,34.25,63.474404290233394,0
-93.96,3.149935,34.25,65.46754921333164,0
73.54,3.114116,34.25,63.85138996137829,0
113.59,3.100044,34.25,65.03076195155643,0
-130.35,3.102603,34.23,63.85138996137829,0
-148.96,3.103882,34.23,63.85138996137829,0
30.4,3.102603,34.23,64.20280367709809,0
41.63,3.102603,34.23,64.20280367709809,0
-36.65,3.100044,34.23,64.20280367709809,0
54.55,3.093648,34.23,63.85138996137829,0
28.22,3.093648,34.23,63.85138996137829,0
-52.54,3.093648,34.23,64.20280367709809,0
46.07,3.088531,34.25,64.20280367709809,0
43.3,3.094927,34.25,65.03076195155643,0
-36.41,3.087252,34.25,65.03076195155643,0
28.83,3.091089,34.25,65.12296062065974,0
32.84,3.08981,34.27,64.64518543557594,0
-3.19,3.088531,34.27,64.20280367709809,0
-63.84,3.08981,34.27,62.78534860936905,0
39.14,3.088531,34.27,75.56454194925024,0
7.62,3.143539,34.25,74.49161026585477,0
-83.75,3.101324,34.25,61.814237842102365,0
22.67,3.088531,34.25,65.26101439603893,0
-23.02,3.082135,34.25,65.0384501660364,0
-56.01,3.082135,34.27,73.35529974037323,0
-20.46,3.083414,34.27,57.99137866959192,0
-35.78,3.123071,34.27,65.26101439603893,0
-57.58,3.197267,34.27,61.91122676865643,0
83.47,3.146097,34.25,65.37583651472461,0
166.34,3.128188,34.25,65.30696746902278,0
292.04,3.123071,34.25,62.65780079128216,0
-46.29,3.114116,34.25,62.26556030423239,0
-240.56,3.117954,34.25,63.92182725798755,0
-47.2,3.161448,34.25,65.94694837519019,0
1.0,3.110278,34.25,67.36467917239716,0
-45.59,3.080856,34.25,66.34003316248794,0
-165.81,3.070621,34.25,79.26537705707328,0
-139.95,3.083414,34.25,69.2314957226839,0
-111.15,3.088531,34.25,65.612498809297,0
86.29,3.12435,34.25,56.868268832451726,0
72.72,3.135863,34.27,62.161081071680215,0
219.71,3.130746,34.27,64.45928947793328,0
77.2,3.123071,34.27,60.29925372672534,0
-94.14,3.125629,34.27,61.91122676865643,0
11.79,3.128188,34.27,65.26101439603893,0
20.37,3.176799,34.27,63.3798075099633,0
-6.5,3.180637,34.27,62.65780079128216,0
-20.8,3.187033,34.27,64.1482657598785,0
168.9,3.188313,34.25,64.22616289332565,0
-100.11,3.184475,34.25,63.095166217389426,0
-111.95,3.188313,34.25,60.249481325568276,0
46.92,3.190871,34.25,64.03905058634146,0
17.73,3.187033,34.25,64.389440128021,0
-24.98,3.184475,34.25,64.07027391856539,0
-9.85,3.162728,34.25,64.79197481170026,0
-76.64,3.176799,34.25,65.3834841531101,0
-56.6,3.179358,34.27,63.419239982831705,0
41.07,3.17552,34.27,62.64982043070834,0
2.65,3.178079,34.27,63.324560795950255,0
-98.26,3.174241,34.27,64.02343321003646,0
41.27,3.172962,34.27,64.00781202322104,0
-9.51,3.166565,34.27,64.00781202322104,0
-92.16,3.166565,34.27,64.00781202322104,0
46.65,3.164007,34.27,64.00781202322104,0
7.67,3.165286,34.25,63.324560795950255,0
-102.92,3.162728,34.25,64.00781202322104,0
70.11,3.166565,34.25,63.095166217389426,0
49.66,3.153773,34.25,64.00781202322104,0
-91.81,3.165286,34.27,64.02343321003646,0
84.8,3.166565,34.27,64.69930447848725,0
63.84,3.156331,34.27,63.095166217389426,0
-42.86,3.133305,34.27,64.02343321003646,0
50.33,3.126909,34.25,63.35613624582863,0
71.94,3.12435,34.25,63.419239982831705,0
-85.02,3.123071,34.25,64.07027391856539,0
13.0,3.123071,34.25,60.41522986797286,0
-18.1,3.120512,34.27,62.65780079128216,0
-82.73,3.123071,34.27,64.29618962271404,0
79.78,3.108999,34.27,66.40030120413611,0
92.49,3.087252,34.27,70.21395872616783,0
-28.08,3.079576,34.27,60.27437266367855,0
36.46,3.146097,34.27,64.42049363362563,0
-13.83,3.176799,34.27,63.45076831686122,0
-57.0,3.164007,34.27,67.12674578735364,0
61.38,3.146097,34.27,64.15605972938177,0
226.99,3.117954,34.27,63.66317616958802,0
-238.45,3.108999,34.27,63.245553203367585,0
-104.72,3.143539,34.27,63.45076831686122,0
94.48,3.151214,34.27,64.47480127925948,0
-3.12,3.149935,34.27,63.4428877022476,0
-73.72,3.120512,34.27,64.57553716385176,0
18.26,3.106441,34.27,63.75735251718032,0
28.07,3.106441,34.25,64.57553716385176,0
-88.44,3.10772,34.25,64.24951361683604,0
22.51,3.105161,34.25,63.75735251718032,0
20.36,3.102603,34.25,62.0403094769844,0
-30.47,3.133305,34.25,64.34283176858165,0
13.55,3.102603,34.25,69.57729514719583,0
32.11,3.110278,34.25,68.19824044651006,0
4.55,3.147377,34.25,64.47480127925948,0
30.69,3.111557,34.27,64.47480127925948,0
10.57,3.10772,34.27,63.984373092185564,0
-22.54,3.108999,34.27,65.09992319503918,0
-26.54,3.10772,34.27,64.81512169239521,0
57.65,3.108999,34.25,65.09992319503918,0
4.76,3.110278,34.25,64.27285585688566,0
-10.87,3.111557,34.25,64.6297145282261,0
46.68,3.105161,34.25,64.6297145282261,0
1.43,3.102603,34.27,65.09992319503918,0
-68.51,3.106441,34.27,65.09992319503918,0
42.99,3.130746,34.27,64.27285585688566,0
23.71,3.138422,34.27,64.27285585688566,0
-37.64,3.137143,34.27,65.09992319503918,0
35.07,3.137143,34.27,65.09992319503918,0
21.41,3.133305,34.27,65.09992319503918,0
-34.93,3.135863,34.27,64.27285585688566,0
28.33,3.139701,34.27,65.09992319503918,0
26.51,3.14226,34.27,64.6297145282261,0
-28.44,3.139701,34.27,65.09992319503918,0
20.79,3.134584,34.27,64.27285585688566,0
37.23,3.139701,34.27,65.09992319503918,0
-9.05,3.138422,34.27,64.27285585688566,0
-33.7,3.139701,34.27,64.6297145282261,0
35.41,3.139701,34.27,65.09992319503918,0
9.21,3.14098,34.27,65.09992319503918,0
-57.63,3.14226,34.27,65.09992319503918,0
30.53,3.144818,34.27,64.27285585688566,0
13.58,3.14226,34.27,65.09992319503918,0
-40.46,3.143539,34.29,64.27285585688566,0
32.67,3.14098,34.29,64.27285585688566,0
16.61,3.135863,34.29,65.09992319503918,0
-36.46,3.14098,34.29,65.09992319503918,0
28.07,3.14098,34.25,64.27285585688566,0
18.17,3.14226,34.25,65.09992319503918,0
-40.2,3.123071,34.25,65.09992319503918,0
18.21,3.134584,34.25,64.27285585688566,0
23.06,3.130746,34.25,65.09992319503918,0
-21.93,3.138422,34.25,65.09992319503918,0
-30.15,3.135863,34.25,64.6297145282261,0
28.81,3.135863,34.25,65.09992319503918,0
3.47,3.135863,34.27,65.09992319503918,0
-46.54,3.126909,34.27,65.09992319503918,0
50.59,3.134584,34.27,64.6297145282261,0
19.91,3.134584,34.27,65.09992319503918,0
-28.33,3.137143,34.29,65.09992319503918,0
39.0,3.135863,34.29,64.27285585688566,0
27.68,3.135863,34.29,65.09992319503918,0
-37.35,3.133305,34.29,65.09992319503918,0
23.08,3.134584,34.27,65.09992319503918,0
31.2,3.135863,34.27,65.09992319503918,0
-31.56,3.134584,34.27,64.6297145282261,0
-12.82,3.133305,34.27,64.6297145282261,0
33.09,3.129467,34.29,64.6297145282261,0
12.57,3.133305,34.29,64.6297145282261,0
-49.78,3.130746,34.29,65.09992319503918,0
40.86,3.134584,34.29,65.09992319503918,0
32.47,3.130746,34.29,64.6297145282261,0
-26.31,3.137143,34.29,65.09992319503918,0
3.98,3.125629,34.29,65.09992319503918,0
20.24,3.133305,34.29,65.09992319503918,0
-9.71,3.138422,34.31,65.09992319503918,0
-35.17,3.134584,34.31,65.09992319503918,0
15.04,3.135863,34.31,65.09992319503918,0
-0.22,3.126909,34.31,64.27285585688566,0
-61.16,3.134584,34.27,64.27285585688566,0
34.84,3.130746,34.27,65.09992319503918,0
26.01,3.133305,34.27,64.6297145282261,0
-22.37,3.132025,34.27,64.6297145282261,0
18.33,3.133305,34.29,65.09992319503918,0
17.87,3.134584,34.29,64.6297145282261,0
-12.16,3.129467,34.29,65.09992319503918,0
-36.9,3.132025,34.29,64.6297145282261,0
16.0,3.130746,34.27,64.27285585688566,0
7.05,3.132025,34.27,64.27285585688566,0
-47.58,3.121792,34.27,64.27285585688566,0
11.78,3.133305,34.27,64.57553716385176,0
0.72,3.126909,34.29,64.27285585688566,0
-62.19,3.133305,34.29,64.57553716385176,0
23.12,3.129467,34.29,64.27285585688566,0
20.02,3.126909,34.29,64.57553716385176,0
-26.69,3.129467,34.31,64.57553716385176,0
30.87,3.128188,34.31,64.57553716385176,0
23.83,3.128188,34.31,64.6297145282261,0
-20.73,3.12435,34.31,64.57553716385176,0
-9.83,3.125629,34.29,64.57553716385176,0
22.1,3.120512,34.29,64.57553716385176,0
-9.43,3.126909,34.29,65.09992319503918,0
-23.03,3.12435,34.29,64.9307323229917,0
17.48,3.121792,34.29,65.09992319503918,0
-12.33,3.12435,34.29,65.09992319503918,0
-0.62,3.12435,34.29,65.09992319503918,0
23.38,3.12435,34.29,65.39877674696982,0
-1.3,3.121792,34.29,65.39877674696982,0
-26.12,3.128188,34.29,65.39877674696982,0
32.95,3.121792,34.29,64.57553716385176,0
6.19,3.123071,34.29,65.39877674696982,0
-51.33,3.117954,34.29,65.39877674696982,0
38.23,3.126909,34.29,64.57553716385176,0
35.79,3.123071,34.29,64.9307323229917,0
-13.65,3.123071,34.29,65.09992319503918,0
4.23,3.121792,34.27,65.09992319503918,0
17.02,3.119233,34.27,65.09992319503918,0
-20.16,3.120512,34.27,64.57553716385176,0
-30.09,3.117954,34.27,64.57553716385176,0
17.67,3.121792,34.31,65.09992319503918,0
1.26,3.115395,34.31,65.39877674696982,0
-56.3,3.120512,34.31,65.39877674696982,0
26.11,3.115395,34.31,64.57553716385176,0
8.18,3.120512,34.29,64.57553716385176,0
-37.08,3.119233,34.29,65.39877674696982,0
28.56,3.115395,34.29,65.39877674696982,0
19.2,3.116674,34.29,64.57553716385176,0
-22.44,3.114116,34.29,64.57553716385176,0
-0.06,3.120512,34.29,64.27285585688566,0
11.03,3.100044,34.29,65.39877674696982,0
-17.24,3.111557,34.29,64.27285585688566,0
6.09,3.111557,34.29,64.27285585688566,0
26.65,3.116674,34.29,64.57553716385176,0
-22.47,3.10772,34.29,64.27285585688566,0
22.45,3.112837,34.29,64.27285585688566,0
28.1,3.111557,34.27,65.39877674696982,0
-21.25,3.112837,34.27,65.09992319503918,0
19.57,3.112837,34.27,64.57553716385176,0
32.68,3.108999,34.27,65.09992319503918,0
-11.67,3.111557,34.27,64.27285585688566,0
-32.41,3.106441,34.27,65.09992319503918,0
35.71,3.112837,34.27,65.39877674696982,0
-3.15,3.111557,34.27,64.27285585688566,0
-52.03,3.112837,34.29,65.09992319503918,0
19.02,3.106441,34.29,65.09992319503918,0
9.14,3.108999,34.29,64.27285585688566,0
-48.66,3.110278,34.29,64.27285585688566,0
29.67,3.10772,34.29,64.27285585688566,0
14.66,3.112837,34.29,65.39877674696982,0
-49.02,3.106441,34.29,64.27285585688566,0
36.49,3.10772,34.29,64.27285585688566,0
26.6,3.101324,34.27,65.09992319503918,0
-30.14,3.108999,34.27,64.6297145282261,0
-18.59,3.10772,34.27,64.9307323229917,0
32.14,3.106441,34.27,65.09992319503918,0
1.66,3.101324,34.29,65.39877674696982,0
-57.32,3.106441,34.29,65.39877674696982,0
33.79,3.106441,34.29,64.27285585688566,0
24.17,3.101324,34.29,64.57553716385176,0
-33.19,3.10772,34.29,65.09992319503918,0
38.59,3.102603,34.29,64.57553716385176,0
26.65,3.103882,34.29,65.09992319503918,0
-26.54,3.094927,34.29,65.09992319503918,0
-14.44,3.105161,34.29,64.27285585688566,0
28.57,3.103882,34.29,64.57553716385176,0
-4.92,3.103882,34.29,64.10148204214939,0
-58.17,3.097486,34.29,65.09992319503918,0
26.37,3.102603,34.27,65.39877674696982,0
23.05,3.097486,34.27,65.09992319503918,0
-29.88,3.100044,34.27,65.09992319503918,0
-0.26,3.105161,34.27,64.57553716385176,0
17.05,3.098765,34.27,65.09992319503918,0
-8.89,3.106441,34.27,65.09992319503918,0
-40.12,3.094927,34.27,65.09992319503918,0
14.66,3.103882,34.27,65.09992319503918,0
-4.19,3.102603,34.27,65.09992319503918,0
-57.0,3.098765,34.27,64.57553716385176,0
35.75,3.094927,34.27,65.39877674696982,0
20.51,3.100044,34.27,81.12336284942828,0
-27.67,3.098765,34.29,50.32891812864648,0
24.47,3.103882,34.29,64.96922348312314,0
34.98,3.057829,34.29,65.612498809297,0
-0.44,3.08981,34.29,63.984373092185564,0
-19.87,3.059108,34.29,64.60650122085238,0
17.38,3.074459,34.29,60.53924347066124,0
111.35,3.05527,34.29,68.94200461257273,0
-48.11,3.036082,34.29,81.12952606788727,0
13.31,3.02201,34.29,58.90670590009256,0
-42.04,3.034802,34.29,60.60528029800704,0
-172.85,3.103882,34.29,65.72670690061993,0
-33.29,3.102603,34.29,65.32227797620043,0
42.93,3.08981,34.31,68.51277253184256,0
173.31,3.046316,34.31,66.4981202741852,0
-124.73,3.036082,34.31,63.92182725798755,0
19.72,3.041199,34.31,66.39277069079132,0
-59.51,3.074459,34.29,53.99073994677235,0
-30.5,3.048874,34.29,73.41661937191061,0
35.37,3.041199,34.29,60.74537019394976,0
52.11,3.093648,34.29,64.35060217278468,0
-12.65,3.087252,34.31,65.06150935845248,0
44.94,3.087252,34.31,63.773035054010094,0
103.75,3.087252,34.31,65.4217089351845,0
-104.72,3.083414,34.31,64.00781202322104,0
19.8,3.087252,34.29,64.79197481170026,0
16.74,3.087252,34.29,64.79197481170026,0
-53.72,3.087252,34.29,65.32227797620043,0
40.34,3.084693,34.29,64.79197481170026,0
35.65,3.087252,34.31,64.87680633323437,0
-20.08,3.087252,34.31,65.00769185258002,0
23.17,3.068063,34.31,64.69157595854347,0
17.15,3.075738,34.31,65.22269543648132,0
-20.8,3.082135,34.29,63.92182725798755,0
-4.22,3.082135,34.29,64.82283548256741,0
28.54,3.079576,34.29,64.45928947793328,0
3.67,3.083414,34.29,64.45928947793328,0
-51.96,3.082135,34.31,64.45928947793328,0
20.9,3.08981,34.31,64.45928947793328,0
10.09,3.084693,34.31,65.22269543648132,0
-17.14,3.087252,34.31,65.22269543648132,0
-8.43,3.080856,34.29,65.22269543648132,0
8.04,3.08981,34.29,64.45928947793328,0
-7.7,3.084693,34.29,65.22269543648132,0
-31.34,3.087252,34.29,64.45928947793328,0
9.66,3.088531,34.29,64.45928947793328,0
0.5,3.08981,34.29,64.45928947793328,0
-54.09,3.08981,34.29,64.45928947793328,0
19.81,3.085973,34.29,64.45928947793328,0
25.08,3.091089,34.29,65.22269543648132,0
-29.63,3.087252,34.29,64.45928947793328,0
7.23,3.093648,34.29,65.22269543648132,0
32.19,3.08981,34.29,65.22269543648132,0
4.14,3.091089,34.29,65.22269543648132,0
-58.35,3.079576,34.29,64.45928947793328,0
33.69,3.092369,34.29,65.22269543648132,0
21.89,3.091089,34.29,65.22269543648132,0
-40.37,3.091089,34.29,64.45928947793328,0
40.73,3.094927,34.29,64.45928947793328,0
25.44,3.092369,34.29,65.22269543648132,0
-32.39,3.092369,34.29,64.45928947793328,0
31.8,3.08981,34.29,64.45928947793328,0
39.19,3.096206,34.29,64.45928947793328,0
-14.86,3.092369,34.29,65.22269543648132,0
-51.86,3.092369,34.29,64.45928947793328,0
29.73,3.084693,34.29,64.45928947793328,0
11.69,3.094927,34.29,64.45928947793328,0
-42.73,3.085973,34.29,64.45928947793328,0
38.94,3.093648,34.29,64.45928947793328,0
26.78,3.092369,34.31,64.69157595854347,0
-29.06,3.092369,34.31,65.32227797620043,0
26.67,3.094927,34.31,63.387695966961914,0
24.14,3.093648,34.31,61.335144900782616,0
-23.34,3.097486,34.31,72.29107828771127,0
-43.43,3.094927,34.31,64.7533782902483,0
33.98,3.103882,34.31,64.50581369148055,0
73.24,3.091089,34.31,66.75327707311455,0
40.91,3.093648,34.31,64.07807737440318,0
-53.1,3.08981,34.31,64.07807737440318,0
-40.97,3.098765,34.31,64.35837163881635,0
-28.84,3.096206,34.31,63.7102817447859,0
4.14,3.097486,34.33,64.35837163881635,0
12.22,3.098765,34.33,64.35837163881635,0
-32.53,3.096206,34.33,64.35837163881635,0
41.56,3.096206,34.33,64.35837163881635,0
27.58,3.093648,34.29,64.07807737440318,0
-61.04,3.097486,34.29,64.07807737440318,0
47.81,3.088531,34.29,64.07807737440318,0
31.39,3.094927,34.29,64.07807737440318,0
-50.97,3.085973,34.31,64.07807737440318,0
44.27,3.094927,34.31,64.07807737440318,0
36.86,3.093648,34.31,64.7533782902483,0
-21.6,3.092369,34.31,64.07807737440318,0
-11.12,3.093648,34.31,64.07807737440318,0
29.7,3.091089,34.31,64.07807737440318,0
0.42,3.093648,34.31,64.07807737440318,0
-49.85,3.08981,34.31,64.07807737440318,0
25.23,3.091089,34.29,64.07807737440318,0
-2.81,3.084693,34.29,64.07807737440318,0
-59.93,3.091089,34.29,64.07807737440318,0
28.93,3.091089,34.29,64.07807737440318,0
14.57,3.087252,34.31,64.07807737440318,0
-50.23,3.091089,34.31,64.07807737440318,0
29.11,3.091089,34.31,64.07807737440318,0
22.44,3.08981,34.31,64.07807737440318,0
-28.55,3.087252,34.31,64.07807737440318,0
-35.48,3.093648,34.31,64.07807737440318,0
21.0,3.088531,34.31,64.07807737440318,0
2.66,3.088531,34.31,64.07807737440318,0
-37.93,3.074459,34.31,64.07807737440318,0
21.87,3.088531,34.31,64.7533782902483,0
22.72,3.07318,34.31,64.07807737440318,0
-24.22,3.082135,34.31,64.7533782902483,0
10.41,3.083414,34.33,64.07807737440318,0
21.45,3.080856,34.33,64.07807737440318,0
-24.56,3.083414,34.33,64.07807737440318,0
14.47,3.080856,34.33,64.07807737440318,0
21.53,3.083414,34.29,64.7533782902483,0
-23.69,3.082135,34.29,64.7533782902483,0
-11.1,3.084693,34.29,64.07807737440318,0
41.53,3.078297,34.29,64.7533782902483,0
8.6,3.084693,34.31,64.07807737440318,0
-70.15,3.087252,34.31,64.07807737440318,0
50.01,3.084693,34.31,64.7533782902483,0
45.83,3.083414,34.31,64.7533782902483,0
-12.43,3.080856,34.31,64.07807737440318,0
-52.35,3.085973,34.31,64.7533782902483,0
35.92,3.080856,34.31,64.7533782902483,0
15.41,3.083414,34.31,64.7533782902483,0
-56.88,3.074459,34.31,64.1248781675256,0
35.89,3.083414,34.31,64.7533782902483,0
32.84,3.077018,34.31,64.7533782902483,0
-38.26,3.083414,34.31,64.1248781675256,0
20.11,3.082135,34.29,64.7533782902483,0
42.64,3.080856,34.29,64.1248781675256,0
-6.51,3.082135,34.29,64.1248781675256,0
-85.68,3.078297,34.29,64.7533782902483,0
48.34,3.079576,34.31,64.7533782902483,0
66.17,3.079576,34.31,64.1248781675256,0
9.1,3.080856,34.31,64.7533782902483,0
-144.69,3.079576,34.31,64.07807737440318,0
20.98,3.080856,34.31,64.1248781675256,0
35.67,3.075738,34.31,64.1248781675256,0
-36.67,3.077018,34.31,64.1248781675256,0
30.92,3.077018,34.31,64.7533782902483,0
46.1,3.078297,34.31,64.7533782902483,0
-21.0,3.078297,34.31,64.1248781675256,0
-50.07,3.074459,34.31,64.1248781675256,0
42.48,3.075738,34.31,64.1248781675256,0
12.04,3.07318,34.31,64.7533782902483,0
-62.96,3.080856,34.31,64.7533782902483,0
51.86,3.077018,34.31,64.7533782902483,0
50.49,3.078297,34.31,64.7533782902483,0
-13.7,3.07318,34.31,64.1248781675256,0
-58.22,3.074459,34.31,64.1248781675256,0
31.2,3.077018,34.31,64.1248781675256,0
8.37,3.077018,34.31,64.1248781675256,0
-75.38,3.077018,34.31,64.7533782902483,0
39.32,3.074459,34.31,64.1248781675256,0
13.26,3.077018,34.31,64.1248781675256,0
-65.48,3.078297,34.31,64.1248781675256,0
49.05,3.080856,34.31,64.1248781675256,0
48.23,3.082135,34.31,64.7533782902483,0
-28.62,3.079576,34.31,64.7533782902483,0
-36.54,3.071901,34.31,64.1248781675256,0
57.21,3.074459,34.31,64.1248781675256,0
7.7,3.077018,34.31,64.1248781675256,0
-45.62,3.074459,34.31,64.1248781675256,0
33.93,3.075738,34.31,64.1248781675256,0
44.11,3.068063,34.33,64.1248781675256,0
-14.55,3.075738,34.33,64.1248781675256,0
-64.45,3.075738,34.33,64.1248781675256,0
34.56,3.075738,34.33,64.1248781675256,0
14.89,3.075738,34.33,64.1248781675256,0
-47.3,3.071901,34.33,64.1248781675256,0
23.07,3.070621,34.33,64.1248781675256,0
40.2,3.071901,34.33,64.7533782902483,0
4.14,3.07318,34.31,64.7533782902483,0
-68.12,3.07318,34.31,64.7533782902483,0
38.35,3.071901,34.31,64.389440128021,0
36.81,3.075738,34.31,64.389440128021,0
-13.93,3.071901,34.29,63.75735251718032,0
-57.97,3.07318,34.29,63.75735251718032,0
20.79,3.074459,34.29,64.7533782902483,0
-1.88,3.07318,34.29,64.389440128021,0
-62.16,3.064225,34.31,64.1248781675256,0
22.81,3.068063,34.31,64.1248781675256,0
4.67,3.071901,34.31,64.1248781675256,0
-76.16,3.069342,34.31,64.1248781675256,0
40.2,3.07318,34.31,63.75735251718032,0
29.8,3.07318,34.31,63.75735251718032,0
-41.82,3.05655,34.31,63.75735251718032,0
32.24,3.065505,34.31,63.75735251718032,0
42.77,3.069342,34.29,64.389440128021,0
-9.64,3.069342,34.29,64.389440128021,0
-63.01,3.069342,34.29,63.75735251718032,0
31.44,3.065505,34.29,63.75735251718032,0
13.16,3.062946,34.31,63.75735251718032,0
-50.51,3.068063,34.31,63.75735251718032,0
39.69,3.069342,34.31,63.75735251718032,0
30.76,3.070621,34.31,63.75735251718032,0
-42.0,3.071901,34.31,64.389440128021,0
24.02,3.070621,34.31,63.75735251718032,0
35.66,3.069342,34.31,63.75735251718032,0
-6.31,3.070621,34.31,64.389440128021,0
-85.41,3.068063,34.31,63.75735251718032,0
41.6,3.069342,34.31,64.389440128021,0
33.77,3.068063,34.31,64.389440128021,0
-21.36,3.068063,34.31,64.389440128021,0
-67.28,3.068063,34.31,63.75735251718032,0
31.52,3.070621,34.31,63.75735251718032,0
11.79,3.060387,34.31,63.75735251718032,0
-54.54,3.069342,34.31,64.389440128021,0
35.64,3.069342,34.33,63.75735251718032,0
35.14,3.065505,34.33,63.75735251718032,0
-31.2,3.068063,34.33,64.389440128021,0
-4.48,3.068063,34.33,63.75735251718032,0
50.45,3.068063,34.33,63.75735251718032,0
9.66,3.064225,34.33,63.75735251718032,0
-66.05,3.061667,34.33,64.389440128021,0
45.73,3.064225,34.33,63.75735251718032,0
51.01,3.068063,34.33,63.75735251718032,0
-9.78,3.064225,34.33,64.389440128021,0
-89.46,3.065505,34.33,64.389440128021,0
41.35,3.064225,34.33,63.75735251718032,0
36.3,3.065505,34.29,64.389440128021,0
-35.28,3.066784,34.29,64.389440128021,0
26.05,3.068063,34.29,63.75735251718032,0
38.5,3.065505,34.29,63.75735251718032,0
-30.47,3.066784,34.33,63.75735251718032,0
-13.38,3.061667,34.33,63.75735251718032,0
36.92,3.065505,34.33,64.45153217728807,0
1.76,3.065505,34.33,63.75735251718032,0
-81.53,3.061667,34.31,63.75735251718032,0
55.74,3.066784,34.31,64.389440128021,0
47.84,3.061667,34.31,63.75735251718032,0
-14.83,3.064225,34.31,63.75735251718032,0
-78.19,3.061667,34.31,63.75735251718032,0
41.31,3.066784,34.31,63.75735251718032,0
16.35,3.061667,34.31,63.75735251718032,0
-59.34,3.061667,34.31,63.75735251718032,0
47.98,3.05527,34.31,63.75735251718032,0
32.98,3.057829,34.31,63.75735251718032,0
-44.29,3.059108,34.31,64.45153217728807,0
27.4,3.059108,34.31,63.75735251718032,0
41.08,3.061667,34.31,63.75735251718032,0
-19.72,3.05655,34.31,64.389440128021,0
-57.95,3.059108,34.31,64.389440128021,0
50.1,3.057829,34.31,64.389440128021,0
16.39,3.059108,34.29,64.389440128021,0
-51.48,3.05527,34.29,64.389440128021,0
43.41,3.057829,34.29,63.75735251718032,0
43.2,3.048874,34.29,64.389440128021,0
-15.43,3.059108,34.33,63.75735251718032,0
-32.95,3.05655,34.33,64.389440128021,0
27.58,3.057829,34.33,64.389440128021,0
-10.89,3.05655,34.33,64.03905058634146,0
-53.82,3.05655,34.33,64.33506042586733,0
26.47,3.059108,34.33,65.00769185258002,0
0.54,3.05527,34.33,64.72248450113763,0
-70.75,3.059108,34.33,64.03124237432849,0
33.42,3.05655,34.34,64.03124237432849,0
41.0,3.061667,34.34,64.03124237432849,0
-23.9,3.046316,34.34,64.03124237432849,0
-22.76,3.060387,34.34,64.03124237432849,0
25.45,3.05655,34.33,64.03124237432849,0
-4.16,3.057829,34.33,64.03124237432849,0
-29.51,3.057829,34.33,64.69157595854347,0
22.19,3.057829,34.33,64.69157595854347,0
-13.95,3.057829,34.29,64.69157595854347,0
-45.22,3.059108,34.29,64.69157595854347,0
25.38,3.046316,34.29,64.69157595854347,0
-1.23,3.051433,34.29,64.03124237432849,0
-61.17,3.05527,34.29,64.69157595854347,0
29.27,3.041199,34.29,63.34824385884742,0
35.36,3.05655,34.29,64.03124237432849,0
-17.6,3.052712,34.29,64.35060217278468,0
-8.74,3.053991,34.31,64.35060217278468,0
30.46,3.052712,34.31,64.03905058634146,0
-8.68,3.050153,34.31,63.671029518926424,0
-63.41,3.052712,34.31,64.33506042586733,0
20.08,3.050153,34.33,64.33506042586733,0
2.52,3.057829,34.33,64.33506042586733,0
-73.23,3.051433,34.33,64.33506042586733,0
54.42,3.05527,34.33,64.33506042586733,0
35.22,3.048874,34.33,64.33506042586733,0
-32.49,3.051433,34.33,64.33506042586733,0
38.51,3.051433,34.33,64.33506042586733,0
37.47,3.051433,34.33,64.33506042586733,0
-25.88,3.052712,34.31,64.33506042586733,0
25.11,3.047595,34.31,64.33506042586733,0
23.17,3.050153,34.31,64.33506042586733,0
-26.16,3.048874,34.31,64.35060217278468,0
31.43,3.051433,34.31,65.37583651472461,0
29.49,3.048874,34.31,64.00781202322104,0
-39.68,3.050153,34.31,64.33506042586733,0
31.76,3.043757,34.31,64.00781202322104,0
32.13,3.050153,34.33,64.66838485689897,0
-24.25,3.048874,34.33,64.66838485689897,0
22.21,3.048874,34.33,64.00781202322104,0
15.47,3.048874,34.33,64.00781202322104,0
-25.01,3.043757,34.31,64.00781202322104,0
24.24,3.048874,34.31,64.35837163881635,0
18.39,3.046316,34.31,64.00781202322104,0
-40.16,3.048874,34.31,64.00781202322104,0
37.65,3.043757,34.33,64.35837163881635,0
16.93,3.050153,34.33,64.35837163881635,0
-69.33,3.041199,34.33,64.35837163881635,0
34.09,3.042478,34.33,64.00781202322104,0
17.51,3.046316,34.31,64.35837163881635,0
-51.94,3.045037,34.31,64.35837163881635,0
49.29,3.045037,34.31,64.35837163881635,0
1.62,3.042478,34.31,64.35837163881635,0
-50.29,3.045037,34.31,64.00781202322104,0
39.55,3.046316,34.31,64.35837163881635,0
26.56,3.046316,34.31,64.00781202322104,0
-37.13,3.03864,34.31,64.00781202322104,0
34.95,3.046316,34.31,64.00781202322104,0
21.41,3.041199,34.31,64.00781202322104,0
-53.04,3.045037,34.31,64.00781202322104,0
29.83,3.043757,34.31,64.00781202322104,0
19.47,3.045037,34.33,64.35837163881635,0
-44.27,3.045037,34.33,64.00781202322104,0
35.0,3.041199,34.33,64.00781202322104,0
36.31,3.047595,34.33,64.35837163881635,0
-26.94,3.039919,34.34,64.00781202322104,0
-33.11,3.048874,34.34,64.35837163881635,0
30.59,3.045037,34.34,64.00781202322104,0
7.14,3.041199,34.34,64.00781202322104,0
-62.64,3.03864,34.34,64.35837163881635,0
38.31,3.042478,34.34,64.00781202322104,0
21.53,3.041199,34.34,64.35837163881635,0
-51.69,3.039919,34.34,64.00781202322104,0
34.76,3.041199,34.31,64.00781202322104,0
27.71,3.03864,34.31,64.00781202322104,0
-37.66,3.041199,34.31,64.00781202322104,0
12.78,3.039919,34.31,64.00781202322104,0
41.56,3.039919,34.33,64.00781202322104,0
1.91,3.030965,34.33,64.35837163881635,0
-74.16,3.039919,34.33,64.00781202322104,0
41.37,3.034802,34.33,64.00781202322104,0
26.53,3.037361,34.33,64.389440128021,0
-38.08,3.03864,34.33,63.75735251718032,0
34.91,3.036082,34.33,64.389440128021,0
21.28,3.037361,34.33,63.7102817447859,0
-44.97,3.033523,34.31,64.389440128021,0
30.06,3.036082,34.31,64.389440128021,0
24.26,3.033523,34.31,64.389440128021,0
-30.85,3.039919,34.31,64.389440128021,0
30.42,3.034802,34.31,64.389440128021,0
44.62,3.03864,34.31,64.389440128021,0
-9.59,3.016893,34.31,64.389440128021,0
-34.0,3.030965,34.31,64.389440128021,0
31.83,3.030965,34.31,64.389440128021,0
12.56,3.032244,34.31,64.389440128021,0
-52.04,3.032244,34.31,64.389440128021,0
38.29,3.030965,34.31,64.389440128021,0
30.98,3.030965,34.31,64.389440128021,0
-40.49,3.030965,34.31,64.389440128021,0
27.05,3.030965,34.31,64.389440128021,0
33.47,3.028406,34.31,64.389440128021,0
-18.83,3.029685,34.31,64.389440128021,0
-58.13,3.02201,34.31,64.389440128021,0
32.67,3.029685,34.31,64.389440128021,0
18.68,3.027127,34.31,63.7102817447859,0
-35.59,3.030965,34.31,64.389440128021,0
-23.36,3.029685,34.31,64.389440128021,0
37.25,3.029685,34.31,64.389440128021,0
15.16,3.030965,34.31,64.389440128021,0
-29.93,3.030965,34.33,64.389440128021,0
18.86,3.033523,34.33,64.389440128021,0
19.77,3.030965,34.33,64.389440128021,0
-22.04,3.030965,34.33,64.389440128021,0
-35.92,3.020731,34.33,64.389440128021,0
23.48,3.028406,34.33,64.389440128021,0
-10.38,3.024568,34.33,64.389440128021,0
-80.8,3.027127,34.33,64.389440128021,0
38.11,3.024568,34.33,64.389440128021,0
25.71,3.030965,34.33,64.389440128021,0
-46.15,3.025848,34.33,64.389440128021,0
31.52,3.025848,34.33,64.389440128021,0
52.54,3.030965,34.31,64.389440128021,0
-1.26,3.027127,34.31,64.389440128021,0
-78.05,3.024568,34.31,64.389440128021,0
41.59,3.018172,34.31,64.389440128021,0
25.47,3.024568,34.33,64.389440128021,0
-45.59,3.019451,34.33,63.75735251718032,0
38.39,3.024568,34.33,63.75735251718032,0
39.23,3.024568,34.33,64.389440128021,0
-12.0,3.024568,34.31,64.81512169239521,0
-88.3,3.02201,34.31,73.08898685848642,0
56.68,3.020731,34.31,65.76473218982953,0
40.57,2.974678,34.31,54.78138369920935,0
-34.9,2.981074,34.29,64.96922348312314,0
10.16,3.028406,34.29,67.54257916307313,0
-20.42,3.020731,34.29,63.4428877022476,0
73.51,3.014334,34.29,63.14269553954757,0
73.89,2.973398,34.33,64.5832795698701,0
66.1,2.975957,34.33,62.24949798994366,0
-92.32,2.977236,34.33,61.68468205316454,0
-64.68,2.974678,34.33,64.5445582524197,0
86.57,2.975957,34.31,62.55397669213365,0
-18.01,2.979795,34.31,64.00781202322104,0
-105.25,2.975957,34.31,63.45076831686122,0
77.33,2.974678,34.31,63.45076831686122,0
-48.38,2.979795,34.31,63.686733312362634,0
-98.14,2.973398,34.31,62.69768735766894,0
-47.78,2.972119,34.31,64.26507605223851,0
72.83,3.007938,34.31,65.5286197016235,0
48.23,2.95293,34.33,60.802960454241045,0
-33.92,2.949093,34.33,67.23838189605696,0
-43.48,2.945255,34.33,63.229739838148944,0
-49.84,2.95293,34.33,63.35613624582863,0
15.51,2.958047,34.31,65.30696746902278,0
-99.45,2.964444,34.31,65.12296062065974,0
61.35,2.959327,34.31,65.11528238439882,0
85.48,2.958047,34.31,64.33506042586733,0
-20.23,2.951651,34.31,65.11528238439882,0
79.29,2.955489,34.31,65.31462317123173,0
54.37,2.95293,34.31,65.31462317123173,0
-25.22,2.951651,34.31,65.12296062065974,0
37.3,2.951651,34.34,65.31462317123173,0
35.16,2.950372,34.34,65.12296062065974,0
-19.44,2.950372,34.34,65.31462317123173,0
32.32,2.947813,34.34,65.31462317123173,0
34.97,2.950372,34.33,65.12296062065974,0
-25.54,2.941417,34.33,65.30696746902278,0
-7.44,2.949093,34.33,66.10597552415364,0
34.28,2.942696,34.33,65.30696746902278,0
0.34,2.947813,34.31,65.30696746902278,0
-61.85,2.949093,34.31,65.11528238439882,0
30.88,2.931183,34.31,65.30696746902278,0
14.23,2.940138,34.31,65.31462317123173,0
-34.37,2.938859,34.31,65.30696746902278,0
4.65,2.943976,34.31,65.31462317123173,0
18.53,2.940138,34.31,65.30696746902278,0
-24.27,2.942696,34.31,65.30696746902278,0
3.53,2.931183,34.34,65.30696746902278,0
16.45,2.942696,34.34,65.31462317123173,0
-7.12,2.937579,34.34,65.30696746902278,0
-49.08,2.940138,34.34,65.11528238439882,0
22.41,2.940138,34.31,65.30696746902278,0
10.03,2.940138,34.31,65.12296062065974,0
-37.11,2.938859,34.31,65.31462317123173,0
20.54,2.937579,34.31,65.11528238439882,0
23.57,2.937579,34.31,67.446274915669,0
-6.52,2.933742,34.31,65.13063795173512,0
-23.35,2.983632,34.31,64.72248450113763,0
16.97,2.986191,34.31,63.3798075099633,0
-1.7,3.000263,34.34,63.82789358893179,0
-30.14,2.991308,34.34,64.06246951218786,0
218.07,2.95293,34.34,63.796551630946325,0
76.7,2.943976,34.34,64.81512169239521,0
-201.1,2.941417,34.31,61.212743771211564,0
-95.99,2.943976,34.31,63.60031446463138,0
-98.15,2.942696,34.31,64.26507605223851,0
2.47,2.943976,34.31,63.88270501473775,0
48.54,2.940138,34.29,65.03076195155643,0
31.69,2.942696,34.29,65.03076195155643,0
-21.53,2.937579,34.29,63.94528911499267,0
2.3,2.938859,34.29,63.72597586541927,0
23.02,2.932462,34.31,63.35613624582863,0
-17.88,2.941417,34.31,61.465437442517235,0
-18.19,2.942696,34.31,63.419239982831705,0
46.56,2.942696,34.31,63.88270501473775,0
24.15,2.926066,34.33,64.07807737440318,0
-8.95,2.918391,34.33,64.07807737440318,0
21.12,2.915832,34.33,68.37397165588672,0
-145.55,2.794303,34.33,66.51315659326356,0
-71.72,2.374709,34.31,64.38167441127949,0
-5.86,2.252875,34.31,64.1248781675256,0
87.18,2.229848,34.31,64.389440128021,0
19.33,2.259271,34.31,65.76473218982953,0
-39.66,2.315558,34.31,65.76473218982953,0
60.57,2.497212,34.31,65.06150935845248,0
27.53,2.549661,34.31,65.76473218982953,0
-53.97,2.625137,34.31,64.82283548256741,0
41.2,2.704451,34.33,64.59876159803684,0
21.76,2.719801,34.33,64.82283548256741,0
-54.21,2.727477,34.33,64.82283548256741,0
56.91,2.733873,34.33,65.76473218982953,0
37.03,2.746666,34.33,66.01514977639603,0
-20.73,2.764575,34.33,65.07687761409578,0
16.97,2.758179,34.33,65.76473218982953,0
26.04,2.768413,34.33,66.0,0
-17.99,2.782485,34.31,64.82283548256741,0
-44.28,2.788881,34.31,65.76473218982953,0
28.44,2.792719,34.31,64.82283548256741,0
-2.35,2.786323,34.31,65.5286197016235,0
-35.47,2.797836,34.31,64.38167441127949,0
18.66,2.869474,34.31,64.41273166075166,0
4.39,2.896338,34.31,62.78534860936905,0
-49.04,2.902735,34.31,67.7347768875044,0
31.86,2.900176,34.31,67.1863081289633,0
16.7,2.895059,34.31,65.40642170307133,0
-23.32,2.91041,34.31,59.033888572581766,0
4.11,2.942391,34.31,62.056425936400814,0
14.53,2.94495,34.29,65.62773803811922,0
-5.27,2.933436,34.29,65.80273550544841,0
-20.83,2.939833,34.29,64.91532946846992,0
116.9,2.939833,34.29,64.77653896280658,0
-70.23,2.937274,34.33,71.79832867135558,0
-24.22,2.941112,34.33,53.777318638995006,0
14.3,2.941112,34.33,65.87867636800242,0
-17.96,2.964139,34.33,63.82789358893179,0
-56.92,2.998983,34.31,63.4428877022476,0
63.89,3.010497,34.31,62.8728876384726,0
174.02,3.011776,34.31,64.8074069840786,0
10.89,3.015614,34.31,62.71363488110062,0
-139.2,3.013055,34.31,62.13694553162394,0
-7.29,3.020731,34.31,63.20601237224193,0
-14.15,3.001542,34.31,64.38167441127949,0
-57.34,3.010497,34.31,63.686733312362634,0
-49.86,3.014334,34.31,65.06919393998976,0
-52.4,3.013055,34.31,64.85368146836385,0
-65.12,3.007938,34.31,63.796551630946325,0
33.64,2.998983,34.31,62.6418390534633,0
19.91,2.997704,34.29,63.82789358893179,0
-67.83,2.997704,34.29,63.608175575157006,0
10.52,2.998983,34.29,63.89053137985315,0
70.26,2.992587,34.29,64.41273166075166,0
19.67,2.98875,34.33,64.41273166075166,0
-54.78,2.984912,34.33,64.41273166075166,0
43.78,2.979795,34.33,63.25345840347388,0
40.47,2.959327,34.33,63.03967004989794,0
-49.39,2.959327,34.33,64.53681120105021,0
39.02,2.960606,34.33,64.5445582524197,0
19.74,2.956768,34.33,64.56779382943171,0
-37.98,2.960606,34.33,63.095166217389426,0
63.03,2.959327,34.31,64.1248781675256,0
126.19,2.960606,34.31,66.91786009728644,0
-53.22,3.034802,34.31,65.31462317123173,0
-93.82,3.014334,34.31,62.369864518050704,0
93.76,3.007938,34.31,63.03967004989794,0
168.89,2.967002,34.31,62.81719509815764,0
-169.11,2.958047,34.31,63.56886030125127,0
-115.61,2.961885,34.31,57.28001396647874,0
27.73,2.959327,34.31,60.868711174132805,0
-34.93,2.958047,34.31,68.87670143089025,0
-24.14,2.941417,34.31,88.10221336606703,0
62.94,2.881292,34.31,61.5223536610881,0
-108.86,2.848032,34.31,66.70082458260917,0
-330.28,2.846752,34.31,63.12685640834652,0
54.13,2.844194,34.31,74.7127833774114,0
53.84,2.818609,34.31,47.56048780237646,0
13.65,2.909436,34.33,63.92182725798755,0
102.58,2.997704,34.33,64.89221833163049,0
184.04,2.996425,34.33,65.19202405202648,0
361.08,2.993866,34.33,64.10148204214939,0
243.12,2.967002,34.31,68.00735254367721,0
-271.14,2.996425,34.31,61.98386886924694,0
-181.33,3.00538,34.31,73.68174807915459,0
-42.7,3.028406,34.31,67.49814812274482,0
194.59,2.984912,34.31,63.984373092185564,0
-167.74,2.940138,34.31,74.16872656315464,0
-183.34,2.882571,34.31,65.76473218982953,0
43.45,2.826284,34.31,67.43886120034946,0
-226.97,2.823726,34.31,65.64297372910524,0
-44.69,2.827564,34.31,70.80254232723568,0
161.36,2.823726,34.31,66.16645675869307,0
76.67,2.821167,34.31,65.34523701081817,0
39.53,2.845473,34.29,64.22616289332565,0
-69.54,2.855707,34.29,66.16645675869307,0
38.26,2.854428,34.29,64.4437739428721,0
20.47,2.858266,34.29,65.86349520030045,0
-58.48,2.854428,34.31,64.56779382943171,0
54.46,2.858266,34.31,64.19501538281614,0
21.28,2.849311,34.31,64.26507605223851,0
-59.61,2.856987,34.31,66.37770710110436,0
38.72,2.858266,34.31,64.18722614352485,0
50.98,2.862103,34.31,66.37770710110436,0
-9.27,2.858266,34.31,64.56779382943171,0
3.29,2.865941,34.31,66.09841147864296,0
59.84,2.864662,34.29,65.06150935845248,0
20.82,2.862103,34.29,65.3299318842443,0
-83.42,2.865941,34.29,66.09841147864296,0
4.5,2.865941,34.29,66.83561924602779,0
5.56,2.873617,34.31,65.49045732013177,0
-46.03,2.860824,34.31,67.43886120034946,0
32.47,2.856987,34.31,66.30987860040162,0
-0.18,2.828843,34.31,64.69930447848725,0
-68.48,2.780231,34.31,65.00769185258002,0
51.63,2.704756,34.31,67.7716754994297,0
-16.6,2.688125,34.31,66.58828725834597,0
-78.96,2.825005,34.31,65.55150646628954,0
24.95,2.846752,34.31,66.84309986827361,0
63.85,2.855707,34.31,62.27358990776106,0
10.02,2.871058,34.31,65.62773803811922,0
-23.09,2.878734,34.31,67.94115100585212,0
19.63,2.871058,34.31,56.595052787324086,0
2.43,2.8685,34.31,64.77653896280658,0
7.61,2.837798,34.31,67.68308503607086,0
-26.54,2.845473,34.31,62.80923498976882,0
14.77,2.877455,34.33,56.938563381947034,0
-61.63,2.903039,34.33,67.11184694225007,0
-57.09,2.963164,34.33,64.39720490828775,0
8.06,2.967002,34.33,71.11258679024411,0
65.21,2.91967,34.31,66.5432190384565,0
169.1,2.910715,34.31,65.91661399070799,0
-51.22,2.913274,34.31,61.1310068623117,0
-90.04,2.909436,34.31,65.09224224129939,0
-59.4,2.908157,34.31,63.953107821277925,0
6.38,2.903039,34.31,64.41273166075166,0
-12.91,2.904319,34.31,63.12685640834652,0
-81.28,2.896643,34.31,63.26926584053272,0
-19.64,2.904319,34.33,63.608175575157006,0
48.41,2.896643,34.33,64.89992295835181,0
-4.8,2.904319,34.33,63.76519426771944,0
32.5,2.903039,34.33,64.89221833163049,0
18.64,2.900481,34.33,64.35060217278468,0
-25.47,2.90176,34.33,64.42049363362563,0
-4.14,2.90176,34.33,63.60031446463138,0
-14.58,2.903039,34.33,63.60031446463138,0
-32.24,2.899202,34.29,64.42049363362563,0
34.22,2.90176,34.29,64.7533782902483,0
25.33,2.894085,34.29,64.41273166075166,0
-14.79,2.90176,34.29,64.07807737440318,0
-32.92,2.897923,34.31,63.60031446463138,0
22.33,2.903039,34.31,64.7533782902483,0
-12.81,2.899202,34.31,64.7533782902483,0
-65.96,2.897923,34.31,63.60031446463138,0
17.1,2.900481,34.33,64.42049363362563,0
13.48,2.899202,34.33,63.60031446463138,0
-62.75,2.899202,34.33,63.96092557178953,0
44.05,2.894085,34.33,64.42049363362563,0
40.13,2.896643,34.31,64.42049363362563,0
-38.67,2.891526,34.31,64.42049363362563,0
-7.21,2.896643,34.31,63.60031446463138,0
66.16,2.890247,34.31,63.96092557178953,0
25.79,2.896643,34.31,63.96092557178953,0
-62.07,2.896643,34.31,64.7533782902483,0
28.91,2.896643,34.31,63.96092557178953,0
54.37,2.895364,34.31,63.96092557178953,0
-9.77,2.896643,34.33,64.42049363362563,0
-78.69,2.90176,34.33,64.7533782902483,0
38.26,2.895364,34.33,63.96092557178953,0
19.89,2.896643,34.33,63.96092557178953,0
-80.06,2.887689,34.31,63.96092557178953,0
49.27,2.897923,34.31,63.96092557178953,0
32.57,2.888968,34.31,65.12296062065974,0
-48.97,2.894085,34.31,63.13477647065839,0
34.62,2.891526,34.31,66.47555941848101,0
49.18,2.890247,34.31,67.52777206453653,0
-0.39,2.892806,34.31,65.99242380758567,0
-93.53,2.894085,34.31,65.1536645170477,0
3.63,2.892806,34.31,65.64297372910524,0
59.74,2.887689,34.31,66.15889962809237,0
-24.67,2.891526,34.31,64.07807737440318,0
-83.97,2.883851,34.31,63.75735251718032,0
-33.84,2.894085,34.31,65.58200972827838,0
24.03,2.888968,34.31,65.0,0
-113.07,2.888968,34.31,65.22269543648132,0
66.59,2.887689,34.31,65.0,0
108.17,2.888968,34.31,65.0,0
-85.21,2.891526,34.31,65.0,0
57.05,2.88513,34.31,65.58200972827838,0
64.24,2.886409,34.31,65.0,0
-36.56,2.886409,34.29,65.0,0
59.46,2.88513,34.29,65.0,0
49.98,2.877455,34.29,64.69930447848725,0
-21.28,2.881292,34.29,66.24952830020754,0
-4.27,2.877455,34.33,65.0,0
53.87,2.883851,34.33,64.1248781675256,0
-12.66,2.881292,34.33,64.1248781675256,0
-91.08,2.877455,34.33,65.0,0
20.53,2.877455,34.31,65.0,0
-4.39,2.878734,34.31,65.0,0
-89.55,2.878734,34.31,65.22269543648132,0
37.0,2.873617,34.31,65.7723346096214,0
0.76,2.876175,34.29,64.87680633323437,0
-84.08,2.860824,34.29,65.52098900352466,0
58.76,2.859545,34.29,64.33506042586733,0
45.26,2.86722,34.29,64.93843238021688,0
-14.08,2.86722,34.29,65.22269543648132,0
-91.48,2.86722,34.29,64.93843238021688,0
63.68,2.864662,34.29,63.984373092185564,0
37.86,2.865941,34.29,62.42595614005443,0
-23.99,2.863383,34.31,66.332495807108,0
-62.29,2.869779,34.31,63.93746945258312,0
25.47,2.864662,34.31,64.22616289332565,0
11.15,2.862103,34.31,65.13063795173512,0
-46.81,2.856987,34.31,64.8459713474939,0
53.15,2.856987,34.31,64.22616289332565,0
21.72,2.856987,34.31,65.42935121182236,0
-33.28,2.854428,34.31,63.93746945258312,0
45.43,2.855707,34.33,66.06814663663572,0
11.14,2.846752,34.33,64.57553716385176,0
-34.0,2.855707,34.33,64.57553716385176,0
41.43,2.855707,34.33,64.57553716385176,0
6.18,2.855707,34.31,64.57553716385176,0
-62.49,2.855707,34.31,64.57553716385176,0
12.76,2.85059,34.31,63.66317616958802,0
-0.03,2.849311,34.31,66.4981202741852,0
-7.19,2.854428,34.33,61.91930232165088,0
16.2,2.906877,34.33,62.52999280345393,0
-10.84,2.865941,34.33,63.26926584053272,0
93.08,2.864662,34.33,64.50581369148055,0
219.79,2.849311,34.33,63.953107821277925,0
-112.18,2.85187,34.33,65.45991139621256,0
-120.47,2.846752,34.33,64.27285585688566,0
-131.64,2.844194,34.33,65.19202405202648,0
-105.43,2.844194,34.31,64.27285585688566,0
40.34,2.842915,34.31,64.57553716385176,0
28.04,2.836519,34.31,64.57553716385176,0
-25.58,2.839077,34.31,64.01562309311689,0
33.44,2.839077,34.33,64.27285585688566,0
5.93,2.836519,34.33,64.57553716385176,0
-12.78,2.836519,34.33,64.01562309311689,0
21.19,2.832681,34.33,64.319514923544,0
-9.09,2.835239,34.31,64.319514923544,0
2.3,2.827564,34.31,65.23802572120036,0
35.23,2.837798,34.31,64.93843238021688,0
-24.13,2.831402,34.31,64.27285585688566,0
15.35,2.832681,34.31,64.57553716385176,0
39.39,2.830122,34.31,64.319514923544,0
-22.22,2.832681,34.31,64.57553716385176,0
48.69,2.830122,34.31,64.57553716385176,0
33.17,2.828843,34.31,65.23802572120036,0
-38.25,2.832681,34.31,64.319514923544,0
31.03,2.827564,34.31,65.23802572120036,0
18.74,2.827564,34.31,64.319514923544,0
-37.94,2.821167,34.33,65.23802572120036,0
27.37,2.828843,34.33,65.23802572120036,0
10.07,2.827564,34.33,65.23802572120036,0
-47.81,2.822447,34.33,64.319514923544,0
18.44,2.821167,34.29,64.319514923544,0
6.06,2.827564,34.29,65.23802572120036,0
-29.73,2.826284,34.29,64.27285585688566,0
7.91,2.821167,34.29,65.23802572120036,0
-15.94,2.823726,34.33,64.319514923544,0
-13.46,2.819888,34.33,65.23802572120036,0
8.87,2.823726,34.33,64.01562309311689,0
-11.78,2.819888,34.33,64.57553716385176,0
-4.81,2.822447,34.33,65.49809157525127,0
19.53,2.813492,34.33,63.773035054010094,0
0.53,2.821167,34.33,64.69930447848725,0
-27.97,2.813492,34.33,65.0,0
26.28,2.818609,34.29,65.0,0
-14.85,2.81733,34.29,65.0,0
-43.95,2.816051,34.29,65.0,0
3.4,2.814771,34.29,65.0,0
-3.29,2.813492,34.33,63.773035054010094,0
0.51,2.818609,34.33,65.0,0
26.04,2.812213,34.33,65.23802572120036,0
-23.68,2.816051,34.33,65.23802572120036,0
1.51,2.813492,34.33,65.23802572120036,0
29.8,2.81733,34.33,63.773035054010094,0
-15.72,2.808375,34.33,64.319514923544,0
-37.59,2.813492,34.33,65.23802572120036,0
40.25,2.810933,34.31,65.23802572120036,0
18.9,2.809654,34.31,64.93843238021688,0
-40.34,2.794303,34.31,64.319514923544,0
24.62,2.800699,34.31,65.23802572120036,0
43.91,2.803258,34.33,64.319514923544,0
4.72,2.800699,34.33,64.319514923544,0
-59.08,2.803258,34.33,64.93843238021688,0
28.67,2.798141,34.33,65.23802572120036,0
19.19,2.801979,34.31,65.23802572120036,0
-29.02,2.796862,34.31,65.23802572120036,0
21.08,2.79942,34.31,65.23802572120036,0
28.36,2.79942,34.31,65.23802572120036,0
-24.02,2.798141,34.31,64.319514923544,0
-17.34,2.801979,34.31,65.23802572120036,0
26.55,2.796862,34.31,65.23802572120036,0
1.74,2.798141,34.31,64.319514923544,0
-65.24,2.796862,34.31,64.01562309311689,0
32.9,2.803258,34.31,65.23802572120036,0
27.09,2.796862,34.31,64.93843238021688,0
-33.04,2.798141,34.31,65.23802572120036,0
18.2,2.793024,34.31,65.23802572120036,0
32.36,2.798141,34.31,65.23802572120036,0
-15.54,2.795583,34.31,64.319514923544,0
-50.88,2.791745,34.31,64.319514923544,0
33.47,2.794303,34.33,65.23802572120036,0
5.97,2.794303,34.33,65.23802572120036,0
-58.0,2.795583,34.33,65.23802572120036,0
30.05,2.789186,34.33,65.23802572120036,0
6.36,2.791745,34.31,65.23802572120036,0
-71.65,2.789186,34.31,65.23802572120036,0
40.4,2.793024,34.31,65.23802572120036,0
42.62,2.784069,34.31,65.23802572120036,0
-24.25,2.789186,34.31,65.23802572120036,0
-26.5,2.789186,34.31,65.23802572120036,0
38.48,2.790465,34.31,65.23802572120036,0
11.48,2.789186,34.31,65.23802572120036,0
-54.86,2.787907,34.31,65.23802572120036,0
34.35,2.786628,34.31,64.319514923544,0
30.83,2.785348,34.31,64.319514923544,0
-31.37,2.784069,34.31,65.23802572120036,0
18.27,2.78279,34.29,65.23802572120036,0
25.86,2.785348,34.29,64.319514923544,0
-20.78,2.776394,34.29,65.23802572120036,0
-26.57,2.78279,34.29,65.23802572120036,0
36.62,2.778952,34.31,64.319514923544,0
2.48,2.784069,34.31,65.23802572120036,0
-78.28,2.777673,34.31,65.23802572120036,0
39.13,2.780231,34.31,64.319514923544,0
46.97,2.778952,34.31,65.23802572120036,0
-24.42,2.78279,34.31,65.23802572120036,0
-18.7,2.78279,34.31,65.23802572120036,0
33.34,2.780231,34.31,65.23802572120036,0
1.5,2.778952,34.33,64.319514923544,0
-63.19,2.771277,34.33,64.319514923544,0
27.55,2.776394,34.33,64.319514923544,0
10.41,2.771277,34.33,65.23802572120036,0
-50.31,2.778952,34.33,64.319514923544,0
38.91,2.772556,34.33,64.319514923544,0
17.46,2.775115,34.33,65.23802572120036,0
-44.9,2.767439,34.33,65.23802572120036,0
24.72,2.776394,34.31,65.23802572120036,0
35.92,2.775115,34.31,65.23802572120036,0
-12.31,2.775115,34.31,64.01562309311689,0
-28.29,2.773835,34.31,65.23802572120036,0
30.7,2.771277,34.31,65.23802572120036,0
3.8,2.773835,34.31,66.79820356865893,0
-72.09,2.769997,34.31,58.60887304837041,0
23.78,2.79942,34.31,61.91930232165088,0
26.71,2.79942,34.33,63.419239982831705,0
10.0,2.862103,34.33,60.753600716336145,0
241.83,2.858266,34.33,63.76519426771944,0
50.36,2.812213,34.33,57.253820833198546,0
-163.19,2.825005,34.33,65.60487786742691,0
-180.93,2.819888,34.33,64.35060217278468,0
-103.89,2.808375,34.33,66.76825593049439,0
-16.07,2.795583,34.33,65.55150646628954,0
-40.12,2.769997,34.33,61.40846847137616,0
-199.0,2.762322,34.33,98.11218069128827,0
42.64,2.763601,34.33,56.382621436041795,0
24.23,2.791745,34.33,68.19824044651006,0
37.68,2.848032,34.33,63.4428877022476,0
58.88,2.805816,34.33,63.72597586541927,0
67.79,2.790465,34.33,62.24949798994366,0
270.61,2.796862,34.33,66.83561924602779,0
-82.98,2.778952,34.33,68.4178339323893,0
-162.04,2.785348,34.33,63.229739838148944,0
-32.11,2.839077,34.33,62.76941930590086,0
89.14,2.800699,34.33,63.56099432828282,0
-46.87,2.796862,34.33,60.83584469702052,0
242.29,2.800699,34.33,64.29618962271404,0
-103.28,2.801979,34.33,62.36184731067546,0
-126.63,2.801979,34.33,63.92182725798755,0
11.74,2.798141,34.31,65.49809157525127,0
55.8,2.801979,34.31,64.69157595854347,0
-96.44,2.798141,34.31,61.35144660071187,0
-20.72,2.821167,34.31,60.30754513325841,0
-80.25,2.858266,34.31,64.45153217728807,0
-1.83,2.860824,34.31,63.51377803280167,0
246.14,2.809654,34.31,62.32976816898969,0
-79.09,2.810933,34.31,64.5832795698701,0
-136.75,2.805816,34.31,64.26507605223851,0
-126.3,2.79942,34.31,64.10148204214939,0
-32.11,2.801979,34.31,64.16385275215322,0
100.74,2.800699,34.31,64.35837163881635,0
95.65,2.800699,34.33,63.631753079732135,0
-34.7,2.800699,34.33,64.35837163881635,0
58.36,2.79942,34.33,64.35837163881635,0
37.04,2.795583,34.33,62.0,0
-62.9,2.800699,34.31,63.387695966961914,0
52.92,2.804537,34.31,62.0,0
26.06,2.805816,34.31,65.45991139621256,0
43.67,2.800699,34.31,62.03224967708329,0
101.17,2.801979,34.33,64.07027391856539,0
-47.01,2.79942,34.33,63.25345840347388,0
-54.63,2.79942,34.33,64.59876159803684,0
20.59,2.800699,34.33,63.89053137985315,0
-149.51,2.800699,34.33,62.49799996799898,0
-34.74,2.801979,34.33,63.89053137985315,0
43.16,2.796862,34.33,63.190189111918315,0
-8.64,2.793024,34.33,63.89053137985315,0
-88.34,2.794303,34.34,63.190189111918315,0
-4.62,2.796862,34.34,64.07027391856539,0
2.59,2.789186,34.34,64.07027391856539,0
-42.93,2.794303,34.34,64.07027391856539,0
46.6,2.780231,34.33,64.07027391856539,0
18.21,2.794303,34.33,64.77653896280658,0
-48.04,2.787907,34.33,64.77653896280658,0
30.11,2.789186,34.33,63.190189111918315,0
39.29,2.786628,34.31,63.89053137985315,0
4.68,2.789186,34.31,63.89053137985315,0
43.54,2.78279,34.31,63.89053137985315,0
0.85,2.786628,34.31,63.190189111918315,0
17.19,2.785348,34.33,63.89053137985315,0
-58.57,2.785348,34.33,63.89053137985315,0
16.37,2.784069,34.33,64.5832795698701,0
-9.36,2.781511,34.33,64.07027391856539,0
-64.15,2.78279,34.31,64.5832795698701,0
31.11,2.778952,34.31,64.07027391856539,0
20.33,2.78279,34.31,64.77653896280658,0
-28.01,2.781511,34.31,64.07027391856539,0
60.13,2.78279,34.31,64.07027391856539,0
1.42,2.769997,34.31,64.07027391856539,0
-78.13,2.78279,34.31,64.77653896280658,0
38.95,2.781511,34.31,64.07027391856539,0
47.05,2.780231,34.33,64.07027391856539,0
-18.26,2.784069,34.33,64.07027391856539,0
36.88,2.780231,34.33,63.387695966961914,0
38.36,2.780231,34.33,63.387695966961914,0
-6.32,2.777673,34.33,64.07027391856539,0
-21.65,2.780231,34.33,63.89053137985315,0
27.96,2.775115,34.33,64.07027391856539,0
3.15,2.776394,34.33,64.07027391856539,0
-44.19,2.768718,34.33,64.07027391856539,0
26.68,2.777673,34.33,64.07027391856539,0
20.65,2.769997,34.33,63.387695966961914,0
-37.8,2.773835,34.33,64.07027391856539,0
38.92,2.76488,34.33,64.77653896280658,0
-7.47,2.772556,34.33,64.07027391856539,0
-16.72,2.771277,34.33,64.07027391856539,0
-30.26,2.771277,34.33,64.07027391856539,0
25.97,2.769997,34.33,63.89053137985315,0
18.63,2.771277,34.33,64.07027391856539,0
-11.74,2.754646,34.33,63.387695966961914,0
-49.69,2.757205,34.33,64.07027391856539,0
20.32,2.763601,34.34,63.387695966961914,0
18.35,2.761043,34.34,64.07027391856539,0
-12.74,2.763601,34.34,63.387695966961914,0
-18.44,2.761043,34.34,64.10148204214939,0
19.64,2.762322,34.33,63.387695966961914,0
0.84,2.754646,34.33,64.10148204214939,0
-44.85,2.762322,34.33,64.10148204214939,0
12.21,2.76616,34.33,63.387695966961914,0
13.86,2.762322,34.34,64.10148204214939,0
-13.52,2.762322,34.34,63.387695966961914,0
-25.82,2.757205,34.34,63.387695966961914,0
19.42,2.761043,34.34,63.387695966961914,0
14.46,2.755926,34.33,64.10148204214939,0
-32.66,2.763601,34.33,64.10148204214939,0
22.94,2.757205,34.33,64.10148204214939,0
18.81,2.761043,34.33,64.10148204214939,0
-14.21,2.759763,34.33,64.10148204214939,0
14.38,2.758484,34.33,64.10148204214939,0
20.67,2.759763,34.33,64.10148204214939,0
-23.99,2.757205,34.33,64.10148204214939,0
-14.89,2.757205,34.33,64.10148204214939,0
24.24,2.749529,34.33,64.10148204214939,0
1.74,2.755926,34.33,64.10148204214939,0
-57.65,2.750809,34.33,64.10148204214939,0
32.13,2.754646,34.33,64.35837163881635,0
22.73,2.753367,34.33,65.7419196555744,0
-26.94,2.755926,34.33,65.09224224129939,0
15.88,2.757205,34.33,64.33506042586733,0
5.55,2.758484,34.34,67.30527468185537,0
-69.47,2.762322,34.34,62.00806399170998,0
-8.88,2.755926,34.34,65.06919393998976,0
60.43,2.752088,34.34,72.3118247591637,0
78.08,2.745692,34.34,62.68173577685928,0
34.3,2.784069,34.34,59.1100668245266,0
-43.8,2.808375,34.34,63.419239982831705,0
-18.79,2.781511,34.34,63.53739056650029,0
159.44,2.768718,34.34,65.91661399070799,0
155.15,2.772556,34.34,65.3299318842443,0
-233.05,2.769997,34.34,63.812224534175265,0
-89.9,2.769997,34.34,64.10148204214939,0
4.7,2.773835,34.31,63.984373092185564,0
36.53,2.769997,34.31,68.51277253184256,0
-8.9,2.803258,34.31,68.07348970047003,0
-12.1,2.777673,34.31,63.15853069855251,0
34.18,2.771277,34.33,63.89053137985315,0
62.39,2.76488,34.33,64.50581369148055,0
2.01,2.767439,34.33,61.1310068623117,0
-48.5,2.76616,34.33,68.62943974709395,0
-56.02,2.769997,34.34,68.60029154456998,0
-101.37,2.76616,34.34,63.13477647065839,0
-5.49,2.76616,34.34,64.63745044476924,0
-6.95,2.76488,34.34,68.37397165588672,0
-88.44,2.763601,34.33,63.166446789415026,0
-45.67,2.758484,34.33,62.625873247404705,0
48.0,2.746971,34.33,67.12674578735364,0
39.86,2.755926,34.33,62.20932405998316,0
-12.25,2.791745,34.33,65.75712889109438,0
63.5,2.813492,34.33,66.30987860040162,0
70.03,2.763601,34.33,64.1482657598785,0
89.57,2.762322,34.33,64.1482657598785,0
53.83,2.758484,34.31,66.6783323126786,0
-163.63,2.761043,34.31,65.3299318842443,0
-19.18,2.761043,34.31,64.29618962271404,0
-20.66,2.761043,34.31,65.06150935845248,0
62.67,2.757205,34.34,65.06150935845248,0
10.82,2.758484,34.34,64.29618962271404,0
-71.04,2.752088,34.34,63.7102817447859,0
36.72,2.757205,34.34,63.7102817447859,0
15.01,2.758484,34.33,63.7102817447859,0
-64.78,2.754646,34.33,63.7102817447859,0
68.7,2.757205,34.33,63.7102817447859,0
33.55,2.755926,34.33,64.48255578061404,0
-38.45,2.755926,34.34,64.48255578061404,0
34.1,2.755926,34.34,64.48255578061404,0
40.8,2.755926,34.34,63.45076831686122,0
-17.27,2.754646,34.34,64.89221833163049,0
-55.11,2.754646,34.33,63.2771680782255,0
39.78,2.755926,34.33,64.1404708432983,0
10.37,2.741854,34.33,64.63745044476924,0
-65.32,2.750809,34.33,75.73638491504595,0
53.92,2.787907,34.34,60.44832503882965,0
43.86,2.793024,34.34,61.07372593840988,0
-41.06,2.798141,34.34,63.796551630946325,0
79.18,2.761043,34.34,66.17401302626281,0
294.74,2.741854,34.37,63.631753079732135,0
-189.6,2.736737,34.37,65.22269543648132,0
-274.54,2.738016,34.37,49.4064773081425,0
-102.77,2.78279,34.37,79.18333157931662,0
-4.97,2.791745,34.34,64.41273166075166,0
7.9,2.753367,34.34,65.76473218982953,0
183.26,2.743133,34.34,64.63745044476924,0
11.0,2.744412,34.34,64.63745044476924,0
-131.18,2.740575,34.33,64.63745044476924,0
-8.96,2.745692,34.33,64.57553716385176,0
58.22,2.739295,34.33,65.30696746902278,0
0.97,2.744412,34.33,67.08203932499369,0
-50.34,2.743133,34.37,61.91930232165088,0
51.52,2.794303,34.37,61.08191221630181,0
17.38,2.785348,34.37,62.20128616033595,0
-57.46,2.752088,34.37,69.45502141674135,0
186.52,2.787907,34.34,68.51277253184256,0
108.9,2.853149,34.34,70.21395872616783,0
-219.69,2.778952,34.34,63.63961030678928,0
-11.74,2.771277,34.34,65.74952471311104,0
256.99,2.767439,34.37,59.90826320300064,0
-24.35,2.786628,34.37,64.29618962271404,0
-177.81,2.807096,34.37,64.52131430775415,0
10.42,2.804537,34.37,58.1033561853358,0
69.59,2.803258,34.34,66.10597552415364,0
-79.37,2.76488,34.34,64.02343321003646,0
-88.33,2.762322,34.34,64.02343321003646,0
40.72,2.755926,34.34,64.02343321003646,0
-86.82,2.758484,34.34,63.419239982831705,0
-14.62,2.757205,34.34,64.07027391856539,0
78.27,2.759763,34.34,63.35613624582863,0
23.62,2.744412,34.34,63.35613624582863,0
-73.51,2.754646,34.34,63.35613624582863,0
66.11,2.777673,34.34,63.35613624582863,0
52.71,2.781511,34.34,63.35613624582863,0
-31.55,2.78279,34.34,63.796551630946325,0
45.66,2.781511,34.37,64.02343321003646,0
57.96,2.789186,34.37,63.796551630946325,0
-4.94,2.787907,34.37,64.73020933072904,0
-4.08,2.787907,34.37,64.07027391856539,0
36.2,2.786628,34.34,68.70953354520753,0
-19.14,2.789186,34.34,63.166446789415026,0
-64.31,2.750809,34.34,74.06078584514209,0
10.67,2.738016,34.34,63.35613624582863,0
-10.75,2.794303,34.37,61.13918547053109,0
-12.05,2.784069,34.37,61.75759062657804,0
56.72,2.74825,34.37,62.71363488110062,0
68.55,2.763601,34.37,61.22907805936653,0
154.14,2.794303,34.37,68.90573270780887,0
-64.31,2.754646,34.37,66.7757440991862,0
43.73,2.741854,34.37,62.88083968904996,0
-0.27,2.768718,34.37,60.687725282795036,0
-303.94,2.796862,34.37,65.0,0
-12.86,2.79942,34.37,66.01514977639603,0
67.23,2.791745,34.37,65.07687761409578,0
156.73,2.787907,34.37,62.24146527838174,0
-12.53,2.786628,34.34,62.76145313805282,0
63.75,2.786628,34.34,62.8728876384726,0
-111.18,2.744412,34.34,63.773035054010094,0
-20.78,2.743133,34.34,64.16385275215322,0
-66.75,2.739295,34.37,63.05553108173778,0
-99.4,2.736737,34.37,66.07571414672717,0
-14.34,2.736737,34.37,66.94027188471824,0
-1.15,2.734178,34.37,62.80923498976882,0
-47.31,2.732899,34.37,71.48426400264607,0
37.32,2.738016,34.37,59.57348403442592,0
74.76,2.776394,34.37,62.27358990776106,0
23.18,2.780231,34.37,63.15853069855251,0
-50.77,2.78279,34.34,63.796551630946325,0
178.17,2.776394,34.34,65.39113089708727,0
138.12,2.744412,34.34,65.26101439603893,0
-56.4,2.763601,34.34,61.48170459575759,0
19.29,2.772556,34.34,65.09992319503918,0
-41.54,2.773835,34.34,63.095166217389426,0
-20.25,2.722665,34.34,65.81033353509159,0
-66.98,2.722665,34.34,78.16009211867653,0
-62.97,2.723944,34.34,67.86751800382861,0
-82.17,2.781511,34.34,61.72519744804386,0
-86.29,2.741854,34.34,64.69157595854347,0
54.81,2.735458,34.34,61.59545437773797,0
239.87,2.732899,34.37,64.45153217728807,0
-19.75,2.736737,34.37,61.71709649683789,0
36.97,2.772556,34.37,63.324560795950255,0
-21.15,2.777673,34.37,67.45368781616021,0
-89.35,2.778952,34.37,67.17886572427373,0
49.13,2.718827,34.37,80.2122185206219,0
-28.54,2.716269,34.37,54.42425929675111,0
-225.32,2.768718,34.37,59.51470406546604,0
-274.09,2.773835,34.37,64.45928947793328,0
237.76,2.730341,34.37,62.68173577685928,0
260.57,2.73162,34.37,64.47480127925948,0
278.36,2.725224,34.37,60.70420084310476,0
-24.6,2.736737,34.39,61.91930232165088,0
-71.17,2.734178,34.39,64.62197768561404,0
68.87,2.73162,34.39,63.72597586541927,0
-5.34,2.73162,34.39,61.554853586049575,0
-50.92,2.73162,34.37,63.079315151640635,0
41.56,2.763601,34.37,62.96824596572466,0
35.33,2.771277,34.37,62.68173577685928,0
-98.82,2.776394,34.37,67.48333127521195,0
148.06,2.794303,34.37,62.14499175315739,0
54.06,2.78279,34.37,61.29437168288782,0
18.98,2.772556,34.37,65.4446330878247,0
-35.24,2.775115,34.37,64.28841264178172,0
-58.93,2.735458,34.39,67.19374970932937,0
-85.48,2.722665,34.39,65.39877674696982,0
-153.65,2.66254,34.39,64.02343321003646,0
-237.03,2.64591,34.39,62.10475022089695,0
-50.96,2.644631,34.37,65.39113089708727,0
119.55,2.640793,34.37,65.05382386916237,0
58.51,2.640793,34.37,67.64613810115105,0
179.94,2.639514,34.37,62.49799996799898,0
58.85,2.639514,34.37,66.17401302626281,0
-50.04,2.634397,34.37,66.55824516917495,0
64.85,2.635676,34.37,64.6297145282261,0
39.23,2.626721,34.37,61.1228271597445,0
-71.73,2.631838,34.37,59.64059020499378,0
60.34,2.659982,34.37,68.09552114493287,0
43.13,2.633117,34.37,110.46718969902331,0
-56.94,2.684288,34.37,57.706152185014034,0
4.45,2.695801,34.37,90.00555538409837,0
47.32,2.702197,34.37,62.080592780675026,0
73.08,2.690684,34.37,64.13267497929586,0
138.41,2.693242,34.37,69.32532004974806,0
-25.83,2.689404,34.39,65.05382386916237,0
-112.75,2.717548,34.39,66.49060083951716,0
-7.6,2.76488,34.39,65.00769185258002,0
-14.62,2.69708,34.39,63.474404290233394,0
62.64,2.681729,34.34,69.2098258919931,0
-17.96,2.693242,34.34,57.358521598799946,0
-74.67,2.758484,34.34,72.53964433328854,0
37.97,2.801979,34.34,64.07807737440318,0
26.48,2.76616,34.37,64.10928169929842,0
-83.69,2.755926,34.37,60.11655346075655,0
89.57,2.775115,34.37,65.54387843269576,0
-37.21,2.798141,34.37,61.91930232165088,0
-79.19,2.808375,34.39,61.69278726074872,0
65.79,2.749529,34.39,69.14477565225012,0
102.05,2.735458,34.39,57.227615711297986,0
-113.48,2.768718,34.39,61.48170459575759,0
-252.03,2.785348,34.37,61.99193495931547,0
-28.67,2.74825,34.37,63.48228099241551,0
102.04,2.746971,34.37,63.31666447310692,0
91.87,2.777673,34.37,61.204574992397426,0
2.55,2.786628,34.33,59.80802621722272,0
-2.67,2.74825,34.33,66.37770710110436,0
41.52,2.722665,34.33,64.87680633323437,0
-135.18,2.720107,34.33,67.08949247087803,0
-194.51,2.706035,34.37,66.63332499583073,0
-15.38,2.712431,34.37,65.5286197016235,0
-25.9,2.702197,34.37,59.447455790807396,0
77.13,2.753367,34.37,62.20128616033595,0
90.43,2.773835,34.37,64.50581369148055,0
-25.17,2.78279,34.37,63.229739838148944,0
57.36,2.757205,34.37,66.12866246946176,0
134.36,2.754646,34.37,64.87680633323437,0
90.31,2.726503,34.37,66.07571414672717,0
-155.11,2.718827,34.37,65.49809157525127,0
-17.39,2.729061,34.37,65.31462317123173,0
18.42,2.757205,34.37,64.34283176858165,0
-54.75,2.730341,34.37,64.76109943476871,0
48.79,2.716269,34.37,64.45153217728807,0
68.7,2.723944,34.37,63.45076831686122,0
-9.92,2.721386,34.37,63.92182725798755,0
-32.34,2.738016,34.37,63.92182725798755,0
24.74,2.758484,34.37,66.67083320313314,0
-0.22,2.769997,34.37,64.38167441127949,0
-14.6,2.778952,34.37,55.58776843874919,0
73.58,2.727782,34.37,69.44062211702888,0
119.66,2.706035,34.37,80.51086883148137,0
221.23,2.69708,34.37,60.440052945046304,0
-323.44,2.741854,34.37,64.41273166075166,0
-248.4,2.775115,34.37,63.41135544995076,0
-36.28,2.775115,34.37,63.85922016435841,0
243.25,2.73162,34.37,63.66317616958802,0
159.74,2.729061,34.37,64.4980619863884,0
-163.45,2.763601,34.39,64.31174076325411,0
82.02,2.76488,34.39,64.1404708432983,0
24.57,2.762322,34.39,64.1404708432983,0
-97.96,2.755926,34.39,64.1404708432983,0
46.52,2.761043,34.39,64.1404708432983,0
33.03,2.755926,34.39,64.1404708432983,0
-52.99,2.759763,34.39,64.1404708432983,0
37.55,2.757205,34.39,64.1404708432983,0
46.13,2.758484,34.37,64.1404708432983,0
-42.67,2.758484,34.37,64.1404708432983,0
45.04,2.757205,34.37,64.1404708432983,0
41.62,2.762322,34.37,64.1404708432983,0
-37.88,2.759763,34.37,64.1404708432983,0
32.97,2.761043,34.37,64.1404708432983,0
32.3,2.750809,34.37,64.1404708432983,0
-27.31,2.753367,34.37,64.1404708432983,0
18.78,2.749529,34.37,64.1404708432983,0
29.4,2.755926,34.37,64.41273166075166,0
-18.64,2.750809,34.37,63.53739056650029,0
13.41,2.752088,34.37,64.1404708432983,0
35.85,2.752088,34.34,64.1404708432983,0
-22.5,2.749529,34.34,63.812224534175265,0
-53.23,2.754646,34.34,63.53739056650029,0
43.1,2.752088,34.34,64.1404708432983,0
25.85,2.752088,34.37,64.1404708432983,0
-55.99,2.746971,34.37,64.41273166075166,0
24.72,2.749529,34.37,64.1404708432983,0
34.97,2.746971,34.37,63.53739056650029,0
-2.94,2.749529,34.37,64.41273166075166,0
-66.08,2.744412,34.37,64.1404708432983,0
24.9,2.74825,34.37,64.41273166075166,0
3.71,2.744412,34.37,64.41273166075166,0
-55.67,2.745692,34.37,64.1404708432983,0
23.51,2.746971,34.37,63.812224534175265,0
23.85,2.743133,34.37,63.812224534175265,0
-36.39,2.743133,34.37,63.812224534175265,0
9.64,2.738016,34.41,63.812224534175265,0
32.21,2.741854,34.41,64.41273166075166,0
-1.39,2.739295,34.41,63.812224534175265,0
-77.88,2.740575,34.41,63.812224534175265,0
34.55,2.738016,34.37,63.812224534175265,0
25.6,2.743133,34.37,63.812224534175265,0
-29.16,2.736737,34.37,63.812224534175265,0
11.74,2.738016,34.37,65.16133823057964,0
32.74,2.736737,34.37,63.96092557178953,0
-18.62,2.740575,34.37,63.671029518926424,0
-5.57,2.734178,34.37,63.06346010171025,0
28.82,2.730341,34.37,64.41273166075166,0
-8.67,2.734178,34.37,64.41273166075166,0
-67.22,2.706035,34.37,64.41273166075166,0
40.25,2.706035,34.37,64.41273166075166,0
19.23,2.720107,34.37,64.41273166075166,0
-63.51,2.730341,34.37,64.69930447848725,0
42.85,2.73162,34.37,63.812224534175265,0
46.29,2.732899,34.37,63.812224534175265,0
-19.79,2.730341,34.37,63.812224534175265,0
-46.8,2.730341,34.37,64.10148204214939,0
32.79,2.727782,34.37,63.812224534175265,0
10.84,2.71499,34.37,63.812224534175265,0
-71.73,2.722665,34.37,64.41273166075166,0
31.73,2.725224,34.34,63.812224534175265,0
20.7,2.720107,34.34,63.812224534175265,0
-58.2,2.726503,34.34,63.812224534175265,0
37.5,2.726503,34.34,63.812224534175265,0
46.3,2.730341,34.37,62.94441992742486,0
-28.96,2.735458,34.37,63.28506932918696,0
-16.82,2.735458,34.37,64.389440128021,0
38.82,2.732899,34.37,63.88270501473775,0
-6.96,2.723944,34.39,64.63745044476924,0
-89.79,2.721386,34.39,63.88270501473775,0
54.79,2.695801,34.39,64.29618962271404,0
7.5,2.693242,34.39,63.88270501473775,0
-48.54,2.689404,34.37,63.53739056650029,0
10.24,2.694522,34.37,63.53739056650029,0
47.2,2.689404,34.37,62.93647591023825,0
-6.66,2.739295,34.37,63.45076831686122,0
45.24,2.734178,34.37,62.433965115151864,0
81.32,2.741854,34.37,65.03076195155643,0
152.08,2.740575,34.37,63.96092557178953,0
115.75,2.738016,34.37,63.56886030125127,0
-125.13,2.735458,34.34,69.92138442565336,0
-163.93,2.736737,34.34,64.41273166075166,0
-119.23,2.683008,34.34,71.81225522151495,0
-10.23,2.674054,34.34,64.57553716385176,0
-86.54,2.71371,34.37,55.68662316930342,0
-225.92,2.740575,34.37,69.8426803609369,0
203.79,2.740575,34.37,62.37788069500277,0
250.57,2.734178,34.37,63.229739838148944,0
198.29,2.735458,34.37,64.70703207534712,0
-89.06,2.699639,34.37,64.70703207534712,0
-3.03,2.691963,34.37,63.984373092185564,0
-69.57,2.686846,34.37,64.69930447848725,0
-36.08,2.690684,34.39,63.92182725798755,0
65.55,2.688125,34.39,64.56779382943171,0
43.83,2.689404,34.39,64.01562309311689,0
-22.78,2.686846,34.39,64.64518543557594,0
-44.74,2.686846,34.37,63.28506932918696,0
-29.35,2.690684,34.37,64.01562309311689,0
-86.3,2.688125,34.37,64.01562309311689,0
51.1,2.689404,34.37,64.01562309311689,0
20.51,2.683008,34.37,64.01562309311689,0
-63.62,2.686846,34.37,64.01562309311689,0
52.55,2.68045,34.37,64.01562309311689,0
23.8,2.685567,34.37,64.01562309311689,0
-69.32,2.681729,34.39,64.01562309311689,0
51.47,2.688125,34.39,64.01562309311689,0
17.04,2.683008,34.39,64.1404708432983,0
-77.02,2.684288,34.39,64.01562309311689,0
47.6,2.68045,34.37,63.39558344238185,0
34.83,2.686846,34.37,63.39558344238185,0
-42.66,2.679171,34.37,64.01562309311689,0
27.74,2.685567,34.37,64.01562309311689,0
35.06,2.683008,34.37,64.01562309311689,0
-27.95,2.677891,34.37,64.01562309311689,0
12.06,2.683008,34.37,64.01562309311689,0
23.8,2.676612,34.37,64.01562309311689,0
-30.05,2.681729,34.39,64.01562309311689,0
14.36,2.679171,34.39,64.01562309311689,0
29.64,2.68045,34.39,64.01562309311689,0
-32.04,2.676612,34.39,64.01562309311689,0
-5.35,2.68045,34.37,64.01562309311689,0
36.01,2.677891,34.37,64.01562309311689,0
5.94,2.679171,34.37,64.01562309311689,0
-76.97,2.676612,34.37,64.01562309311689,0
39.22,2.676612,34.34,64.01562309311689,0
30.51,2.671495,34.34,65.37583651472461,0
-27.08,2.677891,34.34,63.608175575157006,0
-17.55,2.676612,34.34,65.0384501660364,0
12.35,2.676612,34.37,59.648973168026956,0
-34.34,2.68045,34.37,51.16639522186413,0
-62.68,2.738016,34.37,74.49161026585477,0
75.49,2.732899,34.37,63.34824385884742,0
39.01,2.730341,34.41,64.57553716385176,0
75.49,2.73162,34.41,67.0,0
101.25,2.730341,34.41,65.52098900352466,0
8.77,2.727782,34.41,64.81512169239521,0
-161.78,2.729061,34.34,65.79513659838392,0
-155.79,2.73162,34.34,65.612498809297,0
66.32,2.717548,34.34,64.77653896280658,0
34.57,2.727782,34.34,64.77653896280658,0
-73.47,2.727782,34.37,64.89221833163049,0
21.55,2.730341,34.37,71.09149034870488,0
3.92,2.730341,34.37,65.19202405202648,0
-49.12,2.679171,34.37,62.03224967708329,0
34.23,2.633117,34.39,79.81854421122951,0
4.55,2.626721,34.39,62.297672508690084,0
13.77,2.619046,34.39,88.6904729945669,0
26.76,2.628,34.39,65.36053855347276,0
85.85,2.698359,34.34,63.190189111918315,0
-22.97,2.704756,34.34,70.90839160494335,0
24.36,2.693242,34.34,65.72670690061993,0
127.78,2.734178,34.34,55.90169943749474,0
142.67,2.746971,34.39,59.57348403442592,0
-29.96,2.73162,34.39,68.01470429252781,0
-58.39,2.736737,34.39,62.42595614005443,0
-208.61,2.725224,34.39,64.17164482853778,0
21.45,2.695801,34.37,63.58458932791813,0
107.73,2.691963,34.37,61.69278726074872,0
-66.94,2.720107,34.37,62.68971207462992,0
-93.35,2.726503,34.37,72.37402849088892,0
51.12,2.688125,34.39,64.35837163881635,0
-6.08,2.683008,34.39,75.11324783285569,0
-56.09,2.675333,34.39,76.30203142774116,0
-22.48,2.674054,34.39,64.8459713474939,0
-109.44,2.66254,34.37,64.8459713474939,0
23.17,2.668936,34.37,64.87680633323437,0
-26.68,2.66254,34.37,64.87680633323437,0
39.59,2.66382,34.37,64.87680633323437,0
16.76,2.658703,34.37,66.12866246946176,0
-103.48,2.665099,34.37,64.91532946846992,0
27.92,2.661261,34.37,64.91532946846992,0
26.79,2.661261,34.37,64.96922348312314,0
-42.93,2.661261,34.37,65.87108622149782,0
37.14,2.659982,34.37,64.96922348312314,0
21.22,2.659982,34.37,64.91532946846992,0
-51.41,2.658703,34.37,64.96922348312314,0
47.49,2.659982,34.37,64.96922348312314,0
24.48,2.658703,34.37,64.96922348312314,0
-66.0,2.657423,34.37,64.96922348312314,0
57.57,2.651027,34.37,64.91532946846992,0
36.87,2.656144,34.34,64.91532946846992,0
-52.65,2.651027,34.34,64.96922348312314,0
64.23,2.656144,34.34,64.96922348312314,0
42.96,2.653585,34.34,64.96922348312314,0
-23.49,2.653585,34.39,64.96922348312314,0
28.15,2.652306,34.39,64.96922348312314,0
37.4,2.652306,34.39,65.26867548832288,0
-14.34,2.652306,34.39,64.96922348312314,0
-30.26,2.648468,34.37,64.96922348312314,0
21.87,2.653585,34.37,64.96922348312314,0
-0.45,2.643352,34.37,64.96922348312314,0
-52.9,2.648468,34.37,64.96922348312314,0
29.02,2.64591,34.39,64.96922348312314,0
5.37,2.651027,34.39,65.26867548832288,0
-62.42,2.64591,34.39,64.96922348312314,0
37.08,2.648468,34.39,64.96922348312314,0
30.16,2.64591,34.39,65.33758489567853,0
-28.39,2.64591,34.39,64.96922348312314,0
-12.94,2.647189,34.39,65.26867548832288,0
29.32,2.642072,34.39,66.60330322138685,0
3.68,2.644631,34.39,66.2872536767062,0
-50.49,2.640793,34.39,64.319514923544,0
25.76,2.643352,34.39,65.55150646628954,0
3.07,2.636955,34.39,64.87680633323437,0
8.21,2.642072,34.37,65.87108622149782,0
10.47,2.638235,34.37,65.58963332722634,0
49.28,2.640793,34.37,65.87108622149782,0
-37.57,2.633117,34.37,64.6297145282261,0
-93.09,2.642072,34.37,64.68384651518491,0
27.98,2.644631,34.37,65.58963332722634,0
24.79,2.638235,34.37,64.68384651518491,0
-33.53,2.642072,34.37,64.6297145282261,0
24.48,2.636955,34.37,64.91532946846992,0
32.64,2.639514,34.37,64.96922348312314,0
-14.33,2.634397,34.37,64.91532946846992,0
-39.83,2.636955,34.37,64.91532946846992,0
31.55,2.634397,34.39,65.28399497579785,0
4.71,2.638235,34.39,64.68384651518491,0
-75.86,2.619046,34.39,65.87108622149782,0
38.71,2.631838,34.39,64.91532946846992,0
20.33,2.636955,34.37,64.91532946846992,0
-42.96,2.636955,34.37,64.91532946846992,0
20.21,2.634397,34.37,65.5286197016235,0
47.39,2.631838,34.37,64.87680633323437,0
2.19,2.634397,34.34,65.81033353509159,0
-60.71,2.631838,34.34,65.83312236253116,0
35.04,2.633117,34.34,64.87680633323437,0
28.29,2.628,34.34,64.87680633323437,0
-27.26,2.622884,34.37,64.85368146836385,0
16.13,2.62928,34.37,64.87680633323437,0
29.4,2.630559,34.37,64.87680633323437,0
-16.61,2.630559,34.37,65.80273550544841,0
-50.58,2.630559,34.37,64.85368146836385,0
31.69,2.620325,34.37,64.85368146836385,0
6.74,2.625442,34.37,65.81033353509159,0
-55.54,2.626721,34.37,65.81033353509159,0
31.89,2.624163,34.37,64.85368146836385,0
23.36,2.628,34.37,64.85368146836385,0
-26.18,2.628,34.37,65.52098900352466,0
9.91,2.626721,34.37,67.47592163134935,0
26.48,2.624163,34.39,74.97332859090625,0
-19.94,2.640793,34.39,53.665631459994955,0
-10.47,2.686846,34.39,69.19537556802477,0
4.8,2.69708,34.39,63.40346993658943,0
5.61,2.694522,34.37,63.37191807101944,0
21.04,2.693242,34.37,64.1248781675256,0
237.67,2.684288,34.37,63.3798075099633,0
-77.33,2.689404,34.37,63.26136261573884,0
-145.1,2.693242,34.39,64.83054835492293,0
-37.12,2.676612,34.39,63.166446789415026,0
44.6,2.651027,34.39,60.778285596090974,0
-109.56,2.672774,34.39,63.796551630946325,0
48.29,2.691963,34.37,61.73329733620261,0
16.43,2.661261,34.37,65.26101439603893,0
-1.03,2.652306,34.37,61.741396161732524,0
45.8,2.647189,34.37,64.79197481170026,0
-194.78,2.643352,34.37,65.06919393998976,0
-188.57,2.649748,34.37,64.27285585688566,0
0.51,2.642072,34.37,64.56779382943171,0
145.42,2.64591,34.37,63.76519426771944,0
51.04,2.642072,34.37,63.76519426771944,0
-89.7,2.64591,34.37,64.56779382943171,0
80.95,2.642072,34.37,63.76519426771944,0
74.96,2.642072,34.37,63.76519426771944,0
-18.41,2.64591,34.39,64.56779382943171,0
79.73,2.64591,34.39,63.76519426771944,0
69.02,2.643352,34.39,64.56779382943171,0
-15.69,2.638235,34.39,64.56779382943171,0
18.05,2.642072,34.41,64.56779382943171,0
57.07,2.639514,34.41,64.56779382943171,0
1.6,2.640793,34.41,64.56779382943171,0
-66.47,2.638235,34.41,64.56779382943171,0
47.36,2.642072,34.39,64.07807737440318,0
44.69,2.633117,34.39,64.07807737440318,0
-10.17,2.640793,34.39,64.56779382943171,0
-74.35,2.643352,34.39,64.07807737440318,0
32.58,2.640793,34.39,64.56779382943171,0
31.5,2.640793,34.39,63.76519426771944,0
-27.68,2.633117,34.39,64.56779382943171,0
-38.91,2.639514,34.39,64.56779382943171,0
22.74,2.635676,34.39,64.56779382943171,0
-0.29,2.642072,34.39,64.56779382943171,0
-63.55,2.636955,34.39,63.76519426771944,0
19.35,2.639514,34.39,64.56779382943171,0
7.82,2.636955,34.39,64.56779382943171,0
-48.65,2.636955,34.39,64.56779382943171,0
20.67,2.638235,34.39,64.56779382943171,0
28.31,2.636955,34.39,64.56779382943171,0
-22.68,2.636955,34.37,64.56779382943171,0
-35.86,2.634397,34.37,64.56779382943171,0
40.77,2.638235,34.37,64.56779382943171,0
13.6,2.633117,34.37,64.56779382943171,0
-58.53,2.635676,34.37,64.56779382943171,0
34.76,2.638235,34.37,64.56779382943171,0
25.53,2.636955,34.37,64.56779382943171,0
-27.55,2.636955,34.37,64.56779382943171,0
29.58,2.635676,34.41,64.56779382943171,0
31.83,2.635676,34.41,64.56779382943171,0
-34.03,2.622884,34.41,64.56779382943171,0
22.18,2.631838,34.41,63.76519426771944,0
36.54,2.626721,34.41,64.56779382943171,0
-22.13,2.630559,34.41,64.56779382943171,0
-23.66,2.626721,34.41,64.56779382943171,0
46.95,2.634397,34.41,64.56779382943171,0
8.57,2.628,34.39,64.56779382943171,0
-68.76,2.633117,34.39,64.56779382943171,0
38.93,2.62928,34.39,64.56779382943171,0
47.43,2.62928,34.39,64.56779382943171,0
-5.53,2.631838,34.39,64.56779382943171,0
-79.7,2.631838,34.39,64.56779382943171,0
42.86,2.62928,34.39,64.56779382943171,0
27.38,2.626721,34.39,64.07807737440318,0
-29.34,2.62928,34.39,64.56779382943171,0
19.72,2.617767,34.39,64.56779382943171,0
30.46,2.628,34.39,64.56779382943171,0
-10.31,2.625442,34.39,64.56779382943171,0
-72.23,2.626721,34.39,64.56779382943171,0
34.55,2.621604,34.39,64.89221833163049,0
20.47,2.628,34.39,71.67286794875729,0
-23.56,2.631838,34.39,46.79743582719036,0
2.82,2.628,34.43,70.80254232723568,0
38.64,2.625442,34.43,73.38255923582933,0
56.35,2.597298,34.43,48.85693400122443,0
-108.13,2.597298,34.43,32.83291031876401,0
83.07,2.542291,34.39,85.70880934886448,0
-161.23,2.549966,34.39,36.52396473549935,0
-173.43,2.541011,34.39,54.872579673275794,0
117.83,2.54357,34.39,68.3593446428504,0
37.13,2.528219,34.39,67.60917097554147,0
-7.85,2.525661,34.39,67.48333127521195,0
40.29,2.525661,34.39,65.33758489567853,0
33.9,2.519264,34.39,66.10597552415364,0
-35.25,2.521823,34.37,65.19969325081216,0
-1.59,2.517985,34.37,65.33758489567853,0
32.98,2.519264,34.37,65.14598989960932,0
-44.51,2.511589,34.37,65.33758489567853,0
43.99,2.515426,34.39,66.10597552415364,0
37.36,2.510309,34.39,65.33758489567853,0
-52.3,2.50903,34.39,64.73020933072904,0
51.31,2.506472,34.39,63.198101237299845,0
18.78,2.506472,34.39,65.33758489567853,0
-64.62,2.505192,34.39,65.33758489567853,0
43.46,2.503913,34.39,65.33758489567853,0
30.16,2.502634,34.39,65.33758489567853,0
-46.56,2.496238,34.39,65.33758489567853,0
35.05,2.498796,34.39,65.14598989960932,0
30.83,2.4924,34.39,65.33758489567853,0
-13.52,2.494958,34.39,65.33758489567853,0
-47.39,2.491121,34.39,64.57553716385176,0
18.61,2.494958,34.39,65.14598989960932,0
4.92,2.488562,34.39,65.33758489567853,0
-40.83,2.489841,34.39,65.33758489567853,0
18.91,2.483445,34.41,65.33758489567853,0
6.75,2.487283,34.41,65.14598989960932,0
-38.75,2.486004,34.41,65.14598989960932,0
22.78,2.478328,34.41,65.33758489567853,0
9.52,2.482166,34.41,65.14598989960932,0
-52.2,2.478328,34.41,65.33758489567853,0
11.92,2.479607,34.41,65.33758489567853,0
20.4,2.47577,34.41,65.14598989960932,0
-38.81,2.495933,34.39,65.14598989960932,0
7.7,2.492095,34.39,65.14598989960932,0
39.09,2.493374,34.39,65.14598989960932,0
-5.22,2.492095,34.39,65.14598989960932,0
-69.4,2.489536,34.39,65.14598989960932,0
48.8,2.480582,34.39,65.76473218982953,0
33.81,2.48314,34.39,65.14598989960932,0
-35.0,2.485698,34.39,65.14598989960932,0
45.88,2.48314,34.41,65.33758489567853,0
42.53,2.485698,34.41,65.14598989960932,0
-24.41,2.48314,34.41,65.33758489567853,0
18.9,2.480582,34.41,65.33758489567853,0
36.5,2.478023,34.39,65.33758489567853,0
-14.94,2.476744,34.39,65.14598989960932,0
-47.94,2.476744,34.39,65.33758489567853,0
49.43,2.480582,34.39,65.33758489567853,0
5.87,2.472906,34.39,65.14598989960932,0
-64.13,2.472906,34.39,65.14598989960932,0
45.58,2.457555,34.39,64.38167441127949,0
50.03,2.46651,34.39,65.33758489567853,0
-10.07,2.458834,34.39,65.76473218982953,0
-84.82,2.46651,34.39,65.76473218982953,0
44.02,2.46523,34.39,65.33758489567853,0
27.98,2.46523,34.39,65.14598989960932,0
-37.51,2.46523,34.41,65.33758489567853,0
22.31,2.46523,34.41,65.14598989960932,0
33.81,2.461393,34.41,65.14598989960932,0
-24.82,2.460114,34.41,65.33758489567853,0
-21.61,2.453717,34.39,65.76473218982953,0
36.35,2.456276,34.39,65.14598989960932,0
2.54,2.451159,34.39,65.14598989960932,0
-64.22,2.454997,34.39,65.33758489567853,0
37.98,2.457555,34.41,65.76473218982953,0
43.2,2.456276,34.41,65.33758489567853,0
-7.16,2.453717,34.41,64.38167441127949,0
-68.05,2.451159,34.41,64.38167441127949,0
35.84,2.452438,34.39,65.14598989960932,0
34.77,2.442204,34.39,65.76473218982953,0
-5.88,2.4486,34.39,65.76473218982953,0
-64.51,2.443483,34.39,65.00769185258002,0
36.4,2.444762,34.39,65.95452979136459,0
24.99,2.444762,34.39,65.33758489567853,0
-29.18,2.443483,34.39,65.14598989960932,0
5.41,2.443483,34.39,64.57553716385176,0
24.77,2.442204,34.39,64.57553716385176,0
-21.2,2.442204,34.39,65.95452979136459,0
-45.27,2.437087,34.39,65.00769185258002,0
34.17,2.438366,34.39,65.19969325081216,0
4.93,2.435808,34.39,65.00769185258002,0
-54.64,2.439646,34.39,65.19969325081216,0
32.39,2.430691,34.39,65.00769185258002,0
50.82,2.435808,34.39,65.00769185258002,0
-1.71,2.430691,34.37,65.19969325081216,0
-71.62,2.437087,34.37,65.00769185258002,0
46.57,2.425574,34.37,65.00769185258002,0
40.95,2.43197,34.37,65.95452979136459,0
-18.29,2.43197,34.41,65.19969325081216,0
-14.4,2.428132,34.41,65.00769185258002,0
32.84,2.433249,34.41,65.00769185258002,0
-0.15,2.429411,34.41,65.00769185258002,0
-64.94,2.428132,34.39,65.00769185258002,0
35.42,2.419178,34.39,65.00769185258002,0
33.91,2.425574,34.39,65.00769185258002,0
-9.44,2.420457,34.39,65.00769185258002,0
-78.49,2.426853,34.41,65.00769185258002,0
43.13,2.421736,34.41,65.00769185258002,0
29.86,2.423015,34.41,65.00769185258002,0
-31.09,2.41406,34.41,65.00769185258002,0
-8.69,2.421736,34.37,65.00769185258002,0
32.83,2.424294,34.37,65.00769185258002,0
-2.8,2.416619,34.37,65.19969325081216,0
-52.12,2.417898,34.37,65.00769185258002,0
27.66,2.41406,34.39,65.00769185258002,0
1.6,2.416619,34.39,65.00769185258002,0
-70.07,2.412781,34.39,65.00769185258002,0
31.61,2.41534,34.39,65.00769185258002,0
28.12,2.412781,34.37,65.00769185258002,0
-24.61,2.416619,34.37,65.00769185258002,0
-23.95,2.411502,34.37,64.25729530566937,0
36.51,2.411502,34.37,65.00769185258002,0
21.94,2.406385,34.37,65.00769185258002,0
-36.41,2.412781,34.37,65.00769185258002,0
15.49,2.410223,34.37,65.64297372910524,0
34.68,2.403826,34.37,65.00769185258002,0
0.41,2.408943,34.39,65.64297372910524,0
-67.15,2.406385,34.39,65.64297372910524,0
29.02,2.406385,34.39,65.64297372910524,0
21.18,2.403826,34.39,65.64297372910524,0
-40.75,2.405106,34.37,65.64297372910524,0
0.13,2.403826,34.37,65.64297372910524,0
36.74,2.405106,34.37,65.64297372910524,0
11.93,2.405106,34.37,64.25729530566937,0
-56.83,2.405106,34.39,65.64297372910524,0
28.79,2.402547,34.39,65.64297372910524,0
44.44,2.399989,34.39,65.64297372910524,0
-1.92,2.401268,34.39,64.89992295835181,0
-72.06,2.401268,34.39,65.00769185258002,0
38.49,2.399989,34.39,65.64297372910524,0
21.5,2.382079,34.39,65.64297372910524,0
-41.83,2.393592,34.39,65.64297372910524,0
30.59,2.393592,34.37,65.64297372910524,0
33.81,2.394872,34.37,65.64297372910524,0
-37.72,2.393592,34.37,65.64297372910524,0
-0.58,2.392313,34.37,65.64297372910524,0
43.26,2.388475,34.37,64.89992295835181,0
-0.51,2.391034,34.37,65.00769185258002,0
-81.55,2.389755,34.37,64.89992295835181,0
49.32,2.389755,34.37,65.64297372910524,0
39.17,2.387196,34.39,65.64297372910524,0
-18.91,2.392313,34.39,65.00769185258002,0
-38.43,2.389755,34.39,65.64297372910524,0
41.85,2.389755,34.39,65.64297372910524,0
9.61,2.389755,34.37,65.64297372910524,0
-59.66,2.388475,34.37,64.89992295835181,0
34.7,2.388475,34.37,65.64297372910524,0
23.65,2.384638,34.37,64.89992295835181,0
-37.33,2.382079,34.37,65.64297372910524,0
21.09,2.384638,34.37,65.64297372910524,0
36.15,2.385917,34.37,65.64297372910524,0
-11.04,2.383358,34.37,65.64297372910524,0
-74.97,2.383358,34.37,64.89992295835181,0
44.07,2.387196,34.37,65.64297372910524,0
26.77,2.3808,34.37,64.89992295835181,0
-27.44,2.382079,34.37,65.64297372910524,0
-36.73,2.383358,34.39,65.46754921333164,0
43.93,2.382079,34.39,64.89992295835181,0
11.24,2.379521,34.39,64.89992295835181,0
-46.06,2.374404,34.39,64.89992295835181,0
25.89,2.376962,34.37,64.89992295835181,0
29.32,2.378242,34.37,64.89992295835181,0
-22.88,2.378242,34.37,64.89992295835181,0
-15.68,2.375683,34.37,64.89992295835181,0
30.77,2.376962,34.39,64.89992295835181,0
5.69,2.375683,34.39,65.64297372910524,0
-55.57,2.376962,34.39,64.89992295835181,0
31.25,2.376962,34.39,65.64297372910524,0
39.07,2.375683,34.37,64.89992295835181,0
-2.49,2.373124,34.37,68.6804193347711,0
-65.47,2.371845,34.37,58.40376700179535,0
30.51,2.394872,34.37,65.33758489567853,0
21.37,2.41534,34.39,67.1863081289633,0
-31.52,2.403826,34.39,33.91164991562634,0
-19.12,2.510004,34.39,56.098128311023,0
24.98,2.541986,34.39,86.16843969807043,0
4.96,2.502329,34.34,63.48228099241551,0
33.37,2.495933,34.34,64.15605972938177,0
115.83,2.53431,34.34,63.43500610861482,0
-30.27,2.55222,34.34,65.28399497579785,0
-124.1,2.558616,34.34,63.3798075099633,0
52.32,2.556057,34.34,63.702433234531945,0
69.0,2.562454,34.34,64.03905058634146,0
-64.47,2.559895,34.34,64.35837163881635,0
-33.47,2.562454,34.37,63.694583757176716,0
-55.06,2.561174,34.37,63.071388124885914,0
-79.86,2.565012,34.37,63.03967004989794,0
44.92,2.562454,34.37,63.03967004989794,0
81.24,2.565012,34.39,63.03967004989794,0
10.01,2.56885,34.39,63.7102817447859,0
23.46,2.565012,34.39,64.07807737440318,0
42.95,2.566291,34.39,63.4428877022476,0
-18.78,2.557337,34.37,64.45153217728807,0
0.16,2.563733,34.37,63.75735251718032,0
52.72,2.561174,34.37,63.835726674018524,0
6.91,2.563733,34.37,63.13477647065839,0
-5.98,2.556057,34.39,63.835726674018524,0
36.15,2.567571,34.39,63.835726674018524,0
-9.58,2.563733,34.39,63.835726674018524,0
22.25,2.563733,34.39,63.835726674018524,0
33.78,2.563733,34.37,63.835726674018524,0
-21.59,2.561174,34.37,63.835726674018524,0
-25.8,2.562454,34.37,63.835726674018524,0
33.48,2.554778,34.37,63.835726674018524,0
2.84,2.561174,34.37,64.5445582524197,0
-59.97,2.558616,34.37,63.48228099241551,0
31.23,2.561174,34.37,63.835726674018524,0
19.99,2.559895,34.37,63.835726674018524,0
-27.16,2.559895,34.39,63.835726674018524,0
0.39,2.559895,34.39,63.835726674018524,0
20.81,2.547103,34.39,63.835726674018524,0
-15.98,2.556057,34.39,63.835726674018524,0
-25.21,2.55222,34.39,63.835726674018524,0
8.07,2.556057,34.39,63.835726674018524,0
-15.97,2.548382,34.39,63.835726674018524,0
-52.79,2.559895,34.39,63.835726674018524,0
27.31,2.553499,34.39,63.835726674018524,0
5.33,2.558616,34.39,63.835726674018524,0
-67.67,2.548382,34.39,63.94528911499267,0
36.71,2.557337,34.39,63.94528911499267,0
30.61,2.557337,34.37,64.5445582524197,0
-34.86,2.556057,34.37,63.835726674018524,0
35.76,2.559895,34.37,63.835726674018524,0
33.02,2.557337,34.37,63.229739838148944,0
-15.55,2.557337,34.37,63.835726674018524,0
26.04,2.55094,34.37,63.835726674018524,0
21.98,2.558616,34.37,63.229739838148944,0
-35.87,2.553499,34.37,63.835726674018524,0
34.66,2.556057,34.37,63.835726674018524,0
22.86,2.548382,34.37,63.94528911499267,0
-29.37,2.557337,34.37,63.229739838148944,0
3.86,2.556057,34.37,63.592452382338585,0
34.23,2.557337,34.37,63.984373092185564,0
-6.89,2.558616,34.37,63.984373092185564,0
-47.2,2.55222,34.37,64.19501538281614,0
27.59,2.556057,34.37,63.85922016435841,0
12.23,2.547103,34.37,63.592452382338585,0
-47.08,2.557337,34.37,63.25345840347388,0
32.96,2.548382,34.37,64.19501538281614,0
1.56,2.556057,34.37,64.19501538281614,0
-66.21,2.554778,34.37,63.85922016435841,0
37.48,2.554778,34.37,63.592452382338585,0
15.43,2.556057,34.37,63.592452382338585,0
-62.81,2.553499,34.37,63.25345840347388,0
43.46,2.554778,34.37,63.25345840347388,0
28.43,2.55094,34.37,63.592452382338585,0
-37.4,2.554778,34.37,64.19501538281614,0
38.11,2.547103,34.37,64.19501538281614,0
37.33,2.553499,34.37,64.19501538281614,0
-19.72,2.548382,34.37,63.671029518926424,0
17.18,2.55094,34.37,68.49087530467106,0
20.43,2.554778,34.37,59.80802621722272,0
-22.37,2.557337,34.37,63.90618123468183,0
8.07,2.55222,34.37,64.47480127925948,0
60.49,2.55094,34.37,63.90618123468183,0
104.84,2.55094,34.37,63.56886030125127,0
-210.88,2.547103,34.37,64.72248450113763,0
28.85,2.55094,34.37,63.984373092185564,0
31.68,2.543265,34.37,64.1404708432983,0
-33.75,2.55222,34.37,63.56886030125127,0
46.03,2.547103,34.37,64.1404708432983,0
39.4,2.55222,34.37,64.47480127925948,0
-7.35,2.549661,34.37,63.90618123468183,0
34.13,2.549661,34.37,63.90618123468183,0
13.77,2.549661,34.37,63.90618123468183,0
-37.52,2.548382,34.37,63.90618123468183,0
26.27,2.548382,34.37,63.90618123468183,0
23.11,2.548382,34.37,63.90618123468183,0
-38.45,2.55094,34.37,63.90618123468183,0
31.79,2.541986,34.37,63.90618123468183,0
19.77,2.548382,34.37,63.90618123468183,0
-31.41,2.544544,34.37,64.32728814430156,0
33.7,2.549661,34.37,65.22269543648132,0
21.13,2.547103,34.37,66.47555941848101,0
-27.37,2.55094,34.37,59.93329625508679,0
26.75,2.49977,34.37,62.26556030423239,0
15.85,2.50105,34.39,66.49060083951716,0
-19.09,2.495933,34.39,60.44832503882965,0
-73.26,2.435808,34.39,56.789083458002736,0
-56.77,2.419178,34.39,54.378304497290095,0
32.45,2.408943,34.39,72.01388754955533,0
90.43,2.426853,34.39,69.0724257573165,0
21.54,2.470347,34.39,65.81793068761733,0
-56.75,2.498491,34.39,63.54525946126902,0
-88.76,2.492095,34.34,63.13477647065839,0
16.2,2.46651,34.34,67.17142249498666,0
-1.79,2.411502,34.34,72.40856302952021,0
52.72,2.423015,34.34,61.08191221630181,0
52.85,2.498491,34.39,70.96477999684069,0
-10.66,2.504887,34.39,72.75987905432498,0
6.42,2.494653,34.39,65.62011886609167,0
58.12,2.497212,34.39,65.81033353509159,0
-64.9,2.50105,34.37,66.73829485385434,0
15.88,2.50105,34.37,64.37390775772433,0
-12.27,2.498491,34.37,59.177698502053964,0
-33.25,2.49977,34.37,63.63961030678928,0
49.75,2.498491,34.37,66.73829485385434,0
-6.6,2.498491,34.37,65.46754921333164,0
-33.28,2.49977,34.37,64.96922348312314,0
24.17,2.498491,34.37,65.00769185258002,0
-8.12,2.495933,34.39,65.63535632568775,0
-4.67,2.490816,34.39,65.63535632568775,0
21.87,2.490816,34.39,64.89221833163049,0
5.21,2.494653,34.39,65.00769185258002,0
-22.18,2.492095,34.37,65.94694837519019,0
21.22,2.495933,34.37,67.20863039818622,0
4.31,2.492095,34.37,75.59761901012492,0
-12.81,2.471627,34.37,57.56735185849702,0
20.42,2.330909,34.37,67.60917097554147,0
10.15,2.032844,34.37,65.26101439603893,0
26.56,1.979115,34.37,65.6505902486794,0
-42.84,2.096806,34.37,64.45928947793328,0
-42.68,2.173561,34.37,65.58200972827838,0
30.12,2.172282,34.37,63.89053137985315,0
51.06,2.164606,34.37,64.1482657598785,0
-16.63,2.146697,34.37,64.33506042586733,0
-50.97,2.135184,34.34,64.69157595854347,0
-65.9,2.127508,34.34,64.389440128021,0
21.94,2.115995,34.34,63.914004725099176,0
15.52,2.098085,34.34,64.87680633323437,0
-51.49,2.091689,34.37,64.01562309311689,0
15.59,2.085293,34.37,65.64297372910524,0
18.23,2.075059,34.37,63.419239982831705,0
-39.37,2.063546,34.37,63.63961030678928,0
33.72,2.050753,34.37,65.26101439603893,0
31.58,2.02133,34.37,63.419239982831705,0
-21.17,1.999583,34.37,61.22907805936653,0
10.13,1.990628,34.37,65.49809157525127,0
33.4,1.998304,34.39,69.31089380465383,0
-17.37,2.292531,34.39,63.13477647065839,0
-53.74,2.520238,34.39,65.26101439603893,0
-23.72,2.575246,34.39,62.489999199871974,0
40.03,2.580363,34.37,56.515484603779164,0
34.65,2.58548,34.37,67.74953874381728,0
97.98,2.582922,34.37,64.5600495662759,0
26.5,2.576525,34.37,64.16385275215322,0
-75.45,2.581642,34.37,67.08949247087803,0
-25.66,2.580363,34.37,60.07495318350236,0
-2.25,2.579084,34.37,64.6297145282261,0
1.11,2.575246,34.37,64.82283548256741,0
-32.89,2.543265,34.39,64.10928169929842,0
27.69,2.581642,34.39,59.715994507334464,0
11.6,2.51768,34.39,77.03246069028303,0
-31.89,2.480582,34.39,67.39436178197698,0
44.91,2.577805,34.37,71.2460525222275,0
0.5,2.579084,34.37,57.0,0
-106.94,2.502329,34.37,67.07458535093602,0
123.18,2.494653,34.37,66.49060083951716,0
-170.28,2.476744,34.37,65.99242380758567,0
-78.73,2.453717,34.37,65.12296062065974,0
-22.56,2.453717,34.37,67.26812023536856,0
74.0,2.456276,34.37,89.92218858546538,0
57.14,2.471627,34.37,56.586217403180434,0
1.46,2.476744,34.37,60.03332407921454,0
10.1,2.434529,34.37,60.01666435249463,0
-17.1,2.461393,34.37,63.914004725099176,0
67.56,2.538148,34.37,60.94259594077036,0
175.08,2.526635,34.37,62.369864518050704,0
99.11,2.513842,34.37,59.53990258641679,0
128.06,2.518959,34.37,41.012193308819754,0
-74.5,2.515121,34.37,66.03786792439622,0
-105.85,2.512563,34.37,102.57192598367256,0
-109.79,2.515121,34.37,61.84658438426491,0
-219.51,2.510004,34.37,65.58963332722634,0
114.93,2.504887,34.37,65.49809157525127,0
60.84,2.502329,34.37,64.88451279003334,0
-237.41,2.503608,34.37,65.4217089351845,0
-15.86,2.498491,34.37,65.76473218982953,0
9.74,2.493374,34.39,65.4217089351845,0
100.58,2.497212,34.39,65.4217089351845,0
94.65,2.484419,34.39,64.85368146836385,0
5.44,2.493374,34.39,64.50581369148055,0
88.91,2.492095,34.37,65.4217089351845,0
67.22,2.494653,34.37,65.21502894272147,0
-30.02,2.493374,34.37,65.09224224129939,0
57.39,2.492095,34.37,65.09224224129939,0
40.42,2.489536,34.37,65.09224224129939,0
-42.4,2.492095,34.37,65.09224224129939,0
38.81,2.488257,34.37,64.88451279003334,0
18.79,2.489536,34.37,64.77653896280658,0
-53.74,2.489536,34.37,64.77653896280658,0
28.81,2.493374,34.37,65.09224224129939,0
12.3,2.492095,34.37,64.77653896280658,0
-58.25,2.492095,34.37,65.09224224129939,0
30.86,2.489536,34.34,64.56779382943171,0
11.71,2.493374,34.34,65.09224224129939,0
-46.57,2.490816,34.34,64.50581369148055,0
24.05,2.490816,34.34,65.09224224129939,0
17.82,2.489536,34.41,64.50581369148055,0
-31.58,2.488257,34.41,64.73020933072904,0
17.67,2.485698,34.41,64.50581369148055,0
8.46,2.484419,34.41,64.41273166075166,0
-28.39,2.488257,34.39,65.43699259593154,0
16.88,2.484419,34.39,61.84658438426491,0
19.39,2.489536,34.39,65.90902821313632,0
-28.37,2.489536,34.39,67.38694235532579,0
17.44,2.489536,34.37,64.48255578061404,0
44.03,2.488257,34.37,64.4437739428721,0
11.5,2.488257,34.37,64.4437739428721,0
-33.95,2.486978,34.37,64.69930447848725,0
-52.23,2.486978,34.37,64.18722614352485,0
-68.42,2.48314,34.37,64.4437739428721,0
16.76,2.484419,34.37,64.4437739428721,0
-4.04,2.484419,34.37,64.69157595854347,0
-32.89,2.48314,34.39,64.69157595854347,0
24.58,2.488257,34.39,64.69157595854347,0
-7.61,2.485698,34.39,64.1482657598785,0
14.45,2.485698,34.39,64.94613152451807,0
18.1,2.486978,34.39,64.69157595854347,0
-20.78,2.484419,34.39,64.94613152451807,0
26.26,2.484419,34.39,64.69157595854347,0
13.35,2.48314,34.39,64.69157595854347,0
-22.4,2.480582,34.37,64.69157595854347,0
12.12,2.48314,34.37,64.69157595854347,0
-8.35,2.484419,34.37,64.69157595854347,0
19.4,2.481861,34.37,64.69157595854347,0
5.94,2.49977,34.37,64.69157595854347,0
-36.42,2.502329,34.37,64.69157595854347,0
10.6,2.507446,34.37,64.69157595854347,0
-8.8,2.507446,34.37,64.69157595854347,0
-21.87,2.506166,34.39,64.69157595854347,0
22.81,2.508725,34.39,64.69157595854347,0
3.56,2.512563,34.39,64.69157595854347,0
-47.82,2.507446,34.39,64.69157595854347,0
20.17,2.510004,34.39,64.69157595854347,0
13.12,2.516401,34.39,64.15605972938177,0
-19.2,2.512563,34.39,64.69157595854347,0
7.7,2.516401,34.39,64.15605972938177,0
23.75,2.516401,34.39,64.15605972938177,0
-2.79,2.518959,34.39,64.69157595854347,0
-17.05,2.518959,34.39,64.15605972938177,0
13.59,2.515121,34.39,64.15605972938177,0
-7.84,2.51768,34.37,64.69157595854347,0
-9.47,2.51768,34.37,64.69157595854347,0
15.33,2.511284,34.37,64.69157595854347,0
-9.16,2.515121,34.37,64.15605972938177,0
0.29,2.516401,34.39,64.69157595854347,0
18.39,2.515121,34.39,64.69157595854347,0
-7.93,2.520238,34.39,64.69157595854347,0
14.34,2.515121,34.39,64.69157595854347,0
22.37,2.51768,34.39,64.69157595854347,0
-12.08,2.516401,34.39,64.15605972938177,0
9.27,2.518959,34.39,64.15605972938177,0
14.62,2.518959,34.39,64.69157595854347,0
-8.86,2.51768,34.39,64.69157595854347,0
12.12,2.515121,34.39,64.69157595854347,0
10.07,2.516401,34.39,64.69157595854347,0
-14.13,2.515121,34.39,64.69157595854347,0
19.24,2.513842,34.41,64.69157595854347,0
11.86,2.518959,34.41,64.69157595854347,0
-24.61,2.497212,34.41,64.69157595854347,0
18.86,2.512563,34.41,64.69157595854347,0
7.52,2.513842,34.39,64.69157595854347,0
-9.82,2.515121,34.39,64.69157595854347,0
15.83,2.513842,34.39,64.94613152451807,0
11.21,2.513842,34.39,64.69157595854347,0
-16.8,2.508725,34.41,64.69157595854347,0
7.21,2.511284,34.41,64.94613152451807,0
5.22,2.515121,34.41,64.69157595854347,0
-15.7,2.512563,34.41,64.69157595854347,0
8.74,2.512563,34.39,64.69157595854347,0
11.24,2.513842,34.39,64.94613152451807,0
-14.32,2.512563,34.39,63.89053137985315,0
-4.79,2.512563,34.39,63.89053137985315,0
5.52,2.513842,34.39,64.94613152451807,0
-5.09,2.512563,34.39,64.45153217728807,0
-27.66,2.511284,34.39,64.69157595854347,0
15.94,2.507446,34.39,64.69157595854347,0
8.36,2.511284,34.39,64.15605972938177,0
-12.46,2.513842,34.39,64.15605972938177,0
13.58,2.511284,34.39,64.69157595854347,0
21.4,2.512563,34.39,64.15605972938177,0
-0.97,2.511284,34.41,64.15605972938177,0
-7.95,2.512563,34.41,64.69157595854347,0
5.42,2.512563,34.41,64.69157595854347,0
-7.52,2.512563,34.41,64.69157595854347,0
-5.43,2.510004,34.41,64.69157595854347,0
12.1,2.511284,34.41,64.69157595854347,0
-17.21,2.506166,34.41,64.69157595854347,0
-20.79,2.508725,34.41,64.69157595854347,0
12.91,2.508725,34.39,64.69157595854347,0
5.14,2.510004,34.39,64.69157595854347,0
-15.6,2.511284,34.39,64.69157595854347,0
6.48,2.510004,34.39,64.69157595854347,0
18.63,2.510004,34.41,64.69157595854347,0
10.02,2.511284,34.41,64.69157595854347,0
-16.38,2.508725,34.41,64.69157595854347,0
7.35,2.510004,34.41,64.69157595854347,0
13.33,2.507446,34.41,64.69157595854347,0
-3.32,2.506166,34.41,64.69157595854347,0
-31.28,2.510004,34.41,64.69157595854347,0
15.92,2.507446,34.41,64.69157595854347,0
2.81,2.508725,34.41,64.15605972938177,0
-21.81,2.506166,34.41,64.69157595854347,0
-2.1,2.507446,34.41,64.69157595854347,0
16.59,2.507446,34.41,64.69157595854347,0
4.87,2.507446,34.41,64.69157595854347,0
-28.22,2.507446,34.41,64.69157595854347,0
12.81,2.507446,34.41,64.69157595854347,0
27.64,2.504887,34.41,64.69157595854347,0
2.19,2.504887,34.39,64.69157595854347,0
-40.42,2.503608,34.39,64.69157595854347,0
18.57,2.506166,34.39,64.69157595854347,0
11.31,2.507446,34.39,64.69157595854347,0
-21.85,2.507446,34.39,64.69157595854347,0
28.43,2.506166,34.39,64.69157595854347,0
16.03,2.506166,34.39,64.69157595854347,0
-24.77,2.506166,34.39,64.69157595854347,0
14.95,2.506166,34.39,64.69157595854347,0
13.45,2.506166,34.39,64.69157595854347,0
-9.79,2.503608,34.39,64.69157595854347,0
-33.66,2.503608,34.39,64.69157595854347,0
24.26,2.503608,34.39,64.69157595854347,0
14.89,2.506166,34.39,64.69157595854347,0
-6.98,2.497212,34.39,64.69157595854347,0
-37.03,2.506166,34.39,64.69157595854347,0
22.27,2.504887,34.39,64.69157595854347,0
10.28,2.50105,34.39,64.69157595854347,0
-13.9,2.503608,34.39,64.69157595854347,0
15.0,2.503608,34.39,64.69157595854347,0
10.34,2.504887,34.41,64.69157595854347,0
-9.31,2.502329,34.41,64.69157595854347,0
-46.75,2.497212,34.41,64.69157595854347,0
23.14,2.50105,34.41,64.69157595854347,0
21.86,2.50105,34.39,64.69157595854347,0
-5.23,2.502329,34.39,64.69157595854347,0
-46.0,2.50105,34.39,64.69157595854347,0
21.12,2.503608,34.39,64.69157595854347,0
20.16,2.502329,34.37,64.69157595854347,0
-5.73,2.50105,34.37,64.69157595854347,0
-46.12,2.488257,34.37,64.69157595854347,0
24.81,2.498491,34.37,64.69157595854347,0
8.08,2.495933,34.39,64.69157595854347,0
-32.45,2.495933,34.39,64.69157595854347,0
4.65,2.497212,34.39,64.69157595854347,0
16.68,2.498491,34.39,64.69157595854347,0
-4.71,2.492095,34.39,64.69157595854347,0
-39.24,2.502329,34.39,64.69157595854347,0
19.83,2.49977,34.39,64.69157595854347,0
14.79,2.497212,34.39,64.69157595854347,0
-17.37,2.50105,34.41,64.69157595854347,0
9.55,2.502329,34.41,64.69157595854347,0
24.98,2.49977,34.41,64.69157595854347,0
-7.85,2.498491,34.41,64.69157595854347,0
-44.71,2.494653,34.41,64.69157595854347,0
24.24,2.498491,34.41,64.69157595854347,0
12.8,2.498491,34.41,64.15605972938177,0
-29.48,2.495933,34.41,64.69157595854347,0
21.54,2.49977,34.41,64.69157595854347,0
20.0,2.498491,34.41,64.69157595854347,0
-18.4,2.49977,34.41,64.69157595854347,0
-18.68,2.498491,34.41,64.69157595854347,0
26.62,2.497212,34.41,64.69157595854347,0
7.63,2.49977,34.41,64.69157595854347,0
-31.21,2.498491,34.41,64.69157595854347,0
29.17,2.494653,34.41,64.69157595854347,0
18.37,2.495933,34.41,64.69157595854347,0
-18.64,2.498491,34.41,64.69157595854347,0
20.16,2.494653,34.41,64.69157595854347,0
19.27,2.495933,34.41,64.69157595854347,0
-20.32,2.494653,34.41,64.69157595854347,0
-19.39,2.49977,34.41,64.69157595854347,0
23.14,2.494653,34.41,64.69157595854347,0
2.29,2.497212,34.41,64.94613152451807,0
-40.32,2.486978,34.43,64.94613152451807,0
27.53,2.495933,34.43,63.89053137985315,0
24.62,2.490816,34.43,64.69157595854347,0
-5.89,2.493374,34.43,64.69157595854347,0
-29.43,2.495933,34.39,64.69157595854347,0
16.06,2.494653,34.39,64.69157595854347,0
6.72,2.494653,34.39,64.69157595854347,0
-32.56,2.492095,34.39,64.69157595854347,0
22.11,2.494653,34.39,64.69157595854347,0
-2.56,2.493374,34.39,64.69157595854347,0
-41.37,2.495933,34.39,64.69157595854347,0
20.11,2.493374,34.39,64.69157595854347,0
17.69,2.493374,34.41,64.69157595854347,0
-18.7,2.488257,34.41,64.69157595854347,0
10.58,2.495933,34.41,64.69157595854347,0
20.9,2.494653,34.41,64.69157595854347,0
-0.32,2.494653,34.41,64.69157595854347,0
-35.99,2.493374,34.41,64.69157595854347,0
16.86,2.493374,34.41,64.69157595854347,0
1.69,2.494653,34.41,64.69157595854347,0
-34.42,2.492095,34.39,64.69157595854347,0
23.93,2.494653,34.39,68.27151675479314,0
4.15,2.492095,34.39,53.75872022286245,0
-34.8,2.495933,34.39,61.59545437773797,0
19.35,2.456276,34.41,58.787753826796276,0
16.96,2.49977,34.41,62.8728876384726,0
87.24,2.490816,34.41,64.7533782902483,0
-52.2,2.489536,34.41,64.70703207534712,0
128.47,2.489536,34.41,64.45153217728807,0
-182.52,2.490816,34.41,64.7533782902483,0
-119.26,2.489536,34.41,64.57553716385176,0
35.3,2.488257,34.41,64.24951361683604,0
34.31,2.488257,34.43,63.75735251718032,0
-18.39,2.484419,34.43,63.75735251718032,0
-27.03,2.484419,34.43,64.27285585688566,0
17.33,2.478023,34.43,63.75735251718032,0
-6.27,2.48314,34.41,64.27285585688566,0
-34.76,2.478023,34.41,64.57553716385176,0
32.91,2.475465,34.41,64.57553716385176,0
7.29,2.472906,34.41,64.57553716385176,0
-60.05,2.480582,34.41,64.27285585688566,0
40.78,2.481861,34.41,64.57553716385176,0
27.02,2.478023,34.41,64.57553716385176,0
-24.47,2.480582,34.41,64.57553716385176,0
29.45,2.476744,34.41,64.57553716385176,0
27.04,2.481861,34.41,64.57553716385176,0
-19.52,2.462672,34.41,64.57553716385176,0
22.54,2.475465,34.41,64.57553716385176,0
26.35,2.474185,34.43,64.57553716385176,0
-15.74,2.476744,34.43,64.57553716385176,0
-5.2,2.474185,34.43,64.57553716385176,0
22.37,2.475465,34.43,64.57553716385176,0
0.94,2.475465,34.41,64.57553716385176,0
-61.36,2.472906,34.41,64.57553716385176,0
25.79,2.474185,34.41,64.57553716385176,0
18.11,2.472906,34.41,64.57553716385176,0
-29.43,2.474185,34.41,64.57553716385176,0
15.73,2.471627,34.41,64.57553716385176,0
19.18,2.475465,34.41,64.57553716385176,0
-12.89,2.474185,34.41,64.57553716385176,0
-18.87,2.474185,34.43,64.57553716385176,0
14.93,2.472906,34.43,64.57553716385176,0
-4.78,2.471627,34.43,64.57553716385176,0
-32.92,2.472906,34.43,64.57553716385176,0
16.15,2.474185,34.43,64.57553716385176,0
-2.84,2.474185,34.43,63.75735251718032,0
-59.6,2.469068,34.43,64.57553716385176,0
30.35,2.471627,34.43,64.57553716385176,0
15.78,2.46523,34.45,64.57553716385176,0
-36.95,2.475465,34.45,64.57553716385176,0
16.17,2.469068,34.45,64.57553716385176,0
41.55,2.471627,34.45,64.57553716385176,0
5.67,2.470347,34.41,64.57553716385176,0
-56.58,2.470347,34.41,64.57553716385176,0
35.72,2.470347,34.41,64.57553716385176,0
36.44,2.470347,34.41,64.57553716385176,0
-13.85,2.471627,34.41,63.75735251718032,0
-16.9,2.470347,34.41,64.57553716385176,0
27.97,2.470347,34.41,64.57553716385176,0
-0.93,2.462672,34.41,64.57553716385176,0
-70.3,2.467789,34.41,63.75735251718032,0
35.41,2.467789,34.41,64.57553716385176,0
21.83,2.469068,34.41,64.57553716385176,0
-44.89,2.46651,34.41,64.57553716385176,0
26.54,2.467789,34.43,64.57553716385176,0
46.65,2.471627,34.43,64.57553716385176,0
-2.6,2.46523,34.43,64.57553716385176,0
-76.44,2.467789,34.43,64.57553716385176,0
42.17,2.46651,34.43,64.57553716385176,0
32.62,2.46651,34.43,64.57553716385176,0
-29.51,2.458834,34.43,64.57553716385176,0
21.92,2.46523,34.43,64.57553716385176,0
33.82,2.437087,34.43,64.57553716385176,0
-23.78,2.434529,34.43,64.57553716385176,0
-2.79,2.430691,34.43,64.57553716385176,0
35.13,2.43197,34.43,64.57553716385176,0
-1.46,2.43197,34.43,64.57553716385176,0
-75.17,2.434529,34.43,64.57553716385176,0
44.73,2.435808,34.43,64.27285585688566,0
42.92,2.433249,34.43,64.57553716385176,0
-5.33,2.43197,34.43,64.57553716385176,0
-64.38,2.428132,34.43,64.57553716385176,0
42.25,2.430691,34.43,64.57553716385176,0
36.83,2.421736,34.43,64.57553716385176,0
-5.75,2.430691,34.43,64.57553716385176,0
-63.85,2.428132,34.43,64.57553716385176,0
25.48,2.433249,34.43,64.57553716385176,0
15.97,2.426853,34.43,64.57553716385176,0
-33.33,2.429411,34.43,65.06150935845248,0
16.61,2.433249,34.43,63.3798075099633,0
30.06,2.43197,34.43,63.914004725099176,0
-5.83,2.430691,34.43,64.45153217728807,0
-74.89,2.444762,34.43,64.70703207534712,0
23.01,2.453717,34.43,63.89053137985315,0
20.04,2.451159,34.43,63.89053137985315,0
-21.6,2.451159,34.43,63.89053137985315,0
-6.34,2.447321,34.41,64.70703207534712,0
33.29,2.451159,34.41,64.16385275215322,0
-5.09,2.447321,34.41,63.89053137985315,0
-57.6,2.456276,34.41,63.89053137985315,0
18.38,2.456276,34.41,63.89053137985315,0
8.81,2.456276,34.41,64.70703207534712,0
-65.98,2.447321,34.41,64.16385275215322,0
34.22,2.451159,34.41,64.76109943476871,0
24.67,2.454997,34.43,64.45153217728807,0
-37.48,2.453717,34.43,63.94528911499267,0
34.65,2.440925,34.43,64.24951361683604,0
42.98,2.451159,34.43,63.94528911499267,0
-11.82,2.453717,34.41,64.76109943476871,0
-54.73,2.452438,34.41,63.94528911499267,0
30.77,2.454997,34.41,65.06150935845248,0
3.46,2.456276,34.41,64.24951361683604,0
-56.84,2.454997,34.41,63.94528911499267,0
28.29,2.452438,34.41,63.94528911499267,0
1.65,2.449879,34.41,64.24951361683604,0
-52.13,2.452438,34.41,64.24951361683604,0
27.48,2.444762,34.41,64.24951361683604,0
0.69,2.444762,34.41,64.24951361683604,0
-67.14,2.444762,34.41,63.94528911499267,0
35.95,2.444762,34.41,63.94528911499267,0
15.44,2.443483,34.43,64.24951361683604,0
-49.53,2.442204,34.43,63.94528911499267,0
36.55,2.442204,34.43,64.24951361683604,0
24.54,2.444762,34.43,64.24951361683604,0
-32.9,2.438366,34.41,63.94528911499267,0
30.32,2.439646,34.41,64.24951361683604,0
21.74,2.434529,34.41,64.24951361683604,0
-29.25,2.438366,34.41,64.24951361683604,0
30.57,2.439646,34.43,64.24951361683604,0
21.47,2.440925,34.43,64.24951361683604,0
-34.57,2.438366,34.43,64.24951361683604,0
25.46,2.439646,34.43,64.24951361683604,0
30.92,2.438366,34.43,64.24951361683604,0
-20.02,2.437087,34.43,64.24951361683604,0
-20.48,2.437087,34.43,64.24951361683604,0
33.56,2.435808,34.43,64.24951361683604,0
1.39,2.438366,34.41,64.24951361683604,0
-65.81,2.442204,34.41,64.24951361683604,0
35.27,2.439646,34.41,63.94528911499267,0
19.69,2.442204,34.41,64.24951361683604,0
-58.99,2.438366,34.43,64.24951361683604,0
37.38,2.442204,34.43,64.24951361683604,0
22.94,2.434529,34.43,64.24951361683604,0
-43.43,2.437087,34.43,64.24951361683604,0
43.73,2.435808,34.43,64.24951361683604,0
43.69,2.435808,34.43,64.24951361683604,0
-20.61,2.43197,34.43,64.24951361683604,0
-41.9,2.430691,34.43,64.24951361683604,0
42.38,2.43197,34.39,63.94528911499267,0
18.36,2.435808,34.39,64.24951361683604,0
-29.29,2.43197,34.39,64.24951361683604,0
-7.97,2.434529,34.39,64.24951361683604,0
39.49,2.41406,34.41,64.24951361683604,0
-6.59,2.411502,34.41,64.24951361683604,0
-62.62,2.412781,34.41,64.24951361683604,0
33.92,2.411502,34.41,64.24951361683604,0
27.81,2.412781,34.41,64.24951361683604,0
-27.13,2.410223,34.41,63.94528911499267,0
-31.96,2.407664,34.41,64.24951361683604,0
31.94,2.408943,34.41,63.94528911499267,0
10.83,2.411502,34.41,63.94528911499267,0
-35.55,2.410223,34.41,64.45153217728807,0
15.77,2.411502,34.41,64.24951361683604,0
36.79,2.410223,34.41,64.24951361683604,0
-10.15,2.410223,34.41,64.24951361683604,0
-69.0,2.41534,34.41,64.24951361683604,0
28.72,2.410223,34.41,64.24951361683604,0
17.06,2.410223,34.41,64.24951361683604,0
-43.83,2.410223,34.41,64.24951361683604,0
39.49,2.406385,34.41,63.94528911499267,0
30.33,2.406385,34.41,64.7533782902483,0
-33.58,2.408943,34.41,64.24951361683604,0
-28.0,2.406385,34.39,63.94528911499267,0
45.18,2.408943,34.39,63.94528911499267,0
11.99,2.406385,34.39,64.24951361683604,0
-67.44,2.408943,34.39,64.24951361683604,0
45.7,2.407664,34.41,64.7533782902483,0
32.27,2.410223,34.41,64.24951361683604,0
-51.23,2.407664,34.41,63.94528911499267,0
42.51,2.405106,34.41,64.24951361683604,0
26.31,2.403826,34.41,64.24951361683604,0
-41.36,2.410223,34.41,64.24951361683604,0
45.74,2.406385,34.41,64.7533782902483,0
43.96,2.406385,34.41,64.7533782902483,0
-25.65,2.406385,34.39,64.7533782902483,0
-56.88,2.407664,34.39,64.45153217728807,0
69.24,2.394872,34.39,64.7533782902483,0
18.67,2.399989,34.39,64.45153217728807,0
-32.82,2.403826,34.41,63.94528911499267,0
-9.91,2.401268,34.41,64.24951361683604,0
1.15,2.402547,34.41,64.24951361683604,0
-0.55,2.391034,34.41,64.24951361683604,0
-39.87,2.403826,34.43,64.24951361683604,0
25.46,2.405106,34.43,64.24951361683604,0
29.36,2.401268,34.43,64.24951361683604,0
-26.45,2.402547,34.43,64.24951361683604,0
4.04,2.402547,34.43,64.24951361683604,0
47.91,2.405106,34.43,64.24951361683604,0
3.76,2.399989,34.43,64.24951361683604,0
-66.03,2.402547,34.43,64.24951361683604,0
44.32,2.399989,34.41,64.24951361683604,0
48.92,2.405106,34.41,64.24951361683604,0
-0.11,2.396151,34.41,63.94528911499267,0
-78.01,2.405106,34.41,63.94528911499267,0
51.03,2.401268,34.43,64.45153217728807,0
58.16,2.402547,34.43,64.24951361683604,0
14.58,2.401268,34.43,64.7533782902483,0
-47.38,2.399989,34.43,64.24951361683604,0
-24.64,2.401268,34.41,64.24951361683604,0
-33.72,2.399989,34.41,64.24951361683604,0
-71.58,2.401268,34.41,64.24951361683604,0
41.47,2.396151,34.41,64.24951361683604,0
4.51,2.39871,34.41,64.24951361683604,0
-95.95,2.393592,34.41,64.24951361683604,0
54.8,2.399989,34.41,64.24951361683604,0
45.73,2.39743,34.41,64.24951361683604,0
-42.71,2.399989,34.41,64.24951361683604,0
30.54,2.394872,34.41,64.24951361683604,0
48.12,2.399989,34.41,64.24951361683604,0
-14.36,2.399989,34.41,64.24951361683604,0
-43.88,2.399989,34.43,64.24951361683604,0
34.11,2.401268,34.43,64.24951361683604,0
0.13,2.399989,34.43,64.24951361683604,0
-77.38,2.399989,34.43,64.24951361683604,0
37.87,2.396151,34.43,64.24951361683604,0
7.13,2.399989,34.43,64.24951361683604,0
-103.98,2.396151,34.43,64.24951361683604,0
58.72,2.39871,34.43,64.24951361683604,0
40.38,2.396151,34.41,64.24951361683604,0
-49.24,2.401268,34.41,63.94528911499267,0
29.79,2.396151,34.41,63.94528911499267,0
51.52,2.39871,34.41,64.24951361683604,0
5.65,2.399989,34.43,64.24951361683604,0
-89.76,2.399989,34.43,64.24951361683604,0
45.13,2.389755,34.43,64.24951361683604,0
17.21,2.393592,34.43,64.24951361683604,0
-65.67,2.39743,34.41,64.24951361683604,0
63.22,2.39743,34.41,64.24951361683604,0
29.18,2.39743,34.41,64.24951361683604,0
-65.11,2.396151,34.41,64.24951361683604,0
37.92,2.39743,34.45,64.24951361683604,0
32.75,2.394872,34.45,64.24951361683604,0
-41.41,2.396151,34.45,64.24951361683604,0
28.11,2.396151,34.45,64.24951361683604,0
39.57,2.394872,34.41,63.94528911499267,0
-10.71,2.394872,34.41,64.24951361683604,0
-89.5,2.391034,34.41,64.24951361683604,0
51.38,2.392313,34.41,64.24951361683604,0
24.82,2.392313,34.39,64.24951361683604,0
-35.56,2.393592,34.39,64.24951361683604,0
26.38,2.394872,34.39,64.24951361683604,0
28.05,2.393592,34.39,64.24951361683604,0
-20.21,2.392313,34.41,64.24951361683604,0
-13.48,2.393592,34.41,64.24951361683604,0
19.66,2.393592,34.41,64.24951361683604,0
-12.43,2.393592,34.41,64.24951361683604,0
-70.26,2.392313,34.43,64.24951361683604,0
34.98,2.389755,34.43,64.24951361683604,0
17.69,2.391034,34.43,64.24951361683604,0
-32.23,2.391034,34.43,64.24951361683604,0
3.48,2.388475,34.43,64.24951361683604,0
37.76,2.396151,34.43,63.94528911499267,0
7.39,2.389755,34.43,63.94528911499267,0
-51.95,2.391034,34.43,63.94528911499267,0
29.97,2.392313,34.43,63.94528911499267,0
36.21,2.396151,34.43,63.94528911499267,0
-20.5,2.3808,34.43,64.24951361683604,0
-21.38,2.388475,34.43,64.24951361683604,0
17.4,2.384638,34.41,64.24951361683604,0
-9.19,2.388475,34.41,64.24951361683604,0
-59.62,2.387196,34.41,64.24951361683604,0
18.89,2.385917,34.41,64.24951361683604,0
9.72,2.387196,34.41,64.24951361683604,0
-57.91,2.384638,34.41,64.24951361683604,0
32.43,2.391034,34.41,64.24951361683604,0
45.53,2.385917,34.41,64.24951361683604,0
-17.96,2.389755,34.43,63.75735251718032,0
-41.2,2.387196,34.43,64.24951361683604,0
47.37,2.388475,34.43,64.89221833163049,0
29.35,2.393592,34.43,63.50590523722971,0
-36.35,2.387196,34.45,65.09992319503918,0
-25.23,2.388475,34.45,64.57553716385176,0
16.1,2.384638,34.45,63.93746945258312,0
-3.55,2.384638,34.45,64.28841264178172,0
-43.18,2.384638,34.41,64.76109943476871,0
8.95,2.385917,34.41,64.89221833163049,0
-5.38,2.408943,34.41,64.41273166075166,0
-45.6,2.419178,34.41,63.75735251718032,0
33.8,2.416619,34.43,64.41273166075166,0
9.39,2.417898,34.43,64.41273166075166,0
-41.78,2.412781,34.43,64.41273166075166,0
60.94,2.420457,34.43,64.41273166075166,0
22.62,2.41534,34.43,64.41273166075166,0
-62.16,2.421736,34.43,64.41273166075166,0
43.89,2.416619,34.43,64.41273166075166,0
36.38,2.417898,34.43,64.41273166075166,0
-18.75,2.410223,34.41,64.41273166075166,0
-59.53,2.417898,34.41,64.41273166075166,0
34.15,2.417898,34.41,64.76109943476871,0
14.11,2.412781,34.41,64.41273166075166,0
-25.55,2.41534,34.43,64.76109943476871,0
-1.35,2.392313,34.43,64.89992295835181,0
13.36,2.384638,34.43,64.10148204214939,0
-5.27,2.379521,34.43,63.8200595424354,0
-46.45,2.3808,34.45,64.10148204214939,0
15.24,2.378242,34.45,64.10148204214939,0
8.77,2.384638,34.45,64.60650122085238,0
-20.62,2.3808,34.45,64.95382975621992,0
-4.36,2.382079,34.43,67.45368781616021,0
10.06,2.403826,34.43,65.7723346096214,0
-3.28,2.420457,34.43,55.326304774492215,0
-35.36,2.419178,34.43,62.89674077406555,0
60.74,2.423015,34.45,62.52999280345393,0
108.23,2.428132,34.45,63.796551630946325,0
24.71,2.423015,34.45,64.97691897897283,0
71.19,2.423015,34.45,62.24949798994366,0
-194.66,2.419178,34.39,63.0,0
-180.1,2.416619,34.39,63.96092557178953,0
-21.41,2.383358,34.39,63.4428877022476,0
-11.31,2.3808,34.39,65.4217089351845,0
-31.93,2.382079,34.43,61.514225996918796,0
6.38,2.417898,34.43,65.18435395092905,0
-18.77,2.382079,34.43,64.42049363362563,0
68.23,2.375683,34.43,63.96092557178953,0
101.25,2.376962,34.45,65.03076195155643,0
-57.9,2.375683,34.45,64.25729530566937,0
10.33,2.376962,34.45,64.7688196588451,0
54.13,2.375683,34.45,64.25729530566937,0
-27.75,2.376962,34.43,64.25729530566937,0
77.71,2.373124,34.43,64.68384651518491,0
30.44,2.376962,34.43,64.25729530566937,0
-46.65,2.375683,34.43,64.25729530566937,0
49.59,2.375683,34.43,64.25729530566937,0
6.13,2.374404,34.43,64.25729530566937,0
-17.03,2.370566,34.43,64.25729530566937,0
29.25,2.373124,34.43,64.25729530566937,0
-8.35,2.366728,34.41,64.25729530566937,0
-6.9,2.373124,34.41,64.68384651518491,0
15.97,2.369287,34.41,64.68384651518491,0
-9.95,2.373124,34.41,64.68384651518491,0
14.83,2.370566,34.45,64.25729530566937,0
8.92,2.374404,34.45,64.68384651518491,0
-34.81,2.373124,34.45,64.68384651518491,0
22.66,2.371845,34.45,64.25729530566937,0
2.96,2.370566,34.43,64.68384651518491,0
-47.84,2.368007,34.43,64.68384651518491,0
14.95,2.359053,34.43,64.68384651518491,0
-9.09,2.366728,34.43,64.68384651518491,0
4.62,2.366728,34.43,64.68384651518491,0
7.52,2.365449,34.43,64.68384651518491,0
-25.68,2.366728,34.43,64.35060217278468,0
23.3,2.365449,34.43,64.68384651518491,0
17.36,2.365449,34.47,64.68384651518491,0
-32.42,2.365449,34.47,64.68384651518491,0
32.23,2.365449,34.47,64.68384651518491,0
25.58,2.36289,34.47,64.68384651518491,0
-45.25,2.360332,34.43,64.68384651518491,0
2.56,2.36417,34.43,64.68384651518491,0
6.24,2.36289,34.43,64.68384651518491,0
-40.16,2.36289,34.43,64.68384651518491,0
21.68,2.360332,34.43,64.68384651518491,0
-0.22,2.361611,34.43,64.68384651518491,0
-51.33,2.361611,34.43,64.68384651518491,0
26.08,2.36289,34.43,64.68384651518491,0
9.67,2.36289,34.41,64.68384651518491,0
-54.11,2.366728,34.41,64.68384651518491,0
35.28,2.361611,34.41,64.35060217278468,0
29.05,2.357773,34.41,64.68384651518491,0
-16.12,2.359053,34.43,64.68384651518491,0
-6.05,2.36417,34.43,64.68384651518491,0
30.14,2.359053,34.43,64.68384651518491,0
1.12,2.359053,34.43,64.68384651518491,0
-50.52,2.357773,34.43,64.68384651518491,0
25.52,2.36289,34.43,64.68384651518491,0
8.73,2.361611,34.43,64.68384651518491,0
-58.95,2.361611,34.43,64.68384651518491,0
34.38,2.361611,34.43,64.68384651518491,0
24.09,2.36417,34.43,64.68384651518491,0
-36.41,2.356494,34.43,64.68384651518491,0
7.53,2.36289,34.43,64.68384651518491,0
36.27,2.359053,34.43,63.85138996137829,0
0.19,2.359053,34.43,63.85138996137829,0
-56.6,2.359053,34.43,64.68384651518491,0
39.46,2.357773,34.43,63.96092557178953,0
34.15,2.359053,34.41,63.85138996137829,0
-2.4,2.360332,34.41,64.29618962271404,0
-45.79,2.361611,34.41,64.68384651518491,0
21.28,2.360332,34.41,64.68384651518491,0
4.68,2.360332,34.43,63.85138996137829,0
-51.19,2.356494,34.43,64.29618962271404,0
23.89,2.360332,34.43,63.85138996137829,0
2.77,2.359053,34.43,64.68384651518491,0
-65.98,2.359053,34.45,64.68384651518491,0
29.21,2.359053,34.45,64.68384651518491,0
28.12,2.355215,34.45,64.68384651518491,0
-26.04,2.357773,34.45,64.35060217278468,0
12.68,2.355215,34.43,64.79197481170026,0
35.95,2.360332,34.43,64.35060217278468,0
2.48,2.355215,34.43,64.35060217278468,0
-55.18,2.357773,34.43,64.35060217278468,0
27.36,2.351377,34.43,64.68384651518491,0
20.67,2.356494,34.43,64.68384651518491,0
-27.92,2.355215,34.43,64.68384651518491,0
30.58,2.352656,34.43,64.68384651518491,0
20.71,2.352656,34.39,64.68384651518491,0
-26.25,2.353936,34.39,63.85138996137829,0
14.07,2.355215,34.39,64.68384651518491,0
26.4,2.351377,34.39,63.85138996137829,0
-9.13,2.355215,34.41,64.68384651518491,0
-59.48,2.352656,34.41,64.68384651518491,0
31.42,2.353936,34.41,64.35060217278468,0
35.74,2.34626,34.41,64.35060217278468,0
-6.53,2.352656,34.39,64.35060217278468,0
-47.29,2.348819,34.39,63.96092557178953,0
20.7,2.355215,34.39,64.68384651518491,0
28.86,2.352656,34.39,64.35060217278468,0
-8.04,2.350098,34.41,64.68384651518491,0
-51.55,2.353936,34.41,63.85138996137829,0
25.03,2.351377,34.41,64.68384651518491,0
11.14,2.351377,34.41,64.68384651518491,0
-43.58,2.34626,34.41,64.68384651518491,0
21.68,2.348819,34.41,64.35060217278468,0
33.0,2.342422,34.41,64.35060217278468,0
-6.37,2.351377,34.41,64.35060217278468,0
-75.91,2.344981,34.41,64.35060217278468,0
40.42,2.350098,34.41,64.68384651518491,0
34.97,2.334747,34.41,64.68384651518491,0
-14.85,2.343702,34.41,64.68384651518491,0
-11.62,2.336026,34.41,64.68384651518491,0
31.16,2.343702,34.41,64.68384651518491,0
-5.24,2.347539,34.41,64.68384651518491,0
-52.56,2.341143,34.41,64.68384651518491,0
33.68,2.343702,34.43,64.68384651518491,0
8.76,2.339864,34.43,64.68384651518491,0
-56.22,2.344981,34.43,64.35060217278468,0
36.6,2.341143,34.43,64.35060217278468,0
46.24,2.344981,34.41,64.35060217278468,0
-13.79,2.343702,34.41,64.35060217278468,0
-75.26,2.344981,34.41,64.35060217278468,0
42.57,2.341143,34.41,64.35060217278468,0
21.98,2.343702,34.43,64.68384651518491,0
-32.34,2.342422,34.43,64.68384651518491,0
30.0,2.342422,34.43,64.68384651518491,0
39.84,2.341143,34.43,64.35060217278468,0
-22.27,2.338585,34.43,64.68384651518491,0
-23.54,2.342422,34.43,64.35060217278468,0
30.13,2.341143,34.43,64.35060217278468,0
-0.19,2.342422,34.43,64.68384651518491,0
-68.41,2.342422,34.43,64.35060217278468,0
40.69,2.343702,34.43,64.35060217278468,0
45.33,2.343702,34.43,64.42049363362563,0
-2.0,2.343702,34.43,62.42595614005443,0
-57.47,2.387196,34.43,65.09992319503918,0
47.15,2.394872,34.43,64.70703207534712,0
87.1,2.387196,34.43,67.23094525588644,0
155.22,2.350098,34.43,65.58963332722634,0
134.08,2.334747,34.43,61.91930232165088,0
-288.63,2.334747,34.43,81.02468759581859,0
-249.04,2.325792,34.43,61.36774397026503,0
-102.69,2.344981,34.43,61.91930232165088,0
3.2,2.385917,34.43,63.37191807101944,0
60.18,2.389755,34.43,64.07807737440318,0
160.78,2.3808,34.43,64.51356446515724,0
227.8,2.375683,34.43,64.63745044476924,0
-30.3,2.378242,34.43,64.79197481170026,0
-169.34,2.378242,34.43,61.62791575252241,0
-80.67,2.374404,34.43,63.03967004989794,0
10.18,2.375683,34.43,67.86015030929418,0
-52.86,2.387196,34.39,63.35613624582863,0
-26.97,2.383358,34.39,61.35959582656978,0
114.98,2.379521,34.39,63.75735251718032,0
164.43,2.341143,34.39,65.79513659838392,0
-200.69,2.338585,34.41,71.08445681019164,0
-367.97,2.330909,34.41,59.74110812497538,0
-16.17,2.370566,34.41,61.91930232165088,0
151.61,2.3808,34.41,63.984373092185564,0
37.07,2.350098,34.43,63.56099432828282,0
220.33,2.343702,34.43,64.52906321960671,0
177.59,2.365449,34.43,64.29618962271404,0
-136.27,2.338585,34.43,63.37191807101944,0
49.15,2.342422,34.43,61.72519744804386,0
14.14,2.361611,34.43,63.48228099241551,0
-56.28,2.352656,34.43,66.21933252457322,0
-96.19,2.348819,34.43,64.72248450113763,0
101.94,2.344981,34.39,61.84658438426491,0
9.71,2.347539,34.39,62.76145313805282,0
-75.84,2.341143,34.39,63.63961030678928,0
-119.95,2.342422,34.39,64.5600495662759,0
-3.97,2.339864,34.45,65.39113089708727,0
56.9,2.341143,34.45,63.58458932791813,0
55.23,2.339864,34.45,63.8200595424354,0
72.66,2.339864,34.45,66.46803743153546,0
-20.15,2.337305,34.43,62.81719509815764,0
8.12,2.332188,34.43,59.0592922409336,0
43.42,2.302766,34.43,63.52952069707436,0
-39.54,2.302766,34.43,56.18718715152058,0
-78.32,2.378242,34.43,66.94027188471824,0
68.62,2.388475,34.43,63.166446789415026,0
42.88,2.387196,34.43,63.53739056650029,0
44.44,2.347539,34.43,64.70703207534712,0
88.56,2.352656,34.43,65.49809157525127,0
-120.79,2.348819,34.43,62.52199612936234,0
-135.73,2.387196,34.43,63.812224534175265,0
25.63,2.347539,34.43,65.19969325081216,0
29.51,2.344981,34.45,64.10928169929842,0
15.81,2.342422,34.45,62.24146527838174,0
-7.27,2.336026,34.45,65.92419889539804,0
-97.28,2.369287,34.45,66.46803743153546,0
-124.88,2.383358,34.43,60.0416522091123,0
73.08,2.361611,34.43,63.53739056650029,0
205.64,2.342422,34.43,66.40030120413611,0
-11.25,2.351377,34.43,64.64518543557594,0
-206.67,2.34626,34.43,65.09992319503918,0
27.09,2.350098,34.43,64.29618962271404,0
48.61,2.344981,34.43,65.1536645170477,0
-34.43,2.348819,34.43,64.29618962271404,0
-41.57,2.34626,34.43,64.29618962271404,0
27.02,2.351377,34.43,64.29618962271404,0
22.86,2.351377,34.43,64.29618962271404,0
-68.76,2.350098,34.43,64.29618962271404,0
43.77,2.347539,34.41,65.12296062065974,0
49.87,2.344981,34.41,63.914004725099176,0
-16.3,2.350098,34.41,64.29618962271404,0
36.62,2.34626,34.41,63.914004725099176,0
43.8,2.348819,34.43,64.77653896280658,0
-20.77,2.347539,34.43,63.914004725099176,0
24.7,2.347539,34.43,61.98386886924694,0
36.77,2.344981,34.43,59.841457201508724,0
-14.38,2.384638,34.45,62.49799996799898,0
-65.14,2.396151,34.45,64.52131430775415,0
26.62,2.396151,34.45,63.28506932918696,0
143.66,2.385917,34.45,63.53739056650029,0
84.86,2.360332,34.43,62.52199612936234,0
-26.47,2.356494,34.43,64.48255578061404,0
-96.35,2.348819,34.43,63.45076831686122,0
-75.24,2.347539,34.43,64.1482657598785,0
31.69,2.355215,34.43,64.4437739428721,0
-42.7,2.353936,34.43,64.42049363362563,0
-175.88,2.352656,34.43,63.88270501473775,0
25.32,2.351377,34.43,64.47480127925948,0
170.78,2.350098,34.41,64.83054835492293,0
116.14,2.350098,34.41,63.94528911499267,0
-61.79,2.344981,34.41,62.78534860936905,0
-38.3,2.338585,34.41,67.59437846448475,0
-41.83,2.337305,34.41,56.894639466297704,0
24.42,2.342422,34.41,66.67083320313314,0
78.02,2.337305,34.41,65.03076195155643,0
-5.08,2.338585,34.41,66.46803743153546,0
-51.13,2.332188,34.45,67.39436178197698,0
50.22,2.327071,34.45,64.06246951218786,0
49.78,2.314279,34.45,68.49087530467106,0
-0.37,2.318117,34.45,57.706152185014034,0
-113.32,2.336026,34.45,69.83552104767315,0
1.02,2.342422,34.45,64.28841264178172,0
40.07,2.32963,34.45,67.38694235532579,0
89.06,2.320675,34.45,64.27285585688566,0
-44.57,2.316837,34.41,65.58963332722634,0
89.07,2.315558,34.41,64.389440128021,0
-67.61,2.315558,34.41,60.18305409332431,0
-115.6,2.315558,34.41,65.1536645170477,0
35.13,2.296369,34.43,66.61080993352356,0
33.73,2.29509,34.43,65.18435395092905,0
-1.26,2.296369,34.43,68.00735254367721,0
-10.94,2.305324,34.43,70.49822692805827,0
40.11,2.324513,34.41,47.86439177509728,0
5.65,2.355215,34.41,97.88769074812215,0
-45.2,2.355215,34.41,77.27871634544663,0
223.15,2.343702,34.41,61.82232606429493,0
271.33,2.370566,34.43,63.03967004989794,0
69.11,2.369287,34.43,55.17245689653489,0
-166.99,2.337305,34.43,67.90434448545984,0
-291.97,2.320675,34.43,62.44197306299666,0
-160.18,2.321954,34.43,66.55824516917495,0
-64.62,2.321954,34.43,65.13831437794502,0
-131.22,2.315558,34.43,67.83067152844649,0
40.56,2.32963,34.43,62.617888817813075,0
-18.07,2.330909,34.43,64.10928169929842,0
-28.42,2.342422,34.43,62.83311228962003,0
112.46,2.343702,34.43,67.72001181334805,0
124.24,2.383358,34.43,63.20601237224193,0
94.45,2.336026,34.43,61.652250567193406,0
130.16,2.378242,34.43,59.27900134111572,0
11.08,2.3808,34.43,63.48228099241551,0
-153.57,2.3808,34.43,61.18823416311342,0
138.89,2.382079,34.43,65.71149062378664,0
60.3,2.382079,34.43,63.53739056650029,0
-70.91,2.356494,34.43,63.914004725099176,0
-66.85,2.330909,34.43,64.6297145282261,0
-106.96,2.334747,34.41,64.6297145282261,0
-105.98,2.337305,34.41,64.35060217278468,0
9.67,2.36289,34.41,64.45153217728807,0
25.79,2.369287,34.41,64.01562309311689,0
7.38,2.347539,34.41,64.69157595854347,0
85.74,2.341143,34.41,64.62197768561404,0
-83.28,2.341143,34.41,71.06335201775947,0
-59.99,2.341143,34.41,64.02343321003646,0
-23.72,2.337305,34.43,65.31462317123173,0
-47.87,2.332188,34.43,64.17164482853778,0
91.81,2.32963,34.43,64.96922348312314,0
20.16,2.328351,34.43,64.63745044476924,0
-59.89,2.32963,34.41,64.319514923544,0
50.44,2.327071,34.41,60.778285596090974,0
-4.2,2.369287,34.41,66.2872536767062,0
59.55,2.370566,34.41,63.647466563878254,0
70.19,2.338585,34.41,63.655321851358195,0
50.66,2.336026,34.41,63.229739838148944,0
41.04,2.36417,34.41,64.45928947793328,0
-129.44,2.36417,34.41,64.45928947793328,0
-121.02,2.366728,34.43,64.45928947793328,0
49.31,2.368007,34.43,63.812224534175265,0
65.76,2.370566,34.43,64.91532946846992,0
-37.96,2.369287,34.43,63.34824385884742,0
57.51,2.369287,34.41,64.45928947793328,0
29.55,2.369287,34.41,63.608175575157006,0
-59.58,2.369287,34.41,64.45928947793328,0
16.3,2.369287,34.41,64.45928947793328,0
12.72,2.368007,34.41,64.91532946846992,0
-50.86,2.369287,34.41,64.45928947793328,0
30.3,2.366728,34.41,63.608175575157006,0
17.32,2.368007,34.41,64.48255578061404,0
-22.75,2.368007,34.41,63.35613624582863,0
23.29,2.368007,34.41,63.984373092185564,0
61.76,2.348819,34.41,63.50590523722971,0
98.63,2.333468,34.41,63.33245613427605,0
-178.28,2.32963,34.43,64.47480127925948,0
-51.22,2.359053,34.43,65.19202405202648,0
8.15,2.370566,34.43,63.812224534175265,0
-25.41,2.374404,34.43,64.45153217728807,0
113.63,2.368007,34.45,64.85368146836385,0
52.23,2.332188,34.45,67.66091929614909,0
-206.19,2.323234,34.45,69.0869017976635,0
-94.88,2.341143,34.45,55.49774770204643,0
62.1,2.369287,34.41,64.03905058634146,0
1.55,2.370566,34.41,66.58077800686922,0
26.85,2.369287,34.41,63.324560795950255,0
267.82,2.366728,34.41,65.31462317123173,0
120.17,2.368007,34.41,65.05382386916237,0
-257.42,2.366728,34.41,64.45928947793328,0
49.51,2.365449,34.41,63.92182725798755,0
38.44,2.366728,34.41,64.17164482853778,0
-39.67,2.368007,34.41,64.45153217728807,0
1.95,2.36417,34.41,63.66317616958802,0
2.07,2.360332,34.41,64.17164482853778,0
-63.49,2.361611,34.41,64.17164482853778,0
58.55,2.361611,34.41,64.95382975621992,0
-16.47,2.355215,34.41,64.95382975621992,0
-96.89,2.36289,34.41,64.45153217728807,0
33.2,2.361611,34.41,64.10148204214939,0
12.9,2.359053,34.41,64.17164482853778,0
-91.85,2.36289,34.41,64.95382975621992,0
35.56,2.361611,34.41,64.95382975621992,0
57.94,2.361611,34.41,64.17164482853778,0
-36.97,2.357773,34.41,64.17164482853778,0
21.7,2.359053,34.41,64.95382975621992,0
59.76,2.359053,34.41,62.625873247404705,0
16.71,2.360332,34.41,65.52098900352466,0
-89.51,2.36289,34.43,62.01612693485461,0
62.84,2.371845,34.43,62.68971207462992,0
71.15,2.365449,34.43,63.773035054010094,0
28.7,2.365449,34.43,63.773035054010094,0
24.66,2.365449,34.41,65.16133823057964,0
-76.61,2.350098,34.41,61.35144660071187,0
-71.81,2.321954,34.41,70.24243731534378,0
-89.5,2.312999,34.41,64.26507605223851,0
-16.33,2.306603,34.43,74.63913182774837,0
11.71,2.305324,34.43,50.22947341949744,0
-140.91,2.337305,34.43,65.68865959965997,0
5.5,2.357773,34.43,64.26507605223851,0
288.0,2.356494,34.43,63.914004725099176,0
482.97,2.327071,34.43,62.8728876384726,0
-316.55,2.323234,34.43,63.324560795950255,0
-181.55,2.321954,34.43,65.1536645170477,0
-46.15,2.323234,34.39,64.389440128021,0
-59.87,2.350098,34.39,63.835726674018524,0
62.95,2.352656,34.39,63.835726674018524,0
50.55,2.347539,34.39,63.75735251718032,0
-42.78,2.355215,34.43,63.835726674018524,0
5.34,2.356494,34.43,63.835726674018524,0
-18.75,2.356494,34.43,63.48228099241551,0
-106.51,2.356494,34.43,64.45153217728807,0
43.29,2.355215,34.41,63.835726674018524,0
41.25,2.356494,34.41,63.48228099241551,0
-51.11,2.352656,34.41,63.48228099241551,0
27.46,2.359053,34.41,62.8728876384726,0
35.91,2.355215,34.41,63.150613615387776,0
-15.73,2.357773,34.41,60.95079983068311,0
-8.96,2.342422,34.41,59.12698199637793,0
0.61,2.318117,34.41,77.54353615872827,0
-53.31,2.31172,34.39,67.89698078707183,0
-135.36,2.315558,34.39,61.71709649683789,0
-16.97,2.357773,34.39,64.47480127925948,0
23.96,2.366728,34.39,63.92182725798755,0
-136.84,2.365449,34.41,64.70703207534712,0
179.53,2.361611,34.41,63.41135544995076,0
329.99,2.320675,34.41,67.08949247087803,0
-11.76,2.298928,34.41,59.464274989274024,0
-226.46,2.268226,34.41,70.60453243241541,0
-94.84,2.256712,34.41,85.86617494683223,0
40.35,2.264388,34.41,64.25729530566937,0
2.22,2.264388,34.41,63.592452382338585,0
22.1,2.301486,34.39,57.4543296888929,0
20.1,2.302766,34.39,73.91887445030531,0
-90.78,2.343702,34.39,68.62215385719105,0
187.89,2.36289,34.39,68.86218120274728,0
107.18,2.359053,34.41,69.3757882838098,0
-24.38,2.361611,34.41,49.69909455915671,0
-19.9,2.355215,34.41,64.1404708432983,0
8.63,2.36289,34.41,60.844062980705026,0
11.71,2.361611,34.43,65.00769185258002,0
44.38,2.379521,34.43,68.48357467305573,0
-0.44,2.370566,34.43,66.53570470055908,0
-213.11,2.370566,34.43,64.20280367709809,0
-61.3,2.369287,34.39,64.57553716385176,0
29.32,2.389755,34.39,64.38167441127949,0
-41.56,2.423015,34.39,64.1482657598785,0
-54.26,2.714684,34.39,64.78425734698207,0
7.69,3.090784,34.41,68.07348970047003,0
96.26,2.960606,34.41,78.34538914320358,0
128.68,2.625442,34.41,85.07055894961546,0
179.25,2.556362,34.41,69.98571282769076,0
139.52,2.496238,34.39,69.58448102845921,0
-323.66,2.448905,34.39,63.29296959378664,0
-430.07,2.444762,34.39,75.8814865431615,0
-15.68,2.374404,34.39,67.43144666993287,0
54.72,2.320675,34.43,41.60528812542944,0
0.89,2.419178,34.43,72.86288492778748,0
52.92,2.520238,34.43,68.83313155741209,0
65.76,2.515121,34.43,61.22907805936653,0
32.09,2.51768,34.41,71.37226352022192,0
4.52,2.504887,34.41,80.3305670339753,0
-15.34,2.462672,34.41,57.55866572463264,0
69.97,2.457555,34.41,66.83561924602779,0
90.81,2.453717,34.39,59.648973168026956,0
48.79,2.457555,34.39,71.26008700527947,0
-89.49,2.430691,34.39,56.302753041036986,0
53.13,2.4486,34.39,61.04096984812741,0
27.75,2.488257,34.43,63.15853069855251,0
-4.05,2.489536,34.43,63.00793600809346,0
5.22,2.485698,34.43,63.97655820689325,0
18.92,2.480582,34.43,63.96092557178953,0
-67.33,2.474185,34.39,63.35613624582863,0
17.46,2.471627,34.39,63.788713735268246,0
-113.68,2.471627,34.39,63.788713735268246,0
7.23,2.472906,34.39,63.788713735268246,0
15.95,2.467789,34.41,63.788713735268246,0
-22.09,2.471627,34.41,63.788713735268246,0
19.41,2.456276,34.41,63.788713735268246,0
-7.66,2.46523,34.41,63.788713735268246,0
14.87,2.46523,34.41,63.788713735268246,0
4.93,2.46523,34.41,63.788713735268246,0
-36.96,2.463951,34.41,63.788713735268246,0
14.85,2.463951,34.41,63.788713735268246,0
-11.89,2.458834,34.41,62.74551776820397,0
13.0,2.463951,34.41,63.788713735268246,0
6.67,2.461393,34.41,63.788713735268246,0
-28.67,2.460114,34.41,63.419239982831705,0
14.82,2.462672,34.41,63.35613624582863,0
-9.34,2.460114,34.41,63.35613624582863,0
6.09,2.458834,34.41,63.788713735268246,0
-3.83,2.451159,34.41,63.35613624582863,0
-15.95,2.462672,34.37,63.788713735268246,0
12.43,2.463951,34.37,63.788713735268246,0
-28.02,2.458834,34.37,63.35613624582863,0
29.5,2.456276,34.37,71.11961754677819,0
6.48,2.46523,34.39,56.868268832451726,0
-33.42,2.438366,34.39,64.47480127925948,0
21.46,2.423015,34.39,67.47592163134935,0
2.16,2.425574,34.39,66.61831579978588,0
96.6,2.421736,34.39,63.82789358893179,0
-113.75,2.424294,34.39,64.41273166075166,0
-61.2,2.41534,34.39,68.93475175845634,0
31.99,2.416619,34.39,65.12296062065974,0
-14.91,2.416619,34.39,63.26926584053272,0
71.46,2.416619,34.39,64.8459713474939,0
79.01,2.408943,34.39,64.66838485689897,0
35.82,2.410223,34.39,60.64651680022522,0
62.54,2.407664,34.41,62.80923498976882,0
-92.65,2.406385,34.41,63.63961030678928,0
-54.97,2.406385,34.41,65.22269543648132,0
44.03,2.405106,34.41,65.03076195155643,0
27.93,2.402547,34.39,65.7419196555744,0
-48.96,2.392313,34.39,65.74952471311104,0
-113.05,2.389755,34.39,64.8459713474939,0
23.67,2.378242,34.39,65.31462317123173,0
11.44,2.375683,34.39,64.41273166075166,0
-9.83,2.36417,34.39,64.42049363362563,0
13.08,2.366728,34.39,65.7723346096214,0
28.61,2.368007,34.39,55.09083408335728,0
11.58,2.387196,34.37,71.8192174839019,0
-39.13,2.388475,34.37,66.4981202741852,0
35.51,2.3808,34.37,59.648973168026956,0
38.37,2.371845,34.37,65.33758489567853,0
26.96,2.343702,34.39,68.31544481301428,0
-76.15,2.336026,34.39,65.83312236253116,0
72.36,2.323234,34.39,64.20280367709809,0
3.26,2.332188,34.39,64.96922348312314,0
-74.81,2.324513,34.37,65.1536645170477,0
-47.89,2.330909,34.37,65.33758489567853,0
79.86,2.314279,34.37,65.00769185258002,0
3.2,2.320675,34.37,65.46754921333164,0
-60.53,2.314279,34.41,65.46754921333164,0
22.9,2.319396,34.41,65.612498809297,0
41.62,2.315558,34.41,64.96922348312314,0
-39.99,2.315558,34.41,65.13063795173512,0
18.0,2.320675,34.39,65.00769185258002,0
19.82,2.321954,34.39,65.49809157525127,0
-22.69,2.323234,34.39,65.49809157525127,0
27.33,2.323234,34.39,65.49809157525127,0
3.51,2.330909,34.37,65.49809157525127,0
-29.04,2.32963,34.37,65.49809157525127,0
23.08,2.334747,34.37,65.49809157525127,0
0.92,2.332188,34.37,65.49809157525127,0
-41.16,2.330909,34.37,65.49809157525127,0
6.8,2.341143,34.37,65.49809157525127,0
2.05,2.343702,34.37,65.19969325081216,0
-18.18,2.344981,34.37,65.40642170307133,0
14.33,2.343702,34.37,65.40642170307133,0
-6.32,2.344981,34.37,64.91532946846992,0
-15.36,2.347539,34.37,65.40642170307133,0
3.57,2.336026,34.37,65.19969325081216,0
-1.25,2.333468,34.37,65.19969325081216,0
-9.28,2.334747,34.37,65.19969325081216,0
7.52,2.332188,34.37,65.40642170307133,0
-8.56,2.32963,34.37,65.40642170307133,0
7.42,2.32963,34.37,65.40642170307133,0
6.21,2.332188,34.37,65.40642170307133,0
-26.37,2.314279,34.37,65.40642170307133,0
19.1,2.323234,34.37,65.40642170307133,0
4.82,2.325792,34.41,65.40642170307133,0
-11.99,2.343702,34.41,65.49809157525127,0
13.44,2.343702,34.41,65.70388116390082,0
-6.58,2.347539,34.41,65.40642170307133,0
19.49,2.350098,34.39,65.40642170307133,0
13.97,2.361611,34.39,65.40642170307133,0
-15.15,2.366728,34.39,65.40642170307133,0
16.88,2.365449,34.39,65.70388116390082,0
9.32,2.36289,34.39,65.70388116390082,0
-15.5,2.36289,34.39,65.40642170307133,0
13.78,2.357773,34.39,65.40642170307133,0
-2.32,2.352656,34.39,65.70388116390082,0
-16.3,2.350098,34.39,65.40642170307133,0
10.6,2.350098,34.39,65.40642170307133,0
2.91,2.350098,34.39,65.40642170307133,0
-18.44,2.348819,34.39,65.70388116390082,0
1.58,2.351377,34.39,65.19969325081216,0
-1.42,2.351377,34.39,65.49809157525127,0
-9.11,2.351377,34.39,65.49809157525127,0
3.56,2.350098,34.39,65.49809157525127,0
2.42,2.350098,34.37,65.49809157525127,0
-1.84,2.347539,34.37,65.49809157525127,0
7.5,2.347539,34.37,65.49809157525127,0
-27.14,2.348819,34.37,65.40642170307133,0
6.23,2.351377,34.34,65.40642170307133,0
9.39,2.353936,34.34,65.49809157525127,0
-17.11,2.352656,34.34,65.49809157525127,0
-0.46,2.357773,34.34,65.49809157525127,0
1.73,2.353936,34.37,65.40642170307133,0
-4.89,2.359053,34.37,65.19969325081216,0
15.57,2.350098,34.37,65.49809157525127,0
-1.61,2.350098,34.37,65.49809157525127,0
5.99,2.347539,34.37,65.70388116390082,0
2.15,2.344981,34.37,65.70388116390082,0
-12.12,2.316837,34.37,65.70388116390082,0
9.15,2.337305,34.37,65.70388116390082,0
2.8,2.339864,34.37,65.70388116390082,0
-16.59,2.338585,34.37,65.49809157525127,0
2.26,2.336026,34.37,65.49809157525127,0
-5.74,2.334747,34.37,65.19969325081216,0
-9.33,2.336026,34.39,65.49809157525127,0
10.07,2.330909,34.39,65.49809157525127,0
1.25,2.330909,34.39,65.49809157525127,0
15.39,2.310441,34.39,65.49809157525127,0
16.66,2.307883,34.37,65.49809157525127,0
-14.9,2.296369,34.37,65.70388116390082,0
0.46,2.307883,34.37,65.40642170307133,0
-5.88,2.304045,34.37,65.70388116390082,0
-15.66,2.323234,34.39,65.62773803811922,0
-2.26,2.327071,34.39,65.70388116390082,0
-6.71,2.323234,34.39,65.70388116390082,0
0.74,2.321954,34.39,65.70388116390082,0
-1.27,2.310441,34.37,64.77653896280658,0
-12.57,2.300207,34.37,65.92419889539804,0
13.23,2.296369,34.37,65.70388116390082,0
2.19,2.301486,34.37,65.70388116390082,0
4.36,2.292531,34.34,65.70388116390082,0
9.32,2.300207,34.34,65.40642170307133,0
-16.75,2.29509,34.34,65.70388116390082,0
6.02,2.298928,34.34,65.70388116390082,0
2.63,2.297649,34.37,65.40642170307133,0
-21.96,2.319396,34.37,65.40642170307133,0
8.1,2.297649,34.37,64.77653896280658,0
-4.5,2.300207,34.37,65.70388116390082,0
9.09,2.298928,34.37,65.70388116390082,0
16.65,2.298928,34.37,65.0,0
-9.63,2.300207,34.37,64.77653896280658,0
13.0,2.31172,34.37,65.70388116390082,0
8.38,2.316837,34.34,65.70388116390082,0
-18.77,2.314279,34.34,65.70388116390082,0
-10.57,2.315558,34.34,65.70388116390082,0
-10.53,2.306603,34.34,65.92419889539804,0
3.34,2.314279,34.37,65.70388116390082,0
6.01,2.314279,34.37,65.70388116390082,0
-3.96,2.31172,34.37,65.70388116390082,0
8.4,2.312999,34.37,65.40642170307133,0
10.74,2.310441,34.37,65.70388116390082,0
-5.79,2.312999,34.37,65.70388116390082,0
15.07,2.29509,34.37,65.70388116390082,0
0.52,2.310441,34.37,65.70388116390082,0
-16.99,2.31172,34.39,65.70388116390082,0
5.15,2.324513,34.39,65.70388116390082,0
-3.26,2.323234,34.39,65.70388116390082,0
-13.8,2.328351,34.39,65.70388116390082,0
11.6,2.321954,34.37,65.92419889539804,0
-8.17,2.328351,34.37,64.77653896280658,0
-15.15,2.330909,34.37,65.70388116390082,0
11.96,2.324513,34.37,65.92419889539804,0
4.64,2.320675,34.37,65.70388116390082,0
-5.01,2.312999,34.37,65.62773803811922,0
-3.59,2.314279,34.37,65.70388116390082,0
-1.28,2.309162,34.37,65.92419889539804,0
-9.83,2.310441,34.34,65.92419889539804,0
9.88,2.309162,34.34,65.92419889539804,0
10.3,2.307883,34.34,65.62773803811922,0
10.57,2.298928,34.34,65.0,0
0.92,2.284856,34.34,65.0,0
-25.51,2.287415,34.34,65.62773803811922,0
13.71,2.283577,34.34,65.92419889539804,0
9.56,2.301486,34.34,65.70388116390082,0
-8.5,2.297649,34.34,65.70388116390082,0
5.87,2.302766,34.34,64.77653896280658,0
-4.48,2.297649,34.34,64.77653896280658,0
9.37,2.301486,34.34,65.70388116390082,0
-1.2,2.298928,34.34,64.77653896280658,0
-12.64,2.302766,34.34,64.77653896280658,0
5.58,2.298928,34.34,64.77653896280658,0
-4.44,2.300207,34.34,65.62773803811922,0
2.64,2.293811,34.34,64.77653896280658,0
5.63,2.282298,34.34,65.70388116390082,0
-11.2,2.27846,34.34,65.0,0
15.81,2.273343,34.34,65.92419889539804,0
8.89,2.275901,34.39,65.0,0
-17.16,2.273343,34.39,65.0,0
10.24,2.293811,34.39,65.70388116390082,0
2.26,2.29509,34.39,65.0,0
2.99,2.298928,34.39,65.0,0
0.65,2.301486,34.39,65.70388116390082,0
-13.75,2.306603,34.39,65.0,0
12.3,2.309162,34.39,65.70388116390082,0
6.79,2.307883,34.37,64.77653896280658,0
-9.37,2.304045,34.37,65.0,0
10.17,2.300207,34.37,65.0,0
6.27,2.301486,34.37,65.92419889539804,0
-10.39,2.300207,34.34,65.0,0
5.61,2.300207,34.34,65.0,0
-4.25,2.297649,34.34,65.0,0
1.79,2.29509,34.34,65.0,0
20.36,2.293811,34.34,65.0,0
3.57,2.292531,34.34,65.0,0
-16.3,2.291252,34.34,64.77653896280658,0
7.21,2.292531,34.34,65.0,0
-9.43,2.288694,34.37,65.0,0
-8.68,2.287415,34.37,65.92419889539804,0
1.8,2.288694,34.37,65.0,0
-14.89,2.292531,34.37,65.0,0
3.78,2.287415,34.37,65.0,0
2.21,2.289973,34.37,65.0,0
-13.83,2.288694,34.37,65.0,0
9.58,2.287415,34.37,65.0,0
1.07,2.287415,34.34,65.0,0
3.68,2.289973,34.34,65.92419889539804,0
0.64,2.284856,34.34,65.70388116390082,0
-8.71,2.286135,34.34,65.62773803811922,0
18.51,2.282298,34.34,65.0,0
7.55,2.283577,34.34,65.92419889539804,0
-23.85,2.281018,34.34,65.0,0
9.07,2.27846,34.34,65.0,0
17.93,2.279739,34.39,65.0,0
1.84,2.277181,34.39,65.92419889539804,0
0.26,2.282298,34.39,65.92419889539804,0
-16.52,2.275901,34.39,65.62773803811922,0
4.05,2.277181,34.37,65.0,0
3.54,2.263109,34.37,65.0,0
-7.21,2.256712,34.37,65.92419889539804,0
7.66,2.252875,34.37,65.0,0
4.56,2.252875,34.37,65.0,0
-4.71,2.247758,34.37,65.0,0
7.23,2.241362,34.37,65.0,0
-4.71,2.251595,34.37,65.0,0
6.94,2.250316,34.34,65.0,0
2.03,2.265667,34.34,65.92419889539804,0
-15.66,2.27846,34.34,65.40642170307133,0
16.18,2.289973,34.34,65.40642170307133,0
20.46,2.284856,34.37,65.23802572120036,0
19.39,2.269505,34.37,64.77653896280658,0
41.46,2.277181,34.37,65.0,0
-21.97,2.283577,34.37,65.0,0
-22.5,2.286135,34.34,64.77653896280658,0
-0.01,2.284856,34.34,65.49809157525127,0
1.42,2.284856,34.34,64.77653896280658,0
-11.2,2.283577,34.34,64.77653896280658,0
2.4,2.287415,34.34,64.77653896280658,0
10.81,2.287415,34.34,64.77653896280658,0
-19.96,2.292531,34.34,65.0,0
10.52,2.287415,34.34,65.09224224129939,0
0.91,2.289973,34.37,64.77653896280658,0
-9.38,2.288694,34.37,65.09224224129939,0
35.34,2.292531,34.37,65.70388116390082,0
26.42,2.288694,34.37,65.09224224129939,0
-15.49,2.286135,34.39,65.09224224129939,0
3.47,2.287415,34.39,65.09224224129939,0
-1.99,2.284856,34.39,65.09224224129939,0
-16.48,2.283577,34.39,65.0,0
2.14,2.281018,34.37,65.31462317123173,0
-10.38,2.282298,34.37,65.31462317123173,0
-6.11,2.281018,34.37,65.09224224129939,0
13.4,2.281018,34.37,66.23443213314356,0
5.38,2.273343,34.37,65.09224224129939,0
6.02,2.282298,34.37,65.09224224129939,0
-2.12,2.277181,34.37,65.64297372910524,0
-4.78,2.27846,34.37,65.09224224129939,0
2.41,2.27846,34.34,65.09224224129939,0
-5.53,2.283577,34.34,65.09224224129939,0
-11.58,2.279739,34.34,65.31462317123173,0
11.62,2.288694,34.34,65.09224224129939,0
5.32,2.291252,34.37,65.09224224129939,0
-24.65,2.288694,34.37,64.77653896280658,0
11.24,2.289973,34.37,64.77653896280658,0
9.01,2.287415,34.37,64.88451279003334,0
-6.62,2.293811,34.34,65.30696746902278,0
3.31,2.292531,34.34,65.30696746902278,0
-10.13,2.298928,34.34,65.30696746902278,0
20.47,2.301486,34.34,64.88451279003334,0
-3.57,2.312999,34.34,64.88451279003334,0
-22.25,2.312999,34.34,66.01514977639603,0
12.82,2.315558,34.34,65.09224224129939,0
7.22,2.316837,34.34,65.09224224129939,0
-10.53,2.316837,34.37,64.77653896280658,0
4.55,2.314279,34.37,65.09224224129939,0
-5.47,2.314279,34.37,65.09224224129939,0
8.66,2.319396,34.37,66.01514977639603,0
8.9,2.320675,34.39,66.01514977639603,0
-2.72,2.324513,34.39,65.09224224129939,0
13.84,2.330909,34.39,65.09224224129939,0
8.89,2.336026,34.39,66.01514977639603,0
-21.81,2.333468,34.37,64.56779382943171,0
6.41,2.338585,34.37,65.70388116390082,0
-5.39,2.334747,34.37,65.09224224129939,0
-14.19,2.332188,34.37,64.77653896280658,0
10.07,2.32963,34.39,64.88451279003334,0
-4.21,2.324513,34.39,65.81033353509159,0
14.36,2.323234,34.39,65.49809157525127,0
20.76,2.321954,34.39,64.56779382943171,0
-15.84,2.321954,34.34,65.49809157525127,0
10.21,2.318117,34.34,66.01514977639603,0
7.68,2.319396,34.34,65.81033353509159,0
-20.36,2.315558,34.34,64.88451279003334,0
4.52,2.318117,34.37,64.69157595854347,0
-8.32,2.318117,34.37,65.81033353509159,0
1.25,2.316837,34.37,65.81033353509159,0
2.03,2.312999,34.37,65.49809157525127,0
-9.7,2.309162,34.37,64.77653896280658,0
7.9,2.312999,34.37,65.09224224129939,0
1.24,2.309162,34.37,65.81033353509159,0
-23.99,2.307883,34.37,65.09224224129939,0
19.48,2.307883,34.37,65.81033353509159,0
5.55,2.309162,34.37,65.70388116390082,0
-19.13,2.29509,34.37,65.49809157525127,0
9.18,2.305324,34.37,65.81033353509159,0
-0.88,2.310441,34.39,65.49809157525127,0
15.77,2.315558,34.39,64.77653896280658,0
15.94,2.312999,34.39,64.37390775772433,0
-20.26,2.312999,34.39,64.88451279003334,0
-3.1,2.314279,34.34,65.81033353509159,0
1.31,2.318117,34.34,65.09224224129939,0
-5.52,2.312999,34.34,64.77653896280658,0
-1.46,2.312999,34.34,64.56779382943171,0
1.85,2.302766,34.34,65.49809157525127,0
4.49,2.307883,34.34,64.77653896280658,0
-4.51,2.305324,34.34,65.81033353509159,0
-8.0,2.302766,34.34,65.09224224129939,0
23.73,2.305324,34.37,64.77653896280658,0
2.8,2.305324,34.37,65.09224224129939,0
-21.34,2.305324,34.37,65.36818798161687,0
-16.08,2.310441,34.37,64.88451279003334,0
-8.23,2.309162,34.37,65.4217089351845,0
5.62,2.307883,34.37,65.4217089351845,0
5.03,2.309162,34.37,67.38694235532579,0
-1.43,2.304045,34.37,69.31810730249349,0
-0.61,2.371845,34.39,62.80127387243033,0
35.18,2.428132,34.39,65.98484674529449,0
2.14,2.368007,34.39,64.66838485689897,0
34.68,2.342422,34.39,66.40030120413611,0
40.92,2.325792,34.39,65.50572494064927,0
-108.23,2.316837,34.39,66.3023378170031,0
-127.35,2.333468,34.39,63.06346010171025,0
-1.6,2.338585,34.39,64.08587988004847,0
-4.55,2.332188,34.39,70.90133990271269,0
5.39,2.374404,34.39,62.89674077406555,0
168.95,2.396151,34.39,64.28841264178172,0
19.29,2.384638,34.39,64.01562309311689,0
-6.88,2.356494,34.37,64.59876159803684,0
23.33,2.342422,34.37,62.80923498976882,0
-49.5,2.336026,34.37,71.80529228406496,0
-34.41,2.355215,34.37,67.60917097554147,0
-42.95,2.365449,34.37,65.7723346096214,0
22.63,2.352656,34.37,62.24949798994366,0
38.1,2.347539,34.37,64.93843238021688,0
-3.13,2.347539,34.37,65.0,0
-27.08,2.353936,34.34,62.457985878508765,0
29.15,2.350098,34.34,64.03905058634146,0
-15.18,2.353936,34.34,64.5445582524197,0
16.87,2.351377,34.34,64.20280367709809,0
37.43,2.348819,34.34,63.88270501473775,0
7.43,2.34626,34.34,64.52131430775415,0
-22.71,2.339864,34.34,70.55494312945054,0
-8.02,2.339864,34.34,59.48949487094339,0
-18.15,2.421736,34.37,60.41522986797286,0
55.64,2.370566,34.37,64.03905058634146,0
56.8,2.351377,34.37,64.389440128021,0
146.91,2.348819,34.37,62.75348595894893,0
-87.98,2.343702,34.37,63.7102817447859,0
-113.39,2.32963,34.37,63.324560795950255,0
120.4,2.275901,34.37,76.75936424958195,0
-28.25,2.376962,34.37,62.5939294181153,0
-153.32,2.370566,34.37,64.60650122085238,0
-81.97,2.348819,34.37,70.71067811865476,0
-59.59,2.342422,34.37,66.007575322837,0
-48.71,2.341143,34.37,70.33491309442275,0
-12.8,2.344981,34.34,50.93132631298737,0
99.7,2.347539,34.34,64.27285585688566,0
4.51,2.371845,34.34,70.59745037889117,0
31.86,2.361611,34.34,64.41273166075166,0
137.48,2.391034,34.37,65.25335240430181,0
291.38,2.374404,34.37,75.98684096605149,0
-4.28,2.366728,34.37,58.01723881744115,0
-78.18,2.366728,34.37,68.97100840208152,0
-195.03,2.360332,34.37,63.914004725099176,0
43.99,2.352656,34.37,73.27346040688948,0
-125.33,2.356494,34.37,50.60632371551998,0
-277.81,2.379521,34.37,71.9027120489902,0
8.79,2.39871,34.37,64.66065264130884,0
72.72,2.406385,34.37,63.7102817447859,0
24.62,2.425574,34.37,63.7808748764079,0
193.69,2.420457,34.37,63.655321851358195,0
12.29,2.416619,34.37,65.12296062065974,0
-64.11,2.416619,34.37,64.35837163881635,0
-22.31,2.391034,34.37,63.7808748764079,0
2.98,2.407664,34.37,64.4437739428721,0
-39.77,2.407664,34.34,63.788713735268246,0
0.45,2.417898,34.34,64.45153217728807,0
-1.7,2.410223,34.34,63.7808748764079,0
37.88,2.41406,34.34,64.45153217728807,0
-3.52,2.41406,34.37,64.4437739428721,0
-34.57,2.412781,34.37,64.5445582524197,0
31.37,2.383358,34.37,64.53681120105021,0
-13.08,2.3808,34.37,64.53681120105021,0
2.31,2.382079,34.39,64.53681120105021,0
2.6,2.379521,34.39,64.82283548256741,0
-23.89,2.376962,34.39,64.66838485689897,0
43.23,2.371845,34.39,64.66065264130884,0
31.71,2.375683,34.39,64.66065264130884,0
-16.36,2.370566,34.39,64.66065264130884,0
25.8,2.374404,34.39,64.03124237432849,0
-3.3,2.370566,34.39,64.03124237432849,0
15.77,2.371845,34.37,64.66838485689897,0
15.88,2.371845,34.37,64.5445582524197,0
-8.25,2.371845,34.37,64.03124237432849,0
-1.89,2.370566,34.37,63.60031446463138,0
0.19,2.370566,34.34,65.00769185258002,0
-27.51,2.369287,34.34,64.41273166075166,0
-32.0,2.365449,34.34,64.40496875241847,0
-3.09,2.366728,34.34,64.40496875241847,0
27.89,2.36417,34.37,63.8200595424354,0
9.69,2.365449,34.37,63.8200595424354,0
-24.55,2.36417,34.37,63.8200595424354,0
8.8,2.36417,34.37,64.40496875241847,0
7.4,2.36289,34.37,64.63745044476924,0
-26.78,2.36289,34.37,63.8200595424354,0
9.47,2.36289,34.37,64.40496875241847,0
-3.43,2.36289,34.37,64.63745044476924,0
-7.51,2.360332,34.37,64.40496875241847,0
12.27,2.360332,34.37,64.40496875241847,0
-11.03,2.360332,34.37,65.21502894272147,0
17.59,2.36289,34.37,64.40496875241847,0
17.44,2.359053,34.34,64.41273166075166,0
-20.22,2.365449,34.34,64.41273166075166,0
20.58,2.36289,34.34,64.40496875241847,0
24.3,2.36289,34.34,64.40496875241847,0
-0.29,2.36289,34.39,64.41273166075166,0
-24.07,2.36289,34.39,65.00769185258002,0
25.31,2.361611,34.39,64.40496875241847,0
10.49,2.360332,34.39,65.22269543648132,0
-37.24,2.356494,34.39,64.40496875241847,0
28.65,2.360332,34.39,64.41273166075166,0
15.81,2.359053,34.39,64.41273166075166,0
-17.95,2.356494,34.39,64.40496875241847,0
13.9,2.356494,34.34,64.40496875241847,0
8.58,2.355215,34.34,64.41273166075166,0
-17.15,2.355215,34.34,64.41273166075166,0
17.77,2.353936,34.34,64.41273166075166,0
6.95,2.356494,34.34,64.41273166075166,0
-28.2,2.356494,34.34,64.41273166075166,0
17.39,2.356494,34.34,64.41273166075166,0
11.85,2.351377,34.34,64.40496875241847,0
-27.75,2.353936,34.34,64.40496875241847,0
23.96,2.355215,34.34,64.40496875241847,0
14.1,2.352656,34.34,64.40496875241847,0
-19.77,2.353936,34.34,63.82789358893179,0
19.92,2.350098,34.37,64.41273166075166,0
10.92,2.356494,34.37,64.40496875241847,0
-24.26,2.351377,34.37,64.41273166075166,0
18.75,2.353936,34.37,63.60031446463138,0
7.5,2.343702,34.37,64.20280367709809,0
-26.55,2.353936,34.37,64.41273166075166,0
14.55,2.348819,34.37,64.41273166075166,0
3.09,2.351377,34.37,64.40496875241847,0
-24.55,2.350098,34.37,64.40496875241847,0
16.19,2.350098,34.37,64.41273166075166,0
-2.69,2.348819,34.37,64.41273166075166,0
-23.6,2.344981,34.37,64.41273166075166,0
16.28,2.348819,34.37,64.40496875241847,0
12.74,2.348819,34.37,64.40496875241847,0
-8.55,2.348819,34.37,64.41273166075166,0
-20.98,2.348819,34.37,64.40496875241847,0
7.48,2.348819,34.37,64.40496875241847,0
1.3,2.344981,34.37,64.41273166075166,0
-20.53,2.334747,34.37,64.41273166075166,0
11.4,2.342422,34.37,64.41273166075166,0
5.83,2.342422,34.34,64.41273166075166,0
-17.89,2.341143,34.34,64.40496875241847,0
8.0,2.342422,34.34,64.41273166075166,0
11.35,2.341143,34.34,64.41273166075166,0
-2.74,2.337305,34.37,64.41273166075166,0
-24.81,2.342422,34.37,64.41273166075166,0
14.14,2.337305,34.37,64.41273166075166,0
6.47,2.338585,34.37,64.41273166075166,0
-6.2,2.334747,34.34,64.41273166075166,0
-25.61,2.338585,34.34,64.41273166075166,0
14.78,2.336026,34.34,64.41273166075166,0
1.27,2.336026,34.34,64.41273166075166,0
-27.81,2.338585,34.37,65.00769185258002,0
14.63,2.338585,34.37,64.40496875241847,0
9.68,2.337305,34.37,64.41273166075166,0
-19.59,2.334747,34.37,65.00769185258002,0
6.19,2.337305,34.34,64.41273166075166,0
18.55,2.336026,34.34,64.41273166075166,0
2.92,2.336026,34.34,64.41273166075166,0
-40.2,2.321954,34.34,64.41273166075166,0
19.8,2.336026,34.34,64.20280367709809,0
13.48,2.336026,34.34,64.40496875241847,0
-16.87,2.332188,34.34,64.41273166075166,0
10.59,2.332188,34.34,64.41273166075166,0
15.16,2.330909,34.37,64.41273166075166,0
-15.21,2.332188,34.37,64.41273166075166,0
11.12,2.32963,34.37,64.41273166075166,0
19.85,2.333468,34.37,64.41273166075166,0
-5.79,2.32963,34.37,64.41273166075166,0
-35.0,2.333468,34.37,64.41273166075166,0
26.71,2.319396,34.37,64.41273166075166,0
12.72,2.332188,34.37,64.40496875241847,0
-25.26,2.330909,34.37,64.40496875241847,0
11.13,2.32963,34.37,64.40496875241847,0
23.43,2.32963,34.37,64.41273166075166,0
-2.8,2.332188,34.37,64.41273166075166,0
-34.57,2.330909,34.34,64.41273166075166,0
14.79,2.328351,34.34,64.41273166075166,0
5.11,2.32963,34.34,64.41273166075166,0
-28.13,2.325792,34.34,64.41273166075166,0
27.32,2.328351,34.34,64.41273166075166,0
24.75,2.321954,34.34,64.21059102671458,0
-10.34,2.327071,34.34,64.40496875241847,0
-52.54,2.325792,34.34,64.41273166075166,0
26.09,2.327071,34.34,64.41273166075166,0
21.41,2.327071,34.34,64.41273166075166,0
-3.15,2.321954,34.34,65.00769185258002,0
-38.91,2.324513,34.34,65.00769185258002,0
23.46,2.323234,34.33,64.41273166075166,0
17.92,2.328351,34.33,64.21059102671458,0
-9.11,2.316837,34.33,65.00769185258002,0
-15.99,2.325792,34.33,65.00769185258002,0
14.69,2.320675,34.34,63.608175575157006,0
4.84,2.323234,34.34,64.41273166075166,0
-27.92,2.321954,34.34,64.41273166075166,0
17.49,2.319396,34.34,64.40496875241847,0
16.14,2.321954,34.34,63.608175575157006,0
-8.44,2.316837,34.34,64.40496875241847,0
-33.36,2.321954,34.34,64.41273166075166,0
20.02,2.321954,34.34,64.40496875241847,0
3.67,2.321954,34.33,64.41273166075166,0
-30.93,2.323234,34.33,64.41273166075166,0
20.4,2.319396,34.33,64.41273166075166,0
6.85,2.318117,34.33,64.40496875241847,0
-34.53,2.320675,34.37,63.60031446463138,0
21.24,2.320675,34.37,64.40496875241847,0
19.88,2.320675,34.37,64.41273166075166,0
-13.39,2.319396,34.37,64.41273166075166,0
-1.31,2.321954,34.34,64.41273166075166,0
18.55,2.318117,34.34,63.60031446463138,0
8.38,2.320675,34.34,64.41273166075166,0
-21.95,2.323234,34.34,64.41273166075166,0
7.63,2.320675,34.37,64.41273166075166,0
17.96,2.319396,34.37,65.00769185258002,0
-4.87,2.315558,34.37,63.608175575157006,0
-32.79,2.320675,34.37,65.0,0
19.74,2.314279,34.39,64.21059102671458,0
9.24,2.320675,34.39,65.00769185258002,0
-21.77,2.304045,34.39,64.21059102671458,0
3.61,2.315558,34.39,64.41273166075166,0
20.22,2.314279,34.37,64.40496875241847,0
5.31,2.314279,34.37,64.40496875241847,0
-18.09,2.315558,34.37,64.20280367709809,0
-6.45,2.31172,34.37,64.41273166075166,0
15.07,2.312999,34.34,63.608175575157006,0
1.09,2.305324,34.34,64.40496875241847,0
-21.39,2.312999,34.34,64.41273166075166,0
11.97,2.31172,34.34,64.41273166075166,0
10.98,2.31172,34.34,64.41273166075166,0
-9.31,2.314279,34.34,64.41273166075166,0
-1.45,2.310441,34.34,64.40496875241847,0
13.53,2.31172,34.34,64.40496875241847,0
-2.75,2.31172,34.34,64.41273166075166,0
-28.1,2.314279,34.34,64.41273166075166,0
16.47,2.31172,34.34,64.40496875241847,0
15.56,2.31172,34.34,65.00769185258002,0
-5.12,2.306603,34.34,64.21059102671458,0
-32.31,2.309162,34.34,64.21059102671458,0
4.77,2.307883,34.34,64.21059102671458,0
5.13,2.307883,34.34,63.608175575157006,0
-21.85,2.309162,34.34,64.20280367709809,0
14.97,2.31172,34.34,64.21059102671458,0
5.02,2.309162,34.34,65.00769185258002,0
-19.82,2.309162,34.34,64.21059102671458,0
10.17,2.309162,34.34,64.41273166075166,0
23.8,2.309162,34.34,64.41273166075166,0
6.22,2.306603,34.34,64.41273166075166,0
-24.4,2.305324,34.34,64.64518543557594,0
3.85,2.304045,34.37,64.40496875241847,0
21.4,2.306603,34.37,64.40496875241847,0
6.49,2.298928,34.37,64.41273166075166,0
-19.83,2.309162,34.37,64.41273166075166,0
11.54,2.307883,34.33,64.41273166075166,0
21.75,2.307883,34.33,64.41273166075166,0
-3.82,2.307883,34.33,64.40496875241847,0
-25.28,2.305324,34.33,64.41273166075166,0
19.45,2.306603,34.34,63.60031446463138,0
9.94,2.306603,34.34,64.40496875241847,0
-20.13,2.302766,34.34,64.41273166075166,0
-15.22,2.306603,34.34,64.41273166075166,0
24.22,2.305324,34.37,64.40496875241847,0
12.83,2.307883,34.37,64.40496875241847,0
-18.25,2.306603,34.37,64.40496875241847,0
-14.94,2.306603,34.37,64.40496875241847,0
18.02,2.304045,34.37,64.40496875241847,0
4.39,2.307883,34.37,64.41273166075166,0
-26.38,2.307883,34.37,65.00769185258002,0
19.57,2.306603,34.37,64.41273166075166,0
13.09,2.305324,34.37,64.40496875241847,0
-16.28,2.298928,34.37,64.40496875241847,0
5.95,2.305324,34.37,64.41273166075166,0
19.38,2.301486,34.37,62.00806399170998,0
-1.82,2.304045,34.34,64.40496875241847,0
-36.77,2.301486,34.34,64.41273166075166,0
17.12,2.302766,34.34,64.41273166075166,0
19.99,2.301486,34.34,64.20280367709809,0
-7.01,2.304045,34.34,64.40496875241847,0
-31.66,2.302766,34.34,64.41273166075166,0
20.86,2.302766,34.34,64.40496875241847,0
5.5,2.301486,34.34,64.41273166075166,0
-36.11,2.296369,34.37,64.40496875241847,0
24.75,2.302766,34.37,64.41273166075166,0
15.28,2.297649,34.37,64.40496875241847,0
-18.49,2.301486,34.37,64.41273166075166,0
-4.44,2.298928,34.34,66.61080993352356,0
28.19,2.304045,34.34,78.19207120929845,0
12.87,2.284856,34.34,52.46903848937962,0
-20.5,2.281018,34.34,60.489668539346454,0
11.74,2.255433,34.37,65.03076195155643,0
139.59,2.263109,34.37,64.31174076325411,0
-4.64,2.321954,34.37,64.63745044476924,0
-92.92,2.292531,34.37,64.63745044476924,0
64.56,2.296369,34.37,66.57326790837296,0
185.85,2.287415,34.37,63.03967004989794,0
-118.69,2.29509,34.37,64.64518543557594,0
-133.25,2.293811,34.37,64.64518543557594,0
-0.02,2.296369,34.41,64.07807737440318,0
24.16,2.289973,34.41,64.64518543557594,0
-18.46,2.286135,34.41,64.64518543557594,0
23.93,2.296369,34.41,64.64518543557594,0
17.94,2.291252,34.37,60.00833275470999,0
-29.92,2.296369,34.37,64.64518543557594,0
18.75,2.289973,34.37,64.64518543557594,0
17.48,2.292531,34.37,64.64518543557594,0
-23.82,2.289973,34.34,64.64518543557594,0
16.63,2.292531,34.34,64.41273166075166,0
15.13,2.288694,34.34,64.43601477434805,0
-35.53,2.292531,34.34,63.608175575157006,0
22.81,2.288694,34.34,64.43601477434805,0
33.67,2.293811,34.34,64.43601477434805,0
-11.91,2.29509,34.34,64.43601477434805,0
-16.72,2.291252,34.34,64.43601477434805,0
16.27,2.292531,34.39,64.43601477434805,0
7.63,2.288694,34.39,64.41273166075166,0
-21.04,2.291252,34.39,64.43601477434805,0
-5.75,2.288694,34.39,64.43601477434805,0
20.88,2.289973,34.37,64.41273166075166,0
2.76,2.286135,34.37,64.43601477434805,0
-15.08,2.289973,34.37,64.43601477434805,0
7.79,2.286135,34.37,64.43601477434805,0
16.5,2.288694,34.34,64.43601477434805,0
-9.13,2.286135,34.34,64.43601477434805,0
-34.15,2.287415,34.34,64.43601477434805,0
12.1,2.27846,34.34,64.43601477434805,0
13.41,2.283577,34.34,64.43601477434805,0
-19.31,2.286135,34.34,64.43601477434805,0
5.9,2.283577,34.34,64.43601477434805,0
28.59,2.283577,34.34,64.43601477434805,0
2.08,2.284856,34.37,64.43601477434805,0
-34.22,2.287415,34.37,64.41273166075166,0
20.06,2.282298,34.37,64.43601477434805,0
15.62,2.283577,34.37,64.43601477434805,0
-9.2,2.283577,34.34,64.43601477434805,0
5.72,2.284856,34.34,64.43601477434805,0
18.02,2.282298,34.34,64.43601477434805,0
-10.65,2.277181,34.34,63.631753079732135,0
-13.32,2.282298,34.34,64.41273166075166,0
21.49,2.282298,34.34,64.43601477434805,0
2.11,2.281018,34.34,64.43601477434805,0
-44.94,2.277181,34.34,64.43601477434805,0
20.81,2.279739,34.37,64.41273166075166,0
14.96,2.279739,34.37,64.43601477434805,0
-25.46,2.279739,34.37,63.608175575157006,0
13.0,2.277181,34.37,65.00769185258002,0
24.13,2.27846,34.37,64.43601477434805,0
-11.13,2.277181,34.37,63.85138996137829,0
-5.1,2.273343,34.37,64.21059102671458,0
22.93,2.277181,34.37,64.64518543557594,0
8.81,2.277181,34.37,64.64518543557594,0
57.42,2.279739,34.37,64.64518543557594,0
232.24,2.274622,34.37,64.64518543557594,0
-155.13,2.275901,34.37,64.64518543557594,0
-252.95,2.275901,34.37,63.82789358893179,0
-39.43,2.27846,34.37,63.82789358893179,0
49.32,2.274622,34.37,63.82789358893179,0
32.89,2.274622,34.37,64.64518543557594,0
-27.38,2.272063,34.39,63.82789358893179,0
23.95,2.273343,34.39,63.82789358893179,0
29.88,2.270784,34.39,63.82789358893179,0
1.91,2.270784,34.39,64.66838485689897,0
23.75,2.272063,34.34,62.625873247404705,0
31.34,2.310441,34.34,67.38694235532579,0
11.45,2.310441,34.34,59.262129560116215,0
51.27,2.284856,34.34,69.89992846920518,0
235.54,2.304045,34.37,65.90902821313632,0
-212.75,2.27846,34.37,65.93178292750773,0
-131.32,2.279739,34.37,65.12296062065974,0
140.37,2.279739,34.37,63.13477647065839,0
-50.66,2.283577,34.37,66.65583245298194,0
32.65,2.296369,34.37,63.7102817447859,0
-89.38,2.301486,34.37,63.655321851358195,0
17.74,2.298928,34.37,63.631753079732135,0
11.63,2.301486,34.39,63.45076831686122,0
-59.6,2.296369,34.39,63.45076831686122,0
4.64,2.297649,34.39,63.45076831686122,0
50.13,2.29509,34.39,63.7102817447859,0
-23.12,2.297649,34.39,63.45076831686122,0
-3.99,2.288694,34.39,63.7102817447859,0
4.74,2.283577,34.39,63.7102817447859,0
-31.29,2.287415,34.39,63.7102817447859,0
17.46,2.288694,34.37,63.45076831686122,0
33.7,2.291252,34.37,63.7102817447859,0
-19.72,2.288694,34.37,63.7102817447859,0
-2.83,2.288694,34.37,63.7102817447859,0
31.15,2.286135,34.37,63.45076831686122,0
-16.17,2.287415,34.37,63.7102817447859,0
1.01,2.284856,34.37,63.7102817447859,0
16.66,2.288694,34.37,63.7102817447859,0
-3.73,2.283577,34.37,68.30080526611674,0
25.58,2.288694,34.37,62.78534860936905,0
24.48,2.31172,34.37,64.13267497929586,0
-25.06,2.307883,34.37,63.7102817447859,0
15.94,2.297649,34.37,63.72597586541927,0
50.37,2.296369,34.37,63.72597586541927,0
-25.08,2.293811,34.37,63.72597586541927,0
-81.91,2.291252,34.37,63.72597586541927,0
-21.24,2.292531,34.37,64.03124237432849,0
2.74,2.292531,34.37,64.03124237432849,0
-34.9,2.292531,34.37,64.03124237432849,0
46.33,2.288694,34.37,64.78425734698207,0
16.32,2.291252,34.37,63.0,0
-42.9,2.31172,34.37,63.671029518926424,0
64.92,2.318117,34.37,63.0158710167526,0
110.64,2.312999,34.37,63.671029518926424,0
38.03,2.319396,34.39,63.671029518926424,0
-48.61,2.289973,34.39,63.671029518926424,0
-56.1,2.288694,34.39,63.671029518926424,0
-70.03,2.289973,34.39,63.671029518926424,0
-35.25,2.289973,34.37,63.671029518926424,0
22.91,2.291252,34.37,63.671029518926424,0
-13.53,2.289973,34.37,63.671029518926424,0
21.98,2.291252,34.37,65.00769185258002,0
12.69,2.287415,34.34,63.34824385884742,0
-30.0,2.291252,34.34,63.34824385884742,0
16.92,2.286135,34.34,64.03124237432849,0
26.44,2.281018,34.34,63.34824385884742,0
-22.08,2.286135,34.39,63.671029518926424,0
22.21,2.289973,34.39,63.671029518926424,0
89.04,2.284856,34.39,63.671029518926424,0
-48.37,2.287415,34.39,63.702433234531945,0
-102.24,2.293811,34.39,64.01562309311689,0
35.41,2.314279,34.39,64.33506042586733,0
38.68,2.296369,34.39,63.34824385884742,0
-16.84,2.283577,34.39,63.34824385884742,0
118.1,2.286135,34.37,63.34824385884742,0
-29.15,2.283577,34.37,63.34824385884742,0
-99.37,2.286135,34.37,63.34824385884742,0
31.96,2.282298,34.37,64.01562309311689,0
-2.53,2.283577,34.37,62.68971207462992,0
-40.14,2.283577,34.37,64.03124237432849,0
71.15,2.284856,34.37,63.34824385884742,0
20.76,2.283577,34.37,63.34824385884742,0
-21.16,2.283577,34.37,64.01562309311689,0
15.15,2.279739,34.37,64.01562309311689,0
-8.08,2.279739,34.37,63.34824385884742,0
-37.81,2.275901,34.37,64.01562309311689,0
-37.83,2.283577,34.37,63.34824385884742,0
58.06,2.286135,34.37,63.34824385884742,0
64.03,2.277181,34.37,63.34824385884742,0
-57.04,2.27846,34.37,63.34824385884742,0
9.31,2.277181,34.41,63.34824385884742,0
-39.56,2.27846,34.41,64.01562309311689,0
-98.09,2.277181,34.41,63.34824385884742,0
100.89,2.277181,34.41,64.01562309311689,0
115.94,2.273343,34.37,63.34824385884742,0
-92.98,2.274622,34.37,64.33506042586733,0
-23.62,2.273343,34.37,64.33506042586733,0
42.54,2.272063,34.37,63.34824385884742,0
-5.79,2.266947,34.37,63.34824385884742,0
-10.81,2.274622,34.37,64.01562309311689,0
34.12,2.273343,34.37,64.01562309311689,0
-24.94,2.270784,34.37,64.01562309311689,0
-90.65,2.272063,34.37,64.01562309311689,0
49.31,2.270784,34.37,64.01562309311689,0
26.72,2.269505,34.37,63.671029518926424,0
-51.96,2.266947,34.37,64.33506042586733,0
38.64,2.268226,34.37,64.33506042586733,0
27.36,2.266947,34.37,64.33506042586733,0
-34.38,2.255433,34.37,64.01562309311689,0
37.07,2.263109,34.37,63.45076831686122,0
33.29,2.26183,34.37,65.58963332722634,0
-37.03,2.265667,34.37,64.94613152451807,0
-14.79,2.257992,34.37,64.79197481170026,0
-58.06,2.26183,34.37,61.35144660071187,0
-75.21,2.284856,34.39,68.09552114493287,0
12.26,2.304045,34.39,66.12866246946176,0
128.1,2.272063,34.39,65.46754921333164,0
129.07,2.268226,34.39,81.33879763065102,0
78.43,2.289973,34.37,51.720402163943,0
-60.4,2.266947,34.37,60.81940479813988,0
-91.05,2.249037,34.37,67.36467917239716,0
-131.22,2.241362,34.37,62.20128616033595,0
-39.78,2.256712,34.37,62.63385665915839,0
40.1,2.270784,34.37,63.63961030678928,0
-41.03,2.273343,34.37,63.03967004989794,0
83.63,2.272063,34.37,62.976185975335156,0
15.95,2.273343,34.34,62.82515419798029,0
-9.11,2.269505,34.34,62.82515419798029,0
-46.13,2.265667,34.34,62.976185975335156,0
30.87,2.266947,34.34,62.68971207462992,0
20.19,2.265667,34.37,63.14269553954757,0
-17.12,2.265667,34.37,62.8728876384726,0
15.99,2.264388,34.37,62.82515419798029,0
4.89,2.263109,34.37,62.976185975335156,0
-31.87,2.263109,34.37,62.82515419798029,0
18.17,2.26055,34.37,62.82515419798029,0
5.07,2.26183,34.37,62.976185975335156,0
-37.61,2.263109,34.37,62.976185975335156,0
14.24,2.257992,34.37,63.14269553954757,0
2.23,2.257992,34.37,62.52199612936234,0
-40.95,2.259271,34.37,63.15853069855251,0
12.32,2.251595,34.37,62.82515419798029,0
6.8,2.255433,34.37,62.52199612936234,0
-20.14,2.254154,34.37,63.40346993658943,0
17.96,2.256712,34.37,62.52199612936234,0
9.0,2.256712,34.37,62.52199612936234,0
-22.93,2.256712,34.37,62.68971207462992,0
13.88,2.255433,34.37,62.369864518050704,0
5.66,2.255433,34.37,62.52199612936234,0
-20.44,2.251595,34.37,62.52199612936234,0
14.12,2.249037,34.34,62.8728876384726,0
8.47,2.251595,34.34,63.14269553954757,0
-34.19,2.249037,34.34,62.68971207462992,0
12.14,2.246479,34.34,63.4428877022476,0
-2.3,2.249037,34.34,63.14269553954757,0
-36.23,2.238803,34.34,62.8728876384726,0
20.33,2.246479,34.34,63.324560795950255,0
4.77,2.246479,34.34,63.324560795950255,0
-33.37,2.24392,34.34,63.071388124885914,0
26.92,2.247758,34.34,62.8728876384726,0
15.94,2.247758,34.34,62.849025449882674,0
-38.25,2.24392,34.34,63.52164985262898,0
24.83,2.24392,34.34,62.20128616033595,0
11.17,2.24392,34.34,62.457985878508765,0
-13.19,2.241362,34.34,62.65780079128216,0
20.46,2.245199,34.34,62.65780079128216,0
12.15,2.238803,34.34,62.41794613730894,0
-15.26,2.24392,34.34,62.8728876384726,0
21.08,2.240082,34.34,62.65780079128216,0
21.6,2.241362,34.34,62.20128616033595,0
-25.09,2.238803,34.37,62.65780079128216,0
3.81,2.236244,34.37,62.65780079128216,0
19.91,2.234965,34.37,62.65780079128216,0
-3.8,2.237524,34.37,62.41794613730894,0
-42.99,2.236244,34.34,62.65780079128216,0
26.02,2.234965,34.34,62.65780079128216,0
12.77,2.236244,34.34,62.20128616033595,0
-20.1,2.233686,34.34,62.65780079128216,0
4.61,2.237524,34.37,62.65780079128216,0
22.79,2.232407,34.37,62.65780079128216,0
-0.79,2.233686,34.37,62.0,0
-23.33,2.226011,34.37,62.457985878508765,0
13.16,2.233686,34.37,62.65780079128216,0
-3.86,2.232407,34.37,62.65780079128216,0
-31.53,2.229848,34.37,62.65780079128216,0
20.96,2.231128,34.37,62.457985878508765,0
1.71,2.228569,34.34,63.071388124885914,0
-48.31,2.228569,34.34,62.457985878508765,0
21.54,2.218335,34.34,64.79197481170026,0
18.76,2.205543,34.34,61.66846844214635,0
-26.4,2.197867,34.34,38.65229618017538,0
15.11,2.194029,34.34,90.07774419910837,0
40.96,2.220894,34.34,62.94441992742486,0
-17.39,2.232407,34.34,63.647466563878254,0
-56.11,2.224731,34.34,64.35060217278468,0
22.47,2.231128,34.34,63.63961030678928,0
-22.73,2.223452,34.34,64.35837163881635,0
23.09,2.229848,34.34,64.35837163881635,0
24.59,2.228569,34.37,64.35837163881635,0
-1.46,2.228569,34.37,65.06150935845248,0
27.11,2.22729,34.37,64.35837163881635,0
34.56,2.22729,34.37,68.60029154456998,0
-25.19,2.229848,34.34,64.35837163881635,0
37.18,2.229848,34.34,64.35837163881635,0
19.92,2.228569,34.34,64.35837163881635,0
-43.02,2.224731,34.34,64.35837163881635,0
29.52,2.229848,34.33,64.35837163881635,0
34.48,2.229848,34.33,64.35837163881635,0
-17.72,2.229848,34.33,64.5445582524197,0
-10.99,2.229848,34.33,80.0812087820857,0
43.75,2.229848,34.34,76.94803441284255,0
16.67,2.236244,34.34,65.12296062065974,0
-15.66,2.231128,34.34,63.60031446463138,0
75.78,2.232407,34.34,63.655321851358195,0
-20.24,2.229848,34.34,63.655321851358195,0
-119.31,2.234965,34.34,63.60031446463138,0
-49.46,2.224731,34.34,63.34824385884742,0
29.4,2.229848,34.34,67.09694478886502,0
30.76,2.257992,34.33,73.17103251970687,0
-3.49,2.26183,34.33,73.86474125047755,0
15.58,2.233686,34.33,64.52906321960671,0
117.2,2.214497,34.33,65.00769185258002,0
42.47,2.191471,34.31,60.37383539249432,0
-106.75,2.186354,34.31,71.2460525222275,0
-144.89,2.181237,34.31,61.47357155721473,0
23.47,2.406385,34.31,67.91170738539859,0
-30.19,2.336026,34.33,66.21933252457322,0
16.03,2.291252,34.33,63.4428877022476,0
118.04,2.274622,34.33,65.26101439603893,0
82.31,2.270784,34.33,64.1404708432983,0
-274.29,2.27846,34.31,63.92182725798755,0
-63.76,2.27846,34.31,64.48255578061404,0
5.94,2.274622,34.31,65.58200972827838,0
37.61,2.275901,34.31,64.68384651518491,0
64.19,2.272063,34.34,64.10148204214939,0
-20.4,2.277181,34.34,64.81512169239521,0
27.92,2.269505,34.34,65.3834841531101,0
7.8,2.270784,34.34,65.3834841531101,0
-32.07,2.265667,34.33,65.3834841531101,0
20.18,2.270784,34.33,64.10148204214939,0
37.83,2.264388,34.33,65.19202405202648,0
1.6,2.263109,34.33,65.00769185258002,0
-0.5,2.26183,34.31,65.3834841531101,0
38.79,2.26055,34.31,65.3834841531101,0
11.65,2.26183,34.31,67.19374970932937,0
-38.88,2.256712,34.31,74.4983221287567,0
23.57,2.254154,34.33,58.489315263559035,0
7.83,2.247758,34.33,61.554853586049575,0
-40.28,2.224731,34.33,71.83313998427188,0
40.32,2.214497,34.33,64.16385275215322,0
8.65,2.219614,34.33,67.02238432046416,0
-103.91,2.217056,34.33,64.51356446515724,0
20.47,2.21066,34.33,65.46754921333164,0
43.44,2.202984,34.33,66.46803743153546,0
12.04,2.197867,34.33,63.984373092185564,0
3.11,2.201705,34.33,67.446274915669,0
11.9,2.196588,34.33,66.11353870426238,0
10.83,2.201705,34.33,67.27555276621665,0
4.16,2.200425,34.31,64.27285585688566,0
7.93,2.205543,34.31,66.21933252457322,0
8.48,2.187633,34.31,64.41273166075166,0
8.96,2.202984,34.31,63.071388124885914,0
15.1,2.199146,34.31,67.49074010558782,0
-15.15,2.201705,34.31,65.81033353509159,0
20.67,2.206822,34.31,64.69930447848725,0
4.87,2.205543,34.31,65.52098900352466,0
-18.5,2.202984,34.31,70.178344238091,0
-26.29,2.196588,34.31,65.95452979136459,0
-2.19,2.182516,34.31,70.22107945624305,0
-13.0,2.188912,34.31,60.11655346075655,0
-3.62,2.220894,34.31,103.4842983258813,0
16.87,2.284856,34.31,63.92182725798755,0
10.23,2.26055,34.31,64.45153217728807,0
108.35,2.26055,34.31,63.788713735268246,0
130.67,2.26183,34.31,63.812224534175265,0
-154.46,2.26183,34.31,63.788713735268246,0
-52.77,2.257992,34.31,61.08191221630181,0
-13.02,2.272063,34.31,63.7102817447859,0
-17.35,2.26183,34.29,64.38167441127949,0
33.61,2.265667,34.29,64.56779382943171,0
31.11,2.26055,34.29,54.607691765904185,0
37.41,2.255433,34.29,72.09715667070374,0
-32.97,2.298928,34.29,102.47438704378767,0
-51.21,2.287415,34.29,65.46754921333164,0
4.07,2.272063,34.29,78.33262411026456,0
38.39,2.385917,34.29,61.106464469808756,0
-32.97,2.306603,34.29,84.38601779915912,0
15.27,2.289973,34.29,52.630789467763066,0
68.45,2.277181,34.29,75.05331438384317,0
64.42,2.254154,34.29,78.54934754662193,0
-95.66,2.232407,34.31,55.14526271584895,0
-130.77,2.226011,34.31,57.87054518492115,0
91.27,2.202984,34.31,62.76145313805282,0
-11.15,2.201705,34.31,70.37044834303673,0
-50.24,2.257992,34.29,69.42621983083913,0
76.24,2.269505,34.29,75.05997601918082,0
5.82,2.277181,34.29,50.950956811427986,0
38.29,2.274622,34.29,55.08175741568164,0
6.22,2.275901,34.29,83.02409288875127,0
-31.08,2.273343,34.29,65.09992319503918,0
21.86,2.274622,34.29,84.40379138403677,0
21.19,2.27846,34.29,61.47357155721473,0
-30.48,2.274622,34.29,54.04627646748664,0
35.99,2.277181,34.29,75.80897044545586,0
-5.11,2.266947,34.29,59.23681287847955,0
-4.46,2.270784,34.29,81.11103500757464,0
5.13,2.268226,34.31,53.48831648126533,0
-18.25,2.270784,34.31,60.81940479813988,0
28.92,2.268226,34.31,76.19055059520177,0
0.85,2.269505,34.31,63.324560795950255,0
-33.6,2.264388,34.27,74.5385806143369,0
3.57,2.269505,34.27,60.76183012385325,0
-0.99,2.268226,34.27,65.4217089351845,0
26.27,2.268226,34.27,71.79136438319027,0
1.44,2.266947,34.29,70.07139216541941,0
-43.51,2.266947,34.29,64.66065264130884,0
20.61,2.259271,34.29,62.40192304729078,0
-12.33,2.266947,34.29,65.92419889539804,0
-18.2,2.270784,34.29,65.13063795173512,0
-0.49,2.266947,34.29,64.8459713474939,0
-26.92,2.266947,34.29,65.16133823057964,0
47.3,2.266947,34.29,63.631753079732135,0
-17.32,2.265667,34.29,64.8459713474939,0
12.77,2.264388,34.29,63.631753079732135,0
2.05,2.265667,34.29,63.984373092185564,0
12.42,2.26183,34.29,66.94027188471824,0
8.5,2.26055,34.27,59.88321968631947,0
-6.49,2.257992,34.27,61.1310068623117,0
0.2,2.247758,34.27,74.78636239315294,0
-12.93,2.252875,34.27,68.82586723027906,0
31.86,2.255433,34.27,67.1341939699882,0
6.56,2.254154,34.27,65.94694837519019,0
-35.74,2.254154,34.27,62.77738446287803,0
-27.39,2.259271,34.27,65.1766829472013,0
-21.78,2.264388,34.25,64.70703207534712,0
17.78,2.263109,34.25,63.88270501473775,0
1.35,2.272063,34.25,65.62011886609167,0
74.36,2.273343,34.25,63.984373092185564,0
112.48,2.269505,34.27,64.78425734698207,0
-69.02,2.269505,34.27,64.38167441127949,0
-82.69,2.265667,34.27,64.10148204214939,0
-2.98,2.269505,34.27,63.57672530100933,0
-39.33,2.26183,34.27,65.00769185258002,0
-38.36,2.264388,34.27,62.976185975335156,0
10.04,2.257992,34.27,67.6904720030818,0
29.45,2.259271,34.27,64.389440128021,0
8.71,2.247758,34.25,63.45076831686122,0
23.62,2.254154,34.25,64.42049363362563,0
8.16,2.237524,34.25,65.5286197016235,0
-6.52,2.247758,34.25,65.86349520030045,0
21.97,2.245199,34.25,64.66065264130884,0
4.38,2.242641,34.25,67.86015030929418,0
-20.23,2.245199,34.25,60.96720429870473,0
17.81,2.246479,34.25,66.76076692189807,0
8.42,2.249037,34.25,66.79071791798619,0
14.72,2.249037,34.25,60.81118318204309,0
27.28,2.251595,34.25,62.63385665915839,0
-13.99,2.250316,34.25,61.326992425847855,0
-11.14,2.252875,34.27,65.36818798161687,0
0.6,2.247758,34.27,64.65291950097846,0
17.53,2.249037,34.27,64.1404708432983,0
-0.28,2.247758,34.27,65.07687761409578,0
8.25,2.247758,34.25,64.65291950097846,0
5.4,2.249037,34.25,64.90762667052309,0
-6.05,2.247758,34.25,63.72597586541927,0
8.36,2.252875,34.25,64.1404708432983,0
6.39,2.249037,34.25,64.65291950097846,0
-10.79,2.255433,34.25,64.38167441127949,0
5.81,2.242641,34.25,64.38167441127949,0
5.63,2.251595,34.25,64.38167441127949,0
-7.57,2.247758,34.21,64.38167441127949,0
7.62,2.247758,34.21,64.38167441127949,0
2.29,2.245199,34.21,62.465990746965666,0
-10.85,2.241362,34.21,62.976185975335156,0
5.24,2.24392,34.25,64.90762667052309,0
-1.63,2.241362,34.25,64.63745044476924,0
2.61,2.242641,34.25,64.1404708432983,0
28.98,2.234965,34.25,64.38167441127949,0
7.83,2.242641,34.25,64.38167441127949,0
-38.82,2.241362,34.25,64.38167441127949,0
-1.68,2.241362,34.25,64.38167441127949,0
-2.33,2.238803,34.25,63.72597586541927,0
-1.08,2.240082,34.25,64.65291950097846,0
3.94,2.242641,34.25,64.38167441127949,0
-3.06,2.241362,34.25,63.7102817447859,0
-4.33,2.242641,34.25,63.88270501473775,0
6.35,2.234965,34.21,62.297672508690084,0
-0.54,2.242641,34.21,67.12674578735364,0
-3.67,2.256712,34.21,72.07634840916957,0
6.06,2.288694,34.21,54.70831746635972,0
-10.8,2.287415,34.25,61.032778078668514,0
-17.91,2.211939,34.25,61.75759062657804,0
17.68,2.214497,34.25,66.06814663663572,0
120.94,2.215776,34.25,63.984373092185564,0
171.18,2.223452,34.23,66.06814663663572,0
-72.47,2.213218,34.23,64.57553716385176,0
-4.76,2.206822,34.23,64.57553716385176,0
40.43,2.205543,34.23,65.26101439603893,0
-116.76,2.204263,34.25,65.34523701081817,0
10.34,2.208101,34.25,65.4446330878247,0
-60.98,2.213218,34.25,65.4446330878247,0
-44.56,2.219614,34.25,65.4446330878247,0
-2.29,2.222173,34.23,64.87680633323437,0
0.46,2.226011,34.23,64.87680633323437,0
15.24,2.222173,34.23,64.87680633323437,0
1.92,2.218335,34.23,64.87680633323437,0
-0.82,2.214497,34.25,64.87680633323437,0
-6.36,2.211939,34.25,64.87680633323437,0
-20.55,2.213218,34.25,64.87680633323437,0
-33.92,2.213218,34.25,64.87680633323437,0
-22.02,2.222173,34.23,64.87680633323437,0
-3.25,2.22729,34.23,64.87680633323437,0
-0.8,2.228569,34.23,65.00769185258002,0
-9.09,2.220894,34.23,66.16645675869307,0
-7.59,2.229848,34.23,65.55913361233506,0
10.62,2.234965,34.23,65.55913361233506,0
14.77,2.237524,34.23,65.4446330878247,0
-2.74,2.246479,34.23,65.4446330878247,0
6.76,2.249037,34.25,65.55913361233506,0
-5.45,2.254154,34.25,64.8459713474939,0
3.36,2.249037,34.25,64.8459713474939,0
5.68,2.254154,34.25,64.8459713474939,0
4.31,2.254154,34.23,65.55913361233506,0
2.5,2.255433,34.23,64.8459713474939,0
1.05,2.251595,34.23,64.97691897897283,0
-3.53,2.240082,34.23,64.97691897897283,0
1.04,2.240082,34.23,64.97691897897283,0
20.23,2.231128,34.23,64.97691897897283,0
10.82,2.215776,34.23,64.97691897897283,0
-15.18,2.213218,34.23,64.97691897897283,0
-2.47,2.21066,34.23,65.00769185258002,0
8.55,2.20938,34.23,64.97691897897283,0
-6.43,2.21066,34.23,64.97691897897283,0
-20.91,2.213218,34.23,64.97691897897283,0
-1.19,2.208101,34.21,64.97691897897283,0
9.71,2.206822,34.21,64.97691897897283,0
3.83,2.199146,34.21,64.97691897897283,0
0.59,2.202984,34.21,64.97691897897283,0
1.49,2.199146,34.21,64.97691897897283,0
3.89,2.208101,34.21,64.97691897897283,0
-2.0,2.205543,34.21,64.97691897897283,0
11.77,2.20938,34.21,64.8459713474939,0
1.13,2.204263,34.21,64.87680633323437,0
-32.7,2.205543,34.21,65.12296062065974,0
-26.74,2.202984,34.21,64.43601477434805,0
15.28,2.204263,34.21,64.43601477434805,0
26.96,2.208101,34.21,65.12296062065974,0
3.21,2.204263,34.21,65.12296062065974,0
2.37,2.211939,34.21,65.12296062065974,0
6.37,2.208101,34.21,64.97691897897283,0
14.01,2.219614,34.23,65.12296062065974,0
13.21,2.228569,34.23,65.12296062065974,0
6.21,2.238803,34.23,65.12296062065974,0
-6.74,2.245199,34.23,65.12296062065974,0
-8.69,2.24392,34.25,65.12296062065974,0
-32.01,2.24392,34.25,65.12296062065974,0
-18.47,2.233686,34.25,65.12296062065974,0
-6.26,2.233686,34.25,65.12296062065974,0
15.94,2.222173,34.21,65.12296062065974,0
21.04,2.224731,34.21,65.12296062065974,0
10.86,2.215776,34.21,65.12296062065974,0
-3.54,2.218335,34.21,65.12296062065974,0
12.32,2.213218,34.18,65.12296062065974,0
4.43,2.21066,34.18,65.12296062065974,0
-6.77,2.206822,34.18,65.12296062065974,0
-8.1,2.200425,34.18,65.83312236253116,0
0.04,2.195308,34.21,65.12296062065974,0
12.54,2.199146,34.21,64.43601477434805,0
17.56,2.200425,34.21,64.43601477434805,0
-4.97,2.195308,34.21,65.68865959965997,0
7.21,2.199146,34.18,65.83312236253116,0
-4.51,2.199146,34.18,65.12296062065974,0
-1.98,2.197867,34.18,65.12296062065974,0
8.53,2.200425,34.18,65.12296062065974,0
0.99,2.202984,34.18,65.12296062065974,0
0.54,2.204263,34.18,65.12296062065974,0
-10.39,2.201705,34.18,65.12296062065974,0
-7.99,2.205543,34.18,65.12296062065974,0
1.52,2.202984,34.16,65.12296062065974,0
-0.09,2.211939,34.16,65.12296062065974,0
11.7,2.204263,34.16,65.12296062065974,0
16.87,2.20938,34.16,63.72597586541927,0
11.37,2.206822,34.21,63.89053137985315,0
-12.57,2.20938,34.21,65.12296062065974,0
4.77,2.205543,34.21,65.12296062065974,0
-22.6,2.21066,34.21,64.43601477434805,0
-26.84,2.217056,34.21,65.12296062065974,0
-3.3,2.220894,34.21,65.28399497579785,0
-0.93,2.226011,34.21,65.12296062065974,0
12.88,2.22729,34.21,65.28399497579785,0
9.27,2.232407,34.21,64.76109943476871,0
4.43,2.234965,34.21,64.96922348312314,0
-12.44,2.240082,34.21,64.96922348312314,0
-17.47,2.237524,34.21,71.02816342831905,0
-1.85,2.277181,34.18,62.68173577685928,0
-0.79,2.246479,34.18,64.34283176858165,0
34.68,2.232407,34.18,69.49100661236676,0
-68.17,2.219614,34.18,66.6783323126786,0
-170.85,2.250316,34.21,63.76519426771944,0
-42.4,2.282298,34.21,67.80855403265875,0
-1.64,2.268226,34.21,60.51446108162907,0
-7.34,2.218335,34.21,67.12674578735364,0
15.35,2.213218,34.18,64.89221833163049,0
92.65,2.215776,34.18,80.05623023850174,0
27.59,2.270784,34.18,62.849025449882674,0
77.08,2.29509,34.18,63.08724118235002,0
66.6,2.302766,34.18,61.59545437773797,0
91.8,2.259271,34.18,66.007575322837,0
-99.85,2.232407,34.18,65.91661399070799,0
-50.88,2.236244,34.18,65.19202405202648,0
-53.88,2.234965,34.16,64.1404708432983,0
-13.26,2.245199,34.16,63.63961030678928,0
71.57,2.246479,34.16,67.11184694225007,0
-14.01,2.250316,34.16,65.06919393998976,0
93.7,2.257992,34.18,64.66065264130884,0
114.18,2.265667,34.18,66.24952830020754,0
59.2,2.257992,34.18,65.55913361233506,0
-26.19,2.249037,34.18,65.00769185258002,0
47.93,2.254154,34.18,65.00769185258002,0
-6.05,2.257992,34.18,64.33506042586733,0
-81.26,2.26055,34.18,65.1536645170477,0
-50.12,2.265667,34.18,65.1536645170477,0
-45.3,2.268226,34.18,64.43601477434805,0
-12.91,2.269505,34.18,65.68865959965997,0
-12.92,2.268226,34.18,64.97691897897283,0
-4.34,2.270784,34.18,64.97691897897283,0
-23.06,2.274622,34.21,64.97691897897283,0
-19.18,2.273343,34.21,64.97691897897283,0
-7.24,2.272063,34.21,64.43601477434805,0
-7.82,2.269505,34.21,64.59876159803684,0
-1.19,2.272063,34.18,64.64518543557594,0
4.43,2.265667,34.18,64.64518543557594,0
-2.68,2.272063,34.18,64.59876159803684,0
6.59,2.269505,34.18,65.28399497579785,0
-8.55,2.265667,34.18,65.28399497579785,0
-29.55,2.257992,34.18,65.45991139621256,0
-60.79,2.24392,34.18,64.59876159803684,0
-16.8,2.236244,34.18,65.12296062065974,0
-9.05,2.240082,34.18,65.28399497579785,0
4.66,2.241362,34.18,65.12296062065974,0
19.1,2.249037,34.18,65.12296062065974,0
47.79,2.250316,34.18,65.12296062065974,0
28.79,2.246479,34.18,65.28399497579785,0
9.98,2.240082,34.18,65.12296062065974,0
-23.16,2.22729,34.18,65.12296062065974,0
-16.83,2.236244,34.18,65.12296062065974,0
-22.12,2.229848,34.15,64.5832795698701,0
-10.17,2.22729,34.15,64.5832795698701,0
28.74,2.226011,34.15,64.76109943476871,0
44.93,2.226011,34.15,64.95382975621992,0
11.72,2.223452,34.16,64.95382975621992,0
-16.28,2.219614,34.16,64.96922348312314,0
-42.37,2.233686,34.16,65.49045732013177,0
-4.1,2.232407,34.16,64.77653896280658,0
26.69,2.233686,34.18,64.77653896280658,0
27.04,2.229848,34.18,64.59876159803684,0
-8.97,2.229848,34.18,65.28399497579785,0
-23.02,2.222173,34.18,65.28399497579785,0
-25.89,2.241362,34.15,65.28399497579785,0
2.81,2.245199,34.15,65.28399497579785,0
15.33,2.252875,34.15,65.28399497579785,0
7.83,2.254154,34.15,65.28399497579785,0
5.11,2.254154,34.15,65.28399497579785,0
-4.72,2.264388,34.15,64.5832795698701,0
8.73,2.270784,34.15,65.28399497579785,0
-3.49,2.300207,34.15,65.28399497579785,0
-24.82,2.324513,34.15,65.28399497579785,0
-12.04,2.350098,34.15,65.28399497579785,0
3.72,2.350098,34.15,65.12296062065974,0
7.04,2.36289,34.15,65.28399497579785,0
-0.67,2.374404,34.15,65.28399497579785,0
-4.77,2.396151,34.15,65.45991139621256,0
-0.27,2.425574,34.15,65.28399497579785,0
3.73,2.434529,34.15,65.28399497579785,0
-18.33,2.456276,34.16,65.28399497579785,0
2.67,2.479302,34.16,65.28399497579785,0
26.93,2.493374,34.16,65.12296062065974,0
18.29,2.510004,34.16,65.12296062065974,0
6.74,2.526635,34.16,65.12296062065974,0
-6.06,2.533031,34.16,65.28399497579785,0
-8.91,2.541986,34.16,65.28399497579785,0
-6.34,2.548382,34.16,64.5832795698701,0
-12.78,2.547103,34.15,64.76109943476871,0
1.52,2.536869,34.15,65.28399497579785,0
-10.42,2.527914,34.15,62.88083968904996,0
-5.11,2.508725,34.15,66.15134163416491,0
4.05,2.486978,34.15,65.97726881282674,0
6.77,2.481861,34.15,64.76109943476871,0
8.84,2.456276,34.15,65.28399497579785,0
-6.77,2.456276,34.15,64.76109943476871,0
8.69,2.443483,34.16,64.77653896280658,0
-2.58,2.4486,34.16,65.97726881282674,0
5.47,2.440925,34.16,64.76109943476871,0
11.42,2.443483,34.16,64.96922348312314,0
-11.38,2.437087,34.15,65.30696746902278,0
-35.92,2.446042,34.15,69.13754406977442,0
-43.67,2.490816,34.15,67.21606950722423,0
11.14,2.502329,34.15,66.58077800686922,0
8.76,2.516401,34.15,64.07807737440318,0
68.37,2.525355,34.15,61.554853586049575,0
-154.09,2.544544,34.15,64.31174076325411,0
192.46,2.586759,34.15,62.41794613730894,0
196.42,2.644326,34.15,62.20128616033595,0
-9.36,2.707009,34.15,64.29618962271404,0
-78.95,2.795277,34.15,65.55150646628954,0
-190.22,2.811908,34.15,65.09224224129939,0
33.09,2.815745,34.13,64.10148204214939,0
73.4,2.802953,34.13,64.10148204214939,0
46.09,2.770972,34.13,64.77653896280658,0
-5.59,2.747945,34.13,64.77653896280658,0
-42.64,2.717243,34.15,64.77653896280658,0
9.37,2.691658,34.15,64.77653896280658,0
-109.57,2.680145,34.15,65.45991139621256,0
41.31,2.728756,34.15,65.45991139621256,0
25.11,2.811908,34.15,64.77653896280658,0
55.99,2.934716,34.15,65.49045732013177,0
50.78,3.003795,34.15,64.77653896280658,0
-34.31,3.057829,34.15,64.10148204214939,0
41.11,3.084693,34.15,64.96922348312314,0
12.31,3.128188,34.15,64.96922348312314,0
64.4,3.14098,34.15,64.26507605223851,0
-1.4,3.117954,34.15,64.96922348312314,0
-42.58,3.069342,34.15,64.96922348312314,0
-21.21,3.033523,34.15,64.77653896280658,0
-43.53,2.993866,34.15,64.77653896280658,0
10.85,2.950372,34.15,64.77653896280658,0
-36.76,2.904319,34.16,64.96922348312314,0
34.38,2.859545,34.16,64.77653896280658,0
7.96,2.818609,34.16,64.77653896280658,0
-13.31,2.78279,34.16,64.77653896280658,0
30.2,2.759763,34.13,65.45991139621256,0
-47.1,2.735458,34.13,65.6505902486794,0
34.01,2.718827,34.13,65.45991139621256,0
18.33,2.704756,34.13,65.6505902486794,0
-32.98,2.691963,34.15,65.6505902486794,0
1.35,2.681729,34.15,64.77653896280658,0
-26.54,2.676612,34.15,64.77653896280658,0
19.6,2.670216,34.15,64.77653896280658,0
10.59,2.659982,34.11,64.77653896280658,0
-41.07,2.648468,34.11,64.77653896280658,0
12.37,2.639514,34.11,65.45991139621256,0
-11.57,2.633117,34.11,64.96922348312314,0
12.64,2.624163,34.13,64.96922348312314,0
20.59,2.619046,34.13,64.96922348312314,0
-18.6,2.61137,34.13,64.96922348312314,0
30.08,2.608812,34.13,64.96922348312314,0
-1.79,2.606253,34.13,64.96922348312314,0
-0.25,2.606253,34.13,65.6505902486794,0
-11.88,2.606253,34.13,64.29618962271404,0
-38.84,2.608812,34.13,63.58458932791813,0
5.12,2.608812,34.13,65.1766829472013,0
-46.99,2.612649,34.13,64.47480127925948,0
19.38,2.599857,34.13,65.1766829472013,0
-50.48,2.603695,34.13,65.1766829472013,0
-13.46,2.599857,34.11,65.1766829472013,0
105.02,2.59474,34.11,65.1766829472013,0
28.11,2.589623,34.11,65.1766829472013,0
34.32,2.588344,34.11,65.1766829472013,0
-16.24,2.585785,34.11,65.1766829472013,0
-11.92,2.584506,34.11,65.1766829472013,0
-13.44,2.587065,34.11,65.1766829472013,0
-51.2,2.583227,34.11,65.1766829472013,0
10.7,2.587065,34.13,65.1766829472013,0
-27.49,2.588344,34.13,65.1766829472013,0
12.47,2.597298,34.13,65.1766829472013,0
-5.12,2.603695,34.13,65.1766829472013,0
7.78,2.608812,34.11,65.16133823057964,0
33.54,2.621604,34.11,65.85590330410783,0
-24.96,2.61137,34.11,65.16133823057964,0
29.44,2.620325,34.11,65.1766829472013,0
17.27,2.617767,34.11,65.1766829472013,0
-22.01,2.624163,34.11,64.47480127925948,0
4.62,2.631838,34.11,65.1766829472013,0
-30.96,2.640793,34.11,65.1766829472013,0
8.52,2.647189,34.11,64.26507605223851,0
13.82,2.656144,34.11,65.1766829472013,0
-27.38,2.651027,34.11,64.26507605223851,0
9.67,2.649748,34.11,64.26507605223851,0
-10.49,2.635676,34.11,64.47480127925948,0
1.85,2.636955,34.11,65.1766829472013,0
15.43,2.625442,34.11,65.1766829472013,0
-20.28,2.626721,34.11,64.96922348312314,0
9.03,2.624163,34.11,65.1766829472013,0
-8.69,2.626721,34.11,65.1766829472013,0
6.83,2.625442,34.11,65.1766829472013,0
-3.06,2.622884,34.11,65.1766829472013,0
-36.2,2.625442,34.13,65.39877674696982,0
14.13,2.620325,34.13,65.39877674696982,0
16.26,2.617767,34.13,65.1766829472013,0
23.1,2.622884,34.13,64.73020933072904,0
21.89,2.640793,34.11,64.29618962271404,0
-30.75,2.658703,34.11,64.50581369148055,0
-7.31,2.684288,34.11,64.50581369148055,0
-15.28,2.694522,34.11,64.50581369148055,0
11.43,2.703476,34.11,65.39877674696982,0
-10.55,2.700918,34.11,64.73020933072904,0
-24.05,2.703476,34.11,64.73020933072904,0
26.99,2.702197,34.11,65.19202405202648,0
-16.18,2.708593,34.11,66.06057825965497,0
26.24,2.706035,34.11,57.697486947006624,0
5.96,2.700918,34.11,65.16133823057964,0
15.22,2.768718,34.11,62.76145313805282,0
21.74,2.732899,34.13,74.2024258363566,0
3.22,2.706035,34.13,61.08191221630181,0
107.62,2.658703,34.13,62.20128616033595,0
149.23,2.643352,34.13,63.623894882347464,0
-174.64,2.631838,34.09,68.7749954561976,0
-263.24,2.716269,34.09,62.01612693485461,0
-108.12,2.763601,34.09,62.8728876384726,0
27.38,2.758484,34.09,71.17583859709698,0
125.49,2.722665,34.11,66.6783323126786,0
204.14,2.66382,34.11,65.58963332722634,0
-131.84,2.656144,34.11,64.06246951218786,0
-18.72,2.648468,34.11,66.06057825965497,0
21.15,2.675333,34.09,67.45368781616021,0
26.29,2.789186,34.09,64.1482657598785,0
50.89,2.809654,34.09,62.76941930590086,0
44.96,2.813492,34.09,70.97887009526144,0
13.79,2.741854,34.11,69.2314957226839,0
113.62,2.709873,34.11,70.43436661176133,0
6.39,2.722665,34.11,64.57553716385176,0
28.5,2.741854,34.11,65.16133823057964,0
-14.96,2.759763,34.11,65.46754921333164,0
-38.67,2.789186,34.11,65.21502894272147,0
1.04,2.78279,34.11,63.631753079732135,0
14.24,2.79942,34.11,65.4446330878247,0
89.69,2.823726,34.11,65.4446330878247,0
-61.63,2.855707,34.11,64.79197481170026,0
1.12,2.88513,34.11,64.56779382943171,0
-20.57,2.899202,34.11,65.09224224129939,0
-14.01,2.888968,34.09,65.09224224129939,0
6.33,2.874896,34.09,65.09224224129939,0
-30.56,2.849311,34.09,65.09224224129939,0
6.91,2.825005,34.09,65.09224224129939,0
-6.87,2.813492,34.09,65.09224224129939,0
-1.07,2.803258,34.09,64.89992295835181,0
2.24,2.796862,34.09,65.09224224129939,0
-12.39,2.781511,34.09,65.09224224129939,0
17.78,2.772556,34.09,65.09224224129939,0
-22.19,2.761043,34.09,65.09224224129939,0
8.19,2.750809,34.09,65.09224224129939,0
-8.3,2.741854,34.09,64.35837163881635,0
12.89,2.738016,34.11,64.35837163881635,0
19.89,2.73162,34.11,65.55150646628954,0
-5.03,2.726503,34.11,64.89992295835181,0
-4.9,2.71499,34.11,64.89992295835181,0
-21.14,2.717548,34.11,65.09224224129939,0
7.87,2.717548,34.11,65.09224224129939,0
5.46,2.694522,34.11,64.35837163881635,0
9.35,2.699639,34.11,65.09224224129939,0
8.97,2.695801,34.11,64.89992295835181,0
-20.63,2.691963,34.11,65.7419196555744,0
-21.46,2.686846,34.11,66.88049042882386,0
-24.9,2.681729,34.11,65.29931086925804,0
9.8,2.675333,34.09,64.45153217728807,0
-33.94,2.674054,34.09,65.09224224129939,0
-10.61,2.668936,34.09,65.09224224129939,0
-48.59,2.667657,34.09,65.09224224129939,0
14.61,2.668936,34.07,65.01538279515087,0
2.49,2.679171,34.07,63.92182725798755,0
30.09,2.679171,34.07,64.29618962271404,0
0.52,2.689404,34.07,64.89992295835181,0
24.13,2.699639,34.07,65.09224224129939,0
7.63,2.708593,34.07,65.09224224129939,0
20.33,2.711152,34.07,65.19969325081216,0
19.39,2.708593,34.07,65.19969325081216,0
-11.23,2.700918,34.07,64.66065264130884,0
4.98,2.694522,34.07,64.66065264130884,0
-20.97,2.694522,34.07,65.29931086925804,0
17.75,2.686846,34.07,64.66065264130884,0
15.52,2.681729,34.07,64.66065264130884,0
-0.33,2.671495,34.07,64.56779382943171,0
-13.33,2.672774,34.07,65.09224224129939,0
5.66,2.676612,34.07,67.94115100585212,0
0.47,2.848032,34.09,129.5414991421668,0
47.12,2.808375,34.09,56.68333088307355,0
68.71,2.805816,34.09,25.729360660537214,0
71.2,2.883851,34.09,77.9807668595276,0
-378.57,2.830122,34.07,60.049979184009715,0
30.59,2.819888,34.07,81.8657437515839,0
-48.74,2.842915,34.07,95.94269122762817,0
-38.17,2.85059,34.07,60.44832503882965,0
126.99,2.938859,34.09,57.879184513951124,0
24.19,2.940138,34.09,64.52131430775415,0
46.95,2.960606,34.09,64.06246951218786,0
166.01,2.983632,34.09,64.72248450113763,0
-253.46,2.996425,34.07,64.63745044476924,0
-107.67,2.998983,34.07,63.89835678638379,0
42.26,2.974678,34.07,64.57553716385176,0
-7.38,2.960606,34.07,63.7808748764079,0
7.16,2.9363,34.07,64.47480127925948,0
9.08,2.920949,34.07,63.7808748764079,0
-0.52,2.900481,34.07,64.47480127925948,0
8.17,2.882571,34.07,63.7808748764079,0
-29.59,2.874896,34.05,63.7808748764079,0
-3.84,2.864662,34.05,63.7808748764079,0
-19.3,2.854428,34.05,64.42049363362563,0
3.43,2.844194,34.05,64.50581369148055,0
-16.55,2.840356,34.05,64.47480127925948,0
8.62,2.830122,34.05,63.7808748764079,0
-13.96,2.836519,34.05,64.47480127925948,0
15.02,2.831402,34.05,63.7808748764079,0
-4.49,2.832681,34.07,63.85138996137829,0
11.29,2.83396,34.07,65.95452979136459,0
7.12,2.835239,34.07,57.34980383575867,0
-1.19,2.854428,34.07,62.8728876384726,0
10.26,2.900481,34.07,69.32532004974806,0
-48.99,2.878734,34.07,75.9473501841901,0
-45.55,2.869779,34.07,48.08326112068523,0
115.08,2.918391,34.07,64.38167441127949,0
19.68,2.880013,34.05,64.53681120105021,0
-18.68,2.876175,34.05,63.89835678638379,0
120.27,2.880013,34.05,65.29931086925804,0
-138.95,2.888968,34.05,63.89835678638379,0
-40.81,2.897923,34.05,64.56779382943171,0
6.21,2.908157,34.05,64.56779382943171,0
-9.71,2.911994,34.05,64.56779382943171,0
9.04,2.909436,34.05,64.56779382943171,0
-1.23,2.905598,34.05,64.56779382943171,0
15.01,2.897923,34.05,64.56779382943171,0
9.97,2.88513,34.05,64.56779382943171,0
-7.38,2.873617,34.05,64.56779382943171,0
-1.37,2.869779,34.05,64.5445582524197,0
-11.62,2.869779,34.05,63.812224534175265,0
-1.97,2.863383,34.05,64.56779382943171,0
-20.81,2.863383,34.05,64.5445582524197,0
-0.44,2.855707,34.05,64.66065264130884,0
-23.87,2.858266,34.05,65.30696746902278,0
1.22,2.836519,34.05,63.89835678638379,0
-9.58,2.840356,34.05,64.47480127925948,0
6.32,2.839077,34.05,63.812224534175265,0
3.63,2.842915,34.05,63.812224534175265,0
-5.27,2.853149,34.05,64.56779382943171,0
19.78,2.876175,34.05,64.56779382943171,0
-15.75,2.897923,34.05,64.15605972938177,0
21.33,2.909436,34.05,61.35959582656978,0
-0.89,2.915832,34.05,63.56886030125127,0
10.47,2.926066,34.05,64.29618962271404,0
19.97,2.935021,34.05,68.73136110975832,0
-0.75,2.942696,34.05,65.28399497579785,0
-22.15,2.949093,34.05,64.15605972938177,0
-29.77,2.941417,34.05,65.23802572120036,0
39.29,2.933742,34.05,64.63745044476924,0
1.16,2.924787,34.05,63.984373092185564,0
0.72,2.929904,34.05,64.57553716385176,0
25.72,2.926066,34.05,64.56779382943171,0
-13.25,2.929904,34.07,64.72248450113763,0
12.95,2.937579,34.07,63.984373092185564,0
-9.09,2.946534,34.07,63.97655820689325,0
6.88,2.95293,34.07,63.97655820689325,0
4.15,2.950372,34.05,64.56779382943171,0
-1.19,2.946534,34.05,64.56779382943171,0
6.76,2.935021,34.05,64.63745044476924,0
-7.93,2.942696,34.05,67.08203932499369,0
3.85,2.949093,34.05,65.09992319503918,0
-15.12,2.955489,34.05,64.81512169239521,0
-3.16,2.975957,34.05,73.1983606373804,0
-30.71,3.0041,34.05,55.66866263886712,0
14.39,3.014334,34.03,55.154328932550705,0
101.59,3.082135,34.03,55.59676249567055,0
-15.33,3.027127,34.03,58.52349955359813,0
6.16,2.537174,34.03,60.149812967290266,0
-21.24,3.094927,34.03,62.161081071680215,0
250.23,3.110278,34.03,75.8023746329889,0
-117.21,3.091089,34.03,53.14132102234569,0
-131.47,3.084693,34.03,60.95079983068311,0
37.13,3.112837,34.03,64.59102104782058,0
55.55,3.084693,34.03,65.7723346096214,0
16.46,3.087252,34.03,65.0384501660364,0
70.45,3.112837,34.03,64.91532946846992,0
-21.89,3.106441,34.05,64.4437739428721,0
-149.74,3.100044,34.05,64.87680633323437,0
6.58,3.079576,34.05,65.33758489567853,0
-16.28,3.05527,34.05,64.00781202322104,0
-1.68,3.041199,34.0,64.91532946846992,0
28.75,3.018172,34.0,64.91532946846992,0
7.31,3.011776,34.0,62.68173577685928,0
0.33,3.018172,34.0,64.47480127925948,0
-3.49,3.009218,34.05,64.47480127925948,0
-2.24,3.002821,34.05,64.43601477434805,0
19.65,2.992587,34.05,64.43601477434805,0
4.12,2.983632,34.05,65.33758489567853,0
-11.08,2.97084,34.03,65.31462317123173,0
10.08,2.963164,34.03,64.91532946846992,0
-18.85,2.958047,34.03,64.00781202322104,0
16.47,2.955489,34.03,64.95382975621992,0
2.13,2.959327,34.03,64.43601477434805,0
11.64,2.961885,34.03,64.95382975621992,0
4.81,2.961885,34.03,64.43601477434805,0
-20.95,2.963164,34.03,64.50581369148055,0
7.83,2.955489,34.03,64.91532946846992,0
-4.74,2.95293,34.03,64.47480127925948,0
17.71,2.947813,34.03,64.5445582524197,0
8.65,2.951651,34.03,64.91532946846992,0
-8.42,2.955489,34.03,64.50581369148055,0
3.55,2.959327,34.03,64.91532946846992,0
-20.22,2.95293,34.03,64.91532946846992,0
7.1,2.945255,34.03,64.91532946846992,0
-1.38,2.933742,34.05,64.50581369148055,0
5.41,2.927345,34.05,64.00781202322104,0
11.54,2.91967,34.05,64.5445582524197,0
-15.78,2.911994,34.05,64.91532946846992,0
-1.43,2.935021,34.0,64.5445582524197,0
-7.88,2.9363,34.0,64.50581369148055,0
6.2,2.935021,34.0,64.5445582524197,0
-0.64,2.940138,34.0,64.5445582524197,0
6.9,2.942696,34.05,64.50581369148055,0
18.08,2.946534,34.05,64.95382975621992,0
0.77,2.929904,34.05,65.03076195155643,0
1.46,2.932462,34.05,64.50581369148055,0
-21.65,2.9363,34.0,65.06919393998976,0
3.39,2.938859,34.0,64.50581369148055,0
-6.64,2.9363,34.0,64.50581369148055,0
11.54,2.933742,34.0,64.50581369148055,0
7.22,2.929904,34.03,64.50581369148055,0
-8.22,2.931183,34.03,65.06919393998976,0
3.65,2.929904,34.03,65.45991139621256,0
-24.81,2.941417,34.03,64.5445582524197,0
3.26,2.938859,34.03,64.91532946846992,0
-1.93,2.937579,34.03,64.5445582524197,0
19.21,2.923508,34.03,64.50581369148055,0
29.82,2.933742,34.03,64.50581369148055,0
-10.22,2.928625,34.0,64.50581369148055,0
-10.18,2.931183,34.0,64.50581369148055,0
-30.96,2.91967,34.0,64.50581369148055,0
15.21,2.926066,34.0,64.50581369148055,0
-5.92,2.922228,34.0,64.50581369148055,0
7.58,2.917111,34.0,65.03076195155643,0
8.12,2.918391,34.0,64.50581369148055,0
-7.59,2.915832,34.0,64.95382975621992,0
19.36,2.917111,34.03,65.03076195155643,0
0.96,2.917111,34.03,64.50581369148055,0
17.36,2.928625,34.03,64.5445582524197,0
3.13,2.9363,34.03,64.50581369148055,0
0.13,2.949093,34.0,65.03076195155643,0
3.38,2.95421,34.0,64.50581369148055,0
-22.43,2.961885,34.0,65.03076195155643,0
13.58,2.95421,34.0,65.06919393998976,0
0.71,2.95421,34.0,66.24952830020754,0
5.99,2.949093,34.0,64.50581369148055,0
19.8,2.946534,34.0,64.10928169929842,0
-21.29,2.940138,34.0,64.50581369148055,0
-46.03,2.932462,34.0,64.50581369148055,0
14.71,2.931183,34.0,64.50581369148055,0
45.08,2.929904,34.0,64.50581369148055,0
19.21,2.935021,34.0,64.65291950097846,0
-9.89,2.935021,34.03,64.50581369148055,0
2.58,2.940138,34.03,64.69157595854347,0
-10.57,2.946534,34.03,64.50581369148055,0
1.94,2.946534,34.03,64.5445582524197,0
-4.2,2.945255,34.0,63.631753079732135,0
15.79,2.949093,34.0,64.1482657598785,0
-17.13,2.942696,34.0,64.65291950097846,0
-23.96,2.942696,34.0,64.50581369148055,0
8.12,2.946534,34.05,65.03076195155643,0
-12.65,2.956768,34.05,64.91532946846992,0
6.66,2.960606,34.05,64.1482657598785,0
-2.83,2.931183,34.05,63.50590523722971,0
6.75,2.911994,34.0,65.19969325081216,0
-20.71,2.947813,34.0,65.19969325081216,0
39.94,2.940138,34.0,64.32728814430156,0
-6.27,2.937579,34.0,65.19969325081216,0
-19.98,2.937579,34.03,64.51356446515724,0
-14.91,2.947813,34.03,64.52131430775415,0
-0.73,2.945255,34.03,64.85368146836385,0
17.59,2.946534,34.03,64.52131430775415,0
-24.89,2.947813,34.0,64.85368146836385,0
-1.79,2.951651,34.0,64.51356446515724,0
-4.28,2.95421,34.0,64.85368146836385,0
7.35,2.959327,34.0,64.8459713474939,0
10.99,2.960606,34.03,64.52131430775415,0
18.51,2.960606,34.03,64.85368146836385,0
-9.68,2.960606,34.03,64.51356446515724,0
-19.66,2.95421,34.03,64.52131430775415,0
11.63,2.955489,34.03,64.85368146836385,0
0.93,2.946534,34.03,64.51356446515724,0
26.22,2.955489,34.03,64.85368146836385,0
5.18,2.958047,34.03,64.52131430775415,0
37.45,2.965723,34.0,64.52131430775415,0
22.73,2.960606,34.0,64.85368146836385,0
7.94,2.963164,34.0,64.85368146836385,0
-16.35,2.958047,34.0,64.85368146836385,0
-21.85,2.95421,34.0,64.85368146836385,0
-12.44,2.946534,34.0,64.85368146836385,0
-17.69,2.943976,34.0,64.52131430775415,0
2.34,2.937579,34.0,64.85368146836385,0
-15.02,2.932462,34.0,64.85368146836385,0
3.28,2.9363,34.0,64.85368146836385,0
-2.17,2.917111,34.0,64.52131430775415,0
5.01,2.927345,34.0,64.85368146836385,0
-1.15,2.923508,34.0,64.85368146836385,0
-7.75,2.928625,34.0,64.52131430775415,0
-4.55,2.920949,34.0,64.85368146836385,0
-15.69,2.91967,34.0,64.52131430775415,0
6.59,2.918391,34.03,64.85368146836385,0
-11.64,2.918391,34.03,65.46754921333164,0
-3.52,2.913274,34.03,64.51356446515724,0
-6.92,2.908157,34.03,64.85368146836385,0
4.73,2.909436,34.0,64.52131430775415,0
1.97,2.911994,34.0,64.85368146836385,0
0.15,2.905598,34.0,64.85368146836385,0
5.98,2.905598,34.0,64.52131430775415,0
-22.35,2.904319,34.03,64.85368146836385,0
-3.02,2.903039,34.03,64.52131430775415,0
-18.73,2.903039,34.03,64.52131430775415,0
13.0,2.900481,34.03,64.85368146836385,0
7.53,2.900481,34.03,64.85368146836385,0
23.35,2.900481,34.03,64.52131430775415,0
-0.4,2.903039,34.03,64.85368146836385,0
-13.74,2.903039,34.03,65.1536645170477,0
7.47,2.908157,34.0,64.85368146836385,0
-19.69,2.915832,34.0,64.85368146836385,0
9.14,2.915832,34.0,65.1536645170477,0
-11.85,2.918391,34.0,64.85368146836385,0
10.16,2.918391,34.0,64.85368146836385,0
-1.68,2.914553,34.0,64.85368146836385,0
15.37,2.908157,34.0,64.52131430775415,0
17.74,2.905598,34.0,64.85368146836385,0
-7.23,2.920949,34.0,64.48255578061404,0
32.54,2.892806,34.0,63.92182725798755,0
59.17,2.886409,34.0,58.625932828399414,0
170.64,2.904319,34.0,66.31741852635702,0
11.4,2.904319,34.0,65.52098900352466,0
-194.61,2.928625,34.0,64.5445582524197,0
-67.59,2.940138,34.0,65.25335240430181,0
-35.67,2.946534,34.0,64.28841264178172,0
-10.4,2.938859,34.0,65.0,0
-37.73,2.937579,34.0,65.73431371817918,0
21.37,2.941417,34.0,64.03124237432849,0
25.52,2.95421,34.0,65.0,0
12.23,2.959327,34.0,65.0,0
12.58,2.977236,34.0,64.28841264178172,0
-8.12,2.979795,34.0,65.73431371817918,0
7.59,2.981074,34.0,63.608175575157006,0
-5.53,2.984912,34.0,65.0,0
12.48,2.979795,34.0,64.76109943476871,0
-11.32,2.982353,34.0,65.96969000988257,0
15.48,2.974678,34.0,65.00769185258002,0
4.08,2.975957,34.0,64.76109943476871,0
16.57,2.969561,34.0,64.28841264178172,0
5.88,2.97084,34.0,64.76109943476871,0
-9.28,2.964444,34.0,65.0,0
11.19,2.969561,34.0,64.28841264178172,0
-6.87,2.968281,34.0,65.73431371817918,0
11.94,2.977236,34.0,65.0,0
-1.12,2.977236,34.0,65.5133574166368,0
3.77,2.982353,34.03,65.0,0
7.21,2.984912,34.03,64.76109943476871,0
-4.45,2.986191,34.03,65.0,0
5.87,2.984912,34.03,65.73431371817918,0
-14.96,2.986191,34.0,65.0,0
9.73,2.983632,34.0,65.0,0
-6.69,2.974678,34.0,65.25335240430181,0
6.75,2.97084,34.0,64.76109943476871,0
-0.25,2.960606,34.0,65.0,0
9.64,2.961885,34.0,65.25335240430181,0
10.6,2.955489,34.0,65.0,0
1.84,2.95421,34.0,65.0,0
-0.19,2.95293,34.0,65.0,0
-4.42,2.940138,34.0,65.25335240430181,0
3.26,2.9363,34.0,65.5286197016235,0
-4.72,2.937579,34.0,65.00769185258002,0
1.24,2.932462,34.0,65.26101439603893,0
11.18,2.935021,34.0,65.25335240430181,0
35.59,2.927345,34.0,64.28841264178172,0
-16.26,2.933742,34.0,65.73431371817918,0
-47.1,2.931183,34.0,65.25335240430181,0
-18.85,2.931183,34.0,65.0,0
-0.86,2.913274,34.0,65.25335240430181,0
-0.67,2.914553,34.0,65.0,0
2.5,2.923508,34.0,65.0,0
2.91,2.928625,34.0,65.0,0
5.57,2.927345,34.0,64.28841264178172,0
1.85,2.927345,34.0,65.0,0
4.36,2.924787,34.03,65.0,0
-3.73,2.926066,34.03,65.0,0
4.84,2.928625,34.03,65.0,0
-4.05,2.926066,34.03,64.76109943476871,0
-3.91,2.929904,34.03,64.76109943476871,0
-7.59,2.931183,34.03,65.0,0
-4.9,2.929904,34.03,65.0,0
30.08,2.924787,34.03,65.0,0
-23.37,2.929904,34.03,64.76109943476871,0
-7.22,2.922228,34.03,65.0,0
4.11,2.931183,34.03,65.7419196555744,0
10.69,2.924787,34.03,65.0,0
10.57,2.928625,34.0,64.76109943476871,0
-3.71,2.928625,34.0,65.00769185258002,0
2.57,2.927345,34.0,65.25335240430181,0
-2.83,2.926066,34.0,64.76109943476871,0
1.76,2.91967,34.0,65.0,0
8.3,2.917111,34.0,65.0,0
7.31,2.910715,34.0,65.0,0
-29.11,2.911994,34.0,65.25335240430181,0
-26.28,2.906877,33.99,65.0,0
9.96,2.909436,33.99,65.0,0
-1.36,2.899202,33.99,65.0,0
6.92,2.905598,33.99,65.0,0
15.06,2.900481,34.0,65.0,0
7.75,2.906877,34.0,65.25335240430181,0
-1.6,2.904319,34.0,65.0,0
-7.11,2.906877,34.0,65.0,0
2.04,2.909436,34.03,65.0,0
-16.42,2.915832,34.03,65.0,0
3.08,2.922228,34.03,65.0,0
-13.97,2.924787,34.03,65.0,0
-6.7,2.923508,34.0,64.28841264178172,0
15.71,2.914553,34.0,65.0,0
15.36,2.920949,34.0,65.0,0
-12.57,2.917111,34.0,65.0,0
13.22,2.913274,34.03,65.0,0
28.94,2.909436,34.03,65.0,0
0.46,2.906877,34.03,65.0,0
-0.89,2.904319,34.03,65.0,0
3.64,2.900481,34.03,65.0,0
-15.34,2.900481,34.03,64.7688196588451,0
0.94,2.897923,34.03,65.25335240430181,0
-5.36,2.888968,34.03,65.0,0
-3.31,2.882571,34.0,65.0,0
-17.95,2.882571,34.0,65.25335240430181,0
-3.19,2.881292,34.0,65.00769185258002,0
1.55,2.878734,34.0,64.28841264178172,0
-1.53,2.877455,33.99,64.76109943476871,0
4.24,2.873617,33.99,65.25335240430181,0
1.4,2.876175,33.99,65.0,0
16.0,2.871058,33.99,65.25335240430181,0
4.37,2.877455,34.03,64.76109943476871,0
16.9,2.873617,34.03,64.28841264178172,0
3.85,2.871058,34.03,65.0,0
-0.46,2.862103,34.03,64.76109943476871,0
-1.73,2.86722,34.0,65.0,0
-20.59,2.862103,34.0,65.0,0
5.78,2.864662,34.0,65.73431371817918,0
1.28,2.863383,34.0,64.03124237432849,0
-1.75,2.869779,34.03,65.0,0
12.23,2.855707,34.03,65.96969000988257,0
40.79,2.860824,34.03,65.0,0
73.75,2.862103,34.03,64.76109943476871,0
-124.91,2.859545,33.99,65.25335240430181,0
-51.07,2.860824,33.99,65.0,0
-5.91,2.85059,33.99,65.0,0
19.73,2.856987,33.99,65.73431371817918,0
13.92,2.858266,34.0,65.0,0
26.12,2.854428,34.0,64.76109943476871,0
32.86,2.853149,34.0,64.76109943476871,0
108.21,2.853149,34.0,65.25335240430181,0
-73.84,2.849311,33.99,65.0,0
-98.09,2.85059,33.99,65.0,0
-16.81,2.83396,33.99,65.0,0
0.68,2.845473,33.99,65.25335240430181,0
0.67,2.840356,34.05,65.25335240430181,0
-12.9,2.842915,34.05,65.0,0
19.07,2.842915,34.05,65.0,0
6.98,2.841635,34.05,65.0,0
31.89,2.839077,34.03,65.25335240430181,0
68.19,2.844194,34.03,65.0,0
-62.89,2.839077,34.03,65.0,0
-44.4,2.837798,34.03,65.5133574166368,0
-3.91,2.835239,34.0,65.25335240430181,0
12.64,2.840356,34.0,65.0,0
15.45,2.832681,34.0,65.00769185258002,0
27.48,2.828843,34.0,65.0,0
16.9,2.823726,34.05,65.73431371817918,0
-34.29,2.826284,34.05,65.25335240430181,0
-11.5,2.822447,34.05,65.0,0
-6.66,2.821167,34.05,64.28841264178172,0
4.62,2.821167,34.0,64.03124237432849,0
5.67,2.81733,34.0,65.0,0
12.09,2.818609,34.0,65.0,0
29.68,2.816051,34.0,64.7688196588451,0
67.15,2.822447,34.03,65.25335240430181,0
-61.2,2.808375,34.03,65.0,0
-30.68,2.818609,34.03,64.76109943476871,0
26.57,2.813492,34.03,65.52098900352466,0
5.38,2.814771,34.03,65.00769185258002,0
3.84,2.808375,34.03,65.96969000988257,0
80.21,2.807096,34.03,65.5133574166368,0
-29.13,2.804537,34.03,65.0,0
-60.43,2.805816,34.0,64.28841264178172,0
-55.56,2.805816,34.0,65.0,0
-10.14,2.807096,34.0,65.96969000988257,0
-7.76,2.807096,34.0,65.0,0
14.16,2.803258,34.03,65.0,0
0.21,2.804537,34.03,65.0,0
2.86,2.796862,34.03,65.0,0
25.07,2.801979,34.03,65.0,0
13.64,2.795583,34.03,65.0,0
3.52,2.800699,34.03,64.28841264178172,0
7.6,2.794303,34.03,65.0,0
8.25,2.794303,34.03,65.73431371817918,0
27.42,2.786628,34.03,64.76109943476871,0
17.09,2.793024,34.03,65.0,0
-53.46,2.794303,34.03,65.7419196555744,0
-11.93,2.787907,34.03,65.0,0
-11.7,2.789186,34.03,65.0,0
17.09,2.785348,34.03,65.73431371817918,0
0.48,2.789186,34.03,65.25335240430181,0
12.09,2.785348,34.03,65.73431371817918,0
2.89,2.785348,34.03,65.0,0
6.16,2.784069,34.03,65.0,0
8.11,2.784069,34.03,64.7688196588451,0
1.61,2.777673,34.03,65.0,0
2.0,2.780231,34.03,65.7419196555744,0
-15.58,2.780231,34.03,65.96969000988257,0
3.48,2.780231,34.03,65.83312236253116,0
-19.09,2.781511,34.03,64.5832795698701,0
4.1,2.773835,34.0,64.6297145282261,0
69.35,2.775115,34.0,63.8200595424354,0
-10.49,2.777673,34.0,64.53681120105021,0
-193.57,2.819888,34.0,64.53681120105021,0
7.41,2.826284,34.0,65.0,0
52.96,2.787907,34.0,65.25335240430181,0
37.92,2.781511,34.0,64.53681120105021,0
4.85,2.78279,34.0,65.7419196555744,0
11.28,2.781511,34.03,64.7688196588451,0
5.45,2.785348,34.03,65.93178292750773,0
-0.51,2.78279,34.03,65.97726881282674,0
13.15,2.777673,34.03,64.76109943476871,0
-9.97,2.781511,34.05,66.29479617586888,0
8.09,2.784069,34.05,65.00769185258002,0
-1.07,2.778952,34.05,65.5133574166368,0
4.38,2.781511,34.05,65.31462317123173,0
-9.78,2.777673,34.0,64.5445582524197,0
7.66,2.785348,34.0,65.0,0
-11.26,2.780231,34.0,65.31462317123173,0
7.0,2.784069,34.0,65.73431371817918,0
-2.0,2.781511,34.03,65.5133574166368,0
2.43,2.787907,34.03,65.25335240430181,0
-12.13,2.768718,34.03,65.5133574166368,0
0.87,2.780231,34.03,65.00769185258002,0
1.07,2.777673,34.03,65.0,0
1.03,2.773835,34.03,65.5133574166368,0
-8.97,2.772556,34.03,65.0,0
3.06,2.771277,34.03,66.2872536767062,0
-6.67,2.772556,34.05,65.00769185258002,0
10.25,2.767439,34.05,65.5133574166368,0
1.42,2.768718,34.05,65.0,0
-5.13,2.763601,34.05,65.0,0
-8.74,2.762322,34.0,64.7688196588451,0
-11.36,2.754646,34.0,65.0,0
-20.32,2.763601,34.0,65.25335240430181,0
-9.09,2.755926,34.0,64.76109943476871,0
-13.42,2.755926,34.0,65.0,0
18.99,2.755926,34.0,64.5600495662759,0
4.97,2.757205,34.0,65.73431371817918,0
6.94,2.758484,34.0,65.0,0
-4.1,2.759763,34.0,65.0,0
7.85,2.762322,34.0,65.0,0
-5.2,2.758484,34.0,64.76109943476871,0
6.74,2.757205,34.0,65.25335240430181,0
-3.25,2.755926,34.05,65.0,0
4.01,2.761043,34.05,65.00769185258002,0
-14.5,2.754646,34.05,64.28841264178172,0
4.68,2.758484,34.05,65.52098900352466,0
1.39,2.754646,34.03,65.30696746902278,0
15.3,2.761043,34.03,65.00769185258002,0
16.65,2.752088,34.03,65.0,0
-6.33,2.753367,34.03,65.0,0
6.67,2.754646,34.03,65.0,0
1.72,2.753367,34.03,64.29618962271404,0
11.67,2.749529,34.03,65.00769185258002,0
-20.09,2.739295,34.03,65.25335240430181,0
-8.24,2.744412,34.03,65.7419196555744,0
2.82,2.741854,34.03,64.8459713474939,0
-3.24,2.743133,34.03,65.73431371817918,0
4.97,2.740575,34.03,64.5600495662759,0
1.83,2.739295,34.03,65.0,0
7.1,2.735458,34.03,65.25335240430181,0
-4.67,2.738016,34.03,65.7419196555744,0
3.39,2.738016,34.03,65.73431371817918,0
1.69,2.740575,34.03,64.28841264178172,0
0.49,2.740575,34.03,65.00769185258002,0
-8.65,2.734178,34.03,64.32728814430156,0
-16.24,2.735458,34.03,64.85368146836385,0
-8.42,2.738016,34.0,64.63745044476924,0
-28.35,2.74825,34.0,65.13063795173512,0
-27.1,2.755926,34.0,66.2872536767062,0
-58.97,2.761043,34.0,64.17164482853778,0
63.21,2.755926,34.03,66.61831579978588,0
14.17,2.750809,34.03,63.8200595424354,0
28.23,2.739295,34.03,66.37770710110436,0
-15.23,2.743133,34.03,64.83054835492293,0
-31.89,2.740575,34.03,64.66065264130884,0
34.87,2.743133,34.03,64.91532946846992,0
45.81,2.750809,34.03,64.91532946846992,0
1.06,2.759763,34.03,65.40642170307133,0
2.48,2.761043,34.03,64.52131430775415,0
-0.14,2.767439,34.03,64.66065264130884,0
4.57,2.767439,34.03,64.91532946846992,0
0.77,2.767439,34.03,65.40642170307133,0
9.5,2.767439,34.0,65.03076195155643,0
1.9,2.769997,34.0,65.54387843269576,0
4.9,2.76488,34.0,65.1536645170477,0
-1.35,2.761043,34.0,64.91532946846992,0
6.73,2.755926,34.0,65.40642170307133,0
3.71,2.755926,34.0,64.79197481170026,0
1.94,2.753367,34.0,65.1536645170477,0
4.24,2.750809,34.0,65.54387843269576,0
1.75,2.752088,34.03,64.1404708432983,0
2.16,2.74825,34.03,64.91532946846992,0
-3.8,2.750809,34.03,64.91532946846992,0
3.77,2.74825,34.03,64.41273166075166,0
-2.61,2.750809,34.0,64.91532946846992,0
1.95,2.743133,34.0,65.1536645170477,0
1.97,2.750809,34.0,64.52131430775415,0
-2.24,2.74825,34.0,64.52131430775415,0
0.04,2.750809,34.0,65.54387843269576,0
-3.2,2.749529,34.0,65.1536645170477,0
1.52,2.738016,34.0,64.52131430775415,0
-3.32,2.746971,34.0,64.66065264130884,0
0.57,2.74825,34.03,64.66065264130884,0
-3.69,2.754646,34.03,64.52131430775415,0
0.74,2.749529,34.03,64.91532946846992,0
-4.61,2.752088,34.03,65.79513659838392,0
1.11,2.741854,34.03,66.94027188471824,0
-1.24,2.749529,34.03,64.26507605223851,0
12.73,2.743133,34.03,64.91532946846992,0
2.34,2.744412,34.03,65.1536645170477,0
7.46,2.744412,34.0,64.45153217728807,0
-6.61,2.743133,34.0,64.26507605223851,0
-7.95,2.740575,34.0,64.91532946846992,0
-2.97,2.736737,34.0,64.52131430775415,0
3.04,2.738016,34.0,64.52131430775415,0
-0.44,2.735458,34.0,64.91532946846992,0
-4.7,2.735458,34.0,64.52131430775415,0
-0.44,2.73162,34.0,64.03905058634146,0
4.3,2.732899,33.99,65.1536645170477,0
4.53,2.726503,33.99,64.26507605223851,0
-1.59,2.734178,33.99,64.66065264130884,0
1.35,2.73162,33.99,65.06919393998976,0
-1.99,2.734178,34.0,64.26507605223851,0
-5.52,2.732899,34.0,65.06919393998976,0
-8.21,2.73162,34.0,65.1536645170477,0
0.76,2.73162,34.0,64.91532946846992,0
-4.85,2.73162,33.99,65.1536645170477,0
-0.15,2.734178,33.99,65.1536645170477,0
2.78,2.725224,33.99,64.91532946846992,0
8.01,2.726503,33.99,65.1536645170477,0
4.63,2.718827,33.99,64.66065264130884,0
0.41,2.725224,33.99,65.54387843269576,0
-2.07,2.720107,33.99,64.66065264130884,0
-3.79,2.722665,33.99,64.66065264130884,0
3.52,2.718827,34.0,64.91532946846992,0
-8.04,2.723944,34.0,65.54387843269576,0
-1.63,2.720107,34.0,64.52131430775415,0
-6.43,2.720107,34.0,64.66065264130884,0
5.19,2.721386,33.99,64.91532946846992,0
5.31,2.721386,33.99,64.66065264130884,0
8.43,2.717548,33.99,64.91532946846992,0
2.78,2.711152,33.99,64.66065264130884,0
-0.48,2.71371,34.0,64.66065264130884,0
2.74,2.708593,34.0,64.66065264130884,0
2.41,2.711152,34.0,64.66065264130884,0
-0.08,2.707314,34.0,65.06919393998976,0
-9.3,2.709873,34.03,64.66065264130884,0
-3.31,2.706035,34.03,64.66065264130884,0
-8.34,2.711152,34.03,65.06919393998976,0
-0.64,2.708593,34.03,65.40642170307133,0
7.61,2.707314,34.0,64.66065264130884,0
7.19,2.695801,34.0,64.66065264130884,0
-1.65,2.702197,34.0,64.91532946846992,0
1.85,2.703476,34.0,64.52131430775415,0
-1.34,2.703476,33.99,64.91532946846992,0
2.02,2.703476,33.99,64.91532946846992,0
-5.39,2.703476,33.99,64.52131430775415,0
3.76,2.702197,33.99,64.66065264130884,0
1.52,2.698359,34.0,64.91532946846992,0
3.36,2.700918,34.0,64.52131430775415,0
1.08,2.698359,34.0,64.91532946846992,0
8.5,2.695801,34.0,64.19501538281614,0
-6.71,2.691963,34.0,64.77653896280658,0
1.69,2.691963,34.0,64.91532946846992,0
0.49,2.689404,34.0,64.26507605223851,0
1.13,2.686846,34.0,64.66065264130884,0
-0.93,2.688125,34.0,65.1536645170477,0
-4.52,2.688125,34.0,64.66065264130884,0
-6.08,2.693242,34.0,65.1536645170477,0
-5.28,2.694522,34.0,65.54387843269576,0
1.85,2.694522,33.99,64.66065264130884,0
-1.04,2.698359,33.99,65.1536645170477,0
7.64,2.69708,33.99,65.06919393998976,0
-6.04,2.698359,33.99,64.66065264130884,0
3.32,2.695801,34.0,64.26507605223851,0
-4.07,2.700918,34.0,64.66065264130884,0
3.92,2.698359,34.0,64.26507605223851,0
-4.85,2.695801,34.0,64.66065264130884,0
1.35,2.69708,33.97,64.66065264130884,0
-4.1,2.693242,33.97,65.1536645170477,0
4.47,2.681729,33.97,64.91532946846992,0
-1.66,2.688125,33.97,64.52131430775415,0
2.33,2.686846,33.97,64.66065264130884,0
1.72,2.685567,33.97,65.79513659838392,0
1.76,2.684288,33.97,64.26507605223851,0
6.26,2.679171,33.97,64.66065264130884,0
-7.2,2.683008,33.97,65.1536645170477,0
-5.71,2.683008,33.97,64.26507605223851,0
-1.32,2.679171,33.97,65.1536645170477,0
2.94,2.681729,33.97,65.1536645170477,0
-9.01,2.677891,33.97,64.66065264130884,0
-5.75,2.681729,33.97,65.1536645170477,0
-6.9,2.676612,33.97,65.06919393998976,0
-1.57,2.677891,33.97,65.1536645170477,0
0.96,2.667657,33.97,64.26507605223851,0
-0.73,2.676612,33.97,64.19501538281614,0
-1.05,2.671495,33.97,65.1536645170477,0
5.85,2.677891,33.97,65.06919393998976,0
-5.68,2.676612,33.99,65.1536645170477,0
4.62,2.675333,33.99,65.40642170307133,0
-2.44,2.674054,33.99,64.66065264130884,0
3.04,2.671495,33.99,65.1536645170477,0
1.18,2.671495,33.99,63.63961030678928,0
5.84,2.671495,33.99,64.93843238021688,0
1.62,2.675333,33.99,63.702433234531945,0
-10.72,2.66254,33.99,65.7419196555744,0
-28.64,2.672774,33.99,67.00746227100382,0
-35.19,2.71499,33.99,106.7941945987702,0
10.63,2.703476,33.99,43.3589667773576,0
44.08,2.657423,33.99,59.61543424315552,0
59.26,2.638235,33.97,62.313722405261586,0
24.33,2.619046,33.97,60.37383539249432,0
-73.29,2.672774,33.97,59.06775770248944,0
-26.86,2.671495,33.97,68.33739825307956,0
128.38,2.666378,33.97,62.42595614005443,0
44.51,2.668936,33.97,64.26507605223851,0
77.91,2.66254,33.97,62.96824596572466,0
-265.04,2.66382,33.97,63.56886030125127,0
31.99,2.659982,33.97,63.39558344238185,0
2.94,2.677891,33.97,63.39558344238185,0
43.13,2.677891,33.97,63.45076831686122,0
-0.3,2.676612,33.97,62.94441992742486,0
-16.15,2.679171,33.97,63.35613624582863,0
3.07,2.68045,33.97,63.671029518926424,0
-12.55,2.683008,33.97,63.39558344238185,0
-122.71,2.683008,33.97,63.190189111918315,0
23.81,2.683008,33.97,63.39558344238185,0
-21.8,2.68045,33.97,63.39558344238185,0
19.18,2.683008,33.97,63.35613624582863,0
-15.79,2.675333,33.97,63.39558344238185,0
21.48,2.679171,33.97,63.13477647065839,0
-4.75,2.671495,33.97,63.52164985262898,0
13.56,2.674054,33.97,63.45076831686122,0
-23.25,2.671495,33.97,63.190189111918315,0
-21.46,2.670216,33.97,63.45076831686122,0
-13.1,2.667657,33.97,63.45076831686122,0
29.15,2.66382,33.97,63.45076831686122,0
11.56,2.661261,33.97,63.190189111918315,0
1.26,2.657423,33.95,63.45076831686122,0
-20.28,2.66254,33.95,63.45076831686122,0
-14.09,2.654865,33.95,63.671029518926424,0
-9.5,2.658703,33.95,63.72597586541927,0
-15.83,2.652306,33.97,63.39558344238185,0
-3.47,2.657423,33.97,62.8410693734599,0
-11.11,2.653585,33.97,63.103090257134,0
-0.99,2.649748,33.97,63.72597586541927,0
4.83,2.651027,33.97,63.190189111918315,0
-13.46,2.649748,33.97,63.190189111918315,0
18.54,2.651027,33.97,63.52164985262898,0
27.6,2.648468,33.97,63.45076831686122,0
9.03,2.649748,33.97,63.45076831686122,0
-5.43,2.643352,33.97,62.76941930590086,0
-2.36,2.651027,33.97,62.76941930590086,0
2.47,2.64591,33.97,63.52164985262898,0
2.11,2.649748,33.95,63.72597586541927,0
-3.0,2.652306,33.95,63.45076831686122,0
6.01,2.649748,33.95,63.45076831686122,0
3.32,2.648468,33.95,63.52164985262898,0
0.42,2.64591,33.95,63.45076831686122,0
-1.96,2.648468,33.95,63.796551630946325,0
9.56,2.633117,33.95,63.72597586541927,0
-14.82,2.642072,33.95,63.72597586541927,0
15.26,2.636955,33.97,63.796551630946325,0
-7.71,2.640793,33.97,62.928530890209096,0
10.16,2.635676,33.97,63.72597586541927,0
-4.97,2.640793,33.97,63.72597586541927,0
9.16,2.636955,33.97,63.796551630946325,0
-7.08,2.642072,33.97,64.01562309311689,0
8.02,2.639514,33.97,62.8410693734599,0
16.15,2.640793,33.97,63.72597586541927,0
1.64,2.644631,33.95,63.88270501473775,0
12.19,2.64591,33.95,63.72597586541927,0
-16.74,2.642072,33.95,63.72597586541927,0
5.22,2.636955,33.95,63.796551630946325,0
-13.61,2.639514,33.95,63.671029518926424,0
1.95,2.635676,33.95,63.796551630946325,0
-8.31,2.638235,33.95,63.72597586541927,0
5.14,2.631838,33.95,63.72597586541927,0
-6.29,2.633117,33.95,63.96092557178953,0
10.51,2.62928,33.95,63.796551630946325,0
4.1,2.630559,33.95,63.72597586541927,0
8.03,2.630559,33.95,62.8410693734599,0
-0.73,2.630559,33.95,63.796551630946325,0
0.44,2.625442,33.95,64.08587988004847,0
4.2,2.625442,33.95,63.796551630946325,0
1.62,2.626721,33.95,63.72597586541927,0
-3.0,2.626721,33.95,63.72597586541927,0
-5.31,2.626721,33.95,63.72597586541927,0
0.86,2.628,33.95,63.06346010171025,0
-14.08,2.62928,33.95,64.08587988004847,0
6.04,2.625442,33.95,64.08587988004847,0
-11.83,2.628,33.95,63.13477647065839,0
3.27,2.628,33.95,63.221831672294975,0
-12.86,2.62928,33.95,63.221831672294975,0
4.65,2.622884,33.95,64.17164482853778,0
-3.45,2.622884,33.95,63.13477647065839,0
5.62,2.624163,33.95,62.8410693734599,0
-10.67,2.624163,33.95,64.08587988004847,0
2.64,2.624163,33.95,62.928530890209096,0
3.97,2.620325,33.95,63.796551630946325,0
0.04,2.622884,33.95,63.52164985262898,0
14.55,2.621604,33.95,63.72597586541927,0
-8.35,2.621604,33.95,63.221831672294975,0
11.23,2.622884,33.95,63.88270501473775,0
-8.48,2.621604,33.95,63.88270501473775,0
20.94,2.619046,33.95,62.8410693734599,0
-5.12,2.619046,33.95,63.72597586541927,0
7.03,2.624163,33.95,64.08587988004847,0
-7.12,2.620325,33.95,62.64982043070834,0
2.2,2.620325,33.95,62.8410693734599,0
3.77,2.617767,33.95,63.796551630946325,0
8.32,2.616487,33.95,63.796551630946325,0
-0.07,2.616487,33.95,64.01562309311689,0
2.25,2.616487,33.95,62.8410693734599,0
7.49,2.616487,33.95,63.796551630946325,0
-4.59,2.615208,33.95,63.796551630946325,0
1.68,2.61137,33.95,62.8410693734599,0
-8.88,2.615208,33.95,64.08587988004847,0
5.59,2.613929,33.93,63.796551630946325,0
-16.8,2.616487,33.93,63.796551630946325,0
5.18,2.612649,33.93,64.08587988004847,0
-15.45,2.616487,33.93,63.72597586541927,0
5.91,2.613929,33.93,64.08587988004847,0
-6.39,2.613929,33.93,64.08587988004847,0
10.69,2.613929,33.93,62.8410693734599,0
5.07,2.615208,33.93,63.221831672294975,0
7.04,2.613929,33.93,64.08587988004847,0
-8.62,2.61137,33.93,63.13477647065839,0
15.76,2.608812,33.93,63.631753079732135,0
-2.11,2.61137,33.93,48.11444689487763,0
-5.99,2.612649,33.93,79.45438943192504,0
-8.46,2.621604,33.93,64.88451279003334,0
-53.63,2.62928,33.93,62.6418390534633,0
20.63,2.633117,33.93,61.40032573203501,0
94.48,2.625442,33.93,65.88626564011653,0
253.71,2.630559,33.93,64.51356446515724,0
-77.8,2.617767,33.93,64.6297145282261,0
-283.5,2.612649,33.93,64.45153217728807,0
-112.48,2.610091,33.93,64.03905058634146,0
71.55,2.613929,33.93,63.694583757176716,0
56.67,2.604974,33.93,64.5445582524197,0
27.44,2.620325,33.93,64.1482657598785,0
8.68,2.638235,33.93,63.63961030678928,0
15.56,2.651027,33.93,64.1482657598785,0
5.31,2.656144,33.93,63.63961030678928,0
17.88,2.66254,33.93,64.03905058634146,0
2.13,2.665099,33.93,64.03905058634146,0
17.76,2.667657,33.93,64.1482657598785,0
2.1,2.668936,33.93,64.03905058634146,0
18.81,2.659982,33.93,64.03905058634146,0
2.79,2.658703,33.93,63.92182725798755,0
14.34,2.656144,33.93,64.03905058634146,0
-0.81,2.648468,33.93,64.03905058634146,0
9.98,2.644631,33.93,64.03905058634146,0
-7.83,2.638235,33.95,64.03905058634146,0
6.01,2.635676,33.95,63.788713735268246,0
-9.23,2.62928,33.95,64.1482657598785,0
3.97,2.634397,33.95,64.1482657598785,0
-3.01,2.644631,33.93,64.1482657598785,0
0.2,2.652306,33.93,64.1482657598785,0
-1.25,2.659982,33.93,64.1482657598785,0
-6.35,2.657423,33.93,64.1482657598785,0
-1.5,2.66382,33.93,64.1482657598785,0
1.95,2.659982,33.93,64.5445582524197,0
-2.16,2.656144,33.93,64.5445582524197,0
-1.15,2.647189,33.93,64.5445582524197,0
0.49,2.64591,33.91,64.5445582524197,0
-0.74,2.640793,33.91,64.1482657598785,0
3.39,2.636955,33.91,64.5445582524197,0
-0.44,2.635676,33.91,64.1482657598785,0
4.25,2.630559,33.91,63.788713735268246,0
-4.75,2.625442,33.91,64.1482657598785,0
3.94,2.624163,33.91,64.5445582524197,0
-4.76,2.619046,33.91,64.1482657598785,0
3.34,2.62928,33.91,64.1482657598785,0
-7.56,2.635676,33.91,64.1482657598785,0
5.31,2.634397,33.91,63.63961030678928,0
-5.2,2.639514,33.91,64.03905058634146,0
8.21,2.638235,33.93,63.63961030678928,0
0.68,2.638235,33.93,64.03905058634146,0
5.49,2.638235,33.93,64.03905058634146,0
6.03,2.638235,33.93,64.5445582524197,0
3.72,2.636955,33.93,64.03905058634146,0
4.9,2.640793,33.93,64.03905058634146,0
-8.08,2.642072,33.93,64.03905058634146,0
7.21,2.643352,33.93,64.5445582524197,0
-0.81,2.636955,33.89,64.1482657598785,0
7.74,2.644631,33.89,64.1482657598785,0
-0.81,2.642072,33.89,64.1482657598785,0
3.86,2.640793,33.89,64.1482657598785,0
4.4,2.636955,33.91,64.31174076325411,0
-0.3,2.638235,33.91,64.1482657598785,0
2.02,2.633117,33.91,63.387695966961914,0
-5.48,2.630559,33.91,63.387695966961914,0
3.61,2.625442,33.91,63.166446789415026,0
-5.87,2.624163,33.91,64.31174076325411,0
3.47,2.622884,33.91,64.1482657598785,0
-2.51,2.619046,33.91,64.45153217728807,0
0.48,2.622884,33.91,63.63961030678928,0
-3.17,2.620325,33.91,63.914004725099176,0
-0.32,2.621604,33.91,63.63961030678928,0
-2.34,2.621604,33.91,64.72248450113763,0
1.34,2.624163,33.93,63.387695966961914,0
-3.16,2.622884,33.93,64.31174076325411,0
-0.64,2.625442,33.93,63.788713735268246,0
-0.03,2.634397,33.93,63.788713735268246,0
0.33,2.658703,33.89,63.914004725099176,0
0.08,2.683008,33.89,63.914004725099176,0
-2.56,2.706035,33.89,64.31174076325411,0
4.06,2.718827,33.89,63.387695966961914,0
-4.22,2.725224,33.91,64.31174076325411,0
0.54,2.73162,33.91,63.914004725099176,0
-4.59,2.722665,33.91,63.788713735268246,0
3.03,2.716269,33.91,63.914004725099176,0
-6.95,2.706035,33.91,65.09992319503918,0
2.98,2.69708,33.91,64.76109943476871,0
-1.68,2.694522,33.91,64.5832795698701,0
11.62,2.677891,33.91,64.1482657598785,0
6.93,2.700918,33.91,58.08614292583042,0
9.57,2.672774,33.91,58.29236656715869,0
74.9,2.665099,33.91,61.0,0
9.6,2.704756,33.91,68.3593446428504,0
128.54,2.721386,33.87,79.85612061701971,0
-78.97,2.688125,33.87,53.786615435440815,0
-127.67,2.938859,33.87,74.78636239315294,0
-53.53,2.910715,33.87,81.35723692456621,0
-4.87,2.938859,33.89,46.58325879540846,0
-78.25,2.892806,33.89,101.74969287422935,0
242.81,2.918391,33.89,39.370039370059054,0
22.42,2.924787,33.89,77.9615289742319,0
-157.11,2.940138,33.89,69.2314957226839,0
-6.84,2.949093,33.89,68.19090848492928,0
-21.97,2.955489,33.89,70.5691150575094,0
-15.0,2.967002,33.89,57.1314274283428,0
-41.34,2.978515,33.87,66.96267617113283,0
-1.95,2.990029,33.87,66.03786792439622,0
-18.27,2.982353,33.87,66.27971031922213,0
22.02,2.977236,33.87,66.2872536767062,0
-1.62,2.961885,33.89,69.94998213009065,0
28.79,2.963164,33.89,50.65570056765576,0
-0.87,2.960606,33.89,68.8839603971781,0
10.24,2.982353,33.89,65.64297372910524,0
-3.34,3.006659,33.87,59.16079783099616,0
15.2,3.03864,33.87,62.42595614005443,0
-2.44,3.051433,33.87,61.22907805936653,0
10.67,3.057829,33.87,80.26207074328447,0
-10.52,3.083414,33.89,60.975404877704584,0
20.44,3.14226,33.89,61.56297588648554,0
-7.18,3.130746,33.89,77.88452991448301,0
16.97,3.132025,33.89,61.91122676865643,0
-25.34,3.149935,33.89,59.06775770248944,0
77.35,3.137143,33.89,63.8200595424354,0
-45.12,3.115395,33.89,68.2934843158555,0
29.22,3.087252,33.89,75.37904218017101,0
-83.95,3.046316,33.89,66.70082458260917,0
-34.7,3.00538,33.89,62.57795138864806,0
28.78,3.03864,33.89,67.29784543356496,0
56.4,3.0041,33.89,65.87867636800242,0
161.34,2.984912,33.89,67.66091929614909,0
102.67,3.011776,33.89,69.9714227381436,0
-247.91,3.029685,33.89,70.03570517957252,0
-40.17,3.029685,33.89,73.7563556583431,0
9.13,2.993866,33.87,74.41102068914255,0
-28.15,3.025848,33.87,62.51399843235114,0
-23.37,3.027127,33.87,60.909769331364245,0
39.39,3.036082,33.87,67.21606950722423,0
-58.3,3.043757,33.87,58.86425061104575,0
14.52,3.045037,33.87,58.762232769015846,0
-4.0,3.039919,33.87,67.49074010558782,0
-23.45,3.039919,33.87,57.0350769263968,0
21.23,3.036082,33.87,72.11795892841117,0
17.63,3.030965,33.87,74.24957912338628,0
-7.03,3.024568,33.87,62.76941930590086,0
-1.33,3.025848,33.87,63.66317616958802,0
9.6,3.013055,33.87,65.81033353509159,0
16.48,3.009218,33.87,62.976185975335156,0
-10.7,2.984912,33.87,63.182275995725256,0
17.63,2.986191,33.87,63.245553203367585,0
39.05,2.979795,33.87,65.58963332722634,0
8.89,2.974678,33.87,67.12674578735364,0
4.88,2.972119,33.87,63.20601237224193,0
-4.04,2.968281,33.87,65.31462317123173,0
5.35,2.963164,33.87,64.8459713474939,0
-2.71,2.963164,33.87,64.38167441127949,0
-0.72,2.95421,33.87,62.71363488110062,0
-5.66,2.949093,33.87,64.65291950097846,0
-7.88,2.947813,33.87,63.984373092185564,0
15.12,2.943976,33.87,64.65291950097846,0
2.98,2.947813,33.87,64.65291950097846,0
-0.17,2.941417,33.87,64.38167441127949,0
-8.71,2.941417,33.87,64.63745044476924,0
2.64,2.943976,33.87,64.1404708432983,0
-0.24,2.949093,33.87,64.1404708432983,0
3.71,2.95293,33.87,64.38167441127949,0
4.52,2.965723,33.87,64.1248781675256,0
-1.03,2.968281,33.87,64.38167441127949,0
6.21,2.969561,33.87,64.1404708432983,0
-1.44,2.963164,33.87,64.1404708432983,0
3.61,2.956768,33.83,64.38167441127949,0
-3.83,2.951651,33.83,64.1404708432983,0
-1.07,2.924787,33.83,64.1404708432983,0
1.14,2.929904,33.83,64.1248781675256,0
-2.3,2.924787,33.84,63.48228099241551,0
-0.18,2.928625,33.84,65.19969325081216,0
-1.09,2.918391,33.84,64.72248450113763,0
-0.84,2.928625,33.84,63.72597586541927,0
-4.44,2.91967,33.84,65.06150935845248,0
1.48,2.927345,33.84,63.63961030678928,0
-4.12,2.929904,33.84,64.38167441127949,0
2.34,2.940138,33.84,65.42935121182236,0
-0.03,2.950372,33.87,80.86408349817613,0
-1.67,2.965723,33.87,55.14526271584895,0
0.7,2.981074,33.87,155.145093380358,0
-1.33,2.967002,33.87,65.50572494064927,0
0.71,2.986191,33.87,66.76825593049439,0
8.46,2.984912,33.87,64.07807737440318,0
2.63,2.98875,33.87,64.35837163881635,0
-38.58,2.974678,33.87,65.13831437794502,0
-9.57,2.973398,33.83,65.13831437794502,0
-6.33,2.967002,33.83,64.73020933072904,0
4.18,2.964444,33.83,66.09841147864296,0
-1.48,2.961885,33.83,64.53681120105021,0
1.29,2.978515,33.83,64.53681120105021,0
0.43,2.98875,33.83,65.31462317123173,0
2.48,2.981074,33.83,63.76519426771944,0
3.98,2.98875,33.83,63.387695966961914,0
1.57,2.993866,33.83,63.15853069855251,0
0.1,3.015614,33.83,64.73020933072904,0
-3.65,3.014334,33.83,64.91532946846992,0
2.64,3.015614,33.83,63.592452382338585,0
0.11,3.015614,33.84,67.74953874381728,0
-1.47,3.013055,33.84,65.27633568147036,0
-3.83,3.018172,33.84,62.68173577685928,0
0.97,3.014334,33.84,58.35237784358063,0
-1.38,3.018172,33.84,63.0158710167526,0
0.82,3.02201,33.84,47.10626285325551,0
-4.69,2.984912,33.84,69.01449123191448,0
-1.6,3.006659,33.84,65.19202405202648,0
1.64,3.052712,33.84,64.72248450113763,0
-8.61,3.093648,33.84,69.87131027825369,0
29.41,3.115395,33.84,79.25906888173743,0
-31.96,3.087252,33.84,109.41663493271945,0
-5.37,3.204943,33.84,45.51922670696417,0
5.12,3.229249,33.84,51.778373863998475,0
10.19,3.215177,33.84,71.03520254071216,0
136.44,3.211339,33.84,68.64400920692205,0
-91.34,3.203664,33.83,65.27633568147036,0
-83.21,3.207501,33.83,57.905094767213704,0
-1.45,3.194709,33.83,68.31544481301428,0
-1.03,3.180637,33.83,67.91170738539859,0
1.03,3.176799,33.83,64.73020933072904,0
-4.04,3.170403,33.83,68.74590896918885,0
-13.6,3.169124,33.83,63.89053137985315,0
12.31,3.166565,33.83,61.61980201201558,0
0.98,3.160169,33.83,64.319514923544,0
-6.25,3.152493,33.83,66.4981202741852,0
-0.33,3.134584,33.83,54.415071441651165,0
2.27,3.085973,33.83,51.70106381884226,0
2.75,3.161448,33.84,51.82663407939975,0
-4.85,3.130746,33.84,84.48076704197234,0
-60.16,3.100044,33.84,66.49060083951716,0
-82.6,3.078297,33.84,61.465437442517235,0
216.05,3.071901,33.84,58.52349955359813,0
-8.72,3.087252,33.84,70.02856560004639,0
-90.48,3.143539,33.84,53.777318638995006,0
-22.29,3.12435,33.84,50.83306010855534,0
-12.61,3.115395,33.83,123.62847568420473,0
-103.23,3.102603,33.83,63.92182725798755,0
20.21,3.119233,33.83,73.57988855658861,0
159.99,3.116674,33.83,60.0416522091123,0
116.23,3.10772,33.83,66.9552089086428,0
-147.38,3.111557,33.83,62.976185975335156,0
-45.4,3.103882,33.83,58.94913061275798,0
-22.28,3.101324,33.83,60.83584469702052,0
-20.29,3.105161,33.83,63.702433234531945,0
13.72,3.12435,33.83,51.40038910358559,0
8.66,3.151214,33.83,46.07602413403309,0
-2.23,3.172962,33.83,66.85057965343307,0
-6.32,3.215177,33.81,67.00746227100382,0
-10.8,3.207501,33.81,56.3382640840131,0
-78.7,3.195988,33.81,82.43178998420451,0
-0.94,3.222852,33.81,59.413803110051795,0
93.03,3.185754,33.81,39.736632972611055,0
51.27,3.114116,33.81,34.77067730142742,0
34.66,3.091089,33.81,120.32456108376212,0
-77.42,3.041199,33.81,56.04462507680822,0
19.25,3.02201,33.81,62.71363488110062,0
59.77,3.033523,33.81,64.26507605223851,0
-89.71,3.029685,33.81,62.42595614005443,0
-15.72,3.028406,33.81,67.03730304837748,0
-19.56,3.023289,33.79,64.68384651518491,0
12.26,3.024568,33.79,59.43904440685432,0
22.83,3.024568,33.79,66.61831579978588,0
16.12,3.028406,33.79,57.175169435691224,0
17.66,3.057829,33.81,26.832815729997478,0
11.86,3.167845,33.81,69.28924880528002,0
18.16,3.171682,33.81,49.24428900898052,0
83.26,3.100044,33.81,53.44155686354955,0
50.25,3.078297,33.81,63.773035054010094,0
-107.49,3.02201,33.81,82.58934555982388,0
20.15,3.042478,33.81,48.342527861087284,0
-88.76,3.092369,33.81,61.00819617067857,0
-18.44,3.134584,33.79,67.1863081289633,0
39.75,3.112837,33.79,64.45153217728807,0
22.07,3.092369,33.79,63.63961030678928,0
-70.43,3.075738,33.79,62.313722405261586,0
7.16,3.052712,33.81,104.83320084782301,0
2.9,3.115395,33.81,92.41753080449618,0
14.29,3.143539,33.81,48.38388161361178,0
11.85,3.119233,33.81,70.50531894828929,0
53.07,3.114116,33.79,61.065538563088104,0
107.27,3.119233,33.79,81.79242018671412,0
-17.8,3.135863,33.79,58.625932828399414,0
-61.33,3.082135,33.79,51.28352561983234,0
-36.52,3.098765,33.79,57.584720195551874,0
-40.71,3.143539,33.79,85.94765849050223,0
17.71,3.078297,33.79,52.076866265166146,0
-27.82,3.053991,33.79,67.55738301621814,0
-2.08,3.061667,33.79,62.49799996799898,0
-28.56,3.05527,33.79,64.34283176858165,0
17.84,3.045037,33.79,66.17401302626281,0
8.46,3.060387,33.79,48.11444689487763,0
-2.76,3.077018,33.79,124.91997438360288,0
1.35,3.119233,33.79,34.132096331752024,0
12.56,3.088531,33.79,72.9657453878188,0
32.03,3.082135,33.79,68.72408602520662,0
-15.51,3.068063,33.77,53.749418601506754,0
60.96,3.07318,33.77,43.42810150121693,0
-27.12,3.060387,33.77,68.83313155741209,0
-59.87,3.066784,33.77,51.62363799656123,0
-13.25,3.051433,33.77,71.64495795239188,0
7.04,3.048874,33.77,51.10772935672255,0
-14.39,3.037361,33.77,66.41535966928132,0
22.24,3.034802,33.77,97.56023780208821,0
-8.3,3.05655,33.77,27.147743920996454,0
18.22,3.039919,33.77,63.96092557178953,0
8.49,3.069342,33.77,70.63285354564121,0
64.11,3.08981,33.77,53.094255809833136,0
99.13,3.075738,33.77,65.62773803811922,0
-39.01,3.075738,33.77,64.1482657598785,0
59.19,3.068063,33.77,59.74110812497538,0
-198.14,3.062946,33.77,62.64982043070834,0
-48.1,3.060387,33.77,81.10487038396646,0
9.39,3.074459,33.77,64.51356446515724,0
10.72,3.100044,33.77,64.13267497929586,0
-0.47,3.135863,33.77,65.87108622149782,0
-5.27,3.164007,33.77,65.3299318842443,0
9.86,3.174241,33.77,66.01514977639603,0
-6.89,3.189592,33.77,63.150613615387776,0
-0.76,3.189592,33.77,65.63535632568775,0
-3.05,3.189592,33.75,71.16178749862878,0
6.28,3.178079,33.75,68.70953354520753,0
-5.6,3.180637,33.75,44.87761134463375,0
0.09,3.15889,33.75,48.47679857416329,0
-18.48,3.166565,33.77,84.14273587185052,0
-25.31,3.15889,33.77,77.82030583337487,0
-32.47,3.126909,33.77,65.18435395092905,0
56.48,3.112837,33.77,51.57518783291051,0
30.04,3.096206,33.75,65.86349520030045,0
9.76,3.111557,33.75,51.720402163943,0
33.08,3.075738,33.75,45.628938186199335,0
-16.99,3.106441,33.75,103.6532681587995,0
2.85,3.116674,33.75,67.98529252713413,0
-4.62,3.111557,33.75,66.55824516917495,0
4.8,3.105161,33.75,58.215118311311535,0
-6.29,3.125629,33.75,66.70082458260917,0
22.4,3.195988,33.73,62.75348595894893,0
23.77,3.156331,33.73,109.03669107231748,0
45.81,3.119233,33.73,52.46903848937962,0
77.86,3.083414,33.73,40.422765862815474,0
47.76,3.077018,33.73,68.26419266350405,0
-316.95,3.066784,33.73,63.15853069855251,0
21.45,3.061667,33.73,64.82283548256741,0
23.3,3.053991,33.73,65.00769185258002,0
26.64,3.05655,33.73,54.08326913195984,0
38.74,3.060387,33.73,72.94518489934754,0
31.36,3.071901,33.73,62.8728876384726,0
-13.38,3.020731,33.73,68.81860213634101,0
-104.37,3.006659,33.71,62.465990746965666,0
0.06,3.006659,33.71,65.67343450741707,0
65.05,2.996425,33.71,66.91786009728644,0
11.78,3.001542,33.71,74.60562981437795,0
23.24,3.006659,33.68,53.60970061472084,0
11.99,3.042478,33.68,64.22616289332565,0
32.64,3.051433,33.68,72.27724399837061,0
83.05,3.043757,33.68,68.14690014960328,0
-34.58,3.065505,33.71,56.00892785976178,0
-89.15,3.079576,33.71,43.09292285283048,0
-1.62,3.068063,33.71,37.429934544425805,0
35.46,3.129467,33.71,91.21951545584969,0
-10.25,3.07318,33.71,69.18092222571191,0
48.71,3.064225,33.71,74.00675644831355,0
5.73,3.062946,33.71,68.7749954561976,0
63.09,3.061667,33.71,67.01492371106603,0
-31.03,3.061667,33.68,66.88049042882386,0
-39.56,3.068063,33.68,70.75309180523492,0
-9.56,3.05527,33.68,63.39558344238185,0
-16.07,3.080856,33.68,74.06753674856482,0
-10.12,3.088531,33.71,64.8459713474939,0
6.87,3.084693,33.71,73.65459931328118,0
-38.23,3.085973,33.71,68.71681017043792,0
-23.05,3.066784,33.71,67.86751800382861,0
11.12,3.052712,33.66,66.12866246946176,0
14.38,3.05527,33.66,74.79304780526061,0
5.91,3.068063,33.66,64.8074069840786,0
31.0,3.062946,33.66,65.83312236253116,0
3.52,3.068063,33.68,71.62401831787993,0
-17.16,3.05527,33.68,64.8074069840786,0
-14.32,3.062946,33.68,69.9714227381436,0
6.36,3.043757,33.68,68.57113095173507,0
1.52,3.029685,33.68,64.07807737440318,0
-28.29,3.030965,33.68,69.34695379034324,0
11.3,3.029685,33.68,63.4428877022476,0
17.27,3.068063,33.68,65.88626564011653,0
9.69,3.12435,33.68,59.42221806698232,0
3.28,3.120512,33.68,81.82909018191513,0
-31.07,3.125629,33.68,54.86346689738081,0
-4.91,3.082135,33.68,76.58981655546643,0
33.54,3.096206,33.71,78.44106067615353,0
47.17,3.096206,33.71,49.08156476723211,0
14.08,3.106441,33.71,75.32595834106593,0
-33.35,3.134584,33.71,39.370039370059054,0
8.62,3.129467,33.68,68.11754546370561,0
5.78,3.12435,33.68,83.22259308625273,0
-41.1,3.139701,33.68,57.4978260458602,0
-20.91,3.148656,33.68,51.778373863998475,0
-8.57,3.147377,33.71,42.02380277890139,0
75.43,3.126909,33.71,67.65352910233139,0
-24.28,3.116674,33.71,83.85702117294652,0
-53.86,3.097486,33.71,54.8270006474912,0
-30.99,3.068063,33.71,65.24568951279464,0
74.89,3.096206,33.71,68.83313155741209,0
41.76,3.108999,33.71,67.88961628997471,0
-45.36,3.084693,33.71,66.94774081326419,0
-2.04,3.079576,33.68,63.118935352238,0
-9.68,3.080856,33.68,60.207972893961475,0
4.05,3.093648,33.68,72.58787777583802,0
-5.05,3.121792,33.68,50.38849074937649,0
10.07,3.143539,33.68,65.26101439603893,0
-2.52,3.156331,33.68,60.40695324215582,0
-5.22,3.134584,33.68,55.66866263886712,0
-5.85,3.146097,33.68,139.0,0
2.24,3.162728,33.68,71.23903424387504,0
-5.77,3.152493,33.68,96.85556256612213,0
25.02,3.160169,33.68,40.607881008493905,0
-47.94,3.147377,33.68,68.4470598345904,0
3.83,3.139701,33.68,54.7905101272109,0
-33.93,3.134584,33.68,64.45928947793328,0
12.93,3.12435,33.68,72.0832851637604,0
-15.56,3.119233,33.68,70.25667228100119,0
39.14,3.10772,33.68,67.70524351924303,0
-2.18,3.102603,33.68,63.7102817447859,0
-12.34,3.096206,33.68,62.07253821135398,0
-6.07,3.117954,33.68,85.33463540673272,0
1.81,3.263788,33.65,59.89156868875618,0
-11.67,3.36357,33.65,73.23250644351864,0
-14.04,3.307283,33.65,69.0941386804988,0
-25.99,3.267626,33.65,64.10148204214939,0
101.19,3.272743,33.66,64.68384651518491,0
-6.65,3.265068,33.66,67.08949247087803,0
-19.58,3.253554,33.66,64.69157595854347,0
-46.96,3.245879,33.66,31.89043743820395,0
-24.29,3.272743,33.66,77.18808198161165,0
-13.39,3.309841,33.66,56.64803615307419,0
-18.57,3.252275,33.66,95.44631999192006,0
4.56,3.268905,33.66,85.3580693314932,0
-95.77,3.252275,33.66,71.12664760833313,0
-41.55,3.227969,33.66,76.27581530209953,0
34.18,3.224132,33.66,59.38013135721409,0
20.44,3.213898,33.66,63.26136261573884,0
6.68,3.211339,33.66,54.46099521676041,0
11.03,3.207501,33.66,43.46262762420146,0
9.88,3.224132,33.66,48.02082881417188,0
-0.01,3.272743,33.66,84.22588675698226,0
-30.84,3.245879,33.68,52.25897052181568,0
-83.04,3.178079,33.68,60.76183012385325,0
-26.5,3.174241,33.68,44.51965857910413,0
118.99,3.17552,33.68,64.16385275215322,0
112.74,3.143539,33.66,68.52736679604726,0
-28.39,3.139701,33.66,60.95079983068311,0
-92.93,3.139701,33.66,63.324560795950255,0
-44.61,3.146097,33.66,39.93745109543172,0
35.48,3.156331,33.66,52.97169055259611,0
38.22,3.152493,33.66,130.0692123448128,0
-2.68,3.115395,33.66,58.12916651733448,0
-43.17,3.110278,33.66,67.47592163134935,0
2.96,3.094927,33.66,39.67366884975475,0
-6.82,3.087252,33.66,65.31462317123173,0
-0.95,3.087252,33.66,48.28043081829324,0
15.35,3.074459,33.66,59.715994507334464,0
1.77,3.062946,33.65,68.24221567329127,0
-14.97,3.057829,33.65,62.89674077406555,0
24.25,3.046316,33.65,64.33506042586733,0
-8.14,3.033523,33.65,61.53048025166064,0
9.34,2.975957,33.65,75.13321502504735,0
-1.76,3.002821,33.65,58.63446085707619,0
14.46,3.14226,33.65,40.06245124802026,0
37.34,3.153773,33.65,38.535697735995385,0
24.02,3.132025,33.65,78.19207120929845,0
41.28,3.110278,33.65,87.78382538941898,0
-30.96,3.036082,33.65,59.1100668245266,0
-29.26,3.023289,33.65,67.00746227100382,0
-73.82,3.015614,33.65,84.9352694703443,0
91.47,3.030965,33.65,31.796226191169293,0
-6.76,3.064225,33.65,52.191953402799555,0
-20.01,3.078297,33.65,58.0430874437258,0
-1.33,3.074459,33.63,49.16299421312742,0
36.18,3.071901,33.63,37.416573867739416,0
-46.23,3.066784,33.63,33.12099032335839,0
14.93,3.068063,33.63,108.93117092916977,0
14.78,3.018172,33.65,60.58052492344384,0
29.89,2.98875,33.65,65.14598989960932,0
11.42,2.959327,33.65,67.03730304837748,0
-14.15,2.956768,33.65,59.715994507334464,0
14.53,2.940138,33.65,54.45181356024793,0
-12.87,2.903039,33.65,59.50630218724736,0
-11.33,2.914553,33.65,65.22269543648132,0
2.57,2.922228,33.65,60.96720429870473,0
-10.59,2.983632,33.61,64.70703207534712,0
15.88,3.084693,33.61,58.80476171195663,0
3.61,3.093648,33.61,74.57211275000863,0
24.55,3.092369,33.61,77.12976079309465,0
38.28,3.05527,33.61,63.608175575157006,0
23.19,3.028406,33.61,66.58077800686922,0
-71.31,3.002821,33.61,64.29618962271404,0
-20.89,3.016893,33.61,70.2922470831599,0
-18.85,3.059108,33.63,99.57409301620578,0
5.38,3.027127,33.63,57.87054518492115,0
6.87,3.023289,33.63,62.95236294214857,0
11.8,3.014334,33.63,64.51356446515724,0
21.64,3.023289,33.59,64.63745044476924,0
-10.57,3.034802,33.59,52.076866265166146,0
-15.62,3.053991,33.59,49.28488612140643,0
1.19,3.041199,33.59,68.9492567037528,0
9.29,2.986191,33.61,57.34980383575867,0
26.36,2.913274,33.61,60.440052945046304,0
-7.65,2.880013,33.61,65.87867636800242,0
-11.15,2.871058,33.61,76.22335600063802,0
-31.27,2.932462,33.61,79.68688725254614,0
8.33,2.969561,33.61,53.79591062525106,0
15.19,2.894085,33.61,67.62396025078685,0
19.22,2.869779,33.61,63.608175575157006,0
-0.34,2.878734,33.61,65.19202405202648,0
-30.69,2.891526,33.61,64.40496875241847,0
-0.44,2.906877,33.61,62.80923498976882,0
19.65,2.905598,33.61,63.96092557178953,0
4.25,3.009218,33.59,61.66036003787198,0
4.35,3.013055,33.59,58.90670590009256,0
4.01,3.023289,33.59,127.32242536175629,0
21.94,2.986191,33.59,59.9666574022598,0
0.23,2.963164,33.59,68.6804193347711,0
-3.49,2.956768,33.59,69.67065379340143,0
11.19,2.955489,33.59,65.7723346096214,0
-39.35,2.958047,33.59,61.35144660071187,0
-19.58,2.965723,33.61,76.72027111526653,0
-9.61,2.991308,33.61,62.625873247404705,0
7.57,3.006659,33.61,65.5133574166368,0
7.34,3.036082,33.61,72.03471385380801,0
-8.93,3.071901,33.57,46.49731175025068,0
1.13,3.147377,33.57,74.92663077971676,0
4.07,3.151214,33.57,77.89094941005662,0
35.82,3.129467,33.57,81.93289937503738,0
82.08,3.108999,33.57,42.720018726587654,0
-48.05,3.083414,33.57,107.36852425175638,0
-71.22,3.098765,33.57,83.58229477586745,0
30.3,3.093648,33.57,80.82697569499925,0
15.03,3.051433,33.61,61.84658438426491,0
-61.17,3.048874,33.61,63.56886030125127,0
-25.6,3.066784,33.61,69.92138442565336,0
-14.33,3.060387,33.61,64.79197481170026,0
26.17,3.047595,33.59,65.25335240430181,0
-22.56,3.041199,33.59,62.0403094769844,0
-32.74,3.03864,33.59,94.2443632266673,0
50.2,3.048874,33.59,81.20960534321048,0
41.26,3.064225,33.57,66.41535966928132,0
5.84,3.075738,33.57,67.29784543356496,0
2.05,3.082135,33.57,43.139309220245984,0
11.48,3.087252,33.57,58.540584213005594,0
-27.7,3.096206,33.53,40.26164427839479,0
25.16,3.096206,33.53,51.19570294468082,0
3.56,3.08981,33.53,124.52309022827855,0
-22.0,3.015614,33.53,58.52349955359813,0
-16.02,2.933742,33.55,57.844619455918284,0
3.49,2.837798,33.55,74.03377607551839,0
8.15,2.918391,33.55,61.196405123176966,0
-20.43,2.909436,33.55,65.93178292750773,0
-7.39,2.836519,33.53,64.47480127925948,0
5.59,2.888968,33.53,64.22616289332565,0
11.82,2.883851,33.53,67.512961718473,0
-13.36,2.872338,33.53,64.5445582524197,0
42.31,2.8685,33.55,64.69930447848725,0
12.34,2.878734,33.55,59.89991652748775,0
-3.47,2.883851,33.55,70.16409338115899,0
-7.49,2.896643,33.55,72.79423054061358,0
4.38,2.897923,33.57,73.8850458482635,0
5.34,3.085973,33.57,86.31917515824627,0
6.87,3.093648,33.57,71.9027120489902,0
21.52,3.087252,33.57,65.37583651472461,0
61.09,3.066784,33.57,68.00735254367721,0
11.2,3.064225,33.57,60.73713855624086,0
-87.21,3.046316,33.57,97.6012295004525,0
34.96,3.070621,33.57,67.11929677819934,0
1.61,3.061667,33.55,59.447455790807396,0
-10.01,3.070621,33.55,105.69768209379049,0
-39.35,3.082135,33.55,81.43709228600933,0
32.5,3.074459,33.55,79.17701686727027,0
31.47,3.05527,33.55,40.11234224026316,0
-39.25,3.045037,33.55,86.45808232895291,0
-56.22,2.972119,33.55,65.03076195155643,0
-32.05,3.016893,33.55,59.23681287847955,0
52.85,3.027127,33.55,56.36488268416781,0
-13.94,3.016893,33.55,103.6822067666386,0
22.37,2.986191,33.55,64.73020933072904,0
-32.31,2.983632,33.55,67.12674578735364,0
-15.36,2.981074,33.55,60.21627686929839,0
13.35,2.983632,33.55,66.01514977639603,0
8.3,2.996425,33.55,74.2563128629479,0
-7.6,3.039919,33.55,98.36157786453,0
15.78,3.087252,33.55,70.07139216541941,0
-7.95,3.088531,33.55,73.00684899377592,0
-0.32,3.083414,33.55,41.20679555607303,0
-3.14,3.079576,33.55,27.2213151776324,0
25.37,3.075738,33.55,109.754270987511,0
29.71,3.050153,33.55,62.14499175315739,0
-14.83,3.037361,33.55,72.67048919609665,0
22.97,3.014334,33.55,66.79071791798619,0
29.64,3.023289,33.55,72.3118247591637,0
29.2,3.093648,33.55,64.06246951218786,0
-30.94,3.08981,33.55,58.83026432033091,0
13.32,3.084693,33.55,53.637673327615545,0
20.56,3.061667,33.57,65.55913361233506,0
16.59,3.069342,33.57,62.74551776820397,0
-0.74,3.064225,33.57,61.91930232165088,0
-41.7,3.05527,33.57,63.20601237224193,0
0.91,3.057829,33.55,61.74949392505172,0
-0.51,3.097486,33.55,60.88513775955508,0
8.63,3.10772,33.55,61.78996682310163,0
8.27,3.08981,33.55,66.89544080129826,0
17.58,3.085973,33.55,66.58828725834597,0
16.29,3.078297,33.55,68.18357573492314,0
-47.11,3.077018,33.55,58.01723881744115,0
-3.51,3.077018,33.55,60.489668539346454,0
21.86,3.083414,33.53,65.06919393998976,0
23.13,3.101324,33.53,52.20153254455275,0
26.0,3.110278,33.53,60.73713855624086,0
-29.8,3.161448,33.53,68.00735254367721,0
-46.05,3.152493,33.5,123.9112585683803,0
-10.97,3.176799,33.5,65.85590330410783,0
7.42,3.146097,33.5,65.25335240430181,0
-39.69,3.130746,33.5,62.63385665915839,0
-16.92,3.096206,33.53,74.00675644831355,0
29.65,3.103882,33.53,56.88585061331157,0
30.19,3.114116,33.53,58.881236400062114,0
28.9,3.111557,33.53,66.73080248281148,0
48.17,3.137143,33.53,67.7421582177598,0
-14.25,3.135863,33.53,61.72519744804386,0
-41.42,3.143539,33.53,69.58448102845921,0
-17.33,3.135863,33.53,62.8887907341205,0
2.65,3.119233,33.5,63.0158710167526,0
-3.44,3.115395,33.5,62.465990746965666,0
-3.57,3.101324,33.5,67.17886572427373,0
-7.81,3.088531,33.5,72.18725649309579,0
-6.85,3.096206,33.5,87.13782186857783,0
-4.38,3.060387,33.5,64.01562309311689,0
-1.79,3.032244,33.5,71.56814934033156,0
18.52,3.033523,33.5,57.697486947006624,0
2.01,3.05655,33.53,58.47221562417487,0
-62.8,3.066784,33.53,59.53990258641679,0
37.87,3.051433,33.53,69.98571282769076,0
24.47,3.062946,33.53,68.90573270780887,0
-25.11,3.075738,33.5,65.83312236253116,0
-2.39,3.102603,33.5,62.0403094769844,0
3.44,3.123071,33.5,62.01612693485461,0
-3.04,3.143539,33.5,67.19374970932937,0
5.3,3.152493,33.5,72.20803279414278,0
-2.69,3.151214,33.5,67.20863039818622,0
-4.04,3.139701,33.5,62.8887907341205,0
3.11,3.125629,33.5,66.04543890383347,0
14.95,3.125629,33.5,36.565010597564445,0
-3.56,3.123071,33.5,78.14729681825213,0
-4.3,3.111557,33.5,47.22287581247038,0
-3.41,3.082135,33.5,60.94259594077036,0
-5.04,3.062946,33.5,73.57988855658861,0
-5.04,3.0041,33.5,52.16320542297991,0
-18.78,2.796862,33.5,69.6491205974634,0
-34.78,2.840356,33.5,67.06713054842886,0
15.23,2.871058,33.5,63.20601237224193,0
13.58,2.899202,33.5,67.80117993073571,0
46.0,2.908157,33.5,67.95586803212802,0
-2.44,2.9363,33.5,81.8413098624405,0
-7.7,3.133305,33.49,75.8023746329889,0
8.22,3.120512,33.49,72.46378405796926,0
22.95,3.098765,33.49,81.6026960338934,0
66.11,3.103882,33.49,43.9203825119955,0
-52.88,3.093648,33.49,65.22269543648132,0
-59.01,3.092369,33.49,63.03967004989794,0
-29.17,3.08981,33.49,54.38749856354859,0
9.36,3.082135,33.49,54.20332093147061,0
58.94,3.087252,33.49,66.47555941848101,0
-37.3,3.065505,33.49,53.1224999411737,0
-18.91,3.065505,33.49,57.706152185014034,0
-47.57,3.068063,33.49,72.20803279414278,0
16.62,3.105161,33.47,75.47184905645283,0
10.46,3.068063,33.47,66.46803743153546,0
4.4,3.03864,33.47,62.44197306299666,0
-50.53,3.02201,33.47,57.18391382198319,0
53.05,2.961885,33.49,66.37770710110436,0
46.08,2.922228,33.49,63.631753079732135,0
-58.82,2.828843,33.49,63.35613624582863,0
-51.39,2.810933,33.49,62.96824596572466,0
28.2,2.794303,33.49,65.33758489567853,0
19.04,2.778952,33.49,64.27285585688566,0
-0.35,2.789186,33.49,81.6639455328972,0
0.75,2.995146,33.49,50.96076922496363,0
16.44,3.169124,33.49,63.3798075099633,0
25.05,3.151214,33.49,53.16954015223378,0
74.41,3.156331,33.49,56.07138307550475,0
130.68,3.14226,33.49,78.56844150166147,0
-122.98,3.146097,33.49,114.30223094935637,0
-75.3,3.119233,33.49,78.3007024234138,0
-7.12,3.126909,33.49,27.386127875258307,0
45.36,3.108999,33.49,76.90253571892151,0
43.75,3.041199,33.49,66.3023378170031,0
2.99,2.998983,33.49,62.048368229954285,0
-32.62,2.992587,33.49,70.75309180523492,0
-114.64,2.967002,33.49,72.18032973047436,0
45.58,2.947813,33.49,54.97272050753901,0
23.35,3.078297,33.49,69.99285677838846,0
14.14,3.093648,33.49,90.24965373894794,0
4.38,3.101324,33.49,80.18104514160439,0
34.04,3.102603,33.49,49.29503017546495,0
-37.54,3.106441,33.49,77.93587107359485,0
-42.77,3.102603,33.49,65.49809157525127,0
6.42,3.103882,33.49,66.4981202741852,0
12.06,3.100044,33.47,53.38539126015655,0
11.92,3.093648,33.47,74.62573282722254,0
16.77,3.097486,33.47,71.449282711585,0
-3.72,3.075738,33.47,69.03622237637282,0
-37.66,3.070621,33.47,45.39823785126467,0
51.55,3.062946,33.47,62.52199612936234,0
49.99,3.077018,33.47,71.26008700527947,0
5.18,3.074459,33.47,91.28526715741155,0
-19.07,3.050153,33.45,59.74947698515862,0
-68.35,3.013055,33.45,65.72670690061993,0
-25.47,2.950372,33.45,69.42621983083913,0
-28.17,2.932462,33.45,61.00819617067857,0
-16.64,2.873617,33.47,72.9520390393579,0
-2.01,2.856987,33.47,53.38539126015655,0
15.46,3.041199,33.47,75.1398695766768,0
37.9,3.046316,33.47,39.56008088970496,0
24.71,3.061667,33.47,69.72804313904126,0
39.63,3.106441,33.47,68.99275324264136,0
-47.63,3.160169,33.47,66.2268827591938,0
27.7,3.202384,33.47,61.48170459575759,0
36.27,3.21006,33.47,62.8410693734599,0
68.27,3.202384,33.47,58.31809324729333,0
25.37,3.157611,33.47,98.4377976185977,0
-6.8,3.172962,33.47,65.03076195155643,0
-45.3,3.157611,33.45,70.34912934784623,0
-46.58,3.126909,33.45,37.16180835212409,0
-36.41,3.115395,33.45,62.95236294214857,0
-32.28,3.138422,33.45,74.87322618933953,0
26.53,3.116674,33.47,61.204574992397426,0
6.83,3.165286,33.47,110.00909053346456,0
-57.72,3.14098,33.47,69.07966415668217,0
24.48,3.130746,33.47,69.03622237637282,0
17.26,3.147377,33.47,60.481402100149765,0
17.14,3.161448,33.47,51.95190083144215,0
-51.26,3.166565,33.47,95.71311299921238,0
23.59,3.206222,33.47,85.21150157109074,0
-5.74,3.157611,33.47,50.635955604688654,0
-17.92,3.149935,33.47,86.4060183089118,0
-6.47,3.126909,33.47,25.80697580112788,0
17.61,3.126909,33.47,68.7386354243376,0
-3.72,3.132025,33.45,63.0,0
8.7,3.123071,33.45,93.8296328459192,0
3.41,3.114116,33.45,86.16843969807043,0
-13.42,3.093648,33.45,77.93587107359485,0
16.24,3.106441,33.45,59.841457201508724,0
-13.82,3.096206,33.45,98.45811292118086,0
30.6,3.125629,33.45,57.697486947006624,0
5.7,3.105161,33.45,78.82892870006543,0
-40.89,2.963164,33.47,58.974570791146924,0
-64.77,2.903039,33.47,62.96824596572466,0
109.0,2.899202,33.47,67.14908785679818,0
-65.3,2.899202,33.47,80.64738061462381,0
-49.42,3.077018,33.45,54.78138369920935,0
31.45,3.10772,33.45,50.08991914547278,0
43.46,3.115395,33.45,61.26989472816156,0
67.0,3.134584,33.45,61.66846844214635,0
-16.1,3.146097,33.45,55.5517776493246,0
-50.47,3.147377,33.45,78.16648898345122,0
35.44,3.152493,33.45,54.59853477887479,0
0.4,3.148656,33.45,67.08203932499369,0
-20.59,3.147377,33.43,65.81033353509159,0
-1.71,3.14226,33.43,133.91788528796295,0
-24.21,3.216456,33.43,79.31582439841371,0
21.45,3.146097,33.43,61.652250567193406,0
66.04,3.14098,33.47,78.93034904268447,0
110.11,3.152493,33.47,61.814237842102365,0
70.97,3.14226,33.47,68.4178339323893,0
-179.77,3.133305,33.47,68.70953354520753,0
-67.99,3.128188,33.47,64.97691897897283,0
-20.06,3.133305,33.47,78.95568377260753,0
4.29,3.112837,33.47,32.01562118716424,0
53.14,3.126909,33.47,69.29646455628166,0
20.35,3.10772,33.45,101.31633629380802,0
-2.37,3.12435,33.45,51.85556864985669,0
-12.58,3.101324,33.45,108.6922260329597,0
-15.1,3.112837,33.45,65.26101439603893,0
-7.04,3.102603,33.43,78.40918313565064,0
15.25,3.102603,33.43,64.70703207534712,0
-12.46,3.093648,33.43,90.09994450608724,0
18.42,3.088531,33.43,97.70363350459388,0
9.79,3.080856,33.43,68.65129277733959,0
19.25,2.98747,33.43,64.51356446515724,0
58.38,2.947813,33.43,71.8679344353238,0
41.22,3.100044,33.43,86.4291617453276,0
-92.87,3.102603,33.45,62.80127387243033,0
-17.84,3.105161,33.45,39.66106403010388,0
-45.58,3.079576,33.45,67.35725647619564,0
-24.28,3.05527,33.45,68.30812543175226,0
102.07,3.05655,33.47,62.8410693734599,0
83.19,3.064225,33.47,63.592452382338585,0
-68.76,3.050153,33.47,65.28399497579785,0
-29.31,3.025848,33.47,66.79071791798619,0
-8.72,3.00538,33.41,83.8868285251028,0
1.24,3.00538,33.41,73.28028384224504,0
2.95,3.007938,33.41,68.21290200541243,0
-2.33,3.020731,33.41,57.706152185014034,0
8.66,3.013055,33.45,66.1362230551458,0
5.8,2.947813,33.45,65.86349520030045,0
-5.25,2.956768,33.45,61.91930232165088,0
8.49,2.950372,33.45,64.43601477434805,0
-11.12,2.950372,33.43,68.59300255857006,0
3.79,2.950372,33.43,51.61395160225576,0
0.98,3.137143,33.43,60.909769331364245,0
9.1,3.165286,33.43,67.1341939699882,0
16.15,3.14098,33.43,65.7419196555744,0
44.93,3.138422,33.43,101.73003489628813,0
-58.14,3.116674,33.43,34.336569426778794,0
-35.66,3.111557,33.43,62.00806399170998,0
-7.11,3.119233,33.43,70.07139216541941,0
0.48,3.048874,33.43,62.56996084384263,0
40.89,2.98875,33.43,67.20863039818622,0
49.17,2.918391,33.43,45.221676218380054,0
-64.07,2.8685,33.45,73.57988855658861,0
-67.62,2.960606,33.45,41.701318923986086,0
27.29,2.900481,33.45,67.21606950722423,0
-25.04,2.950372,33.45,76.68767828015137,0
5.15,2.920949,33.43,66.19667665374146,0
61.76,2.922228,33.43,66.2268827591938,0
-50.48,2.931183,33.43,82.13403679352427,0
-1.82,3.05655,33.43,37.17526059088221,0
8.58,3.115395,33.45,54.49770637375485,0
35.45,3.116674,33.45,63.76519426771944,0
57.57,3.114116,33.45,57.982756057296896,0
-3.7,3.098765,33.45,106.98130677833394,0
-71.59,3.111557,33.43,68.60029154456998,0
-40.79,3.093648,33.43,63.4428877022476,0
-5.27,3.082135,33.43,84.90583018850944,0
0.18,3.077018,33.43,60.149812967290266,0
13.01,3.057829,33.41,38.3275357934736,0
42.93,3.065505,33.41,129.46428078817723,0
44.73,3.103882,33.41,42.74342054632502,0
92.85,3.05527,33.41,67.5721836261046,0
-76.16,3.027127,33.41,62.51399843235114,0
-93.44,3.010497,33.41,61.91930232165088,0
31.19,3.001542,33.41,65.34523701081817,0
-42.15,2.997704,33.41,83.10234653726692,0
9.61,3.070621,33.43,58.80476171195663,0
-2.96,3.093648,33.43,75.37240874484509,0
17.75,3.100044,33.43,34.26368339802363,0
30.5,3.096206,33.43,74.63243262818116,0
2.23,3.103882,33.41,64.31174076325411,0
-53.35,3.096206,33.41,76.54410493303844,0
-13.27,3.100044,33.41,56.621550667568265,0
38.81,3.093648,33.41,34.42382895611701,0
7.51,3.093648,33.41,59.74947698515862,0
10.59,3.088531,33.41,61.91122676865643,0
-50.75,3.091089,33.41,63.8200595424354,0
16.86,3.085973,33.41,63.94528911499267,0
8.16,3.085973,33.41,93.39700209321497,0
22.16,3.094927,33.41,94.4986772394196,0
7.03,3.133305,33.41,62.5859409132754,0
11.05,3.110278,33.41,63.75735251718032,0
27.7,3.098765,33.41,65.42935121182236,0
-30.93,3.111557,33.41,76.36753236814714,0
-26.02,3.116674,33.41,46.33573135281238,0
12.38,3.137143,33.41,31.63858403911275,0
13.33,3.137143,33.39,63.984373092185564,0
19.38,3.156331,33.39,69.85699678629192,0
7.61,3.157611,33.39,84.59905436823747,0
-1.11,3.171682,33.39,68.1615727518079,0
42.67,3.164007,33.43,70.43436661176133,0
-19.11,3.15889,33.43,65.81033353509159,0
15.24,3.147377,33.43,52.49761899362675,0
-55.35,3.130746,33.43,84.05950273467003,0
-24.76,3.074459,33.41,60.07495318350236,0
-2.23,2.842915,33.41,70.32069396699666,0
4.11,3.070621,33.41,106.23088063270491,0
-29.35,3.156331,33.41,26.267851073127396,0
50.35,3.135863,33.41,64.73020933072904,0
26.22,3.132025,33.41,77.25930364687478,0
-12.01,3.134584,33.41,88.50988645343524,0
-44.97,3.147377,33.41,52.78257288158659,0
33.7,3.238204,33.41,39.761790704142086,0
45.61,3.198547,33.41,52.592775169218825,0
18.65,3.213898,33.41,64.1482657598785,0
-4.41,3.189592,33.41,48.30113870293329,0
-14.93,3.187033,33.39,59.80802621722272,0
13.89,3.189592,33.39,64.96922348312314,0
-21.65,3.174241,33.39,65.49809157525127,0
-24.64,3.155052,33.39,67.72001181334805,0
2.97,3.013055,33.37,65.98484674529449,0
22.64,2.993866,33.37,64.81512169239521,0
32.71,2.897923,33.37,71.28814768248647,0
-47.34,3.14226,33.37,40.06245124802026,0
-14.41,3.161448,33.39,56.213877290220786,0
-16.45,3.14226,33.39,68.19090848492928,0
27.11,3.125629,33.39,64.03905058634146,0
-11.5,3.14098,33.39,76.94803441284255,0
-8.83,3.014334,33.41,62.313722405261586,0
36.24,2.855707,33.41,77.33692520394123,0
9.51,3.064225,33.41,44.294469180700204,0
4.59,3.155052,33.41,78.587530817554,0
-31.73,3.152493,33.39,77.72387020729218,0
19.55,3.148656,33.39,48.54894437575342,0
12.73,3.135863,33.39,62.88083968904996,0
-34.29,3.128188,33.39,62.40192304729078,0
-10.41,3.121792,33.37,53.094255809833136,0
22.84,3.126909,33.37,61.5223536610881,0
2.83,3.116674,33.37,103.03882763308208,0
17.86,3.116674,33.37,69.07966415668217,0
1.82,3.129467,33.37,64.70703207534712,0
17.68,3.126909,33.37,75.0066663703967,0
36.27,3.130746,33.37,93.81364506296512,0
-22.56,3.15889,33.37,82.43178998420451,0
-5.72,3.14098,33.39,89.23003978481687,0
0.77,3.080856,33.39,64.73020933072904,0
1.95,2.972119,33.39,75.17978451685,0
-43.46,2.859545,33.39,64.26507605223851,0
-61.01,3.144818,33.37,50.882216932834204,0
20.75,3.119233,33.37,101.32127121192272,0
72.91,3.110278,33.37,50.368641037852115,0
40.46,3.102603,33.37,44.22668877499196,0
-75.95,3.102603,33.37,64.68384651518491,0
-2.91,3.108999,33.37,112.6454615153225,0
1.92,3.119233,33.37,46.45427859734774,0
-4.19,3.129467,33.37,64.10148204214939,0
9.93,3.148656,33.37,70.83784299369935,0
13.31,3.161448,33.37,66.12866246946176,0
23.49,3.152493,33.37,57.73214009544424,0
-20.62,3.152493,33.37,62.71363488110062,0
6.15,3.119233,33.37,63.90618123468183,0
24.1,3.108999,33.37,59.135437767890075,0
14.85,3.146097,33.37,67.86015030929418,0
-39.91,3.129467,33.37,62.8728876384726,0
13.08,3.152493,33.39,65.97726881282674,0
10.03,3.143539,33.39,42.07136793592526,0
27.23,3.128188,33.39,77.5112895003044,0
17.85,3.110278,33.39,65.16133823057964,0
-17.01,3.119233,33.37,83.15046602394962,0
-35.73,3.119233,33.37,53.823786563191554,0
53.89,3.132025,33.37,104.66135867644753,0
-12.26,3.139701,33.37,62.369864518050704,0
-8.22,3.121792,33.37,70.3846574190711,0
-46.57,3.116674,33.37,85.56284240252891,0
-8.45,3.115395,33.37,68.4470598345904,0
-20.97,3.105161,33.37,71.89575787207477,0
17.97,3.088531,33.34,31.0,0
10.01,3.10772,33.34,68.39590631024637,0
9.85,3.106441,33.34,104.9809506529637,0
19.82,3.098765,33.34,81.59044061653302,0
3.55,3.052712,33.37,60.991802727907626,0
6.48,2.90176,33.37,64.09368143584827,0
13.23,2.886409,33.37,63.94528911499267,0
-87.8,2.880013,33.37,77.6273147803014,0
-6.87,3.078297,33.37,47.916594202843754,0
18.5,3.097486,33.37,62.52199612936234,0
32.8,3.08981,33.37,60.96720429870473,0
59.94,3.08981,33.37,55.00909015790027,0
-49.88,3.101324,33.37,83.33066662399864,0
-30.17,2.938859,33.37,62.27358990776106,0
19.98,2.890247,33.37,63.66317616958802,0
12.39,2.892806,33.37,66.55824516917495,0
-102.24,2.906877,33.37,52.04805471869242,0
44.39,3.165286,33.37,69.06518659932803,0
13.91,3.164007,33.37,61.554853586049575,0
12.64,3.149935,33.37,94.18067742376883,0
34.63,3.166565,33.37,59.10160742314882,0
-50.49,3.146097,33.37,56.69215113223346,0
-14.93,3.14098,33.37,78.55571271397135,0
-6.82,2.982353,33.37,55.0,0
25.31,2.943976,33.37,51.894122981316485,0
9.95,2.942696,33.37,57.810033731178535,0
-14.48,2.904319,33.37,60.959002616512684,0
-12.22,2.865941,33.37,73.83765976789893,0
-23.61,2.858266,33.34,67.38694235532579,0
-11.43,2.86722,33.34,66.7233092704491,0
38.03,2.864662,33.34,78.87331614684399,0
17.31,2.998983,33.34,41.2189276910499,0
13.26,3.135863,33.37,43.3589667773576,0
17.84,3.14098,33.37,84.91171886141512,0
19.46,3.17552,33.37,22.891046284519195,0
22.85,3.110278,33.37,63.52164985262898,0
-29.4,3.057829,33.37,64.47480127925948,0
-2.81,3.052712,33.37,52.55473337388365,0
-16.19,3.043757,33.37,78.07688518377255,0
-43.87,3.009218,33.37,115.99137898999219,0
30.66,2.993866,33.37,32.03123475609393,0
25.13,3.133305,33.37,63.702433234531945,0
0.26,3.024568,33.37,68.27884006044626,0
2.34,3.007938,33.37,64.27285585688566,0
-9.89,2.995146,33.34,57.56735185849702,0
-60.14,3.084693,33.34,57.48912940721924,0
29.34,3.116674,33.34,84.10112960002381,0
1.69,3.10772,33.34,49.56813492557492,0
-10.77,3.093648,33.34,67.03730304837748,0
-8.31,3.061667,33.34,65.24568951279464,0
2.42,3.057829,33.34,65.57438524302,0
27.66,2.986191,33.34,66.89544080129826,0
-44.11,2.967002,33.34,64.96922348312314,0
31.6,2.960606,33.34,63.85138996137829,0
0.95,2.969561,33.34,64.43601477434805,0
4.17,2.982353,33.34,64.41273166075166,0
2.58,2.984912,33.34,65.60487786742691,0
2.29,2.990029,33.34,67.62396025078685,0
3.37,2.992587,33.34,65.43699259593154,0
0.74,2.992587,33.34,61.85466837676846,0
-0.32,3.0041,33.34,64.20280367709809,0
0.93,3.009218,33.34,64.81512169239521,0
-0.19,3.027127,33.34,64.03124237432849,0
1.06,3.042478,33.34,64.03905058634146,0
-0.76,3.051433,33.34,64.66838485689897,0
4.32,3.05527,33.34,68.31544481301428,0
-4.23,3.053991,33.34,66.06814663663572,0
2.35,3.041199,33.34,65.60487786742691,0
-0.87,3.030965,33.34,64.03905058634146,0
3.34,3.016893,33.34,64.69157595854347,0
0.49,3.002821,33.34,66.07571414672717,0
0.12,2.991308,33.34,64.03905058634146,0
0.82,2.98747,33.34,64.66838485689897,0
-0.05,2.991308,33.34,63.89053137985315,0
1.62,3.006659,33.34,63.25345840347388,0
-0.32,3.027127,33.34,63.31666447310692,0
3.3,3.053991,33.33,65.49045732013177,0
-0.88,3.062946,33.33,65.46754921333164,0
-0.88,3.065505,33.33,65.0,0
0.08,3.061667,33.33,65.60487786742691,0
6.16,3.050153,33.34,65.81033353509159,0
-1.28,3.042478,33.34,63.60031446463138,0
-0.84,3.029685,33.34,65.0,0
0.45,3.023289,33.34,65.0,0
1.08,3.019451,33.34,65.22269543648132,0
1.19,3.02201,33.34,64.40496875241847,0
-0.87,3.016893,33.34,65.00769185258002,0
-1.15,3.014334,33.34,65.60487786742691,0
-0.71,3.011776,33.33,70.61161377563892,0
-1.44,3.006659,33.33,63.0158710167526,0
0.58,3.001542,33.33,64.66838485689897,0
-1.5,2.993866,33.33,64.38167441127949,0
0.22,2.992587,33.33,62.433965115151864,0
-1.92,2.990029,33.33,63.608175575157006,0
-0.21,2.98875,33.33,63.60031446463138,0
-0.9,2.977236,33.33,65.03076195155643,0
-2.08,2.983632,33.33,65.60487786742691,0
-5.45,2.978515,33.33,71.18988692223074,0
0.26,3.006659,33.33,48.05205510693585,0
1.04,3.14098,33.33,31.843366656181317,0
9.7,3.117954,33.31,167.54999253954026,0
36.94,3.048874,33.31,62.37788069500277,0
103.78,2.904319,33.31,70.26378868236469,0
-36.86,2.929904,33.31,62.41794613730894,0
-96.49,2.914553,33.33,67.446274915669,0
-11.46,2.876175,33.33,61.75759062657804,0
5.36,2.873617,33.33,65.30696746902278,0
-4.17,2.911994,33.33,57.810033731178535,0
-26.72,3.05527,33.37,68.3593446428504,0
15.49,3.161448,33.37,75.80897044545586,0
29.0,3.14098,33.37,60.473134530963414,0
34.88,3.204943,33.37,63.198101237299845,0
17.67,3.195988,33.34,53.04714883949938,0
-4.3,3.176799,33.34,90.29950165975447,0
46.85,3.079576,33.34,56.66568626602876,0
7.38,2.98747,33.34,63.96092557178953,0
-25.03,2.920949,33.33,69.2098258919931,0
-85.15,2.928625,33.33,72.20803279414278,0
-13.54,3.153773,33.33,59.715994507334464,0
-25.86,3.176799,33.33,60.96720429870473,0
21.11,3.164007,33.33,64.79197481170026,0
83.76,3.167845,33.33,69.54854419756032,0
-30.55,3.169124,33.33,65.3834841531101,0
-45.86,3.178079,33.33,37.815340802378074,0
5.54,3.181916,33.33,75.48509786706248,0
21.65,3.178079,33.33,78.39642849007855,0
23.04,3.188313,33.33,49.01020301937138,0
8.76,3.249717,33.33,54.91812087098393,0
35.89,3.231807,33.33,44.553338819890925,0
-38.07,3.254834,33.33,45.044422518220834,0
19.99,3.222852,33.33,59.824744044584094,0
6.97,3.213898,33.33,101.73003489628813,0
44.52,3.088531,33.31,74.94664769020693,0
-33.28,3.053991,33.31,63.733821476512766,0
-63.46,2.98747,33.31,65.82552696332935,0
-16.54,2.920949,33.31,66.53570470055908,0
8.05,2.913274,33.33,64.47480127925948,0
-0.57,2.924787,33.33,74.20916385460761,0
13.91,2.942696,33.33,47.05316142407437,0
-3.68,3.010497,33.33,60.74537019394976,0
7.69,2.979795,33.29,68.97825744392213,0
22.28,2.990029,33.29,61.98386886924694,0
9.06,2.990029,33.29,85.63877626402656,0
-41.47,3.206222,33.29,66.37017402418047,0
7.72,3.224132,33.31,74.57211275000863,0
10.52,3.221573,33.31,51.507281038703645,0
38.37,3.211339,33.31,45.221676218380054,0
18.97,3.203664,33.31,69.0,0
-59.09,3.198547,33.33,39.496835316262995,0
17.03,3.19343,33.33,74.14175611623992,0
19.91,3.194709,33.33,96.50388593212193,0
0.78,3.199826,33.33,46.93612681080534,0
-31.28,3.240762,33.33,75.37240874484509,0
11.44,3.225411,33.33,49.01020301937138,0
5.15,3.211339,33.33,65.52098900352466,0
-2.09,3.199826,33.33,69.38299503480663,0
-82.2,3.19215,33.31,50.48762224545735,0
18.72,3.179358,33.31,84.20807562223472,0
-0.29,3.17552,33.31,95.9218431849597,0
7.64,3.178079,33.31,29.017236257093817,0
-4.52,3.157611,33.31,44.87761134463375,0
-14.06,3.183196,33.31,63.75735251718032,0
32.4,3.176799,33.31,22.93468988235943,0
12.24,3.174241,33.31,93.66963221877195,0
2.87,3.174241,33.31,75.05331438384317,0
58.52,3.216456,33.31,64.95382975621992,0
56.36,3.239483,33.31,70.33491309442275,0
-78.3,3.231807,33.31,66.07571414672717,0
-33.66,3.221573,33.33,78.39005038906404,0
-29.56,3.208781,33.33,31.20897306865447,0
-9.95,3.202384,33.33,68.54925236645546,0
-12.72,2.984912,33.33,64.5832795698701,0
-0.29,2.887689,33.31,54.772255750516614,0
-25.13,2.923508,33.31,74.16872656315464,0
-30.76,3.183196,33.31,65.14598989960932,0
2.46,3.242041,33.31,52.81098370604357,0
17.83,3.239483,33.31,100.10993956645864,0
35.84,3.217735,33.31,70.18546858146635,0
20.62,3.187033,33.31,61.773780845922005,0
16.37,3.17552,33.31,61.78996682310163,0
-19.12,3.195988,33.31,58.31809324729333,0
-2.42,3.221573,33.31,64.65291950097846,0
-3.42,3.224132,33.31,67.54257916307313,0
6.85,3.224132,33.31,108.60478810807561,0
8.65,3.247158,33.31,58.42088667591412,0
-13.96,3.368687,33.31,6.928203230275509,0
-11.72,3.316238,33.31,84.970583144992,0
35.15,3.297049,33.31,63.733821476512766,0
211.94,3.257392,33.31,106.66302077102448,0
-182.3,3.245879,33.31,61.106464469808756,0
-221.07,3.224132,33.31,116.14645926587689,0
28.99,3.2446,33.31,79.75587752636166,0
-17.99,3.240762,33.29,51.12729212465687,0
28.06,3.207501,33.29,65.49045732013177,0
-8.04,3.195988,33.29,64.13267497929586,0
53.31,3.117954,33.29,62.52199612936234,0
-77.69,3.115395,33.29,66.84309986827361,0
-7.16,3.111557,33.29,68.62215385719105,0
-21.65,3.105161,33.29,67.2532527094415,0
-1.75,3.098765,33.29,68.21290200541243,0
9.7,3.085973,33.31,66.21933252457322,0
3.34,3.087252,33.31,65.62011886609167,0
7.98,3.082135,33.31,68.86218120274728,0
-1.69,3.101324,33.31,66.21933252457322,0
3.24,3.117954,33.27,63.796551630946325,0
9.26,3.087252,33.27,65.83312236253116,0
14.76,2.929904,33.27,66.40783086353596,0
2.72,2.816051,33.27,65.0384501660364,0
-1.51,2.844194,33.27,66.1362230551458,0
-1.0,2.845473,33.27,64.5445582524197,0
-2.61,2.831402,33.27,64.19501538281614,0
4.62,2.807096,33.27,103.56640381899915,0
-4.5,3.206222,33.27,34.95711658589707,0
14.67,3.238204,33.27,62.048368229954285,0
15.53,3.265068,33.27,76.22335600063802,0
72.76,3.217735,33.27,63.29296959378664,0
-13.39,3.051433,33.27,65.99242380758567,0
-26.6,3.020731,33.27,70.90133990271269,0
-59.57,2.986191,33.27,62.63385665915839,0
-34.79,2.785348,33.27,66.24952830020754,0
-5.06,2.700918,33.27,65.55913361233506,0
-14.39,2.863383,33.27,59.413803110051795,0
5.48,2.915832,33.27,64.63745044476924,0
10.14,2.922228,33.27,67.59437846448475,0
7.97,2.915832,33.29,65.68865959965997,0
-5.08,2.923508,33.29,88.9606654651369,0
-7.07,3.217735,33.29,80.77747210701756,0
8.97,3.240762,33.29,66.94774081326419,0
10.45,3.267626,33.29,96.91749068150702,0
23.09,3.130746,33.29,65.91661399070799,0
-41.41,3.057829,33.29,69.03622237637282,0
26.7,3.059108,33.29,64.03124237432849,0
-2.34,3.053991,33.27,67.48333127521195,0
-20.69,3.051433,33.27,64.21059102671458,0
-16.15,3.048874,33.27,63.419239982831705,0
-8.99,3.037361,33.27,67.00746227100382,0
-9.07,3.046316,33.29,61.43289021363068,0
2.12,3.066784,33.29,69.52697318307479,0
-1.26,3.065505,33.29,64.93843238021688,0
2.45,3.068063,33.29,65.45991139621256,0
6.46,3.068063,33.27,66.61831579978588,0
1.9,3.074459,33.27,64.07027391856539,0
-14.29,3.078297,33.27,66.85805860178712,0
8.64,3.075738,33.27,66.64082832618455,0
0.03,3.070621,33.27,64.07807737440318,0
1.56,3.061667,33.27,68.35202996254024,0
-0.01,3.051433,33.27,58.39520528262573,0
0.33,2.926066,33.27,71.23903424387504,0
-2.02,2.606253,33.25,66.60330322138685,0
-7.58,2.561479,33.25,61.35144660071187,0
15.03,2.649748,33.25,64.10148204214939,0
15.03,2.648468,33.25,67.7716754994297,0
-10.42,2.785348,33.25,65.03076195155643,0
3.17,2.888968,33.25,67.446274915669,0
6.04,2.968281,33.25,59.43904440685432,0
5.81,2.981074,33.25,106.85972113008718,0
0.54,3.057829,33.29,59.94997914928745,0
1.93,3.066784,33.29,66.48308055437865,0
-18.68,3.064225,33.29,67.36467917239716,0
-18.51,3.000263,33.29,60.959002616512684,0
71.84,2.973398,33.25,81.15417426109393,0
-35.27,3.216456,33.25,90.0499861188218,0
-5.61,3.231807,33.25,66.6783323126786,0
34.67,3.220294,33.25,89.96110270555825,0
102.2,3.207501,33.29,66.40030120413611,0
-35.1,3.194709,33.29,77.82673062643708,0
-60.94,3.179358,33.29,58.008620049092706,0
-38.31,3.180637,33.29,62.88083968904996,0
1.57,3.156331,33.25,63.39558344238185,0
-30.11,3.157611,33.25,54.49770637375485,0
-30.59,3.134584,33.25,54.52522352086234,0
19.54,3.153773,33.25,124.21755109484327,0
7.2,3.037361,33.25,60.74537019394976,0
-13.6,3.0041,33.25,68.21290200541243,0
6.14,2.894085,33.25,66.52067347825036,0
-41.47,2.85187,33.25,65.31462317123173,0
-45.34,2.825005,33.25,62.71363488110062,0
7.21,2.813492,33.25,65.62011886609167,0
30.31,2.812213,33.25,62.8728876384726,0
31.74,2.789186,33.25,64.93843238021688,0
9.19,2.776394,33.25,68.8839603971781,0
7.49,2.76488,33.25,59.799665550904216,0
10.31,2.76488,33.25,65.62773803811922,0
4.59,2.755926,33.25,85.65045242145543,0
3.86,3.103882,33.25,49.61854492022111,0
5.22,3.164007,33.25,62.23343153000644,0
25.72,3.156331,33.25,42.720018726587654,0
73.84,3.157611,33.25,44.83302354291979,0
51.45,3.155052,33.25,52.04805471869242,0
-49.07,3.147377,33.25,55.94640292279746,0
-9.78,3.134584,33.25,57.77542730261716,0
-29.1,3.139701,33.25,59.74110812497538,0
-58.55,3.12435,33.25,105.76388797694608,0
17.32,2.968281,33.25,57.436921923097515,0
-9.13,2.913274,33.25,72.13875518748573,0
28.66,2.923508,33.25,64.1404708432983,0
-21.93,2.908157,33.25,71.7007670809734,0
-12.01,3.03864,33.25,58.9915248150105,0
-7.29,3.132025,33.25,90.0499861188218,0
1.97,3.128188,33.25,61.0,0
28.28,3.134584,33.23,108.93576088686396,0
34.53,3.148656,33.23,69.72087205421343,0
-30.81,3.160169,33.23,43.9203825119955,0
-0.12,3.157611,33.23,74.19568720619817,0
28.42,3.160169,33.21,70.16409338115899,0
11.89,3.155052,33.21,64.66065264130884,0
-60.19,3.149935,33.21,68.38859554048467,0
15.83,3.162728,33.21,56.74504383644443,0
-5.38,3.151214,33.23,59.6992462263972,0
-16.9,3.149935,33.23,71.73562573784382,0
-0.28,3.134584,33.23,67.72001181334805,0
3.42,3.144818,33.23,69.26759704219572,0
0.06,3.133305,33.23,61.652250567193406,0
-4.95,3.135863,33.23,37.86819245752297,0
-3.04,3.093648,33.23,62.71363488110062,0
-6.4,3.091089,33.23,67.07458535093602,0
6.19,3.08981,33.23,68.5638388656878,0
0.31,3.112837,33.23,31.20897306865447,0
-4.88,3.137143,33.23,66.58828725834597,0
36.84,3.155052,33.23,63.7102817447859,0
-7.6,3.188313,33.25,66.43794096749237,0
-57.93,3.174241,33.25,69.67065379340143,0
-40.4,3.170403,33.25,75.23961722390672,0
0.37,3.165286,33.25,70.25667228100119,0
41.73,3.169124,33.23,66.37770710110436,0
23.43,3.165286,33.23,85.5219270129012,0
14.71,3.167845,33.23,81.99390221229869,0
-1.26,3.185754,33.23,46.195237849804386,0
1.86,3.126909,33.23,64.31174076325411,0
8.11,3.045037,33.23,64.8459713474939,0
17.98,2.918391,33.23,72.72551134230683,0
25.4,2.777673,33.23,71.8192174839019,0
-19.5,3.025848,33.21,94.34511116109833,0
-21.1,3.128188,33.21,33.13608305156178,0
6.96,3.098765,33.21,60.93439094632849,0
36.65,3.105161,33.21,59.033888572581766,0
16.59,3.103882,33.18,51.778373863998475,0
-15.58,3.115395,33.18,62.048368229954285,0
45.19,3.097486,33.18,54.378304497290095,0
-42.05,3.110278,33.18,75.61084578286372,0
-14.74,3.132025,33.21,60.15812497078013,0
-15.32,3.092369,33.21,66.1362230551458,0
-15.78,2.998983,33.21,60.207972893961475,0
-15.17,2.899202,33.21,60.64651680022522,0
-14.65,2.878734,33.21,66.58828725834597,0
-31.5,2.85059,33.21,65.09224224129939,0
-6.05,2.841635,33.21,61.40846847137616,0
12.81,2.767439,33.21,63.63961030678928,0
8.97,2.759763,33.23,65.42935121182236,0
9.41,2.68045,33.23,68.09552114493287,0
10.88,2.972119,33.23,50.00999900019995,0
14.02,3.219015,33.23,98.29547293746543,0
8.83,3.202384,33.18,131.01526628603247,0
62.7,3.221573,33.18,125.80143083447024,0
115.48,3.220294,33.18,58.08614292583042,0
-102.71,3.208781,33.18,68.62943974709395,0
-13.62,3.120512,33.21,63.773035054010094,0
-29.39,3.116674,33.21,62.64982043070834,0
-33.58,3.018172,33.21,65.27633568147036,0
-43.84,2.917111,33.21,64.53681120105021,0
-23.5,2.830122,33.21,67.21606950722423,0
-17.95,2.836519,33.21,66.10597552415364,0
8.89,2.818609,33.21,63.631753079732135,0
22.16,2.808375,33.21,65.27633568147036,0
24.32,2.781511,33.21,65.26101439603893,0
6.21,2.78279,33.21,62.545983084447556,0
3.61,2.784069,33.21,65.0,0
-2.7,2.778952,33.21,64.73020933072904,0
4.06,2.791745,33.18,65.80273550544841,0
3.7,2.791745,33.18,65.0,0
1.74,2.780231,33.18,63.97655820689325,0
-0.56,2.777673,33.18,64.5445582524197,0
1.93,2.791745,33.21,65.13063795173512,0
-1.88,2.800699,33.21,63.54525946126902,0
3.14,2.804537,33.21,64.91532946846992,0
-0.4,2.808375,33.21,65.50572494064927,0
1.86,2.807096,33.18,65.91661399070799,0
-1.04,2.807096,33.18,63.93746945258312,0
3.68,2.785348,33.18,62.5859409132754,0
-0.57,2.78279,33.18,65.91661399070799,0
3.13,2.769997,33.21,65.13831437794502,0
0.19,2.76488,33.21,64.93843238021688,0
4.91,2.757205,33.21,64.53681120105021,0
-1.53,2.752088,33.21,64.53681120105021,0
1.4,2.734178,33.21,65.14598989960932,0
-2.96,2.739295,33.21,64.35837163881635,0
-0.81,2.743133,33.21,64.53681120105021,0
-2.49,2.755926,33.21,65.31462317123173,0
-0.12,2.777673,33.18,64.53681120105021,0
1.46,2.791745,33.18,65.14598989960932,0
0.79,2.803258,33.18,65.00769185258002,0
1.07,2.800699,33.18,64.20280367709809,0
0.93,2.798141,33.18,64.38167441127949,0
-0.92,2.784069,33.18,64.38167441127949,0
-3.21,2.772556,33.18,64.53681120105021,0
-0.92,2.754646,33.18,65.14598989960932,0
-2.0,2.734178,33.23,64.38167441127949,0
-1.27,2.722665,33.23,65.14598989960932,0
-1.8,2.708593,33.23,65.76473218982953,0
0.4,2.694522,33.23,65.00769185258002,0
-0.19,2.676612,33.21,65.14598989960932,0
1.45,2.674054,33.21,63.96092557178953,0
0.2,2.667657,33.21,64.34283176858165,0
2.36,2.679171,33.21,65.55150646628954,0
3.39,2.676612,33.18,67.20863039818622,0
8.32,2.685567,33.18,66.30987860040162,0
9.41,2.688125,33.18,61.212743771211564,0
-13.45,2.698359,33.18,64.16385275215322,0
-8.83,2.703476,33.21,64.25729530566937,0
0.83,2.711152,33.21,65.49045732013177,0
10.05,2.707314,33.21,66.6783323126786,0
-4.62,2.708593,33.21,64.50581369148055,0
1.99,2.71371,33.16,64.29618962271404,0
3.4,2.712431,33.16,63.8200595424354,0
-4.68,2.718827,33.16,66.39277069079132,0
0.77,2.716269,33.16,65.76473218982953,0
-9.17,2.720107,33.16,65.00769185258002,0
-2.06,2.720107,33.16,64.72248450113763,0
0.53,2.720107,33.16,65.46754921333164,0
4.07,2.712431,33.16,65.30696746902278,0
1.86,2.708593,33.16,64.5600495662759,0
-1.92,2.702197,33.16,65.46754921333164,0
-4.35,2.693242,33.16,64.83054835492293,0
-5.34,2.694522,33.16,65.64297372910524,0
1.58,2.691963,33.18,65.00769185258002,0
-0.67,2.698359,33.18,64.83054835492293,0
0.48,2.694522,33.18,64.72248450113763,0
-0.92,2.695801,33.18,64.72248450113763,0
3.53,2.691963,33.21,64.72248450113763,0
-2.42,2.69708,33.21,64.72248450113763,0
1.21,2.681729,33.21,64.83054835492293,0
3.29,2.689404,33.21,64.83054835492293,0
1.67,2.688125,33.16,64.83054835492293,0
-1.2,2.681729,33.16,65.46754921333164,0
-2.07,2.686846,33.16,64.66838485689897,0
-1.05,2.681729,33.16,64.83054835492293,0
2.26,2.68045,33.18,64.5600495662759,0
0.6,2.674054,33.18,65.30696746902278,0
0.87,2.672774,33.18,64.5600495662759,0
-1.05,2.659982,33.18,64.5600495662759,0
2.88,2.671495,33.16,60.37383539249432,0
3.27,2.689404,33.16,69.46941773183363,0
4.49,2.718827,33.16,65.03076195155643,0
7.68,2.736737,33.16,62.63385665915839,0
25.04,2.750809,33.16,61.98386886924694,0
-15.52,2.762322,33.16,64.10148204214939,0
-20.54,2.758484,33.16,64.33506042586733,0
-2.01,2.762322,33.16,64.8074069840786,0
-11.71,2.745692,33.15,66.71581521648372,0
-4.01,2.736737,33.15,65.03076195155643,0
-0.71,2.726503,33.15,64.82283548256741,0
3.33,2.723944,33.15,63.31666447310692,0
-4.58,2.720107,33.16,64.20280367709809,0
-0.45,2.711152,33.16,65.60487786742691,0
2.79,2.703476,33.16,65.06919393998976,0
7.08,2.688125,33.16,63.8200595424354,0
4.16,2.686846,33.15,64.5600495662759,0
1.62,2.679171,33.15,65.21502894272147,0
0.13,2.681729,33.15,65.1536645170477,0
1.48,2.677891,33.15,64.15605972938177,0
-4.33,2.671495,33.15,64.73020933072904,0
0.71,2.674054,33.15,64.76109943476871,0
1.43,2.676612,33.15,65.49045732013177,0
-1.05,2.683008,33.15,65.54387843269576,0
8.7,2.684288,33.13,64.8459713474939,0
16.5,2.683008,33.13,64.73020933072904,0
1.4,2.676612,33.13,65.97726881282674,0
-10.67,2.675333,33.13,65.67343450741707,0
-16.2,2.666378,33.13,65.12296062065974,0
0.35,2.670216,33.13,66.83561924602779,0
-1.46,2.667657,33.13,64.97691897897283,0
3.09,2.69708,33.13,52.08646657242167,0
3.91,3.172962,33.16,80.51086883148137,0
9.78,3.203664,33.16,33.301651610693426,0
31.06,3.185754,33.16,58.83026432033091,0
84.57,3.162728,33.16,75.66372975210778,0
-62.45,3.083414,33.15,60.489668539346454,0
-110.57,3.015614,33.15,64.7533782902483,0
-3.07,2.991308,33.15,62.24146527838174,0
-3.74,2.947813,33.15,63.03967004989794,0
-24.57,2.935021,33.16,65.49045732013177,0
-2.54,2.933742,33.16,65.24568951279464,0
1.23,2.943976,33.16,64.96922348312314,0
1.2,2.956768,33.16,62.56196927846821,0
2.5,2.977236,33.15,65.58200972827838,0
3.2,2.991308,33.15,63.06346010171025,0
-0.37,3.198547,33.15,87.60136985230311,0
5.81,3.26123,33.15,48.53864439804639,0
14.47,3.198547,33.15,48.176757881783615,0
47.48,3.207501,33.15,67.11929677819934,0
24.6,3.179358,33.15,57.83597496368502,0
-75.55,3.144818,33.15,67.09694478886502,0
34.3,3.129467,33.13,65.37583651472461,0
37.5,3.126909,33.13,64.06246951218786,0
35.61,3.130746,33.13,73.54590403278758,0
-32.36,3.170403,33.13,49.57822102496216,0
-14.09,3.231807,33.15,61.91930232165088,0
7.48,3.245879,33.15,45.727453460694704,0
17.01,3.22669,33.15,65.85590330410783,0
44.34,3.10772,33.15,64.8459713474939,0
-37.71,3.103882,33.15,64.41273166075166,0
-44.25,3.137143,33.15,67.38694235532579,0
17.95,3.117954,33.15,62.07253821135398,0
-8.48,3.115395,33.15,62.93647591023825,0
1.29,3.10772,33.15,49.80963762164909,0
0.46,3.115395,33.15,85.74963556773871,0
-19.17,3.128188,33.15,34.539832078341085,0
3.5,3.206222,33.15,53.99073994677235,0
15.04,3.194709,33.13,61.35959582656978,0
6.9,3.189592,33.13,76.96752561957543,0
14.58,3.164007,33.13,30.643106892089126,0
48.51,3.179358,33.13,71.72168430816443,0
-33.8,3.185754,33.15,65.85590330410783,0
-40.73,3.183196,33.15,66.6783323126786,0
17.61,3.183196,33.15,30.099833886584822,0
21.02,3.147377,33.15,71.45628033979938,0
-12.17,3.190871,33.15,54.872579673275794,0
-3.82,3.174241,33.15,78.05767098754612,0
-29.55,3.17552,33.15,73.05477397131553,0
-57.24,3.176799,33.15,56.92099788303083,0
74.32,3.167845,33.15,57.087651904768336,0
34.68,3.116674,33.15,65.36818798161687,0
7.38,3.094927,33.15,64.77653896280658,0
-20.25,2.955489,33.15,65.50572494064927,0
-40.14,2.943976,33.15,63.4428877022476,0
-6.5,2.95421,33.15,81.35109095765097,0
-12.19,3.15889,33.15,53.16013544000805,0
25.7,3.181916,33.15,74.43117626371358,0
36.45,3.170403,33.13,65.07687761409578,0
41.6,3.169124,33.13,70.88723439378913,0
-32.18,3.167845,33.13,33.77869150810907,0
-59.73,3.165286,33.13,70.09279563550022,0
23.93,3.162728,33.15,66.85057965343307,0
14.06,3.170403,33.15,38.06573262134856,0
10.21,3.160169,33.15,57.436921923097515,0
12.35,3.156331,33.15,89.86100377805714,0
18.4,3.037361,33.13,64.26507605223851,0
1.86,2.97084,33.13,68.1615727518079,0
-3.07,2.956768,33.13,76.06576102294646,0
-24.2,3.097486,33.13,95.79665964948882,0
1.58,3.181916,33.13,77.01298591796062,0
13.58,3.167845,33.13,63.914004725099176,0
41.2,3.144818,33.13,68.1248853210044,0
-2.22,3.143539,33.13,62.01612693485461,0
-12.89,3.156331,33.13,62.27358990776106,0
-7.47,3.183196,33.13,58.497863208838666,0
2.03,3.203664,33.13,70.66823897621902,0
6.05,3.234366,33.13,63.45076831686122,0
28.11,3.208781,33.13,53.75872022286245,0
5.43,3.185754,33.13,115.97413504743201,0
4.56,3.115395,33.13,63.85138996137829,0
-43.34,2.886409,33.13,68.36665854054884,0
-13.82,2.727782,33.13,58.137767414994535,0
-31.99,2.718827,33.13,41.036569057366385,0
-17.92,3.05527,33.13,85.34635317340748,0
8.88,3.068063,33.13,59.76621118993574,0
22.73,3.065505,33.13,68.18357573492314,0
46.64,3.062946,33.13,66.79071791798619,0
9.95,3.05655,33.13,65.14598989960932,0
-31.8,3.053991,33.13,66.37017402418047,0
-11.77,2.979795,33.13,63.8200595424354,0
-12.4,2.963164,33.13,65.13063795173512,0
7.84,2.965723,33.13,64.19501538281614,0
4.8,2.964444,33.13,61.652250567193406,0
6.89,2.960606,33.13,58.855755878248644,0
4.87,2.955489,33.13,74.47147104764348,0
5.42,3.062946,33.13,64.69157595854347,0
22.6,3.047595,33.13,64.45153217728807,0
51.58,2.978515,33.13,67.15653356152326,0
-90.89,2.968281,33.13,65.80273550544841,0
8.91,2.967002,33.13,65.37583651472461,0
-1.72,2.97084,33.13,65.58200972827838,0
9.46,2.982353,33.13,65.13063795173512,0
-9.97,2.990029,33.13,65.13063795173512,0
1.2,2.990029,33.13,64.33506042586733,0
2.63,2.986191,33.13,65.13063795173512,0
2.61,2.979795,33.13,64.93843238021688,0
-1.39,2.975957,33.13,65.13063795173512,0
1.36,2.97084,33.13,65.37583651472461,0
-0.97,2.956768,33.13,64.56779382943171,0
1.85,2.955489,33.11,64.56779382943171,0
1.04,2.940138,33.11,65.33758489567853,0
0.5,2.943976,33.11,64.93843238021688,0
-1.27,2.937579,33.11,64.37390775772433,0
2.25,2.933742,33.13,64.33506042586733,0
-0.13,2.927345,33.13,64.37390775772433,0
1.31,2.918391,33.13,65.13063795173512,0
-0.59,2.914553,33.13,64.93843238021688,0
0.77,2.920949,33.13,64.37390775772433,0
-3.74,2.941417,33.13,64.37390775772433,0
0.46,2.937579,33.13,64.37390775772433,0
-1.87,2.959327,33.13,64.37390775772433,0
0.73,2.965723,33.11,65.7419196555744,0
1.34,2.972119,33.11,64.93843238021688,0
3.05,2.965723,33.11,63.63961030678928,0
-0.6,2.960606,33.11,64.37390775772433,0
0.66,2.951651,33.11,64.93843238021688,0
-0.62,2.938859,33.11,65.18435395092905,0
0.61,2.928625,33.11,63.387695966961914,0
-0.03,2.924787,33.11,64.01562309311689,0
-1.29,2.920949,33.13,64.1404708432983,0
1.5,2.913274,33.13,64.93843238021688,0
-0.6,2.914553,33.13,64.37390775772433,0
5.03,2.910715,33.13,64.37390775772433,0
-4.78,2.911994,33.09,64.37390775772433,0
-4.53,2.913274,33.09,64.76109943476871,0
1.53,2.917111,33.09,65.18435395092905,0
0.0,2.923508,33.09,65.00769185258002,0
0.05,2.931183,33.13,65.56675987114203,0
0.2,2.928625,33.13,64.37390775772433,0
0.03,2.931183,33.13,65.7419196555744,0
0.26,2.928625,33.13,64.8459713474939,0
0.97,2.922228,33.09,65.70388116390082,0
-1.15,2.923508,33.09,63.76519426771944,0
-2.06,2.915832,33.09,64.93843238021688,0
-0.69,2.910715,33.09,65.18435395092905,0
2.33,2.904319,33.09,64.37390775772433,0
-1.21,2.899202,33.09,64.93843238021688,0
-4.33,2.894085,33.09,65.13063795173512,0
-0.26,2.886409,33.09,65.13063795173512,0
3.3,2.882571,33.07,66.82065548915246,0
1.45,2.883851,33.07,65.58200972827838,0
-0.24,2.880013,33.07,64.83054835492293,0
1.67,2.878734,33.07,64.29618962271404,0
-0.33,2.877455,33.09,64.56779382943171,0
-1.59,2.874896,33.09,64.01562309311689,0
-0.01,2.872338,33.09,64.56779382943171,0
0.34,2.871058,33.09,65.18435395092905,0
0.77,2.871058,33.09,65.18435395092905,0
1.5,2.869779,33.09,64.37390775772433,0
0.21,2.865941,33.09,64.93843238021688,0
0.24,2.863383,33.09,64.76109943476871,0
-1.34,2.865941,33.09,64.01562309311689,0
-1.65,2.8685,33.09,64.37390775772433,0
-2.15,2.863383,33.09,65.37583651472461,0
0.74,2.865941,33.09,64.63745044476924,0
-0.36,2.863383,33.09,65.18435395092905,0
1.43,2.869779,33.09,65.13063795173512,0
-3.5,2.864662,33.09,65.18435395092905,0
1.48,2.864662,33.09,64.19501538281614,0
1.13,2.860824,33.07,65.00769185258002,0
1.81,2.854428,33.07,65.00769185258002,0
0.42,2.849311,33.07,64.19501538281614,0
-1.18,2.849311,33.07,65.00769185258002,0
1.18,2.85187,33.09,64.37390775772433,0
-2.57,2.85059,33.09,65.18435395092905,0
0.27,2.853149,33.09,64.19501538281614,0
-1.82,2.853149,33.09,65.00769185258002,0
-0.19,2.858266,33.07,64.19501538281614,0
-0.18,2.860824,33.07,65.00769185258002,0
-0.37,2.8685,33.07,65.00769185258002,0
0.38,2.88513,33.07,64.19501538281614,0
0.99,2.900481,33.07,64.19501538281614,0
3.71,2.917111,33.07,64.19501538281614,0
-0.31,2.926066,33.07,65.56675987114203,0
0.1,2.935021,33.07,64.19501538281614,0
-1.53,2.935021,33.07,65.56675987114203,0
0.45,2.938859,33.07,67.512961718473,0
-1.1,2.933742,33.07,67.21606950722423,0
-0.03,2.926066,33.07,65.97726881282674,0
1.25,2.915832,33.07,64.76109943476871,0
1.8,2.913274,33.07,65.56675987114203,0
-0.51,2.903039,33.07,64.76109943476871,0
-0.3,2.899202,33.07,64.76109943476871,0
-0.7,2.899202,33.05,64.03124237432849,0
-2.07,2.910715,33.05,64.03124237432849,0
-0.08,2.924787,33.05,64.59876159803684,0
-0.18,2.945255,33.05,64.59876159803684,0
1.04,2.959327,33.07,65.40642170307133,0
-0.88,2.965723,33.07,64.59876159803684,0
0.21,2.964444,33.07,64.59876159803684,0
0.27,2.973398,33.07,65.40642170307133,0
1.34,2.969561,33.07,65.97726881282674,0
2.18,2.969561,33.07,65.97726881282674,0
-0.84,2.961885,33.07,65.56675987114203,0
-0.98,2.949093,33.07,64.59876159803684,0
0.69,2.942696,33.05,65.40642170307133,0
1.56,2.942696,33.05,64.59876159803684,0
-0.58,2.929904,33.05,64.59876159803684,0
-0.43,2.929904,33.05,64.03124237432849,0
-1.48,2.926066,33.07,64.59876159803684,0
-0.48,2.928625,33.07,64.59876159803684,0
-0.39,2.924787,33.07,64.59876159803684,0
0.94,2.923508,33.07,64.59876159803684,0
-0.21,2.91967,33.05,64.59876159803684,0
-0.32,2.918391,33.05,64.03124237432849,0
-0.68,2.910715,33.05,65.40642170307133,0
-2.59,2.909436,33.05,65.40642170307133,0
-0.53,2.90176,33.05,64.59876159803684,0
0.92,2.904319,33.05,65.40642170307133,0
-0.17,2.899202,33.05,64.59876159803684,0
-0.02,2.894085,33.05,64.45153217728807,0
0.77,2.891526,33.05,64.45153217728807,0
-2.29,2.890247,33.05,65.26101439603893,0
0.92,2.888968,33.05,65.83312236253116,0
0.71,2.887689,33.05,64.45153217728807,0
-0.92,2.881292,33.05,64.45153217728807,0
1.66,2.878734,33.05,65.83312236253116,0
0.8,2.880013,33.05,64.45153217728807,0
-1.6,2.882571,33.05,63.51377803280167,0
1.66,2.911994,33.05,66.2872536767062,0
0.59,2.909436,33.05,64.319514923544,0
2.28,2.897923,33.05,64.10148204214939,0
6.35,2.892806,33.05,64.69930447848725,0
-11.65,2.891526,33.05,60.34898507845845,0
-6.3,3.14226,33.05,65.87108622149782,0
2.1,3.207501,33.05,63.26926584053272,0
1.43,3.199826,33.05,62.65780079128216,0
9.82,3.204943,33.05,77.4919350642375,0
64.63,3.172962,33.05,63.773035054010094,0
-21.63,3.134584,33.05,64.9307323229917,0
-11.08,3.119233,33.05,64.2339474110069,0
-16.49,3.112837,33.03,65.76473218982953,0
-7.97,3.111557,33.03,65.07687761409578,0
-4.15,3.111557,33.03,64.7533782902483,0
-0.81,3.120512,33.03,63.75735251718032,0
2.26,3.129467,33.05,64.59102104782058,0
2.92,3.137143,33.05,64.59102104782058,0
0.81,3.128188,33.05,65.12296062065974,0
1.98,3.132025,33.05,65.95452979136459,0
1.42,3.134584,33.03,64.29618962271404,0
1.81,3.132025,33.03,64.97691897897283,0
0.03,3.132025,33.03,64.4437739428721,0
2.74,3.125629,33.03,63.608175575157006,0
0.6,3.12435,33.05,64.97691897897283,0
2.03,3.120512,33.05,64.97691897897283,0
-2.87,3.117954,33.05,65.52098900352466,0
1.59,3.114116,33.05,64.1482657598785,0
0.01,3.116674,33.05,65.52098900352466,0
3.93,3.117954,33.05,63.74950980203691,0
0.83,3.114116,33.05,66.2872536767062,0
2.2,3.115395,33.05,64.29618962271404,0
-1.09,3.10772,33.03,64.59102104782058,0
4.63,3.108999,33.03,65.12296062065974,0
-2.35,3.101324,33.03,65.12296062065974,0
-2.48,3.101324,33.03,64.97691897897283,0
-5.17,3.096206,33.0,64.97691897897283,0
0.23,3.094927,33.0,62.77738446287803,0
-3.44,3.092369,33.0,64.1482657598785,0
2.63,3.092369,33.0,64.97691897897283,0
1.62,3.091089,33.03,64.1482657598785,0
3.28,3.083414,33.03,64.97691897897283,0
1.17,3.092369,33.03,64.01562309311689,0
-1.73,3.094927,33.03,64.8459713474939,0
-2.61,3.098765,33.03,64.01562309311689,0
1.26,3.103882,33.03,65.39113089708727,0
-1.6,3.102603,33.03,64.01562309311689,0
-0.7,3.101324,33.03,64.8459713474939,0
0.63,3.098765,33.0,65.39113089708727,0
-0.25,3.094927,33.0,64.56779382943171,0
0.8,3.074459,33.0,64.56779382943171,0
1.42,3.084693,33.0,65.52098900352466,0
-1.02,3.079576,33.0,64.97691897897283,0
1.32,3.091089,33.0,64.1482657598785,0
1.71,3.082135,33.0,64.8459713474939,0
0.0,3.088531,33.0,64.1482657598785,0
-4.08,3.087252,33.0,64.97691897897283,0
-2.05,3.085973,33.0,63.474404290233394,0
-1.06,3.083414,33.0,64.8459713474939,0
-0.54,3.079576,33.0,64.01562309311689,0
0.24,3.080856,33.0,65.27633568147036,0
2.45,3.077018,33.0,63.89835678638379,0
-2.06,3.078297,33.0,64.01562309311689,0
-0.93,3.062946,33.0,65.27633568147036,0
0.67,3.075738,33.03,66.76825593049439,0
2.3,3.075738,33.03,64.35060217278468,0
-1.89,3.077018,33.03,64.29618962271404,0
-0.69,3.07318,33.03,65.12296062065974,0
0.21,3.068063,33.0,64.97691897897283,0
0.5,3.069342,33.0,64.8459713474939,0
-3.35,3.064225,33.0,64.31174076325411,0
-1.05,3.062946,33.0,64.01562309311689,0
-1.45,3.052712,33.0,64.97691897897283,0
3.03,3.061667,33.0,63.63961030678928,0
1.03,3.057829,33.0,65.13063795173512,0
3.25,3.066784,33.0,64.01562309311689,0
0.16,3.068063,33.0,66.94774081326419,0
1.09,3.065505,33.0,63.63961030678928,0
0.11,3.066784,33.0,55.33534132902769,0
3.52,3.060387,33.0,62.65780079128216,0
-1.28,3.061667,33.0,69.81403870282824,0
0.2,3.066784,33.0,62.42595614005443,0
-0.1,3.070621,33.0,64.01562309311689,0
-6.87,3.074459,33.0,65.28399497579785,0
-1.44,3.077018,33.0,63.788713735268246,0
-0.91,3.078297,33.0,61.7980582219215,0
-0.94,3.084693,33.0,64.59102104782058,0
0.73,3.092369,33.0,106.155546251715,0
-1.85,3.125629,33.0,33.03028912982749,0
3.12,3.27786,33.0,45.39823785126467,0
7.67,3.299608,33.0,66.73829485385434,0
33.27,3.280419,33.0,67.09694478886502,0
66.27,3.274022,32.99,66.91038783328041,0
-36.09,3.220294,32.99,60.0416522091123,0
24.55,3.220294,32.99,73.57988855658861,0
10.61,3.216456,32.99,73.19152956456095,0
19.35,3.229249,33.0,37.8021163428716,0
128.96,3.203664,33.0,58.90670590009256,0
-107.2,3.188313,33.0,61.514225996918796,0
-187.52,3.097486,33.0,62.88083968904996,0
-242.66,3.08981,33.0,65.49045732013177,0
-93.86,3.08981,33.0,63.631753079732135,0
71.6,3.08981,33.0,65.91661399070799,0
80.72,3.091089,33.0,64.91532946846992,0
30.66,3.085973,33.0,64.28063471995279,0
12.61,3.087252,33.0,65.67343450741707,0
17.34,3.078297,33.0,64.93843238021688,0
6.96,3.069342,33.0,64.81512169239521,0
9.52,3.071901,33.0,64.91532946846992,0
1.03,3.07318,33.0,64.81512169239521,0
8.62,3.075738,33.0,64.81512169239521,0
1.21,3.078297,33.0,65.57438524302,0
6.66,3.078297,32.99,64.06246951218786,0
5.55,3.074459,32.99,64.81512169239521,0
2.95,3.074459,32.99,64.06246951218786,0
13.94,3.074459,32.99,64.72248450113763,0
1.58,3.066784,32.99,64.81512169239521,0
19.22,3.060387,32.99,65.30696746902278,0
-4.79,3.051433,32.99,65.4446330878247,0
21.86,3.052712,32.99,68.51277253184256,0
-3.59,3.048874,32.97,65.57438524302,0
14.36,3.052712,32.97,64.81512169239521,0
-3.79,3.043757,32.97,64.81512169239521,0
11.36,3.043757,32.97,64.73020933072904,0
13.2,3.039919,32.99,64.63745044476924,0
7.73,3.039919,32.99,65.30696746902278,0
3.08,3.039919,32.99,64.63745044476924,0
-4.91,3.033523,32.99,64.63745044476924,0
6.15,3.033523,32.97,64.63745044476924,0
-3.35,3.024568,32.97,65.23802572120036,0
3.6,3.018172,32.97,65.30696746902278,0
-1.09,3.020731,32.97,65.23802572120036,0
0.1,3.02201,32.97,65.23802572120036,0
0.39,3.02201,32.97,64.56779382943171,0
-4.27,3.016893,32.97,64.50581369148055,0
-0.14,3.015614,32.97,60.41522986797286,0
-6.39,3.013055,32.99,64.389440128021,0
0.91,3.013055,32.99,62.99206299209449,0
-2.27,3.007938,32.99,66.31741852635702,0
2.48,3.009218,32.99,65.56675987114203,0
0.55,3.0041,32.99,66.21933252457322,0
3.29,3.009218,32.99,64.73020933072904,0
-1.92,3.006659,32.99,65.46754921333164,0
2.0,3.006659,32.99,65.3834841531101,0
-2.05,3.007938,32.97,65.31462317123173,0
1.72,3.011776,32.97,63.97655820689325,0
-0.81,3.019451,32.97,63.90618123468183,0
-0.29,3.027127,32.97,64.63745044476924,0
0.02,3.042478,32.97,66.04543890383347,0
-0.83,3.047595,32.97,64.63745044476924,0
-0.35,3.048874,32.97,66.43794096749237,0
-0.97,3.039919,32.97,65.58200972827838,0
-1.3,3.051433,32.97,64.41273166075166,0
0.55,3.047595,32.97,64.08587988004847,0
-0.37,3.047595,32.97,64.82283548256741,0
-0.07,3.046316,32.97,65.31462317123173,0
-1.39,3.046316,32.99,63.984373092185564,0
-0.69,3.043757,32.99,65.39113089708727,0
-1.34,3.03864,32.99,65.3834841531101,0
-0.9,3.039919,32.99,65.46754921333164,0
-0.34,3.033523,32.99,66.12866246946176,0
-2.86,3.036082,32.99,64.63745044476924,0
-1.0,3.024568,32.99,65.39113089708727,0
-0.24,3.025848,32.99,65.30696746902278,0
-1.95,3.025848,32.97,65.46754921333164,0
-1.62,3.023289,32.97,64.72248450113763,0
-0.94,3.020731,32.97,64.63745044476924,0
-1.67,3.015614,32.97,65.30696746902278,0
-0.84,3.016893,32.95,64.63745044476924,0
-1.44,3.014334,32.95,65.23802572120036,0
1.93,3.016893,32.95,64.50581369148055,0
-0.41,3.014334,32.95,64.57553716385176,0
-0.93,3.016893,32.97,64.63745044476924,0
-1.57,3.000263,32.97,58.26662852782886,0
3.7,3.010497,32.97,62.71363488110062,0
-0.34,3.009218,32.97,65.16133823057964,0
0.17,2.956768,32.97,65.3834841531101,0
-5.51,2.874896,32.97,65.83312236253116,0
-5.9,2.892806,32.97,45.32107677449864,0
11.23,3.016893,32.97,78.82892870006543,0
-10.0,3.061667,32.97,49.73932046178355,0
-0.44,3.106441,32.97,66.85057965343307,0
10.16,3.108999,32.97,56.356011214421486,0
9.25,3.112837,32.97,64.79197481170026,0
58.55,3.097486,32.97,64.45153217728807,0
-70.2,3.098765,32.97,65.62011886609167,0
-18.87,3.07318,32.97,65.11528238439882,0
6.12,3.126909,32.97,63.45076831686122,0
6.16,3.085973,32.97,63.52164985262898,0
1.57,3.084693,32.97,66.24952830020754,0
-0.08,3.094927,32.97,62.65780079128216,0
-7.25,3.080856,32.97,64.63745044476924,0
3.92,3.078297,32.97,66.30987860040162,0
8.97,3.077018,32.97,63.48228099241551,0
0.62,3.068063,32.97,66.0,0
7.01,3.057829,32.97,60.44832503882965,0
10.82,3.052712,32.97,61.53048025166064,0
-9.1,3.123071,32.97,64.78425734698207,0
-9.17,3.171682,32.97,63.15853069855251,0
-5.47,3.184475,32.97,67.34983296193094,0
18.08,3.17552,32.95,65.13063795173512,0
23.41,3.133305,32.95,58.44655678480983,0
-7.06,3.14226,32.95,67.2532527094415,0
-7.72,3.157611,32.95,55.839054433254866,0
-23.24,3.167845,32.97,64.25729530566937,0
-2.9,3.190871,32.97,62.16912416947821,0
4.03,3.172962,32.97,63.812224534175265,0
5.01,3.126909,32.97,65.12296062065974,0
-8.6,3.17552,32.95,64.79197481170026,0
1.36,3.204943,32.95,65.16133823057964,0
3.04,3.187033,32.95,62.55397669213365,0
18.73,3.189592,32.95,66.1362230551458,0
4.5,3.19215,32.97,64.33506042586733,0
-17.81,3.179358,32.97,64.69157595854347,0
-7.71,3.176799,32.97,64.77653896280658,0
-1.25,3.169124,32.97,63.914004725099176,0
0.83,3.165286,32.95,64.13267497929586,0
-4.2,3.155052,32.95,65.7419196555744,0
2.63,3.156331,32.95,64.01562309311689,0
7.16,3.149935,32.95,65.27633568147036,0
8.56,3.138422,32.97,64.33506042586733,0
1.78,3.135863,32.97,64.85368146836385,0
-2.49,3.126909,32.97,64.93843238021688,0
-6.71,3.126909,32.97,64.00781202322104,0
1.79,3.120512,32.97,64.93843238021688,0
4.06,3.126909,32.97,64.42049363362563,0
0.51,3.12435,32.97,64.42049363362563,0
-3.44,3.121792,32.97,64.42049363362563,0
2.46,3.117954,32.93,64.93843238021688,0
-0.29,3.121792,32.93,64.52131430775415,0
-0.98,3.120512,32.93,64.42049363362563,0
-1.88,3.114116,32.93,64.52131430775415,0
-3.87,3.115395,32.97,64.01562309311689,0
1.14,3.114116,32.97,66.30987860040162,0
4.48,3.121792,32.97,63.41135544995076,0
2.55,3.121792,32.97,65.12296062065974,0
4.49,3.128188,32.93,68.3593446428504,0
-2.85,3.12435,32.93,66.05300901548695,0
-1.34,3.138422,32.93,69.15200647848188,0
0.24,3.135863,32.93,64.85368146836385,0
-1.95,3.143539,32.95,64.26507605223851,0
-5.55,3.14226,32.95,64.01562309311689,0
-6.8,3.144818,32.95,67.0,0
-4.63,3.146097,32.95,64.87680633323437,0
-0.29,3.14226,32.95,64.77653896280658,0
3.08,3.148656,32.95,64.28841264178172,0
-0.91,3.147377,32.95,65.49045732013177,0
-3.83,3.151214,32.95,65.64297372910524,0
-2.97,3.149935,32.93,63.914004725099176,0
-0.31,3.153773,32.93,63.914004725099176,0
2.14,3.146097,32.93,63.52164985262898,0
3.51,3.147377,32.93,65.64297372910524,0
0.79,3.144818,32.93,64.99230723708769,0
0.48,3.14098,32.93,63.15853069855251,0
-0.85,3.138422,32.93,64.63745044476924,0
7.39,3.133305,32.93,63.15853069855251,0
3.3,3.132025,32.93,64.26507605223851,0
-1.93,3.126909,32.93,62.65780079128216,0
-1.2,3.129467,32.93,63.75735251718032,0
3.4,3.129467,32.93,65.7875368135941,0
4.29,3.135863,32.89,66.64082832618455,0
-3.23,3.14226,32.89,64.52131430775415,0
-1.97,3.167845,32.89,63.671029518926424,0
-1.6,3.19215,32.89,64.42049363362563,0
-2.35,3.208781,32.91,65.27633568147036,0
0.07,3.230528,32.91,65.19202405202648,0
-0.36,3.233086,32.91,64.389440128021,0
0.73,3.236924,32.91,64.389440128021,0
0.8,3.230528,32.91,65.37583651472461,0
3.77,3.221573,32.91,64.33506042586733,0
3.14,3.211339,32.91,64.42049363362563,0
-1.35,3.201105,32.91,64.85368146836385,0
-2.74,3.183196,32.91,64.85368146836385,0
0.43,3.178079,32.91,64.85368146836385,0
0.32,3.172962,32.91,64.33506042586733,0
-0.14,3.165286,32.91,65.70388116390082,0
-1.14,3.161448,32.91,63.48228099241551,0
1.05,3.156331,32.91,64.00781202322104,0
0.76,3.155052,32.91,65.3834841531101,0
0.0,3.152493,32.91,76.50490180374065,0
0.45,3.213898,32.87,55.39855593785816,0
4.49,3.322634,32.87,87.7040477971228,0
6.81,3.332868,32.87,75.77598564189053,0
44.38,3.271464,32.87,50.57667446560717,0
50.96,3.276581,32.93,78.45380806563821,0
-71.83,3.275302,32.93,70.25667228100119,0
-5.24,3.247158,32.93,63.694583757176716,0
17.77,3.238204,32.93,64.52906321960671,0
-37.15,3.238204,32.89,65.28399497579785,0
-45.12,3.24332,32.89,65.33758489567853,0
11.09,3.239483,32.89,65.72670690061993,0
3.15,3.258672,32.89,64.66838485689897,0
-3.92,3.268905,32.89,65.33758489567853,0
-5.62,3.270185,32.89,64.43601477434805,0
0.61,3.267626,32.89,65.03076195155643,0
2.96,3.268905,32.89,64.43601477434805,0
0.55,3.267626,32.87,64.8459713474939,0
2.4,3.263788,32.87,64.88451279003334,0
2.77,3.262509,32.87,64.8459713474939,0
3.25,3.256113,32.87,65.63535632568775,0
1.66,3.259951,32.87,66.06057825965497,0
1.02,3.266347,32.87,67.43144666993287,0
8.25,3.271464,32.87,64.43601477434805,0
9.13,3.272743,32.87,63.89053137985315,0
6.2,3.258672,32.91,65.87108622149782,0
-8.22,3.259951,32.91,64.70703207534712,0
-3.78,3.258672,32.91,66.85805860178712,0
2.61,3.258672,32.91,65.46754921333164,0
7.3,3.266347,32.89,63.85138996137829,0
-1.17,3.274022,32.89,67.45368781616021,0
-1.37,3.281698,32.89,66.03786792439622,0
4.55,3.282977,32.89,65.83312236253116,0
9.95,3.303445,32.87,64.2339474110069,0
1.87,3.337985,32.87,65.81033353509159,0
-1.74,3.396831,32.87,65.83312236253116,0
0.85,3.450559,32.87,64.43601477434805,0
-6.71,3.478703,32.89,65.49045732013177,0
-2.65,3.514148,32.89,65.24568951279464,0
1.52,3.523103,32.89,65.28399497579785,0
-0.98,3.520545,32.89,64.66838485689897,0
2.87,3.505193,32.89,64.90762667052309,0
4.83,3.489842,32.89,64.64518543557594,0
3.2,3.462978,32.89,66.29479617586888,0
0.99,3.441231,32.89,65.46754921333164,0
0.16,3.413087,32.89,65.46754921333164,0
-1.29,3.400295,32.89,63.82789358893179,0
-6.7,3.383665,32.89,64.64518543557594,0
-5.73,3.367034,32.89,64.64518543557594,0
2.35,3.360638,32.87,65.46754921333164,0
2.61,3.351683,32.87,66.03786792439622,0
-1.09,3.346566,32.87,64.64518543557594,0
0.77,3.333774,32.87,66.03029607687671,0
-0.15,3.328657,32.87,65.46754921333164,0
-2.53,3.324819,32.87,66.2872536767062,0
-2.0,3.320981,32.87,64.63745044476924,0
0.47,3.320981,32.87,64.90762667052309,0
-0.99,3.317144,32.89,65.46754921333164,0
0.02,3.314585,32.89,65.49045732013177,0
-5.21,3.310747,32.89,66.31741852635702,0
1.5,3.315864,32.89,64.66838485689897,0
4.38,3.309468,32.89,64.35837163881635,0
2.48,3.314585,32.89,64.07027391856539,0
0.79,3.315864,32.89,66.88049042882386,0
5.46,3.318423,32.89,64.66838485689897,0
3.82,3.32354,32.87,67.67569726275453,0
4.45,3.328657,32.87,64.64518543557594,0
-6.07,3.331215,32.87,64.07807737440318,0
-6.74,3.318423,32.87,67.7421582177598,0
2.12,3.32354,32.89,65.45991139621256,0
-4.27,3.337612,32.89,66.06057825965497,0
0.2,3.364476,32.89,66.03029607687671,0
2.25,3.387502,32.89,63.8200595424354,0
-4.5,3.410529,32.87,64.07807737440318,0
-6.16,3.418205,32.87,65.81033353509159,0
-1.87,3.419484,32.87,68.27151675479314,0
1.08,3.405412,32.87,65.12296062065974,0
4.2,3.406691,32.87,70.97887009526144,0
-3.08,3.396457,32.87,66.2872536767062,0
0.18,3.379827,32.87,76.58328799418317,0
-0.99,3.369593,32.87,47.56048780237646,0
10.81,3.388782,32.87,94.28679653058533,0
16.07,3.377268,32.87,61.106464469808756,0
-18.21,3.378548,32.87,65.26101439603893,0
19.59,3.397736,32.87,64.56779382943171,0
-41.35,3.419484,32.87,67.45368781616021,0
1.93,3.455303,32.87,68.19824044651006,0
16.13,3.497518,32.87,67.59437846448475,0
-17.66,3.529499,32.87,66.01514977639603,0
2.26,3.546129,32.84,66.73829485385434,0
4.6,3.546129,32.84,56.859475903318,0
7.11,3.523103,32.84,63.229739838148944,0
0.51,3.512869,32.84,64.72248450113763,0
1.3,3.488563,32.87,66.06814663663572,0
-1.13,3.443789,32.87,63.90618123468183,0
2.54,3.40797,32.87,55.452682532047085,0
6.23,3.383665,32.87,63.4428877022476,0
3.72,3.378548,32.84,76.87002016391045,0
8.55,3.392619,32.84,63.85138996137829,0
15.03,3.395178,32.84,74.68600939935136,0
12.8,3.410529,32.84,66.1362230551458,0
0.94,3.418205,32.87,65.63535632568775,0
-46.37,3.434835,32.87,67.86751800382861,0
-20.4,3.434835,32.87,65.83312236253116,0
9.31,3.445069,32.87,64.63745044476924,0
18.15,3.446348,32.84,69.33974329343886,0
23.33,3.454023,32.84,59.1100668245266,0
-26.66,3.475771,32.84,66.91786009728644,0
7.13,3.456582,32.84,65.21502894272147,0
20.54,3.432276,32.87,65.45991139621256,0
13.27,3.416925,32.87,65.45991139621256,0
-38.13,3.411808,32.87,64.07027391856539,0
-16.94,3.401574,32.87,66.2872536767062,0
-2.4,3.396457,32.84,65.45991139621256,0
-0.39,3.386223,32.84,65.45991139621256,0
3.91,3.383665,32.84,64.07027391856539,0
-1.71,3.375989,32.84,64.63745044476924,0
1.22,3.370872,32.84,64.90762667052309,0
0.38,3.369593,32.84,64.64518543557594,0
5.97,3.363197,32.84,65.83312236253116,0
-2.77,3.363197,32.84,64.2339474110069,0
-3.52,3.355521,32.84,65.28399497579785,0
-0.64,3.360638,32.84,67.83067152844649,0
1.0,3.373431,32.84,63.85138996137829,0
6.23,3.377268,32.84,63.00793600809346,0
10.84,3.369593,32.84,62.20932405998316,0
2.94,3.382385,32.84,64.69157595854347,0
-11.74,3.392619,32.84,65.00769185258002,0
-0.04,3.402853,32.84,65.60487786742691,0
1.51,3.42588,32.84,63.41135544995076,0
-11.25,3.44251,32.84,64.21059102671458,0
4.15,3.46042,32.84,65.63535632568775,0
-0.45,3.466816,32.84,64.40496875241847,0
4.4,3.470654,32.83,69.82120021884471,0
0.18,3.473212,32.83,65.612498809297,0
1.34,3.469374,32.83,63.631753079732135,0
1.8,3.462978,32.83,65.03076195155643,0
4.77,3.466816,32.84,65.0,0
7.79,3.466816,32.84,65.03076195155643,0
0.27,3.461699,32.84,66.24952830020754,0
1.32,3.462978,32.84,63.41135544995076,0
-2.22,3.455303,32.83,68.4178339323893,0
-6.52,3.455303,32.83,66.2872536767062,0
-0.84,3.447627,32.83,65.612498809297,0
-1.11,3.445069,32.83,64.41273166075166,0
0.16,3.438673,32.83,65.00769185258002,0
-6.02,3.430997,32.83,64.41273166075166,0
-1.0,3.419484,32.83,65.81033353509159,0
-2.25,3.420763,32.83,66.40783086353596,0
4.65,3.424601,32.81,67.20863039818622,0
6.78,3.443789,32.81,65.00769185258002,0
6.01,3.488563,32.81,65.83312236253116,0
1.6,3.543571,32.81,65.03076195155643,0
3.81,3.594741,32.83,64.15605972938177,0
-2.78,3.621605,32.83,66.87301398920195,0
-3.62,3.628002,32.83,65.73431371817918,0
-2.88,3.619047,32.83,68.48357467305573,0
-2.68,3.612651,32.84,68.38128398911503,0
2.53,3.585786,32.84,67.20863039818622,0
0.88,3.555084,32.84,71.03520254071216,0
1.65,3.530779,32.84,65.12296062065974,0
-2.87,3.502635,32.81,67.26812023536856,0
-17.12,3.489842,32.81,66.87301398920195,0
-7.23,3.465537,32.81,61.74949392505172,0
4.82,3.466816,32.81,69.26759704219572,0
10.36,3.465537,32.84,65.21502894272147,0
2.05,3.465537,32.84,64.07807737440318,0
0.81,3.462978,32.84,66.85057965343307,0
4.34,3.470654,32.84,64.89992295835181,0
6.67,3.46042,32.84,64.89992295835181,0
5.14,3.464257,32.84,65.73431371817918,0
-0.83,3.44251,32.84,64.90762667052309,0
-9.47,3.447627,32.84,65.73431371817918,0
-3.32,3.448906,32.83,65.73431371817918,0
-1.84,3.445069,32.83,65.46754921333164,0
3.83,3.447627,32.83,65.7419196555744,0
-0.14,3.434835,32.83,66.57326790837296,0
1.03,3.438673,32.83,64.89992295835181,0
0.43,3.428438,32.83,66.29479617586888,0
4.92,3.424601,32.83,66.31741852635702,0
2.34,3.410529,32.83,65.7419196555744,0
-3.52,3.405412,32.81,65.7419196555744,0
-8.7,3.399016,32.81,65.22269543648132,0
0.16,3.393899,32.81,64.90762667052309,0
-1.76,3.406691,32.81,67.6904720030818,0
0.87,3.387502,32.83,67.02984409947557,0
-4.73,3.404133,32.83,62.80127387243033,0
-6.7,3.420763,32.83,64.88451279003334,0
-16.41,3.450186,32.83,66.40030120413611,0
14.62,3.450186,32.83,63.26136261573884,0
11.66,3.439952,32.83,64.82283548256741,0
3.57,3.428438,32.83,67.20119046564577,0
-14.28,3.437393,32.83,64.8459713474939,0
4.33,3.46042,32.83,67.42403132415029,0
3.46,3.489842,32.83,67.20863039818622,0
5.43,3.519265,32.83,65.22269543648132,0
-6.94,3.537175,32.83,65.87108622149782,0
-1.22,3.546129,32.84,64.93843238021688,0
1.78,3.541013,32.84,65.24568951279464,0
2.95,3.532058,32.84,64.66838485689897,0
7.25,3.521824,32.84,65.24568951279464,0
-0.42,3.509031,32.81,64.43601477434805,0
-4.76,3.498797,32.81,66.64082832618455,0
-0.9,3.483446,32.81,64.07027391856539,0
5.71,3.471933,32.81,67.67569726275453,0
-1.28,3.464257,32.81,64.64518543557594,0
-2.24,3.457861,32.81,64.90762667052309,0
0.66,3.46042,32.81,64.89992295835181,0
4.12,3.473212,32.81,65.45991139621256,0
0.23,3.489842,32.83,66.03029607687671,0
1.55,3.509031,32.83,65.81033353509159,0
-0.88,3.541013,32.83,66.61080993352356,0
-1.07,3.543571,32.83,65.46754921333164,0
5.24,3.523103,32.83,64.64518543557594,0
5.24,3.517986,32.83,65.46754921333164,0
-1.91,3.520545,32.83,63.54525946126902,0
-12.52,3.510311,32.83,66.06057825965497,0
-2.47,3.474492,32.81,64.07027391856539,0
-2.11,3.457861,32.81,63.52164985262898,0
2.84,3.423321,32.81,66.57326790837296,0
2.85,3.447627,32.81,64.64518543557594,0
-2.8,3.446348,32.81,65.73431371817918,0
-2.06,3.483446,32.81,66.52067347825036,0
4.45,3.502635,32.81,66.52067347825036,0
8.92,3.523103,32.81,64.93843238021688,0
0.6,3.547409,32.81,68.27151675479314,0
-10.44,3.557643,32.81,65.33758489567853,0
-13.79,3.567877,32.81,65.22269543648132,0
2.68,3.567877,32.81,64.35060217278468,0
5.03,3.56276,32.81,63.82789358893179,0
1.43,3.548688,32.81,66.85805860178712,0
8.82,3.543571,32.81,63.82789358893179,0
-3.19,3.558922,32.81,64.64518543557594,0
-3.17,3.575552,32.81,65.5286197016235,0
-3.57,3.603696,32.81,67.23094525588644,0
-0.54,3.611371,32.81,66.6783323126786,0
-0.55,3.624164,32.81,65.87108622149782,0
8.15,3.616488,32.79,65.12296062065974,0
4.67,3.61393,32.79,65.58200972827838,0
-10.04,3.593462,32.79,67.49074010558782,0
-8.34,3.571715,32.79,65.22269543648132,0
1.49,3.558922,32.81,63.85138996137829,0
8.16,3.543571,32.81,65.24568951279464,0
6.64,3.532058,32.81,66.64082832618455,0
6.2,3.521824,32.81,63.82789358893179,0
0.73,3.519265,32.81,64.66838485689897,0
-1.94,3.514148,32.81,66.64082832618455,0
-7.77,3.514148,32.81,65.24568951279464,0
-2.34,3.506473,32.81,66.06057825965497,0
-5.53,3.501356,32.79,67.43144666993287,0
-1.57,3.501356,32.79,65.49045732013177,0
0.89,3.496239,32.79,63.85138996137829,0
2.26,3.505193,32.79,64.66838485689897,0
1.94,3.489842,32.81,66.09841147864296,0
1.44,3.474492,32.81,65.5286197016235,0
2.91,3.462978,32.81,66.31741852635702,0
-4.26,3.452744,32.81,66.31741852635702,0
0.65,3.434835,32.81,63.85138996137829,0
-4.57,3.436114,32.81,66.91786009728644,0
1.87,3.434835,32.81,67.12674578735364,0
1.74,3.486005,32.81,64.43601477434805,0
-0.98,3.603696,32.81,65.83312236253116,0
-7.98,3.758485,32.81,63.82789358893179,0
-1.18,3.878735,32.81,63.82789358893179,0
-1.17,3.9734,32.81,66.61831579978588,0
3.79,4.024716,32.79,64.64518543557594,0
-1.75,4.028554,32.79,66.61080993352356,0
-2.09,4.009366,32.79,65.83312236253116,0
0.66,3.96715,32.79,63.03967004989794,0
0.73,3.923656,32.79,64.40496875241847,0
1.7,3.863531,32.79,65.80273550544841,0
3.73,3.798289,32.79,64.43601477434805,0
-4.62,3.753515,32.79,65.22269543648132,0
-2.56,3.717696,32.79,63.631753079732135,0
-1.69,3.722813,32.79,63.72597586541927,0
5.83,3.702345,32.79,65.22269543648132,0
5.88,3.688273,32.79,66.09841147864296,0
3.16,3.678039,32.79,64.66838485689897,0
-7.3,3.678039,32.79,65.83312236253116,0
-3.39,3.680598,32.79,69.4334213473598,0
0.6,3.686994,32.79,66.64082832618455,0
2.99,3.690832,32.79,66.4304147209695,0
-1.99,3.731768,32.79,34.307433596816885,0
5.1,3.814919,32.79,88.6904729945669,0
1.54,3.738164,32.79,62.01612693485461,0
10.15,3.698507,32.77,65.72670690061993,0
20.88,3.67676,32.77,74.08778576796583,0
-47.69,3.665247,32.77,64.39720490828775,0
-3.44,3.649896,32.77,64.32728814430156,0
0.11,3.634545,32.77,66.34003316248794,0
-11.02,3.624311,32.77,67.7421582177598,0
-11.47,3.614077,32.77,65.06919393998976,0
6.78,3.606401,32.77,65.87108622149782,0
1.78,3.605122,32.79,64.66838485689897,0
5.01,3.607681,32.79,64.21059102671458,0
2.39,3.606401,32.79,62.49799996799898,0
3.52,3.602563,32.79,66.4304147209695,0
13.62,3.600005,32.81,63.608175575157006,0
5.73,3.59233,32.81,65.81033353509159,0
-14.65,3.579537,32.81,65.21502894272147,0
1.55,3.559069,32.81,65.22269543648132,0
6.58,3.560348,32.79,68.24954212300622,0
-0.96,3.565465,32.79,66.64082832618455,0
0.88,3.553952,32.79,64.41273166075166,0
5.0,3.55779,32.79,63.85138996137829,0
2.41,3.550114,32.77,67.80855403265875,0
-6.97,3.550114,32.77,66.6783323126786,0
-10.77,3.538601,32.77,65.22269543648132,0
-2.02,3.537322,32.77,68.8839603971781,0
5.68,3.537322,32.77,64.89992295835181,0
5.25,3.537322,32.77,65.73431371817918,0
-1.51,3.538601,32.77,66.06057825965497,0
0.86,3.534763,32.77,66.88049042882386,0
-12.69,3.552673,32.77,64.64518543557594,0
1.32,3.546276,32.77,60.473134530963414,0
0.56,3.550114,32.77,64.90762667052309,0
-1.19,3.550114,32.77,63.52164985262898,0
2.08,3.548835,32.79,89.7217922246318,0
2.7,3.543718,32.79,67.20863039818622,0
-1.34,3.537322,32.79,63.0,0
-6.14,3.536042,32.79,65.71149062378664,0
-14.54,3.533484,32.79,63.13477647065839,0
20.34,3.542439,32.79,64.47480127925948,0
16.55,3.538601,32.79,66.94027188471824,0
5.38,3.534763,32.79,64.52906321960671,0
18.87,3.533484,32.79,78.51114570556209,0
-25.28,3.536042,32.79,61.29437168288782,0
-36.95,3.559069,32.79,62.44197306299666,0
15.93,3.573141,32.79,73.06846104852626,0
10.09,3.57442,32.77,65.24568951279464,0
41.08,3.576978,32.77,66.24198064671678,0
-8.48,3.655013,32.77,70.68946173228369,0
-34.4,3.706183,32.77,58.66003750424986,0
-12.89,3.694669,32.75,70.75309180523492,0
19.08,3.614077,32.75,62.76941930590086,0
10.5,3.580816,32.75,66.03786792439622,0
-9.66,3.569303,32.75,63.29296959378664,0
-46.26,3.564186,32.79,67.12674578735364,0
1.72,3.582095,32.79,61.814237842102365,0
12.33,3.594888,32.79,67.60917097554147,0
5.81,3.571862,32.79,66.6783323126786,0
9.36,3.583375,32.75,55.86591089385369,0
7.24,3.635824,32.75,68.81860213634101,0
-17.98,3.617914,32.75,66.29479617586888,0
7.56,3.629428,32.75,46.184412955021955,0
4.97,3.640941,32.79,65.92419889539804,0
-27.61,3.651175,32.79,57.28001396647874,0
-0.92,3.701066,32.79,60.860496218811754,0
5.51,3.720255,32.79,67.95586803212802,0
-4.68,3.698507,32.77,71.51922818375489,0
30.37,3.678039,32.77,65.26101439603893,0
-15.4,3.680598,32.77,67.42403132415029,0
-15.58,3.72793,32.77,63.29296959378664,0
3.46,3.79701,32.79,63.84355879804947,0
4.75,3.869927,32.79,67.96322535018479,0
4.92,3.927493,32.79,65.52098900352466,0
3.88,3.946682,32.79,67.68308503607086,0
1.6,3.965871,32.77,59.51470406546604,0
5.71,3.951799,32.77,68.8040696470783,0
3.98,3.930052,32.77,64.35837163881635,0
-6.37,3.894233,32.77,65.19969325081216,0
8.86,3.858414,32.73,66.04543890383347,0
-7.39,3.821316,32.73,65.19969325081216,0
2.57,3.790613,32.73,65.5133574166368,0
0.23,3.772704,32.73,63.071388124885914,0
-2.42,3.750957,32.75,65.7723346096214,0
1.09,3.742002,32.75,64.91532946846992,0
5.33,3.724092,32.75,74.41102068914255,0
-1.25,3.721534,32.75,64.9307323229917,0
-12.04,3.707462,32.75,65.19202405202648,0
-2.55,3.698507,32.75,63.8200595424354,0
0.54,3.692111,32.75,66.04543890383347,0
-11.75,3.681877,32.75,66.03786792439622,0
4.23,3.685715,32.73,64.35837163881635,0
7.05,3.692111,32.73,71.34423592694787,0
1.69,3.708741,32.73,63.071388124885914,0
3.02,3.722813,32.73,66.37770710110436,0
-1.29,3.752236,32.75,63.26136261573884,0
-2.49,3.757353,32.75,83.74962686484042,0
2.69,3.808523,32.75,51.62363799656123,0
-6.33,3.834108,32.75,75.59100475585703,0
-13.67,3.854576,32.75,66.64833081180653,0
15.28,3.876323,32.75,66.64833081180653,0
-0.55,3.867368,32.75,74.81310045707235,0
11.84,3.905746,32.75,64.8459713474939,0
-7.34,3.891674,32.75,67.53517601961218,0
3.39,3.871206,32.75,56.87706040223949,0
7.54,3.845621,32.75,54.644304369257,0
-9.03,3.821316,32.75,64.87680633323437,0
-9.74,3.803406,32.75,65.37583651472461,0
0.45,3.799568,32.75,63.984373092185564,0
-0.2,3.800848,32.75,68.73136110975832,0
5.99,3.799568,32.75,62.185207244167,0
0.71,3.791893,32.73,67.63135367564367,0
0.53,3.794451,32.73,52.3354564325181,0
-4.96,3.786776,32.73,62.80127387243033,0
8.29,3.785496,32.73,66.24952830020754,0
8.26,3.781659,32.75,69.83552104767315,0
-0.05,3.775262,32.75,63.984373092185564,0
-11.28,3.776542,32.75,65.29931086925804,0
-8.16,3.776542,32.75,65.7723346096214,0
-2.48,3.785496,32.73,66.18912297349165,0
-5.55,3.785496,32.73,65.80273550544841,0
1.68,3.789334,32.73,64.47480127925948,0
5.04,3.786776,32.73,65.79513659838392,0
10.16,3.7791,32.75,64.89221833163049,0
-5.19,3.773983,32.75,64.89221833163049,0
0.04,3.765028,32.75,66.70832032063167,0
-3.45,3.763749,32.75,64.48255578061404,0
-1.73,3.770145,32.73,66.2117814289874,0
-0.6,3.789334,32.73,66.21933252457322,0
0.44,3.772704,32.73,64.89221833163049,0
-1.14,3.790613,32.73,66.21933252457322,0
1.8,3.789334,32.73,62.75348595894893,0
0.87,3.791893,32.73,67.54998149518622,0
-3.82,3.784217,32.73,66.2117814289874,0
0.86,3.770145,32.73,63.56886030125127,0
12.57,3.761191,32.75,63.13477647065839,0
-3.57,3.749677,32.75,68.51277253184256,0
-12.43,3.742002,32.75,68.54195795277518,0
-7.43,3.767587,32.75,63.190189111918315,0
3.53,3.76247,32.77,64.08587988004847,0
9.03,3.758632,32.77,50.06995106848019,0
12.53,3.759911,32.77,58.60887304837041,0
3.01,3.76247,32.77,65.45991139621256,0
-12.9,3.752236,32.75,66.34003316248794,0
-2.99,3.765028,32.75,67.12674578735364,0
-3.89,3.763749,32.75,66.70832032063167,0
-11.53,3.765028,32.75,66.31741852635702,0
3.31,3.765028,32.75,66.34003316248794,0
-3.66,3.765028,32.75,65.39113089708727,0
-2.6,3.768866,32.75,64.47480127925948,0
0.14,3.7791,32.75,64.07807737440318,0
1.86,3.7791,32.75,65.39877674696982,0
7.56,3.802127,32.75,62.80127387243033,0
10.93,3.805964,32.75,66.34003316248794,0
-3.49,3.812361,32.75,66.34003316248794,0
-9.37,3.807244,32.75,65.26101439603893,0
-2.91,3.811081,32.75,66.31741852635702,0
-2.35,3.805964,32.75,65.19969325081216,0
0.3,3.812361,32.75,66.49060083951716,0
-0.35,3.81364,32.73,65.19969325081216,0
2.77,3.809802,32.73,66.31741852635702,0
-3.13,3.812361,32.73,65.58200972827838,0
-4.9,3.809802,32.73,66.88049042882386,0
-2.13,3.826432,32.75,66.34003316248794,0
-2.35,3.840504,32.75,63.35613624582863,0
7.1,3.859693,32.75,66.76076692189807,0
3.51,3.922376,32.75,83.21658488546619,0
-0.32,3.936448,32.75,68.1615727518079,0
-0.93,3.95052,32.75,66.41535966928132,0
-0.96,3.960754,32.75,66.48308055437865,0
2.57,3.946682,32.75,59.941638282582836,0
16.29,3.931331,32.73,76.72027111526653,0
1.27,3.93389,32.73,69.41901756723442,0
-11.73,3.912142,32.73,65.93178292750773,0
-3.09,3.895512,32.73,64.28841264178172,0
2.03,3.878882,32.73,68.54195795277518,0
-2.43,3.867368,32.73,66.30987860040162,0
-6.95,3.850738,32.73,64.6297145282261,0
0.73,3.836667,32.73,69.0869017976635,0
1.91,3.832829,32.73,65.39877674696982,0
8.07,3.818757,32.73,64.48255578061404,0
1.87,3.817478,32.73,65.39877674696982,0
-0.77,3.81364,32.73,66.31741852635702,0
-5.41,3.818757,32.75,65.39877674696982,0
-0.48,3.852017,32.75,65.39877674696982,0
-0.34,3.912142,32.75,65.39877674696982,0
0.62,3.98506,32.75,66.30987860040162,0
-2.23,4.059256,32.73,64.08587988004847,0
-1.53,4.12194,32.73,67.62396025078685,0
1.72,4.144966,32.73,65.00769185258002,0
5.96,4.153921,32.73,66.31741852635702,0
2.89,4.144966,32.73,65.39877674696982,0
-1.95,4.12194,32.73,65.39877674696982,0
-2.37,4.089958,32.73,63.702433234531945,0
-1.55,4.055418,32.73,66.31741852635702,0
2.52,4.050302,32.71,66.31741852635702,0
-2.17,4.144966,32.71,65.00769185258002,0
2.38,4.32662,32.71,65.4217089351845,0
-0.99,4.487805,32.71,66.31741852635702,0
2.28,4.646342,32.71,65.00769185258002,0
0.49,4.733332,32.71,65.39877674696982,0
1.94,4.73589,32.71,65.95452979136459,0
0.08,4.71798,32.71,62.8410693734599,0
1.22,4.674486,32.73,61.85466837676846,0
2.88,4.605406,32.73,66.2117814289874,0
-0.29,4.503067,32.73,64.91532946846992,0
1.3,4.405843,32.73,65.80273550544841,0
-6.18,4.322692,32.73,65.74952471311104,0
-2.82,4.280477,32.73,67.12674578735364,0
1.27,4.236982,32.73,66.24198064671678,0
-4.75,4.248495,32.73,64.89221833163049,0
1.21,4.247216,32.73,66.2117814289874,0
5.03,4.236982,32.73,66.7757440991862,0
8.13,4.225469,32.73,65.4217089351845,0
16.53,4.219072,32.73,65.45991139621256,0
8.59,4.216514,32.73,66.34003316248794,0
-5.91,4.236982,32.73,64.50581369148055,0
-8.15,4.283035,32.73,66.73829485385434,0
2.2,4.329088,32.73,64.00781202322104,0
3.93,4.37642,32.73,65.42935121182236,0
-0.75,4.393051,32.73,63.97655820689325,0
-1.91,4.385375,32.73,63.079315151640635,0
-6.38,4.355952,32.73,65.82552696332935,0
-4.14,4.309899,32.73,67.12674578735364,0
3.26,4.261288,32.73,68.8839603971781,0
1.07,4.208838,32.73,64.43601477434805,0
11.39,4.157669,32.73,67.98529252713413,0
8.37,4.114174,32.71,65.31462317123173,0
-0.75,4.080914,32.71,42.49705872175156,0
-14.32,4.057887,32.71,62.8887907341205,0
-2.53,4.007996,32.71,65.30696746902278,0
0.38,3.981132,32.71,63.419239982831705,0
4.14,3.970898,32.71,65.42935121182236,0
-32.82,3.963222,32.71,64.69930447848725,0
5.38,3.960754,32.71,65.30696746902278,0
5.33,3.953078,32.73,64.83054835492293,0
2.23,3.946682,32.73,64.83054835492293,0
-2.3,3.93261,32.73,65.58200972827838,0
3.4,3.927493,32.73,65.58200972827838,0
-1.99,3.914701,32.73,64.83054835492293,0
2.61,3.926214,32.73,65.49045732013177,0
-0.89,3.935169,32.73,66.09084656743322,0
2.55,3.991456,32.73,66.09084656743322,0
-3.27,4.081004,32.73,65.49045732013177,0
0.54,4.187181,32.73,66.09084656743322,0
-2.19,4.27545,32.73,66.21933252457322,0
2.8,4.329178,32.73,67.58698099486321,0
-0.39,4.352205,32.73,65.58200972827838,0
3.27,4.345809,32.73,66.17401302626281,0
1.24,4.353484,32.73,63.631753079732135,0
2.39,4.303593,32.73,69.0,0
1.63,4.237072,32.73,67.60917097554147,0
2.0,4.196136,32.73,67.31270311018568,0
-2.7,4.174389,32.73,66.88049042882386,0
-3.7,4.139849,32.73,64.10148204214939,0
0.68,4.116823,32.71,66.09084656743322,0
2.63,4.101471,32.71,66.09084656743322,0
-5.69,4.079724,32.71,66.97014260101288,0
-3.75,4.06949,32.71,64.89992295835181,0
0.45,4.05286,32.71,65.94694837519019,0
4.09,4.060535,32.71,66.21933252457322,0
3.0,4.045185,32.71,65.52098900352466,0
7.76,4.056698,32.71,67.59437846448475,0
-3.76,4.046463,32.71,66.76825593049439,0
-1.41,4.03495,32.71,66.94027188471824,0
0.74,4.027275,32.71,63.75735251718032,0
-2.54,4.014482,32.71,80.25584090893322,0
4.54,4.006807,32.71,62.10475022089695,0
0.57,3.994015,32.71,67.03730304837748,0
-0.22,3.991456,32.71,65.56675987114203,0
-1.69,3.979943,32.71,65.42935121182236,0
-10.71,3.994015,32.71,64.7688196588451,0
1.28,4.019599,32.71,65.37583651472461,0
-1.63,4.111705,32.71,63.788713735268246,0
3.96,4.230676,32.71,67.36467917239716,0
-0.56,4.344529,32.71,66.12866246946176,0
-0.38,4.430239,32.71,67.17886572427373,0
4.05,4.4635,32.71,65.0384501660364,0
6.5,4.5133,32.71,67.68308503607086,0
8.21,4.574704,32.71,64.87680633323437,0
0.99,4.65146,32.71,65.7875368135941,0
-6.56,4.700071,32.71,64.87680633323437,0
-10.63,4.700071,32.71,65.27633568147036,0
1.28,4.678324,32.66,65.37583651472461,0
6.08,4.652739,32.66,66.30987860040162,0
7.9,4.607965,32.66,68.52736679604726,0
-5.37,4.538886,32.66,66.36264009214823,0
-9.13,4.482598,32.68,65.49045732013177,0
-17.12,4.41224,32.68,63.4428877022476,0
6.24,4.316296,32.68,66.65583245298194,0
10.52,4.276639,32.68,64.73020933072904,0
-4.07,4.234424,32.66,65.56675987114203,0
-13.72,4.199884,32.66,66.007575322837,0
1.07,4.167902,32.66,66.65583245298194,0
2.93,4.143597,32.66,65.92419889539804,0
-0.49,4.129525,32.71,66.40783086353596,0
0.41,4.126966,32.71,66.30987860040162,0
5.59,4.109057,32.71,65.56675987114203,0
1.27,4.119291,32.71,64.6297145282261,0
9.96,4.125687,32.68,65.46754921333164,0
-3.35,4.144876,32.68,66.007575322837,0
-2.27,4.164065,32.68,64.6297145282261,0
-12.18,4.17174,32.68,61.69278726074872,0
3.11,4.17174,32.66,63.190189111918315,0
2.71,4.164065,32.66,66.21933252457322,0
5.56,4.143597,32.66,68.31544481301428,0
0.78,4.144876,32.66,64.8459713474939,0
7.89,4.13848,32.66,65.27633568147036,0
8.49,4.12185,32.66,66.73829485385434,0
-15.25,4.118011,32.66,66.30987860040162,0
-4.48,4.107778,32.66,65.46754921333164,0
0.19,4.135921,32.66,66.2268827591938,0
-1.19,4.176857,32.66,65.46754921333164,0
1.53,4.233144,32.66,66.30987860040162,0
-2.53,4.285594,32.66,65.56675987114203,0
-0.54,4.318854,32.68,59.81638571495272,0
-4.15,4.325251,32.68,65.0384501660364,0
0.37,4.322692,32.68,65.3834841531101,0
4.52,4.318854,32.68,66.97014260101288,0
0.99,4.288152,32.65,63.7102817447859,0
0.47,4.277918,32.65,65.3834841531101,0
-0.78,4.251054,32.65,67.15653356152326,0
1.02,4.231865,32.65,65.01538279515087,0
-1.24,4.213955,32.68,60.76183012385325,0
1.35,4.198605,32.68,62.71363488110062,0
-0.23,4.185812,32.68,65.68104749469211,0
1.52,4.175578,32.68,65.58200972827838,0
-0.05,4.174299,32.66,64.73020933072904,0
11.3,4.183253,32.66,66.15889962809237,0
18.79,4.188371,32.66,64.73020933072904,0
2.17,4.190929,32.66,64.85368146836385,0
-19.41,4.192208,32.66,65.70388116390082,0
-4.93,4.196046,32.66,65.31462317123173,0
-6.86,4.196046,32.66,66.05300901548695,0
-2.44,4.198605,32.66,66.49060083951716,0
-2.87,4.202442,32.66,64.26507605223851,0
8.07,4.225469,32.66,65.63535632568775,0
15.21,4.325251,32.66,64.33506042586733,0
6.45,4.46213,32.66,66.69332800213226,0
-4.7,4.609244,32.68,66.76076692189807,0
-1.94,4.716702,32.68,64.85368146836385,0
-14.76,4.757638,32.68,64.78425734698207,0
-10.66,4.783222,32.68,64.21059102671458,0
3.9,4.764034,32.66,65.06919393998976,0
-0.68,4.738449,32.66,62.8410693734599,0
-0.17,4.677044,32.66,66.49060083951716,0
3.57,4.611803,32.66,65.58200972827838,0
-1.3,4.556795,32.65,64.73020933072904,0
1.95,4.529931,32.65,65.58200972827838,0
-2.1,4.512021,32.65,65.06919393998976,0
-0.49,4.505625,32.65,66.9552089086428,0
0.77,4.485157,32.65,65.19202405202648,0
5.3,4.463409,32.65,65.58200972827838,0
0.99,4.439104,32.65,66.15889962809237,0
-9.63,4.399447,32.65,65.12296062065974,0
-8.11,4.382817,32.66,63.702433234531945,0
0.15,4.395609,32.66,64.78425734698207,0
-9.55,4.487715,32.66,66.15889962809237,0
7.62,4.624595,32.66,65.58200972827838,0
14.32,4.747403,32.66,65.93178292750773,0
-0.41,4.807528,32.66,65.06919393998976,0
-2.45,4.839509,32.66,65.93178292750773,0
-0.01,4.822879,32.66,65.43699259593154,0
3.3,4.780664,32.66,64.07807737440318,0
-2.88,4.737169,32.66,65.88626564011653,0
3.94,4.666811,32.66,66.76825593049439,0
4.2,4.59901,32.66,65.83312236253116,0
9.89,4.53121,32.66,64.53681120105021,0
-7.27,4.483878,32.66,65.88626564011653,0
0.37,4.421194,32.66,65.83312236253116,0
-6.58,4.432707,32.66,64.91532946846992,0
-2.49,4.455734,32.66,65.83312236253116,0
-6.89,4.490274,32.66,65.79513659838392,0
-1.91,4.508183,32.66,65.79513659838392,0
-5.55,4.508183,32.66,65.36818798161687,0
-2.62,4.506904,32.66,65.36818798161687,0
0.03,4.490274,32.66,65.83312236253116,0
15.58,4.476202,32.66,65.36818798161687,0
-2.67,4.4455,32.66,60.597029630172464,0
-1.76,4.426311,32.65,55.614746245937326,0
-1.22,4.39433,32.65,65.7875368135941,0
0.38,4.37642,32.65,69.97856814768362,0
-0.12,4.352115,32.65,66.76076692189807,0
-18.62,4.344439,32.65,66.76076692189807,0
8.02,4.334205,32.65,66.65583245298194,0
3.93,4.323971,32.65,65.79513659838392,0
-0.14,4.317575,32.65,65.7723346096214,0
-4.08,4.309899,32.65,66.76076692189807,0
8.33,4.322692,32.65,79.55501241279521,0
6.7,4.346998,32.65,69.14477565225012,0
7.47,4.340601,32.65,63.51377803280167,0
5.44,4.322692,32.63,63.229739838148944,0
4.6,4.27536,32.63,67.23094525588644,0
7.46,4.276639,32.63,64.87680633323437,0
-25.83,4.315016,32.63,64.48255578061404,0
-28.03,4.323971,32.63,66.30987860040162,0
14.07,4.335485,32.63,68.47627326307996,0
27.98,4.371304,32.63,65.81033353509159,0
25.14,4.409681,32.63,64.91532946846992,0
-7.53,4.4455,32.65,65.7723346096214,0
-18.47,4.473644,32.65,65.33758489567853,0
-9.17,4.483878,32.65,65.7723346096214,0
1.52,4.486436,32.65,66.27971031922213,0
3.27,4.485157,32.63,65.81033353509159,0
-4.7,4.48004,32.63,65.86349520030045,0
0.62,4.481319,32.63,65.74952471311104,0
-2.21,4.472364,32.63,68.09552114493287,0
5.42,4.459572,32.63,58.66856057549052,0
4.05,4.458292,32.63,60.382116557802114,0
6.73,4.453176,32.63,64.96922348312314,0
1.36,4.453176,32.63,65.81033353509159,0
-2.85,4.449338,32.65,65.81033353509159,0
1.37,4.446779,32.65,64.87680633323437,0
-2.77,4.439104,32.65,64.87680633323437,0
-0.99,4.435266,32.65,65.7723346096214,0
0.88,4.426311,32.65,64.41273166075166,0
-1.02,4.42887,32.65,66.64833081180653,0
4.47,4.430149,32.65,64.85368146836385,0
-0.13,4.42759,32.65,64.85368146836385,0
-6.32,4.432707,32.65,64.85368146836385,0
-0.94,4.431428,32.65,64.85368146836385,0
2.98,4.432707,32.65,65.3299318842443,0
5.15,4.42887,32.65,64.8459713474939,0
5.36,4.422473,32.63,65.30696746902278,0
-3.33,4.425032,32.63,65.30696746902278,0
-3.84,4.437825,32.63,65.74952471311104,0
-2.8,4.459572,32.63,65.74952471311104,0
1.63,4.490274,32.65,65.74952471311104,0
1.56,4.522255,32.65,65.74952471311104,0
2.81,4.529931,32.65,65.31462317123173,0
2.09,4.540164,32.65,64.41273166075166,0
4.47,4.537606,32.63,64.41273166075166,0
1.61,4.554236,32.63,65.74952471311104,0
-6.81,4.56575,32.63,66.64082832618455,0
-7.97,4.5811,32.63,64.85368146836385,0
-4.31,4.593893,32.63,66.19667665374146,0
3.84,4.596452,32.63,64.40496875241847,0
3.83,4.584939,32.63,66.64082832618455,0
-8.92,4.579822,32.63,64.85368146836385,0
-4.08,4.575984,32.61,66.19667665374146,0
-0.6,4.574704,32.61,65.74952471311104,0
4.56,4.56447,32.61,65.74952471311104,0
4.85,4.558074,32.61,65.74952471311104,0
6.84,4.550399,32.61,66.19667665374146,0
-0.06,4.544003,32.61,65.30696746902278,0
0.14,4.546561,32.61,65.30696746902278,0
-4.29,4.5811,32.61,65.30696746902278,0
1.0,4.657856,32.63,65.74952471311104,0
-1.46,4.751241,32.63,64.8459713474939,0
2.19,4.807528,32.63,65.7419196555744,0
0.58,4.866374,32.63,65.30696746902278,0
-0.6,4.879166,32.65,64.8459713474939,0
0.99,4.875329,32.65,64.85368146836385,0
-0.02,4.875329,32.65,64.41273166075166,0
5.36,4.843347,32.65,65.30696746902278,0
-0.0,4.811366,32.61,67.5721836261046,0
2.65,4.772988,32.61,65.30696746902278,0
-3.28,4.739728,32.61,65.7419196555744,0
3.5,4.71798,32.61,64.40496875241847,0
-1.13,4.693675,32.61,66.64082832618455,0
-4.8,4.696233,32.61,65.31462317123173,0
-6.2,4.683441,32.61,65.31462317123173,0
-2.1,4.677044,32.61,65.7723346096214,0
1.18,4.66809,32.63,64.43601477434805,0
-4.25,4.669369,32.63,65.30696746902278,0
3.25,4.655297,32.63,65.31462317123173,0
1.06,4.65018,32.63,65.30696746902278,0
11.11,4.647622,32.61,65.30696746902278,0
7.76,4.638667,32.61,64.40496875241847,0
-0.79,4.636108,32.61,64.88451279003334,0
-5.95,4.628433,32.61,65.31462317123173,0
-1.35,4.630991,32.59,64.89221833163049,0
-3.71,4.628433,32.59,65.7419196555744,0
2.05,4.623316,32.59,63.97655820689325,0
-5.85,4.615641,32.59,66.21933252457322,0
1.44,4.615641,32.61,66.2117814289874,0
-2.9,4.613082,32.61,65.31462317123173,0
4.22,4.614361,32.61,65.30696746902278,0
-3.11,4.615641,32.61,64.88451279003334,0
-9.05,4.610523,32.63,65.30696746902278,0
-3.68,4.611803,32.63,64.88451279003334,0
2.17,4.595172,32.63,66.64082832618455,0
0.15,4.601569,32.63,66.2117814289874,0
8.9,4.593893,32.59,64.88451279003334,0
9.99,4.601569,32.59,66.21933252457322,0
-2.38,4.591335,32.59,66.2117814289874,0
-0.92,4.607965,32.59,64.88451279003334,0
-1.99,4.613082,32.61,66.2117814289874,0
2.01,4.618199,32.61,65.80273550544841,0
0.69,4.619478,32.61,64.88451279003334,0
4.43,4.618199,32.61,64.47480127925948,0
0.26,4.618199,32.61,64.88451279003334,0
1.92,4.605406,32.61,64.89221833163049,0
-8.45,4.611803,32.61,65.80273550544841,0
-4.4,4.604127,32.61,64.89221833163049,0
-0.61,4.604127,32.59,59.80802621722272,0
7.83,4.610523,32.59,71.7007670809734,0
1.76,4.628433,32.59,65.95452979136459,0
3.6,4.648901,32.59,65.39877674696982,0
7.41,4.670648,32.59,64.47480127925948,0
6.84,4.685999,32.59,65.39877674696982,0
-10.32,4.691116,32.59,65.39113089708727,0
-5.76,4.692396,32.59,65.39113089708727,0
-2.49,4.680882,32.59,65.39113089708727,0
2.52,4.691116,32.59,66.30987860040162,0
-2.98,4.680882,32.59,65.80273550544841,0
-2.41,4.679603,32.59,65.39113089708727,0
1.48,4.675765,32.61,64.50581369148055,0
-0.95,4.666811,32.61,65.39877674696982,0
-0.54,4.662973,32.61,66.31741852635702,0
-3.07,4.659135,32.61,64.6297145282261,0
1.46,4.655297,32.61,65.93178292750773,0
-1.86,4.647622,32.61,64.07807737440318,0
-2.07,4.65018,32.61,65.55913361233506,0
-1.82,4.645063,32.61,65.0,0
2.83,4.662973,32.61,65.92419889539804,0
2.9,4.670648,32.61,65.39877674696982,0
5.73,4.675765,32.61,66.31741852635702,0
-2.84,4.687279,32.61,65.93178292750773,0
1.75,4.693675,32.61,65.39113089708727,0
-2.23,4.70135,32.61,65.00769185258002,0
-0.93,4.694954,32.61,66.31741852635702,0
-1.1,4.696233,32.61,65.92419889539804,0
-4.28,4.691116,32.61,66.30987860040162,0
-6.23,4.703909,32.61,65.92419889539804,0
3.81,4.730773,32.61,64.62197768561404,0
6.15,4.80497,32.61,65.93178292750773,0
5.5,4.87149,32.61,65.92419889539804,0
-2.85,4.918823,32.61,65.93178292750773,0
0.32,4.914985,32.61,65.93178292750773,0
-1.24,4.931615,32.61,65.93178292750773,0
-1.92,4.931615,32.61,65.55913361233506,0
-3.14,4.921381,32.61,64.62197768561404,0
-2.31,4.900914,32.61,66.49060083951716,0
-0.34,4.866374,32.61,65.55150646628954,0
-0.96,4.847185,32.59,65.0,0
-1.53,4.812645,32.59,65.92419889539804,0
-6.22,4.797294,32.59,66.30987860040162,0
4.0,4.781943,32.59,64.25729530566937,0
7.59,4.766592,32.57,65.00769185258002,0
6.26,4.77043,32.57,64.6297145282261,0
-3.63,4.764034,32.57,65.55150646628954,0
1.36,4.766592,32.57,64.62197768561404,0
-5.47,4.765313,32.57,65.92419889539804,0
-0.78,4.758916,32.57,65.93178292750773,0
-8.11,4.757638,32.57,65.55913361233506,0
4.28,4.756358,32.57,65.92419889539804,0
0.65,4.747403,32.59,65.55150646628954,0
7.55,4.749962,32.59,65.55150646628954,0
4.05,4.756358,32.59,65.19969325081216,0
7.14,4.748682,32.59,64.85368146836385,0
-2.56,4.749962,32.61,65.19202405202648,0
-12.04,4.753799,32.61,64.8459713474939,0
-6.8,4.751241,32.61,65.19969325081216,0
-1.46,4.751241,32.61,64.8459713474939,0
1.45,4.755079,32.59,65.19202405202648,0
0.89,4.758916,32.59,65.19969325081216,0
0.48,4.756358,32.59,65.19202405202648,0
8.47,4.752521,32.59,66.49060083951716,0
4.28,4.757638,32.61,65.19969325081216,0
2.43,4.753799,32.61,66.49060083951716,0
-2.39,4.751241,32.61,63.90618123468183,0
-0.7,4.748682,32.61,65.7875368135941,0
-4.46,4.744845,32.59,66.1362230551458,0
-2.13,4.73589,32.59,65.7875368135941,0
-5.7,4.73589,32.59,65.79513659838392,0
-1.75,4.742286,32.59,65.79513659838392,0
5.01,4.758916,32.59,65.79513659838392,0
7.71,4.775547,32.59,65.79513659838392,0
1.29,4.798573,32.59,65.7875368135941,0
0.06,4.815204,32.59,64.85368146836385,0
-5.15,4.8216,32.57,64.85368146836385,0
-0.4,4.8216,32.57,65.81793068761733,0
-4.12,4.815204,32.57,64.87680633323437,0
-0.22,4.811366,32.57,64.87680633323437,0
-5.82,4.801132,32.59,66.1362230551458,0
-2.05,4.799853,32.59,64.85368146836385,0
0.46,4.785781,32.59,65.79513659838392,0
-0.98,4.792177,32.59,66.12866246946176,0
5.06,4.796015,32.57,64.85368146836385,0
6.14,4.793457,32.57,65.19202405202648,0
4.23,4.802411,32.57,65.79513659838392,0
0.07,4.799853,32.57,65.19202405202648,0
0.97,4.799853,32.55,66.1362230551458,0
-3.88,4.798573,32.55,64.8459713474939,0
-0.88,4.793457,32.55,66.1362230551458,0
-1.84,4.78706,32.55,67.07458535093602,0
5.04,4.781943,32.57,67.07458535093602,0
2.17,4.778105,32.57,65.19969325081216,0
0.61,4.775547,32.57,65.19969325081216,0
-2.77,4.776826,32.57,64.85368146836385,0
-1.71,4.767871,32.57,65.19969325081216,0
-8.67,4.784502,32.57,64.25729530566937,0
-1.92,4.783222,32.57,65.92419889539804,0
2.8,4.793457,32.57,65.92419889539804,0
5.5,4.797294,32.57,64.26507605223851,0
3.84,4.801132,32.57,65.55913361233506,0
4.68,4.799853,32.57,66.49060083951716,0
3.45,4.793457,32.57,64.28841264178172,0
-2.69,4.793457,32.57,64.28841264178172,0
-2.24,4.78834,32.57,64.87680633323437,0
-2.0,4.794735,32.57,65.22269543648132,0
2.81,4.790898,32.57,64.87680633323437,0
-0.29,4.822879,32.57,66.1362230551458,0
-1.64,4.831834,32.57,66.1362230551458,0
-2.73,4.835672,32.57,66.1362230551458,0
-2.47,4.83823,32.57,64.85368146836385,0
-1.94,4.836951,32.55,65.19969325081216,0
2.43,4.83823,32.55,65.19969325081216,0
8.7,4.807528,32.55,65.19969325081216,0
4.24,4.824158,32.55,65.19969325081216,0
-0.38,4.836951,32.53,65.19969325081216,0
-2.43,4.879166,32.53,64.28841264178172,0
-2.61,4.900914,32.53,66.51315659326356,0
-1.14,4.929057,32.53,65.19969325081216,0
0.06,4.935453,32.55,66.12866246946176,0
-7.64,4.934174,32.55,63.324560795950255,0
-7.0,4.929057,32.55,64.8459713474939,0
1.94,4.917544,32.55,65.19969325081216,0
2.57,4.917544,32.55,63.914004725099176,0
5.7,4.900914,32.55,64.85368146836385,0
7.72,4.897076,32.55,65.81793068761733,0
6.68,4.899634,32.55,65.81793068761733,0
-9.15,4.911148,32.55,66.15889962809237,0
-7.83,4.925219,32.55,67.09694478886502,0
-2.25,4.943129,32.55,66.1362230551458,0
3.18,4.950804,32.55,65.19969325081216,0
-3.71,4.959219,32.53,65.22269543648132,0
5.87,4.964335,32.53,66.12866246946176,0
1.17,4.95666,32.53,65.19969325081216,0
7.41,4.95666,32.53,64.87680633323437,0
4.04,4.952822,32.53,66.15889962809237,0
3.65,4.950264,32.53,64.87680633323437,0
-3.69,4.93875,32.53,64.85368146836385,0
-6.16,4.925958,32.53,66.1362230551458,0
-0.47,4.914444,32.53,64.85368146836385,0
-3.12,4.909328,32.53,66.1362230551458,0
2.01,4.90549,32.53,65.81793068761733,0
-1.3,4.902931,32.53,66.15889962809237,0
3.48,4.896535,32.55,66.15889962809237,0
-0.85,4.900373,32.55,65.19969325081216,0
1.98,4.893977,32.55,65.19969325081216,0
-0.61,4.88886,32.55,65.19969325081216,0
3.63,4.886301,32.57,64.85368146836385,0
-1.48,4.886301,32.57,63.33245613427605,0
0.62,4.874788,32.57,69.28924880528002,0
-3.71,4.868392,32.57,65.19969325081216,0
1.25,4.869671,32.53,65.19202405202648,0
-7.21,4.885022,32.53,64.87680633323437,0
-0.62,4.902931,32.53,64.85368146836385,0
-1.74,4.933633,32.53,64.87680633323437,0
6.1,4.960498,32.55,65.81793068761733,0
-0.57,4.978407,32.55,64.85368146836385,0
-8.66,4.993758,32.55,64.85368146836385,0
0.64,4.993758,32.55,65.19969325081216,0
6.2,4.992479,32.55,65.81793068761733,0
5.3,4.993758,32.55,64.85368146836385,0
3.76,4.974569,32.55,65.22269543648132,0
-2.29,4.970732,32.55,64.87680633323437,0
-6.29,4.951543,32.53,64.87680633323437,0
-1.98,4.950264,32.53,64.87680633323437,0
-1.27,4.937471,32.53,65.79513659838392,0
-2.15,4.937471,32.53,65.79513659838392,0
-1.98,4.933633,32.53,65.79513659838392,0
4.57,4.93875,32.53,65.81793068761733,0
3.21,4.937471,32.53,65.81793068761733,0
-6.95,4.933633,32.53,66.15889962809237,0
-6.53,4.929796,32.53,66.1362230551458,0
-1.2,4.920841,32.53,65.81793068761733,0
6.57,4.928516,32.53,64.87680633323437,0
-3.3,4.925958,32.53,65.79513659838392,0
1.55,4.937471,32.55,66.1362230551458,0
0.25,4.941309,32.55,64.85368146836385,0
0.68,4.943867,32.55,65.79513659838392,0
1.69,4.955381,32.55,66.12866246946176,0
5.4,4.961777,32.55,65.26867548832288,0
11.46,4.970732,32.55,65.49045732013177,0
6.7,4.959219,32.55,64.85368146836385,0
-4.41,4.963056,32.55,66.43794096749237,0
-13.51,4.946426,32.5,65.81793068761733,0
-4.73,4.963056,32.5,68.07348970047003,0
-1.97,4.965615,32.5,64.91532946846992,0
0.92,4.969452,32.5,64.87680633323437,0
-1.59,4.979686,32.55,66.41535966928132,0
5.96,4.989921,32.55,63.57672530100933,0
6.03,4.993758,32.55,64.52131430775415,0
3.9,4.984804,32.55,67.38694235532579,0
9.19,4.984804,32.53,64.5832795698701,0
0.35,4.979686,32.53,65.90902821313632,0
-5.45,4.960498,32.53,65.81793068761733,0
-9.45,4.965615,32.53,65.81793068761733,0
-2.13,4.970732,32.57,65.81793068761733,0
-1.05,4.966894,32.57,64.5445582524197,0
-3.1,4.957939,32.57,65.79513659838392,0
-4.83,4.960498,32.57,64.87680633323437,0
0.26,4.960498,32.53,66.76076692189807,0
-0.39,4.964335,32.53,65.81793068761733,0
7.38,4.963056,32.53,65.19969325081216,0
0.59,4.95666,32.53,65.19969325081216,0
0.91,4.961777,32.53,65.19969325081216,0
-1.66,4.955381,32.53,65.19969325081216,0
1.08,4.947705,32.53,65.81793068761733,0
-0.39,4.947705,32.53,65.81793068761733,0
-0.97,4.943867,32.53,65.26101439603893,0
-3.92,4.942588,32.53,64.87680633323437,0
-0.7,4.94003,32.53,66.15889962809237,0
-1.49,4.945147,32.53,65.49045732013177,0
3.15,4.948985,32.53,64.87680633323437,0
-2.82,4.95666,32.53,65.81793068761733,0
1.85,4.964335,32.53,64.87680633323437,0
-1.1,4.960498,32.53,65.81793068761733,0
2.49,4.965615,32.5,64.85368146836385,0
-0.5,4.957939,32.5,64.87680633323437,0
1.05,4.970732,32.5,65.81793068761733,0
0.47,4.972011,32.5,64.5445582524197,0
0.39,4.974569,32.5,65.81793068761733,0
0.99,4.972011,32.5,64.87680633323437,0
3.1,4.963056,32.5,65.81793068761733,0
-1.68,4.964335,32.5,65.81793068761733,0
-1.54,4.957939,32.53,64.87680633323437,0
0.41,4.968173,32.53,67.09694478886502,0
1.91,4.968173,32.53,64.5445582524197,0
5.45,4.975849,32.53,65.79513659838392,0
0.07,4.977128,32.53,65.49045732013177,0
-5.34,4.984804,32.53,65.81793068761733,0
-8.45,4.983524,32.53,65.81793068761733,0
-2.0,4.983524,32.53,65.79513659838392,0
1.69,4.983524,32.5,64.87680633323437,0
4.14,4.979686,32.5,66.15889962809237,0
0.97,4.979686,32.5,65.81793068761733,0
5.35,4.980966,32.5,65.79513659838392,0
0.31,4.979686,32.5,65.79513659838392,0
0.41,4.988641,32.5,65.79513659838392,0
-5.12,4.979686,32.5,65.19969325081216,0
-0.65,4.972011,32.5,63.914004725099176,0
-3.22,4.975849,32.5,66.15889962809237,0
1.91,4.97329,32.5,64.85368146836385,0
1.85,4.97329,32.5,64.87680633323437,0
-4.35,4.968173,32.5,65.79513659838392,0
-0.72,4.974569,32.5,65.79513659838392,0
-1.28,4.977128,32.5,64.52131430775415,0
1.45,4.987362,32.5,66.1362230551458,0
3.5,4.987362,32.5,64.87680633323437,0
2.73,4.997596,32.53,64.85368146836385,0
-1.08,4.996317,32.53,65.7875368135941,0
1.72,4.989921,32.53,64.85368146836385,0
-0.27,5.000154,32.53,64.85368146836385,0
2.76,5.005271,32.49,65.79513659838392,0
-2.23,5.033415,32.49,64.85368146836385,0
1.79,5.047487,32.49,64.87680633323437,0
-6.28,5.067955,32.49,65.49045732013177,0
-0.12,5.07691,32.49,65.49045732013177,0
0.42,5.073072,32.49,66.73829485385434,0
-0.66,5.071793,32.49,66.79820356865893,0
1.9,5.070513,32.49,65.1536645170477,0
2.03,5.065396,32.5,64.91532946846992,0
1.24,5.047487,32.5,65.1766829472013,0
2.7,5.050045,32.5,67.36467917239716,0
-1.54,5.032136,32.5,63.92182725798755,0
0.94,5.035974,32.53,65.46754921333164,0
3.26,5.027019,32.53,67.36467917239716,0
3.38,5.033415,32.53,65.46754921333164,0
1.8,5.087143,32.53,64.51356446515724,0
3.98,5.220186,32.5,65.14598989960932,0
0.67,5.390326,32.5,65.1536645170477,0
3.78,5.508017,32.5,65.21502894272147,0
11.92,5.632752,32.5,65.87108622149782,0
9.74,5.666013,32.5,64.87680633323437,0
-0.16,5.672409,32.5,65.83312236253116,0
-3.93,5.612284,32.5,66.12866246946176,0
-9.63,5.584141,32.5,64.85368146836385,0
-3.47,5.538088,32.49,66.10597552415364,0
-2.04,5.477963,32.49,66.10597552415364,0
0.57,5.424234,32.49,64.85368146836385,0
-3.3,5.376902,32.49,66.12866246946176,0
0.46,5.343641,32.49,64.85368146836385,0
-2.05,5.309102,32.49,65.1536645170477,0
1.19,5.282238,32.49,66.41535966928132,0
-3.24,5.247698,32.49,63.92182725798755,0
2.79,5.233626,32.5,66.10597552415364,0
-3.5,5.241302,32.5,65.1766829472013,0
0.99,5.237463,32.5,66.12866246946176,0
-6.87,5.240022,32.5,65.83312236253116,0
2.65,5.232347,32.49,66.16645675869307,0
0.3,5.224671,32.49,65.21502894272147,0
6.95,5.210599,32.49,66.21933252457322,0
0.31,5.202924,32.49,75.33259586659682,0
1.35,5.210599,32.5,72.89718787443039,0
-1.13,5.263049,32.5,69.82836100038436,0
0.53,5.292471,32.5,69.13754406977442,0
8.72,5.337245,32.5,62.76145313805282,0
-8.92,5.357713,32.49,62.056425936400814,0
-15.64,5.360272,32.49,66.85057965343307,0
-0.88,5.356434,32.49,64.96922348312314,0
12.72,5.342362,32.49,65.63535632568775,0
14.67,5.320615,32.5,67.32013071882734,0
-0.32,5.310381,32.5,66.37017402418047,0
0.43,5.289913,32.5,65.5286197016235,0
-3.05,5.272004,32.5,66.59579566308972,0
1.07,5.259211,32.49,66.6783323126786,0
-1.09,5.246418,32.49,64.08587988004847,0
4.37,5.241302,32.49,66.6783323126786,0
-0.53,5.228509,32.49,65.4217089351845,0
0.8,5.220833,32.49,67.62396025078685,0
-0.53,5.224671,32.49,68.57113095173507,0
3.86,5.250256,32.49,66.7757440991862,0
-3.68,5.268166,32.49,64.47480127925948,0
1.05,5.29503,32.47,65.4217089351845,0
-3.23,5.314219,32.47,66.7757440991862,0
0.54,5.309102,32.47,66.2872536767062,0
-2.89,5.298868,32.47,65.4217089351845,0
-3.79,5.277121,32.47,67.47592163134935,0
-1.0,5.286075,32.47,65.4217089351845,0
5.44,5.279679,32.47,66.46803743153546,0
2.15,5.297588,32.47,65.73431371817918,0
4.04,5.296309,32.47,65.4217089351845,0
-1.02,5.319336,32.47,65.4217089351845,0
-2.33,5.316777,32.47,66.37017402418047,0
-0.35,5.314219,32.47,65.6505902486794,0
0.84,5.306543,32.47,65.4217089351845,0
0.09,5.296309,32.47,65.26867548832288,0
-0.59,5.282238,32.47,63.324560795950255,0
0.91,5.261769,32.47,64.79197481170026,0
-0.04,5.266886,32.47,63.52952069707436,0
-0.11,5.264328,32.47,65.97726881282674,0
0.62,5.256652,32.47,67.23838189605696,0
5.09,5.250256,32.47,66.2872536767062,0
-2.99,5.236185,32.47,66.59579566308972,0
-0.45,5.237463,32.47,66.59579566308972,0
-3.61,5.22595,32.47,65.4217089351845,0
-1.97,5.228509,32.47,65.33758489567853,0
4.75,5.228509,32.47,65.4217089351845,0
0.49,5.236185,32.47,63.796551630946325,0
-1.89,5.238743,32.47,65.0384501660364,0
0.82,5.284796,32.47,64.38167441127949,0
3.01,5.279679,32.49,65.33758489567853,0
1.84,5.279679,32.49,66.17401302626281,0
15.09,5.283517,32.49,46.49731175025068,0
3.51,5.315498,32.49,88.48163651289458,0
-10.95,5.325732,32.47,67.4166151627327,0
4.89,5.306543,32.47,73.00684899377592,0
38.67,5.233626,32.47,63.45076831686122,0
-8.23,5.288634,32.47,65.612498809297,0
-46.6,5.287354,32.5,60.41522986797286,0
-5.44,5.32829,32.5,71.45628033979938,0
31.89,5.335966,32.5,66.27216610312357,0
-25.7,5.373064,32.5,68.1615727518079,0
-1.91,5.422955,32.5,71.40728254176881,0
-5.58,5.43191,32.5,58.35237784358063,0
7.57,5.430631,32.5,61.54673021371647,0
8.31,5.439585,32.5,88.33459118601274,0
15.35,5.43191,32.49,82.09750300709517,0
-13.56,5.417838,32.49,51.86520991955976,0
-12.88,5.426793,32.49,77.3692445355388,0
12.08,5.430631,32.49,72.47758274114831,0
2.7,5.439585,32.49,70.03570517957252,0
-12.19,5.475404,32.49,68.1248853210044,0
18.53,5.509944,32.49,64.07807737440318,0
-5.87,5.49971,32.49,63.13477647065839,0
4.46,5.506106,32.47,69.34695379034324,0
15.98,5.506106,32.47,63.733821476512766,0
-9.55,5.488197,32.47,76.08547824650904,0
13.55,5.477963,32.47,63.182275995725256,0
-8.9,5.471567,32.47,60.67124524847005,0
5.12,5.472846,32.47,67.63135367564367,0
-4.78,5.433189,32.47,61.237243569579455,0
-2.69,5.420397,32.47,71.50524456289902,0
-4.43,5.421676,32.49,71.70774016799024,0
10.24,5.443423,32.49,63.2771680782255,0
19.05,5.428072,32.49,86.1974477580398,0
9.35,5.458774,32.49,64.95382975621992,0
-9.5,5.443423,32.47,61.97580172938467,0
-2.24,5.428072,32.47,67.60917097554147,0
19.92,5.435748,32.47,62.369864518050704,0
-20.86,5.444702,32.47,69.476614770727,0
-8.63,5.420397,32.5,64.26507605223851,0
-0.73,5.411442,32.5,67.60177512462228,0
-16.72,5.394812,32.5,67.68308503607086,0
37.35,5.403766,32.5,64.01562309311689,0
-2.64,5.39737,32.49,65.13063795173512,0
9.89,5.388415,32.49,67.58698099486321,0
-0.3,5.385857,32.49,77.6273147803014,0
-3.21,5.401208,32.49,69.92138442565336,0
-9.38,5.387136,32.5,61.237243569579455,0
1.33,5.384578,32.5,63.13477647065839,0
-0.41,5.401208,32.5,70.75309180523492,0
-7.5,5.406325,32.5,53.9351462406472,0
-20.52,5.390974,32.49,57.41950887982237,0
9.82,5.361551,32.49,71.28113354878694,0
-19.03,5.507386,32.49,73.33484846919642,0
16.99,5.521457,32.49,50.53711507397311,0
56.0,5.399929,32.47,69.63476143421474,0
91.31,5.324453,32.47,69.05794668247819,0
-2.45,5.373064,32.47,63.20601237224193,0
-100.85,5.347479,32.47,62.0403094769844,0
-60.0,5.371785,32.47,61.5223536610881,0
49.15,5.419117,32.47,63.60031446463138,0
64.07,5.428072,32.47,62.01612693485461,0
34.74,5.444702,32.47,65.16133823057964,0
-35.78,5.493314,32.49,62.01612693485461,0
-20.67,5.438306,32.49,63.26926584053272,0
23.79,5.410162,32.49,67.36467917239716,0
61.65,5.439585,32.49,63.14269553954757,0
-171.32,5.461333,32.49,57.697486947006624,0
68.97,5.520178,32.49,64.389440128021,0
90.49,5.434468,32.49,64.389440128021,0
-79.57,5.410162,32.49,63.655321851358195,0
76.95,5.414001,32.49,64.35837163881635,0
-64.58,5.407604,32.49,64.389440128021,0
-134.79,5.399929,32.49,63.655321851358195,0
-23.36,5.389695,32.49,64.35060217278468,0
-15.39,5.394812,32.5,64.38167441127949,0
19.83,5.392253,32.5,63.655321851358195,0
14.42,5.392253,32.5,65.11528238439882,0
11.52,5.382019,32.5,64.38167441127949,0
-2.27,5.382019,32.47,63.7808748764079,0
11.9,5.38074,32.47,64.21059102671458,0
17.3,5.370506,32.47,63.631753079732135,0
47.15,5.387136,32.47,63.92182725798755,0
80.84,5.387136,32.47,64.4437739428721,0
13.15,5.382019,32.47,63.7102817447859,0
-144.01,5.366668,32.47,64.4437739428721,0
-128.26,5.375623,32.47,64.35060217278468,0
-2.44,5.355155,32.47,64.38167441127949,0
34.11,5.366668,32.47,64.35060217278468,0
27.67,5.365389,32.47,63.655321851358195,0
52.4,5.367947,32.47,63.655321851358195,0
-7.84,5.370506,32.47,63.655321851358195,0
9.68,5.369226,32.47,64.45153217728807,0
10.37,5.347479,32.47,64.38167441127949,0
-20.14,5.36283,32.47,64.38167441127949,0
-15.01,5.370506,32.49,63.655321851358195,0
-7.58,5.365389,32.49,64.38167441127949,0
-9.4,5.369226,32.49,64.38167441127949,0
6.06,5.369226,32.49,64.38167441127949,0
5.38,5.374343,32.49,63.702433234531945,0
4.08,5.385857,32.49,63.702433234531945,0
12.88,5.398649,32.49,63.655321851358195,0
8.55,5.416559,32.49,64.81512169239521,0
21.89,5.414001,32.47,64.20280367709809,0
5.64,5.426793,32.47,64.66065264130884,0
8.18,5.422955,32.47,63.89053137985315,0
0.35,5.424234,32.47,64.66065264130884,0
17.26,5.416559,32.45,64.03905058634146,0
6.27,5.426793,32.45,64.53681120105021,0
8.93,5.434468,32.45,64.53681120105021,0
-5.61,5.424234,32.45,64.5445582524197,0
-14.36,5.424234,32.47,64.53681120105021,0
-34.7,5.428072,32.47,64.53681120105021,0
13.41,5.421676,32.47,64.53681120105021,0
14.46,5.420397,32.47,63.89053137985315,0
1.83,5.419117,32.47,63.89053137985315,0
11.11,5.415279,32.47,63.89053137985315,0
-12.06,5.408883,32.47,64.53681120105021,0
13.96,5.405046,32.47,64.53681120105021,0
-1.19,5.401208,32.47,64.53681120105021,0
10.85,5.410162,32.47,64.53681120105021,0
5.73,5.411442,32.47,64.53681120105021,0
1.08,5.412721,32.47,64.53681120105021,0
8.15,5.412721,32.47,64.53681120105021,0
-18.41,5.416559,32.47,63.89053137985315,0
12.85,5.422955,32.47,64.53681120105021,0
0.94,5.420397,32.47,64.66838485689897,0
3.79,5.420397,32.49,64.5445582524197,0
5.96,5.421676,32.49,64.66065264130884,0
-12.88,5.411442,32.49,65.29931086925804,0
5.56,5.420397,32.49,63.89053137985315,0
-3.33,5.415279,32.49,64.66838485689897,0
10.89,5.420397,32.49,63.89053137985315,0
3.35,5.416559,32.49,64.66065264130884,0
-4.77,5.420397,32.49,64.03905058634146,0
4.6,5.420397,32.47,63.89053137985315,0
-9.03,5.422955,32.47,63.89835678638379,0
6.07,5.430631,32.47,63.89835678638379,0
-6.7,5.429351,32.47,63.7808748764079,0
5.7,5.429351,32.47,64.53681120105021,0
-2.13,5.419117,32.47,63.89053137985315,0
8.26,5.429351,32.47,64.5445582524197,0
1.5,5.424234,32.47,64.53681120105021,0
-4.37,5.430631,32.47,64.66838485689897,0
11.05,5.437027,32.47,63.89835678638379,0
-6.8,5.434468,32.47,64.53681120105021,0
11.67,5.434468,32.47,64.5445582524197,0
5.34,5.428072,32.47,64.53681120105021,0
-6.64,5.439585,32.47,64.5445582524197,0
6.6,5.429351,32.47,64.53681120105021,0
0.77,5.430631,32.47,64.53681120105021,0
3.59,5.421676,32.5,64.53681120105021,0
9.66,5.435748,32.5,63.89053137985315,0
1.15,5.426793,32.5,63.89835678638379,0
8.13,5.424234,32.5,63.89835678638379,0
0.19,5.424234,32.47,63.89053137985315,0
-13.4,5.420397,32.47,64.53681120105021,0
-7.61,5.428072,32.47,63.89053137985315,0
-5.98,5.429351,32.47,64.53681120105021,0
-0.49,5.433189,32.47,64.53681120105021,0
3.36,5.433189,32.47,64.5445582524197,0
-0.99,5.43191,32.47,64.5445582524197,0
3.95,5.425514,32.47,64.5445582524197,0
-0.26,5.425514,32.47,64.53681120105021,0
2.94,5.434468,32.47,64.53681120105021,0
-1.51,5.426793,32.47,64.5445582524197,0
-6.51,5.429351,32.47,64.5445582524197,0
-1.63,5.428072,32.47,64.5445582524197,0
-5.97,5.429351,32.47,64.53681120105021,0
-4.51,5.428072,32.47,64.53681120105021,0
1.08,5.421676,32.47,64.53681120105021,0
-6.52,5.421676,32.47,64.53681120105021,0
-1.96,5.421676,32.47,63.788713735268246,0
-0.34,5.383298,32.47,63.89835678638379,0
-1.88,5.407604,32.47,63.89835678638379,0
-0.05,5.410162,32.45,63.89835678638379,0
-10.25,5.414001,32.45,63.89835678638379,0
1.89,5.412721,32.45,63.89835678638379,0
1.51,5.425514,32.45,63.7808748764079,0
1.45,5.419117,32.5,64.53681120105021,0
1.16,5.422955,32.5,64.53681120105021,0
-6.35,5.430631,32.5,63.89835678638379,0
2.64,5.428072,32.5,63.89835678638379,0
-0.91,5.426793,32.49,65.30696746902278,0
7.01,5.421676,32.49,63.89053137985315,0
-6.07,5.435748,32.49,64.53681120105021,0
3.61,5.43191,32.49,64.5445582524197,0
1.13,5.433189,32.49,64.5445582524197,0
-6.57,5.437027,32.49,64.53681120105021,0
4.9,5.438306,32.49,63.7808748764079,0
-7.73,5.438306,32.49,64.5445582524197,0
6.28,5.43191,32.47,63.788713735268246,0
5.04,5.442144,32.47,64.5445582524197,0
-7.74,5.430631,32.47,64.5445582524197,0
4.86,5.43191,32.47,64.53681120105021,0
-0.11,5.424234,32.47,64.5445582524197,0
3.39,5.43191,32.47,64.5445582524197,0
4.34,5.429351,32.47,64.5445582524197,0
-5.66,5.421676,32.47,63.89835678638379,0
3.59,5.424234,32.47,64.5445582524197,0
0.93,5.425514,32.47,63.788713735268246,0
-6.44,5.425514,32.47,63.788713735268246,0
-0.37,5.424234,32.47,63.788713735268246,0
-13.74,5.420397,32.47,64.5445582524197,0
6.73,5.421676,32.47,64.53681120105021,0
0.32,5.414001,32.47,63.788713735268246,0
1.09,5.411442,32.47,64.5445582524197,0
1.02,5.414001,32.49,63.788713735268246,0
-7.4,5.420397,32.49,63.788713735268246,0
3.32,5.416559,32.49,63.788713735268246,0
-3.26,5.412721,32.49,64.53681120105021,0
7.75,5.414001,32.47,64.53681120105021,0
2.59,5.416559,32.47,63.89835678638379,0
-3.6,5.415279,32.47,64.66838485689897,0
2.39,5.417838,32.47,64.66065264130884,0
-10.21,5.424234,32.49,65.29931086925804,0
2.74,5.412721,32.49,64.53681120105021,0
3.52,5.407604,32.49,64.66838485689897,0
-7.62,5.412721,32.49,63.89835678638379,0
-1.69,5.410162,32.47,64.5445582524197,0
-2.62,5.410162,32.47,64.5445582524197,0
5.09,5.403766,32.47,63.13477647065839,0
4.37,5.414001,32.47,64.5445582524197,0
10.03,5.402487,32.47,64.53681120105021,0
5.57,5.412721,32.47,64.5445582524197,0
-10.5,5.415279,32.47,64.5445582524197,0
-5.97,5.411442,32.47,64.5445582524197,0
-1.9,5.408883,32.47,64.5445582524197,0
3.58,5.396091,32.47,63.788713735268246,0
3.17,5.403766,32.47,63.788713735268246,0
-3.81,5.394812,32.47,64.5445582524197,0
11.6,5.39737,32.49,64.5445582524197,0
6.26,5.39737,32.49,63.788713735268246,0
1.04,5.393532,32.49,64.5445582524197,0
-2.97,5.393532,32.49,64.5445582524197,0
-9.64,5.394812,32.47,64.5445582524197,0
-1.67,5.396091,32.47,64.5445582524197,0
-1.36,5.389695,32.47,64.5445582524197,0
3.84,5.392253,32.47,63.89053137985315,0
1.53,5.383298,32.49,64.5445582524197,0
1.52,5.387136,32.49,64.5445582524197,0
3.5,5.387136,32.49,64.5445582524197,0
-9.64,5.387136,32.49,64.5445582524197,0
-1.66,5.388415,32.45,64.5445582524197,0
-1.73,5.390974,32.45,64.5445582524197,0
8.85,5.392253,32.45,64.53681120105021,0
4.55,5.390974,32.45,64.5445582524197,0
-0.71,5.390974,32.47,64.5445582524197,0
1.71,5.390974,32.47,64.53681120105021,0
-0.78,5.383298,32.47,64.66065264130884,0
4.45,5.378181,32.47,63.89835678638379,0
-0.87,5.38074,32.47,63.12685640834652,0
-7.44,5.389695,32.47,64.5445582524197,0
-1.91,5.357713,32.47,63.89835678638379,0
-11.62,5.374343,32.47,64.66838485689897,0
-1.46,5.375623,32.49,64.66838485689897,0
-4.07,5.370506,32.49,64.5445582524197,0
4.58,5.37946,32.49,63.89835678638379,0
9.64,5.38074,32.49,63.89835678638379,0
5.04,5.376902,32.47,64.5445582524197,0
3.83,5.375623,32.47,64.53681120105021,0
-1.33,5.369226,32.47,65.30696746902278,0
-1.3,5.374343,32.47,63.788713735268246,0
0.04,5.365389,32.45,64.5445582524197,0
-9.91,5.374343,32.45,64.5445582524197,0
1.56,5.370506,32.45,63.788713735268246,0
-7.55,5.370506,32.45,64.5445582524197,0
2.33,5.369226,32.47,64.53681120105021,0
3.74,5.367947,32.47,64.66838485689897,0
-5.55,5.365389,32.47,64.66838485689897,0
5.57,5.360272,32.47,64.66838485689897,0
3.9,5.36283,32.47,64.66838485689897,0
6.1,5.353876,32.47,64.66838485689897,0
4.47,5.36283,32.47,64.66065264130884,0
-11.3,5.358993,32.47,64.66838485689897,0
-3.57,5.357713,32.47,64.66065264130884,0
-6.66,5.357713,32.47,64.66065264130884,0
4.19,5.351317,32.47,63.89835678638379,0
0.42,5.356434,32.47,64.66065264130884,0
0.04,5.355155,32.47,64.66838485689897,0
5.23,5.352596,32.47,65.19202405202648,0
1.71,5.351317,32.47,62.369864518050704,0
11.71,5.352596,32.47,64.5445582524197,0
0.43,5.344921,32.47,65.30696746902278,0
2.87,5.347479,32.47,64.66838485689897,0
-6.35,5.347479,32.47,63.89835678638379,0
-12.37,5.347479,32.47,63.89835678638379,0
0.48,5.343641,32.47,63.89053137985315,0
-8.67,5.3462,32.47,63.89835678638379,0
10.73,5.3462,32.47,63.89053137985315,0
6.93,5.3462,32.47,63.89053137985315,0
-5.17,5.348759,32.47,64.53681120105021,0
4.25,5.370506,32.47,63.12685640834652,0
-2.75,5.412721,32.47,64.53681120105021,0
7.13,5.444702,32.47,62.51399843235114,0
16.94,5.508665,32.45,63.13477647065839,0
63.92,5.476684,32.45,64.53681120105021,0
50.8,5.458774,32.45,63.12685640834652,0
-16.51,5.440865,32.45,63.66317616958802,0
-127.41,5.429351,32.49,65.06150935845248,0
-21.66,5.415279,32.49,64.35837163881635,0
-173.02,5.38074,32.49,63.647466563878254,0
-8.08,5.390974,32.49,64.35837163881635,0
18.63,5.387136,32.49,63.647466563878254,0
28.17,5.394812,32.49,64.35837163881635,0
16.56,5.408883,32.49,63.647466563878254,0
18.08,5.421676,32.49,63.647466563878254,0
9.82,5.410162,32.47,63.647466563878254,0
-3.14,5.416559,32.47,63.647466563878254,0
8.41,5.402487,32.47,64.35837163881635,0
-4.21,5.402487,32.47,63.647466563878254,0
7.06,5.398649,32.47,63.647466563878254,0
1.85,5.396091,32.47,63.647466563878254,0
-1.87,5.392253,32.47,63.647466563878254,0
3.84,5.392253,32.47,64.35837163881635,0
-11.51,5.389695,32.47,63.647466563878254,0
6.95,5.376902,32.47,63.647466563878254,0
1.74,5.388415,32.47,64.35837163881635,0
3.08,5.37946,32.47,64.35837163881635,0
6.3,5.388415,32.47,64.35837163881635,0
-9.39,5.387136,32.47,64.35837163881635,0
9.57,5.385857,32.47,64.35837163881635,0
0.54,5.384578,32.47,64.35837163881635,0
3.58,5.378181,32.45,64.35837163881635,0
6.96,5.384578,32.45,64.35837163881635,0
-8.51,5.374343,32.45,64.35837163881635,0
6.67,5.375623,32.45,63.647466563878254,0
1.17,5.365389,32.47,63.647466563878254,0
3.46,5.378181,32.47,64.35837163881635,0
3.94,5.371785,32.47,64.35837163881635,0
-9.0,5.370506,32.47,64.35837163881635,0
4.84,5.370506,32.49,64.35837163881635,0
-5.15,5.371785,32.49,63.66317616958802,0
8.16,5.3462,32.49,63.647466563878254,0
0.14,5.352596,32.49,64.35837163881635,0
-0.51,5.366668,32.49,63.66317616958802,0
4.92,5.366668,32.49,64.35837163881635,0
-6.13,5.367947,32.49,64.35837163881635,0
14.49,5.360272,32.49,64.35837163881635,0
2.77,5.36411,32.47,63.647466563878254,0
-2.59,5.360272,32.47,63.647466563878254,0
-2.09,5.358993,32.47,63.647466563878254,0
-15.92,5.36411,32.47,64.35837163881635,0
8.92,5.351317,32.47,63.647466563878254,0
12.77,5.36411,32.47,64.35837163881635,0
8.64,5.361551,32.47,64.35837163881635,0
-0.87,5.36283,32.47,64.35837163881635,0
-9.91,5.361551,32.47,64.35837163881635,0
-2.14,5.356434,32.47,64.35837163881635,0
-7.18,5.353876,32.47,64.35837163881635,0
2.61,5.360272,32.47,65.06150935845248,0
0.29,5.360272,32.47,64.35837163881635,0
4.56,5.360272,32.47,64.35837163881635,0
8.52,5.361551,32.47,64.35837163881635,0
-5.06,5.358993,32.47,64.35837163881635,0
2.11,5.352596,32.43,64.35837163881635,0
-0.25,5.360272,32.43,64.35837163881635,0
1.5,5.356434,32.43,64.35837163881635,0
0.87,5.352596,32.43,64.35837163881635,0
-7.7,5.348759,32.45,63.647466563878254,0
-5.31,5.341083,32.45,64.35837163881635,0
-5.94,5.343641,32.45,63.647466563878254,0
-2.1,5.342362,32.45,63.647466563878254,0
-1.6,5.341083,32.45,64.35837163881635,0
-4.18,5.334687,32.45,63.647466563878254,0
1.57,5.337245,32.45,64.35837163881635,0
-2.55,5.334687,32.45,64.35837163881635,0
-0.64,5.337245,32.49,64.35837163881635,0
-4.75,5.339804,32.49,64.35837163881635,0
-4.59,5.338524,32.49,63.66317616958802,0
-1.54,5.338524,32.49,64.35837163881635,0
-4.93,5.324453,32.49,64.35837163881635,0
3.74,5.339804,32.49,64.35837163881635,0
-3.25,5.332128,32.49,63.647466563878254,0
-0.21,5.324453,32.49,64.35837163881635,0
10.46,5.327011,32.47,64.35837163881635,0
2.34,5.320615,32.47,64.35837163881635,0
6.25,5.321894,32.47,63.647466563878254,0
-2.7,5.316777,32.47,64.35837163881635,0
0.78,5.320615,32.5,64.35837163881635,0
1.61,5.319336,32.5,64.35837163881635,0
-0.96,5.319336,32.5,64.35837163881635,0
7.08,5.31166,32.5,64.35837163881635,0
-6.93,5.31166,32.49,64.35837163881635,0
-1.13,5.318057,32.49,64.35837163881635,0
-3.13,5.307822,32.49,64.35837163881635,0
-6.55,5.310381,32.49,63.647466563878254,0
1.33,5.309102,32.49,64.35837163881635,0
-2.82,5.309102,32.49,64.35837163881635,0
0.83,5.306543,32.49,64.35837163881635,0
4.77,5.302705,32.49,63.66317616958802,0
-4.95,5.303985,32.47,64.35837163881635,0
9.0,5.300147,32.47,64.35837163881635,0
-1.39,5.296309,32.47,64.35837163881635,0
9.7,5.300147,32.47,64.35837163881635,0
5.15,5.298868,32.49,64.35837163881635,0
-5.72,5.298868,32.49,64.35837163881635,0
6.83,5.24258,32.49,62.94441992742486,0
3.67,5.251535,32.49,63.647466563878254,0
-1.43,5.275841,32.47,64.35837163881635,0
-15.21,5.289913,32.47,63.647466563878254,0
-9.31,5.305264,32.47,64.35837163881635,0
12.52,5.305264,32.47,63.647466563878254,0
0.02,5.305264,32.5,64.35837163881635,0
6.14,5.291192,32.5,64.35837163881635,0
-3.88,5.298868,32.5,64.35837163881635,0
5.88,5.289913,32.5,64.35837163881635,0
3.13,5.29503,32.47,63.647466563878254,0
-9.1,5.292471,32.47,64.35837163881635,0
1.83,5.296309,32.47,63.647466563878254,0
-7.16,5.291192,32.47,63.647466563878254,0
-0.72,5.282238,32.49,63.66317616958802,0
-0.71,5.292471,32.49,64.35837163881635,0
-2.42,5.257932,32.49,63.66317616958802,0
8.78,5.266886,32.49,63.686733312362634,0
-7.07,5.24258,32.49,64.35837163881635,0
-2.03,5.252815,32.49,64.35837163881635,0
1.81,5.252815,32.49,64.35837163881635,0
-11.4,5.257932,32.49,64.35837163881635,0
7.1,5.261769,32.47,65.76473218982953,0
-4.84,5.241302,32.47,63.647466563878254,0
-1.3,5.254094,32.47,64.35837163881635,0
-0.6,5.26049,32.47,64.66838485689897,0
-13.98,5.287354,32.49,64.78425734698207,0
18.67,5.31294,32.49,67.11184694225007,0
15.32,5.301426,32.49,60.382116557802114,0
39.31,5.298868,32.49,74.54528824815154,0
47.93,5.306543,32.47,63.15853069855251,0
59.38,5.297588,32.47,63.812224534175265,0
-115.24,5.29503,32.47,63.89835678638379,0
-100.33,5.288634,32.47,63.13477647065839,0
-115.62,5.293751,32.45,63.26136261573884,0
54.61,5.300147,32.45,63.89835678638379,0
83.92,5.305264,32.45,63.89835678638379,0
19.18,5.309102,32.45,63.89835678638379,0
7.29,5.306543,32.47,63.28506932918696,0
-6.64,5.306543,32.47,63.26136261573884,0
-16.87,5.301426,32.47,64.03905058634146,0
2.2,5.307822,32.47,63.89835678638379,0
3.86,5.301426,32.47,63.89835678638379,0
-1.21,5.31166,32.47,63.89835678638379,0
4.81,5.301426,32.47,64.47480127925948,0
-10.24,5.31166,32.47,63.92182725798755,0
10.1,5.310381,32.49,63.89835678638379,0
-8.7,5.31166,32.49,63.89835678638379,0
13.19,5.31166,32.49,63.26136261573884,0
1.02,5.306543,32.49,63.13477647065839,0
16.56,5.315498,32.47,63.89835678638379,0
11.39,5.301426,32.47,63.89835678638379,0
-4.83,5.31166,32.47,63.92182725798755,0
9.1,5.307822,32.47,63.92182725798755,0
-5.62,5.306543,32.49,64.66838485689897,0
13.94,5.303985,32.49,63.89835678638379,0
6.21,5.297588,32.49,63.89835678638379,0
6.63,5.297588,32.49,63.89835678638379,0
5.1,5.288634,32.47,63.89835678638379,0
-10.15,5.297588,32.47,63.92182725798755,0
2.38,5.291192,32.47,63.788713735268246,0
-5.66,5.284796,32.47,63.89835678638379,0
0.94,5.277121,32.47,63.89835678638379,0
-0.57,5.277121,32.47,63.92182725798755,0
-4.66,5.278399,32.47,64.03905058634146,0
5.0,5.272004,32.47,63.28506932918696,0
-5.95,5.277121,32.47,63.92182725798755,0
-3.54,5.277121,32.47,63.13477647065839,0
-5.47,5.277121,32.47,63.26136261573884,0
0.02,5.275841,32.47,63.26136261573884,0
1.47,5.277121,32.49,63.28506932918696,0
-10.65,5.274562,32.49,63.28506932918696,0
2.78,5.269445,32.49,63.26136261573884,0
-1.9,5.264328,32.49,64.03905058634146,0
2.16,5.257932,32.47,64.03905058634146,0
0.68,5.265607,32.47,64.03905058634146,0
-3.76,5.265607,32.47,63.26136261573884,0
2.2,5.265607,32.47,64.03905058634146,0
-8.68,5.263049,32.47,63.28506932918696,0
2.19,5.264328,32.47,64.03905058634146,0
-0.64,5.261769,32.47,64.03905058634146,0
-7.42,5.261769,32.47,64.66838485689897,0
2.56,5.26049,32.47,63.26136261573884,0
-0.11,5.257932,32.47,63.26136261573884,0
8.1,5.245139,32.47,64.03905058634146,0
14.65,5.250256,32.47,63.26136261573884,0
4.34,5.250256,32.47,63.28506932918696,0
-4.38,5.250256,32.47,63.26136261573884,0
-11.23,5.24386,32.47,64.06246951218786,0
-2.16,5.247698,32.47,64.03905058634146,0
5.41,5.240022,32.45,63.03967004989794,0
-6.12,5.255373,32.45,67.14908785679818,0
16.45,5.265607,32.45,48.28043081829324,0
23.28,5.170943,32.45,66.47555941848101,0
131.44,5.115935,32.47,69.5197813575388,0
154.2,5.060927,32.47,65.13831437794502,0
-359.89,4.996964,32.47,75.47847375245475,0
-244.81,5.096746,32.47,59.824744044584094,0
39.74,5.296309,32.49,69.2820323027551,0
94.05,5.334687,32.49,63.29296959378664,0
178.62,5.330849,32.49,64.21059102671458,0
23.16,5.343641,32.49,65.07687761409578,0
116.02,5.347479,32.47,63.66317616958802,0
-32.28,5.350038,32.47,63.66317616958802,0
-41.23,5.335966,32.47,63.63961030678928,0
-87.28,5.335966,32.47,64.35837163881635,0
-172.57,5.325732,32.47,64.389440128021,0
-111.91,5.32829,32.47,63.655321851358195,0
35.47,5.32829,32.47,63.66317616958802,0
28.12,5.325732,32.47,64.389440128021,0
-2.37,5.323174,32.49,63.66317616958802,0
17.43,5.314219,32.49,64.389440128021,0
-12.96,5.314219,32.49,63.66317616958802,0
25.0,5.307822,32.49,63.66317616958802,0
0.35,5.307822,32.47,64.389440128021,0
28.5,5.300147,32.47,63.66317616958802,0
19.65,5.298868,32.47,63.66317616958802,0
-5.41,5.286075,32.47,63.66317616958802,0
21.11,5.283517,32.47,63.66317616958802,0
-3.49,5.287354,32.47,64.38167441127949,0
23.54,5.280958,32.47,64.35837163881635,0
8.99,5.279679,32.47,63.66317616958802,0
-3.12,5.275841,32.47,64.35837163881635,0
14.7,5.273283,32.47,63.66317616958802,0
-14.5,5.269445,32.47,63.66317616958802,0
8.1,5.266886,32.47,63.66317616958802,0
0.94,5.263049,32.45,64.35837163881635,0
8.1,5.256652,32.45,64.35837163881635,0
4.31,5.251535,32.45,63.66317616958802,0
-9.51,5.252815,32.45,63.66317616958802,0
6.09,5.252815,32.47,63.655321851358195,0
-9.6,5.250256,32.47,63.66317616958802,0
5.64,5.24386,32.47,64.35060217278468,0
-1.24,5.246418,32.47,63.655321851358195,0
6.57,5.238743,32.47,63.655321851358195,0
0.16,5.247698,32.47,63.655321851358195,0
-8.73,5.237463,32.47,63.66317616958802,0
5.34,5.24258,32.47,63.66317616958802,0
-8.4,5.240022,32.41,63.66317616958802,0
5.9,5.232347,32.41,63.66317616958802,0
2.7,5.236185,32.41,62.23343153000644,0
-9.93,5.222113,32.41,64.35060217278468,0
3.73,5.231067,32.47,64.35060217278468,0
-6.21,5.224671,32.47,65.7723346096214,0
2.89,5.228509,32.47,63.655321851358195,0
5.39,5.22723,32.47,64.38167441127949,0
-12.63,5.224671,32.45,63.655321851358195,0
1.26,5.223392,32.45,64.38167441127949,0
-1.95,5.216996,32.45,64.38167441127949,0
-1.19,5.219554,32.45,63.66317616958802,0
15.62,5.211879,32.45,64.38167441127949,0
-6.93,5.22595,32.45,63.655321851358195,0
6.92,5.219554,32.45,64.389440128021,0
-1.74,5.219554,32.45,63.66317616958802,0
-3.23,5.219554,32.43,63.66317616958802,0
3.31,5.222113,32.43,63.66317616958802,0
-18.27,5.220833,32.43,64.389440128021,0
10.93,5.219554,32.43,63.66317616958802,0
-4.33,5.219554,32.45,64.389440128021,0
9.08,5.218275,32.45,64.38167441127949,0
7.28,5.20932,32.45,64.389440128021,0
-12.48,5.205482,32.45,64.38167441127949,0
5.33,5.204203,32.47,64.38167441127949,0
-5.24,5.20932,32.47,65.06919393998976,0
7.97,5.204203,32.47,64.389440128021,0
7.81,5.202924,32.47,63.66317616958802,0
-12.7,5.200366,32.47,64.389440128021,0
3.44,5.193969,32.47,64.389440128021,0
-1.83,5.195248,32.47,63.655321851358195,0
-8.74,5.196527,32.47,65.14598989960932,0
9.91,5.204203,32.45,66.60330322138685,0
5.71,5.206761,32.45,62.65780079128216,0
37.76,5.202924,32.45,91.94563611178074,0
142.41,5.168384,32.45,39.66106403010388,0
92.55,4.990568,32.43,64.68384651518491,0
-117.98,4.921489,32.43,68.0808343074613,0
-249.66,4.937471,32.43,63.686733312362634,0
-15.24,5.023181,32.43,62.81719509815764,0
11.77,5.034694,32.43,62.82515419798029,0
0.22,5.029577,32.43,62.297672508690084,0
-1.81,5.02446,32.43,62.44197306299666,0
-4.31,5.02446,32.43,63.13477647065839,0
47.3,5.021902,32.45,62.617888817813075,0
4.32,5.003992,32.45,63.0158710167526,0
12.7,5.014226,32.45,62.5859409132754,0
15.98,5.00783,32.45,62.976185975335156,0
6.62,4.997596,32.45,63.03967004989794,0
7.57,5.000154,32.45,63.03967004989794,0
1.3,4.987362,32.45,62.24146527838174,0
12.61,4.989921,32.45,63.095166217389426,0
-18.84,4.983524,32.47,62.177166226839255,0
6.38,4.988641,32.47,63.15853069855251,0
-1.01,4.979686,32.47,63.419239982831705,0
11.83,4.979686,32.47,63.34824385884742,0
2.63,4.972011,32.45,63.34824385884742,0
-4.74,4.974569,32.45,63.150613615387776,0
2.29,4.97329,32.45,62.177166226839255,0
1.48,4.965615,32.45,62.177166226839255,0
13.04,4.968173,32.45,63.15853069855251,0
0.83,4.965615,32.45,63.15853069855251,0
1.13,4.959219,32.45,63.150613615387776,0
1.18,4.95666,32.45,62.37788069500277,0
-9.51,4.955381,32.43,63.150613615387776,0
3.03,4.951543,32.43,63.34824385884742,0
-9.88,4.943867,32.43,60.14149981501958,0
0.82,5.027019,32.43,50.93132631298737,0
-0.58,5.11017,32.47,74.94664769020693,0
-7.48,5.180529,32.47,62.42595614005443,0
-24.98,5.167737,32.47,63.788713735268246,0
28.56,5.128079,32.47,64.53681120105021,0
84.41,5.116566,32.45,63.7808748764079,0
106.79,5.105053,32.45,64.53681120105021,0
-200.22,5.107612,32.45,63.7808748764079,0
-92.16,5.111449,32.45,63.7808748764079,0
18.38,5.108891,32.43,64.4437739428721,0
22.08,5.106332,32.43,63.788713735268246,0
-0.23,5.098657,32.43,63.788713735268246,0
6.6,5.103774,32.43,63.788713735268246,0
1.1,5.098657,32.45,63.788713735268246,0
-0.2,5.106332,32.45,63.7808748764079,0
5.66,5.101215,32.45,63.788713735268246,0
-13.0,5.099936,32.45,63.788713735268246,0
9.53,5.097378,32.43,63.12685640834652,0
-19.28,5.094819,32.43,64.5445582524197,0
13.93,5.09226,32.43,63.7808748764079,0
-0.85,5.085865,32.43,63.788713735268246,0
10.9,5.087143,32.43,63.89835678638379,0
16.23,5.080747,32.43,63.89053137985315,0
-22.27,5.084585,32.43,63.12685640834652,0
20.07,5.079468,32.43,63.89835678638379,0
0.34,5.079468,32.45,63.89053137985315,0
12.14,5.07691,32.45,63.89835678638379,0
21.88,5.07563,32.45,64.5445582524197,0
-16.44,5.074351,32.45,64.5445582524197,0
20.45,5.066676,32.43,63.89835678638379,0
7.23,5.07563,32.43,63.12685640834652,0
-7.84,5.056441,32.43,63.89835678638379,0
14.75,5.066676,32.43,63.89835678638379,0
-9.87,5.055162,32.45,64.5445582524197,0
22.84,5.061559,32.45,63.89835678638379,0
5.84,5.059,32.45,63.13477647065839,0
1.69,5.048766,32.45,63.89835678638379,0
5.98,5.057721,32.45,63.13477647065839,0
-19.77,5.048766,32.45,63.89835678638379,0
-1.04,5.051324,32.45,65.30696746902278,0
-1.63,5.051324,32.45,63.89835678638379,0
7.74,5.052604,32.43,64.5445582524197,0
3.69,5.050045,32.43,64.53681120105021,0
-18.47,5.044928,32.43,63.13477647065839,0
3.55,5.039811,32.43,63.89053137985315,0
-10.25,5.039811,32.45,64.5445582524197,0
15.19,5.046207,32.45,63.788713735268246,0
2.26,5.029577,32.45,63.13477647065839,0
-11.17,5.039811,32.45,63.89835678638379,0
2.24,5.038532,32.45,63.89835678638379,0
-12.99,5.039811,32.45,64.5445582524197,0
6.15,5.015505,32.45,68.76772498781678,0
-4.73,5.034694,32.45,64.5445582524197,0
1.39,5.038532,32.43,63.89835678638379,0
1.12,5.038532,32.43,63.89053137985315,0
-15.49,5.037253,32.43,63.13477647065839,0
6.05,5.043649,32.43,63.89835678638379,0
-7.89,5.04237,32.43,63.12685640834652,0
9.48,5.047487,32.43,63.89053137985315,0
5.3,5.043649,32.43,63.89835678638379,0
-7.95,5.04109,32.43,63.89835678638379,0
7.18,5.032136,32.43,63.89835678638379,0
-6.82,5.038532,32.43,63.89053137985315,0
4.6,5.030857,32.43,63.89053137985315,0
8.22,5.034694,32.43,63.89835678638379,0
-6.73,5.030857,32.45,63.89835678638379,0
8.76,5.021902,32.45,63.89835678638379,0
1.74,5.02574,32.45,63.89835678638379,0
-2.48,5.016785,32.45,63.89835678638379,0
-2.03,5.02446,32.45,63.89053137985315,0
-11.95,5.014226,32.45,63.25345840347388,0
6.11,5.018064,32.45,63.25345840347388,0
1.85,5.015505,32.45,63.89835678638379,0
-2.27,5.012947,32.43,63.89835678638379,0
3.83,5.014226,32.43,63.89053137985315,0
-9.82,5.006551,32.43,63.89053137985315,0
1.76,5.009109,32.43,63.89053137985315,0
0.54,4.995038,32.45,63.25345840347388,0
-10.04,5.012947,32.45,63.25345840347388,0
7.19,5.005271,32.45,63.89835678638379,0
-3.71,5.002713,32.45,63.89835678638379,0
8.23,5.002713,32.43,63.25345840347388,0
2.72,4.997596,32.43,64.03124237432849,0
-10.43,4.997596,32.43,63.89835678638379,0
1.64,4.992479,32.43,64.03124237432849,0
-14.1,5.059,32.43,63.7808748764079,0
3.1,5.062838,32.43,64.03124237432849,0
11.53,5.073072,32.43,62.617888817813075,0
62.18,5.083306,32.43,63.592452382338585,0
-23.99,5.147268,32.45,65.06919393998976,0
162.85,5.16262,32.45,62.5939294181153,0
169.3,5.125521,32.45,60.21627686929839,0
-110.87,5.140872,32.45,70.90133990271269,0
-323.03,5.069234,32.43,63.7808748764079,0
-205.49,5.030857,32.43,66.60330322138685,0
29.73,5.052604,32.43,63.26136261573884,0
64.53,5.061559,32.43,63.89835678638379,0
17.7,5.062838,32.45,63.92182725798755,0
-54.75,5.066676,32.45,63.89835678638379,0
44.18,5.062838,32.45,63.788713735268246,0
10.96,5.087143,32.45,61.43289021363068,0
12.42,5.115287,32.43,64.35837163881635,0
6.91,5.102495,32.43,64.5445582524197,0
45.95,5.087143,32.43,64.47480127925948,0
166.82,5.080747,32.43,63.89835678638379,0
76.79,5.066676,32.43,63.13477647065839,0
-140.26,5.061559,32.43,63.788713735268246,0
-153.87,5.056441,32.43,63.13477647065839,0
20.07,5.053883,32.43,63.788713735268246,0
22.06,5.047487,32.41,63.788713735268246,0
15.99,5.048766,32.41,63.788713735268246,0
39.32,5.052604,32.41,63.13477647065839,0
-2.92,5.047487,32.41,63.788713735268246,0
37.14,5.047487,32.43,63.788713735268246,0
25.47,5.046207,32.43,63.788713735268246,0
-6.22,5.043649,32.43,63.13477647065839,0
24.36,5.035974,32.43,63.89835678638379,0
-1.23,5.035974,32.41,63.788713735268246,0
29.02,5.030857,32.41,63.13477647065839,0
15.4,5.034694,32.41,63.788713735268246,0
-4.99,5.033415,32.41,63.788713735268246,0
7.88,5.02446,32.41,63.788713735268246,0
-10.38,5.029577,32.41,63.89835678638379,0
17.41,5.019343,32.41,64.5445582524197,0
1.96,5.021902,32.41,63.89835678638379,0
0.46,5.014226,32.41,63.89835678638379,0
9.7,5.021902,32.41,63.03967004989794,0
-13.25,5.016785,32.41,63.89835678638379,0
5.14,5.014226,32.41,63.89835678638379,0
6.29,5.012947,32.41,69.66347680097513,0
-2.57,5.047487,32.41,61.1310068623117,0
2.1,5.02446,32.41,65.99242380758567,0
31.88,5.028298,32.41,60.77005841695399,0
150.77,4.925958,32.41,64.00781202322104,0
53.82,4.878625,32.41,70.75309180523492,0
-120.32,4.947705,32.41,46.82947789587238,0
-230.17,5.065396,32.41,61.61980201201558,0
-65.44,5.074351,32.43,62.12889826803627,0
115.11,5.066676,32.43,67.42403132415029,0
66.81,5.002713,32.43,74.33034373659252,0
40.11,4.92212,32.43,70.26378868236469,0
-24.57,5.006551,32.43,65.7419196555744,0
-125.11,5.02574,32.43,64.25729530566937,0
-67.32,5.012947,32.43,65.16133823057964,0
4.59,5.015505,32.43,65.16133823057964,0
35.28,5.011668,32.43,65.16133823057964,0
13.07,5.003992,32.43,64.25729530566937,0
30.55,5.005271,32.43,70.60453243241541,0
8.08,5.060279,32.43,65.55150646628954,0
23.39,5.030857,32.43,65.07687761409578,0
-2.85,5.038532,32.43,72.94518489934754,0
-15.65,5.003992,32.43,56.45352070508977,0
83.57,4.964335,32.43,66.2268827591938,0
-2.29,4.970732,32.39,59.782940710540494,0
-7.05,4.952822,32.39,64.50581369148055,0
4.12,4.627892,32.39,59.715994507334464,0
0.59,4.714881,32.39,68.51277253184256,0
14.5,4.97329,32.41,63.97655820689325,0
1.21,4.997596,32.41,64.08587988004847,0
5.1,4.983524,32.41,64.45153217728807,0
19.48,5.087143,32.41,56.868268832451726,0
-1.47,5.085865,32.41,58.63446085707619,0
40.69,5.016785,32.41,52.3450093132096,0
29.93,5.010388,32.41,64.17164482853778,0
141.05,5.018064,32.41,69.70652767137379,0
-208.85,5.053883,32.43,66.55073252789934,0
-74.53,5.108891,32.43,57.21013896155121,0
-19.55,5.056441,32.43,65.81033353509159,0
44.46,5.102495,32.43,65.39877674696982,0
43.43,5.030857,32.41,67.23838189605696,0
12.34,5.028298,32.41,65.03076195155643,0
-1.82,5.014226,32.41,64.82283548256741,0
-55.0,5.010388,32.41,64.20280367709809,0
-82.6,5.00783,32.39,64.45928947793328,0
-25.45,4.998875,32.39,64.20280367709809,0
1.49,4.991199,32.39,64.20280367709809,0
15.66,4.97329,32.39,64.82283548256741,0
-1.05,4.975849,32.39,64.82283548256741,0
11.19,4.968173,32.39,64.66065264130884,0
1.69,4.968173,32.39,64.20280367709809,0
9.74,4.961777,32.39,65.06150935845248,0
3.05,4.957939,32.39,64.20280367709809,0
0.3,4.952822,32.39,65.06150935845248,0
5.07,4.946426,32.39,64.20280367709809,0
-1.65,4.946426,32.39,64.20280367709809,0
4.42,4.943867,32.37,65.27633568147036,0
-0.83,4.943867,32.37,63.45076831686122,0
2.75,4.936192,32.37,65.06150935845248,0
1.81,4.934913,32.37,85.5219270129012,0
-4.78,5.002713,32.39,54.08326913195984,0
2.84,5.035974,32.39,66.89544080129826,0
-3.34,4.979686,32.39,71.09149034870488,0
-6.3,5.021902,32.39,63.51377803280167,0
-5.77,5.047487,32.41,63.631753079732135,0
78.37,5.059,32.41,65.49045732013177,0
177.5,5.016785,32.41,73.38937252763509,0
-221.98,5.050045,32.41,70.03570517957252,0
6.71,5.018064,32.41,63.20601237224193,0
54.26,5.053883,32.41,67.7126280689208,0
97.13,5.078189,32.41,63.35613624582863,0
-77.64,5.037253,32.41,70.66823897621902,0
56.3,5.046207,32.39,70.80254232723568,0
-17.52,5.064117,32.39,68.05879810869422,0
-123.47,5.074351,32.39,63.97655820689325,0
-105.83,5.084585,32.39,65.02307282803544,0
-64.54,5.070513,32.39,65.12296062065974,0
38.27,5.070513,32.39,53.99073994677235,0
20.97,5.052604,32.39,65.00769185258002,0
26.08,5.001434,32.39,75.51158851461145,0
9.06,4.927237,32.39,84.27336471270148,0
-22.48,4.913166,32.39,65.46754921333164,0
-5.74,4.822339,32.39,65.54387843269576,0
29.61,4.754538,32.39,64.85368146836385,0
-42.14,4.757097,32.41,65.07687761409578,0
20.02,4.764772,32.41,65.58200972827838,0
22.37,4.790357,32.41,65.19202405202648,0
37.96,4.80187,32.41,70.26378868236469,0
32.98,4.822339,32.39,44.94441010848846,0
26.97,4.873508,32.39,65.80273550544841,0
10.68,4.873508,32.39,64.96922348312314,0
7.89,4.865833,32.39,64.89221833163049,0
-2.96,4.861995,32.39,65.16133823057964,0
-5.93,4.873508,32.39,65.22269543648132,0
3.68,4.865833,32.39,65.16133823057964,0
0.88,4.859437,32.39,66.06814663663572,0
7.27,4.850482,32.41,64.89221833163049,0
-8.06,4.844086,32.41,64.89221833163049,0
5.09,4.846644,32.41,66.06814663663572,0
-9.06,4.840248,32.41,65.16133823057964,0
11.42,4.847924,32.39,64.89221833163049,0
3.99,4.846644,32.39,65.4446330878247,0
9.9,4.840248,32.39,65.16133823057964,0
-1.18,4.847924,32.39,65.16133823057964,0
1.27,4.837689,32.41,64.89221833163049,0
-6.73,4.844086,32.41,65.16133823057964,0
9.8,4.826176,32.41,64.89221833163049,0
-2.36,4.831293,32.41,65.22269543648132,0
-0.24,4.828735,32.37,64.89221833163049,0
-4.77,4.823618,32.37,64.63745044476924,0
0.22,4.81978,32.37,64.89221833163049,0
-2.84,4.810825,32.37,64.89221833163049,0
-2.84,4.813384,32.39,64.89221833163049,0
1.17,4.80187,32.39,64.96922348312314,0
-6.51,4.806987,32.39,65.80273550544841,0
1.24,4.80187,32.39,64.89221833163049,0
-5.5,4.80315,32.39,65.49045732013177,0
2.04,4.798033,32.39,65.22269543648132,0
-0.7,4.791636,32.39,65.49045732013177,0
4.63,4.800591,32.39,65.22269543648132,0
-6.17,4.790357,32.37,64.89221833163049,0
2.77,4.792916,32.37,65.22269543648132,0
3.83,4.78524,32.37,64.89221833163049,0
2.32,4.783961,32.37,65.22269543648132,0
-1.67,4.773727,32.39,65.22269543648132,0
2.25,4.771169,32.39,65.22269543648132,0
-0.43,4.772448,32.39,65.22269543648132,0
2.22,4.762214,32.39,64.89221833163049,0
0.5,4.763493,32.37,64.89221833163049,0
-3.47,4.767331,32.37,65.22269543648132,0
3.06,4.763493,32.37,65.22269543648132,0
-4.46,4.760934,32.37,65.22269543648132,0
5.35,4.760934,32.37,64.89221833163049,0
-5.67,4.759655,32.37,65.22269543648132,0
4.91,4.75198,32.37,65.22269543648132,0
-3.17,4.746863,32.37,65.22269543648132,0
7.7,4.739187,32.39,65.22269543648132,0
0.57,4.745584,32.39,64.89221833163049,0
-1.17,4.743025,32.39,65.16133823057964,0
3.06,4.740467,32.39,64.89221833163049,0
-3.02,4.736629,32.37,65.22269543648132,0
3.91,4.737908,32.37,65.22269543648132,0
-4.55,4.740467,32.37,65.49045732013177,0
2.72,4.73407,32.37,64.89221833163049,0
-1.24,4.730232,32.34,65.22269543648132,0
4.94,4.731512,32.34,65.22269543648132,0
2.18,4.71744,32.34,65.49045732013177,0
-1.03,4.719998,32.34,65.22269543648132,0
2.43,4.718719,32.33,65.16133823057964,0
-3.87,4.718719,32.33,64.89221833163049,0
1.63,4.711044,32.33,65.16133823057964,0
-2.34,4.716161,32.33,65.49045732013177,0
-1.11,4.707206,32.33,64.89221833163049,0
-0.75,4.71744,32.33,65.7723346096214,0
8.51,4.718719,32.33,65.22269543648132,0
4.68,4.71744,32.33,65.22269543648132,0
0.33,4.716161,32.37,65.22269543648132,0
0.28,4.705927,32.37,65.49045732013177,0
-0.7,4.714881,32.37,65.49045732013177,0
-1.16,4.707206,32.37,66.12866246946176,0
-4.06,4.709764,32.37,65.7723346096214,0
3.59,4.700809,32.37,65.22269543648132,0
-4.94,4.681621,32.37,65.7723346096214,0
-5.42,4.691855,32.37,65.16133823057964,0
3.2,4.691855,32.34,65.49045732013177,0
9.57,4.689296,32.34,65.49045732013177,0
-1.21,4.681621,32.34,65.49045732013177,0
-5.21,4.681621,32.34,64.59102104782058,0
-2.02,4.675225,32.33,65.4446330878247,0
2.05,4.679062,32.33,65.16133823057964,0
-5.67,4.673945,32.33,65.49045732013177,0
-4.68,4.671387,32.33,65.22269543648132,0
0.06,4.671387,32.34,67.29784543356496,0
-1.04,4.66499,32.34,65.83312236253116,0
1.46,4.66499,32.34,65.49045732013177,0
1.56,4.658594,32.34,65.4446330878247,0
2.01,4.663712,32.37,65.16133823057964,0
2.7,4.667549,32.37,65.49045732013177,0
0.29,4.66499,32.37,65.49045732013177,0
-5.22,4.657315,32.37,65.42935121182236,0
4.9,4.661153,32.33,65.49045732013177,0
-3.1,4.662432,32.33,65.1766829472013,0
-9.74,4.658594,32.33,64.5445582524197,0
-3.43,4.654757,32.33,66.40783086353596,0
-4.11,4.64964,32.34,65.22269543648132,0
1.82,4.657315,32.34,64.87680633323437,0
3.82,4.64836,32.34,66.06814663663572,0
6.03,4.647081,32.34,66.11353870426238,0
-3.58,4.644523,32.33,65.22269543648132,0
-3.09,4.639406,32.33,64.87680633323437,0
-4.5,4.63173,32.33,64.59102104782058,0
-1.37,4.63173,32.33,65.56675987114203,0
5.57,4.629171,32.34,64.89221833163049,0
-2.61,4.625334,32.34,65.56675987114203,0
8.29,4.627892,32.34,65.16133823057964,0
6.76,4.618937,32.34,65.49045732013177,0
5.74,4.629171,32.33,65.22269543648132,0
1.83,4.629171,32.33,65.22269543648132,0
0.5,4.629171,32.33,64.89221833163049,0
-1.64,4.626613,32.33,65.49045732013177,0
-8.38,4.622776,32.34,65.83312236253116,0
-2.13,4.627892,32.34,65.49045732013177,0
-8.13,4.626613,32.34,65.49045732013177,0
-3.26,4.630451,32.34,65.49045732013177,0
-4.42,4.630451,32.33,65.7723346096214,0
7.61,4.630451,32.33,66.37770710110436,0
-2.54,4.629171,32.33,65.49045732013177,0
3.17,4.624054,32.33,65.1766829472013,0
0.13,4.625334,32.33,66.06814663663572,0
0.2,4.621496,32.33,65.22269543648132,0
1.34,4.620217,32.33,65.4446330878247,0
0.9,4.620217,32.33,65.4446330878247,0
2.66,4.6151,32.33,66.06814663663572,0
13.68,4.613821,32.33,65.7723346096214,0
13.21,4.606145,32.33,65.7723346096214,0
-4.32,4.607424,32.33,65.16133823057964,0
-6.0,4.601028,32.37,65.16133823057964,0
-14.94,4.604866,32.37,65.13063795173512,0
5.45,4.59719,32.37,65.16133823057964,0
-0.27,4.59719,32.37,65.49045732013177,0
8.51,4.601028,32.33,64.57553716385176,0
4.63,4.594632,32.33,65.22269543648132,0
-9.41,4.594632,32.33,65.16133823057964,0
-2.56,4.585677,32.33,65.49045732013177,0
-10.93,4.593352,32.29,64.25729530566937,0
0.39,4.593352,32.29,65.16133823057964,0
-10.03,4.594632,32.29,65.49045732013177,0
4.28,4.59847,32.29,64.319514923544,0
2.29,4.606145,32.33,64.319514923544,0
3.06,4.6151,32.33,66.39277069079132,0
-1.38,4.608704,32.33,65.22269543648132,0
13.84,4.612541,32.33,64.8459713474939,0
31.52,4.601028,32.33,65.16133823057964,0
8.01,4.617658,32.33,65.7723346096214,0
-30.0,4.606145,32.33,65.4446330878247,0
-37.79,4.609983,32.33,65.4446330878247,0
-0.78,4.59847,32.31,65.52098900352466,0
-0.07,4.59847,32.31,65.7723346096214,0
4.7,4.59719,32.31,65.7723346096214,0
-0.66,4.59847,32.31,65.49045732013177,0
3.62,4.599749,32.31,65.16133823057964,0
7.31,4.59719,32.31,65.7419196555744,0
5.02,4.566488,32.31,65.13063795173512,0
-2.69,4.586957,32.31,65.7723346096214,0
-0.94,4.576722,32.29,66.05300901548695,0
1.35,4.571605,32.29,65.4446330878247,0
6.22,4.572885,32.29,65.16133823057964,0
2.78,4.569047,32.29,65.13063795173512,0
7.32,4.569047,32.33,65.13063795173512,0
-6.8,4.565209,32.33,65.4446330878247,0
-4.76,4.570326,32.33,65.4446330878247,0
-4.64,4.570326,32.33,65.7419196555744,0
1.28,4.572885,32.27,65.1766829472013,0
0.24,4.575443,32.27,65.1766829472013,0
1.41,4.569047,32.27,65.16133823057964,0
5.13,4.574164,32.27,64.8459713474939,0
-1.5,4.562651,32.31,65.16133823057964,0
-1.77,4.576722,32.31,64.8459713474939,0
-8.57,4.562651,32.31,66.37770710110436,0
-4.42,4.566488,32.31,64.8459713474939,0
-2.68,4.562651,32.31,65.7419196555744,0
6.59,4.558813,32.31,66.05300901548695,0
4.5,4.557534,32.31,65.49045732013177,0
5.18,4.553696,32.31,66.06814663663572,0
4.53,4.556254,32.29,65.16133823057964,0
-0.23,4.562651,32.29,66.05300901548695,0
-3.46,4.56393,32.29,65.49045732013177,0
-2.25,4.561371,32.29,65.1766829472013,0
10.15,4.562651,32.29,65.49045732013177,0
1.6,4.569047,32.29,66.05300901548695,0
-2.4,4.561371,32.29,66.05300901548695,0
-7.65,4.562651,32.29,64.8459713474939,0
-3.21,4.557534,32.29,66.05300901548695,0
3.7,4.552416,32.29,65.81793068761733,0
1.62,4.54602,32.29,64.8459713474939,0
7.66,4.547299,32.29,65.49045732013177,0
-1.94,4.54602,32.31,65.49045732013177,0
16.8,4.539624,32.31,65.49045732013177,0
2.17,4.538345,32.31,65.16133823057964,0
-1.87,4.540903,32.31,65.49045732013177,0
-15.48,4.535786,32.29,65.16133823057964,0
-10.34,4.535786,32.29,64.8459713474939,0
0.39,4.526832,32.29,65.83312236253116,0
0.44,4.528111,32.29,65.49045732013177,0
-2.6,4.522994,32.29,65.83312236253116,0
0.62,4.522994,32.29,65.49045732013177,0
2.9,4.520435,32.29,65.49045732013177,0
7.48,4.51276,32.29,65.49045732013177,0
-6.94,4.514039,32.27,65.16133823057964,0
-3.32,4.508922,32.27,66.70082458260917,0
-2.85,4.51276,32.27,64.60650122085238,0
-2.07,4.506363,32.27,66.15889962809237,0
-1.28,4.501246,32.29,66.05300901548695,0
-1.42,4.516597,32.29,66.96267617113283,0
-1.85,4.51276,32.29,65.7419196555744,0
7.82,4.510201,32.29,66.06814663663572,0
23.45,4.503805,32.29,64.8459713474939,0
11.03,4.51148,32.29,65.1766829472013,0
-33.42,4.503805,32.29,64.8459713474939,0
-22.09,4.501246,32.29,65.1766829472013,0
5.25,4.497409,32.29,65.1766829472013,0
1.84,4.497409,32.29,65.49045732013177,0
1.0,4.497409,32.29,65.16133823057964,0
-2.41,4.493571,32.29,65.49045732013177,0
4.55,4.49613,32.25,65.49045732013177,0
0.82,4.493571,32.25,65.49045732013177,0
2.55,4.49485,32.25,65.49045732013177,0
9.81,4.493571,32.25,65.49045732013177,0
2.33,4.485896,32.29,65.49045732013177,0
-1.98,4.491013,32.29,65.81793068761733,0
-1.76,4.482058,32.29,65.49045732013177,0
1.48,4.47822,32.29,64.60650122085238,0
-4.22,4.482058,32.25,65.83312236253116,0
1.04,4.482058,32.25,65.49045732013177,0
1.07,4.483337,32.25,66.06814663663572,0
-2.18,4.482058,32.25,66.06814663663572,0
9.32,4.488454,32.25,65.4446330878247,0
-0.26,4.485896,32.25,65.7723346096214,0
18.16,4.489733,32.25,66.06814663663572,0
32.89,4.492292,32.25,63.984373092185564,0
0.21,4.485896,32.25,64.95382975621992,0
-40.81,4.487175,32.25,67.60177512462228,0
-37.09,4.456473,32.25,66.4981202741852,0
-9.43,4.487715,32.25,64.93843238021688,0
1.91,4.486436,32.25,65.49045732013177,0
17.54,4.495391,32.25,64.60650122085238,0
2.96,4.491553,32.25,65.49045732013177,0
-2.11,4.490274,32.25,65.49045732013177,0
0.07,4.487715,32.27,64.93843238021688,0
-3.03,4.481319,32.27,65.49045732013177,0
1.54,4.48004,32.27,65.49045732013177,0
-2.27,4.473644,32.27,64.93843238021688,0
2.36,4.473644,32.25,65.49045732013177,0
-0.7,4.471085,32.25,65.49045732013177,0
4.16,4.473644,32.25,64.60650122085238,0
-0.41,4.471085,32.25,65.83312236253116,0
0.61,4.463409,32.25,67.26812023536856,0
2.17,4.471085,32.25,65.16133823057964,0
1.26,4.460851,32.25,65.49045732013177,0
5.65,4.460851,32.25,65.49045732013177,0
2.07,4.455734,32.27,65.49045732013177,0
-2.39,4.458292,32.27,65.49045732013177,0
-8.97,4.457013,32.27,65.49045732013177,0
-4.0,4.451896,32.27,65.49045732013177,0
-0.35,4.450617,32.25,65.49045732013177,0
-1.63,4.459572,32.25,65.52098900352466,0
0.42,4.458292,32.25,65.16133823057964,0
0.31,4.454455,32.25,65.49045732013177,0
7.92,4.454455,32.25,65.16133823057964,0
11.23,4.450617,32.25,65.16133823057964,0
8.39,4.444221,32.25,65.49045732013177,0
0.88,4.442942,32.25,65.16133823057964,0
-18.1,4.442942,32.27,65.49045732013177,0
-7.52,4.4455,32.27,65.49045732013177,0
-0.61,4.439104,32.27,65.16133823057964,0
1.68,4.432707,32.27,65.16133823057964,0
-0.23,4.435266,32.25,65.16133823057964,0
6.55,4.42887,32.25,65.16133823057964,0
6.97,4.432707,32.25,65.7419196555744,0
10.3,4.426311,32.25,66.05300901548695,0
1.05,4.42759,32.25,66.05300901548695,0
-10.72,4.426311,32.25,65.16133823057964,0
-6.48,4.425032,32.25,64.8459713474939,0
-3.2,4.423753,32.25,64.8459713474939,0
2.93,4.418636,32.25,65.22269543648132,0
3.52,4.425032,32.25,64.5445582524197,0
-5.34,4.409681,32.25,66.05300901548695,0
-1.21,4.418636,32.25,65.4446330878247,0
-1.04,4.416077,32.23,65.4446330878247,0
-3.88,4.417356,32.23,66.06814663663572,0
2.27,4.414798,32.23,66.9776081985614,0
3.8,4.417356,32.23,63.324560795950255,0
6.09,4.430149,32.25,58.008620049092706,0
-5.39,4.39433,32.25,76.16429609731846,0
-11.24,4.373862,32.25,58.728187440104094,0
31.55,4.499228,32.25,64.90762667052309,0
-43.32,4.578542,32.25,63.34824385884742,0
-61.16,4.578542,32.25,64.81512169239521,0
347.56,4.583659,32.25,66.12866246946176,0
121.48,4.588776,32.25,61.99193495931547,0
-128.45,4.587497,32.23,64.8459713474939,0
-131.15,4.59901,32.23,63.03967004989794,0
-6.51,4.601569,32.23,64.03905058634146,0
-13.0,4.609244,32.23,64.25729530566937,0
-75.6,4.604127,32.25,65.09992319503918,0
-47.91,4.605406,32.25,63.84355879804947,0
-42.98,4.605406,32.25,62.13694553162394,0
-22.82,4.605406,32.25,62.44197306299666,0
6.55,4.604127,32.23,63.773035054010094,0
-23.07,4.604127,32.23,69.58448102845921,0
-47.57,4.602848,32.23,60.753600716336145,0
19.27,4.584939,32.23,126.46343345014795,0
-23.54,4.578542,32.25,68.76772498781678,0
24.87,4.592614,32.25,60.93439094632849,0
-59.05,4.572146,32.25,67.47592163134935,0
52.98,4.551678,32.25,65.62011886609167,0
63.39,4.515859,32.23,65.06919393998976,0
-35.11,4.522255,32.23,64.4437739428721,0
-34.77,4.506904,32.23,65.31462317123173,0
-32.05,4.497949,32.23,64.4437739428721,0
11.79,4.504345,32.23,64.63745044476924,0
34.2,4.500508,32.23,64.04685784642366,0
-46.16,4.483878,32.23,64.69930447848725,0
4.42,4.49667,32.23,64.33506042586733,0
-4.27,4.49667,32.25,64.69930447848725,0
18.05,4.506904,32.25,65.22269543648132,0
17.99,4.505625,32.25,64.93843238021688,0
13.3,4.505625,32.25,64.04685784642366,0
13.72,4.499228,32.25,64.93843238021688,0
-5.66,4.508183,32.25,64.93843238021688,0
20.82,4.485157,32.25,64.93843238021688,0
-3.82,4.497949,32.25,64.93843238021688,0
21.07,4.491553,32.25,65.29931086925804,0
10.77,4.488995,32.25,64.93843238021688,0
9.69,4.486436,32.25,65.29931086925804,0
12.18,4.481319,32.25,64.93843238021688,0
-11.34,4.483878,32.21,65.29931086925804,0
15.61,4.483878,32.21,64.66838485689897,0
2.69,4.478761,32.21,64.66838485689897,0
15.22,4.477481,32.21,64.93843238021688,0
9.2,4.473644,32.23,64.93843238021688,0
-5.09,4.474923,32.23,64.93843238021688,0
11.78,4.472364,32.23,64.93843238021688,0
-1.02,4.472364,32.23,64.66838485689897,0
5.16,4.471085,32.21,65.29931086925804,0
7.57,4.468526,32.21,64.93843238021688,0
-11.14,4.468526,32.21,64.66838485689897,0
8.58,4.464689,32.21,64.93843238021688,0
2.1,4.465968,32.25,65.03076195155643,0
-11.3,4.471085,32.25,64.66838485689897,0
0.6,4.460851,32.25,64.93843238021688,0
-6.29,4.460851,32.25,64.66838485689897,0
3.41,4.455734,32.23,64.66838485689897,0
-3.25,4.460851,32.23,64.66838485689897,0
-13.62,4.455734,32.23,64.66838485689897,0
-3.47,4.457013,32.23,64.66838485689897,0
-7.8,4.455734,32.21,65.03076195155643,0
1.76,4.457013,32.21,64.66838485689897,0
-2.1,4.455734,32.21,64.93843238021688,0
0.99,4.451896,32.21,64.93843238021688,0
9.78,4.455734,32.23,64.66838485689897,0
-10.87,4.454455,32.23,64.93843238021688,0
8.71,4.454455,32.23,64.66838485689897,0
-6.48,4.4455,32.23,64.66838485689897,0
9.96,4.451896,32.23,65.49045732013177,0
11.42,4.453176,32.23,64.319514923544,0
-7.37,4.449338,32.23,64.57553716385176,0
4.7,4.455734,32.23,65.03076195155643,0
13.27,4.446779,32.21,65.56675987114203,0
23.17,4.451896,32.21,63.28506932918696,0
-11.04,4.499228,32.21,60.61352984276695,0
-8.49,4.518417,32.21,59.34644049983116,0
-7.27,4.523534,32.25,57.15767664977295,0
-27.87,4.522255,32.25,75.9670981412348,0
60.94,4.509462,32.25,64.06246951218786,0
90.71,4.515859,32.25,78.3007024234138,0
30.63,4.442942,32.27,62.83311228962003,0
-12.68,4.441662,32.27,68.5054742338158,0
144.7,4.46213,32.27,66.61080993352356,0
-225.89,4.485157,32.27,59.42221806698232,0
-112.81,4.465968,32.25,66.0,0
-14.18,4.472364,32.25,75.9012516365837,0
16.3,4.471085,32.25,61.886993787063204,0
-12.61,4.467247,32.25,70.78841713161836,0
28.12,4.468526,32.23,62.39390995922599,0
29.38,4.457013,32.23,66.51315659326356,0
8.65,4.463409,32.23,63.198101237299845,0
-45.1,4.459572,32.23,66.1362230551458,0
20.49,4.46213,32.25,67.5721836261046,0
22.73,4.464689,32.25,63.06346010171025,0
-11.65,4.46213,32.25,63.3798075099633,0
-7.52,4.459572,32.25,64.88451279003334,0
-32.4,4.473644,32.23,64.68384651518491,0
19.11,4.465968,32.23,72.20110802473879,0
6.64,4.48004,32.23,65.06919393998976,0
52.69,4.5133,32.23,58.68560300448484,0
-44.22,4.490274,32.21,62.00806399170998,0
40.52,4.488995,32.21,63.57672530100933,0
71.79,4.487715,32.21,71.95832127002409,0
-89.9,4.476202,32.21,63.85138996137829,0
6.36,4.485157,32.23,66.15889962809237,0
-1.15,4.485157,32.23,64.88451279003334,0
-25.36,4.46213,32.23,67.23094525588644,0
42.43,4.476202,32.23,66.67083320313314,0
-7.92,4.477481,32.25,64.28841264178172,0
-14.27,4.478761,32.25,64.52906321960671,0
-26.05,4.471085,32.25,65.06150935845248,0
0.97,4.463409,32.25,64.7533782902483,0
-0.49,4.467247,32.21,54.85435260760991,0
26.78,4.451896,32.21,64.27285585688566,0
12.01,4.454455,32.21,56.356011214421486,0
20.79,4.509462,32.21,61.106464469808756,0
-8.75,4.477481,32.25,63.28506932918696,0
32.6,4.458292,32.25,65.52098900352466,0
67.68,4.46213,32.25,64.87680633323437,0
41.55,4.464689,32.25,64.389440128021,0
-55.22,4.46213,32.25,65.12296062065974,0
-35.43,4.460851,32.25,63.92182725798755,0
-5.73,4.450617,32.25,64.389440128021,0
-10.7,4.458292,32.25,64.34283176858165,0
-18.28,4.448059,32.23,64.5445582524197,0
-11.5,4.459572,32.23,64.35837163881635,0
24.77,4.455734,32.23,64.38167441127949,0
7.85,4.453176,32.23,64.38167441127949,0
10.84,4.453176,32.25,63.96092557178953,0
2.7,4.446779,32.25,64.78425734698207,0
-5.67,4.449338,32.25,64.78425734698207,0
-0.18,4.446779,32.25,64.78425734698207,0
-6.99,4.448059,32.23,64.57553716385176,0
2.44,4.444221,32.23,64.73020933072904,0
-4.3,4.448059,32.23,65.33758489567853,0
3.62,4.446779,32.23,64.57553716385176,0
-1.68,4.439104,32.23,64.73020933072904,0
4.31,4.446779,32.23,64.73020933072904,0
-4.09,4.441662,32.23,65.50572494064927,0
2.97,4.439104,32.23,74.24957912338628,0
0.89,4.446779,32.21,57.91372894228103,0
-1.53,4.440383,32.21,72.69112738154499,0
4.71,4.487715,32.21,66.53570470055908,0
9.95,4.532489,32.21,64.1482657598785,0
-11.9,4.537606,32.23,63.97655820689325,0
81.89,4.537606,32.23,63.984373092185564,0
101.53,4.473644,32.23,61.30252849597641,0
-32.27,4.464689,32.23,63.60031446463138,0
-99.76,4.48004,32.21,60.53924347066124,0
-46.74,4.520976,32.21,67.59437846448475,0
-5.02,4.544003,32.21,67.24581771381771,0
27.03,4.574704,32.21,64.5600495662759,0
53.02,4.5811,32.23,67.36467917239716,0
26.87,4.573425,32.23,70.16409338115899,0
56.85,4.551678,32.23,65.7723346096214,0
-63.48,4.481319,32.23,62.13694553162394,0
-101.65,4.473644,32.25,74.43789357578571,0
-91.79,4.451896,32.25,63.88270501473775,0
29.72,4.430149,32.25,59.177698502053964,0
-190.84,4.321413,32.25,60.340699366182356,0
-130.97,4.346998,32.23,61.75759062657804,0
72.78,4.442942,32.23,66.96267617113283,0
84.29,4.387934,32.23,62.37788069500277,0
95.47,4.366187,32.23,63.93746945258312,0
59.92,4.357232,32.27,65.30696746902278,0
-169.02,4.363628,32.27,65.06919393998976,0
-48.35,4.350835,32.27,64.68384651518491,0
-4.84,4.349556,32.27,62.49799996799898,0
35.32,4.368745,32.23,62.080592780675026,0
21.09,4.352115,32.23,67.07458535093602,0
-4.0,4.353394,32.23,64.70703207534712,0
-9.51,4.331646,32.23,61.0,0
-9.76,4.327809,32.25,66.4304147209695,0
118.82,4.338043,32.25,61.773780845922005,0
34.53,4.344439,32.25,72.83543093852057,0
22.0,4.368745,32.25,66.24198064671678,0
-0.41,4.518417,32.23,49.678969393496885,0
-48.35,4.467247,32.23,48.641546028061235,0
33.87,4.439104,32.23,62.30569797378086,0
101.87,4.532489,32.23,61.36774397026503,0
39.56,4.545281,32.23,64.68384651518491,0
38.83,4.517138,32.23,84.29116205154607,0
14.07,4.568308,32.23,54.8270006474912,0
-230.96,4.444221,32.23,55.33534132902769,0
-55.69,4.248495,32.23,57.0,0
11.39,4.270243,32.23,58.63446085707619,0
-44.9,4.258729,32.23,65.73431371817918,0
-21.2,4.262567,32.23,56.68333088307355,0
4.14,4.265126,32.23,65.33758489567853,0
-11.29,4.277918,32.23,63.914004725099176,0
-18.05,4.24082,32.23,63.190189111918315,0
55.46,4.22291,32.23,62.76145313805282,0
0.74,4.217793,32.23,63.26136261573884,0
-59.56,4.220352,32.23,62.95236294214857,0
-0.58,4.213955,32.23,62.78534860936905,0
6.23,4.207559,32.23,63.13477647065839,0
10.83,4.208838,32.21,62.63385665915839,0
5.51,4.202442,32.21,63.72597586541927,0
-5.68,4.194767,32.21,63.28506932918696,0
19.94,4.181974,32.21,62.78534860936905,0
-16.58,4.185812,32.23,63.89053137985315,0
7.29,4.175578,32.23,62.78534860936905,0
-4.24,4.174299,32.23,62.95236294214857,0
15.38,4.167902,32.23,63.72597586541927,0
8.62,4.162786,32.25,62.489999199871974,0
-19.74,4.156389,32.25,63.57672530100933,0
20.11,4.146155,32.25,62.65780079128216,0
13.04,4.144876,32.25,63.97655820689325,0
-21.63,4.13848,32.21,63.60031446463138,0
17.22,4.13848,32.21,63.182275995725256,0
17.27,4.128246,32.21,63.324560795950255,0
-6.7,4.132083,32.21,63.7808748764079,0
-3.54,4.123129,32.23,62.37788069500277,0
21.1,4.119291,32.23,63.245553203367585,0
9.11,4.119291,32.23,63.702433234531945,0
-33.65,4.116733,32.23,63.702433234531945,0
5.73,4.112895,32.21,63.0,0
4.3,4.110336,32.21,63.50590523722971,0
-19.91,4.110336,32.21,63.4428877022476,0
11.42,4.111615,32.21,63.245553203367585,0
8.35,4.100102,32.21,63.60031446463138,0
-21.32,4.098823,32.21,63.702433234531945,0
5.36,4.097544,32.21,63.50590523722971,0
-6.1,4.092427,32.21,63.245553203367585,0
-8.58,4.092427,32.21,58.008620049092706,0
6.94,4.091147,32.21,37.22902093797257,0
-11.85,4.080914,32.21,75.0133321483588,0
3.85,4.366187,32.21,84.5872330792301,0
3.54,4.389213,32.21,67.80855403265875,0
-32.18,4.323971,32.21,67.39436178197698,0
73.14,4.304782,32.21,63.02380502635492,0
-4.78,4.294549,32.21,63.92182725798755,0
-24.51,4.279197,32.23,63.66317616958802,0
-45.89,4.288152,32.23,64.31174076325411,0
20.15,4.280477,32.23,64.31174076325411,0
-25.49,4.27536,32.23,64.31174076325411,0
13.27,4.277918,32.21,63.66317616958802,0
4.42,4.277918,32.21,63.66317616958802,0
-24.24,4.276639,32.21,63.66317616958802,0
7.87,4.272801,32.21,64.31174076325411,0
-4.14,4.277918,32.21,64.31174076325411,0
-13.94,4.27536,32.21,64.31174076325411,0
7.45,4.271522,32.21,64.31174076325411,0
-10.8,4.266405,32.21,64.31174076325411,0
-6.12,4.266405,32.18,63.66317616958802,0
14.56,4.267684,32.18,64.31174076325411,0
-4.38,4.263846,32.18,64.31174076325411,0
-24.58,4.263846,32.18,64.31174076325411,0
15.12,4.263846,32.21,64.31174076325411,0
3.59,4.260008,32.21,64.31174076325411,0
-31.07,4.260008,32.21,64.31174076325411,0
14.46,4.261288,32.21,64.31174076325411,0
7.92,4.261288,32.18,64.31174076325411,0
-29.89,4.261288,32.18,64.31174076325411,0
13.22,4.256171,32.18,64.31174076325411,0
9.83,4.258729,32.18,64.31174076325411,0
-27.05,4.256171,32.23,64.31174076325411,0
15.23,4.260008,32.23,64.31174076325411,0
9.41,4.254891,32.23,64.31174076325411,0
-27.48,4.256171,32.23,64.31174076325411,0
10.13,4.252333,32.18,63.66317616958802,0
3.91,4.258729,32.18,64.31174076325411,0
-17.06,4.261288,32.18,64.31174076325411,0
11.97,4.25745,32.18,64.31174076325411,0
-7.26,4.254891,32.21,64.31174076325411,0
7.07,4.244658,32.21,64.31174076325411,0
11.7,4.229307,32.21,64.31174076325411,0
-20.46,4.238261,32.21,64.31174076325411,0
15.25,4.243378,32.21,64.31174076325411,0
13.46,4.242099,32.21,64.31174076325411,0
-27.14,4.244658,32.21,64.31174076325411,0
15.55,4.243378,32.21,64.31174076325411,0
9.25,4.243378,32.21,64.31174076325411,0
-30.58,4.244658,32.21,64.31174076325411,0
18.17,4.239541,32.21,64.31174076325411,0
14.85,4.243378,32.21,64.31174076325411,0
-25.04,4.228027,32.23,63.419239982831705,0
15.85,4.243378,32.23,64.07027391856539,0
16.82,4.231865,32.23,64.07027391856539,0
-13.9,4.239541,32.23,64.07027391856539,0
9.44,4.239541,32.18,64.07027391856539,0
15.32,4.239541,32.18,64.07027391856539,0
-10.97,4.244658,32.18,64.07027391856539,0
11.57,4.235703,32.18,64.07027391856539,0
10.24,4.24082,32.23,64.07027391856539,0
-22.78,4.238261,32.23,64.07027391856539,0
12.27,4.242099,32.23,62.20128616033595,0
-1.69,4.251054,32.23,64.03124237432849,0
-8.53,4.297107,32.21,63.8200595424354,0
16.71,4.266405,32.21,63.92182725798755,0
47.13,4.249774,32.21,63.190189111918315,0
95.14,4.25745,32.21,63.190189111918315,0
-76.89,4.253613,32.18,63.92182725798755,0
-88.97,4.251054,32.18,64.66065264130884,0
-4.92,4.239541,32.18,63.92182725798755,0
16.76,4.251054,32.18,63.92182725798755,0
-17.98,4.248495,32.23,63.92182725798755,0
12.47,4.247216,32.23,63.92182725798755,0
15.14,4.243378,32.23,63.28506932918696,0
-12.09,4.248495,32.23,63.92182725798755,0
-2.51,4.242099,32.21,64.03124237432849,0
21.85,4.252333,32.21,63.92182725798755,0
0.72,4.251054,32.21,63.92182725798755,0
-14.32,4.289432,32.21,63.28506932918696,0
8.13,4.29071,32.18,63.8200595424354,0
-6.28,4.293269,32.18,63.8200595424354,0
1.53,4.294549,32.18,63.071388124885914,0
3.18,4.289432,32.18,63.8200595424354,0
-28.07,4.297107,32.18,63.8200595424354,0
12.79,4.284314,32.18,63.071388124885914,0
2.21,4.294549,32.18,63.8200595424354,0
-16.03,4.29071,32.18,63.8200595424354,0
17.78,4.29071,32.23,63.8200595424354,0
-9.79,4.293269,32.23,63.8200595424354,0
2.34,4.289432,32.23,63.8200595424354,0
18.28,4.298386,32.23,63.8200595424354,0
-13.83,4.289432,32.16,63.8200595424354,0
14.33,4.293269,32.16,63.8200595424354,0
17.89,4.29071,32.16,63.8200595424354,0
-11.41,4.29199,32.16,63.8200595424354,0
6.91,4.286873,32.21,63.8200595424354,0
19.96,4.289432,32.21,63.8200595424354,0
-7.67,4.29071,32.21,63.8200595424354,0
2.11,4.286873,32.21,63.8200595424354,0
17.51,4.289432,32.18,63.8200595424354,0
-6.72,4.288152,32.18,63.8200595424354,0
-2.01,4.285594,32.18,63.8200595424354,0
13.07,4.286873,32.18,63.8200595424354,0
-6.25,4.288152,32.21,63.8200595424354,0
5.84,4.286873,32.21,63.8200595424354,0
3.23,4.283035,32.21,63.8200595424354,0
-18.97,4.279197,32.21,63.8200595424354,0
5.06,4.285594,32.16,63.8200595424354,0
-5.31,4.284314,32.16,63.8200595424354,0
1.66,4.284314,32.16,63.8200595424354,0
6.07,4.284314,32.16,63.8200595424354,0
-24.47,4.284314,32.18,63.8200595424354,0
8.88,4.279197,32.18,63.8200595424354,0
-3.53,4.289432,32.18,63.8200595424354,0
1.3,4.288152,32.18,63.8200595424354,0
13.68,4.284314,32.18,63.8200595424354,0
-19.38,4.288152,32.18,63.8200595424354,0
12.44,4.281756,32.18,63.8200595424354,0
15.58,4.288152,32.18,63.071388124885914,0
-23.8,4.281756,32.18,63.8200595424354,0
18.4,4.29071,32.18,63.8200595424354,0
11.4,4.261288,32.18,63.8200595424354,0
-26.03,4.276639,32.18,63.8200595424354,0
13.91,4.277918,32.21,63.8200595424354,0
3.62,4.276639,32.21,63.8200595424354,0
-14.24,4.277918,32.21,63.8200595424354,0
9.44,4.277918,32.21,63.8200595424354,0
-12.89,4.280477,32.18,63.8200595424354,0
12.7,4.279197,32.18,63.8200595424354,0
4.94,4.29199,32.18,63.8200595424354,0
-24.5,4.284314,32.18,63.8200595424354,0
12.72,4.289432,32.18,63.8200595424354,0
-14.18,4.288152,32.18,63.8200595424354,0
14.5,4.289432,32.18,63.8200595424354,0
12.96,4.288152,32.18,63.8200595424354,0
-30.5,4.281756,32.18,63.8200595424354,0
20.66,4.285594,32.18,63.8200595424354,0
10.2,4.281756,32.18,64.03124237432849,0
-26.55,4.284314,32.18,64.03124237432849,0
20.74,4.267684,32.16,64.4980619863884,0
18.68,4.288152,32.16,65.0,0
-13.72,4.29199,32.16,62.36184731067546,0
21.22,4.298386,32.16,63.198101237299845,0
18.33,4.311179,32.16,67.7421582177598,0
18.36,4.30862,32.16,66.67083320313314,0
-7.01,4.251054,32.16,62.8728876384726,0
-92.22,4.236982,32.16,63.75735251718032,0
-92.86,4.236982,32.18,63.63961030678928,0
8.11,4.235703,32.18,64.389440128021,0
85.32,4.238261,32.18,63.75735251718032,0
11.54,4.234424,32.18,63.75735251718032,0
10.47,4.236982,32.16,64.27285585688566,0
0.55,4.242099,32.16,64.27285585688566,0
-7.99,4.235703,32.16,63.63961030678928,0
5.53,4.239541,32.16,63.51377803280167,0
-1.1,4.236982,32.18,62.8728876384726,0
2.2,4.238261,32.18,64.389440128021,0
2.8,4.235703,32.18,64.389440128021,0
-7.95,4.235703,32.18,63.631753079732135,0
3.13,4.231865,32.18,64.389440128021,0
-4.3,4.228027,32.18,63.75735251718032,0
7.13,4.22419,32.18,64.27285585688566,0
-0.97,4.217793,32.18,63.51377803280167,0
-9.71,4.22419,32.18,64.17164482853778,0
-4.88,4.225469,32.18,62.99206299209449,0
-7.68,4.226748,32.18,63.63961030678928,0
5.41,4.225469,32.18,63.63961030678928,0
12.23,4.221631,32.21,63.63961030678928,0
-20.63,4.230586,32.21,63.63961030678928,0
-5.8,4.230586,32.21,63.53739056650029,0
-3.43,4.22419,32.21,64.22616289332565,0
-1.95,4.22419,32.21,63.13477647065839,0
13.19,4.211397,32.21,65.49045732013177,0
-7.39,4.220352,32.21,64.70703207534712,0
-4.32,4.219072,32.21,62.928530890209096,0
-5.74,4.225469,32.18,63.0,0
-9.45,4.225469,32.18,63.0,0
36.66,4.226748,32.18,64.47480127925948,0
-24.29,4.226748,32.18,63.671029518926424,0
1.42,4.22419,32.18,63.72597586541927,0
16.86,4.229307,32.18,63.72597586541927,0
2.63,4.22291,32.18,63.72597586541927,0
6.77,4.226748,32.18,62.928530890209096,0
-23.13,4.22291,32.16,63.72597586541927,0
11.07,4.230586,32.16,63.72597586541927,0
0.7,4.226748,32.16,63.72597586541927,0
11.3,4.221631,32.16,63.72597586541927,0
5.2,4.22291,32.16,63.72597586541927,0
-5.4,4.217793,32.16,63.72597586541927,0
9.71,4.217793,32.16,63.72597586541927,0
-13.83,4.217793,32.16,63.72597586541927,0
13.73,4.219072,32.18,63.72597586541927,0
-0.51,4.220352,32.18,63.72597586541927,0
15.66,4.210118,32.18,63.72597586541927,0
4.23,4.207559,32.18,63.72597586541927,0
1.28,4.211397,32.18,63.72597586541927,0
9.77,4.210118,32.18,63.72597586541927,0
-18.77,4.207559,32.18,77.44029958619737,0
9.51,4.208838,32.18,75.67033764957046,0
-4.7,4.284314,32.16,59.23681287847955,0
19.15,4.217793,32.16,57.844619455918284,0
47.25,4.193488,32.16,56.142675390472796,0
107.73,4.216514,32.16,73.00684899377592,0
-35.45,4.225469,32.16,67.96322535018479,0
-164.91,4.247216,32.16,64.79197481170026,0
2.36,4.174299,32.16,43.56604182158393,0
-12.48,4.27408,32.16,61.26989472816156,0
-109.73,4.299665,32.15,66.16645675869307,0
164.96,4.243378,32.15,61.065538563088104,0
126.19,4.196046,32.15,71.386273190299,0
50.85,4.393051,32.15,45.02221673796171,0
-86.77,4.344439,32.16,82.25569889071517,0
-200.1,4.268963,32.16,69.6993543729065,0
173.15,4.244658,32.16,66.96267617113283,0
-110.01,4.243378,32.16,64.96922348312314,0
-145.48,4.245937,32.18,64.59876159803684,0
95.53,4.231865,32.18,66.19667665374146,0
23.29,4.238261,32.18,65.37583651472461,0
21.79,4.233144,32.18,64.68384651518491,0
9.12,4.230586,32.18,64.78425734698207,0
21.2,4.231865,32.18,64.33506042586733,0
4.45,4.22291,32.18,64.78425734698207,0
2.67,4.225469,32.18,64.78425734698207,0
21.91,4.211397,32.16,64.68384651518491,0
-9.25,4.220352,32.16,64.78425734698207,0
24.27,4.215235,32.16,64.33506042586733,0
9.83,4.215235,32.16,65.22269543648132,0
8.86,4.208838,32.18,65.22269543648132,0
22.41,4.20628,32.18,64.78425734698207,0
-6.66,4.20628,32.18,64.78425734698207,0
19.72,4.203722,32.18,64.78425734698207,0
9.72,4.205001,32.18,64.78425734698207,0
-19.36,4.203722,32.18,65.22269543648132,0
13.83,4.202442,32.18,65.22269543648132,0
-0.3,4.199884,32.18,65.22269543648132,0
2.38,4.196046,32.18,64.33506042586733,0
5.58,4.202442,32.18,64.33506042586733,0
-11.26,4.193488,32.18,65.22269543648132,0
8.55,4.18965,32.18,65.22269543648132,0
4.69,4.192208,32.16,64.33506042586733,0
-13.93,4.190929,32.16,64.78425734698207,0
3.9,4.188371,32.16,65.22269543648132,0
-9.95,4.18965,32.16,64.78425734698207,0
3.6,4.188371,32.15,64.78425734698207,0
1.81,4.184533,32.15,65.22269543648132,0
-18.08,4.185812,32.15,64.78425734698207,0
8.32,4.188371,32.15,64.78425734698207,0
-3.94,4.187091,32.18,65.22269543648132,0
-2.37,4.181974,32.18,65.22269543648132,0
10.34,4.176857,32.18,65.22269543648132,0
-17.22,4.181974,32.18,64.78425734698207,0
10.71,4.176857,32.15,64.78425734698207,0
-2.54,4.183253,32.15,64.78425734698207,0
-3.22,4.169182,32.15,64.33506042586733,0
11.18,4.179416,32.15,65.22269543648132,0
-12.44,4.176857,32.16,64.78425734698207,0
13.6,4.175578,32.16,65.22269543648132,0
14.23,4.166623,32.16,64.78425734698207,0
-15.02,4.169182,32.16,63.89053137985315,0
13.28,4.17174,32.16,65.22269543648132,0
18.73,4.164065,32.16,65.22269543648132,0
-6.52,4.169182,32.16,64.78425734698207,0
-18.5,4.165344,32.16,65.22269543648132,0
16.18,4.160227,32.13,64.78425734698207,0
10.58,4.167902,32.13,65.12296062065974,0
-15.71,4.160227,32.13,65.22269543648132,0
2.79,4.161506,32.13,65.34523701081817,0
12.65,4.219072,32.16,59.06775770248944,0
1.15,4.187091,32.16,58.881236400062114,0
-28.31,4.174299,32.16,64.07027391856539,0
13.63,4.164065,32.16,62.8887907341205,0
20.25,4.149993,32.15,62.112800613078136,0
132.34,4.17174,32.15,63.20601237224193,0
17.59,4.167902,32.15,62.8887907341205,0
-64.16,4.170461,32.15,63.39558344238185,0
-157.99,4.156389,32.15,63.31666447310692,0
10.01,4.141038,32.15,62.64982043070834,0
76.22,4.124408,32.15,62.75348595894893,0
-0.92,4.128246,32.15,62.489999199871974,0
-30.35,4.12057,32.13,63.953107821277925,0
-25.3,4.118011,32.13,62.64982043070834,0
-18.04,4.089868,32.13,62.13694553162394,0
-13.52,4.091147,32.13,62.489999199871974,0
-15.32,4.094985,32.15,62.36184731067546,0
28.38,4.084751,32.15,63.221831672294975,0
-5.42,4.077075,32.15,62.976185975335156,0
-15.04,4.102661,32.15,62.13694553162394,0
-4.99,4.148714,32.15,61.424750711744856,0
-7.9,4.188371,32.15,62.89674077406555,0
39.95,4.236982,32.15,62.49799996799898,0
104.02,4.239541,32.15,62.80923498976882,0
142.07,4.18965,32.13,61.91930232165088,0
-24.38,4.169182,32.13,62.465990746965666,0
-134.21,4.164065,32.13,62.72160712226688,0
-252.61,4.170461,32.13,62.44197306299666,0
-43.96,4.153831,32.15,62.89674077406555,0
-26.6,4.169182,32.15,62.313722405261586,0
52.47,4.164065,32.15,62.44197306299666,0
39.95,4.161506,32.15,62.048368229954285,0
35.81,4.157669,32.11,62.96824596572466,0
27.45,4.148714,32.11,62.44197306299666,0
32.38,4.148714,32.11,62.52199612936234,0
9.72,4.144876,32.11,62.44197306299666,0
16.32,4.109057,32.15,62.44197306299666,0
9.25,4.102661,32.15,63.35613624582863,0
4.57,4.101381,32.15,63.35613624582863,0
-7.02,4.098823,32.15,63.35613624582863,0
12.99,4.100102,32.13,63.28506932918696,0
13.64,4.100102,32.13,62.369864518050704,0
-4.37,4.100102,32.13,62.369864518050704,0
2.24,4.096264,32.13,63.28506932918696,0
-2.1,4.092427,32.15,62.44197306299666,0
-1.12,4.089868,32.15,63.28506932918696,0
0.83,4.094985,32.15,62.89674077406555,0
2.17,4.088589,32.15,62.369864518050704,0
5.35,4.08603,32.15,62.369864518050704,0
0.71,4.093706,32.15,63.28506932918696,0
-0.1,4.08603,32.15,62.369864518050704,0
-1.74,4.08731,32.15,62.369864518050704,0
1.29,4.079634,32.13,62.44197306299666,0
3.33,4.08731,32.13,62.048368229954285,0
2.04,4.080914,32.13,63.28506932918696,0
4.44,4.082192,32.13,61.97580172938467,0
-3.2,4.08731,32.15,62.96824596572466,0
-1.31,4.083472,32.15,63.35613624582863,0
1.33,4.080914,32.15,62.369864518050704,0
2.61,4.071959,32.15,62.369864518050704,0
0.26,4.083472,32.15,62.44197306299666,0
-4.45,4.073238,32.15,62.369864518050704,0
1.44,4.075797,32.15,62.89674077406555,0
0.71,4.074517,32.15,62.369864518050704,0
-1.89,4.071959,32.13,62.44197306299666,0
1.58,4.075797,32.13,61.97580172938467,0
-1.88,4.073238,32.13,62.369864518050704,0
-2.34,4.073238,32.13,62.89674077406555,0
2.26,4.060445,32.13,63.702433234531945,0
-7.15,4.070679,32.13,63.29296959378664,0
25.45,4.093706,32.13,60.663003552412405,0
10.84,4.115453,32.13,68.3593446428504,0
-1.02,3.944033,32.13,65.97726881282674,0
-12.38,4.054139,32.13,65.37583651472461,0
-7.33,3.913422,32.13,65.07687761409578,0
-53.53,4.013203,32.13,63.608175575157006,0
-123.27,3.995294,32.11,61.39218191268331,0
22.37,4.152642,32.11,64.5832795698701,0
-29.53,4.208929,32.11,62.385895841928885,0
23.23,4.143687,32.11,62.16912416947821,0
95.18,4.046463,32.11,63.796551630946325,0
35.01,4.049022,32.11,62.81719509815764,0
-83.93,4.055418,32.11,63.06346010171025,0
29.24,4.066932,32.11,62.81719509815764,0
8.19,4.091238,32.15,62.369864518050704,0
-13.42,4.12066,32.15,62.82515419798029,0
7.1,4.128336,32.15,63.071388124885914,0
0.42,4.123219,32.15,62.82515419798029,0
27.06,4.119381,32.11,62.5859409132754,0
29.44,4.105309,32.11,62.5939294181153,0
-48.82,4.101471,32.11,62.5939294181153,0
10.46,4.093796,32.11,62.5859409132754,0
-5.22,4.089958,32.11,62.5859409132754,0
-0.52,4.095075,32.11,62.37788069500277,0
22.23,4.073328,32.11,62.369864518050704,0
-15.37,4.083562,32.11,62.5859409132754,0
26.26,4.083562,32.11,62.82515419798029,0
10.77,4.088679,32.11,62.5939294181153,0
-42.26,4.078445,32.11,62.81719509815764,0
19.01,4.078445,32.11,62.5859409132754,0
-3.78,4.079724,32.11,62.5859409132754,0
-13.81,4.075887,32.11,62.82515419798029,0
22.33,4.073328,32.11,62.81719509815764,0
0.5,4.064373,32.11,62.81719509815764,0
7.79,4.066932,32.09,62.82515419798029,0
12.26,4.059256,32.09,62.81719509815764,0
-17.66,4.057977,32.09,62.5939294181153,0
5.36,4.051581,32.09,62.5859409132754,0
-1.88,4.051581,32.13,62.81719509815764,0
-19.08,4.049022,32.13,62.81719509815764,0
1.11,4.047743,32.13,62.81719509815764,0
-13.09,4.046463,32.13,62.5859409132754,0
9.4,4.041347,32.11,62.5859409132754,0
0.53,4.046463,32.11,62.5939294181153,0
-20.33,4.032392,32.11,62.81719509815764,0
8.53,4.037509,32.11,62.81719509815764,0
-9.73,4.033671,32.11,62.5939294181153,0
3.75,4.025996,32.11,62.81719509815764,0
9.71,4.025996,32.11,62.81719509815764,0
-20.95,4.020879,32.11,62.82515419798029,0
13.22,4.020879,32.09,62.81719509815764,0
14.4,4.01832,32.09,62.81719509815764,0
-16.03,4.017041,32.09,62.5859409132754,0
-1.0,4.011924,32.09,62.81719509815764,0
24.22,4.011924,32.11,62.81719509815764,0
-0.99,4.002969,32.11,62.5859409132754,0
-31.43,4.00169,32.11,62.81719509815764,0
18.5,4.00169,32.11,62.82515419798029,0
9.95,3.995294,32.11,62.81719509815764,0
-28.93,4.000411,32.11,62.5859409132754,0
13.91,3.995294,32.11,62.849025449882674,0
19.21,3.991456,32.11,62.81719509815764,0
-17.29,3.990177,32.11,61.603571325045756,0
-7.19,4.017041,32.11,61.90315016216864,0
16.26,4.073328,32.11,61.032778078668514,0
-11.14,4.073328,32.11,66.55824516917495,0
-63.88,4.054139,32.11,62.80923498976882,0
-32.43,4.031113,32.11,63.686733312362634,0
180.72,4.005527,32.11,61.814237842102365,0
91.02,3.997852,32.11,62.80923498976882,0
-163.77,3.979943,32.11,64.07027391856539,0
-145.69,3.979943,32.11,63.00793600809346,0
5.34,3.969709,32.11,62.489999199871974,0
32.49,3.96715,32.11,62.3377895020348,0
14.0,3.969709,32.09,63.150613615387776,0
11.68,3.962033,32.09,63.150613615387776,0
12.69,3.956916,32.09,62.63385665915839,0
-28.97,3.945403,32.09,62.63385665915839,0
14.43,3.949241,32.09,62.63385665915839,0
-6.45,3.941565,32.09,62.3377895020348,0
8.71,3.942844,32.09,62.80923498976882,0
21.15,3.939007,32.09,62.63385665915839,0
-33.61,3.936448,32.11,62.63385665915839,0
25.7,3.93389,32.11,62.63385665915839,0
2.43,3.927493,32.11,62.49799996799898,0
-11.52,3.930052,32.11,62.49799996799898,0
26.06,3.923656,32.11,62.49799996799898,0
-8.42,3.927493,32.11,62.49799996799898,0
11.12,3.918539,32.11,62.49799996799898,0
21.76,3.921097,32.11,62.49799996799898,0
-20.86,3.918539,32.11,62.63385665915839,0
18.25,3.914701,32.11,62.63385665915839,0
11.08,3.914701,32.11,62.49799996799898,0
-33.46,3.909584,32.11,62.63385665915839,0
11.53,3.908304,32.13,62.94441992742486,0
-8.77,3.908304,32.13,62.63385665915839,0
11.52,3.907025,32.13,62.63385665915839,0
14.66,3.903188,32.13,62.63385665915839,0
-37.59,3.901908,32.09,62.63385665915839,0
23.47,3.894233,32.09,62.63385665915839,0
4.46,3.898071,32.09,62.94441992742486,0
-26.31,3.895512,32.09,62.63385665915839,0
21.07,3.889116,32.13,62.63385665915839,0
-10.91,3.894233,32.13,62.63385665915839,0
-2.55,3.863531,32.13,62.63385665915839,0
17.9,3.88272,32.13,62.63385665915839,0
-17.84,3.88144,32.13,62.63385665915839,0
9.79,3.88272,32.13,62.63385665915839,0
19.08,3.880161,32.13,62.63385665915839,0
-19.18,3.875044,32.13,62.63385665915839,0
14.36,3.871206,32.11,62.63385665915839,0
14.57,3.876323,32.11,62.63385665915839,0
-26.21,3.875044,32.11,62.63385665915839,0
17.46,3.875044,32.11,62.63385665915839,0
12.23,3.871206,32.11,62.94441992742486,0
-32.9,3.877603,32.11,62.80923498976882,0
14.38,3.873765,32.11,62.63385665915839,0
-5.49,3.876323,32.11,69.03622237637282,0
-10.2,3.931331,32.11,46.45427859734774,0
7.49,3.972267,32.11,70.66823897621902,0
-22.43,3.970988,32.11,115.80155439371269,0
42.81,3.936448,32.11,79.51729371652434,0
65.1,3.977384,32.11,48.84669896727925,0
24.12,3.991456,32.11,79.08223567907018,0
-176.69,3.969709,32.11,65.5286197016235,0
-43.55,3.987618,32.11,64.10928169929842,0
42.67,4.03623,32.09,66.05300901548695,0
1.4,4.03623,32.09,64.65291950097846,0
-156.75,4.033671,32.09,64.90762667052309,0
110.82,4.029833,32.09,64.5445582524197,0
3.5,4.023437,32.07,64.25729530566937,0
8.21,4.028554,32.07,63.694583757176716,0
22.82,4.014482,32.07,100.024996875781,0
-15.9,4.023437,32.07,47.07440918375928,0
24.44,4.014482,32.11,44.04543109109048,0
-3.01,3.923656,32.11,65.52098900352466,0
40.89,3.949241,32.11,58.74521257089806,0
58.96,3.979943,32.11,75.69015788066504,0
-70.92,3.918539,32.07,73.35529974037323,0
4.4,3.890395,32.07,70.02856560004639,0
-23.18,3.853297,32.07,65.31462317123173,0
3.37,3.965871,32.07,63.28506932918696,0
128.59,3.931331,32.09,52.26853738148792,0
-74.2,3.941565,32.09,60.315835400000886,0
160.74,3.904467,32.09,72.4568837309472,0
-131.98,3.959475,32.09,63.63961030678928,0
-152.76,3.922376,32.09,71.33722730804723,0
110.17,3.904467,32.09,70.46275611981126,0
-98.27,3.891674,32.09,66.94027188471824,0
-93.62,3.885278,32.09,61.326992425847855,0
41.25,3.877603,32.09,51.778373863998475,0
-57.76,3.866089,32.09,45.13313638558703,0
16.38,3.866089,32.09,88.82567196480981,0
-37.48,3.946682,32.09,67.54257916307313,0
-31.98,3.969709,32.07,63.0158710167526,0
70.99,3.965871,32.07,64.07027391856539,0
32.96,3.954358,32.07,64.87680633323437,0
55.62,3.954358,32.07,65.14598989960932,0
-67.69,3.95052,32.09,63.43500610861482,0
-61.06,3.958195,32.09,66.70082458260917,0
-5.58,3.958195,32.09,64.76109943476871,0
-18.43,3.963312,32.09,63.15853069855251,0
24.55,3.963312,32.07,63.953107821277925,0
-0.99,3.960754,32.07,64.97691897897283,0
34.74,3.960754,32.07,64.47480127925948,0
9.31,3.947961,32.07,65.26101439603893,0
7.68,3.954358,32.09,64.47480127925948,0
26.64,3.951799,32.09,63.984373092185564,0
-6.17,3.949241,32.09,64.45153217728807,0
11.56,3.949241,32.09,63.655321851358195,0
-9.51,3.947961,32.09,63.655321851358195,0
58.3,3.947961,32.09,64.68384651518491,0
139.51,3.945403,32.09,64.16385275215322,0
37.63,3.947961,32.09,64.16385275215322,0
-132.96,3.949241,32.11,64.16385275215322,0
-231.26,3.949241,32.11,64.16385275215322,0
8.67,3.941565,32.11,64.16385275215322,0
44.42,3.941565,32.11,64.45153217728807,0
22.38,3.942844,32.09,64.45153217728807,0
23.77,3.936448,32.09,64.45153217728807,0
1.81,3.937727,32.09,64.45153217728807,0
7.64,3.935169,32.09,64.45153217728807,0
16.36,3.93261,32.11,64.45153217728807,0
-4.05,3.936448,32.11,64.16385275215322,0
7.94,3.910863,32.11,64.16385275215322,0
9.05,3.923656,32.11,64.97691897897283,0
-15.43,3.914701,32.09,64.16385275215322,0
7.05,3.921097,32.09,64.45153217728807,0
1.06,3.923656,32.09,64.16385275215322,0
-12.61,3.922376,32.09,64.68384651518491,0
10.32,3.924935,32.11,64.16385275215322,0
-6.53,3.919818,32.11,64.16385275215322,0
5.4,3.921097,32.11,64.16385275215322,0
10.68,3.921097,32.11,64.97691897897283,0
-18.5,3.91598,32.09,87.51571287488893,0
11.48,3.927493,32.09,58.08614292583042,0
3.5,4.022158,32.09,57.62811813689564,0
-13.38,3.894233,32.09,72.44998274671983,0
41.66,3.839225,32.09,63.66317616958802,0
138.94,3.868648,32.09,64.19501538281614,0
-61.65,3.981222,32.09,75.91442550661897,0
-65.04,4.01832,32.09,66.51315659326356,0
100.86,3.895512,32.09,57.4978260458602,0
243.67,3.866089,32.09,65.03076195155643,0
-214.18,3.844342,32.09,73.50510186374821,0
-161.58,3.905746,32.09,62.93647591023825,0
-138.3,3.958195,32.11,72.50517222929686,0
-5.0,3.964592,32.11,66.76825593049439,0
96.71,3.942844,32.11,66.03786792439622,0
7.02,3.930052,32.11,63.34824385884742,0
17.94,3.93261,32.09,63.34824385884742,0
9.19,3.930052,32.09,64.69157595854347,0
-20.23,3.923656,32.09,64.03124237432849,0
38.69,3.924935,32.09,64.03124237432849,0
7.33,3.922376,32.09,64.72248450113763,0
-16.18,3.922376,32.09,64.03124237432849,0
21.8,3.918539,32.09,64.72248450113763,0
-3.75,3.918539,32.09,64.72248450113763,0
12.35,3.91598,32.07,64.42049363362563,0
17.12,3.91598,32.07,64.42049363362563,0
-18.29,3.908304,32.07,64.42049363362563,0
21.87,3.912142,32.07,64.07807737440318,0
6.89,3.908304,32.09,64.72248450113763,0
-12.27,3.910863,32.09,64.07807737440318,0
18.22,3.904467,32.09,67.48333127521195,0
-0.63,3.905746,32.09,63.96092557178953,0
7.78,3.905746,32.09,63.0,0
19.12,3.89935,32.09,64.82283548256741,0
-6.3,3.901908,32.09,71.36525765384722,0
3.88,3.895512,32.09,66.64833081180653,0
7.37,3.964592,32.11,52.01922721455981,0
-9.02,3.88144,32.11,54.35071296680477,0
35.18,3.889116,32.11,78.24960063795854,0
147.6,3.949241,32.11,62.93647591023825,0
60.77,3.949241,32.09,68.49817515817483,0
-152.2,3.896791,32.09,63.57672530100933,0
5.61,3.886557,32.09,64.56779382943171,0
-12.47,3.931331,32.09,64.07807737440318,0
-8.26,3.908304,32.11,58.52349955359813,0
-29.08,3.895512,32.11,63.74950980203691,0
-42.01,3.867368,32.11,85.38149682454625,0
12.86,3.816198,32.11,43.669211121796096,0
-1.45,3.872486,32.11,66.79820356865893,0
-26.4,3.959475,32.11,72.34638899074369,0
-79.71,3.972267,32.11,64.24951361683604,0
50.72,3.979943,32.11,63.671029518926424,0
106.1,3.98378,32.07,62.185207244167,0
-41.14,3.977384,32.07,62.457985878508765,0
51.68,3.969709,32.07,67.05221845696084,0
50.53,3.927493,32.07,60.61352984276695,0
-68.92,3.875044,32.11,71.80529228406496,0
3.74,3.937727,32.11,48.4458460551573,0
-101.52,4.024716,32.11,69.93568473962345,0
3.87,3.939007,32.11,80.90735442467513,0
41.25,3.949241,32.09,66.783231428256,0
117.65,3.939007,32.09,62.63385665915839,0
-117.87,3.937727,32.09,64.47480127925948,0
146.14,3.931331,32.09,64.32728814430156,0
-25.38,3.923656,32.09,63.773035054010094,0
-90.59,3.923656,32.09,64.5445582524197,0
-5.68,3.917259,32.09,65.09224224129939,0
29.34,3.918539,32.09,65.09224224129939,0
-13.72,3.913422,32.11,64.5445582524197,0
47.84,3.919818,32.11,64.5445582524197,0
21.16,3.891674,32.11,65.09224224129939,0
17.45,3.904467,32.11,65.09224224129939,0
32.63,3.904467,32.07,64.32728814430156,0
-4.97,3.901908,32.07,65.09224224129939,0
38.6,3.904467,32.07,64.32728814430156,0
27.73,3.89935,32.07,64.32728814430156,0
-27.15,3.901908,32.09,64.32728814430156,0
23.24,3.896791,32.09,65.09224224129939,0
7.24,3.901908,32.09,65.09224224129939,0
-20.59,3.89935,32.09,64.32728814430156,0
15.38,3.898071,32.09,64.32728814430156,0
-4.17,3.895512,32.09,65.09224224129939,0
10.0,3.892954,32.09,64.5445582524197,0
10.89,3.898071,32.09,65.09224224129939,0
-21.22,3.890395,32.09,65.09224224129939,0
13.94,3.898071,32.09,64.5445582524197,0
0.49,3.892954,32.09,65.09224224129939,0
-14.07,3.892954,32.09,65.09224224129939,0
10.7,3.891674,32.09,65.09224224129939,0
-7.02,3.889116,32.09,64.5445582524197,0
6.64,3.890395,32.09,64.32728814430156,0
6.96,3.887836,32.09,64.32728814430156,0
-17.66,3.885278,32.09,64.32728814430156,0
7.08,3.889116,32.09,64.32728814430156,0
6.78,3.889116,32.09,64.32728814430156,0
-15.48,3.887836,32.09,65.09224224129939,0
4.86,3.885278,32.07,65.09224224129939,0
-3.58,3.890395,32.07,64.5445582524197,0
-5.29,3.886557,32.07,65.09224224129939,0
2.69,3.886557,32.07,65.09224224129939,0
-12.39,3.891674,32.09,64.5445582524197,0
7.65,3.887836,32.09,64.5445582524197,0
0.73,3.887836,32.09,65.09224224129939,0
-12.54,3.877603,32.09,64.32728814430156,0
11.8,3.886557,32.07,64.32728814430156,0
-7.46,3.88272,32.07,64.5445582524197,0
14.6,3.887836,32.07,65.09224224129939,0
11.35,3.887836,32.07,64.32728814430156,0
-21.15,3.887836,32.09,65.09224224129939,0
15.32,3.887836,32.09,64.32728814430156,0
7.52,3.883999,32.09,65.09224224129939,0
-22.39,3.887836,32.09,65.09224224129939,0
12.15,3.885278,32.05,64.5445582524197,0
3.7,3.88272,32.05,64.32728814430156,0
-23.41,3.878882,32.05,64.5445582524197,0
8.0,3.885278,32.05,65.09224224129939,0
-0.33,3.885278,32.03,64.5445582524197,0
-9.04,3.885278,32.03,64.5445582524197,0
4.43,3.886557,32.03,64.5445582524197,0
-7.06,3.886557,32.03,65.09224224129939,0
13.79,3.886557,32.09,64.5445582524197,0
6.98,3.886557,32.09,64.5445582524197,0
-17.05,3.88272,32.09,64.32728814430156,0
8.53,3.88272,32.09,65.09224224129939,0
-5.01,3.880161,32.07,64.5445582524197,0
6.22,3.88144,32.07,64.5445582524197,0
2.56,3.88272,32.07,65.09224224129939,0
-16.66,3.88272,32.07,65.09224224129939,0
7.11,3.88272,32.05,65.09224224129939,0
-0.66,3.883999,32.05,64.5445582524197,0
-8.78,3.883999,32.05,65.09224224129939,0
1.87,3.88144,32.05,64.5445582524197,0
-8.01,3.88272,32.05,64.5445582524197,0
4.11,3.883999,32.05,64.5445582524197,0
4.35,3.88272,32.05,64.5445582524197,0
-11.14,3.88144,32.05,64.5445582524197,0
7.31,3.871206,32.05,64.5445582524197,0
-0.83,3.883999,32.05,64.5445582524197,0
-4.21,3.878882,32.05,65.09224224129939,0
6.56,3.878882,32.05,64.5445582524197,0
-7.02,3.878882,32.03,64.5445582524197,0
11.83,3.877603,32.03,65.09224224129939,0
6.59,3.877603,32.03,64.5445582524197,0
-18.56,3.869927,32.03,64.5445582524197,0
8.44,3.878882,32.03,64.5445582524197,0
5.65,3.877603,32.03,64.5445582524197,0
-19.85,3.878882,32.03,65.09224224129939,0
8.9,3.872486,32.03,64.5445582524197,0
2.71,3.873765,32.05,64.5445582524197,0
-21.13,3.903188,32.05,65.09224224129939,0
10.94,3.88272,32.05,64.5445582524197,0
-4.52,3.894233,32.05,64.5445582524197,0
-2.82,3.896791,32.05,64.5445582524197,0
8.79,3.901908,32.05,64.5445582524197,0
-11.85,3.909584,32.05,64.5445582524197,0
15.74,3.907025,32.05,64.5445582524197,0
3.69,3.908304,32.03,64.5445582524197,0
-9.54,3.910863,32.03,64.5445582524197,0
10.06,3.904467,32.03,64.5445582524197,0
-13.57,3.908304,32.03,64.5445582524197,0
13.9,3.901908,32.0,64.5445582524197,0
7.01,3.910863,32.0,65.09224224129939,0
-17.87,3.89935,32.0,65.09224224129939,0
12.48,3.907025,32.0,64.5445582524197,0
-2.89,3.907025,32.03,64.5445582524197,0
5.1,3.905746,32.03,64.5445582524197,0
7.1,3.908304,32.03,63.773035054010094,0
-16.43,3.901908,32.03,64.5445582524197,0
12.44,3.904467,32.0,64.5445582524197,0
-0.75,3.898071,32.0,64.5445582524197,0
-3.77,3.901908,32.0,64.5445582524197,0
10.24,3.894233,32.0,64.5445582524197,0
-8.58,3.895512,31.99,64.5445582524197,0
14.21,3.901908,31.99,64.5445582524197,0
5.53,3.895512,31.99,65.09224224129939,0
-15.25,3.898071,31.99,64.5445582524197,0
8.51,3.896791,32.03,64.5445582524197,0
-6.37,3.898071,32.03,65.09224224129939,0
-7.24,3.895512,32.03,64.5445582524197,0
6.92,3.891674,32.03,64.5445582524197,0
-5.32,3.889116,31.99,64.5445582524197,0
-5.95,3.891674,31.99,64.5445582524197,0
4.41,3.890395,31.99,64.5445582524197,0
-7.09,3.891674,31.99,64.5445582524197,0
-1.34,3.891674,31.99,64.5445582524197,0
4.94,3.890395,31.99,64.5445582524197,0
-7.34,3.886557,31.99,65.09224224129939,0
10.16,3.889116,31.99,65.09224224129939,0
4.94,3.892954,32.0,65.09224224129939,0
-18.22,3.890395,32.0,64.5445582524197,0
8.74,3.890395,32.0,64.5445582524197,0
2.96,3.880161,32.0,65.09224224129939,0
-20.36,3.890395,31.99,64.5445582524197,0
10.61,3.883999,31.99,64.5445582524197,0
-0.54,3.886557,31.99,64.5445582524197,0
-6.69,3.886557,31.99,64.5445582524197,0
10.11,3.885278,31.99,65.09224224129939,0
-19.05,3.894233,31.99,64.5445582524197,0
8.97,3.890395,31.99,64.5445582524197,0
12.88,3.892954,31.99,64.5445582524197,0
-9.77,3.891674,31.97,64.5445582524197,0
14.33,3.892954,31.97,65.09224224129939,0
-9.96,3.890395,31.97,64.5445582524197,0
-0.23,3.891674,31.97,64.32728814430156,0
12.21,3.892954,31.97,64.5445582524197,0
-13.97,3.891674,31.97,64.5445582524197,0
22.2,3.891674,31.97,65.09224224129939,0
6.89,3.891674,31.97,65.09224224129939,0
-31.81,3.887836,31.99,65.09224224129939,0
19.45,3.891674,31.99,65.09224224129939,0
6.84,3.891674,31.99,64.5445582524197,0
-29.05,3.891674,31.99,65.09224224129939,0
10.67,3.887836,31.95,64.5445582524197,0
3.48,3.889116,31.95,64.5445582524197,0
-25.71,3.891674,31.95,64.5445582524197,0
13.07,3.889116,31.95,64.5445582524197,0
-1.98,3.889116,31.95,64.5445582524197,0
-11.08,3.883999,31.95,64.5445582524197,0
12.12,3.887836,31.95,65.09224224129939,0
-3.57,3.88272,31.95,64.5445582524197,0
6.96,3.885278,31.97,65.09224224129939,0
15.17,3.886557,31.97,64.5445582524197,0
-12.16,3.88144,31.97,64.5445582524197,0
13.6,3.88272,31.97,64.5445582524197,0
0.09,3.875044,31.97,65.09224224129939,0
-29.49,3.886557,31.97,64.5445582524197,0
8.08,3.877603,31.97,64.5445582524197,0
-6.96,3.883999,31.97,64.5445582524197,0
-23.94,3.883999,31.95,64.5445582524197,0
10.43,3.88272,31.95,64.5445582524197,0
-0.98,3.863531,31.95,65.09224224129939,0
2.27,3.872486,31.95,64.5445582524197,0
11.48,3.877603,31.95,64.5445582524197,0
-11.52,3.875044,31.95,64.5445582524197,0
2.66,3.876323,31.95,64.32728814430156,0
7.75,3.872486,31.95,64.32728814430156,0
-14.33,3.876323,31.95,64.66065264130884,0
14.44,3.871206,31.95,64.66065264130884,0
7.94,3.867368,31.95,64.32728814430156,0
-26.0,3.869927,31.95,64.66065264130884,0
9.79,3.867368,31.95,64.32728814430156,0
-0.64,3.876323,31.95,64.32728814430156,0
-13.43,3.86481,31.95,64.5445582524197,0
13.57,3.875044,31.95,64.5445582524197,0
-6.65,3.875044,31.91,65.09224224129939,0
19.43,3.876323,31.91,65.09224224129939,0
8.2,3.869927,31.91,64.66065264130884,0
-23.52,3.871206,31.91,64.66065264130884,0
15.05,3.876323,31.93,64.66065264130884,0
-5.17,3.872486,31.93,64.66065264130884,0
8.77,3.873765,31.93,64.66065264130884,0
11.28,3.866089,31.93,63.90618123468183,0
-17.78,3.871206,31.93,64.32728814430156,0
19.29,3.871206,31.93,64.66065264130884,0
2.54,3.873765,31.93,64.32728814430156,0
-8.77,3.871206,31.93,64.66065264130884,0
11.09,3.868648,31.91,64.32728814430156,0
-10.74,3.871206,31.91,65.09224224129939,0
15.97,3.872486,31.91,64.5445582524197,0
7.81,3.871206,31.91,64.32728814430156,0
-17.98,3.871206,31.91,65.09224224129939,0
9.56,3.872486,31.91,64.32728814430156,0
-3.74,3.872486,31.91,64.32728814430156,0
-7.84,3.868648,31.91,64.32728814430156,0
6.06,3.868648,31.91,65.09224224129939,0
-5.15,3.866089,31.91,64.32728814430156,0
-5.82,3.872486,31.91,64.66065264130884,0
6.19,3.869927,31.91,64.5445582524197,0
-9.89,3.863531,31.91,65.09224224129939,0
-8.4,3.873765,31.91,65.09224224129939,0
2.92,3.863531,31.91,64.32728814430156,0
-3.95,3.871206,31.91,64.32728814430156,0
3.3,3.86481,31.91,65.09224224129939,0
4.92,3.871206,31.91,64.32728814430156,0
-5.92,3.867368,31.91,65.09224224129939,0
8.48,3.867368,31.91,64.32728814430156,0
3.26,3.867368,31.89,64.32728814430156,0
-17.59,3.867368,31.89,64.32728814430156,0
9.71,3.867368,31.89,64.5445582524197,0
0.98,3.857135,31.89,65.09224224129939,0
-22.29,3.866089,31.89,64.32728814430156,0
9.94,3.863531,31.89,64.66065264130884,0
1.84,3.863531,31.89,64.66065264130884,0
-22.04,3.863531,31.89,64.32728814430156,0
9.59,3.863531,31.89,65.09224224129939,0
0.18,3.863531,31.89,64.32728814430156,0
-15.04,3.858414,31.89,64.32728814430156,0
15.99,3.860972,31.89,64.32728814430156,0
-10.71,3.857135,31.87,64.5445582524197,0
15.26,3.863531,31.87,64.32728814430156,0
12.92,3.854576,31.87,65.09224224129939,0
-23.84,3.862252,31.87,65.09224224129939,0
18.46,3.852017,31.87,64.5445582524197,0
10.34,3.858414,31.87,64.32728814430156,0
-26.37,3.857135,31.87,65.09224224129939,0
16.39,3.857135,31.87,63.773035054010094,0
1.5,3.858414,31.87,64.32728814430156,0
-16.39,3.854576,31.87,65.09224224129939,0
11.45,3.858414,31.87,64.5445582524197,0
-6.29,3.857135,31.87,64.5445582524197,0
-1.89,3.858414,31.87,64.32728814430156,0
10.37,3.853297,31.87,64.32728814430156,0
-11.68,3.857135,31.87,64.5445582524197,0
21.89,3.857135,31.87,64.5445582524197,0
9.57,3.852017,31.85,63.773035054010094,0
-26.11,3.862252,31.85,64.5445582524197,0
15.61,3.855855,31.85,64.5445582524197,0
-0.25,3.858414,31.85,65.09224224129939,0
-10.49,3.858414,31.87,64.5445582524197,0
12.29,3.859693,31.87,64.32728814430156,0
-9.58,3.840504,31.87,63.773035054010094,0
9.83,3.853297,31.87,64.5445582524197,0
6.45,3.84818,31.87,65.09224224129939,0
-17.73,3.849459,31.87,65.09224224129939,0
14.56,3.850738,31.87,63.773035054010094,0
4.27,3.8469,31.87,65.09224224129939,0
-19.64,3.850738,31.89,64.5445582524197,0
9.9,3.849459,31.89,64.5445582524197,0
-1.01,3.84818,31.89,64.5445582524197,0
0.46,3.850738,31.89,64.32728814430156,0
7.76,3.850738,31.87,64.32728814430156,0
-14.62,3.850738,31.87,65.09224224129939,0
13.68,3.84818,31.87,65.09224224129939,0
6.97,3.8469,31.87,64.5445582524197,0
-21.92,3.841784,31.87,65.09224224129939,0
12.89,3.849459,31.87,64.5445582524197,0
-1.63,3.850738,31.87,65.09224224129939,0
-20.5,3.850738,31.87,64.32728814430156,0
12.08,3.850738,31.85,64.5445582524197,0
-1.89,3.850738,31.85,64.5445582524197,0
-19.55,3.855855,31.85,64.10928169929842,0
8.95,3.853297,31.85,64.5445582524197,0
-3.52,3.852017,31.81,65.09224224129939,0
-12.16,3.853297,31.81,64.5445582524197,0
8.37,3.845621,31.81,65.09224224129939,0
-1.88,3.849459,31.81,63.773035054010094,0
2.06,3.845621,31.85,64.32728814430156,0
9.17,3.852017,31.85,64.5445582524197,0
-5.05,3.84818,31.85,65.09224224129939,0
21.97,3.849459,31.85,64.66065264130884,0
-15.42,3.84818,31.81,64.32728814430156,0
-22.79,3.84818,31.81,64.32728814430156,0
4.36,3.8469,31.81,64.32728814430156,0
2.7,3.843063,31.81,65.09224224129939,0
-14.61,3.8469,31.83,63.773035054010094,0
2.63,3.839225,31.83,63.773035054010094,0
-1.99,3.8469,31.83,64.66065264130884,0
-15.87,3.843063,31.83,65.09224224129939,0
13.07,3.840504,31.81,64.32728814430156,0
0.51,3.841784,31.81,63.773035054010094,0
-5.24,3.839225,31.81,64.66065264130884,0
4.52,3.843063,31.81,64.32728814430156,0
-9.45,3.837946,31.81,64.32728814430156,0
9.89,3.849459,31.81,64.5445582524197,0
10.64,3.844342,31.81,64.66065264130884,0
-18.57,3.844342,31.81,64.32728814430156,0
10.78,3.837946,31.79,64.66065264130884,0
1.87,3.841784,31.79,64.32728814430156,0
-9.84,3.841784,31.79,65.09224224129939,0
8.34,3.836667,31.79,64.32728814430156,0
-7.69,3.844342,31.81,64.10928169929842,0
11.51,3.836667,31.81,65.4217089351845,0
6.97,3.839225,31.81,65.09224224129939,0
-15.3,3.839225,31.81,64.66065264130884,0
10.7,3.839225,31.79,64.32728814430156,0
-4.18,3.841784,31.79,65.09224224129939,0
14.13,3.835387,31.79,64.66065264130884,0
8.85,3.832829,31.79,64.66065264130884,0
-17.15,3.835387,31.81,64.66065264130884,0
14.13,3.837946,31.81,64.66065264130884,0
-0.08,3.836667,31.81,64.66065264130884,0
-8.02,3.832829,31.81,64.66065264130884,0
7.44,3.835387,31.75,65.05382386916237,0
-8.68,3.836667,31.75,65.37583651472461,0
11.08,3.840504,31.75,64.1404708432983,0
8.39,3.840504,31.75,64.35060217278468,0
10.62,3.836667,31.77,62.14499175315739,0
114.16,3.835387,31.77,63.85138996137829,0
-180.24,3.831549,31.77,64.40496875241847,0
-31.07,3.835387,31.77,64.10148204214939,0
56.87,3.834108,31.77,65.05382386916237,0
-56.42,3.835387,31.77,65.05382386916237,0
-8.36,3.83027,31.77,65.33758489567853,0
-12.18,3.835387,31.77,64.40496875241847,0
-10.55,3.832829,31.77,63.85922016435841,0
14.58,3.839225,31.77,64.19501538281614,0
-3.23,3.837946,31.77,65.1536645170477,0
16.91,3.837946,31.77,64.91532946846992,0
6.69,3.837946,31.75,63.85922016435841,0
-13.3,3.834108,31.75,64.319514923544,0
0.24,3.818757,31.75,64.5832795698701,0
-1.94,3.826432,31.75,64.72248450113763,0
19.18,3.834108,31.77,64.40496875241847,0
-4.62,3.837946,31.77,64.40496875241847,0
2.08,3.840504,31.77,63.984373092185564,0
6.52,3.840504,31.77,63.984373092185564,0
-7.43,3.844342,31.77,64.319514923544,0
11.84,3.845621,31.77,63.984373092185564,0
-2.57,3.839225,31.77,64.319514923544,0
-14.4,3.840504,31.77,64.91532946846992,0
2.2,3.831549,31.77,63.984373092185564,0
3.14,3.843063,31.77,64.72248450113763,0
4.81,3.836667,31.77,63.984373092185564,0
3.94,3.836667,31.77,63.85922016435841,0
-7.07,3.836667,31.75,63.984373092185564,0
4.96,3.834108,31.75,64.72248450113763,0
-2.28,3.835387,31.75,64.72248450113763,0
-3.13,3.834108,31.75,63.984373092185564,0
4.29,3.836667,31.73,64.72248450113763,0
-11.12,3.836667,31.73,64.72248450113763,0
3.65,3.834108,31.73,64.72248450113763,0
1.46,3.831549,31.73,63.984373092185564,0
-13.68,3.835387,31.73,64.72248450113763,0
9.23,3.835387,31.73,64.72248450113763,0
10.2,3.83027,31.73,64.72248450113763,0
-11.74,3.831549,31.73,64.72248450113763,0
-0.63,3.83027,31.73,64.72248450113763,0
-7.93,3.835387,31.73,63.984373092185564,0
11.83,3.831549,31.73,64.5832795698701,0
6.71,3.831549,31.73,63.25345840347388,0
-1.82,3.83027,31.73,63.85922016435841,0
10.49,3.822595,31.73,63.40346993658943,0
-3.11,3.818757,31.73,64.66838485689897,0
13.94,3.818757,31.73,64.19501538281614,0
5.11,3.820036,31.71,64.19501538281614,0
-19.22,3.825153,31.71,63.592452382338585,0
10.93,3.823874,31.71,70.49113419430843,0
7.42,3.822595,31.71,61.69278726074872,0
-16.62,3.820036,31.71,67.08949247087803,0
4.54,3.825153,31.71,64.20280367709809,0
-8.41,3.817478,31.71,64.82283548256741,0
-16.57,3.826432,31.71,64.66838485689897,0
14.47,3.825153,31.71,64.66838485689897,0
-5.37,3.823874,31.71,65.03076195155643,0
5.55,3.825153,31.71,64.66838485689897,0
3.44,3.823874,31.71,64.66838485689897,0
-12.17,3.825153,31.71,63.229739838148944,0
19.55,3.820036,31.71,64.82283548256741,0
0.19,3.827712,31.71,64.08587988004847,0
-20.79,3.821316,31.71,65.36818798161687,0
11.69,3.822595,31.69,67.03730304837748,0
0.23,3.821316,31.69,62.03224967708329,0
-7.06,3.817478,31.69,78.41555968046137,0
10.81,3.818757,31.69,65.22269543648132,0
-14.59,3.812361,31.69,61.71709649683789,0
8.18,3.817478,31.69,68.49087530467106,0
34.78,3.812361,31.69,63.984373092185564,0
-30.92,3.816198,31.69,64.1404708432983,0
-3.68,3.814919,31.73,64.5832795698701,0
3.58,3.814919,31.73,64.5832795698701,0
-24.29,3.814919,31.73,63.85922016435841,0
5.08,3.81364,31.73,64.5832795698701,0
-2.62,3.81364,31.71,64.319514923544,0
10.55,3.81364,31.71,63.984373092185564,0
4.33,3.812361,31.71,64.319514923544,0
-20.33,3.804685,31.71,64.5832795698701,0
14.51,3.811081,31.69,103.92785959500947,0
-1.41,3.820036,31.69,56.60388679233962,0
2.5,3.81364,31.69,46.66904755831214,0
-5.78,3.768866,31.69,63.03967004989794,0
-70.37,3.749677,31.69,59.53990258641679,0
14.39,3.753515,31.69,59.61543424315552,0
239.72,3.756074,31.69,52.21110992882645,0
96.94,3.754794,31.69,66.91786009728644,0
-152.08,3.753515,31.69,55.65968020030299,0
-175.66,3.753515,31.69,61.5223536610881,0
38.14,3.767587,31.69,60.60528029800704,0
8.69,3.800848,31.69,50.19960159204453,0
12.96,3.749677,31.71,72.53275122315436,0
31.97,3.759911,31.71,51.32250968142536,0
-68.18,3.761191,31.71,101.15334893121434,0
-23.14,3.733047,31.71,84.01190391843289,0
105.91,3.790613,31.69,61.13918547053109,0
-17.63,3.857135,31.69,67.77905281132217,0
1.73,3.862252,31.69,63.51377803280167,0
197.89,3.825153,31.69,63.245553203367585,0
-57.79,3.814919,31.69,65.09224224129939,0
-115.83,3.818757,31.69,63.90618123468183,0
-82.5,3.831549,31.69,64.68384651518491,0
-27.64,3.831549,31.69,63.88270501473775,0
-14.14,3.826432,31.71,65.22269543648132,0
24.19,3.826432,31.71,65.46754921333164,0
-8.77,3.826432,31.71,57.4978260458602,0
-9.66,3.827712,31.71,63.25345840347388,0
10.5,3.832829,31.69,63.93746945258312,0
17.65,3.812361,31.69,65.09992319503918,0
14.06,3.812361,31.69,64.32728814430156,0
-23.49,3.793172,31.69,64.41273166075166,0
-11.48,3.799568,31.69,64.41273166075166,0
-23.33,3.803406,31.69,64.41273166075166,0
3.61,3.798289,31.69,64.41273166075166,0
13.09,3.804685,31.69,64.89221833163049,0
9.91,3.802127,31.69,65.22269543648132,0
12.66,3.802127,31.69,65.22269543648132,0
-9.5,3.802127,31.69,64.76109943476871,0
15.55,3.805964,31.69,64.07807737440318,0
-1.98,3.811081,31.67,65.22269543648132,0
9.51,3.803406,31.67,65.22269543648132,0
7.28,3.804685,31.67,64.41273166075166,0
-7.52,3.798289,31.67,64.41273166075166,0
8.03,3.803406,31.65,64.41273166075166,0
4.15,3.799568,31.65,64.41273166075166,0
-2.13,3.802127,31.65,65.56675987114203,0
4.01,3.799568,31.65,65.22269543648132,0
0.05,3.800848,31.67,64.41273166075166,0
4.29,3.803406,31.67,63.93746945258312,0
4.37,3.802127,31.67,64.41273166075166,0
-8.23,3.802127,31.67,65.22269543648132,0
3.9,3.79701,31.69,64.41273166075166,0
-1.62,3.799568,31.69,64.41273166075166,0
-2.07,3.790613,31.69,64.7533782902483,0
-1.31,3.800848,31.69,64.41273166075166,0
-10.66,3.794451,31.69,63.93746945258312,0
2.78,3.804685,31.69,64.41273166075166,0
-4.11,3.800848,31.69,63.93746945258312,0
-6.13,3.798289,31.69,65.22269543648132,0
3.18,3.798289,31.69,65.22269543648132,0
-11.74,3.79701,31.69,65.22269543648132,0
13.31,3.799568,31.69,64.41273166075166,0
8.1,3.793172,31.69,64.41273166075166,0
-11.18,3.79701,31.67,63.93746945258312,0
9.36,3.790613,31.67,65.22269543648132,0
12.5,3.802127,31.67,64.41273166075166,0
-6.64,3.79573,31.67,63.93746945258312,0
-1.2,3.794451,31.67,64.41273166075166,0
12.74,3.799568,31.67,63.93746945258312,0
1.23,3.793172,31.67,64.7533782902483,0
-15.4,3.800848,31.67,64.41273166075166,0
10.58,3.790613,31.67,64.7533782902483,0
4.99,3.799568,31.67,64.41273166075166,0
-16.14,3.794451,31.67,65.22269543648132,0
6.42,3.794451,31.67,64.7533782902483,0
-1.28,3.789334,31.67,64.41273166075166,0
-8.69,3.790613,31.67,64.7533782902483,0
12.65,3.790613,31.67,64.7533782902483,0
-4.57,3.786776,31.67,64.7533782902483,0
0.11,3.788055,31.69,65.22269543648132,0
11.09,3.784217,31.69,64.7533782902483,0
-5.77,3.790613,31.69,65.22269543648132,0
9.03,3.790613,31.69,64.7533782902483,0
9.84,3.790613,31.69,64.41273166075166,0
-12.08,3.789334,31.69,64.41273166075166,0
11.24,3.785496,31.69,64.28841264178172,0
7.79,3.782938,31.69,65.22269543648132,0
-16.72,3.784217,31.69,65.22269543648132,0
8.66,3.790613,31.69,64.41273166075166,0
-2.13,3.788055,31.69,65.22269543648132,0
2.32,3.785496,31.69,64.7533782902483,0
4.61,3.786776,31.67,64.7533782902483,0
-15.16,3.786776,31.67,64.7533782902483,0
9.79,3.766308,31.67,64.7533782902483,0
2.38,3.78038,31.67,65.22269543648132,0
-8.48,3.784217,31.69,64.7533782902483,0
6.64,3.7791,31.69,65.22269543648132,0
-6.5,3.78038,31.69,64.7533782902483,0
6.58,3.784217,31.69,65.22269543648132,0
9.06,3.782938,31.69,64.7533782902483,0
-8.77,3.784217,31.69,65.22269543648132,0
16.04,3.782938,31.69,65.09992319503918,0
10.11,3.782938,31.69,65.22269543648132,0
-16.2,3.776542,31.65,64.7533782902483,0
12.72,3.782938,31.65,64.7533782902483,0
5.07,3.782938,31.65,63.93746945258312,0
-14.38,3.781659,31.65,64.7533782902483,0
13.9,3.78038,31.67,64.7533782902483,0
3.95,3.776542,31.67,64.7533782902483,0
-6.23,3.78038,31.67,64.7533782902483,0
7.12,3.775262,31.67,63.93746945258312,0
-7.95,3.782938,31.65,64.7533782902483,0
3.99,3.7791,31.65,64.7533782902483,0
2.18,3.781659,31.65,63.96092557178953,0
-17.22,3.7791,31.65,63.63961030678928,0
12.71,3.777821,31.69,65.12296062065974,0
0.97,3.78038,31.69,77.51773990513398,0
-19.33,3.773983,31.69,49.56813492557492,0
2.07,3.79573,31.69,57.982756057296896,0
16.98,3.766308,31.67,64.29618962271404,0
77.47,3.805964,31.67,75.39230729988306,0
95.48,3.809802,31.67,62.297672508690084,0
-163.53,3.808523,31.67,63.75735251718032,0
113.67,3.798289,31.69,68.45436436049933,0
81.9,3.799568,31.69,61.5223536610881,0
-121.42,3.800848,31.69,65.64297372910524,0
-126.7,3.805964,31.69,66.35510530471637,0
-130.05,3.811081,31.67,64.20280367709809,0
22.16,3.807244,31.67,63.58458932791813,0
23.6,3.808523,31.67,63.58458932791813,0
11.1,3.799568,31.67,63.58458932791813,0
-4.17,3.808523,31.67,63.592452382338585,0
-22.66,3.808523,31.67,64.35837163881635,0
4.14,3.804685,31.67,64.19501538281614,0
-2.04,3.803406,31.67,63.419239982831705,0
9.17,3.802127,31.67,63.419239982831705,0
10.1,3.800848,31.67,64.19501538281614,0
-3.86,3.79573,31.67,64.19501538281614,0
18.71,3.798289,31.67,64.96922348312314,0
6.03,3.794451,31.65,64.19501538281614,0
19.09,3.799568,31.65,64.96922348312314,0
17.0,3.791893,31.65,64.8074069840786,0
-10.36,3.79701,31.65,64.19501538281614,0
11.86,3.794451,31.67,63.58458932791813,0
8.94,3.793172,31.67,64.19501538281614,0
-16.96,3.791893,31.67,64.20280367709809,0
9.06,3.788055,31.67,64.19501538281614,0
5.89,3.789334,31.69,64.19501538281614,0
-7.55,3.785496,31.69,64.19501538281614,0
-2.38,3.788055,31.69,63.419239982831705,0
5.42,3.786776,31.69,64.35837163881635,0
-3.6,3.786776,31.67,64.19501538281614,0
0.49,3.78038,31.67,64.96922348312314,0
7.56,3.785496,31.67,64.35837163881635,0
-7.27,3.784217,31.67,64.35837163881635,0
2.49,3.7791,31.65,64.19501538281614,0
6.23,3.786776,31.65,64.35837163881635,0
-11.98,3.781659,31.65,64.35837163881635,0
8.62,3.781659,31.65,64.35837163881635,0
6.53,3.78038,31.65,64.19501538281614,0
-16.56,3.784217,31.65,64.35837163881635,0
9.32,3.781659,31.65,64.96922348312314,0
4.08,3.776542,31.65,64.19501538281614,0
-18.04,3.773983,31.67,64.19501538281614,0
8.54,3.775262,31.67,64.19501538281614,0
-6.22,3.775262,31.67,64.35837163881635,0
6.77,3.775262,31.67,64.35837163881635,0
9.45,3.776542,31.63,64.35837163881635,0
-17.57,3.776542,31.63,64.35837163881635,0
13.04,3.771425,31.63,64.35837163881635,0
-2.2,3.775262,31.63,64.35837163881635,0
4.46,3.775262,31.63,64.35837163881635,0
11.52,3.7791,31.63,64.35837163881635,0
-23.86,3.757353,31.63,64.35837163881635,0
18.34,3.763749,31.63,64.35837163881635,0
2.18,3.768866,31.67,64.35837163881635,0
-8.2,3.763749,31.67,64.35837163881635,0
15.29,3.768866,31.67,64.35837163881635,0
-9.48,3.766308,31.67,64.35837163881635,0
12.34,3.768866,31.67,64.35837163881635,0
10.76,3.768866,31.67,64.35837163881635,0
-22.16,3.765028,31.67,64.35837163881635,0
16.16,3.768866,31.67,64.35837163881635,0
7.56,3.768866,31.63,64.35837163881635,0
-20.6,3.768866,31.63,64.35837163881635,0
12.46,3.759911,31.63,64.35837163881635,0
-1.41,3.768866,31.63,64.35837163881635,0
1.4,3.765028,31.67,64.35837163881635,0
16.31,3.765028,31.67,64.35837163881635,0
-20.34,3.763749,31.67,64.35837163881635,0
18.17,3.763749,31.67,64.35837163881635,0
6.36,3.766308,31.65,64.35837163881635,0
-29.54,3.76247,31.65,64.35837163881635,0
14.76,3.765028,31.65,64.35837163881635,0
-3.02,3.754794,31.65,64.35837163881635,0
-15.75,3.763749,31.65,64.35837163881635,0
10.57,3.759911,31.65,64.35837163881635,0
-8.91,3.763749,31.65,64.35837163881635,0
14.81,3.76247,31.65,64.35837163881635,0
14.59,3.758632,31.63,64.35837163881635,0
-19.95,3.767587,31.63,64.35837163881635,0
20.18,3.76247,31.63,63.75735251718032,0
10.14,3.763749,31.63,64.35837163881635,0
-15.81,3.76247,31.65,64.35837163881635,0
14.95,3.759911,31.65,64.35837163881635,0
-15.09,3.761191,31.65,64.96922348312314,0
-3.78,3.757353,31.65,62.01612693485461,0
12.7,3.759911,31.63,65.43699259593154,0
-15.76,3.791893,31.63,56.69215113223346,0
17.49,3.784217,31.63,73.53910524340094,0
29.5,3.7791,31.63,74.4983221287567,0
66.0,3.757353,31.65,68.87670143089025,0
-4.36,3.750957,31.65,63.812224534175265,0
5.23,3.731768,31.65,63.914004725099176,0
123.84,3.703624,31.65,63.45076831686122,0
-223.96,3.707462,31.65,64.47480127925948,0
-75.04,3.706183,31.65,63.56886030125127,0
-8.34,3.704904,31.65,64.87680633323437,0
20.05,3.695949,31.65,64.87680633323437,0
8.17,3.703624,31.67,64.45928947793328,0
27.21,3.698507,31.67,64.87680633323437,0
19.09,3.702345,31.67,64.87680633323437,0
-19.69,3.702345,31.67,65.09224224129939,0
14.98,3.703624,31.65,64.5445582524197,0
4.48,3.703624,31.65,64.5445582524197,0
12.08,3.698507,31.65,64.5445582524197,0
12.88,3.702345,31.65,64.5445582524197,0
-20.53,3.698507,31.65,64.5445582524197,0
16.18,3.704904,31.65,64.5445582524197,0
0.14,3.697228,31.65,64.5445582524197,0
12.18,3.697228,31.65,64.5445582524197,0
13.99,3.688273,31.65,64.5445582524197,0
-15.39,3.695949,31.65,64.5445582524197,0
12.67,3.695949,31.65,64.5445582524197,0
-0.61,3.692111,31.65,64.5445582524197,0
10.82,3.695949,31.65,64.5445582524197,0
7.38,3.689553,31.65,64.5445582524197,0
-12.98,3.697228,31.65,64.5445582524197,0
9.14,3.695949,31.65,64.5445582524197,0
0.95,3.694669,31.65,64.5445582524197,0
-7.63,3.689553,31.65,64.5445582524197,0
3.83,3.712579,31.65,64.5445582524197,0
-4.79,3.722813,31.65,64.5445582524197,0
5.92,3.718975,31.63,64.87680633323437,0
0.9,3.726651,31.63,64.5445582524197,0
-12.38,3.718975,31.63,64.5445582524197,0
0.8,3.722813,31.63,64.5445582524197,0
-5.02,3.721534,31.63,64.5445582524197,0
4.09,3.718975,31.63,64.5445582524197,0
1.46,3.720255,31.63,64.5445582524197,0
-10.29,3.718975,31.63,64.5445582524197,0
4.02,3.713858,31.61,64.5445582524197,0
2.25,3.715138,31.61,64.5445582524197,0
-9.28,3.695949,31.61,64.5445582524197,0
5.39,3.707462,31.61,64.5445582524197,0
-2.44,3.710021,31.63,64.5445582524197,0
0.12,3.7113,31.63,64.5445582524197,0
3.05,3.708741,31.63,64.5445582524197,0
-11.49,3.717696,31.63,64.5445582524197,0
10.01,3.718975,31.65,64.5445582524197,0
2.36,3.718975,31.65,64.5445582524197,0
-7.03,3.716417,31.65,64.5445582524197,0
10.08,3.715138,31.65,64.22616289332565,0
-7.23,3.710021,31.61,65.98484674529449,0
15.83,3.710021,31.61,88.83692925805124,0
5.43,3.679319,31.61,47.916594202843754,0
-23.37,3.679319,31.61,70.84490101623405,0
-2.84,3.683156,31.61,78.74007874011811,0
-47.12,3.651175,31.61,69.23871749245504,0
160.36,3.661409,31.61,80.20598481410225,0
67.72,3.65885,31.61,63.4428877022476,0
-51.68,3.747119,31.57,59.74947698515862,0
10.09,3.750957,31.57,67.54257916307313,0
-38.41,3.724092,31.57,67.1863081289633,0
88.69,3.616635,31.57,62.14499175315739,0
86.37,3.603843,31.61,63.079315151640635,0
-190.23,3.646058,31.61,64.69157595854347,0
-68.27,3.630707,31.61,67.446274915669,0
-106.5,3.628149,31.61,65.19202405202648,0
-13.1,3.628149,31.59,66.82065548915246,0
72.21,3.62559,31.59,58.0689245638319,0
-10.7,3.638382,31.59,65.42935121182236,0
-13.46,3.649896,31.59,65.06919393998976,0
2.63,3.653733,31.61,63.15853069855251,0
-17.87,3.64222,31.61,63.324560795950255,0
12.35,3.6435,31.61,64.38167441127949,0
10.5,3.637103,31.61,68.51277253184256,0
-20.19,3.661409,31.57,59.14389233048498,0
0.97,3.768866,31.57,66.89544080129826,0
13.56,3.786776,31.57,61.95159400693416,0
70.85,3.781659,31.57,64.79197481170026,0
190.67,3.777821,31.57,64.60650122085238,0
-305.15,3.775262,31.57,62.080592780675026,0
65.04,3.771425,31.57,62.67375846396959,0
88.47,3.768866,31.57,62.39390995922599,0
21.48,3.76247,31.57,62.12889826803627,0
-17.39,3.767587,31.57,61.08191221630181,0
-50.21,3.766308,31.57,59.87486951969081,0
-32.04,3.759911,31.57,62.048368229954285,0
-31.95,3.76247,31.57,63.103090257134,0
-31.29,3.761191,31.57,63.0158710167526,0
24.77,3.758632,31.57,62.048368229954285,0
7.18,3.757353,31.57,62.048368229954285,0
-28.18,3.757353,31.57,61.26173356998641,0
-2.8,3.756074,31.57,61.424750711744856,0
-11.36,3.753515,31.57,59.715994507334464,0
3.09,3.750957,31.57,64.76109943476871,0
-9.53,3.743281,31.57,62.01612693485461,0
-21.7,3.679319,31.57,63.3798075099633,0
-14.92,3.678039,31.57,66.1362230551458,0
-67.02,3.675481,31.57,66.17401302626281,0
-20.26,3.67676,31.55,64.47480127925948,0
4.91,3.671643,31.55,63.29296959378664,0
24.65,3.672922,31.55,66.52067347825036,0
-30.62,3.672922,31.55,66.21933252457322,0
32.16,3.671643,31.53,66.4981202741852,0
9.46,3.698507,31.53,61.814237842102365,0
35.25,3.712579,31.53,65.49045732013177,0
38.74,3.721534,31.53,59.799665550904216,0
-23.68,3.733047,31.55,50.0999001995014,0
53.4,3.74584,31.55,67.23094525588644,0
50.62,3.742002,31.55,67.2532527094415,0
74.04,3.747119,31.55,62.64982043070834,0
28.41,3.736885,31.57,61.66846844214635,0
-68.23,3.59233,31.57,53.376024580330075,0
9.24,3.752236,31.57,63.190189111918315,0
27.32,3.777821,31.57,68.9129886160802,0
-64.51,3.750957,31.51,62.177166226839255,0
196.86,3.653733,31.51,67.83804242458652,0
147.42,3.598726,31.51,67.63135367564367,0
-236.26,3.569303,31.51,66.783231428256,0
-271.68,3.583375,31.55,66.24198064671678,0
100.46,3.580816,31.55,61.99193495931547,0
23.08,3.588492,31.55,76.87002016391045,0
60.22,3.674201,31.55,49.53786430600334,0
19.51,3.626869,31.57,59.74110812497538,0
30.66,3.578258,31.57,64.51356446515724,0
66.87,3.53988,31.57,60.90155991434045,0
-78.54,3.519412,31.57,66.27971031922213,0
-4.48,3.657571,31.53,62.056425936400814,0
-31.29,3.680598,31.53,63.15853069855251,0
125.54,3.680598,31.53,63.20601237224193,0
52.59,3.661409,31.53,62.00806399170998,0
-91.58,3.653733,31.57,63.733821476512766,0
-116.37,3.634545,31.57,62.00806399170998,0
94.19,3.628149,31.57,62.27358990776106,0
-29.15,3.619194,31.57,62.63385665915839,0
9.54,3.616635,31.57,62.24146527838174,0
-31.43,3.614077,31.57,63.095166217389426,0
6.27,3.614077,31.57,63.071388124885914,0
23.25,3.610239,31.57,61.72519744804386,0
37.23,3.614077,31.55,63.85138996137829,0
1.52,3.594888,31.55,62.56196927846821,0
-75.27,3.623032,31.55,62.39390995922599,0
1.64,3.630707,31.55,62.96824596572466,0
-12.94,3.629428,31.57,62.545983084447556,0
-30.84,3.635824,31.57,62.39390995922599,0
40.37,3.630707,31.57,62.545983084447556,0
-0.33,3.631986,31.57,62.39390995922599,0
19.31,3.626869,31.55,62.545983084447556,0
-11.87,3.623032,31.55,62.13694553162394,0
-16.16,3.623032,31.55,63.41135544995076,0
-3.53,3.634545,31.55,61.61980201201558,0
-37.7,3.684436,31.57,63.095166217389426,0
0.79,3.710021,31.57,61.73329733620261,0
-13.94,3.717696,31.57,62.56996084384263,0
3.68,3.713858,31.57,62.120849961989414,0
126.15,3.712579,31.59,62.849025449882674,0
28.4,3.713858,31.59,62.72160712226688,0
-28.57,3.716417,31.59,62.52199612936234,0
-36.53,3.716417,31.59,63.592452382338585,0
16.51,3.710021,31.55,62.55397669213365,0
-19.68,3.708741,31.55,61.927376821564145,0
-20.96,3.708741,31.55,62.849025449882674,0
-43.25,3.707462,31.55,62.849025449882674,0
-24.38,3.707462,31.59,62.00806399170998,0
-8.52,3.702345,31.59,62.465990746965666,0
16.55,3.703624,31.59,62.465990746965666,0
24.0,3.698507,31.59,62.3377895020348,0
12.86,3.701066,31.59,61.91930232165088,0
10.91,3.697228,31.59,62.465990746965666,0
4.19,3.702345,31.59,62.465990746965666,0
0.81,3.699787,31.59,62.120849961989414,0
2.7,3.695949,31.55,62.71363488110062,0
10.31,3.703624,31.55,63.25345840347388,0
5.57,3.69339,31.55,62.3377895020348,0
5.61,3.697228,31.55,62.3377895020348,0
-8.97,3.692111,31.57,62.3377895020348,0
-5.84,3.697228,31.57,62.68173577685928,0
-1.56,3.692111,31.57,62.3377895020348,0
3.18,3.688273,31.57,62.465990746965666,0
-1.17,3.690832,31.59,62.465990746965666,0
0.52,3.689553,31.59,62.465990746965666,0
4.62,3.685715,31.59,62.465990746965666,0
0.05,3.678039,31.59,63.41135544995076,0
3.92,3.684436,31.55,63.340350488452465,0
-2.87,3.683156,31.55,61.106464469808756,0
-4.7,3.62559,31.55,64.389440128021,0
-9.02,3.492548,31.55,62.321745803531535,0
-35.98,3.482314,31.55,63.150613615387776,0
-70.97,3.495106,31.55,63.0,0
-59.75,3.496386,31.55,63.56886030125127,0
172.22,3.491269,31.55,63.3798075099633,0
-79.48,3.481035,31.55,63.608175575157006,0
-10.4,3.482314,31.55,63.631753079732135,0
-25.96,3.483593,31.55,63.43500610861482,0
32.75,3.491269,31.55,63.34824385884742,0
29.06,3.48871,31.57,63.2771680782255,0
28.14,3.489989,31.57,63.35613624582863,0
51.88,3.492548,31.57,62.96824596572466,0
-65.46,3.489989,31.57,63.150613615387776,0
-4.6,3.489989,31.57,62.976185975335156,0
23.69,3.489989,31.57,63.182275995725256,0
26.25,3.464404,31.57,63.221831672294975,0
33.06,3.488563,31.57,63.15853069855251,0
-13.05,3.486005,31.57,63.221831672294975,0
29.96,3.484725,31.57,63.3798075099633,0
22.99,3.480888,31.57,62.44197306299666,0
-22.32,3.482167,31.57,63.182275995725256,0
20.15,3.480888,31.53,62.71363488110062,0
-0.13,3.474492,31.53,63.419239982831705,0
32.48,3.473212,31.53,63.419239982831705,0
9.73,3.470654,31.53,62.44197306299666,0
-10.89,3.469374,31.57,62.71363488110062,0
18.06,3.469374,31.57,62.65780079128216,0
-11.83,3.469374,31.57,63.474404290233394,0
11.49,3.461699,31.57,62.65780079128216,0
1.96,3.456582,31.57,63.474404290233394,0
-11.52,3.462978,31.57,62.56996084384263,0
0.92,3.456582,31.57,62.49799996799898,0
-27.45,3.454023,31.57,63.474404290233394,0
4.2,3.452744,31.55,62.44197306299666,0
-6.07,3.448906,31.55,62.44197306299666,0
-5.58,3.445069,31.55,62.71363488110062,0
6.7,3.448906,31.55,62.49799996799898,0
-30.61,3.445069,31.55,62.49799996799898,0
12.21,3.446348,31.55,62.44197306299666,0
-5.82,3.433555,31.55,63.474404290233394,0
-16.64,3.434835,31.55,63.419239982831705,0
10.58,3.437393,31.57,62.71363488110062,0
-0.16,3.434835,31.57,62.49799996799898,0
-29.42,3.433555,31.57,62.49799996799898,0
15.59,3.427159,31.57,62.65780079128216,0
10.77,3.42588,31.55,62.71363488110062,0
-25.26,3.420763,31.55,62.71363488110062,0
13.61,3.423321,31.55,62.71363488110062,0
20.92,3.422042,31.55,62.65780079128216,0
-5.13,3.418205,31.57,62.49799996799898,0
-14.77,3.420763,31.57,62.49799996799898,0
17.62,3.410529,31.57,62.71363488110062,0
2.54,3.413087,31.57,62.56996084384263,0
-27.36,3.406691,31.59,62.49799996799898,0
10.41,3.40925,31.59,62.49799996799898,0
-2.32,3.402853,31.59,62.49799996799898,0
-19.98,3.405412,31.59,63.15853069855251,0
8.43,3.401574,31.57,62.82515419798029,0
-9.79,3.44251,31.57,62.55397669213365,0
-2.86,3.489842,31.57,64.06246951218786,0
11.33,3.502635,31.57,63.45076831686122,0
-25.22,3.498797,31.61,62.74551776820397,0
-2.8,3.492401,31.61,62.81719509815764,0
-12.49,3.498797,31.61,62.89674077406555,0
59.39,3.496239,31.61,62.41794613730894,0
50.43,3.497518,31.59,62.81719509815764,0
11.4,3.500077,31.59,62.41794613730894,0
4.36,3.498797,31.59,62.64982043070834,0
-3.05,3.497518,31.59,63.3798075099633,0
-22.23,3.498797,31.59,63.3798075099633,0
6.86,3.500077,31.59,62.49799996799898,0
-27.06,3.49368,31.59,62.49799996799898,0
-1.85,3.49496,31.59,62.49799996799898,0
-14.71,3.489842,31.59,62.26556030423239,0
-6.26,3.49496,31.59,63.229739838148944,0
8.67,3.492401,31.59,64.38167441127949,0
-30.03,3.489842,31.59,63.56099432828282,0
4.9,3.415646,31.59,63.796551630946325,0
-12.94,3.46042,31.59,62.42595614005443,0
-39.14,3.474492,31.59,62.617888817813075,0
-16.47,3.470654,31.59,62.5859409132754,0
142.11,3.466816,31.57,63.26136261573884,0
68.41,3.461699,31.57,62.40192304729078,0
12.47,3.46042,31.57,62.01612693485461,0
-77.36,3.441231,31.57,62.65780079128216,0
-92.79,3.433555,31.59,63.45076831686122,0
-31.11,3.461699,31.59,62.56996084384263,0
-26.62,3.46042,31.59,62.83311228962003,0
2.93,3.456582,31.59,63.182275995725256,0
38.29,3.454023,31.61,62.8728876384726,0
-22.63,3.461699,31.61,63.35613624582863,0
9.2,3.451465,31.61,62.94441992742486,0
24.55,3.46042,31.61,63.190189111918315,0
4.72,3.457861,31.59,62.94441992742486,0
19.16,3.457861,31.59,63.190189111918315,0
3.49,3.433555,31.59,63.190189111918315,0
5.58,3.446348,31.59,63.0158710167526,0
13.6,3.447627,31.59,63.0158710167526,0
-11.77,3.447627,31.59,62.22539674441618,0
6.24,3.447627,31.59,63.13477647065839,0
-12.62,3.446348,31.59,63.190189111918315,0
-17.83,3.446348,31.61,63.190189111918315,0
13.77,3.445069,31.61,63.190189111918315,0
3.68,3.445069,31.61,62.94441992742486,0
4.44,3.445069,31.61,62.8887907341205,0
6.98,3.439952,31.59,62.22539674441618,0
-20.62,3.441231,31.59,63.13477647065839,0
7.14,3.438673,31.59,63.190189111918315,0
8.7,3.441231,31.59,62.489999199871974,0
-9.96,3.44251,31.59,62.369864518050704,0
4.04,3.448906,31.59,62.71363488110062,0
-12.01,3.44251,31.59,62.71363488110062,0
16.12,3.44251,31.59,62.78534860936905,0
20.51,3.443789,31.61,62.177166226839255,0
-48.24,3.445069,31.61,62.71363488110062,0
18.01,3.443789,31.61,62.78534860936905,0
4.11,3.441231,31.61,62.49799996799898,0
-3.89,3.439952,31.61,62.78534860936905,0
20.3,3.44251,31.61,62.78534860936905,0
-5.46,3.44251,31.61,62.78534860936905,0
11.3,3.443789,31.61,62.71363488110062,0
9.58,3.44251,31.63,62.71363488110062,0
-24.95,3.441231,31.63,62.71363488110062,0
20.36,3.437393,31.63,62.71363488110062,0
9.67,3.438673,31.63,62.71363488110062,0
-44.29,3.434835,31.61,63.0158710167526,0
7.19,3.439952,31.61,62.44197306299666,0
2.75,3.438673,31.61,62.71363488110062,0
10.25,3.432276,31.61,62.49799996799898,0
17.91,3.436114,31.63,62.76145313805282,0
-39.65,3.429718,31.63,62.71363488110062,0
-4.77,3.432276,31.63,62.71363488110062,0
14.62,3.429718,31.63,62.94441992742486,0
-19.69,3.432276,31.63,62.71363488110062,0
54.44,3.427159,31.63,62.94441992742486,0
7.26,3.432276,31.63,62.94441992742486,0
-31.54,3.433555,31.63,62.71363488110062,0
13.91,3.428438,31.61,62.94441992742486,0
-3.41,3.428438,31.61,62.94441992742486,0
-18.88,3.416925,31.61,62.94441992742486,0
17.66,3.424601,31.61,62.78534860936905,0
-1.45,3.413087,31.61,62.71363488110062,0
21.76,3.424601,31.61,62.71363488110062,0
10.52,3.420763,31.61,62.71363488110062,0
-17.78,3.420763,31.61,62.71363488110062,0
13.45,3.419484,31.63,62.78534860936905,0
-12.54,3.419484,31.63,62.71363488110062,0
9.09,3.418205,31.63,62.71363488110062,0
0.06,3.414367,31.63,62.71363488110062,0
-25.7,3.420763,31.63,62.71363488110062,0
11.41,3.40925,31.63,62.78534860936905,0
-12.06,3.416925,31.63,62.71363488110062,0
16.86,3.413087,31.63,62.94441992742486,0
8.2,3.414367,31.65,62.71363488110062,0
-31.75,3.413087,31.65,62.71363488110062,0
18.34,3.410529,31.65,62.78534860936905,0
6.23,3.410529,31.65,63.0158710167526,0
-13.92,3.405412,31.61,62.94441992742486,0
17.01,3.411808,31.61,62.94441992742486,0
7.55,3.402853,31.61,63.0158710167526,0
-16.05,3.405412,31.61,63.0158710167526,0
2.66,3.39134,31.63,62.94441992742486,0
-7.97,3.406691,31.63,62.71363488110062,0
-4.08,3.404133,31.63,62.71363488110062,0
13.06,3.401574,31.63,63.0158710167526,0
-15.66,3.402853,31.61,62.78534860936905,0
8.76,3.399016,31.61,62.71363488110062,0
8.76,3.399016,31.61,63.0158710167526,0
-25.74,3.396457,31.61,62.78534860936905,0
12.64,3.397736,31.61,62.78534860936905,0
4.93,3.392619,31.61,62.8728876384726,0
-32.2,3.399016,31.61,63.324560795950255,0
9.92,3.392619,31.61,62.8728876384726,0
0.76,3.396457,31.63,62.78534860936905,0
-29.39,3.397736,31.63,62.78534860936905,0
15.06,3.37471,31.63,62.78534860936905,0
10.57,3.387502,31.63,62.976185975335156,0
-10.67,3.383665,31.65,62.8728876384726,0
19.39,3.390061,31.65,62.78534860936905,0
20.5,3.386223,31.65,62.78534860936905,0
-17.5,3.384944,31.65,62.71363488110062,0
10.41,3.384944,31.61,62.71363488110062,0
2.41,3.384944,31.61,62.78534860936905,0
-20.16,3.378548,31.61,62.78534860936905,0
18.55,3.379827,31.61,62.78534860936905,0
-4.44,3.379827,31.63,62.78534860936905,0
-14.54,3.379827,31.63,62.78534860936905,0
5.86,3.381106,31.63,63.0158710167526,0
-19.7,3.378548,31.63,62.78534860936905,0
25.19,3.378548,31.65,62.78534860936905,0
7.72,3.377268,31.65,63.0158710167526,0
-19.9,3.379827,31.65,63.0158710167526,0
13.7,3.382385,31.65,63.0158710167526,0
-6.1,3.37471,31.65,62.78534860936905,0
6.31,3.375989,31.65,62.78534860936905,0
8.73,3.377268,31.65,63.0158710167526,0
-23.87,3.37471,31.65,62.78534860936905,0
16.76,3.373431,31.65,63.0158710167526,0
10.48,3.373431,31.65,62.78534860936905,0
-17.05,3.373431,31.65,63.0158710167526,0
-0.17,3.369593,31.65,63.0158710167526,0
-16.25,3.370872,31.65,63.0158710167526,0
17.57,3.369593,31.65,63.0158710167526,0
6.2,3.369593,31.65,62.78534860936905,0
-12.81,3.367034,31.65,62.78534860936905,0
9.9,3.361917,31.63,62.78534860936905,0
-20.98,3.368314,31.63,62.78534860936905,0
19.11,3.361917,31.63,62.78534860936905,0
3.67,3.364476,31.63,63.0158710167526,0
-19.52,3.361917,31.65,61.465437442517235,0
15.0,3.375989,31.65,52.21110992882645,0
-12.26,3.370872,31.65,63.0317380372777,0
3.2,3.310747,31.65,57.706152185014034,0
8.64,3.286442,31.65,99.32774033471213,0
-27.26,3.393899,31.65,59.36328831862332,0
49.67,3.39134,31.65,63.8200595424354,0
34.87,3.378548,31.65,63.96092557178953,0
40.92,3.384944,31.65,64.82283548256741,0
-215.37,3.382385,31.65,65.26101439603893,0
-20.4,3.382385,31.65,64.15605972938177,0
23.35,3.382385,31.65,65.03076195155643,0
3.27,3.383665,31.65,65.03076195155643,0
36.06,3.384944,31.65,64.60650122085238,0
8.3,3.382385,31.65,65.49045732013177,0
-11.62,3.386223,31.65,64.60650122085238,0
24.86,3.382385,31.65,64.60650122085238,0
5.26,3.388782,31.65,65.49045732013177,0
2.44,3.381106,31.65,64.60650122085238,0
28.52,3.382385,31.65,64.60650122085238,0
-0.66,3.382385,31.67,65.08456038109192,0
-0.93,3.382385,31.67,64.38167441127949,0
10.55,3.381106,31.67,64.82283548256741,0
-10.1,3.377268,31.67,64.38167441127949,0
10.81,3.379827,31.67,65.03076195155643,0
11.39,3.369593,31.67,64.82283548256741,0
-20.7,3.377268,31.67,63.103090257134,0
8.21,3.375989,31.67,65.03076195155643,0
-7.39,3.378548,31.67,64.82283548256741,0
-1.18,3.379827,31.67,64.82283548256741,0
4.59,3.377268,31.67,65.27633568147036,0
-11.75,3.377268,31.67,64.82283548256741,0
15.92,3.373431,31.65,64.59876159803684,0
3.82,3.379827,31.65,64.82283548256741,0
-24.77,3.377268,31.65,64.82283548256741,0
5.38,3.372151,31.65,64.82283548256741,0
-5.43,3.37471,31.67,64.82283548256741,0
0.58,3.377268,31.67,64.82283548256741,0
4.63,3.37471,31.67,64.82283548256741,0
-15.66,3.370872,31.67,64.82283548256741,0
4.02,3.369593,31.65,64.82283548256741,0
-5.1,3.368314,31.65,64.82283548256741,0
-2.57,3.372151,31.65,64.82283548256741,0
-1.45,3.373431,31.65,64.82283548256741,0
-17.68,3.373431,31.65,64.82283548256741,0
4.7,3.37471,31.65,64.82283548256741,0
-6.94,3.352963,31.65,64.82283548256741,0
5.11,3.367034,31.65,64.82283548256741,0
4.26,3.368314,31.67,64.82283548256741,0
-18.82,3.372151,31.67,64.82283548256741,0
9.88,3.360638,31.67,64.82283548256741,0
-2.47,3.364476,31.67,64.82283548256741,0
6.24,3.367034,31.67,64.82283548256741,0
11.54,3.367034,31.67,64.82283548256741,0
-8.9,3.368314,31.67,64.82283548256741,0
11.07,3.364476,31.67,64.82283548256741,0
6.0,3.367034,31.67,64.82283548256741,0
-18.84,3.368314,31.67,64.82283548256741,0
7.26,3.368314,31.67,64.82283548256741,0
2.81,3.370872,31.67,64.82283548256741,0
1.84,3.369593,31.67,64.82283548256741,0
10.4,3.369593,31.67,64.82283548256741,0
-15.11,3.364476,31.67,64.82283548256741,0
17.24,3.370872,31.67,64.82283548256741,0
9.59,3.364476,31.67,64.82283548256741,0
-10.57,3.369593,31.67,64.82283548256741,0
12.77,3.367034,31.67,65.06150935845248,0
0.66,3.369593,31.67,64.82283548256741,0
-9.59,3.395178,31.67,64.82283548256741,0
4.84,3.404133,31.67,64.82283548256741,0
-9.34,3.40797,31.67,64.82283548256741,0
-0.38,3.405412,31.67,64.38167441127949,0
10.72,3.406691,31.67,64.82283548256741,0
-17.31,3.401574,31.67,64.82283548256741,0
17.11,3.40925,31.67,64.38167441127949,0
6.39,3.40797,31.67,64.82283548256741,0
-0.23,3.410529,31.65,64.82283548256741,0
6.87,3.413087,31.65,64.82283548256741,0
-11.67,3.413087,31.65,64.82283548256741,0
3.76,3.411808,31.65,64.82283548256741,0
2.77,3.411808,31.67,64.82283548256741,0
-3.46,3.413087,31.67,64.38167441127949,0
4.13,3.40797,31.67,64.82283548256741,0
-7.34,3.40925,31.67,64.82283548256741,0
4.48,3.401574,31.67,64.82283548256741,0
-1.1,3.411808,31.67,64.82283548256741,0
-5.16,3.402853,31.67,64.82283548256741,0
3.24,3.410529,31.67,64.82283548256741,0
-7.47,3.40925,31.69,64.82283548256741,0
6.65,3.40797,31.69,65.25335240430181,0
2.73,3.40925,31.69,64.38167441127949,0
-11.08,3.406691,31.69,64.82283548256741,0
2.85,3.411808,31.65,64.82283548256741,0
-4.26,3.405412,31.65,64.82283548256741,0
-10.63,3.406691,31.65,64.82283548256741,0
7.91,3.401574,31.65,64.82283548256741,0
-2.01,3.404133,31.63,64.82283548256741,0
5.64,3.406691,31.63,64.82283548256741,0
1.08,3.404133,31.63,64.82283548256741,0
-12.47,3.402853,31.63,64.82283548256741,0
2.54,3.400295,31.65,64.82283548256741,0
-1.42,3.406691,31.65,64.82283548256741,0
3.38,3.395178,31.65,64.82283548256741,0
-0.73,3.405412,31.65,64.82283548256741,0
-13.74,3.404133,31.67,64.82283548256741,0
3.01,3.404133,31.67,64.82283548256741,0
-7.64,3.397736,31.67,64.82283548256741,0
6.97,3.401574,31.67,64.82283548256741,0
4.26,3.406691,31.65,64.82283548256741,0
-10.97,3.402853,31.65,64.82283548256741,0
4.94,3.404133,31.65,64.82283548256741,0
-2.62,3.405412,31.65,64.82283548256741,0
6.34,3.400295,31.65,64.82283548256741,0
6.85,3.405412,31.65,64.82283548256741,0
-9.78,3.404133,31.65,64.82283548256741,0
10.1,3.402853,31.65,64.82283548256741,0
2.02,3.399016,31.63,64.82283548256741,0
1.34,3.400295,31.63,64.82283548256741,0
7.52,3.399016,31.63,64.82283548256741,0
-4.57,3.400295,31.63,64.82283548256741,0
9.01,3.397736,31.65,64.82283548256741,0
3.14,3.399016,31.65,64.82283548256741,0
-9.14,3.399016,31.65,64.82283548256741,0
6.01,3.397736,31.65,64.82283548256741,0
-0.82,3.397736,31.65,64.82283548256741,0
-1.84,3.395178,31.65,64.82283548256741,0
3.44,3.381106,31.65,64.82283548256741,0
-3.28,3.387502,31.65,64.82283548256741,0
1.33,3.384944,31.65,64.82283548256741,0
3.9,3.393899,31.65,64.82283548256741,0
-1.89,3.386223,31.65,65.06150935845248,0
-1.72,3.39134,31.65,64.82283548256741,0
0.19,3.387502,31.65,65.06150935845248,0
-6.43,3.39134,31.65,64.82283548256741,0
-4.18,3.387502,31.65,64.82283548256741,0
2.36,3.390061,31.65,64.82283548256741,0
-2.14,3.39134,31.65,64.82283548256741,0
2.16,3.395178,31.65,64.82283548256741,0
0.58,3.39134,31.65,64.82283548256741,0
-7.18,3.384944,31.65,64.82283548256741,0
2.68,3.392619,31.65,64.82283548256741,0
2.6,3.392619,31.65,64.82283548256741,0
-12.95,3.393899,31.65,64.82283548256741,0
2.8,3.390061,31.65,64.82283548256741,0
0.75,3.392619,31.65,64.82283548256741,0
-18.33,3.393899,31.65,64.82283548256741,0
14.31,3.393899,31.65,64.82283548256741,0
4.37,3.388782,31.65,65.06150935845248,0
-8.05,3.393899,31.67,64.82283548256741,0
8.77,3.396457,31.67,64.82283548256741,0
-2.06,3.388782,31.67,64.82283548256741,0
-0.06,3.392619,31.67,64.82283548256741,0
3.04,3.387502,31.63,64.82283548256741,0
-9.18,3.390061,31.63,64.82283548256741,0
6.12,3.387502,31.63,64.82283548256741,0
-0.6,3.390061,31.63,64.82283548256741,0
-2.12,3.387502,31.65,64.82283548256741,0
6.58,3.395178,31.65,65.27633568147036,0
-4.59,3.396457,31.65,64.82283548256741,0
10.18,3.392619,31.65,64.82283548256741,0
7.22,3.393899,31.63,64.82283548256741,0
-12.0,3.383665,31.63,64.82283548256741,0
5.28,3.388782,31.63,64.82283548256741,0
-2.03,3.386223,31.63,64.82283548256741,0
-11.15,3.390061,31.63,64.82283548256741,0
4.69,3.386223,31.63,64.82283548256741,0
-2.08,3.392619,31.63,64.82283548256741,0
5.04,3.392619,31.63,64.82283548256741,0
10.22,3.392619,31.67,64.82283548256741,0
-5.16,3.393899,31.67,64.82283548256741,0
1.39,3.387502,31.67,64.82283548256741,0
0.22,3.39134,31.67,64.20280367709809,0
-1.78,3.383665,31.63,63.51377803280167,0
7.2,3.395178,31.63,64.62197768561404,0
9.31,3.388782,31.63,79.62411694957753,0
-2.68,3.39134,31.63,70.35623639735144,0
-12.58,3.392619,31.65,55.90169943749474,0
1.66,3.335053,31.65,57.29746940310715,0
10.98,3.415646,31.65,80.90735442467513,0
41.38,3.420763,31.65,66.34003316248794,0
21.77,3.363197,31.65,65.09224224129939,0
36.98,3.35808,31.65,63.7102817447859,0
-8.6,3.363197,31.65,63.28506932918696,0
-138.75,3.35808,31.65,64.56779382943171,0
-37.82,3.361917,31.67,63.190189111918315,0
15.39,3.364476,31.67,63.92182725798755,0
19.79,3.363197,31.67,63.92182725798755,0
10.28,3.363197,31.67,63.92182725798755,0
17.39,3.35808,31.63,64.56779382943171,0
-18.51,3.361917,31.63,63.92182725798755,0
-8.61,3.3568,31.63,64.56779382943171,0
-11.1,3.359359,31.63,63.7102817447859,0
5.81,3.355521,31.65,63.7102817447859,0
-1.55,3.360638,31.65,63.92182725798755,0
-1.31,3.354242,31.65,63.7102817447859,0
3.5,3.359359,31.65,63.7102817447859,0
-11.84,3.35808,31.65,63.7102817447859,0
6.54,3.3568,31.65,63.92182725798755,0
4.11,3.355521,31.65,63.7102817447859,0
5.68,3.351683,31.65,63.7102817447859,0
2.21,3.354242,31.65,64.35837163881635,0
-9.74,3.352963,31.65,64.56779382943171,0
3.35,3.355521,31.65,63.92182725798755,0
-0.08,3.354242,31.65,63.92182725798755,0
0.97,3.354242,31.63,64.56779382943171,0
3.39,3.350404,31.63,64.56779382943171,0
-6.61,3.333774,31.63,64.56779382943171,0
3.26,3.346566,31.63,64.56779382943171,0
3.26,3.344008,31.67,63.92182725798755,0
-7.97,3.351683,31.67,63.7102817447859,0
2.9,3.347846,31.67,63.7102817447859,0
-1.67,3.344008,31.67,64.35837163881635,0
-10.86,3.346566,31.63,63.7102817447859,0
0.24,3.347846,31.63,64.35837163881635,0
-1.22,3.346566,31.63,63.7102817447859,0
-13.21,3.344008,31.63,63.7102817447859,0
0.23,3.344008,31.67,63.7102817447859,0
3.13,3.344008,31.67,64.56779382943171,0
-6.99,3.344008,31.67,63.7102817447859,0
2.8,3.346566,31.67,63.7102817447859,0
6.68,3.346566,31.67,64.56779382943171,0
-6.99,3.346566,31.67,63.92182725798755,0
9.12,3.342729,31.67,63.92182725798755,0
3.13,3.345287,31.67,63.92182725798755,0
-11.27,3.345287,31.65,63.92182725798755,0
5.46,3.350404,31.65,64.56779382943171,0
-3.91,3.342729,31.65,63.92182725798755,0
-7.29,3.338891,31.65,63.7102817447859,0
12.45,3.345287,31.65,64.56779382943171,0
-5.21,3.341449,31.65,65.22269543648132,0
3.1,3.341449,31.65,64.25729530566937,0
9.82,3.384944,31.65,70.71067811865476,0
-7.88,3.406691,31.67,65.55913361233506,0
13.97,3.34017,31.67,64.52131430775415,0
29.76,3.318423,31.67,70.59745037889117,0
93.17,3.299234,31.67,85.44003745317531,0
-231.0,3.278766,31.67,61.497967446087195,0
-89.51,3.32354,31.67,57.07889277132134,0
-23.76,3.35808,31.67,81.35723692456621,0
177.84,3.40925,31.67,75.27947927556353,0
158.31,3.327378,31.67,69.98571282769076,0
165.88,3.465537,31.67,63.63961030678928,0
72.57,3.384944,31.67,85.09406559801923,0
-277.85,3.365755,31.67,79.07591289387686,0
-7.23,3.360638,31.67,59.0,0
-114.12,3.303072,31.67,67.94850991743675,0
-71.27,3.2212,31.67,66.88049042882386,0
41.63,3.21992,31.67,68.1615727518079,0
74.28,3.185381,31.65,63.2771680782255,0
-103.16,3.236551,31.65,63.90618123468183,0
-15.32,3.241668,31.65,65.45991139621256,0
14.78,3.239109,31.65,71.79136438319027,0
18.04,3.274928,31.65,63.7102817447859,0
21.59,3.35808,31.65,61.56297588648554,0
34.75,3.422042,31.65,67.6904720030818,0
53.73,3.446348,31.65,60.67124524847005,0
214.44,3.413087,31.65,61.35959582656978,0
48.89,3.429718,31.65,61.78187436457395,0
-68.1,3.44251,31.65,61.87891401761993,0
-26.36,3.457861,31.65,66.79820356865893,0
32.43,3.497518,31.65,74.06753674856482,0
-2.37,3.538454,31.65,55.54277630799526,0
-6.27,3.434835,31.65,89.62700485902673,0
-94.99,3.393899,31.65,88.50423718670197,0
-237.47,3.473212,31.67,61.71709649683789,0
-197.62,3.501356,31.67,67.54257916307313,0
55.27,3.479609,31.67,71.35825109964509,0
237.68,3.474492,31.67,58.68560300448484,0
54.54,3.478329,31.67,62.297672508690084,0
-109.17,3.446348,31.67,63.733821476512766,0
-70.26,3.466816,31.67,63.0,0
56.71,3.461699,31.67,63.229739838148944,0
27.2,3.452744,31.65,63.94528911499267,0
-35.18,3.451465,31.65,65.97726881282674,0
38.54,3.447627,31.65,64.47480127925948,0
12.73,3.445069,31.65,64.82283548256741,0
7.71,3.441231,31.67,64.47480127925948,0
32.13,3.445069,31.67,64.82283548256741,0
-12.49,3.433555,31.67,64.66838485689897,0
36.76,3.439952,31.67,64.66838485689897,0
22.24,3.437393,31.67,64.31174076325411,0
-33.72,3.437393,31.67,64.66838485689897,0
24.31,3.434835,31.67,64.66838485689897,0
7.16,3.438673,31.67,65.39877674696982,0
15.08,3.441231,31.65,64.66838485689897,0
18.18,3.434835,31.65,64.66838485689897,0
-32.8,3.419484,31.65,64.66838485689897,0
32.42,3.429718,31.65,64.08587988004847,0
7.52,3.430997,31.65,64.66838485689897,0
-28.94,3.429718,31.65,64.66838485689897,0
18.74,3.428438,31.65,64.66838485689897,0
-1.21,3.427159,31.65,64.66838485689897,0
-18.81,3.424601,31.63,64.66838485689897,0
16.78,3.424601,31.63,64.82283548256741,0
-3.27,3.427159,31.63,64.66838485689897,0
-32.41,3.42588,31.63,64.66838485689897,0
12.41,3.42588,31.65,64.08587988004847,0
3.41,3.423321,31.65,64.66838485689897,0
-32.12,3.42588,31.65,64.66838485689897,0
9.63,3.423321,31.65,64.47480127925948,0
3.31,3.427159,31.63,64.47480127925948,0
-24.78,3.430997,31.63,64.47480127925948,0
4.5,3.42588,31.63,64.47480127925948,0
-4.61,3.427159,31.63,64.47480127925948,0
-18.33,3.418205,31.63,64.47480127925948,0
9.17,3.427159,31.63,64.82283548256741,0
-8.65,3.422042,31.63,64.66838485689897,0
-1.34,3.423321,31.63,64.08587988004847,0
7.47,3.422042,31.63,64.82283548256741,0
-10.05,3.423321,31.63,64.08587988004847,0
13.31,3.422042,31.63,64.08587988004847,0
8.64,3.416925,31.63,64.08587988004847,0
-21.35,3.419484,31.63,64.08587988004847,0
7.66,3.419484,31.63,65.39877674696982,0
5.2,3.416925,31.63,64.08587988004847,0
-16.53,3.411808,31.63,64.66838485689897,0
7.6,3.416925,31.63,64.08587988004847,0
-5.48,3.416925,31.63,64.82283548256741,0
0.27,3.411808,31.63,64.82283548256741,0
10.44,3.414367,31.63,64.82283548256741,0
-1.04,3.411808,31.61,64.82283548256741,0
6.41,3.418205,31.61,64.08587988004847,0
2.73,3.413087,31.61,64.82283548256741,0
-18.28,3.413087,31.61,64.82283548256741,0
8.06,3.411808,31.61,64.47480127925948,0
4.4,3.40797,31.61,65.05382386916237,0
-11.7,3.406691,31.61,64.47480127925948,0
11.48,3.40797,31.61,64.47480127925948,0
13.57,3.402853,31.63,64.47480127925948,0
-6.02,3.413087,31.63,64.47480127925948,0
-22.77,3.410529,31.63,64.47480127925948,0
-14.3,3.40925,31.63,64.47480127925948,0
12.41,3.405412,31.63,64.47480127925948,0
1.85,3.411808,31.63,63.733821476512766,0
-18.06,3.40925,31.63,64.82283548256741,0
6.45,3.40797,31.63,64.47480127925948,0
-5.83,3.40925,31.65,64.47480127925948,0
9.33,3.402853,31.65,64.47480127925948,0
-1.48,3.406691,31.65,64.47480127925948,0
-17.57,3.400295,31.65,64.82283548256741,0
0.11,3.404133,31.61,64.82283548256741,0
-18.84,3.401574,31.61,64.82283548256741,0
12.59,3.402853,31.61,64.47480127925948,0
5.64,3.401574,31.61,64.82283548256741,0
6.18,3.401574,31.63,64.82283548256741,0
4.02,3.40797,31.63,64.82283548256741,0
-13.27,3.400295,31.63,64.82283548256741,0
13.11,3.399016,31.63,64.47480127925948,0
-8.56,3.393899,31.61,64.47480127925948,0
16.52,3.404133,31.61,64.47480127925948,0
6.84,3.399016,31.61,64.47480127925948,0
-18.02,3.395178,31.61,64.47480127925948,0
13.34,3.396457,31.61,64.47480127925948,0
-4.27,3.392619,31.61,64.47480127925948,0
-15.7,3.396457,31.61,64.47480127925948,0
14.61,3.392619,31.61,65.05382386916237,0
4.65,3.395178,31.61,65.05382386916237,0
-24.68,3.393899,31.61,65.39877674696982,0
8.14,3.395178,31.61,64.47480127925948,0
8.16,3.390061,31.61,65.39877674696982,0
-6.66,3.393899,31.61,65.25335240430181,0
-11.42,3.399016,31.61,65.13063795173512,0
18.5,3.399016,31.61,63.608175575157006,0
27.03,3.397736,31.61,65.13063795173512,0
3.36,3.397736,31.63,64.53681120105021,0
32.14,3.393899,31.63,64.70703207534712,0
-72.85,3.377268,31.63,64.70703207534712,0
-61.53,3.387502,31.63,64.70703207534712,0
-4.87,3.387502,31.63,64.45153217728807,0
15.54,3.384944,31.63,64.70703207534712,0
-4.78,3.382385,31.63,64.70703207534712,0
12.89,3.386223,31.63,64.70703207534712,0
9.07,3.386223,31.61,65.22269543648132,0
-14.13,3.390061,31.61,65.22269543648132,0
12.7,3.387502,31.61,65.22269543648132,0
11.43,3.390061,31.61,65.22269543648132,0
-13.42,3.384944,31.63,64.41273166075166,0
11.06,3.39134,31.63,64.41273166075166,0
-1.11,3.392619,31.63,65.22269543648132,0
5.83,3.390061,31.63,64.70703207534712,0
7.31,3.388782,31.61,64.70703207534712,0
-17.39,3.383665,31.61,64.45153217728807,0
13.81,3.388782,31.61,65.49809157525127,0
1.66,3.383665,31.61,64.41273166075166,0
-11.71,3.386223,31.59,63.89053137985315,0
24.02,3.386223,31.59,64.42049363362563,0
-2.81,3.387502,31.59,64.47480127925948,0
-13.31,3.386223,31.59,64.42049363362563,0
10.15,3.383665,31.63,64.94613152451807,0
0.37,3.390061,31.63,64.1482657598785,0
2.7,3.387502,31.63,64.96922348312314,0
18.16,3.384944,31.63,64.10148204214939,0
3.83,3.375989,31.61,64.66838485689897,0
5.71,3.386223,31.61,64.8074069840786,0
-10.26,3.379827,31.61,64.19501538281614,0
-14.04,3.379827,31.61,64.5445582524197,0
12.07,3.378548,31.63,64.5445582524197,0
11.76,3.378548,31.63,64.19501538281614,0
-9.67,3.378548,31.63,64.19501538281614,0
6.98,3.375989,31.63,64.5445582524197,0
-2.74,3.377268,31.59,64.19501538281614,0
2.02,3.377268,31.59,64.19501538281614,0
5.82,3.377268,31.59,64.19501538281614,0
-10.18,3.372151,31.59,64.19501538281614,0
9.31,3.375989,31.61,64.19501538281614,0
1.53,3.37471,31.61,64.19501538281614,0
6.79,3.37471,31.61,63.94528911499267,0
6.27,3.37471,31.61,62.63385665915839,0
-11.77,3.372151,31.59,68.19824044651006,0
-8.69,3.379827,31.59,61.1310068623117,0
-3.38,3.373431,31.59,61.554853586049575,0
4.35,3.377268,31.59,62.8728876384726,0
16.62,3.37471,31.59,63.592452382338585,0
8.63,3.375989,31.59,63.7102817447859,0
-15.55,3.369593,31.59,63.13477647065839,0
-20.52,3.370872,31.59,65.07687761409578,0
-0.58,3.372151,31.59,65.52098900352466,0
-2.52,3.369593,31.59,63.85922016435841,0
-8.42,3.373431,31.59,64.8074069840786,0
2.76,3.372151,31.59,64.8074069840786,0
5.17,3.369593,31.61,64.8074069840786,0
-1.63,3.375989,31.61,64.8074069840786,0
1.88,3.37471,31.61,63.85922016435841,0
-11.59,3.372151,31.61,64.47480127925948,0
6.59,3.368314,31.61,64.47480127925948,0
-1.16,3.370872,31.61,64.19501538281614,0
3.22,3.369593,31.61,64.19501538281614,0
3.04,3.370872,31.61,64.19501538281614,0
-6.46,3.370872,31.61,64.19501538281614,0
3.41,3.372151,31.61,64.19501538281614,0
5.17,3.370872,31.61,64.8074069840786,0
-1.93,3.368314,31.61,63.85922016435841,0
2.68,3.370872,31.59,64.8074069840786,0
-6.92,3.369593,31.59,63.85922016435841,0
4.83,3.368314,31.59,63.85922016435841,0
-3.45,3.367034,31.59,63.85922016435841,0
11.76,3.361917,31.61,63.85922016435841,0
0.62,3.367034,31.61,63.85922016435841,0
-11.09,3.361917,31.61,63.85922016435841,0
4.15,3.364476,31.61,63.85922016435841,0
-3.27,3.363197,31.61,63.85922016435841,0
0.87,3.367034,31.61,63.85922016435841,0
0.92,3.3568,31.61,63.85922016435841,0
-3.86,3.364476,31.61,63.85922016435841,0
0.01,3.369593,31.59,63.85922016435841,0
3.11,3.365755,31.59,64.5832795698701,0
-0.72,3.347846,31.59,64.5832795698701,0
-6.79,3.351683,31.59,63.85922016435841,0
2.41,3.360638,31.57,64.5832795698701,0
-3.47,3.3568,31.57,64.5832795698701,0
-4.75,3.360638,31.57,63.85922016435841,0
5.52,3.359359,31.57,63.85922016435841,0
-3.88,3.359359,31.61,64.5832795698701,0
-0.83,3.359359,31.61,64.5832795698701,0
1.38,3.355521,31.61,64.5832795698701,0
-7.64,3.365755,31.61,64.5832795698701,0
2.04,3.359359,31.59,63.85922016435841,0
7.88,3.360638,31.59,64.5832795698701,0
-4.21,3.355521,31.59,63.85922016435841,0
4.73,3.35808,31.59,63.85922016435841,0
3.57,3.3568,31.63,64.5832795698701,0
-8.54,3.355521,31.63,63.85922016435841,0
8.5,3.355521,31.63,64.5832795698701,0
2.85,3.352963,31.63,64.5832795698701,0
-13.64,3.355521,31.61,63.85922016435841,0
7.29,3.360638,31.61,63.85922016435841,0
-1.98,3.3568,31.61,64.5832795698701,0
6.68,3.35808,31.61,64.5832795698701,0
6.54,3.352963,31.61,63.85922016435841,0
-17.71,3.3568,31.61,64.5832795698701,0
15.91,3.354242,31.61,63.85922016435841,0
2.31,3.354242,31.61,64.5832795698701,0
2.68,3.3568,31.61,63.984373092185564,0
31.79,3.35808,31.61,64.5832795698701,0
-48.01,3.359359,31.61,64.5832795698701,0
9.19,3.352963,31.61,64.5832795698701,0
17.17,3.355521,31.63,64.5832795698701,0
-6.72,3.3568,31.63,64.5832795698701,0
14.11,3.3568,31.63,64.5832795698701,0
5.27,3.354242,31.63,63.85922016435841,0
5.44,3.350404,31.61,64.5832795698701,0
3.5,3.355521,31.61,64.5832795698701,0
-19.01,3.350404,31.61,64.5832795698701,0
12.06,3.354242,31.61,64.5832795698701,0
1.3,3.350404,31.57,64.5832795698701,0
-6.28,3.35808,31.57,64.5832795698701,0
6.58,3.355521,31.57,64.5832795698701,0
-11.63,3.352963,31.57,64.5832795698701,0
14.67,3.354242,31.59,64.5832795698701,0
1.96,3.354242,31.59,64.5832795698701,0
-7.19,3.3568,31.59,63.85922016435841,0
10.39,3.346566,31.59,63.85922016435841,0
-21.11,3.352963,31.57,64.5832795698701,0
0.85,3.354242,31.57,64.5832795698701,0
2.13,3.351683,31.57,64.5832795698701,0
-14.65,3.351683,31.57,63.85922016435841,0
12.95,3.347846,31.59,64.5832795698701,0
5.79,3.354242,31.59,64.5832795698701,0
-6.58,3.349125,31.59,64.5832795698701,0
9.76,3.350404,31.59,64.5832795698701,0
-3.92,3.350404,31.61,64.5832795698701,0
-4.88,3.351683,31.61,63.984373092185564,0
8.41,3.347846,31.61,65.31462317123173,0
-5.29,3.351683,31.61,69.63476143421474,0
6.89,3.35808,31.61,85.7962703152066,0
3.8,3.344008,31.61,45.05552130427524,0
-10.59,3.282604,31.61,59.2452529743945,0
18.17,3.218641,31.61,64.90762667052309,0
-52.05,3.207128,31.59,65.73431371817918,0
-4.26,3.20329,31.59,64.47480127925948,0
-64.86,3.17003,31.59,66.35510530471637,0
11.47,3.155958,31.59,64.90762667052309,0
27.99,3.166192,31.59,64.17164482853778,0
46.62,3.173867,31.59,64.32728814430156,0
51.09,3.175147,31.59,50.00999900019995,0
-4.65,3.222479,31.59,84.20807562223472,0
15.33,2.989655,31.63,85.42247947700886,0
-77.74,3.264694,31.63,68.83313155741209,0
-53.08,3.414367,31.63,61.48983655857283,0
-41.05,3.40797,31.63,65.86349520030045,0
22.27,3.401574,31.59,63.631753079732135,0
64.28,3.393899,31.59,66.18912297349165,0
-88.94,3.392619,31.59,64.41273166075166,0
-26.05,3.381106,31.59,64.22616289332565,0
23.52,3.384944,31.59,64.96922348312314,0
6.25,3.388782,31.59,64.96922348312314,0
13.17,3.367034,31.59,64.45153217728807,0
14.7,3.381106,31.59,64.96922348312314,0
-9.72,3.379827,31.59,64.16385275215322,0
11.7,3.386223,31.59,64.16385275215322,0
3.75,3.375989,31.59,64.16385275215322,0
-2.51,3.386223,31.59,64.16385275215322,0
12.05,3.39134,31.61,64.16385275215322,0
-8.36,3.390061,31.61,64.45153217728807,0
17.09,3.388782,31.61,64.45153217728807,0
12.12,3.381106,31.61,64.45153217728807,0
-18.52,3.387502,31.61,64.45153217728807,0
17.1,3.386223,31.61,64.45153217728807,0
12.45,3.386223,31.61,64.45153217728807,0
-10.86,3.384944,31.61,64.45153217728807,0
8.27,3.381106,31.59,64.45153217728807,0
13.73,3.386223,31.59,64.45153217728807,0
0.29,3.382385,31.59,64.45153217728807,0
-19.72,3.382385,31.59,64.16385275215322,0
9.37,3.377268,31.59,65.26101439603893,0
5.0,3.382385,31.59,64.45153217728807,0
-16.64,3.365755,31.59,64.45153217728807,0
9.4,3.379827,31.59,64.16385275215322,0
8.89,3.377268,31.59,65.26101439603893,0
-11.17,3.377268,31.59,64.97691897897283,0
-0.24,3.375989,31.59,64.16385275215322,0
11.13,3.37471,31.59,64.45153217728807,0
-4.08,3.379827,31.63,64.16385275215322,0
-13.82,3.373431,31.63,64.45153217728807,0
10.1,3.37471,31.63,64.45153217728807,0
2.98,3.37471,31.63,64.47480127925948,0
-17.47,3.37471,31.63,64.97691897897283,0
8.72,3.370872,31.63,64.97691897897283,0
7.89,3.370872,31.63,64.47480127925948,0
-16.76,3.372151,31.63,64.97691897897283,0
5.05,3.368314,31.61,64.97691897897283,0
4.4,3.375989,31.61,64.97691897897283,0
-18.89,3.372151,31.61,64.97691897897283,0
4.68,3.369593,31.61,64.47480127925948,0
2.76,3.372151,31.59,64.47480127925948,0
-11.43,3.372151,31.59,64.16385275215322,0
12.4,3.372151,31.59,64.76109943476871,0
1.59,3.367034,31.59,64.45153217728807,0
-8.27,3.368314,31.57,64.45153217728807,0
6.08,3.367034,31.57,64.45153217728807,0
-4.86,3.368314,31.57,64.7533782902483,0
-22.09,3.369593,31.57,64.45153217728807,0
8.66,3.367034,31.61,65.26101439603893,0
0.64,3.372151,31.61,65.26101439603893,0
4.27,3.368314,31.61,65.26101439603893,0
6.28,3.369593,31.61,64.97691897897283,0
-11.86,3.368314,31.61,63.94528911499267,0
10.93,3.372151,31.61,63.94528911499267,0
5.89,3.365755,31.61,64.45153217728807,0
-16.47,3.361917,31.61,65.26101439603893,0
14.12,3.35808,31.59,64.76109943476871,0
0.39,3.365755,31.59,64.45153217728807,0
-0.24,3.364476,31.59,64.45153217728807,0
12.71,3.365755,31.59,64.45153217728807,0
-3.45,3.364476,31.57,64.45153217728807,0
0.77,3.364476,31.57,65.26101439603893,0
10.32,3.363197,31.57,65.26101439603893,0
-5.35,3.364476,31.57,64.45153217728807,0
6.86,3.364476,31.57,65.26101439603893,0
11.69,3.359359,31.57,65.26101439603893,0
-5.54,3.35808,31.57,65.26101439603893,0
8.29,3.360638,31.57,65.26101439603893,0
5.42,3.359359,31.55,64.76109943476871,0
-14.07,3.360638,31.55,65.26101439603893,0
13.51,3.35808,31.55,65.26101439603893,0
10.35,3.360638,31.55,64.97691897897283,0
-11.91,3.355521,31.57,64.5445582524197,0
12.94,3.363197,31.57,75.29276193632427,0
12.13,3.34017,31.57,80.8084154033477,0
-10.66,3.289,31.57,53.0,0
-1.43,3.294117,31.57,48.91829923454004,0
-0.46,3.338891,31.57,66.21933252457322,0
-104.52,3.326098,31.57,65.79513659838392,0
111.39,3.328657,31.57,79.18333157931662,0
253.76,3.40925,31.55,60.489668539346454,0
-122.68,3.369593,31.55,50.83306010855534,0
-188.31,3.168751,31.55,66.31741852635702,0
48.59,3.198173,31.55,62.42595614005443,0
75.37,3.205849,31.57,63.33245613427605,0
-52.01,3.210966,31.57,63.56099432828282,0
29.52,3.222479,31.57,63.39558344238185,0
-26.32,3.200732,31.57,64.70703207534712,0
-36.88,3.172588,31.55,61.7980582219215,0
-19.24,3.177705,31.55,63.54525946126902,0
-20.77,3.168751,31.55,63.7102817447859,0
-12.92,3.167471,31.55,62.369864518050704,0
-2.96,3.163633,31.57,62.56996084384263,0
22.47,3.154679,31.57,63.2771680782255,0
18.79,3.15212,31.57,62.297672508690084,0
2.06,3.145724,31.57,63.095166217389426,0
13.38,3.148282,31.55,63.75735251718032,0
-8.06,3.144445,31.55,63.631753079732135,0
4.73,3.141886,31.55,63.34824385884742,0
0.1,3.134211,31.55,63.221831672294975,0
0.64,3.131652,31.59,63.34824385884742,0
6.24,3.129094,31.59,63.2771680782255,0
-12.84,3.122697,31.59,63.2771680782255,0
7.02,3.123977,31.59,63.2771680782255,0
1.78,3.11886,31.57,63.2771680782255,0
-2.52,3.121418,31.57,63.2771680782255,0
11.3,3.11758,31.57,62.44197306299666,0
5.58,3.115022,31.57,62.49799996799898,0
-13.49,3.112463,31.57,63.2771680782255,0
4.65,3.109905,31.57,63.2771680782255,0
2.59,3.104788,31.57,63.474404290233394,0
-8.68,3.102229,31.57,63.2771680782255,0
-3.88,3.102229,31.55,63.2771680782255,0
3.6,3.098392,31.55,63.2771680782255,0
-2.74,3.097112,31.55,63.474404290233394,0
-13.44,3.095833,31.55,63.2771680782255,0
3.72,3.093275,31.59,63.34824385884742,0
0.7,3.091995,31.59,63.3798075099633,0
-12.75,3.089437,31.59,63.35613624582863,0
4.3,3.086878,31.59,63.54525946126902,0
-0.67,3.080482,31.55,63.43500610861482,0
-17.22,3.081761,31.55,63.34824385884742,0
7.35,3.081761,31.55,63.34824385884742,0
3.35,3.076644,31.55,63.34824385884742,0
-14.53,3.076644,31.53,62.65780079128216,0
-0.1,3.076644,31.53,62.56996084384263,0
8.76,3.075365,31.53,63.54525946126902,0
-7.25,3.071527,31.53,62.78534860936905,0
1.27,3.072807,31.57,62.27358990776106,0
11.0,3.074086,31.57,63.8200595424354,0
-4.43,3.072807,31.57,60.241181927316134,0
-10.29,3.077924,31.57,61.237243569579455,0
5.94,3.168751,31.55,66.18912297349165,0
-1.15,3.258298,31.55,63.63961030678928,0
-9.52,3.375989,31.55,62.369864518050704,0
23.03,3.363197,31.55,62.369864518050704,0
149.68,3.329936,31.57,63.198101237299845,0
119.26,3.352963,31.57,62.77738446287803,0
-83.67,3.327378,31.57,63.56886030125127,0
-57.46,3.318423,31.57,62.76941930590086,0
-87.29,3.310747,31.55,62.40192304729078,0
-77.83,3.300513,31.55,61.94352266379432,0
39.73,3.304351,31.55,63.631753079732135,0
131.96,3.295396,31.55,62.30569797378086,0
95.16,3.299234,31.55,62.68173577685928,0
70.04,3.294117,31.55,62.73754856543249,0
-165.4,3.290279,31.55,62.24146527838174,0
-218.88,3.286442,31.55,62.24146527838174,0
-27.01,3.283883,31.57,62.73754856543249,0
27.17,3.281325,31.57,62.20128616033595,0
29.56,3.276207,31.57,62.297672508690084,0
31.45,3.276207,31.57,62.24146527838174,0
6.0,3.264694,31.55,62.68173577685928,0
4.1,3.269811,31.55,62.68173577685928,0
22.0,3.262136,31.55,62.68173577685928,0
12.26,3.264694,31.55,62.68173577685928,0
5.23,3.259577,31.57,62.24146527838174,0
8.02,3.259577,31.57,62.68173577685928,0
-2.4,3.259577,31.57,62.68173577685928,0
-0.7,3.255739,31.57,62.68173577685928,0
-5.87,3.25446,31.55,62.68173577685928,0
-6.83,3.250623,31.55,62.24146527838174,0
-0.12,3.231434,31.55,62.68173577685928,0
-6.52,3.240388,31.55,62.68173577685928,0
0.12,3.235271,31.55,62.68173577685928,0
3.1,3.23783,31.55,62.73754856543249,0
0.22,3.236551,31.55,62.68173577685928,0
2.28,3.235271,31.55,62.68173577685928,0
2.7,3.233992,31.57,62.68173577685928,0
-1.81,3.233992,31.57,62.68173577685928,0
1.69,3.232713,31.57,62.68173577685928,0
5.44,3.227596,31.57,62.68173577685928,0
-0.88,3.228875,31.57,62.68173577685928,0
0.69,3.228875,31.57,62.68173577685928,0
3.39,3.226317,31.57,62.68173577685928,0
-1.97,3.225038,31.57,63.13477647065839,0
-1.06,3.216083,31.55,62.68173577685928,0
4.12,3.225038,31.55,62.68173577685928,0
-2.18,3.21992,31.55,62.68173577685928,0
2.54,3.2212,31.55,62.68173577685928,0
7.35,3.217362,31.55,62.68173577685928,0
-0.79,3.223758,31.55,62.68173577685928,0
2.91,3.218641,31.55,62.73754856543249,0
2.9,3.214803,31.55,62.73754856543249,0
-1.24,3.217362,31.57,62.68173577685928,0
-1.49,3.214803,31.57,62.68173577685928,0
2.36,3.214803,31.57,62.73754856543249,0
1.57,3.205849,31.57,61.78996682310163,0
-0.34,3.216083,31.57,62.68173577685928,0
0.58,3.209687,31.57,62.68173577685928,0
-1.09,3.210966,31.57,62.68173577685928,0
1.16,3.208407,31.57,62.68173577685928,0
1.68,3.209687,31.55,63.13477647065839,0
-1.94,3.210966,31.55,62.68173577685928,0
3.06,3.20457,31.55,63.13477647065839,0
2.29,3.207128,31.55,62.68173577685928,0
-0.09,3.20329,31.57,61.78996682310163,0
2.78,3.209687,31.57,62.77738446287803,0
-2.27,3.20329,31.57,62.30569797378086,0
-0.25,3.214803,31.57,63.56886030125127,0
-2.9,3.217362,31.57,58.728187440104094,0
-15.4,3.217362,31.57,57.18391382198319,0
-0.38,3.217362,31.57,58.309518948453004,0
39.17,3.21992,31.57,63.671029518926424,0
-5.07,3.226317,31.55,71.04927867332644,0
0.28,3.205849,31.55,71.72168430816443,0
31.01,3.236551,31.55,53.45091205957107,0
-26.89,3.291559,31.55,65.612498809297,0
-33.3,3.255739,31.59,65.79513659838392,0
11.72,3.250623,31.59,64.7533782902483,0
-169.89,3.25446,31.59,65.12296062065974,0
-149.88,3.251902,31.59,64.77653896280658,0
42.97,3.246785,31.55,64.5445582524197,0
5.38,3.251902,31.55,63.94528911499267,0
87.03,3.244226,31.55,66.76825593049439,0
44.48,3.246785,31.55,64.5445582524197,0
-39.54,3.245506,31.53,66.17401302626281,0
54.61,3.244226,31.53,64.04685784642366,0
37.71,3.244226,31.53,65.31462317123173,0
12.44,3.246785,31.53,64.94613152451807,0
48.52,3.244226,31.53,64.10148204214939,0
12.95,3.245506,31.53,65.52098900352466,0
57.4,3.246785,31.53,64.89221833163049,0
25.03,3.241668,31.53,64.31174076325411,0
-37.41,3.249343,31.53,64.31174076325411,0
34.39,3.246785,31.53,64.66838485689897,0
3.53,3.245506,31.53,63.8200595424354,0
11.69,3.242947,31.53,65.1536645170477,0
16.59,3.241668,31.55,64.31174076325411,0
-19.68,3.241668,31.55,65.79513659838392,0
19.05,3.236551,31.55,64.42049363362563,0
4.24,3.233992,31.55,64.31174076325411,0
-31.87,3.235271,31.53,65.612498809297,0
9.93,3.233992,31.53,64.69157595854347,0
1.05,3.232713,31.53,64.96922348312314,0
-1.19,3.232713,31.53,64.1482657598785,0
-8.09,3.233992,31.53,64.13267497929586,0
-12.2,3.232713,31.53,65.0384501660364,0
5.05,3.23783,31.53,65.12296062065974,0
-10.14,3.236551,31.53,64.81512169239521,0
-32.13,3.235271,31.53,63.773035054010094,0
-13.89,3.236551,31.53,75.03332592921628,0
-22.42,3.222479,31.53,79.30952023559341,0
6.39,3.217362,31.53,59.54829972383762,0
-6.66,3.209687,31.53,67.92643079096678,0
-47.85,3.217362,31.53,42.485291572496,0
-80.41,3.230155,31.53,73.24616030891995,0
89.14,3.27237,31.53,80.01874780324921,0
58.21,3.246785,31.53,49.47726750741192,0
56.16,3.209687,31.53,54.78138369920935,0
56.18,3.11886,31.53,55.39855593785816,0
-196.41,3.10095,31.53,92.57969539807311,0
-68.3,3.123977,31.53,68.89121859859934,0
35.26,3.209687,31.53,60.049979184009715,0
26.12,3.210966,31.53,81.44323176298937,0
11.77,3.141886,31.53,69.02897942168927,0
143.76,3.207128,31.53,64.35837163881635,0
-154.25,3.213524,31.53,64.78425734698207,0
86.09,3.207128,31.53,64.27285585688566,0
180.07,3.208407,31.53,63.631753079732135,0
-63.25,3.208407,31.51,63.52952069707436,0
-46.39,3.209687,31.51,63.52952069707436,0
-44.48,3.202011,31.51,63.631753079732135,0
-22.8,3.20329,31.51,64.45153217728807,0
-25.86,3.199452,31.51,64.45153217728807,0
-3.37,3.20329,31.51,63.631753079732135,0
-12.27,3.198173,31.51,64.45153217728807,0
-8.53,3.199452,31.51,63.89835678638379,0
0.38,3.198173,31.55,63.631753079732135,0
-14.19,3.193056,31.55,63.89835678638379,0
7.03,3.194335,31.55,64.45153217728807,0
0.98,3.190498,31.55,63.89835678638379,0
-18.67,3.191777,31.53,64.01562309311689,0
7.99,3.191777,31.53,63.474404290233394,0
-9.58,3.191777,31.53,64.01562309311689,0
4.01,3.185381,31.53,63.474404290233394,0
17.4,3.189219,31.51,64.01562309311689,0
-20.76,3.18666,31.51,119.70797801316336,0
17.35,3.184101,31.51,44.57577817604534,0
8.79,3.147003,31.51,64.07027391856539,0
-28.01,3.116301,31.51,57.323642591866054,0
3.05,3.143165,31.51,59.270566050949775,0
-48.74,3.098392,31.51,68.1615727518079,0
28.84,3.103509,31.51,63.13477647065839,0
49.69,3.102229,31.53,64.07027391856539,0
104.39,3.070248,31.53,62.78534860936905,0
27.55,3.086878,31.53,58.26662852782886,0
6.38,3.115022,31.53,65.08456038109192,0
-154.39,3.140607,31.53,72.20110802473879,0
-76.0,3.15212,31.53,65.26101439603893,0
-59.23,3.231434,31.53,65.49045732013177,0
47.22,3.21992,31.53,64.39720490828775,0
115.57,3.227596,31.53,63.53739056650029,0
-34.98,3.226317,31.53,63.324560795950255,0
-80.11,3.226317,31.53,65.81033353509159,0
-3.84,3.226317,31.53,63.4428877022476,0
27.4,3.257019,31.55,55.326304774492215,0
19.69,3.286442,31.55,56.66568626602876,0
-37.68,3.292838,31.55,64.06246951218786,0
22.32,3.297955,31.55,64.82283548256741,0
54.09,3.300513,31.53,65.67343450741707,0
-9.31,3.296675,31.53,64.03905058634146,0
9.84,3.286442,31.53,64.03905058634146,0
-5.31,3.285162,31.53,64.73020933072904,0
51.74,3.282604,31.53,63.93746945258312,0
14.54,3.278766,31.53,63.984373092185564,0
-36.25,3.277487,31.53,64.42049363362563,0
27.0,3.273649,31.53,61.68468205316454,0
11.33,3.281325,31.53,66.34003316248794,0
-15.59,3.294117,31.53,55.90169943749474,0
34.05,3.289,31.53,63.54525946126902,0
4.74,3.277487,31.53,62.68173577685928,0
-68.37,3.277487,31.51,52.40229002629561,0
8.38,3.232713,31.51,63.592452382338585,0
26.61,3.216083,31.51,64.1404708432983,0
3.41,3.217362,31.51,63.8200595424354,0
-1.87,3.218641,31.53,65.46754921333164,0
-179.33,3.222479,31.53,61.26989472816156,0
-7.15,3.2212,31.53,39.1279950930277,0
45.39,3.260857,31.53,70.66823897621902,0
21.42,3.2212,31.51,54.092513345194085,0
24.31,3.277487,31.51,65.12296062065974,0
6.08,3.225038,31.51,64.96922348312314,0
85.53,3.216083,31.51,64.88451279003334,0
51.94,3.216083,31.51,65.09224224129939,0
-182.94,3.210966,31.51,65.31462317123173,0
-70.72,3.213524,31.51,64.88451279003334,0
27.05,3.213524,31.51,64.88451279003334,0
9.95,3.210966,31.53,65.21502894272147,0
-7.29,3.202011,31.53,65.4217089351845,0
16.02,3.20329,31.53,64.88451279003334,0
-1.31,3.205849,31.53,64.64518543557594,0
21.04,3.20329,31.55,65.21502894272147,0
10.6,3.208407,31.55,64.64518543557594,0
-19.5,3.20329,31.55,65.21502894272147,0
19.24,3.208407,31.55,64.64518543557594,0
0.73,3.200732,31.53,64.29618962271404,0
7.87,3.205849,31.53,64.8459713474939,0
14.81,3.205849,31.53,65.62773803811922,0
-18.85,3.20457,31.53,65.49809157525127,0
23.62,3.20329,31.55,66.21933252457322,0
6.76,3.195615,31.55,64.77653896280658,0
-2.52,3.199452,31.55,66.11353870426238,0
0.26,3.193056,31.55,63.92182725798755,0
-20.6,3.196894,31.53,64.56779382943171,0
10.19,3.189219,31.53,64.50581369148055,0
27.76,3.199452,31.53,65.21502894272147,0
-17.77,3.198173,31.53,65.21502894272147,0
4.83,3.198173,31.55,65.02307282803544,0
-6.76,3.200732,31.55,65.02307282803544,0
10.46,3.196894,31.55,65.02307282803544,0
4.52,3.199452,31.55,64.64518543557594,0
-26.9,3.194335,31.55,65.21502894272147,0
13.25,3.20457,31.55,65.21502894272147,0
-0.96,3.194335,31.55,65.02307282803544,0
-0.25,3.200732,31.55,64.29618962271404,0
14.96,3.198173,31.57,65.21502894272147,0
-2.89,3.198173,31.57,65.02307282803544,0
-3.17,3.195615,31.57,65.21502894272147,0
11.4,3.190498,31.57,65.02307282803544,0
0.07,3.194335,31.55,65.02307282803544,0
-6.97,3.189219,31.55,65.02307282803544,0
8.1,3.191777,31.55,65.21502894272147,0
-8.06,3.178984,31.55,65.36818798161687,0
-6.77,3.193056,31.57,65.36818798161687,0
7.28,3.190498,31.57,64.45153217728807,0
-2.46,3.191777,31.57,64.45153217728807,0
-12.49,3.191777,31.57,65.36818798161687,0
6.37,3.187939,31.57,64.10148204214939,0
0.54,3.193056,31.57,65.02307282803544,0
-18.76,3.187939,31.57,65.02307282803544,0
7.24,3.190498,31.57,65.02307282803544,0
2.79,3.18666,31.57,65.02307282803544,0
-10.95,3.191777,31.57,65.02307282803544,0
4.98,3.18666,31.57,65.02307282803544,0
5.7,3.190498,31.57,65.36818798161687,0
-7.65,3.187939,31.57,65.02307282803544,0
4.0,3.187939,31.57,64.10148204214939,0
1.42,3.18666,31.57,65.02307282803544,0
-11.9,3.184101,31.57,65.02307282803544,0
7.3,3.185381,31.55,65.02307282803544,0
7.65,3.181543,31.55,65.02307282803544,0
-10.42,3.185381,31.55,65.02307282803544,0
7.98,3.178984,31.55,65.02307282803544,0
10.52,3.182822,31.57,65.02307282803544,0
-9.25,3.167471,31.57,65.02307282803544,0
10.15,3.181543,31.57,65.02307282803544,0
7.94,3.177705,31.57,65.02307282803544,0
-12.35,3.176426,31.55,65.02307282803544,0
8.65,3.180264,31.55,65.02307282803544,0
5.15,3.177705,31.55,85.76129663198896,0
-15.29,3.184101,31.55,48.91829923454004,0
8.33,3.235271,31.57,74.35052118176442,0
5.65,3.23783,31.57,64.19501538281614,0
-13.57,3.184101,31.57,65.05382386916237,0
44.57,3.190498,31.57,64.53681120105021,0
84.12,3.184101,31.59,63.03967004989794,0
-57.44,3.18666,31.59,61.85466837676846,0
-12.49,3.185381,31.59,61.644140029689765,0
14.34,3.187939,31.59,71.42828571371429,0
-24.73,3.193056,31.59,66.79820356865893,0
-26.9,3.240388,31.59,67.1863081289633,0
6.68,3.171309,31.59,63.071388124885914,0
-0.9,3.178984,31.59,53.86093203798092,0
-92.1,3.189219,31.57,91.26883367283708,0
-5.94,3.158516,31.57,68.84039511798287,0
96.2,3.176426,31.57,68.22023160324215,0
91.54,3.181543,31.57,67.86751800382861,0
66.43,3.181543,31.57,63.76519426771944,0
13.27,3.178984,31.57,65.49809157525127,0
-62.37,3.178984,31.57,66.79071791798619,0
-45.96,3.245506,31.57,65.86349520030045,0
-18.36,3.246785,31.55,65.62773803811922,0
-9.62,3.25446,31.55,65.40642170307133,0
5.64,3.246785,31.55,65.40642170307133,0
20.01,3.251902,31.55,65.40642170307133,0
1.17,3.248064,31.61,65.40642170307133,0
5.5,3.251902,31.61,65.40642170307133,0
8.68,3.242947,31.61,65.19969325081216,0
5.0,3.242947,31.61,65.40642170307133,0
-13.35,3.240388,31.57,65.40642170307133,0
9.42,3.236551,31.57,66.1362230551458,0
5.89,3.232713,31.57,65.19969325081216,0
-12.05,3.226317,31.57,65.19969325081216,0
6.7,3.222479,31.59,65.19969325081216,0
3.13,3.218641,31.59,65.19969325081216,0
-8.08,3.21992,31.59,65.19969325081216,0
4.48,3.214803,31.59,65.49809157525127,0
0.39,3.216083,31.59,65.49809157525127,0
-9.87,3.208407,31.59,65.40642170307133,0
0.56,3.208407,31.59,65.40642170307133,0
-1.17,3.208407,31.59,65.19969325081216,0
-2.22,3.207128,31.55,65.49809157525127,0
-0.52,3.212245,31.55,65.19969325081216,0
-8.75,3.205849,31.55,65.19969325081216,0
1.83,3.207128,31.55,65.19969325081216,0
-1.88,3.20457,31.55,65.19969325081216,0
-2.66,3.209687,31.55,65.19969325081216,0
2.46,3.205849,31.55,65.19969325081216,0
-3.71,3.205849,31.55,65.19969325081216,0
6.97,3.199452,31.55,66.1362230551458,0
6.02,3.200732,31.55,65.19969325081216,0
-9.27,3.198173,31.55,65.19969325081216,0
8.41,3.199452,31.55,65.19969325081216,0
7.65,3.198173,31.57,65.19969325081216,0
-6.3,3.195615,31.57,65.19969325081216,0
7.92,3.195615,31.57,65.19969325081216,0
3.48,3.194335,31.57,65.19969325081216,0
-3.59,3.195615,31.57,65.19969325081216,0
5.97,3.194335,31.57,65.19969325081216,0
4.05,3.193056,31.57,65.19969325081216,0
-5.23,3.189219,31.57,65.19969325081216,0
3.89,3.189219,31.57,65.19969325081216,0
2.08,3.18666,31.57,65.19969325081216,0
-3.13,3.190498,31.57,65.19969325081216,0
0.81,3.190498,31.57,65.49809157525127,0
2.66,3.184101,31.55,65.19969325081216,0
-6.38,3.191777,31.55,65.19969325081216,0
1.94,3.184101,31.55,65.40642170307133,0
-0.43,3.18666,31.55,65.19969325081216,0
-7.13,3.181543,31.57,65.40642170307133,0
-0.92,3.18666,31.57,65.19969325081216,0
-2.15,3.177705,31.57,65.19969325081216,0
-3.62,3.182822,31.57,65.19969325081216,0
1.0,3.178984,31.57,65.19969325081216,0
-4.47,3.180264,31.57,65.40642170307133,0
5.47,3.180264,31.57,65.19969325081216,0
1.71,3.175147,31.57,65.40642170307133,0
-12.7,3.177705,31.61,65.19969325081216,0
6.4,3.175147,31.61,65.19969325081216,0
4.77,3.177705,31.61,65.19969325081216,0
-9.7,3.164913,31.61,65.19969325081216,0
7.19,3.173867,31.55,65.19969325081216,0
11.39,3.171309,31.55,65.19969325081216,0
-4.45,3.171309,31.55,65.19969325081216,0
-4.79,3.17003,31.55,65.40642170307133,0
9.38,3.168751,31.53,65.19969325081216,0
4.22,3.168751,31.53,65.19969325081216,0
-14.61,3.164913,31.53,65.19969325081216,0
8.31,3.17003,31.53,65.19969325081216,0
7.5,3.163633,31.55,65.70388116390082,0
-4.99,3.172588,31.55,65.19969325081216,0
7.79,3.15212,31.55,65.19969325081216,0
7.27,3.161075,31.55,65.19969325081216,0
-4.88,3.157237,31.57,65.40642170307133,0
3.4,3.161075,31.57,65.19969325081216,0
3.78,3.158516,31.57,65.19969325081216,0
-7.49,3.155958,31.57,65.19969325081216,0
6.1,3.158516,31.55,65.40642170307133,0
2.14,3.155958,31.55,65.40642170307133,0
-11.28,3.158516,31.55,65.40642170307133,0
3.2,3.154679,31.55,65.40642170307133,0
0.21,3.158516,31.55,65.19969325081216,0
-3.45,3.155958,31.55,65.40642170307133,0
5.7,3.154679,31.55,65.40642170307133,0
-5.39,3.15212,31.55,65.40642170307133,0
3.0,3.157237,31.55,65.19969325081216,0
7.4,3.154679,31.55,65.19969325081216,0
-4.7,3.15212,31.55,65.19969325081216,0
6.49,3.157237,31.55,65.40642170307133,0
5.44,3.150841,31.55,65.19969325081216,0
-4.56,3.155958,31.55,65.40642170307133,0
5.39,3.153399,31.55,65.19969325081216,0
5.25,3.149562,31.55,65.19969325081216,0
-5.27,3.150841,31.55,65.40642170307133,0
3.31,3.150841,31.55,65.40642170307133,0
4.99,3.145724,31.55,65.40642170307133,0
-5.33,3.147003,31.55,65.40642170307133,0
2.46,3.148282,31.53,65.19969325081216,0
5.14,3.148282,31.53,65.40642170307133,0
-7.29,3.149562,31.53,65.40642170307133,0
3.11,3.139328,31.53,65.19969325081216,0
4.65,3.148282,31.55,65.40642170307133,0
-6.73,3.148282,31.55,65.19969325081216,0
2.99,3.148282,31.55,65.40642170307133,0
6.3,3.145724,31.55,65.40642170307133,0
-1.16,3.141886,31.57,65.40642170307133,0
0.62,3.140607,31.57,65.40642170307133,0
3.48,3.140607,31.57,65.40642170307133,0
-1.68,3.140607,31.57,65.40642170307133,0
-3.73,3.139328,31.55,65.40642170307133,0
2.06,3.144445,31.55,65.40642170307133,0
-1.04,3.140607,31.55,65.40642170307133,0
-7.4,3.139328,31.55,65.19969325081216,0
0.13,3.140607,31.55,65.62773803811922,0
-1.04,3.148282,31.55,65.21502894272147,0
-3.41,3.148282,31.55,67.07458535093602,0
1.48,3.141886,31.55,65.81033353509159,0
1.43,3.140607,31.55,67.26068688320095,0
6.82,3.140607,31.55,64.88451279003334,0
-3.1,3.136769,31.55,65.70388116390082,0
-11.32,3.136769,31.55,63.4428877022476,0
0.74,3.138048,31.55,66.71581521648372,0
8.71,3.140607,31.55,66.24198064671678,0
2.35,3.136769,31.55,65.49045732013177,0
5.13,3.136769,31.55,67.29784543356496,0
-9.18,3.134211,31.55,64.83054835492293,0
-13.87,3.13549,31.55,65.94694837519019,0
6.68,3.130373,31.55,65.7723346096214,0
7.77,3.126535,31.55,65.66582063752801,0
-2.62,3.122697,31.55,65.7723346096214,0
3.18,3.132931,31.55,65.49045732013177,0
-4.74,3.130373,31.55,65.7723346096214,0
5.51,3.130373,31.55,65.49045732013177,0
5.49,3.129094,31.55,65.49045732013177,0
-2.94,3.126535,31.55,65.49045732013177,0
5.09,3.127814,31.55,65.49045732013177,0
5.1,3.127814,31.55,65.49045732013177,0
-6.03,3.126535,31.53,65.49045732013177,0
2.41,3.125256,31.53,65.49045732013177,0
3.01,3.121418,31.53,65.49045732013177,0
0.8,3.123977,31.53,65.49045732013177,0
-9.81,3.122697,31.55,65.49045732013177,0
3.89,3.123977,31.55,65.49045732013177,0
3.51,3.122697,31.55,65.49045732013177,0
-5.08,3.122697,31.55,65.49045732013177,0
0.94,3.11886,31.57,65.49045732013177,0
4.02,3.125256,31.57,65.49045732013177,0
-3.04,3.122697,31.57,65.49045732013177,0
-6.78,3.122697,31.57,65.49045732013177,0
3.58,3.121418,31.59,65.49045732013177,0
-1.51,3.113743,31.59,65.49045732013177,0
-7.66,3.103509,31.59,65.49045732013177,0
3.46,3.112463,31.59,65.49045732013177,0
0.12,3.112463,31.57,65.49045732013177,0
-9.1,3.113743,31.57,65.49045732013177,0
2.87,3.11758,31.57,64.83054835492293,0
0.85,3.111184,31.57,65.49045732013177,0
-6.77,3.113743,31.57,65.49045732013177,0
2.43,3.113743,31.57,65.49045732013177,0
-0.91,3.108626,31.57,65.49045732013177,0
2.08,3.111184,31.57,65.49045732013177,0
5.11,3.106067,31.57,65.49045732013177,0
-0.81,3.113743,31.57,65.49045732013177,0
4.57,3.106067,31.57,65.49045732013177,0
7.09,3.109905,31.57,65.49045732013177,0
-6.46,3.106067,31.55,65.49045732013177,0
1.2,3.111184,31.55,65.49045732013177,0
6.48,3.108626,31.55,65.49045732013177,0
-2.43,3.103509,31.55,65.49045732013177,0
-10.58,3.108626,31.57,65.49045732013177,0
8.15,3.106067,31.57,65.49045732013177,0
4.59,3.107346,31.57,65.49045732013177,0
-9.46,3.099671,31.57,65.49045732013177,0
8.18,3.104788,31.59,65.49045732013177,0
5.25,3.098392,31.59,65.7723346096214,0
-5.68,3.103509,31.59,65.49045732013177,0
-4.85,3.103509,31.59,65.49045732013177,0
8.42,3.102229,31.55,65.49045732013177,0
-2.62,3.10095,31.55,65.49045732013177,0
-11.65,3.10095,31.55,65.49045732013177,0
8.29,3.10095,31.55,65.49045732013177,0
-0.28,3.097112,31.57,65.49045732013177,0
-10.72,3.10095,31.57,65.7723346096214,0
5.23,3.093275,31.57,65.7723346096214,0
0.15,3.10095,31.57,65.49045732013177,0
-4.82,3.091995,31.53,65.49045732013177,0
7.09,3.10095,31.53,65.49045732013177,0
-3.53,3.098392,31.53,65.49045732013177,0
-0.06,3.098392,31.53,65.49045732013177,0
9.63,3.097112,31.55,65.49045732013177,0
-3.09,3.094554,31.55,65.49045732013177,0
-4.06,3.097112,31.55,65.49045732013177,0
8.35,3.093275,31.55,65.49045732013177,0
-2.82,3.097112,31.59,65.49045732013177,0
-12.5,3.095833,31.59,65.49045732013177,0
9.8,3.095833,31.59,64.5445582524197,0
2.12,3.093275,31.59,65.49045732013177,0
-11.02,3.089437,31.57,65.49045732013177,0
10.54,3.094554,31.57,65.49045732013177,0
5.31,3.093275,31.57,65.49045732013177,0
-5.41,3.093275,31.57,65.49045732013177,0
-3.9,3.093275,31.55,65.49045732013177,0
6.71,3.097112,31.55,65.49045732013177,0
-1.21,3.093275,31.55,65.49045732013177,0
-11.33,3.094554,31.55,65.49045732013177,0
5.89,3.088158,31.57,65.7723346096214,0
-1.05,3.097112,31.57,65.49045732013177,0
-14.27,3.093275,31.57,65.49045732013177,0
6.73,3.094554,31.57,65.49045732013177,0
2.26,3.094554,31.55,65.49045732013177,0
-12.35,3.093275,31.55,65.49045732013177,0
5.22,3.094554,31.55,65.49045732013177,0
-0.03,3.091995,31.55,65.7723346096214,0
-3.98,3.094554,31.57,65.7723346096214,0
4.33,3.093275,31.57,65.49045732013177,0
-5.58,3.091995,31.57,65.49045732013177,0
8.51,3.088158,31.57,64.83054835492293,0
4.3,3.090716,31.59,65.49045732013177,0
-12.74,3.089437,31.59,65.49045732013177,0
11.84,3.088158,31.59,65.49045732013177,0
2.55,3.088158,31.59,65.66582063752801,0
-12.07,3.089437,31.57,65.49045732013177,0
11.67,3.089437,31.57,65.49045732013177,0
1.98,3.088158,31.57,65.49045732013177,0
-12.18,3.089437,31.57,64.5445582524197,0
6.04,3.085599,31.57,65.49045732013177,0
8.16,3.090716,31.57,64.72248450113763,0
-1.1,3.081761,31.57,65.94694837519019,0
-16.08,3.086878,31.57,65.49045732013177,0
10.4,3.08432,31.57,65.49045732013177,0
4.25,3.088158,31.57,65.66582063752801,0
-8.65,3.068969,31.57,64.5445582524197,0
2.96,3.079203,31.57,65.66582063752801,0
6.35,3.080482,31.57,65.66582063752801,0
-3.98,3.079203,31.57,64.72248450113763,0
-7.68,3.080482,31.57,65.00769185258002,0
5.43,3.076644,31.57,65.00769185258002,0
-1.21,3.079203,31.55,65.94694837519019,0
-6.46,3.072807,31.55,65.66582063752801,0
4.09,3.076644,31.55,65.66582063752801,0
-3.07,3.074086,31.55,65.94694837519019,0
1.2,3.075365,31.57,65.00769185258002,0
4.56,3.079203,31.57,64.72248450113763,0
-6.77,3.071527,31.57,65.66582063752801,0
6.97,3.075365,31.57,65.66582063752801,0
3.39,3.071527,31.57,65.66582063752801,0
-11.61,3.077924,31.57,65.66582063752801,0
10.42,3.06641,31.57,64.72248450113763,0
2.89,3.074086,31.57,65.66582063752801,0
-10.52,3.070248,31.57,65.66582063752801,0
7.43,3.074086,31.57,65.66582063752801,0
3.33,3.071527,31.57,65.66582063752801,0
-7.49,3.068969,31.57,65.66582063752801,0
1.48,3.071527,31.59,65.66582063752801,0
3.66,3.068969,31.59,65.66582063752801,0
-2.99,3.070248,31.59,65.66582063752801,0
-6.83,3.070248,31.59,65.66582063752801,0
5.04,3.071527,31.57,65.66582063752801,0
0.84,3.070248,31.57,65.49045732013177,0
-9.31,3.06641,31.57,65.66582063752801,0
3.54,3.063852,31.57,65.66582063752801,0
-0.17,3.068969,31.55,65.66582063752801,0
-10.82,3.070248,31.55,64.72248450113763,0
4.45,3.065131,31.55,65.66582063752801,0
4.23,3.06641,31.55,65.66582063752801,0
-8.45,3.065131,31.55,64.72248450113763,0
5.57,3.070248,31.55,65.66582063752801,0
-0.83,3.06641,31.55,65.66582063752801,0
-7.32,3.068969,31.55,65.66582063752801,0
7.2,3.06641,31.57,65.66582063752801,0
-3.3,3.062572,31.57,65.66582063752801,0
-5.94,3.060014,31.57,65.66582063752801,0
6.64,3.062572,31.57,65.66582063752801,0
-0.8,3.062572,31.55,65.66582063752801,0
-6.45,3.060014,31.55,65.66582063752801,0
7.87,3.065131,31.55,65.7723346096214,0
-1.26,3.060014,31.55,65.49045732013177,0
-13.9,3.061293,31.55,65.49045732013177,0
5.27,3.060014,31.55,64.72248450113763,0
-1.75,3.058735,31.55,65.66582063752801,0
-11.28,3.060014,31.55,65.66582063752801,0
4.61,3.058735,31.57,65.66582063752801,0
3.96,3.056176,31.57,65.94694837519019,0
-10.59,3.054897,31.57,65.94694837519019,0
9.28,3.056176,31.57,65.00769185258002,0
2.15,3.053618,31.55,65.94694837519019,0
-7.22,3.058735,31.55,65.66582063752801,0
6.6,3.04978,31.55,65.66582063752801,0
-2.99,3.057456,31.55,65.66582063752801,0
-2.21,3.057456,31.55,64.72248450113763,0
8.97,3.058735,31.55,65.66582063752801,0
-2.71,3.056176,31.55,65.66582063752801,0
-7.42,3.053618,31.55,65.66582063752801,0
11.85,3.051059,31.55,65.66582063752801,0
-2.04,3.052339,31.55,65.66582063752801,0
-17.17,3.048501,31.55,65.66582063752801,0
9.36,3.053618,31.55,65.66582063752801,0
2.13,3.053618,31.55,64.72248450113763,0
-7.15,3.057456,31.55,65.66582063752801,0
6.77,3.052339,31.55,65.49045732013177,0
4.3,3.053618,31.55,65.66582063752801,0
-5.47,3.053618,31.55,65.66582063752801,0
-5.86,3.056176,31.55,65.66582063752801,0
2.46,3.048501,31.55,65.66582063752801,0
-4.04,3.04978,31.55,65.66582063752801,0
-7.08,3.04978,31.55,65.66582063752801,0
4.02,3.053618,31.55,65.66582063752801,0
-0.99,3.043384,31.55,65.66582063752801,0
0.08,3.052339,31.55,64.72248450113763,0
2.64,3.051059,31.55,65.66582063752801,0
-5.86,3.051059,31.55,64.72248450113763,0
9.47,3.034429,31.55,65.66582063752801,0
5.3,3.045942,31.55,65.66582063752801,0
-9.52,3.047222,31.55,65.66582063752801,0
8.1,3.043384,31.55,64.72248450113763,0
-2.29,3.043384,31.55,65.66582063752801,0
-11.39,3.043384,31.55,65.66582063752801,0
5.55,3.043384,31.55,65.66582063752801,0
-3.89,3.047222,31.55,65.66582063752801,0
-1.1,3.047222,31.55,64.72248450113763,0
5.37,3.045942,31.55,65.66582063752801,0
-5.34,3.045942,31.55,65.66582063752801,0
4.98,3.047222,31.55,65.66582063752801,0
3.43,3.045942,31.55,65.66582063752801,0
-6.59,3.045942,31.55,65.66582063752801,0
8.7,3.042104,31.55,65.00769185258002,0
3.41,3.043384,31.55,65.66582063752801,0
-10.08,3.042104,31.55,65.66582063752801,0
10.55,3.043384,31.55,64.72248450113763,0
4.36,3.035708,31.55,65.66582063752801,0
-10.64,3.045942,31.55,65.66582063752801,0
8.49,3.044663,31.55,65.66582063752801,0
-1.26,3.044663,31.55,65.66582063752801,0
-2.83,3.044663,31.55,64.72248450113763,0
7.91,3.045942,31.55,65.66582063752801,0
-7.72,3.044663,31.55,65.66582063752801,0
5.54,3.040825,31.55,65.66582063752801,0
4.25,3.039546,31.55,65.66582063752801,0
-8.39,3.042104,31.55,65.66582063752801,0
6.87,3.040825,31.55,65.66582063752801,0
5.04,3.039546,31.55,64.72248450113763,0
-8.19,3.042104,31.55,65.66582063752801,0
10.0,3.039546,31.55,65.66582063752801,0
2.31,3.042104,31.55,65.66582063752801,0
-11.41,3.040825,31.55,65.66582063752801,0
7.34,3.039546,31.57,65.94694837519019,0
3.79,3.042104,31.57,64.72248450113763,0
-7.33,3.039546,31.57,64.72248450113763,0
6.42,3.036988,31.57,65.85590330410783,0
2.46,3.038267,31.55,64.72248450113763,0
-9.85,3.040825,31.55,65.85590330410783,0
5.59,3.036988,31.55,64.91532946846992,0
0.31,3.038267,31.55,64.72248450113763,0
-5.44,3.029312,31.53,64.72248450113763,0
7.41,3.039546,31.53,64.72248450113763,0
-0.38,3.039546,31.53,65.66582063752801,0
1.07,3.038267,31.53,65.66582063752801,0
4.01,3.036988,31.55,65.85590330410783,0
-8.37,3.034429,31.55,65.85590330410783,0
0.79,3.03315,31.55,65.66582063752801,0
4.97,3.03315,31.55,64.72248450113763,0
-5.86,3.03315,31.53,64.72248450113763,0
-9.35,3.034429,31.53,64.72248450113763,0
6.82,3.036988,31.53,65.66582063752801,0
0.06,3.034429,31.53,65.66582063752801,0
-13.36,3.034429,31.55,65.66582063752801,0
8.32,3.035708,31.55,65.85590330410783,0
1.72,3.036988,31.55,64.72248450113763,0
-10.74,3.035708,31.55,65.66582063752801,0
6.78,3.031871,31.55,64.72248450113763,0
3.73,3.03315,31.55,65.85590330410783,0
-7.49,3.031871,31.55,64.72248450113763,0
6.83,3.031871,31.55,65.94694837519019,0
5.16,3.030591,31.53,64.72248450113763,0
-8.2,3.036988,31.53,64.72248450113763,0
10.08,3.024195,31.53,64.91532946846992,0
4.43,3.03315,31.53,65.85590330410783,0
-10.63,3.031871,31.53,64.72248450113763,0
9.32,3.030591,31.53,65.85590330410783,0
0.95,3.030591,31.53,64.72248450113763,0
-8.89,3.031871,31.53,64.91532946846992,0
11.48,3.030591,31.55,65.66582063752801,0
-2.06,3.031871,31.55,65.66582063752801,0
-6.66,3.028033,31.55,65.66582063752801,0
5.09,3.026753,31.55,65.00769185258002,0
-11.4,3.029312,31.55,64.83054835492293,0
-1.75,3.028033,31.55,65.00769185258002,0
3.95,3.028033,31.55,64.72248450113763,0
-0.44,3.026753,31.55,64.45153217728807,0
5.41,3.031871,31.53,65.58963332722634,0
12.89,3.03315,31.53,66.53570470055908,0
5.46,3.012682,31.53,65.39877674696982,0
-3.25,3.020357,31.53,66.34756966159348,0
3.46,3.025474,31.55,65.66582063752801,0
-8.12,3.026753,31.55,65.66582063752801,0
-18.47,3.024195,31.55,64.72248450113763,0
10.41,3.029312,31.55,65.85590330410783,0
7.96,3.025474,31.55,65.58963332722634,0
-10.84,3.030591,31.55,65.66582063752801,0
-3.93,3.026753,31.55,65.66582063752801,0
-4.44,3.028033,31.55,65.39877674696982,0
-10.5,3.026753,31.53,65.39877674696982,0
12.11,3.024195,31.53,65.39877674696982,0
3.63,3.021636,31.53,64.45153217728807,0
-9.93,3.022916,31.53,65.66582063752801,0
8.52,3.022916,31.53,65.66582063752801,0
-1.62,3.024195,31.53,65.66582063752801,0
-5.24,3.024195,31.53,65.85590330410783,0
-2.28,3.024195,31.53,65.58963332722634,0
-3.98,3.024195,31.53,65.39877674696982,0
6.49,3.022916,31.53,65.39877674696982,0
2.1,3.024195,31.53,65.22269543648132,0
-3.75,3.022916,31.53,65.22269543648132,0
5.15,3.021636,31.55,65.85590330410783,0
7.1,3.024195,31.55,65.66582063752801,0
-5.51,3.020357,31.55,64.5445582524197,0
-8.68,3.019078,31.55,63.89053137985315,0
-8.45,3.020357,31.53,65.94694837519019,0
0.78,3.022916,31.53,65.85590330410783,0
0.5,3.020357,31.53,64.5445582524197,0
-5.68,3.020357,31.53,64.91532946846992,0
1.57,3.021636,31.53,65.19969325081216,0
2.59,3.020357,31.53,65.85590330410783,0
7.86,3.020357,31.53,65.58963332722634,0
5.69,3.01652,31.53,64.91532946846992,0
7.8,3.013961,31.53,65.85590330410783,0
-1.15,3.020357,31.53,64.91532946846992,0
-4.43,3.01652,31.53,65.66582063752801,0
-8.3,3.01652,31.53,64.72248450113763,0
3.58,3.013961,31.53,65.66582063752801,0
1.57,3.019078,31.53,65.66582063752801,0
-1.34,3.01652,31.53,65.7723346096214,0
1.0,3.01652,31.53,64.72248450113763,0
-2.71,3.01652,31.53,64.72248450113763,0
4.53,3.019078,31.53,65.00769185258002,0
1.56,3.011403,31.53,65.66582063752801,0
-5.6,3.010123,31.53,65.66582063752801,0
-0.43,3.013961,31.55,65.66582063752801,0
-1.15,3.012682,31.55,65.66582063752801,0
1.95,3.013961,31.55,65.66582063752801,0
2.77,3.013961,31.55,65.66582063752801,0
-2.44,3.012682,31.53,65.66582063752801,0
5.58,3.012682,31.53,65.66582063752801,0
1.01,3.013961,31.53,65.66582063752801,0
-3.25,3.012682,31.53,65.66582063752801,0
4.42,3.011403,31.51,65.66582063752801,0
2.39,3.011403,31.51,65.66582063752801,0
-2.45,3.006285,31.51,65.66582063752801,0
4.54,2.999889,31.51,65.66582063752801,0
4.72,3.006285,31.51,65.66582063752801,0
-2.77,3.007565,31.51,65.66582063752801,0
3.07,3.008844,31.51,65.66582063752801,0
2.59,3.007565,31.51,65.66582063752801,0
-3.88,3.005006,31.53,65.66582063752801,0
4.66,3.005006,31.53,65.66582063752801,0
1.96,3.006285,31.53,65.66582063752801,0
-5.65,3.006285,31.53,65.66582063752801,0
4.77,2.997331,31.51,64.72248450113763,0
0.75,3.003727,31.51,65.66582063752801,0
-8.46,3.005006,31.51,65.66582063752801,0
1.87,3.001168,31.51,65.66582063752801,0
-0.5,3.003727,31.53,65.66582063752801,0
-2.35,2.999889,31.53,64.72248450113763,0
1.35,3.002448,31.53,64.72248450113763,0
-1.71,3.001168,31.53,65.66582063752801,0
2.53,3.003727,31.51,65.66582063752801,0
0.67,2.99861,31.51,65.66582063752801,0
-3.01,3.003727,31.51,64.72248450113763,0
2.32,3.002448,31.51,65.66582063752801,0
-4.23,2.999889,31.51,65.66582063752801,0
5.85,3.003727,31.51,64.91532946846992,0
3.16,2.983259,31.51,65.85590330410783,0
-5.61,2.997331,31.51,65.66582063752801,0
6.73,2.994772,31.53,65.66582063752801,0
0.63,3.001168,31.53,65.66582063752801,0
-7.79,2.99861,31.53,65.66582063752801,0
6.35,2.99861,31.53,65.66582063752801,0
0.37,3.001168,31.55,64.72248450113763,0
-7.21,2.99861,31.55,65.85590330410783,0
2.11,2.997331,31.55,65.66582063752801,0
4.05,2.994772,31.55,65.66582063752801,0
-0.3,2.997331,31.51,65.66582063752801,0
-4.73,2.990934,31.51,64.72248450113763,0
0.24,2.994772,31.51,65.66582063752801,0
1.97,2.994772,31.51,65.85590330410783,0
-6.17,2.994772,31.53,65.66582063752801,0
2.42,2.993493,31.53,65.66582063752801,0
2.03,2.992214,31.53,65.66582063752801,0
-8.41,2.993493,31.53,64.72248450113763,0
2.54,2.988376,31.53,65.66582063752801,0
0.6,2.994772,31.53,65.66582063752801,0
-7.67,2.985817,31.53,64.72248450113763,0
4.45,2.992214,31.53,65.66582063752801,0
0.23,2.98198,31.53,65.66582063752801,0
-6.85,2.987097,31.53,65.66582063752801,0
3.73,2.989655,31.53,65.66582063752801,0
-1.06,2.988376,31.53,65.85590330410783,0
2.52,2.987097,31.51,65.66582063752801,0
3.19,2.984538,31.51,65.66582063752801,0
-6.72,2.987097,31.51,64.72248450113763,0
7.38,2.987097,31.51,64.72248450113763,0
3.63,2.987097,31.51,64.72248450113763,0
-6.5,2.984538,31.51,65.66582063752801,0
8.11,2.987097,31.51,65.66582063752801,0
2.69,2.984538,31.51,64.72248450113763,0
-11.2,2.983259,31.53,64.72248450113763,0
4.79,2.989655,31.53,65.66582063752801,0
2.13,2.984538,31.53,65.66582063752801,0
-9.54,2.987097,31.53,65.85590330410783,0
6.46,2.984538,31.53,64.72248450113763,0
3.57,2.990934,31.53,64.72248450113763,0
-7.25,2.985817,31.53,64.72248450113763,0
5.84,2.983259,31.53,65.66582063752801,0
3.83,2.98198,31.53,64.72248450113763,0
-6.34,2.98198,31.53,64.72248450113763,0
5.01,2.98198,31.53,65.85590330410783,0
1.01,2.983259,31.53,64.72248450113763,0
-9.0,2.984538,31.53,65.66582063752801,0
3.91,2.98198,31.53,65.66582063752801,0
-1.53,2.98198,31.53,64.72248450113763,0
-7.91,2.9807,31.53,64.72248450113763,0
2.02,2.978142,31.53,64.72248450113763,0
-3.12,2.983259,31.53,64.72248450113763,0
5.59,2.978142,31.53,65.66582063752801,0
2.41,2.975584,31.53,65.66582063752801,0
-8.09,2.979421,31.51,64.72248450113763,0
4.7,2.9807,31.51,65.66582063752801,0
-2.03,2.979421,31.51,65.66582063752801,0
2.74,2.979421,31.51,64.72248450113763,0
4.38,2.976863,31.51,65.66582063752801,0
-7.67,2.974304,31.51,64.72248450113763,0
8.32,2.978142,31.51,64.72248450113763,0
3.81,2.978142,31.51,64.72248450113763,0
-8.5,2.976863,31.53,64.72248450113763,0
6.47,2.975584,31.53,64.72248450113763,0
-1.65,2.974304,31.53,65.66582063752801,0
-12.5,2.976863,31.53,64.72248450113763,0
8.33,2.969187,31.55,65.66582063752801,0
1.89,2.990029,31.55,65.85590330410783,0
-11.04,2.98747,31.55,64.91532946846992,0
7.19,2.990029,31.55,65.66582063752801,0
2.56,2.981074,31.55,65.66582063752801,0
-8.7,2.98875,31.55,65.66582063752801,0
9.66,2.991308,31.55,65.66582063752801,0
2.84,2.98747,31.55,64.72248450113763,0
-8.72,2.98875,31.53,64.72248450113763,0
7.16,2.979795,31.53,64.72248450113763,0
0.15,2.986191,31.53,65.94694837519019,0
-13.07,2.982353,31.53,65.94694837519019,0
5.62,2.984912,31.53,64.72248450113763,0
0.77,2.984912,31.53,65.00769185258002,0
-0.63,2.969561,31.53,65.19969325081216,0
3.1,2.978515,31.53,66.1362230551458,0
-9.14,2.977236,31.51,65.00769185258002,0
7.63,2.983632,31.51,64.72248450113763,0
3.87,2.981074,31.51,64.72248450113763,0
2.22,2.979795,31.51,64.91532946846992,0
5.55,2.973398,31.55,64.72248450113763,0
-8.93,2.983632,31.55,64.72248450113763,0
9.45,2.977236,31.55,65.85590330410783,0
-2.19,2.981074,31.55,64.91532946846992,0
10.8,2.979795,31.53,64.72248450113763,0
2.54,2.983632,31.53,64.72248450113763,0
-14.46,2.982353,31.53,64.91532946846992,0
6.79,2.981074,31.53,65.66582063752801,0
2.39,2.981074,31.53,65.85590330410783,0
-10.73,2.981074,31.53,64.91532946846992,0
6.3,2.984912,31.53,65.66582063752801,0
4.51,2.973398,31.53,65.85590330410783,0
-7.59,2.979795,31.53,65.66582063752801,0
4.23,2.978515,31.53,64.72248450113763,0
4.66,2.978515,31.53,65.66582063752801,0
-5.16,2.977236,31.53,65.66582063752801,0
4.16,2.978515,31.55,65.66582063752801,0
-1.26,2.978515,31.55,65.85590330410783,0
-7.45,2.974678,31.55,65.94694837519019,0
0.81,2.977236,31.55,65.00769185258002,0
0.79,2.973398,31.55,65.00769185258002,0
-3.75,2.978515,31.55,65.00769185258002,0
2.19,2.968281,31.55,65.00769185258002,0
1.2,2.975957,31.55,65.00769185258002,0
-4.86,2.972119,31.55,65.85590330410783,0
2.85,2.97084,31.55,65.85590330410783,0
-0.35,2.972119,31.55,65.85590330410783,0
-0.56,2.972119,31.55,64.72248450113763,0
2.19,2.973398,31.53,64.91532946846992,0
-0.79,2.973398,31.53,65.85590330410783,0
4.22,2.974678,31.53,64.91532946846992,0
2.0,2.969561,31.53,64.91532946846992,0
-0.96,2.972119,31.53,65.85590330410783,0
2.85,2.958047,31.53,65.85590330410783,0
-4.5,2.97084,31.53,64.91532946846992,0
-10.81,2.97084,31.53,65.85590330410783,0
0.58,2.968281,31.55,64.91532946846992,0
3.91,2.969561,31.55,64.91532946846992,0
-3.58,2.967002,31.55,65.85590330410783,0
1.74,2.969561,31.55,64.91532946846992,0
0.93,2.965723,31.55,64.91532946846992,0
-3.92,2.973398,31.55,65.85590330410783,0
0.9,2.968281,31.55,65.85590330410783,0
0.61,2.968281,31.55,64.91532946846992,0
-3.1,2.963164,31.55,65.00769185258002,0
-1.08,2.967002,31.55,66.1362230551458,0
-3.23,2.965723,31.55,64.91532946846992,0
2.94,2.967002,31.55,66.1362230551458,0
1.51,2.965723,31.55,65.85590330410783,0
-4.38,2.963164,31.55,65.00769185258002,0
3.68,2.968281,31.55,64.91532946846992,0
-2.02,2.961885,31.55,64.91532946846992,0
5.58,2.964444,31.51,66.1362230551458,0
3.0,2.964444,31.51,66.1362230551458,0
-7.37,2.963164,31.51,64.91532946846992,0
5.12,2.961885,31.51,64.91532946846992,0
0.9,2.960606,31.57,64.91532946846992,0
1.76,2.961885,31.57,65.85590330410783,0
6.2,2.958047,31.57,64.72248450113763,0
-3.05,2.960606,31.57,64.91532946846992,0
0.67,2.95293,31.55,64.91532946846992,0
5.6,2.960606,31.55,65.85590330410783,0
-5.43,2.960606,31.55,65.85590330410783,0
-14.59,2.960606,31.55,64.91532946846992,0
2.74,2.961885,31.55,64.72248450113763,0
4.36,2.961885,31.55,64.91532946846992,0
-1.89,2.956768,31.55,65.19969325081216,0
3.78,2.958047,31.55,65.19969325081216,0
2.49,2.959327,31.57,65.19969325081216,0
-7.36,2.956768,31.57,65.19969325081216,0
-6.36,2.959327,31.57,65.19969325081216,0
4.63,2.959327,31.57,65.19969325081216,0
-1.04,2.958047,31.53,65.19969325081216,0
-3.02,2.960606,31.53,65.00769185258002,0
2.79,2.941417,31.53,64.91532946846992,0
-4.96,2.95421,31.53,64.91532946846992,0
2.77,2.951651,31.55,64.91532946846992,0
5.22,2.95293,31.55,66.1362230551458,0
-6.31,2.95293,31.55,65.19969325081216,0
8.71,2.95293,31.55,65.19969325081216,0
3.77,2.946534,31.55,65.19969325081216,0
-10.21,2.955489,31.55,64.91532946846992,0
6.72,2.95421,31.55,64.91532946846992,0
1.33,2.95421,31.55,65.19969325081216,0
2.39,2.95421,31.55,64.91532946846992,0
7.52,2.95293,31.55,64.91532946846992,0
-6.46,2.95421,31.55,65.85590330410783,0
7.02,2.949093,31.55,64.72248450113763,0
4.86,2.947813,31.55,65.85590330410783,0
-6.61,2.95293,31.55,64.91532946846992,0
6.18,2.951651,31.55,64.91532946846992,0
6.27,2.951651,31.55,64.91532946846992,0
-6.29,2.95293,31.55,64.91532946846992,0
2.07,2.951651,31.55,64.91532946846992,0
4.61,2.95293,31.55,65.85590330410783,0
-5.83,2.95293,31.55,64.91532946846992,0
2.9,2.95421,31.55,65.85590330410783,0
4.1,2.95293,31.55,65.85590330410783,0
-1.73,2.949093,31.55,64.91532946846992,0
3.47,2.946534,31.55,65.19969325081216,0
3.51,2.947813,31.57,64.91532946846992,0
-5.83,2.95293,31.57,64.91532946846992,0
3.25,2.947813,31.57,65.19969325081216,0
-0.66,2.949093,31.57,65.19969325081216,0
-9.22,2.949093,31.55,65.19969325081216,0
4.6,2.949093,31.55,64.91532946846992,0
0.46,2.947813,31.55,65.19969325081216,0
-0.32,2.946534,31.55,65.19969325081216,0
2.24,2.946534,31.55,65.19969325081216,0
-7.13,2.946534,31.55,65.19969325081216,0
6.55,2.942696,31.55,64.91532946846992,0
-0.27,2.947813,31.55,65.12296062065974,0
-0.23,2.946534,31.55,64.91532946846992,0
3.33,2.946534,31.55,64.91532946846992,0
-8.98,2.945255,31.55,64.91532946846992,0
10.83,2.942696,31.55,64.91532946846992,0
4.43,2.945255,31.55,64.91532946846992,0
-9.58,2.947813,31.55,64.91532946846992,0
6.35,2.947813,31.55,64.91532946846992,0
4.35,2.946534,31.55,64.91532946846992,0
-6.82,2.943976,31.55,64.91532946846992,0
-0.18,2.938859,31.55,64.91532946846992,0
4.39,2.942696,31.55,64.91532946846992,0
1.58,2.942696,31.55,64.91532946846992,0
-10.78,2.940138,31.55,65.19969325081216,0
6.25,2.943976,31.55,64.91532946846992,0
6.15,2.938859,31.55,64.91532946846992,0
-2.02,2.943976,31.55,64.91532946846992,0
-1.91,2.938859,31.57,65.12296062065974,0
4.17,2.946534,31.57,64.91532946846992,0
0.18,2.942696,31.57,64.91532946846992,0
-12.6,2.941417,31.57,65.12296062065974,0
3.19,2.938859,31.55,65.40642170307133,0
-1.07,2.942696,31.55,65.12296062065974,0
-6.44,2.937579,31.55,64.91532946846992,0
5.57,2.941417,31.55,65.40642170307133,0
6.27,2.941417,31.55,65.19969325081216,0
-3.78,2.938859,31.55,65.12296062065974,0
4.33,2.941417,31.55,65.40642170307133,0
2.97,2.938859,31.55,65.12296062065974,0
-4.54,2.942696,31.57,65.12296062065974,0
7.07,2.938859,31.57,65.40642170307133,0
-2.09,2.941417,31.57,64.91532946846992,0
-5.43,2.935021,31.57,64.91532946846992,0
6.52,2.938859,31.55,64.91532946846992,0
-3.08,2.938859,31.55,64.26507605223851,0
5.04,2.938859,31.55,65.85590330410783,0
5.21,2.938859,31.55,65.66582063752801,0
-5.81,2.9363,31.57,64.27285585688566,0
7.93,2.937579,31.57,64.83054835492293,0
4.55,2.933742,31.57,65.85590330410783,0
-5.47,2.935021,31.57,64.5445582524197,0
-11.53,2.932462,31.55,65.85590330410783,0
-12.27,2.938859,31.55,65.58963332722634,0
1.88,2.911994,31.55,65.66582063752801,0
8.56,2.933742,31.55,65.85590330410783,0
9.31,2.933742,31.57,65.85590330410783,0
-1.17,2.933742,31.57,64.91532946846992,0
8.38,2.935021,31.57,65.85590330410783,0
9.0,2.931183,31.57,64.91532946846992,0
-8.99,2.932462,31.55,65.66582063752801,0
-0.67,2.929904,31.55,64.72248450113763,0
-6.74,2.9363,31.55,64.91532946846992,0
-0.3,2.931183,31.55,64.91532946846992,0
2.37,2.933742,31.57,64.91532946846992,0
-7.58,2.920949,31.57,65.85590330410783,0
9.9,2.933742,31.57,65.85590330410783,0
3.85,2.931183,31.57,65.85590330410783,0
-1.15,2.932462,31.55,65.85590330410783,0
4.17,2.931183,31.55,64.91532946846992,0
-4.35,2.928625,31.55,64.91532946846992,0
4.07,2.929904,31.55,65.85590330410783,0
1.97,2.927345,31.57,65.85590330410783,0
-6.7,2.935021,31.57,64.91532946846992,0
6.44,2.922228,31.57,64.91532946846992,0
5.13,2.932462,31.57,64.91532946846992,0
-3.88,2.926066,31.55,64.91532946846992,0
5.46,2.932462,31.55,66.06057825965497,0
0.85,2.929904,31.55,64.91532946846992,0
-5.84,2.929904,31.55,64.91532946846992,0
-2.21,2.931183,31.57,64.91532946846992,0
-2.09,2.932462,31.57,65.85590330410783,0
-0.33,2.931183,31.57,65.85590330410783,0
-5.56,2.927345,31.57,64.91532946846992,0
0.31,2.929904,31.57,65.85590330410783,0
1.62,2.928625,31.57,64.91532946846992,0
-3.49,2.928625,31.57,65.85590330410783,0
-0.19,2.923508,31.57,65.85590330410783,0
0.69,2.929904,31.57,65.85590330410783,0
-0.87,2.927345,31.57,65.85590330410783,0
0.38,2.927345,31.57,64.91532946846992,0
0.29,2.927345,31.57,65.85590330410783,0
-4.13,2.924787,31.55,64.91532946846992,0
0.27,2.929904,31.55,65.19969325081216,0
-1.73,2.926066,31.55,65.85590330410783,0
-3.46,2.927345,31.55,64.91532946846992,0
2.73,2.918391,31.55,64.91532946846992,0
1.22,2.927345,31.55,64.91532946846992,0
-0.18,2.922228,31.55,64.91532946846992,0
3.62,2.926066,31.55,65.85590330410783,0
-3.86,2.924787,31.55,64.91532946846992,0
3.87,2.920949,31.55,64.91532946846992,0
1.28,2.923508,31.55,64.91532946846992,0
2.44,2.920949,31.55,65.12296062065974,0
3.92,2.923508,31.55,65.85590330410783,0
-4.07,2.918391,31.55,65.85590330410783,0
6.32,2.924787,31.55,64.91532946846992,0
-0.63,2.923508,31.55,65.85590330410783,0
5.35,2.924787,31.55,64.91532946846992,0
5.93,2.923508,31.55,64.91532946846992,0
-5.83,2.924787,31.55,65.85590330410783,0
2.32,2.924787,31.55,64.91532946846992,0
3.45,2.91967,31.55,64.91532946846992,0
-2.19,2.924787,31.55,64.91532946846992,0
2.52,2.91967,31.55,64.91532946846992,0
5.12,2.922228,31.55,64.91532946846992,0
-0.59,2.920949,31.57,65.85590330410783,0
-0.35,2.91967,31.57,65.85590330410783,0
0.7,2.920949,31.57,64.91532946846992,0
-3.82,2.91967,31.57,65.85590330410783,0
-2.38,2.914553,31.57,64.91532946846992,0
-0.01,2.917111,31.57,64.91532946846992,0
-4.07,2.922228,31.57,65.40642170307133,0
1.87,2.917111,31.57,65.40642170307133,0
2.24,2.91967,31.59,65.40642170307133,0
-5.49,2.918391,31.59,65.40642170307133,0
1.74,2.915832,31.59,65.40642170307133,0
-1.77,2.918391,31.59,65.40642170307133,0
0.51,2.918391,31.57,65.40642170307133,0
2.22,2.91967,31.57,65.40642170307133,0
-3.7,2.914553,31.57,65.40642170307133,0
1.77,2.911994,31.57,65.12296062065974,0
-3.98,2.914553,31.55,65.12296062065974,0
6.5,2.918391,31.55,65.12296062065974,0
2.98,2.903039,31.55,65.12296062065974,0
1.84,2.913274,31.55,65.12296062065974,0
1.35,2.914553,31.57,65.12296062065974,0
-5.59,2.914553,31.57,65.12296062065974,0
1.53,2.914553,31.57,65.12296062065974,0
-5.67,2.914553,31.57,65.12296062065974,0
6.15,2.918391,31.57,65.12296062065974,0
-3.98,2.911994,31.57,65.12296062065974,0
-2.31,2.909436,31.57,64.85368146836385,0
1.67,2.913274,31.57,65.12296062065974,0
-0.13,2.913274,31.55,65.12296062065974,0
3.65,2.915832,31.55,65.12296062065974,0
-4.37,2.914553,31.55,65.12296062065974,0
-1.48,2.914553,31.55,64.91532946846992,0
1.08,2.910715,31.55,65.12296062065974,0
5.03,2.914553,31.55,65.12296062065974,0
1.85,2.913274,31.55,65.12296062065974,0
-8.7,2.913274,31.55,65.40642170307133,0
-2.8,2.911994,31.55,65.40642170307133,0
-3.25,2.910715,31.55,65.40642170307133,0
2.81,2.910715,31.55,65.40642170307133,0
-0.1,2.908157,31.55,65.40642170307133,0
1.39,2.908157,31.55,65.40642170307133,0
0.32,2.909436,31.55,65.40642170307133,0
-3.19,2.909436,31.55,65.19969325081216,0
3.54,2.905598,31.55,64.91532946846992,0
-0.38,2.908157,31.55,65.40642170307133,0
2.6,2.906877,31.55,65.12296062065974,0
1.74,2.909436,31.55,65.12296062065974,0
-3.7,2.905598,31.55,65.12296062065974,0
3.22,2.90176,31.55,65.12296062065974,0
1.06,2.909436,31.55,64.91532946846992,0
-1.17,2.906877,31.55,65.12296062065974,0
4.8,2.908157,31.55,65.12296062065974,0
1.17,2.909436,31.55,66.06057825965497,0
-8.09,2.910715,31.55,65.12296062065974,0
4.51,2.905598,31.55,65.12296062065974,0
1.72,2.906877,31.55,65.12296062065974,0
-8.48,2.908157,31.55,64.91532946846992,0
1.73,2.908157,31.55,65.12296062065974,0
3.04,2.908157,31.55,64.91532946846992,0
-2.73,2.903039,31.55,65.12296062065974,0
-2.02,2.904319,31.55,65.12296062065974,0
2.7,2.905598,31.55,65.12296062065974,0
-1.42,2.90176,31.55,65.12296062065974,0
1.42,2.906877,31.55,65.12296062065974,0
12.47,2.900481,31.59,65.40642170307133,0
-30.69,2.906877,31.59,65.12296062065974,0
-2.12,2.90176,31.59,65.12296062065974,0
2.84,2.904319,31.59,64.91532946846992,0
-3.42,2.894085,31.57,65.12296062065974,0
2.09,2.903039,31.57,65.40642170307133,0
0.94,2.896643,31.57,65.40642170307133,0
-4.38,2.903039,31.57,65.40642170307133,0
4.88,2.90176,31.57,65.40642170307133,0
1.24,2.90176,31.57,65.40642170307133,0
-4.04,2.90176,31.57,65.40642170307133,0
3.82,2.900481,31.57,65.40642170307133,0
-3.13,2.899202,31.55,65.40642170307133,0
7.41,2.90176,31.55,65.40642170307133,0
4.42,2.90176,31.55,65.40642170307133,0
-8.11,2.899202,31.55,65.40642170307133,0
5.87,2.900481,31.57,65.40642170307133,0
-2.1,2.890247,31.57,65.40642170307133,0
6.62,2.90176,31.57,65.40642170307133,0
7.02,2.899202,31.57,65.40642170307133,0
-6.93,2.899202,31.59,65.40642170307133,0
5.26,2.899202,31.59,65.40642170307133,0
8.34,2.895364,31.59,65.12296062065974,0
-4.51,2.896643,31.59,65.12296062065974,0
-1.62,2.894085,31.57,65.12296062065974,0
9.73,2.90176,31.57,65.12296062065974,0
0.3,2.895364,31.57,65.12296062065974,0
-13.96,2.896643,31.57,64.91532946846992,0
14.15,2.892806,31.57,65.12296062065974,0
10.7,2.896643,31.57,65.12296062065974,0
-7.32,2.892806,31.57,65.12296062065974,0
-19.11,2.894085,31.57,65.12296062065974,0
10.76,2.894085,31.55,65.12296062065974,0
4.89,2.894085,31.55,65.12296062065974,0
-9.82,2.883851,31.55,65.12296062065974,0
-0.71,2.887689,31.55,65.12296062065974,0
1.5,2.892806,31.55,65.12296062065974,0
0.91,2.883851,31.55,65.12296062065974,0
-15.05,2.891526,31.55,65.12296062065974,0
3.31,2.88513,31.55,65.12296062065974,0
0.42,2.891526,31.55,65.12296062065974,0
-6.44,2.888968,31.55,65.12296062065974,0
0.77,2.890247,31.55,65.12296062065974,0
-1.43,2.890247,31.55,65.12296062065974,0
0.36,2.887689,31.55,64.91532946846992,0
3.89,2.895364,31.55,64.91532946846992,0
-6.4,2.887689,31.55,64.91532946846992,0
5.83,2.891526,31.55,64.91532946846992,0
0.0,2.882571,31.57,64.91532946846992,0
-3.02,2.890247,31.57,65.19969325081216,0
-2.66,2.883851,31.57,65.19969325081216,0
-10.47,2.888968,31.57,65.40642170307133,0
3.64,2.880013,31.57,65.19969325081216,0
-4.06,2.887689,31.57,65.40642170307133,0
8.12,2.887689,31.57,65.40642170307133,0
3.68,2.883851,31.57,65.40642170307133,0
1.49,2.886409,31.57,65.40642170307133,0
5.21,2.883851,31.57,65.40642170307133,0
-8.75,2.887689,31.57,65.40642170307133,0
4.02,2.883851,31.57,65.40642170307133,0
-7.03,2.886409,31.57,65.40642170307133,0
4.91,2.881292,31.57,65.40642170307133,0
-0.98,2.886409,31.57,65.12296062065974,0
6.64,2.88513,31.57,65.40642170307133,0
5.7,2.88513,31.55,65.40642170307133,0
-3.5,2.886409,31.55,65.40642170307133,0
7.74,2.882571,31.55,65.12296062065974,0
-2.5,2.88513,31.55,65.12296062065974,0
-0.81,2.882571,31.57,65.12296062065974,0
0.32,2.887689,31.57,65.12296062065974,0
-11.6,2.882571,31.57,65.12296062065974,0
-2.34,2.883851,31.57,66.06057825965497,0
2.13,2.872338,31.55,65.34523701081817,0
0.0,2.886409,31.55,65.34523701081817,0
-1.87,2.883851,31.55,65.62773803811922,0
3.33,2.882571,31.55,64.69930447848725,0
1.9,2.88513,31.55,62.928530890209096,0
3.14,2.88513,31.55,64.319514923544,0
4.24,2.883851,31.55,65.34523701081817,0
-7.56,2.881292,31.55,65.58200972827838,0
-2.15,2.883851,31.57,65.86349520030045,0
-9.39,2.880013,31.57,65.62773803811922,0
-0.41,2.882571,31.57,65.34523701081817,0
-4.48,2.878734,31.57,65.34523701081817,0
-7.39,2.882571,31.57,65.62773803811922,0
8.1,2.881292,31.57,65.62773803811922,0
0.14,2.882571,31.57,65.62773803811922,0
-4.07,2.881292,31.57,65.40642170307133,0
6.63,2.881292,31.55,65.40642170307133,0
2.18,2.881292,31.55,65.40642170307133,0
3.51,2.878734,31.55,65.62773803811922,0
0.9,2.881292,31.55,65.62773803811922,0
-9.66,2.877455,31.57,65.92419889539804,0
0.81,2.882571,31.57,65.62773803811922,0
-3.31,2.873617,31.57,65.92419889539804,0
7.34,2.880013,31.57,65.40642170307133,0
3.01,2.872338,31.57,65.62773803811922,0
4.97,2.878734,31.57,65.62773803811922,0
6.89,2.880013,31.57,65.62773803811922,0
-5.42,2.878734,31.57,65.62773803811922,0
9.48,2.880013,31.57,65.62773803811922,0
0.27,2.878734,31.57,65.62773803811922,0
0.48,2.878734,31.57,65.40642170307133,0
5.83,2.874896,31.57,64.47480127925948,0
-3.61,2.876175,31.57,65.40642170307133,0
2.46,2.871058,31.57,65.40642170307133,0
6.92,2.876175,31.57,65.40642170307133,0
-2.3,2.871058,31.57,65.40642170307133,0
-10.14,2.874896,31.57,65.40642170307133,0
8.74,2.874896,31.57,65.12296062065974,0
1.26,2.874896,31.57,65.40642170307133,0
-7.62,2.874896,31.57,65.12296062065974,0
-0.61,2.876175,31.57,65.12296062065974,0
1.69,2.876175,31.57,65.12296062065974,0
-1.51,2.859545,31.57,65.40642170307133,0
-10.43,2.871058,31.57,65.40642170307133,0
1.6,2.863383,31.57,65.40642170307133,0
5.3,2.873617,31.57,65.62773803811922,0
-0.45,2.865941,31.57,65.40642170307133,0
-0.8,2.869779,31.57,65.12296062065974,0
1.29,2.86722,31.57,65.62773803811922,0
-1.64,2.873617,31.57,65.12296062065974,0
-7.36,2.871058,31.57,65.40642170307133,0
-2.05,2.871058,31.57,65.62773803811922,0
-1.26,2.872338,31.57,65.40642170307133,0
-6.02,2.8685,31.57,65.40642170307133,0
0.47,2.869779,31.57,65.62773803811922,0
-0.37,2.865941,31.57,65.40642170307133,0
-0.12,2.869779,31.57,65.40642170307133,0
0.53,2.865941,31.57,65.40642170307133,0
-5.97,2.869779,31.57,65.62773803811922,0
6.72,2.86722,31.57,65.40642170307133,0
2.9,2.8685,31.57,65.62773803811922,0
-5.75,2.865941,31.57,65.40642170307133,0
4.22,2.86722,31.57,65.62773803811922,0
-2.25,2.869779,31.57,65.40642170307133,0
7.32,2.8685,31.57,65.62773803811922,0
1.72,2.865941,31.57,65.40642170307133,0
-10.05,2.863383,31.57,65.40642170307133,0
5.77,2.865941,31.57,65.62773803811922,0
0.23,2.863383,31.57,65.40642170307133,0
-2.21,2.86722,31.57,65.62773803811922,0
9.16,2.863383,31.57,65.40642170307133,0
-2.89,2.86722,31.57,65.40642170307133,0
-9.81,2.862103,31.57,65.40642170307133,0
10.47,2.86722,31.57,65.40642170307133,0
2.16,2.860824,31.57,65.62773803811922,0
-12.16,2.8685,31.57,65.62773803811922,0
11.32,2.865941,31.57,65.62773803811922,0
7.94,2.862103,31.57,65.62773803811922,0
-3.47,2.864662,31.57,65.40642170307133,0
-5.36,2.863383,31.57,65.40642170307133,0
7.16,2.864662,31.59,65.40642170307133,0
-1.55,2.863383,31.59,65.40642170307133,0
-11.65,2.8685,31.59,65.12296062065974,0
-0.98,2.860824,31.59,65.40642170307133,0
0.53,2.863383,31.57,65.62773803811922,0
-0.66,2.856987,31.57,65.40642170307133,0
-7.94,2.863383,31.57,65.62773803811922,0
3.71,2.862103,31.57,65.62773803811922,0
3.61,2.854428,31.57,65.40642170307133,0
-9.06,2.864662,31.57,65.62773803811922,0
3.36,2.860824,31.57,65.62773803811922,0
0.81,2.862103,31.57,65.62773803811922,0
-5.47,2.859545,31.57,65.62773803811922,0
-4.05,2.862103,31.57,64.47480127925948,0
-9.05,2.858266,31.57,65.40642170307133,0
3.25,2.859545,31.57,65.40642170307133,0
1.52,2.863383,31.57,65.40642170307133,0
-6.29,2.864662,31.57,65.62773803811922,0
5.47,2.860824,31.57,65.62773803811922,0
-0.73,2.854428,31.57,65.62773803811922,0
7.62,2.860824,31.57,65.40642170307133,0
-0.04,2.858266,31.57,65.40642170307133,0
4.66,2.859545,31.57,65.40642170307133,0
2.22,2.858266,31.57,65.40642170307133,0
-3.4,2.860824,31.57,65.62773803811922,0
4.36,2.858266,31.57,65.62773803811922,0
-5.67,2.860824,31.57,65.62773803811922,0
7.03,2.862103,31.57,65.62773803811922,0
-4.93,2.859545,31.57,65.34523701081817,0
-1.94,2.860824,31.57,65.62773803811922,0
5.91,2.855707,31.57,65.62773803811922,0
-2.45,2.859545,31.57,65.34523701081817,0
-14.04,2.859545,31.57,65.62773803811922,0
4.56,2.860824,31.57,65.62773803811922,0
5.21,2.858266,31.57,65.62773803811922,0
-3.48,2.858266,31.57,65.62773803811922,0
-0.29,2.855707,31.59,65.62773803811922,0
1.84,2.860824,31.59,65.62773803811922,0
-4.03,2.859545,31.59,65.62773803811922,0
-1.25,2.858266,31.59,65.40642170307133,0
-0.19,2.855707,31.59,65.40642170307133,0
-0.02,2.855707,31.59,65.40642170307133,0
-0.38,2.845473,31.59,65.40642170307133,0
-0.44,2.853149,31.59,65.62773803811922,0
-0.48,2.853149,31.59,64.47480127925948,0
-3.84,2.853149,31.59,64.77653896280658,0
0.8,2.854428,31.59,65.0,0
-1.55,2.85187,31.59,65.0,0
-3.47,2.853149,31.59,65.92419889539804,0
1.74,2.854428,31.59,66.15889962809237,0
1.41,2.856987,31.59,66.15889962809237,0
-0.37,2.849311,31.59,65.0,0
5.45,2.85059,31.59,65.92419889539804,0
-7.07,2.845473,31.59,64.69930447848725,0
3.57,2.85187,31.59,65.0,0
3.87,2.85187,31.59,65.62773803811922,0
-10.19,2.85187,31.59,65.62773803811922,0
6.51,2.85187,31.59,64.47480127925948,0
1.15,2.849311,31.59,65.40642170307133,0
-12.28,2.849311,31.59,65.40642170307133,0
9.76,2.85187,31.59,65.40642170307133,0
5.62,2.855707,31.59,65.62773803811922,0
-6.14,2.85059,31.59,65.62773803811922,0
6.62,2.846752,31.59,65.62773803811922,0
12.2,2.85059,31.57,65.62773803811922,0
2.8,2.849311,31.57,65.62773803811922,0
-4.08,2.848032,31.57,65.62773803811922,0
0.99,2.849311,31.57,65.62773803811922,0
4.79,2.849311,31.59,65.62773803811922,0
0.12,2.85059,31.59,65.62773803811922,0
-8.25,2.854428,31.59,65.62773803811922,0
0.34,2.85187,31.59,65.62773803811922,0
8.05,2.85059,31.57,65.62773803811922,0
-0.96,2.845473,31.57,65.62773803811922,0
-14.04,2.849311,31.57,65.62773803811922,0
7.33,2.85187,31.57,65.62773803811922,0
4.2,2.849311,31.57,65.62773803811922,0
-8.43,2.854428,31.57,65.62773803811922,0
5.98,2.85187,31.57,65.40642170307133,0
2.95,2.85059,31.57,65.62773803811922,0
-8.21,2.848032,31.57,65.62773803811922,0
4.83,2.85187,31.57,65.62773803811922,0
0.71,2.85059,31.57,65.0,0
-11.29,2.85059,31.57,72.02777242147643,0
3.65,2.859545,31.57,68.30080526611674,0
0.81,2.864662,31.57,63.796551630946325,0
5.33,2.862103,31.57,63.324560795950255,0
23.48,2.822447,31.57,66.24198064671678,0
50.85,2.835239,31.57,65.3834841531101,0
-22.88,2.846752,31.57,67.12674578735364,0
31.2,2.840356,31.57,64.52906321960671,0
51.41,2.853149,31.57,65.7723346096214,0
20.34,2.846752,31.59,64.1248781675256,0
45.12,2.831402,31.59,64.6297145282261,0
-8.61,2.827564,31.59,65.92419889539804,0
-86.48,2.831402,31.59,65.50572494064927,0
-76.76,2.853149,31.59,63.3798075099633,0
92.41,2.872338,31.59,65.4217089351845,0
49.66,2.874896,31.59,64.96922348312314,0
-79.05,2.918391,31.59,65.76473218982953,0
-59.75,2.914553,31.57,65.12296062065974,0
-115.91,2.918391,31.57,64.5600495662759,0
-57.51,2.910715,31.57,65.49809157525127,0
-0.65,2.911994,31.57,65.62773803811922,0
9.29,2.917111,31.59,65.7419196555744,0
44.14,2.922228,31.59,65.7419196555744,0
4.64,2.91967,31.59,65.4446330878247,0
32.08,2.914553,31.59,65.7419196555744,0
19.54,2.917111,31.57,65.42935121182236,0
-20.4,2.911994,31.57,65.7419196555744,0
22.35,2.913274,31.57,65.4446330878247,0
5.27,2.910715,31.57,65.4446330878247,0
15.71,2.913274,31.57,65.4446330878247,0
16.53,2.911994,31.57,65.7419196555744,0
-18.91,2.911994,31.57,65.4446330878247,0
25.05,2.913274,31.57,65.4446330878247,0
7.45,2.909436,31.57,65.7419196555744,0
12.23,2.911994,31.57,65.7419196555744,0
10.24,2.904319,31.57,65.4446330878247,0
-17.79,2.908157,31.57,65.7419196555744,0
12.68,2.905598,31.57,65.13063795173512,0
-6.43,2.905598,31.57,64.5445582524197,0
26.27,2.886409,31.57,65.7419196555744,0
8.31,2.896643,31.57,65.4446330878247,0
4.87,2.894085,31.59,66.06814663663572,0
-1.69,2.895364,31.59,65.1766829472013,0
-18.2,2.897923,31.59,66.06814663663572,0
1.67,2.891526,31.59,65.1766829472013,0
-14.33,2.892806,31.59,64.87680633323437,0
10.4,2.888968,31.59,66.06814663663572,0
-1.51,2.892806,31.59,65.4446330878247,0
15.54,2.888968,31.59,64.8459713474939,0
0.94,2.891526,31.57,65.7419196555744,0
10.75,2.888968,31.57,64.8459713474939,0
4.3,2.890247,31.57,65.7419196555744,0
-16.83,2.890247,31.57,65.7419196555744,0
9.05,2.890247,31.57,64.5445582524197,0
-2.01,2.896643,31.57,65.42935121182236,0
-5.44,2.891526,31.57,66.05300901548695,0
12.36,2.890247,31.57,65.7419196555744,0
-2.94,2.882571,31.55,65.42935121182236,0
-12.18,2.891526,31.55,65.7419196555744,0
7.39,2.88513,31.55,65.7419196555744,0
0.11,2.887689,31.55,65.7419196555744,0
-11.86,2.88513,31.57,65.7419196555744,0
3.89,2.890247,31.57,65.7419196555744,0
1.36,2.886409,31.57,65.7419196555744,0
-7.5,2.88513,31.57,65.7419196555744,0
-0.04,2.88513,31.57,64.8459713474939,0
0.72,2.881292,31.57,65.7419196555744,0
-3.2,2.882571,31.57,65.7419196555744,0
-12.29,2.874896,31.57,65.7419196555744,0
1.21,2.882571,31.55,66.05300901548695,0
-1.7,2.876175,31.55,66.05300901548695,0
-13.09,2.880013,31.55,66.05300901548695,0
4.08,2.880013,31.55,64.8459713474939,0
2.06,2.878734,31.59,66.05300901548695,0
-8.1,2.878734,31.59,65.16133823057964,0
4.18,2.873617,31.59,65.16133823057964,0
2.66,2.880013,31.59,66.05300901548695,0
-10.52,2.873617,31.55,66.05300901548695,0
3.53,2.881292,31.55,66.05300901548695,0
-1.11,2.872338,31.55,66.05300901548695,0
3.19,2.874896,31.55,65.7419196555744,0
4.35,2.873617,31.55,64.52906321960671,0
-8.59,2.874896,31.55,66.05300901548695,0
13.44,2.873617,31.55,65.7419196555744,0
5.56,2.869779,31.55,65.42935121182236,0
-12.29,2.872338,31.57,64.5445582524197,0
10.62,2.873617,31.57,65.7419196555744,0
5.36,2.873617,31.57,65.7419196555744,0
-7.02,2.873617,31.57,65.7419196555744,0
24.11,2.873617,31.55,65.7419196555744,0
-0.92,2.872338,31.55,65.7419196555744,0
-19.59,2.873617,31.55,65.7419196555744,0
0.79,2.872338,31.55,65.7419196555744,0
5.65,2.8685,31.57,65.7419196555744,0
-4.49,2.874896,31.57,64.8459713474939,0
-13.18,2.8685,31.57,65.7419196555744,0
5.45,2.871058,31.57,65.7419196555744,0
3.81,2.869779,31.57,65.7419196555744,0
-5.24,2.874896,31.57,64.8459713474939,0
-0.81,2.869779,31.57,65.7419196555744,0
2.92,2.8685,31.57,64.8459713474939,0
2.19,2.863383,31.53,65.7419196555744,0
-9.2,2.864662,31.53,65.7419196555744,0
-3.06,2.865941,31.53,65.16133823057964,0
-3.63,2.862103,31.53,64.8459713474939,0
-13.33,2.863383,31.55,65.16133823057964,0
2.4,2.865941,31.55,65.16133823057964,0
-0.58,2.865941,31.55,65.16133823057964,0
-9.68,2.864662,31.55,65.16133823057964,0
4.36,2.860824,31.57,65.16133823057964,0
-0.33,2.865941,31.57,65.49045732013177,0
-0.39,2.864662,31.57,65.16133823057964,0
2.49,2.858266,31.57,65.16133823057964,0
-5.75,2.860824,31.57,65.49045732013177,0
8.73,2.863383,31.57,65.49045732013177,0
3.83,2.858266,31.57,65.16133823057964,0
-12.02,2.860824,31.57,65.16133823057964,0
8.47,2.859545,31.55,65.16133823057964,0
-5.95,2.854428,31.55,65.16133823057964,0
5.37,2.842915,31.55,65.16133823057964,0
9.27,2.854428,31.55,65.16133823057964,0
-6.95,2.854428,31.55,66.05300901548695,0
13.99,2.854428,31.55,65.7419196555744,0
-1.1,2.853149,31.55,65.7419196555744,0
-4.47,2.853149,31.55,65.42935121182236,0
-1.58,2.854428,31.57,66.05300901548695,0
8.97,2.856987,31.57,65.7419196555744,0
1.6,2.855707,31.57,64.8459713474939,0
-14.94,2.855707,31.57,65.42935121182236,0
13.12,2.853149,31.55,65.7419196555744,0
-0.73,2.855707,31.55,64.8459713474939,0
-10.76,2.855707,31.55,65.7419196555744,0
-0.86,2.855707,31.55,65.7419196555744,0
9.47,2.855707,31.55,65.7419196555744,0
2.43,2.849311,31.55,65.7419196555744,0
-15.14,2.853149,31.55,65.7419196555744,0
4.15,2.853149,31.55,65.7419196555744,0
4.11,2.853149,31.55,65.7419196555744,0
-13.14,2.85187,31.55,65.7419196555744,0
5.18,2.854428,31.55,65.7419196555744,0
2.83,2.853149,31.55,65.7419196555744,0
-12.4,2.853149,31.55,65.7419196555744,0
4.5,2.854428,31.55,65.7419196555744,0
-2.0,2.853149,31.55,65.7419196555744,0
-2.62,2.85187,31.55,66.06814663663572,0
2.81,2.844194,31.53,66.06814663663572,0
-8.79,2.854428,31.53,64.8459713474939,0
6.16,2.846752,31.53,65.7419196555744,0
1.39,2.85059,31.53,65.7419196555744,0
4.24,2.849311,31.53,65.7419196555744,0
1.56,2.849311,31.53,66.05300901548695,0
-6.68,2.849311,31.53,65.7419196555744,0
-2.17,2.846752,31.53,66.06814663663572,0
-16.97,2.849311,31.53,66.06814663663572,0
11.33,2.842915,31.53,64.33506042586733,0
1.97,2.846752,31.53,65.52098900352466,0
14.94,2.83396,31.53,65.52098900352466,0
-1.07,2.845473,31.55,65.52098900352466,0
-2.69,2.842915,31.55,65.52098900352466,0
3.06,2.844194,31.55,65.52098900352466,0
-8.61,2.844194,31.55,65.52098900352466,0
5.26,2.841635,31.55,65.1766829472013,0
-10.01,2.849311,31.55,66.06814663663572,0
11.95,2.842915,31.55,65.1766829472013,0
-5.41,2.845473,31.55,65.1766829472013,0
10.02,2.844194,31.53,66.06814663663572,0
14.34,2.844194,31.53,65.7419196555744,0
-9.69,2.840356,31.53,65.7419196555744,0
-1.94,2.841635,31.53,64.8459713474939,0
12.24,2.841635,31.53,64.8459713474939,0
-2.67,2.842915,31.53,66.05300901548695,0
-17.95,2.842915,31.53,64.8459713474939,0
12.21,2.842915,31.53,65.7419196555744,0
5.32,2.839077,31.53,65.7419196555744,0
-7.72,2.840356,31.53,65.7419196555744,0
-5.84,2.839077,31.53,65.7419196555744,0
6.03,2.840356,31.53,64.8459713474939,0
-0.72,2.837798,31.53,65.7419196555744,0
-8.81,2.837798,31.53,66.05300901548695,0
6.24,2.840356,31.53,65.7419196555744,0
4.67,2.837798,31.53,66.05300901548695,0
-3.77,2.839077,31.53,65.7419196555744,0
-11.49,2.83396,31.53,65.7419196555744,0
3.57,2.837798,31.53,64.8459713474939,0
0.84,2.835239,31.53,65.16133823057964,0
-8.22,2.837798,31.53,65.7419196555744,0
3.52,2.841635,31.53,65.7419196555744,0
3.24,2.837798,31.53,66.05300901548695,0
-4.42,2.837798,31.53,65.16133823057964,0
-2.4,2.831402,31.53,65.7419196555744,0
7.65,2.836519,31.53,66.05300901548695,0
-16.5,2.832681,31.53,66.05300901548695,0
-9.94,2.836519,31.53,66.05300901548695,0
5.89,2.827564,31.53,66.05300901548695,0
1.93,2.836519,31.53,64.8459713474939,0
-8.52,2.835239,31.53,64.8459713474939,0
7.1,2.835239,31.53,64.8459713474939,0
-1.62,2.835239,31.53,64.8459713474939,0
-6.33,2.832681,31.53,64.8459713474939,0
6.53,2.819888,31.53,65.7419196555744,0
-4.7,2.823726,31.53,66.05300901548695,0
-3.75,2.831402,31.51,65.7419196555744,0
4.15,2.832681,31.51,64.8459713474939,0
-5.72,2.831402,31.51,65.7419196555744,0
5.42,2.830122,31.51,65.7419196555744,0
8.67,2.831402,31.53,65.7419196555744,0
-6.07,2.831402,31.53,65.4446330878247,0
7.33,2.826284,31.53,65.7419196555744,0
-2.37,2.830122,31.53,65.7419196555744,0
-7.62,2.827564,31.53,65.7419196555744,0
9.56,2.831402,31.53,65.7419196555744,0
0.18,2.81733,31.53,65.7419196555744,0
1.48,2.828843,31.53,65.4446330878247,0
7.43,2.826284,31.53,65.16133823057964,0
-8.06,2.826284,31.53,64.5445582524197,0
5.89,2.826284,31.53,65.7419196555744,0
2.92,2.823726,31.53,65.1766829472013,0
-9.29,2.826284,31.53,65.1766829472013,0
2.04,2.823726,31.53,65.49045732013177,0
8.43,2.827564,31.53,65.49045732013177,0
-13.0,2.826284,31.53,65.49045732013177,0
3.02,2.826284,31.51,65.49045732013177,0
-0.42,2.825005,31.51,65.49045732013177,0
-11.66,2.823726,31.51,65.49045732013177,0
8.99,2.825005,31.51,65.49045732013177,0
-3.04,2.825005,31.53,65.49045732013177,0
-4.27,2.826284,31.53,65.16133823057964,0
4.91,2.822447,31.53,65.49045732013177,0
-7.03,2.830122,31.53,65.16133823057964,0
7.57,2.823726,31.53,65.16133823057964,0
4.45,2.830122,31.53,65.49045732013177,0
-5.59,2.825005,31.53,65.1766829472013,0
1.45,2.825005,31.53,64.8459713474939,0
8.8,2.819888,31.51,66.06814663663572,0
-2.89,2.823726,31.51,65.7419196555744,0
-8.13,2.822447,31.51,64.8459713474939,0
7.67,2.821167,31.51,65.7419196555744,0
-1.94,2.826284,31.55,66.06814663663572,0
-12.08,2.821167,31.55,65.7419196555744,0
11.81,2.822447,31.55,66.06814663663572,0
7.88,2.822447,31.55,66.06814663663572,0
-7.17,2.823726,31.51,65.7419196555744,0
-13.2,2.822447,31.51,66.06814663663572,0
2.02,2.819888,31.51,66.06814663663572,0
1.65,2.816051,31.51,65.1766829472013,0
-8.38,2.81733,31.51,65.1766829472013,0
5.76,2.823726,31.51,64.8459713474939,0
5.15,2.821167,31.51,66.06814663663572,0
-5.39,2.821167,31.51,66.06814663663572,0
-3.8,2.822447,31.53,66.06814663663572,0
1.12,2.819888,31.53,65.7723346096214,0
-1.73,2.822447,31.53,65.7723346096214,0
2.27,2.822447,31.53,65.7723346096214,0
1.88,2.821167,31.49,65.7723346096214,0
-7.92,2.821167,31.49,65.7723346096214,0
6.01,2.819888,31.49,65.7723346096214,0
1.06,2.818609,31.49,65.7723346096214,0
-6.51,2.819888,31.51,65.4446330878247,0
3.13,2.821167,31.51,65.7723346096214,0
-4.87,2.818609,31.51,65.7723346096214,0
4.0,2.821167,31.51,65.7723346096214,0
-1.24,2.821167,31.51,66.06814663663572,0
5.47,2.821167,31.51,65.7723346096214,0
5.81,2.822447,31.51,65.4446330878247,0
-8.36,2.823726,31.51,65.7419196555744,0
12.14,2.81733,31.53,65.7419196555744,0
-4.37,2.818609,31.53,65.7419196555744,0
-4.51,2.821167,31.53,66.06814663663572,0
-7.35,2.814771,31.53,66.06814663663572,0
10.54,2.821167,31.51,65.1766829472013,0
1.18,2.81733,31.51,64.28841264178172,0
5.54,2.819888,31.51,65.49045732013177,0
0.44,2.816051,31.51,65.49045732013177,0
-0.24,2.818609,31.55,65.49045732013177,0
8.33,2.819888,31.55,64.60650122085238,0
-5.79,2.816051,31.55,65.1766829472013,0
4.55,2.81733,31.55,65.49045732013177,0
-10.22,2.812213,31.49,65.49045732013177,0
6.93,2.81733,31.49,65.49045732013177,0
-0.6,2.800699,31.49,65.16133823057964,0
0.73,2.812213,31.49,65.16133823057964,0
5.64,2.810933,31.51,65.49045732013177,0
-1.9,2.81733,31.51,65.16133823057964,0
-1.46,2.814771,31.51,65.16133823057964,0
5.04,2.810933,31.51,65.16133823057964,0
-4.12,2.813492,31.49,66.05300901548695,0
-10.58,2.813492,31.49,65.16133823057964,0
3.9,2.813492,31.49,66.05300901548695,0
-0.33,2.808375,31.49,64.8459713474939,0
-6.55,2.816051,31.53,65.16133823057964,0
0.63,2.809654,31.53,65.16133823057964,0
3.07,2.814771,31.53,65.16133823057964,0
-1.49,2.812213,31.53,65.16133823057964,0
-6.76,2.810933,31.49,65.16133823057964,0
2.91,2.816051,31.49,66.05300901548695,0
-0.18,2.813492,31.49,65.16133823057964,0
-2.98,2.813492,31.49,65.16133823057964,0
-1.04,2.810933,31.51,66.05300901548695,0
1.27,2.816051,31.51,66.05300901548695,0
-0.99,2.807096,31.51,65.16133823057964,0
-5.88,2.812213,31.51,65.16133823057964,0
2.8,2.810933,31.51,65.16133823057964,0
2.28,2.812213,31.51,66.05300901548695,0
-4.46,2.812213,31.51,64.52906321960671,0
5.28,2.807096,31.51,65.42935121182236,0
0.54,2.812213,31.51,65.4446330878247,0
-5.22,2.812213,31.51,65.13063795173512,0
1.9,2.810933,31.51,65.4446330878247,0
2.12,2.810933,31.51,65.42935121182236,0
5.24,2.810933,31.51,65.13063795173512,0
1.12,2.807096,31.51,65.7419196555744,0
-14.7,2.809654,31.51,65.4446330878247,0
-6.78,2.808375,31.51,65.42935121182236,0
7.38,2.805816,31.51,64.8459713474939,0
-4.9,2.812213,31.51,65.7419196555744,0
9.24,2.805816,31.51,64.5445582524197,0
-2.16,2.807096,31.51,65.7723346096214,0
-14.15,2.808375,31.53,65.49045732013177,0
11.82,2.807096,31.53,65.49045732013177,0
7.64,2.808375,31.53,65.7723346096214,0
7.04,2.807096,31.53,65.4446330878247,0
6.44,2.803258,31.51,66.06814663663572,0
-18.17,2.804537,31.51,65.7723346096214,0
3.82,2.807096,31.51,65.7723346096214,0
-4.11,2.79942,31.51,65.7723346096214,0
11.31,2.807096,31.51,64.5445582524197,0
6.98,2.807096,31.51,66.06814663663572,0
-8.28,2.808375,31.51,65.7419196555744,0
5.12,2.807096,31.51,65.7419196555744,0
-5.99,2.804537,31.49,65.7419196555744,0
5.81,2.808375,31.49,65.7419196555744,0
9.45,2.803258,31.49,64.8459713474939,0
-9.13,2.800699,31.49,64.8459713474939,0
6.39,2.805816,31.51,66.05300901548695,0
-1.14,2.807096,31.51,66.05300901548695,0
-3.08,2.805816,31.51,66.05300901548695,0
8.69,2.804537,31.51,66.05300901548695,0
-5.35,2.804537,31.51,66.05300901548695,0
1.48,2.804537,31.51,66.05300901548695,0
2.28,2.807096,31.51,65.16133823057964,0
-4.11,2.804537,31.51,66.05300901548695,0
1.65,2.805816,31.51,65.16133823057964,0
4.69,2.804537,31.51,66.05300901548695,0
-2.38,2.798141,31.51,65.7419196555744,0
-5.31,2.803258,31.51,65.7419196555744,0
4.86,2.800699,31.49,65.7419196555744,0
-0.51,2.800699,31.49,65.7419196555744,0
-8.76,2.796862,31.49,65.42935121182236,0
11.99,2.79942,31.49,65.7419196555744,0
3.54,2.798141,31.51,65.7419196555744,0
-10.84,2.803258,31.51,65.7419196555744,0
-2.01,2.794303,31.51,65.7419196555744,0
4.93,2.800699,31.51,65.7419196555744,0
1.63,2.79942,31.49,65.7419196555744,0
-12.57,2.794303,31.49,65.7419196555744,0
2.66,2.79942,31.49,65.7419196555744,0
7.6,2.795583,31.49,65.7419196555744,0
-2.75,2.798141,31.51,65.4446330878247,0
-2.62,2.798141,31.51,65.7419196555744,0
4.91,2.784069,31.51,65.7419196555744,0
2.88,2.786628,31.51,65.7419196555744,0
-6.08,2.795583,31.51,65.7419196555744,0
1.09,2.796862,31.51,65.7419196555744,0
3.08,2.795583,31.51,65.42935121182236,0
-5.42,2.795583,31.51,65.7419196555744,0
0.96,2.791745,31.49,65.4446330878247,0
-7.93,2.795583,31.49,65.4446330878247,0
4.0,2.790465,31.49,65.4446330878247,0
1.53,2.795583,31.49,64.8459713474939,0
-10.25,2.785348,31.51,65.7419196555744,0
6.82,2.795583,31.51,65.4446330878247,0
3.4,2.795583,31.51,65.1766829472013,0
0.41,2.794303,31.51,65.1766829472013,0
2.07,2.795583,31.51,66.06814663663572,0
-6.68,2.791745,31.51,65.1766829472013,0
11.69,2.794303,31.51,65.1766829472013,0
2.1,2.787907,31.51,65.49045732013177,0
0.93,2.793024,31.51,66.06814663663572,0
5.54,2.793024,31.51,65.1766829472013,0
-9.49,2.790465,31.51,66.06814663663572,0
5.46,2.793024,31.51,66.37770710110436,0
-2.65,2.791745,31.51,66.37770710110436,0
7.89,2.794303,31.51,64.8459713474939,0
8.66,2.787907,31.51,65.7419196555744,0
-4.6,2.793024,31.51,65.7419196555744,0
8.68,2.791745,31.51,65.4446330878247,0
7.41,2.793024,31.51,65.7419196555744,0
-7.1,2.789186,31.51,65.7419196555744,0
-12.54,2.793024,31.51,65.7419196555744,0
9.4,2.790465,31.51,65.7419196555744,0
3.66,2.786628,31.51,65.42935121182236,0
-7.2,2.790465,31.51,65.42935121182236,0
3.52,2.787907,31.51,65.13063795173512,0
8.44,2.791745,31.49,64.52906321960671,0
-0.26,2.790465,31.49,65.42935121182236,0
-8.73,2.791745,31.49,65.4446330878247,0
6.02,2.790465,31.49,65.7419196555744,0
3.26,2.789186,31.49,65.4446330878247,0
-4.03,2.785348,31.49,65.52098900352466,0
-7.59,2.786628,31.49,65.7723346096214,0
-0.21,2.787907,31.49,66.06814663663572,0
1.72,2.785348,31.51,65.7723346096214,0
-1.31,2.791745,31.51,65.7723346096214,0
-5.12,2.786628,31.51,65.7723346096214,0
-9.17,2.787907,31.51,64.87680633323437,0
-1.53,2.789186,31.51,64.87680633323437,0
-1.68,2.794303,31.51,64.87680633323437,0
2.92,2.790465,31.51,65.1766829472013,0
-1.73,2.790465,31.51,65.7723346096214,0
-0.49,2.784069,31.51,65.7723346096214,0
0.65,2.787907,31.51,64.5445582524197,0
-0.08,2.786628,31.51,65.7419196555744,0
4.11,2.784069,31.51,66.05300901548695,0
-7.38,2.785348,31.49,65.7419196555744,0
-4.87,2.78279,31.49,64.87680633323437,0
-7.04,2.785348,31.49,65.1766829472013,0
4.69,2.784069,31.49,64.87680633323437,0
-1.45,2.786628,31.51,65.7723346096214,0
4.61,2.786628,31.51,66.06814663663572,0
-1.25,2.785348,31.51,65.1766829472013,0
-4.21,2.781511,31.51,63.984373092185564,0
5.31,2.785348,31.49,65.52098900352466,0
-4.11,2.784069,31.49,66.40783086353596,0
7.92,2.780231,31.49,65.52098900352466,0
0.36,2.78279,31.49,65.83312236253116,0
10.37,2.771277,31.51,64.63745044476924,0
0.84,2.786628,31.51,65.1766829472013,0
7.24,2.773835,31.51,65.49045732013177,0
9.65,2.784069,31.51,66.06814663663572,0
-10.07,2.781511,31.51,65.1766829472013,0
6.32,2.78279,31.51,65.49045732013177,0
0.13,2.777673,31.51,65.7419196555744,0
-3.76,2.780231,31.51,66.05300901548695,0
3.33,2.780231,31.51,66.05300901548695,0
0.56,2.777673,31.51,66.05300901548695,0
-5.67,2.778952,31.51,66.05300901548695,0
3.24,2.777673,31.51,65.42935121182236,0
4.55,2.778952,31.49,65.42935121182236,0
-2.27,2.778952,31.49,65.42935121182236,0
0.14,2.763601,31.49,65.7419196555744,0
-2.77,2.775115,31.49,65.7419196555744,0
-3.81,2.776394,31.49,65.7419196555744,0
-8.46,2.772556,31.49,65.7419196555744,0
-4.04,2.773835,31.49,65.7419196555744,0
2.13,2.775115,31.49,65.7419196555744,0
-1.1,2.775115,31.51,65.7419196555744,0
0.43,2.778952,31.51,65.4446330878247,0
3.16,2.775115,31.51,65.7419196555744,0
-1.54,2.775115,31.51,65.7419196555744,0
-3.71,2.776394,31.51,64.8459713474939,0
-1.15,2.778952,31.51,65.4446330878247,0
-1.04,2.777673,31.51,65.7419196555744,0
-2.56,2.776394,31.51,65.7419196555744,0
-0.11,2.772556,31.49,65.7419196555744,0
-4.58,2.772556,31.49,65.7419196555744,0
2.19,2.773835,31.49,66.05300901548695,0
-0.24,2.771277,31.49,66.05300901548695,0
2.31,2.777673,31.51,66.37770710110436,0
-1.68,2.772556,31.51,66.06814663663572,0
-8.47,2.772556,31.51,65.1766829472013,0
5.11,2.76488,31.51,64.87680633323437,0
1.04,2.775115,31.53,65.1766829472013,0
1.79,2.776394,31.53,65.52098900352466,0
2.0,2.775115,31.53,65.52098900352466,0
-4.8,2.771277,31.53,65.83312236253116,0
3.18,2.775115,31.49,65.1766829472013,0
-0.64,2.769997,31.49,65.83312236253116,0
7.51,2.769997,31.49,65.1766829472013,0
3.53,2.773835,31.49,65.1766829472013,0
-0.62,2.769997,31.51,65.1766829472013,0
6.08,2.776394,31.51,66.06814663663572,0
-5.48,2.76616,31.51,65.1766829472013,0
13.27,2.773835,31.51,65.7419196555744,0
4.18,2.773835,31.51,64.8459713474939,0
-8.82,2.773835,31.51,65.7419196555744,0
7.76,2.769997,31.51,65.7419196555744,0
-0.97,2.772556,31.51,65.7419196555744,0
-7.18,2.772556,31.49,65.7419196555744,0
10.25,2.772556,31.49,65.42935121182236,0
-0.74,2.772556,31.49,66.05300901548695,0
-12.82,2.769997,31.49,65.7419196555744,0
8.98,2.772556,31.55,65.42935121182236,0
5.08,2.76488,31.55,65.42935121182236,0
-5.14,2.773835,31.55,65.7419196555744,0
1.54,2.772556,31.55,65.7419196555744,0
3.63,2.772556,31.53,65.7419196555744,0
-6.92,2.767439,31.53,65.7419196555744,0
-11.57,2.768718,31.53,66.06814663663572,0
-0.26,2.769997,31.53,65.7419196555744,0
-2.41,2.768718,31.47,65.7419196555744,0
-5.53,2.773835,31.47,65.7419196555744,0
1.81,2.767439,31.47,65.7419196555744,0
1.28,2.771277,31.47,65.7419196555744,0
-2.82,2.768718,31.51,65.7419196555744,0
0.9,2.768718,31.51,65.7419196555744,0
3.44,2.768718,31.51,65.7419196555744,0
-3.24,2.768718,31.51,65.7419196555744,0
0.91,2.76616,31.51,65.7419196555744,0
-0.89,2.76616,31.51,65.7419196555744,0
-10.91,2.767439,31.51,65.7419196555744,0
0.74,2.76616,31.51,65.7419196555744,0
1.4,2.767439,31.49,65.42935121182236,0
1.28,2.767439,31.49,65.42935121182236,0
4.07,2.762322,31.49,65.7419196555744,0
-7.39,2.76616,31.49,65.7419196555744,0
0.07,2.76616,31.51,64.5445582524197,0
-7.73,2.767439,31.51,64.87680633323437,0
3.56,2.763601,31.51,66.37770710110436,0
1.37,2.762322,31.51,65.49045732013177,0
1.64,2.763601,31.49,66.37770710110436,0
2.49,2.768718,31.49,65.49045732013177,0
-5.72,2.758484,31.49,65.83312236253116,0
9.73,2.76616,31.49,66.71581521648372,0
-3.05,2.76616,31.53,65.52098900352466,0
11.11,2.76488,31.53,65.1766829472013,0
3.37,2.76488,31.53,65.22269543648132,0
2.13,2.762322,31.53,65.1766829472013,0
5.53,2.76488,31.49,65.7723346096214,0
-10.48,2.762322,31.49,64.87680633323437,0
8.19,2.74825,31.49,64.87680633323437,0
4.42,2.758484,31.49,64.87680633323437,0
-6.17,2.758484,31.51,64.87680633323437,0
12.07,2.763601,31.51,65.7419196555744,0
1.68,2.762322,31.51,64.8459713474939,0
-7.07,2.761043,31.51,66.05300901548695,0
11.84,2.758484,31.51,65.16133823057964,0
1.92,2.761043,31.51,66.05300901548695,0
-7.55,2.762322,31.51,65.7419196555744,0
7.58,2.762322,31.51,65.16133823057964,0
4.97,2.761043,31.51,65.7419196555744,0
-1.36,2.755926,31.51,64.8459713474939,0
-11.6,2.762322,31.51,66.06814663663572,0
-6.51,2.761043,31.51,65.1766829472013,0
4.86,2.762322,31.51,66.06814663663572,0
0.46,2.761043,31.51,65.1766829472013,0
-7.95,2.762322,31.51,66.06814663663572,0
-3.28,2.759763,31.51,65.1766829472013,0
2.04,2.762322,31.51,66.06814663663572,0
-3.91,2.761043,31.51,66.06814663663572,0
-2.5,2.762322,31.51,66.06814663663572,0
1.29,2.762322,31.51,65.7723346096214,0
-5.34,2.758484,31.51,65.1766829472013,0
-4.83,2.76616,31.51,66.06814663663572,0
-0.12,2.761043,31.51,65.1766829472013,0
-0.59,2.763601,31.51,66.06814663663572,0
-0.1,2.758484,31.51,65.1766829472013,0
0.96,2.76488,31.51,66.06814663663572,0
-2.31,2.759763,31.51,66.06814663663572,0
1.15,2.763601,31.51,66.11353870426238,0
0.54,2.76488,31.51,65.22269543648132,0
0.36,2.758484,31.51,65.1766829472013,0
6.51,2.761043,31.51,65.49045732013177,0
8.84,2.761043,31.51,65.1766829472013,0
6.52,2.767439,31.53,66.11353870426238,0
-14.77,2.768718,31.53,64.87680633323437,0
-3.78,2.776394,31.53,65.1766829472013,0
7.95,2.772556,31.53,64.59102104782058,0
-7.74,2.775115,31.51,65.49045732013177,0
0.6,2.776394,31.51,65.81793068761733,0
-6.09,2.778952,31.51,65.49045732013177,0
9.31,2.784069,31.51,65.1766829472013,0
-16.63,2.78279,31.51,65.87867636800242,0
6.52,2.780231,31.51,65.7723346096214,0
18.55,2.775115,31.51,65.22269543648132,0
5.49,2.777673,31.51,65.52098900352466,0
8.11,2.769997,31.51,65.16133823057964,0
-10.26,2.777673,31.51,65.7723346096214,0
-4.56,2.771277,31.51,66.11353870426238,0
-0.87,2.771277,31.51,65.1766829472013,0
-3.7,2.771277,31.51,65.52098900352466,0
-6.71,2.776394,31.51,65.1766829472013,0
-4.31,2.773835,31.51,65.1766829472013,0
4.43,2.773835,31.51,65.7723346096214,0
8.6,2.772556,31.53,65.1766829472013,0
16.11,2.76616,31.53,64.87680633323437,0
-8.5,2.771277,31.53,65.22269543648132,0
-2.25,2.767439,31.53,65.52098900352466,0
-5.59,2.771277,31.51,65.52098900352466,0
-4.76,2.767439,31.51,65.1766829472013,0
2.31,2.771277,31.51,64.87680633323437,0
-3.06,2.771277,31.51,65.52098900352466,0
-4.15,2.767439,31.51,66.40783086353596,0
-0.51,2.771277,31.51,67.60177512462228,0
-6.5,2.768718,31.51,49.02040391510457,0
2.31,2.769997,31.51,59.00847396772772,0
2.62,2.753367,31.51,83.28865468957942,0
6.49,2.777673,31.51,54.31390245600108,0
37.2,2.772556,31.51,82.75868534480233,0
17.23,2.789186,31.51,66.11353870426238,0
20.43,2.784069,31.53,68.71681017043792,0
80.25,2.787907,31.53,75.51158851461145,0
-101.85,2.785348,31.53,61.30252849597641,0
16.17,2.784069,31.53,71.56814934033156,0
-59.22,2.787907,31.51,61.69278726074872,0
-97.09,2.789186,31.51,64.5600495662759,0
2.98,2.789186,31.51,76.26925986267338,0
26.33,2.778952,31.51,69.14477565225012,0
0.39,2.787907,31.53,76.9285382676676,0
6.17,2.777673,31.53,49.39635614091387,0
-15.76,2.709873,31.53,63.26136261573884,0
-37.73,2.74825,31.53,67.02238432046416,0
35.6,2.777673,31.55,75.39893898457723,0
116.02,2.777673,31.55,63.150613615387776,0
-12.29,2.778952,31.55,61.78996682310163,0
90.53,2.787907,31.55,63.48228099241551,0
-18.7,2.780231,31.51,68.01470429252781,0
-80.68,2.780231,31.51,69.05794668247819,0
-1.34,2.736737,31.51,67.59437846448475,0
-162.38,2.735458,31.51,68.51277253184256,0
-14.61,2.729061,31.53,58.70264048575669,0
-47.01,2.73162,31.53,65.0384501660364,0
-28.45,2.734178,31.53,63.13477647065839,0
-25.89,2.726503,31.53,69.1158447825099,0
115.2,2.73162,31.51,62.10475022089695,0
110.99,2.732899,31.51,63.079315151640635,0
145.15,2.743133,31.51,63.56099432828282,0
-138.76,2.809654,31.51,63.608175575157006,0
-120.24,2.822447,31.51,64.10928169929842,0
-50.79,2.816051,31.51,78.94935085230277,0
163.37,2.818609,31.51,53.018864567246254,0
-14.11,2.773835,31.51,57.56735185849702,0
-91.08,2.810933,31.53,69.53416426476987,0
36.07,2.776394,31.53,64.03124237432849,0
37.52,2.761043,31.53,65.12296062065974,0
165.18,2.767439,31.53,62.94441992742486,0
-50.48,2.768718,31.51,64.38167441127949,0
-79.75,2.76616,31.51,63.686733312362634,0
-45.73,2.762322,31.51,63.66317616958802,0
-185.22,2.76616,31.51,62.976185975335156,0
41.47,2.755926,31.53,64.35837163881635,0
48.6,2.76488,31.53,64.41273166075166,0
36.81,2.759763,31.53,63.66317616958802,0
13.04,2.761043,31.53,64.389440128021,0
15.93,2.759763,31.51,63.647466563878254,0
5.21,2.759763,31.51,63.13477647065839,0
12.2,2.759763,31.51,63.03967004989794,0
14.87,2.758484,31.51,63.733821476512766,0
39.81,2.759763,31.51,63.788713735268246,0
-17.2,2.755926,31.51,63.92182725798755,0
-36.49,2.762322,31.51,63.92182725798755,0
-25.3,2.754646,31.51,64.56779382943171,0
-26.85,2.758484,31.53,63.92182725798755,0
-3.17,2.757205,31.53,64.56779382943171,0
4.84,2.757205,31.53,63.92182725798755,0
26.41,2.755926,31.53,63.92182725798755,0
7.95,2.755926,31.55,63.92182725798755,0
18.69,2.755926,31.55,63.92182725798755,0
14.41,2.752088,31.55,63.92182725798755,0
0.91,2.753367,31.55,63.15853069855251,0
11.69,2.749529,31.53,63.15853069855251,0
-6.09,2.755926,31.53,63.812224534175265,0
10.36,2.746971,31.53,64.56779382943171,0
2.61,2.750809,31.53,63.92182725798755,0
-0.3,2.749529,31.53,63.92182725798755,0
-0.18,2.749529,31.53,63.92182725798755,0
-7.76,2.74825,31.53,63.92182725798755,0
7.48,2.745692,31.53,63.92182725798755,0
-0.35,2.750809,31.51,63.812224534175265,0
-6.31,2.745692,31.51,63.812224534175265,0
2.18,2.74825,31.51,63.812224534175265,0
-3.36,2.757205,31.51,63.15853069855251,0
4.08,2.762322,31.55,63.812224534175265,0
2.61,2.758484,31.55,63.812224534175265,0
-9.9,2.763601,31.55,63.812224534175265,0
6.29,2.762322,31.55,63.812224534175265,0
2.45,2.758484,31.51,63.812224534175265,0
-12.12,2.76488,31.51,63.812224534175265,0
2.8,2.759763,31.51,63.812224534175265,0
-4.44,2.762322,31.51,63.812224534175265,0
2.92,2.762322,31.51,63.812224534175265,0
2.47,2.761043,31.51,63.812224534175265,0
-15.32,2.76488,31.51,63.812224534175265,0
6.92,2.769997,31.51,63.812224534175265,0
-1.84,2.768718,31.53,63.812224534175265,0
-4.85,2.772556,31.53,63.812224534175265,0
7.76,2.773835,31.53,63.812224534175265,0
-9.65,2.768718,31.53,64.56779382943171,0
7.68,2.769997,31.53,63.15853069855251,0
20.83,2.768718,31.53,64.56779382943171,0
-5.54,2.750809,31.53,63.92182725798755,0
12.99,2.762322,31.53,63.15853069855251,0
13.78,2.762322,31.51,63.92182725798755,0
-15.05,2.76488,31.51,63.812224534175265,0
10.33,2.762322,31.51,63.92182725798755,0
12.35,2.761043,31.51,63.812224534175265,0
-14.18,2.762322,31.51,63.92182725798755,0
11.99,2.76488,31.51,63.812224534175265,0
11.6,2.762322,31.51,63.812224534175265,0
-16.59,2.761043,31.51,63.15853069855251,0
12.74,2.759763,31.51,63.812224534175265,0
11.16,2.757205,31.51,63.812224534175265,0
-16.94,2.759763,31.51,63.812224534175265,0
10.81,2.754646,31.51,63.15853069855251,0
0.95,2.758484,31.51,64.56779382943171,0
-20.53,2.755926,31.51,63.15853069855251,0
8.78,2.752088,31.51,63.812224534175265,0
3.55,2.755926,31.51,63.92182725798755,0
-4.25,2.750809,31.51,63.812224534175265,0
8.22,2.759763,31.51,63.812224534175265,0
-12.71,2.752088,31.51,63.85138996137829,0
7.81,2.754646,31.51,64.56779382943171,0
-0.67,2.753367,31.51,63.15853069855251,0
-17.69,2.752088,31.51,63.92182725798755,0
10.97,2.752088,31.51,64.56779382943171,0
-1.75,2.754646,31.51,63.15853069855251,0
-0.51,2.754646,31.53,63.92182725798755,0
9.26,2.750809,31.53,63.92182725798755,0
-10.73,2.757205,31.53,63.92182725798755,0
3.79,2.754646,31.53,63.92182725798755,0
8.63,2.758484,31.53,63.92182725798755,0
-6.01,2.758484,31.53,63.92182725798755,0
-0.9,2.761043,31.53,64.56779382943171,0
10.14,2.761043,31.53,63.812224534175265,0
-4.42,2.759763,31.51,64.56779382943171,0
-7.56,2.761043,31.51,63.812224534175265,0
11.34,2.758484,31.51,63.15853069855251,0
-0.18,2.762322,31.51,63.15853069855251,0
-16.63,2.758484,31.51,64.56779382943171,0
9.71,2.768718,31.51,63.92182725798755,0
3.32,2.762322,31.51,63.92182725798755,0
-14.95,2.767439,31.51,63.198101237299845,0
9.46,2.76616,31.55,63.92182725798755,0
4.18,2.768718,31.55,63.92182725798755,0
-18.42,2.767439,31.55,63.92182725798755,0
10.92,2.76616,31.55,63.92182725798755,0
5.42,2.76488,31.53,64.56779382943171,0
-17.59,2.763601,31.53,63.92182725798755,0
12.95,2.763601,31.53,63.812224534175265,0
-6.99,2.755926,31.53,63.92182725798755,0
-22.06,2.761043,31.53,63.15853069855251,0
13.94,2.758484,31.53,63.92182725798755,0
3.29,2.754646,31.53,63.15853069855251,0
-5.96,2.757205,31.53,63.15853069855251,0
6.73,2.755926,31.53,63.812224534175265,0
-6.3,2.758484,31.53,63.812224534175265,0
-1.39,2.754646,31.53,63.92182725798755,0
4.73,2.755926,31.53,63.15853069855251,0
-11.41,2.752088,31.53,63.812224534175265,0
4.98,2.758484,31.53,63.812224534175265,0
8.24,2.743133,31.53,63.92182725798755,0
-3.82,2.754646,31.53,63.92182725798755,0
2.11,2.752088,31.53,63.92182725798755,0
2.42,2.752088,31.53,63.15853069855251,0
-12.26,2.752088,31.53,63.812224534175265,0
6.31,2.74825,31.53,63.92182725798755,0
3.09,2.749529,31.53,63.96092557178953,0
-11.29,2.74825,31.53,63.812224534175265,0
5.43,2.74825,31.53,63.92182725798755,0
2.13,2.746971,31.53,63.812224534175265,0
-10.03,2.746971,31.53,63.812224534175265,0
3.77,2.743133,31.53,63.92182725798755,0
-3.1,2.746971,31.53,63.15853069855251,0
-7.93,2.744412,31.53,63.812224534175265,0
8.18,2.744412,31.53,63.92182725798755,0
-3.36,2.745692,31.53,63.92182725798755,0
-0.07,2.743133,31.53,65.3299318842443,0
4.01,2.745692,31.53,63.92182725798755,0
-9.4,2.743133,31.53,63.92182725798755,0
14.46,2.746971,31.53,63.15853069855251,0
6.49,2.732899,31.53,63.92182725798755,0
-26.77,2.740575,31.53,63.812224534175265,0
2.58,2.738016,31.53,63.92182725798755,0
7.62,2.739295,31.53,64.60650122085238,0
-11.14,2.741854,31.53,63.15853069855251,0
15.78,2.739295,31.53,63.92182725798755,0
6.57,2.744412,31.55,63.15853069855251,0
-16.17,2.744412,31.55,63.15853069855251,0
5.95,2.745692,31.55,63.92182725798755,0
5.27,2.746971,31.55,63.92182725798755,0
-5.95,2.74825,31.53,63.92182725798755,0
9.81,2.752088,31.53,63.92182725798755,0
-5.11,2.74825,31.53,63.92182725798755,0
3.6,2.749529,31.53,63.15853069855251,0
3.96,2.749529,31.53,63.92182725798755,0
-16.36,2.752088,31.53,63.92182725798755,0
6.09,2.749529,31.53,63.15853069855251,0
5.32,2.746971,31.53,63.92182725798755,0
-10.39,2.74825,31.53,63.92182725798755,0
4.1,2.74825,31.53,63.812224534175265,0
3.52,2.746971,31.53,61.106464469808756,0
-7.04,2.746971,31.53,63.96092557178953,0
5.67,2.746971,31.55,63.92182725798755,0
-7.14,2.744412,31.55,63.96092557178953,0
-2.91,2.744412,31.55,63.92182725798755,0
10.62,2.749529,31.55,63.92182725798755,0
0.51,2.750809,31.55,63.92182725798755,0
9.05,2.755926,31.55,64.56779382943171,0
6.08,2.753367,31.55,63.92182725798755,0
-15.21,2.753367,31.55,63.92182725798755,0
9.69,2.750809,31.55,63.92182725798755,0
7.93,2.755926,31.55,63.92182725798755,0
-12.24,2.754646,31.55,63.92182725798755,0
1.72,2.752088,31.55,62.55397669213365,0
6.5,2.749529,31.55,64.06246951218786,0
-9.25,2.743133,31.55,63.92182725798755,0
5.75,2.749529,31.55,63.96092557178953,0
8.58,2.741854,31.55,63.96092557178953,0
-9.54,2.746971,31.55,63.92182725798755,0
4.6,2.743133,31.55,64.5445582524197,0
-2.13,2.775115,31.55,64.06246951218786,0
-4.26,2.768718,31.55,62.83311228962003,0
50.31,2.773835,31.57,63.28506932918696,0
175.83,2.772556,31.57,63.92182725798755,0
81.45,2.771277,31.57,63.92182725798755,0
-476.9,2.771277,31.57,63.92182725798755,0
-107.06,2.762322,31.53,63.28506932918696,0
21.7,2.772556,31.53,63.92182725798755,0
35.93,2.76488,31.53,63.92182725798755,0
14.6,2.762322,31.53,63.92182725798755,0
10.45,2.761043,31.55,63.92182725798755,0
13.76,2.761043,31.55,63.92182725798755,0
0.26,2.761043,31.55,63.92182725798755,0
12.22,2.757205,31.55,63.15853069855251,0
21.14,2.759763,31.57,63.92182725798755,0
-6.3,2.759763,31.57,64.56779382943171,0
9.3,2.759763,31.57,63.15853069855251,0
8.42,2.76488,31.57,69.82120021884471,0
-9.18,2.790465,31.55,60.54750201288241,0
35.79,2.795583,31.55,54.0740233383831,0
102.93,2.78279,31.55,65.26101439603893,0
165.75,2.784069,31.55,62.30569797378086,0
-17.24,2.786628,31.55,65.12296062065974,0
-231.26,2.791745,31.55,64.07807737440318,0
-59.57,2.755926,31.55,65.82552696332935,0
-51.51,2.743133,31.55,63.198101237299845,0
-76.94,2.772556,31.55,63.14269553954757,0
-22.18,2.786628,31.55,63.14269553954757,0
60.1,2.789186,31.55,63.14269553954757,0
26.26,2.795583,31.55,63.14269553954757,0
14.98,2.794303,31.53,63.57672530100933,0
24.15,2.791745,31.53,63.14269553954757,0
1.06,2.787907,31.53,63.14269553954757,0
5.68,2.790465,31.53,63.57672530100933,0
15.92,2.786628,31.55,65.91661399070799,0
-3.66,2.790465,31.55,63.14269553954757,0
12.83,2.790465,31.55,63.14269553954757,0
7.88,2.789186,31.55,63.198101237299845,0
-22.26,2.789186,31.53,63.14269553954757,0
23.55,2.785348,31.53,63.14269553954757,0
2.58,2.772556,31.53,63.57672530100933,0
-3.62,2.777673,31.53,63.57672530100933,0
14.52,2.781511,31.55,63.14269553954757,0
-0.29,2.778952,31.55,64.59876159803684,0
-0.66,2.781511,31.55,63.198101237299845,0
11.59,2.780231,31.55,63.14269553954757,0
-6.86,2.780231,31.55,63.14269553954757,0
1.25,2.78279,31.55,63.14269553954757,0
15.01,2.776394,31.55,63.57672530100933,0
-3.38,2.781511,31.55,63.14269553954757,0
0.09,2.771277,31.57,63.631753079732135,0
9.95,2.780231,31.57,63.631753079732135,0
-7.1,2.776394,31.57,62.68173577685928,0
5.55,2.776394,31.57,63.198101237299845,0
7.72,2.777673,31.55,63.57672530100933,0
-7.88,2.775115,31.55,63.57672530100933,0
3.38,2.778952,31.55,63.631753079732135,0
3.54,2.775115,31.55,63.631753079732135,0
-7.08,2.777673,31.57,63.198101237299845,0
2.14,2.775115,31.57,62.297672508690084,0
2.36,2.773835,31.57,63.631753079732135,0
-13.31,2.769997,31.57,63.631753079732135,0
6.91,2.769997,31.57,63.198101237299845,0
-0.24,2.775115,31.57,64.64518543557594,0
-4.19,2.778952,31.57,64.42049363362563,0
7.17,2.762322,31.57,65.4217089351845,0
8.09,2.708593,31.55,66.4304147209695,0
70.19,2.71499,31.55,56.36488268416781,0
-132.83,2.69708,31.55,71.8679344353238,0
-283.21,2.679171,31.55,61.69278726074872,0
122.56,2.754646,31.59,56.824290580701486,0
299.57,2.76488,31.59,62.93647591023825,0
-80.12,2.801979,31.59,63.41135544995076,0
-69.93,2.804537,31.59,63.31666447310692,0
5.88,2.81733,31.55,62.27358990776106,0
161.75,2.819888,31.55,62.72160712226688,0
67.56,2.81733,31.55,61.7980582219215,0
-120.64,2.814771,31.55,62.63385665915839,0
-136.47,2.809654,31.57,62.63385665915839,0
-112.8,2.814771,31.57,61.97580172938467,0
42.61,2.813492,31.57,62.42595614005443,0
55.21,2.813492,31.57,62.42595614005443,0
2.99,2.812213,31.57,62.42595614005443,0
-6.6,2.805816,31.57,62.42595614005443,0
5.87,2.808375,31.57,62.63385665915839,0
-3.05,2.803258,31.57,62.433965115151864,0
0.75,2.801979,31.57,61.75759062657804,0
4.83,2.800699,31.57,62.00806399170998,0
3.46,2.804537,31.57,61.97580172938467,0
4.89,2.796862,31.57,61.35144660071187,0
-8.41,2.800699,31.59,61.7980582219215,0
0.06,2.800699,31.59,62.20932405998316,0
-0.58,2.796862,31.59,62.20932405998316,0
-17.27,2.798141,31.59,62.89674077406555,0
-17.62,2.793024,31.57,62.01612693485461,0
5.47,2.796862,31.57,62.24949798994366,0
-0.9,2.790465,31.57,62.24949798994366,0
2.94,2.793024,31.57,62.01612693485461,0
3.74,2.791745,31.57,62.42595614005443,0
-12.34,2.791745,31.57,62.01612693485461,0
3.41,2.791745,31.57,62.65780079128216,0
9.16,2.791745,31.57,62.42595614005443,0
-4.73,2.791745,31.57,62.20932405998316,0
-0.04,2.790465,31.57,62.42595614005443,0
4.6,2.790465,31.57,62.63385665915839,0
-4.56,2.781511,31.57,63.13477647065839,0
4.67,2.786628,31.59,61.95159400693416,0
5.2,2.787907,31.59,62.82515419798029,0
-2.12,2.786628,31.59,62.976185975335156,0
14.4,2.78279,31.59,62.369864518050704,0
-27.05,2.780231,31.57,62.68971207462992,0
-9.38,2.785348,31.57,62.25752966509352,0
0.93,2.780231,31.57,75.19308478842984,0
4.37,2.784069,31.57,43.22036556994862,0
3.28,2.79942,31.57,80.47359815492284,0
3.89,2.772556,31.57,68.01470429252781,0
-18.67,2.76488,31.57,58.81326381013045,0
87.86,2.758484,31.57,67.83804242458652,0
-9.89,2.759763,31.57,73.45747068882783,0
4.68,2.757205,31.57,66.70832032063167,0
-142.04,2.767439,31.57,64.8382603097893,0
60.05,2.950372,31.57,68.57113095173507,0
-25.49,2.964444,31.59,61.97580172938467,0
-26.54,2.874896,31.59,63.686733312362634,0
87.57,2.836519,31.59,75.90783885739337,0
-67.51,2.74825,31.59,78.20485918406861,0
-59.75,2.727782,31.55,61.5223536610881,0
103.28,2.679171,31.55,66.17401302626281,0
53.27,2.723944,31.55,66.4304147209695,0
65.04,2.743133,31.55,67.7421582177598,0
-145.29,2.773835,31.59,60.868711174132805,0
-62.79,2.768718,31.59,61.72519744804386,0
109.64,2.777673,31.59,65.89385403814228,0
90.23,2.778952,31.59,64.5832795698701,0
-13.11,2.778952,31.57,65.26867548832288,0
-68.73,2.781511,31.57,64.69157595854347,0
57.98,2.78279,31.57,65.33758489567853,0
50.69,2.775115,31.57,61.91930232165088,0
-13.56,2.827564,31.57,60.73713855624086,0
21.23,2.837798,31.57,61.97580172938467,0
7.79,2.882571,31.57,66.10597552415364,0
65.04,2.887689,31.57,69.26759704219572,0
15.09,2.888968,31.59,66.94027188471824,0
-62.4,2.895364,31.59,56.938563381947034,0
49.59,2.897923,31.59,71.26008700527947,0
15.63,2.915832,31.59,61.84658438426491,0
-96.73,2.945255,31.57,63.53739056650029,0
-65.15,2.911994,31.57,61.94352266379432,0
42.95,2.900481,31.57,63.0,0
-17.84,2.897923,31.57,62.465990746965666,0
-52.25,2.886409,31.59,63.28506932918696,0
-34.19,2.862103,31.59,64.91532946846992,0
16.24,2.85187,31.59,52.10566188045211,0
-36.82,2.859545,31.59,100.66280345788111,0
-86.5,2.863383,31.57,76.08547824650904,0
-59.81,2.858266,31.57,64.73020933072904,0
40.01,2.876175,31.57,63.984373092185564,0
-35.01,2.863383,31.57,65.37583651472461,0
-8.08,2.85059,31.59,65.55150646628954,0
11.41,2.883851,31.59,65.03076195155643,0
-18.26,2.891526,31.59,64.59102104782058,0
-6.84,2.890247,31.59,64.79197481170026,0
19.79,2.874896,31.57,64.7688196588451,0
-2.7,2.837798,31.57,65.7419196555744,0
9.26,2.837798,31.57,65.7419196555744,0
6.28,2.842915,31.57,65.00769185258002,0
8.86,2.842915,31.61,64.7688196588451,0
11.23,2.839077,31.61,65.03076195155643,0
-11.94,2.841635,31.61,67.00746227100382,0
17.35,2.878734,31.61,64.28841264178172,0
8.56,2.887689,31.59,64.21059102671458,0
15.98,2.878734,31.59,66.29479617586888,0
12.43,2.871058,31.59,67.80855403265875,0
-22.67,2.864662,31.59,66.51315659326356,0
-11.64,2.859545,31.61,58.80476171195663,0
-15.37,2.863383,31.61,53.55371135598354,0
37.38,2.83396,31.61,65.56675987114203,0
47.13,2.846752,31.61,65.6505902486794,0
-2.22,2.835239,31.57,63.40346993658943,0
83.25,2.836519,31.57,64.10148204214939,0
56.06,2.828843,31.57,63.48228099241551,0
-23.93,2.828843,31.57,63.48228099241551,0
26.88,2.825005,31.57,63.835726674018524,0
-46.25,2.825005,31.57,63.40346993658943,0
-28.23,2.822447,31.57,63.48228099241551,0
-16.52,2.821167,31.57,63.48228099241551,0
-12.05,2.821167,31.57,63.835726674018524,0
-0.04,2.819888,31.57,64.81512169239521,0
-10.51,2.819888,31.57,63.48228099241551,0
-9.33,2.81733,31.57,63.48228099241551,0
0.91,2.81733,31.57,64.10148204214939,0
-7.55,2.818609,31.57,63.48228099241551,0
-6.57,2.814771,31.57,63.48228099241551,0
2.54,2.810933,31.57,63.48228099241551,0
-6.08,2.810933,31.59,64.19501538281614,0
-4.65,2.809654,31.59,63.48228099241551,0
3.46,2.807096,31.59,64.19501538281614,0
-7.82,2.807096,31.59,64.19501538281614,0
-9.36,2.807096,31.59,63.85922016435841,0
8.7,2.805816,31.59,63.48228099241551,0
1.82,2.793024,31.59,63.14269553954757,0
-7.51,2.798141,31.59,63.85922016435841,0
7.01,2.79942,31.61,63.85922016435841,0
-3.45,2.796862,31.61,64.19501538281614,0
-8.53,2.795583,31.61,64.19501538281614,0
-0.85,2.79942,31.61,64.19501538281614,0
-4.66,2.796862,31.59,64.19501538281614,0
7.8,2.801979,31.59,63.85922016435841,0
14.5,2.795583,31.59,63.85922016435841,0
-5.06,2.79942,31.59,63.25345840347388,0
12.38,2.789186,31.59,63.85922016435841,0
8.11,2.796862,31.59,64.19501538281614,0
-21.38,2.795583,31.59,64.8074069840786,0
6.33,2.795583,31.59,64.19501538281614,0
-3.71,2.794303,31.61,64.19501538281614,0
5.77,2.790465,31.61,64.19501538281614,0
11.49,2.793024,31.61,64.19501538281614,0
-23.08,2.790465,31.61,64.08587988004847,0
10.85,2.795583,31.59,61.73329733620261,0
5.29,2.801979,31.59,63.198101237299845,0
-32.23,2.809654,31.59,64.10148204214939,0
-26.93,2.808375,31.59,63.079315151640635,0
-124.9,2.804537,31.57,63.788713735268246,0
-95.23,2.804537,31.57,65.27633568147036,0
133.17,2.801979,31.57,62.8728876384726,0
137.46,2.798141,31.57,63.118935352238,0
-7.31,2.793024,31.59,64.66065264130884,0
29.2,2.795583,31.59,45.98912915026767,0
8.86,2.794303,31.59,84.29709366283039,0
-50.26,2.800699,31.59,70.3846574190711,0
31.61,2.761043,31.57,58.73670062235365,0
6.77,2.789186,31.57,65.19202405202648,0
-27.8,2.795583,31.57,74.67261881037788,0
4.91,2.839077,31.57,102.88828893513586,0
116.9,2.878734,31.59,62.65780079128216,0
2.84,2.810933,31.59,62.8728876384726,0
-210.18,2.807096,31.59,57.07889277132134,0
267.38,2.818609,31.59,71.26008700527947,0
-318.83,2.827564,31.59,67.38694235532579,0
31.16,2.816051,31.59,63.56886030125127,0
150.85,2.81733,31.59,64.66065264130884,0
-37.7,2.813492,31.59,62.68173577685928,0
-245.71,2.814771,31.59,62.68173577685928,0
57.74,2.813492,31.59,63.773035054010094,0
7.36,2.814771,31.59,62.68173577685928,0
30.19,2.816051,31.59,62.68173577685928,0
7.54,2.814771,31.61,62.57795138864806,0
-3.15,2.81733,31.61,62.78534860936905,0
23.49,2.805816,31.61,63.773035054010094,0
-3.63,2.818609,31.61,63.671029518926424,0
7.38,2.81733,31.61,63.671029518926424,0
15.66,2.818609,31.61,62.57795138864806,0
-7.37,2.816051,31.61,62.68173577685928,0
16.17,2.812213,31.61,62.68173577685928,0
8.4,2.812213,31.59,62.68173577685928,0
-23.36,2.809654,31.59,63.671029518926424,0
13.39,2.808375,31.59,63.56886030125127,0
3.74,2.807096,31.59,63.773035054010094,0
-14.93,2.804537,31.59,63.56886030125127,0
4.38,2.79942,31.59,62.57795138864806,0
-2.81,2.79942,31.59,62.68173577685928,0
-9.14,2.79942,31.59,62.78534860936905,0
6.21,2.798141,31.59,62.68173577685928,0
-3.76,2.796862,31.59,63.56886030125127,0
-7.11,2.795583,31.59,62.57795138864806,0
7.39,2.795583,31.59,63.58458932791813,0
-2.76,2.795583,31.61,63.56886030125127,0
-10.04,2.791745,31.61,62.57795138864806,0
3.54,2.791745,31.61,62.57795138864806,0
-6.03,2.790465,31.61,63.56886030125127,0
-1.74,2.787907,31.59,63.56886030125127,0
7.18,2.790465,31.59,62.78534860936905,0
-6.4,2.786628,31.59,62.57795138864806,0
-5.63,2.787907,31.59,62.68173577685928,0
4.87,2.78279,31.61,62.57795138864806,0
-4.74,2.790465,31.61,62.68173577685928,0
2.68,2.78279,31.61,63.671029518926424,0
6.62,2.786628,31.61,62.68173577685928,0
-13.26,2.787907,31.59,62.57795138864806,0
6.99,2.786628,31.59,62.57795138864806,0
9.3,2.772556,31.59,62.57795138864806,0
-10.18,2.776394,31.59,62.68173577685928,0
5.28,2.78279,31.59,62.57795138864806,0
12.94,2.778952,31.59,63.56886030125127,0
-7.34,2.785348,31.59,63.48228099241551,0
-7.61,2.780231,31.59,62.57795138864806,0
11.86,2.780231,31.63,62.68173577685928,0
2.59,2.780231,31.63,62.57795138864806,0
-25.61,2.780231,31.63,62.57795138864806,0
12.31,2.781511,31.63,62.68173577685928,0
12.54,2.777673,31.61,63.671029518926424,0
-11.57,2.772556,31.61,62.68173577685928,0
-0.55,2.771277,31.61,63.56886030125127,0
14.97,2.778952,31.61,62.57795138864806,0
-0.71,2.772556,31.61,62.57795138864806,0
-17.92,2.777673,31.61,62.57795138864806,0
13.75,2.777673,31.61,62.68173577685928,0
4.92,2.777673,31.61,63.56886030125127,0
-25.97,2.778952,31.61,62.57795138864806,0
11.94,2.780231,31.61,62.57795138864806,0
12.39,2.785348,31.61,62.68173577685928,0
-14.52,2.780231,31.61,63.671029518926424,0
10.16,2.786628,31.61,62.57795138864806,0
12.77,2.778952,31.61,63.56886030125127,0
-11.84,2.780231,31.61,62.57795138864806,0
6.65,2.780231,31.61,63.671029518926424,0
10.7,2.778952,31.61,62.57795138864806,0
-2.94,2.780231,31.61,63.56886030125127,0
-8.36,2.776394,31.61,63.56886030125127,0
15.17,2.780231,31.61,62.57795138864806,0
3.51,2.775115,31.59,62.68173577685928,0
-28.1,2.781511,31.59,63.56886030125127,0
9.99,2.777673,31.59,63.56886030125127,0
24.59,2.776394,31.59,62.57795138864806,0
-4.17,2.772556,31.63,62.68173577685928,0
-26.47,2.772556,31.63,62.57795138864806,0
14.31,2.773835,31.63,62.68173577685928,0
10.71,2.772556,31.63,62.68173577685928,0
-8.86,2.773835,31.63,63.56886030125127,0
-7.71,2.776394,31.63,63.56886030125127,0
14.55,2.773835,31.63,62.78534860936905,0
5.57,2.773835,31.63,63.48228099241551,0
-20.17,2.773835,31.63,62.68173577685928,0
7.4,2.773835,31.63,63.56886030125127,0
13.8,2.769997,31.63,62.57795138864806,0
-1.38,2.768718,31.63,62.68173577685928,0
-24.45,2.769997,31.63,62.57795138864806,0
10.07,2.773835,31.63,62.57795138864806,0
9.91,2.771277,31.63,63.56886030125127,0
-16.16,2.768718,31.63,62.57795138864806,0
8.43,2.771277,31.61,62.68173577685928,0
5.62,2.771277,31.61,62.57795138864806,0
-18.95,2.771277,31.61,62.57795138864806,0
6.15,2.772556,31.61,62.68173577685928,0
4.61,2.771277,31.61,62.57795138864806,0
-21.01,2.771277,31.61,62.57795138864806,0
7.1,2.767439,31.61,62.57795138864806,0
-2.75,2.771277,31.61,63.56886030125127,0
-5.26,2.768718,31.63,62.57795138864806,0
9.87,2.777673,31.63,62.57795138864806,0
-8.27,2.772556,31.63,62.68173577685928,0
3.5,2.776394,31.63,63.56886030125127,0
16.68,2.775115,31.61,63.56886030125127,0
-4.56,2.773835,31.61,62.57795138864806,0
-15.18,2.773835,31.61,62.57795138864806,0
19.54,2.768718,31.61,63.56886030125127,0
12.1,2.772556,31.61,62.57795138864806,0
-14.89,2.761043,31.61,62.57795138864806,0
2.98,2.771277,31.61,62.57795138864806,0
22.53,2.768718,31.61,63.671029518926424,0
13.71,2.768718,31.59,62.57795138864806,0
-9.01,2.769997,31.59,62.57795138864806,0
-15.72,2.76488,31.59,62.57795138864806,0
15.58,2.767439,31.59,62.57795138864806,0
9.84,2.762322,31.63,63.671029518926424,0
-4.84,2.768718,31.63,62.57795138864806,0
-19.48,2.76616,31.63,63.56886030125127,0
6.35,2.763601,31.63,62.57795138864806,0
5.91,2.759763,31.63,63.56886030125127,0
-8.8,2.763601,31.63,63.56886030125127,0
-8.69,2.74825,31.63,62.57795138864806,0
7.47,2.754646,31.63,63.671029518926424,0
2.98,2.759763,31.63,63.56886030125127,0
-10.37,2.757205,31.63,63.56886030125127,0
-2.85,2.759763,31.63,63.56886030125127,0
7.07,2.759763,31.63,62.57795138864806,0
0.27,2.759763,31.61,63.56886030125127,0
-18.05,2.758484,31.61,62.57795138864806,0
3.78,2.757205,31.61,62.57795138864806,0
6.7,2.753367,31.61,62.57795138864806,0
-10.18,2.754646,31.63,63.56886030125127,0
0.91,2.759763,31.63,62.57795138864806,0
5.79,2.750809,31.63,62.57795138864806,0
-5.7,2.757205,31.63,63.671029518926424,0
-2.99,2.757205,31.63,62.57795138864806,0
7.56,2.757205,31.63,63.56886030125127,0
-2.0,2.755926,31.63,62.57795138864806,0
-10.91,2.753367,31.63,62.57795138864806,0
9.43,2.754646,31.61,62.68173577685928,0
1.34,2.752088,31.61,62.68173577685928,0
-13.94,2.750809,31.61,62.57795138864806,0
7.11,2.745692,31.61,62.68173577685928,0
-1.66,2.753367,31.63,62.57795138864806,0
-11.26,2.753367,31.63,63.56886030125127,0
10.13,2.752088,31.63,62.57795138864806,0
-3.94,2.750809,31.63,62.57795138864806,0
-7.15,2.74825,31.63,63.56886030125127,0
11.54,2.753367,31.63,62.57795138864806,0
-2.04,2.750809,31.63,62.57795138864806,0
-17.3,2.752088,31.63,62.68173577685928,0
18.8,2.750809,31.63,63.56886030125127,0
12.87,2.74825,31.63,62.57795138864806,0
-15.6,2.750809,31.63,63.56886030125127,0
-10.18,2.746971,31.63,62.57795138864806,0
23.47,2.749529,31.63,62.68173577685928,0
13.94,2.745692,31.63,62.68173577685928,0
-13.41,2.74825,31.63,63.773035054010094,0
-15.52,2.74825,31.63,63.56886030125127,0
18.1,2.74825,31.63,62.78534860936905,0
12.03,2.752088,31.63,63.773035054010094,0
-17.28,2.746971,31.63,62.68173577685928,0
-5.16,2.746971,31.63,62.68173577685928,0
14.76,2.740575,31.63,62.68173577685928,0
4.84,2.745692,31.63,62.68173577685928,0
-30.23,2.741854,31.63,62.68173577685928,0
16.27,2.746971,31.63,62.68173577685928,0
9.05,2.743133,31.63,62.57795138864806,0
-33.68,2.749529,31.63,62.68173577685928,0
14.74,2.745692,31.63,62.68173577685928,0
6.89,2.744412,31.63,63.56886030125127,0
-41.2,2.74825,31.61,62.68173577685928,0
19.19,2.746971,31.61,62.57795138864806,0
11.52,2.746971,31.61,62.57795138864806,0
-43.57,2.739295,31.61,62.57795138864806,0
23.04,2.74825,31.63,62.57795138864806,0
42.08,2.741854,31.63,62.78534860936905,0
-15.42,2.745692,31.63,62.68173577685928,0
-16.29,2.744412,31.63,62.57795138864806,0
30.15,2.743133,31.65,63.671029518926424,0
15.99,2.743133,31.65,63.671029518926424,0
-27.3,2.741854,31.65,62.78534860936905,0
13.74,2.740575,31.65,62.68173577685928,0
27.2,2.739295,31.65,61.814237842102365,0
-2.83,2.744412,31.65,62.57795138864806,0
-33.84,2.736737,31.65,63.56886030125127,0
18.33,2.741854,31.65,62.68173577685928,0
7.6,2.739295,31.63,63.56886030125127,0
-38.28,2.738016,31.63,62.68173577685928,0
21.32,2.738016,31.63,62.78534860936905,0
14.8,2.738016,31.63,62.68173577685928,0
-20.3,2.739295,31.65,62.78534860936905,0
15.18,2.735458,31.65,62.78534860936905,0
19.83,2.739295,31.65,62.68173577685928,0
-8.2,2.738016,31.65,62.78534860936905,0
-7.57,2.738016,31.65,62.68173577685928,0
13.38,2.722665,31.65,62.57795138864806,0
-3.95,2.734178,31.65,62.78534860936905,0
-28.4,2.735458,31.65,62.68173577685928,0
8.63,2.734178,31.63,62.68173577685928,0
-1.9,2.736737,31.63,62.78534860936905,0
-29.88,2.720107,31.63,62.57795138864806,0
10.94,2.730341,31.63,63.56886030125127,0
-1.06,2.729061,31.63,63.671029518926424,0
-37.01,2.735458,31.63,63.56886030125127,0
16.92,2.725224,31.63,62.57795138864806,0
15.6,2.732899,31.63,63.671029518926424,0
-19.68,2.729061,31.63,62.78534860936905,0
4.97,2.73162,31.63,62.78534860936905,0
17.43,2.730341,31.63,62.78534860936905,0
-3.05,2.727782,31.63,62.78534860936905,0
-30.28,2.727782,31.65,62.78534860936905,0
7.03,2.729061,31.65,62.78534860936905,0
7.1,2.729061,31.65,62.68173577685928,0
-17.15,2.718827,31.65,62.78534860936905,0
9.41,2.727782,31.65,62.78534860936905,0
11.63,2.726503,31.65,62.78534860936905,0
-15.89,2.726503,31.65,62.68173577685928,0
6.71,2.722665,31.65,62.68173577685928,0
10.27,2.723944,31.63,63.773035054010094,0
-12.82,2.729061,31.63,62.78534860936905,0
0.86,2.725224,31.63,62.78534860936905,0
13.53,2.726503,31.63,62.78534860936905,0
-3.83,2.726503,31.65,62.78534860936905,0
-16.35,2.729061,31.65,62.78534860936905,0
15.57,2.726503,31.65,63.56886030125127,0
6.15,2.726503,31.65,62.68173577685928,0
-16.11,2.725224,31.65,63.56886030125127,0
4.84,2.721386,31.65,62.68173577685928,0
13.14,2.721386,31.65,63.671029518926424,0
-11.78,2.721386,31.65,62.68173577685928,0
1.4,2.722665,31.65,62.68173577685928,0
8.53,2.717548,31.65,62.57795138864806,0
-3.99,2.723944,31.65,62.68173577685928,0
-19.4,2.723944,31.65,62.68173577685928,0
10.99,2.723944,31.63,62.78534860936905,0
6.67,2.725224,31.63,62.68173577685928,0
-16.76,2.722665,31.63,62.68173577685928,0
6.77,2.722665,31.63,62.57795138864806,0
15.23,2.720107,31.67,63.773035054010094,0
-3.29,2.721386,31.67,62.57795138864806,0
-22.3,2.722665,31.67,62.78534860936905,0
7.88,2.721386,31.67,62.78534860936905,0
3.66,2.721386,31.65,62.68173577685928,0
-17.06,2.720107,31.65,62.68173577685928,0
10.94,2.720107,31.65,62.57795138864806,0
9.45,2.717548,31.65,62.68173577685928,0
-9.21,2.718827,31.63,62.68173577685928,0
-1.69,2.721386,31.63,62.68173577685928,0
13.33,2.720107,31.63,62.68173577685928,0
1.67,2.718827,31.63,63.56886030125127,0
-26.65,2.71499,31.65,63.671029518926424,0
8.58,2.718827,31.65,62.68173577685928,0
4.55,2.716269,31.65,63.671029518926424,0
-25.0,2.718827,31.65,62.68173577685928,0
12.24,2.716269,31.67,62.68173577685928,0
9.95,2.720107,31.67,62.68173577685928,0
-24.56,2.71371,31.67,62.57795138864806,0
9.65,2.717548,31.67,62.57795138864806,0
18.79,2.720107,31.63,62.68173577685928,0
-8.8,2.71499,31.63,62.68173577685928,0
-4.82,2.716269,31.63,62.68173577685928,0
19.22,2.712431,31.63,63.671029518926424,0
0.72,2.71499,31.65,63.671029518926424,0
-35.58,2.71499,31.65,62.68173577685928,0
17.48,2.717548,31.65,62.68173577685928,0
12.66,2.712431,31.65,62.78534860936905,0
-16.14,2.716269,31.63,62.57795138864806,0
6.5,2.717548,31.63,62.68173577685928,0
19.08,2.71499,31.63,62.57795138864806,0
0.2,2.71499,31.63,61.91930232165088,0
-35.16,2.716269,31.65,62.57795138864806,0
11.03,2.71499,31.65,62.57795138864806,0
15.44,2.709873,31.65,62.57795138864806,0
-0.09,2.71371,31.65,62.57795138864806,0
5.01,2.708593,31.65,62.57795138864806,0
14.84,2.716269,31.65,62.68173577685928,0
-4.59,2.71499,31.65,63.671029518926424,0
-4.47,2.71499,31.65,63.671029518926424,0
10.64,2.71499,31.63,63.56886030125127,0
-10.29,2.71371,31.63,62.68173577685928,0
7.73,2.703476,31.63,62.68173577685928,0
9.73,2.71371,31.63,62.78534860936905,0
-21.97,2.717548,31.63,62.78534860936905,0
12.8,2.716269,31.63,62.68173577685928,0
7.08,2.720107,31.63,63.56886030125127,0
-22.64,2.716269,31.63,63.773035054010094,0
11.0,2.71499,31.67,63.773035054010094,0
-3.82,2.718827,31.67,63.671029518926424,0
2.05,2.71499,31.67,62.78534860936905,0
12.58,2.716269,31.67,63.671029518926424,0
-16.35,2.71499,31.65,63.773035054010094,0
17.28,2.716269,31.65,62.78534860936905,0
16.72,2.717548,31.65,62.78534860936905,0
-11.47,2.716269,31.65,62.78534860936905,0
-9.91,2.712431,31.63,63.671029518926424,0
18.77,2.71371,31.63,62.78534860936905,0
12.76,2.71371,31.63,62.78534860936905,0
-0.02,2.706035,31.63,62.78534860936905,0
-21.04,2.71499,31.65,62.78534860936905,0
-26.51,2.71371,31.65,62.78534860936905,0
18.42,2.71371,31.65,62.78534860936905,0
17.15,2.712431,31.65,62.78534860936905,0
1.32,2.71371,31.63,62.68173577685928,0
-17.71,2.716269,31.63,62.78534860936905,0
-0.4,2.703476,31.63,62.78534860936905,0
11.68,2.708593,31.63,62.57795138864806,0
1.73,2.711152,31.69,62.78534860936905,0
-16.47,2.707314,31.69,62.68173577685928,0
-0.27,2.708593,31.69,62.78534860936905,0
9.17,2.706035,31.69,62.78534860936905,0
0.23,2.711152,31.65,62.78534860936905,0
-18.73,2.707314,31.65,62.78534860936905,0
7.33,2.707314,31.65,62.78534860936905,0
13.47,2.708593,31.65,62.78534860936905,0
-2.29,2.707314,31.67,62.78534860936905,0
-26.64,2.707314,31.67,62.78534860936905,0
8.12,2.702197,31.67,62.78534860936905,0
9.42,2.704756,31.67,62.78534860936905,0
-6.65,2.700918,31.67,62.78534860936905,0
0.23,2.707314,31.67,62.78534860936905,0
9.79,2.703476,31.67,62.68173577685928,0
-5.52,2.704756,31.67,62.78534860936905,0
-14.32,2.703476,31.65,62.78534860936905,0
10.11,2.702197,31.65,62.78534860936905,0
1.38,2.702197,31.65,63.671029518926424,0
-25.54,2.698359,31.65,62.78534860936905,0
11.56,2.699639,31.65,62.78534860936905,0
11.11,2.691963,31.65,62.68173577685928,0
-21.31,2.700918,31.65,62.78534860936905,0
12.86,2.69708,31.65,62.78534860936905,0
12.73,2.698359,31.67,62.78534860936905,0
-16.84,2.700918,31.67,62.78534860936905,0
15.15,2.695801,31.67,62.90468980926621,0
14.45,2.700918,31.67,63.671029518926424,0
-15.38,2.695801,31.67,62.78534860936905,0
5.1,2.700918,31.67,62.78534860936905,0
15.43,2.695801,31.67,61.7980582219215,0
-2.66,2.69708,31.67,62.78534860936905,0
-13.83,2.691963,31.69,61.69278726074872,0
20.54,2.694522,31.69,62.78534860936905,0
6.13,2.694522,31.69,62.10475022089695,0
-21.68,2.694522,31.69,62.68173577685928,0
11.2,2.698359,31.69,62.90468980926621,0
6.83,2.694522,31.69,62.78534860936905,0
-28.67,2.702197,31.69,62.78534860936905,0
15.89,2.698359,31.69,62.68173577685928,0
6.88,2.698359,31.67,62.78534860936905,0
-27.52,2.703476,31.67,62.78534860936905,0
3.76,2.695801,31.67,62.68173577685928,0
-5.52,2.69708,31.67,62.78534860936905,0
-5.39,2.695801,31.65,62.68173577685928,0
8.87,2.699639,31.65,63.671029518926424,0
-19.35,2.699639,31.65,63.671029518926424,0
14.51,2.702197,31.65,62.78534860936905,0
14.43,2.703476,31.67,62.78534860936905,0
-27.86,2.702197,31.67,62.78534860936905,0
20.78,2.703476,31.67,63.671029518926424,0
22.92,2.703476,31.67,62.68173577685928,0
-11.64,2.704756,31.67,63.671029518926424,0
-13.91,2.699639,31.67,62.78534860936905,0
26.0,2.689404,31.67,63.773035054010094,0
10.07,2.700918,31.67,62.78534860936905,0
-25.11,2.691963,31.65,62.78534860936905,0
11.82,2.703476,31.65,62.68173577685928,0
30.77,2.69708,31.65,63.671029518926424,0
5.98,2.699639,31.65,62.68173577685928,0
-31.1,2.698359,31.67,62.68173577685928,0
19.26,2.698359,31.67,63.56886030125127,0
28.79,2.699639,31.67,62.57795138864806,0
2.49,2.69708,31.67,62.68173577685928,0
-33.2,2.69708,31.67,62.57795138864806,0
12.29,2.694522,31.67,63.671029518926424,0
8.67,2.704756,31.67,62.78534860936905,0
-20.56,2.69708,31.67,63.56886030125127,0
11.36,2.703476,31.67,62.80127387243033,0
11.24,2.700918,31.67,62.78534860936905,0
-14.77,2.700918,31.67,63.48228099241551,0
5.09,2.700918,31.67,61.814237842102365,0
2.41,2.695801,31.67,63.671029518926424,0
-29.92,2.704756,31.67,63.56886030125127,0
16.66,2.700918,31.67,62.57795138864806,0
-6.52,2.699639,31.67,63.56886030125127,0
-24.65,2.69708,31.65,63.56886030125127,0
20.06,2.69708,31.65,62.57795138864806,0
-3.2,2.698359,31.65,62.57795138864806,0
-3.96,2.698359,31.65,62.68173577685928,0
13.67,2.700918,31.67,63.56886030125127,0
-8.27,2.699639,31.67,62.68173577685928,0
12.56,2.699639,31.67,62.57795138864806,0
12.07,2.698359,31.67,63.56886030125127,0
-15.65,2.698359,31.67,62.57795138864806,0
17.77,2.699639,31.67,63.56886030125127,0
13.63,2.69708,31.67,62.57795138864806,0
-15.82,2.69708,31.67,63.56886030125127,0
17.24,2.699639,31.67,63.56886030125127,0
22.0,2.698359,31.67,63.56886030125127,0
3.38,2.698359,31.67,62.57795138864806,0
-33.81,2.695801,31.67,62.57795138864806,0
14.62,2.695801,31.67,62.57795138864806,0
16.74,2.695801,31.67,62.57795138864806,0
-1.98,2.695801,31.67,62.57795138864806,0
-21.43,2.694522,31.67,63.56886030125127,0
7.4,2.693242,31.65,62.57795138864806,0
10.23,2.693242,31.65,63.56886030125127,0
-1.48,2.690684,31.65,62.57795138864806,0
-19.65,2.684288,31.65,62.57795138864806,0
4.88,2.689404,31.69,63.56886030125127,0
6.79,2.691963,31.69,62.57795138864806,0
-6.38,2.691963,31.69,62.57795138864806,0
-18.94,2.691963,31.69,63.56886030125127,0
6.13,2.688125,31.67,63.56886030125127,0
4.02,2.690684,31.67,63.56886030125127,0
-8.25,2.690684,31.67,62.57795138864806,0
0.81,2.690684,31.67,62.57795138864806,0
8.16,2.690684,31.69,62.57795138864806,0
-0.01,2.685567,31.69,62.57795138864806,0
-19.45,2.688125,31.69,62.57795138864806,0
4.68,2.686846,31.69,62.57795138864806,0
3.22,2.686846,31.69,62.57795138864806,0
-12.82,2.686846,31.69,62.57795138864806,0
5.94,2.686846,31.69,62.57795138864806,0
6.2,2.683008,31.69,63.56886030125127,0
-8.19,2.685567,31.69,62.57795138864806,0
3.19,2.685567,31.69,62.57795138864806,0
8.41,2.685567,31.69,62.57795138864806,0
-3.64,2.685567,31.69,62.57795138864806,0
-14.42,2.681729,31.71,62.57795138864806,0
15.06,2.689404,31.71,62.57795138864806,0
10.65,2.685567,31.71,63.56886030125127,0
-24.7,2.686846,31.71,62.57795138864806,0
8.67,2.684288,31.69,63.56886030125127,0
9.53,2.689404,31.69,62.57795138864806,0
-14.95,2.685567,31.69,63.56886030125127,0
12.8,2.686846,31.69,62.57795138864806,0
14.78,2.683008,31.69,62.57795138864806,0
-10.34,2.686846,31.69,63.671029518926424,0
2.11,2.686846,31.69,62.57795138864806,0
14.47,2.683008,31.69,62.68173577685928,0
-0.99,2.685567,31.67,62.68173577685928,0
-18.25,2.68045,31.67,62.68173577685928,0
12.96,2.670216,31.67,62.68173577685928,0
8.13,2.676612,31.67,62.57795138864806,0
-15.49,2.679171,31.71,62.68173577685928,0
8.76,2.683008,31.71,62.68173577685928,0
8.2,2.68045,31.71,62.68173577685928,0
-11.03,2.683008,31.71,62.68173577685928,0
6.81,2.68045,31.69,62.68173577685928,0
4.77,2.683008,31.69,63.56886030125127,0
-16.12,2.677891,31.69,62.57795138864806,0
6.59,2.681729,31.69,62.57795138864806,0
5.63,2.676612,31.67,62.57795138864806,0
-21.2,2.681729,31.67,62.57795138864806,0
11.48,2.679171,31.67,62.57795138864806,0
10.44,2.679171,31.67,63.56886030125127,0
-19.25,2.679171,31.69,62.57795138864806,0
9.13,2.677891,31.69,62.57795138864806,0
12.42,2.681729,31.69,62.57795138864806,0
-9.78,2.68045,31.69,62.57795138864806,0
9.54,2.681729,31.67,63.56886030125127,0
14.03,2.676612,31.67,62.57795138864806,0
1.28,2.683008,31.67,62.57795138864806,0
-26.33,2.679171,31.67,62.57795138864806,0
6.92,2.683008,31.69,63.56886030125127,0
8.73,2.683008,31.69,63.56886030125127,0
-12.48,2.681729,31.69,62.57795138864806,0
9.45,2.681729,31.69,63.56886030125127,0
14.4,2.681729,31.69,63.56886030125127,0
-0.58,2.684288,31.69,62.57795138864806,0
-30.29,2.679171,31.69,62.57795138864806,0
12.74,2.68045,31.69,63.56886030125127,0
10.9,2.675333,31.69,62.57795138864806,0
-7.98,2.683008,31.69,62.57795138864806,0
-6.34,2.674054,31.69,63.56886030125127,0
16.42,2.68045,31.69,63.56886030125127,0
7.7,2.679171,31.71,62.68173577685928,0
-18.21,2.677891,31.71,63.56886030125127,0
6.62,2.679171,31.71,63.56886030125127,0
16.46,2.677891,31.71,63.56886030125127,0
-5.19,2.677891,31.67,62.57795138864806,0
-6.17,2.676612,31.67,62.57795138864806,0
11.16,2.677891,31.67,63.56886030125127,0
-0.93,2.670216,31.67,63.56886030125127,0
-27.89,2.675333,31.67,62.57795138864806,0
13.52,2.672774,31.67,62.57795138864806,0
8.4,2.674054,31.67,62.57795138864806,0
-23.67,2.672774,31.67,62.57795138864806,0
9.13,2.671495,31.69,62.57795138864806,0
14.02,2.671495,31.69,62.57795138864806,0
-9.59,2.668936,31.69,62.57795138864806,0
3.88,2.671495,31.69,62.57795138864806,0
14.35,2.667657,31.71,62.57795138864806,0
-3.58,2.674054,31.71,62.57795138864806,0
-11.04,2.665099,31.71,62.68173577685928,0
12.97,2.670216,31.71,62.57795138864806,0
-0.36,2.668936,31.71,63.56886030125127,0
-20.93,2.667657,31.71,62.57795138864806,0
8.59,2.667657,31.71,62.57795138864806,0
5.07,2.666378,31.71,62.57795138864806,0
-23.16,2.666378,31.69,62.57795138864806,0
10.12,2.66254,31.69,63.56886030125127,0
13.81,2.665099,31.69,62.57795138864806,0
-7.55,2.661261,31.69,62.68173577685928,0
-13.03,2.66382,31.71,63.56886030125127,0
14.38,2.651027,31.71,62.57795138864806,0
6.9,2.66254,31.71,63.56886030125127,0
-10.52,2.659982,31.71,63.56886030125127,0
-3.87,2.658703,31.69,62.57795138864806,0
13.97,2.658703,31.69,62.57795138864806,0
6.35,2.657423,31.69,63.56886030125127,0
-12.36,2.658703,31.69,62.57795138864806,0
5.5,2.656144,31.69,62.57795138864806,0
11.74,2.66254,31.69,62.57795138864806,0
-2.78,2.659982,31.69,62.57795138864806,0
-17.35,2.658703,31.69,62.68173577685928,0
5.68,2.653585,31.69,63.56886030125127,0
5.13,2.656144,31.69,62.57795138864806,0
-15.53,2.654865,31.69,62.68173577685928,0
2.28,2.654865,31.69,62.57795138864806,0
12.09,2.656144,31.71,62.68173577685928,0
-2.94,2.652306,31.71,62.57795138864806,0
-18.36,2.642072,31.71,62.57795138864806,0
4.85,2.647189,31.71,62.57795138864806,0
1.45,2.651027,31.69,62.68173577685928,0
-17.96,2.647189,31.69,62.57795138864806,0
7.27,2.649748,31.69,62.68173577685928,0
4.35,2.647189,31.69,62.57795138864806,0
-15.45,2.651027,31.71,63.56886030125127,0
3.93,2.649748,31.71,63.56886030125127,0
17.5,2.649748,31.71,62.57795138864806,0
-1.64,2.649748,31.71,62.57795138864806,0
-16.29,2.647189,31.71,63.56886030125127,0
8.02,2.651027,31.71,63.56886030125127,0
2.86,2.647189,31.71,63.56886030125127,0
-24.13,2.652306,31.71,63.56886030125127,0
10.09,2.647189,31.71,62.57795138864806,0
7.2,2.653585,31.71,63.56886030125127,0
-17.52,2.651027,31.71,62.57795138864806,0
8.48,2.654865,31.71,62.57795138864806,0
7.91,2.653585,31.73,63.56886030125127,0
-18.92,2.654865,31.73,62.57795138864806,0
9.7,2.657423,31.73,63.56886030125127,0
8.01,2.654865,31.73,62.57795138864806,0
-20.01,2.659982,31.71,63.56886030125127,0
11.45,2.653585,31.71,62.57795138864806,0
15.17,2.656144,31.71,62.68173577685928,0
-7.57,2.653585,31.71,63.56886030125127,0
-0.37,2.652306,31.71,63.56886030125127,0
17.01,2.652306,31.71,62.68173577685928,0
5.15,2.652306,31.71,62.68173577685928,0
-21.94,2.651027,31.71,62.57795138864806,0
11.19,2.649748,31.75,62.57795138864806,0
20.66,2.654865,31.75,63.56886030125127,0
9.99,2.649748,31.75,63.56886030125127,0
-28.62,2.652306,31.75,62.57795138864806,0
9.36,2.651027,31.71,62.57795138864806,0
4.14,2.652306,31.71,62.57795138864806,0
-24.7,2.649748,31.71,62.57795138864806,0
10.75,2.64591,31.71,62.57795138864806,0
12.43,2.644631,31.73,63.56886030125127,0
-6.65,2.64591,31.73,62.57795138864806,0
-7.9,2.64591,31.73,63.56886030125127,0
10.15,2.64591,31.73,63.56886030125127,0
2.25,2.647189,31.73,63.56886030125127,0
-21.77,2.64591,31.73,62.57795138864806,0
4.95,2.642072,31.73,62.68173577685928,0
8.45,2.644631,31.73,63.56886030125127,0
-11.72,2.644631,31.71,63.56886030125127,0
9.53,2.649748,31.71,63.56886030125127,0
9.88,2.64591,31.71,62.57795138864806,0
-8.44,2.644631,31.71,62.57795138864806,0
0.95,2.64591,31.73,62.68173577685928,0
14.14,2.648468,31.73,62.57795138864806,0
-2.33,2.647189,31.73,62.57795138864806,0
-11.83,2.647189,31.73,62.68173577685928,0
12.11,2.64591,31.73,63.56886030125127,0
-1.07,2.644631,31.73,63.56886030125127,0
-21.63,2.644631,31.73,63.671029518926424,0
7.4,2.642072,31.73,61.814237842102365,0
1.6,2.644631,31.73,63.56886030125127,0
-34.59,2.642072,31.73,62.68173577685928,0
11.95,2.639514,31.73,63.56886030125127,0
14.41,2.634397,31.73,62.57795138864806,0
-13.83,2.644631,31.75,62.68173577685928,0
12.51,2.651027,31.75,62.68173577685928,0
16.4,2.656144,31.75,63.56886030125127,0
-11.73,2.659982,31.75,62.57795138864806,0
11.3,2.659982,31.75,62.68173577685928,0
11.95,2.666378,31.75,62.68173577685928,0
-14.62,2.665099,31.75,62.68173577685928,0
12.67,2.66382,31.75,63.56886030125127,0
9.37,2.653585,31.73,62.68173577685928,0
-23.32,2.656144,31.73,62.57795138864806,0
8.04,2.659982,31.73,62.57795138864806,0
4.32,2.661261,31.73,62.68173577685928,0
-17.52,2.661261,31.73,62.68173577685928,0
10.99,2.657423,31.73,62.57795138864806,0
-0.84,2.658703,31.73,62.68173577685928,0
0.75,2.653585,31.73,62.57795138864806,0
8.76,2.657423,31.73,62.57795138864806,0
-8.02,2.649748,31.73,63.56886030125127,0
12.15,2.642072,31.73,62.57795138864806,0
15.43,2.649748,31.73,62.68173577685928,0
-6.54,2.647189,31.71,62.68173577685928,0
7.37,2.651027,31.71,62.57795138864806,0
9.06,2.649748,31.71,62.68173577685928,0
-9.31,2.652306,31.71,62.68173577685928,0
2.21,2.648468,31.73,62.68173577685928,0
6.35,2.652306,31.73,63.56886030125127,0
-8.55,2.647189,31.73,62.68173577685928,0
2.22,2.647189,31.73,62.68173577685928,0
4.76,2.649748,31.73,62.57795138864806,0
-9.05,2.651027,31.73,62.68173577685928,0
4.93,2.647189,31.73,63.56886030125127,0
6.93,2.642072,31.73,62.68173577685928,0
-7.81,2.64591,31.73,63.56886030125127,0
5.14,2.640793,31.73,62.57795138864806,0
6.97,2.64591,31.73,62.57795138864806,0
-7.48,2.644631,31.73,62.57795138864806,0
1.39,2.647189,31.75,62.68173577685928,0
7.72,2.636955,31.75,62.57795138864806,0
-2.26,2.64591,31.75,62.57795138864806,0
-13.22,2.647189,31.75,62.57795138864806,0
7.24,2.644631,31.73,62.68173577685928,0
1.32,2.647189,31.73,63.56886030125127,0
-15.87,2.638235,31.73,62.68173577685928,0
9.43,2.643352,31.73,62.68173577685928,0
5.03,2.639514,31.73,63.56886030125127,0
-11.0,2.64591,31.73,62.78534860936905,0
3.65,2.634397,31.73,62.93647591023825,0
5.76,2.643352,31.73,62.93647591023825,0
-6.71,2.643352,31.73,62.10475022089695,0
5.87,2.644631,31.73,63.08724118235002,0
-1.97,2.644631,31.73,63.08724118235002,0
-20.53,2.639514,31.73,62.93647591023825,0
2.01,2.642072,31.71,62.80127387243033,0
4.85,2.635676,31.71,62.68173577685928,0
-10.93,2.642072,31.71,62.68173577685928,0
6.27,2.640793,31.71,62.68173577685928,0
-8.8,2.644631,31.73,63.56886030125127,0
12.19,2.648468,31.73,62.57795138864806,0
2.01,2.647189,31.73,63.56886030125127,0
-9.02,2.648468,31.73,62.57795138864806,0
7.79,2.649748,31.73,63.671029518926424,0
-10.87,2.651027,31.73,62.57795138864806,0
19.32,2.64591,31.73,63.56886030125127,0
13.69,2.647189,31.73,62.57795138864806,0
-16.17,2.640793,31.73,62.57795138864806,0
18.72,2.648468,31.73,62.57795138864806,0
13.67,2.638235,31.73,63.56886030125127,0
-13.37,2.644631,31.73,63.56886030125127,0
10.62,2.644631,31.75,62.57795138864806,0
7.38,2.642072,31.75,62.57795138864806,0
-13.09,2.640793,31.75,63.56886030125127,0
5.14,2.640793,31.75,62.57795138864806,0
0.0,2.639514,31.73,63.56886030125127,0
-10.02,2.639514,31.73,62.57795138864806,0
2.39,2.643352,31.73,62.57795138864806,0
-2.52,2.634397,31.73,63.56886030125127,0
-11.07,2.640793,31.75,62.57795138864806,0
-2.29,2.635676,31.75,63.56886030125127,0
-1.22,2.638235,31.75,62.57795138864806,0
-7.01,2.638235,31.75,63.671029518926424,0
-5.37,2.636955,31.75,62.68173577685928,0
-3.53,2.638235,31.75,63.56886030125127,0
-5.47,2.634397,31.75,62.68173577685928,0
0.81,2.636955,31.75,63.56886030125127,0
-1.11,2.634397,31.73,62.57795138864806,0
-6.3,2.638235,31.73,62.57795138864806,0
-0.07,2.631838,31.73,62.57795138864806,0
-0.19,2.635676,31.73,62.57795138864806,0
-6.88,2.633117,31.75,63.56886030125127,0
1.81,2.635676,31.75,63.671029518926424,0
-0.25,2.634397,31.75,62.57795138864806,0
0.1,2.631838,31.75,62.57795138864806,0
-2.27,2.634397,31.73,63.56886030125127,0
-6.43,2.631838,31.73,63.56886030125127,0
0.38,2.634397,31.73,62.57795138864806,0
3.45,2.630559,31.73,62.57795138864806,0
-2.32,2.631838,31.77,62.57795138864806,0
3.98,2.630559,31.77,62.57795138864806,0
4.4,2.619046,31.77,62.57795138864806,0
-6.37,2.625442,31.77,62.57795138864806,0
4.94,2.626721,31.73,62.57795138864806,0
6.05,2.630559,31.73,62.68173577685928,0
-7.41,2.624163,31.73,62.57795138864806,0
5.86,2.628,31.73,62.68173577685928,0
9.01,2.626721,31.73,62.57795138864806,0
-6.47,2.633117,31.73,63.56886030125127,0
-4.63,2.622884,31.73,62.57795138864806,0
10.4,2.631838,31.73,62.57795138864806,0
-3.94,2.628,31.75,63.56886030125127,0
-19.26,2.630559,31.75,62.68173577685928,0
14.5,2.62928,31.75,62.68173577685928,0
9.89,2.626721,31.75,62.57795138864806,0
-21.74,2.62928,31.73,62.57795138864806,0
6.08,2.628,31.73,62.57795138864806,0
29.16,2.62928,31.73,62.57795138864806,0
8.79,2.62928,31.73,62.68173577685928,0
-31.06,2.630559,31.77,63.56886030125127,0
18.75,2.631838,31.77,62.68173577685928,0
30.77,2.626721,31.77,62.68173577685928,0
9.47,2.624163,31.77,63.56886030125127,0
-30.03,2.626721,31.75,63.56886030125127,0
18.87,2.62928,31.75,62.68173577685928,0
25.24,2.626721,31.75,62.68173577685928,0
-12.1,2.630559,31.75,62.68173577685928,0
-17.54,2.626721,31.77,62.57795138864806,0
28.05,2.631838,31.77,62.57795138864806,0
9.05,2.630559,31.77,63.671029518926424,0
-42.14,2.630559,31.77,70.43436661176133,0
19.01,2.639514,31.77,53.646994324006634,0
18.47,2.628,31.77,64.5445582524197,0
-30.07,2.612649,31.77,65.22269543648132,0
35.69,2.612649,31.77,64.5445582524197,0
-20.75,2.631838,31.77,62.0966987850401,0
174.36,2.651027,31.77,64.00781202322104,0
17.09,2.642072,31.77,64.07807737440318,0
45.24,2.619046,31.77,61.326992425847855,0
-176.04,2.603695,31.75,62.24949798994366,0
-170.63,2.59474,31.75,62.465990746965666,0
-103.58,2.593461,31.75,62.617888817813075,0
42.39,2.584506,31.75,62.37788069500277,0
9.86,2.585785,31.75,62.56996084384263,0
-31.54,2.581948,31.75,62.39390995922599,0
37.06,2.587065,31.75,63.25345840347388,0
29.79,2.588344,31.75,62.52199612936234,0
44.7,2.585785,31.75,63.03967004989794,0
40.72,2.588344,31.75,62.68971207462992,0
-9.97,2.584506,31.75,62.112800613078136,0
-0.92,2.583227,31.75,62.112800613078136,0
7.47,2.580668,31.75,62.23343153000644,0
-11.56,2.584506,31.75,62.68971207462992,0
19.23,2.57811,31.75,62.68971207462992,0
2.37,2.57683,31.75,62.68971207462992,0
8.17,2.572993,31.77,63.52164985262898,0
18.48,2.570434,31.77,62.56996084384263,0
-4.78,2.569155,31.77,62.23343153000644,0
12.92,2.565317,31.77,62.23343153000644,0
21.32,2.566597,31.77,62.112800613078136,0
3.46,2.564038,31.77,62.68971207462992,0
-26.06,2.564038,31.77,62.68971207462992,0
0.63,2.562759,31.77,62.112800613078136,0
-0.53,2.561479,31.75,62.112800613078136,0
-24.28,2.5602,31.75,62.68971207462992,0
8.52,2.558921,31.75,62.56996084384263,0
5.72,2.553804,31.75,62.68971207462992,0
-16.28,2.553804,31.77,62.68971207462992,0
-0.5,2.555083,31.77,62.23343153000644,0
11.07,2.549966,31.77,62.68971207462992,0
-3.11,2.551245,31.77,62.68971207462992,0
-7.47,2.549966,31.77,62.56996084384263,0
1.13,2.552525,31.77,62.112800613078136,0
-3.96,2.548687,31.77,62.68971207462992,0
-6.91,2.547408,31.77,62.23343153000644,0
5.55,2.546129,31.79,62.23343153000644,0
-4.87,2.542291,31.79,62.68971207462992,0
-6.81,2.539732,31.79,62.112800613078136,0
4.26,2.539732,31.79,62.68971207462992,0
-12.34,2.538453,31.75,62.56996084384263,0
-0.56,2.532057,31.75,62.56996084384263,0
6.52,2.525661,31.75,62.56996084384263,0
-18.39,2.533336,31.75,62.68971207462992,0
8.43,2.533336,31.77,62.68971207462992,0
17.93,2.534615,31.77,62.56996084384263,0
-11.95,2.533336,31.77,62.23343153000644,0
6.06,2.533336,31.77,62.23343153000644,0
24.31,2.529498,31.77,62.23343153000644,0
-0.28,2.530777,31.77,62.68971207462992,0
-30.66,2.528219,31.77,62.56996084384263,0
23.52,2.52694,31.77,62.68971207462992,0
18.79,2.520543,31.77,62.56996084384263,0
-18.22,2.52694,31.77,62.68971207462992,0
6.36,2.525661,31.77,62.56996084384263,0
23.9,2.524381,31.77,62.112800613078136,0
5.76,2.523102,31.81,62.56996084384263,0
-35.79,2.521823,31.81,62.56996084384263,0
14.1,2.521823,31.81,62.56996084384263,0
17.61,2.517985,31.81,62.68971207462992,0
-13.06,2.516706,31.79,62.68971207462992,0
-2.7,2.514147,31.79,62.112800613078136,0
16.29,2.516706,31.79,62.56996084384263,0
-0.81,2.519264,31.79,62.23343153000644,0
-24.55,2.516706,31.75,62.68971207462992,0
10.83,2.515426,31.75,62.68971207462992,0
3.5,2.511589,31.75,62.23343153000644,0
-33.44,2.514147,31.75,62.68971207462992,0
8.02,2.515426,31.81,63.15853069855251,0
14.29,2.515426,31.81,62.68971207462992,0
-10.64,2.510309,31.81,62.68971207462992,0
10.86,2.507751,31.81,62.56996084384263,0
10.62,2.50903,31.79,63.03967004989794,0
-20.85,2.50903,31.79,62.56996084384263,0
5.27,2.510309,31.79,62.112800613078136,0
10.34,2.50903,31.79,62.68971207462992,0
-20.25,2.50903,31.75,62.56996084384263,0
8.24,2.50903,31.75,62.56996084384263,0
3.05,2.512868,31.75,62.56996084384263,0
-23.71,2.510309,31.75,62.68971207462992,0
7.14,2.50903,31.77,62.56996084384263,0
-3.54,2.506472,31.77,62.68971207462992,0
-8.55,2.503913,31.77,62.68971207462992,0
21.11,2.505192,31.77,62.56996084384263,0
4.37,2.498796,31.77,62.16912416947821,0
-26.57,2.501355,31.77,62.56996084384263,0
17.94,2.498796,31.77,62.56996084384263,0
14.74,2.501355,31.77,62.56996084384263,0
-25.61,2.498796,31.79,62.56996084384263,0
15.6,2.498796,31.79,62.68971207462992,0
19.51,2.500075,31.79,62.68971207462992,0
-12.8,2.497517,31.79,62.68971207462992,0
-9.74,2.497517,31.79,62.56996084384263,0
21.01,2.491121,31.79,62.68971207462992,0
11.16,2.494958,31.79,62.56996084384263,0
-30.07,2.489841,31.79,62.68971207462992,0
12.39,2.493679,31.79,62.68971207462992,0
22.47,2.484724,31.79,62.56996084384263,0
2.57,2.4924,31.79,62.56996084384263,0
-35.89,2.491121,31.79,62.68971207462992,0
14.39,2.489841,31.81,62.56996084384263,0
20.24,2.493679,31.81,62.68971207462992,0
0.2,2.487283,31.81,62.82515419798029,0
-34.26,2.493679,31.81,61.814237842102365,0
9.92,2.500075,31.79,63.20601237224193,0
17.61,2.567876,31.79,62.00806399170998,0
-3.19,2.538453,31.79,62.465990746965666,0
2.49,2.488562,31.79,62.617888817813075,0
108.67,2.480887,31.77,62.465990746965666,0
-30.29,2.47577,31.77,62.185207244167,0
-113.53,2.497212,31.77,64.1404708432983,0
3.81,2.479302,31.77,63.166446789415026,0
24.48,2.46651,31.75,64.19501538281614,0
-31.95,2.449879,31.75,62.297672508690084,0
-14.62,2.453717,31.75,62.23343153000644,0
26.67,2.444762,31.75,64.07807737440318,0
-23.22,2.454997,31.79,62.96824596572466,0
18.94,2.475465,31.79,64.28841264178172,0
-4.78,2.50105,31.79,63.631753079732135,0
28.23,2.49977,31.79,63.85138996137829,0
43.85,2.484419,31.79,61.773780845922005,0
-30.73,2.481861,31.79,63.35613624582863,0
6.78,2.471627,31.79,61.27805479941412,0
18.33,2.485698,31.79,62.27358990776106,0
2.8,2.479302,31.77,61.773780845922005,0
-7.5,2.493374,31.77,62.3377895020348,0
-28.94,2.492095,31.77,62.39390995922599,0
-45.21,2.498491,31.77,62.55397669213365,0
24.17,2.495933,31.77,62.297672508690084,0
23.63,2.489536,31.77,62.297672508690084,0
-14.58,2.492095,31.77,62.80127387243033,0
-9.75,2.490816,31.77,62.297672508690084,0
14.38,2.492095,31.79,62.3377895020348,0
23.81,2.488257,31.79,62.89674077406555,0
-20.49,2.493374,31.79,62.297672508690084,0
18.49,2.493374,31.79,62.39390995922599,0
11.3,2.492095,31.77,62.0403094769844,0
-6.45,2.484419,31.77,62.39390995922599,0
13.79,2.485698,31.77,62.39390995922599,0
-13.71,2.48314,31.77,62.89674077406555,0
-8.32,2.479302,31.77,62.39390995922599,0
-11.04,2.48314,31.77,62.39390995922599,0
7.31,2.478023,31.77,62.39390995922599,0
12.58,2.478023,31.77,62.39390995922599,0
-3.05,2.475465,31.79,62.39390995922599,0
-25.41,2.472906,31.79,62.39390995922599,0
8.2,2.472906,31.79,62.39390995922599,0
8.06,2.471627,31.79,62.39390995922599,0
-8.48,2.467789,31.79,62.39390995922599,0
-16.87,2.467789,31.79,62.39390995922599,0
9.43,2.470347,31.79,62.39390995922599,0
1.04,2.46651,31.79,62.39390995922599,0
-13.39,2.467789,31.77,62.39390995922599,0
5.45,2.467789,31.77,62.39390995922599,0
7.81,2.467789,31.77,62.39390995922599,0
-4.63,2.46651,31.77,62.39390995922599,0
-6.5,2.46651,31.79,62.39390995922599,0
8.1,2.467789,31.79,62.39390995922599,0
-1.67,2.461393,31.79,62.39390995922599,0
-1.43,2.460114,31.79,62.39390995922599,0
8.47,2.460114,31.77,62.89674077406555,0
-11.55,2.46523,31.77,62.39390995922599,0
7.38,2.462672,31.77,62.39390995922599,0
10.18,2.461393,31.77,62.39390995922599,0
-24.97,2.461393,31.79,62.39390995922599,0
12.34,2.460114,31.79,62.39390995922599,0
10.57,2.460114,31.79,62.39390995922599,0
-30.97,2.457555,31.79,62.39390995922599,0
20.09,2.456276,31.79,62.39390995922599,0
10.65,2.453717,31.79,62.39390995922599,0
-31.85,2.449879,31.79,62.39390995922599,0
20.0,2.446042,31.79,62.39390995922599,0
20.59,2.453717,31.77,62.3377895020348,0
-16.8,2.453717,31.77,62.39390995922599,0
7.54,2.452438,31.77,62.39390995922599,0
26.6,2.451159,31.77,62.39390995922599,0
1.15,2.451159,31.79,62.89674077406555,0
-35.36,2.449879,31.79,62.89674077406555,0
18.28,2.451159,31.79,62.465990746965666,0
12.41,2.452438,31.79,62.39390995922599,0
-21.8,2.4486,31.81,62.39390995922599,0
0.25,2.447321,31.81,62.89674077406555,0
26.13,2.449879,31.81,62.39390995922599,0
6.08,2.447321,31.81,62.96824596572466,0
-19.26,2.4486,31.77,62.39390995922599,0
16.3,2.4486,31.77,62.39390995922599,0
4.41,2.4486,31.77,62.39390995922599,0
-30.69,2.443483,31.77,62.89674077406555,0
9.25,2.449879,31.77,62.39390995922599,0
3.68,2.444762,31.77,62.39390995922599,0
-26.49,2.446042,31.77,62.39390995922599,0
9.72,2.444762,31.77,62.39390995922599,0
-2.09,2.438366,31.77,62.89674077406555,0
-15.85,2.444762,31.77,62.39390995922599,0
11.04,2.440925,31.77,62.39390995922599,0
-9.16,2.442204,31.77,62.89674077406555,0
1.54,2.438366,31.77,62.0403094769844,0
17.68,2.443483,31.77,62.89674077406555,0
-10.6,2.438366,31.77,62.39390995922599,0
5.63,2.439646,31.77,62.89674077406555,0
20.56,2.440925,31.77,62.39390995922599,0
-5.87,2.434529,31.77,62.89674077406555,0
-9.04,2.424294,31.77,62.89674077406555,0
20.9,2.426853,31.77,62.89674077406555,0
6.56,2.43197,31.75,62.39390995922599,0
-32.88,2.430691,31.75,62.39390995922599,0
15.15,2.434529,31.75,62.89674077406555,0
12.86,2.429411,31.75,62.89674077406555,0
-19.84,2.430691,31.79,62.89674077406555,0
11.37,2.433249,31.79,62.89674077406555,0
13.93,2.430691,31.79,62.39390995922599,0
-13.91,2.429411,31.79,62.0403094769844,0
-4.64,2.425574,31.77,62.89674077406555,0
16.0,2.429411,31.77,62.89674077406555,0
-4.35,2.423015,31.77,61.98386886924694,0
-19.64,2.428132,31.77,61.30252849597641,0
11.39,2.425574,31.79,60.90155991434045,0
0.23,2.440925,31.79,60.83584469702052,0
-27.26,2.50105,31.79,64.82283548256741,0
-1.11,2.526635,31.79,62.64982043070834,0
-2.67,2.614903,31.77,64.93843238021688,0
-1.64,2.650722,31.77,62.465990746965666,0
148.92,2.617461,31.77,63.608175575157006,0
-28.77,2.58548,31.77,63.45076831686122,0
-4.5,2.641767,31.79,63.56886030125127,0
-78.8,2.648164,31.79,64.03905058634146,0
-32.27,2.659677,31.79,62.489999199871974,0
-35.04,2.65456,31.79,62.89674077406555,0
41.75,2.649443,31.77,62.30569797378086,0
16.64,2.649443,31.77,62.89674077406555,0
16.96,2.641767,31.77,61.7980582219215,0
-18.27,2.643046,31.77,63.095166217389426,0
-39.23,2.640488,31.79,62.489999199871974,0
16.07,2.643046,31.79,62.20932405998316,0
14.83,2.628975,31.79,62.89674077406555,0
-24.46,2.637929,31.79,62.00806399170998,0
15.76,2.628975,31.77,62.00806399170998,0
22.97,2.632812,31.77,62.89674077406555,0
-11.92,2.630254,31.77,62.00806399170998,0
17.54,2.625137,31.77,62.00806399170998,0
19.58,2.627695,31.79,62.489999199871974,0
-7.8,2.622578,31.79,62.89674077406555,0
-0.5,2.622578,31.79,62.89674077406555,0
18.44,2.622578,31.79,62.00806399170998,0
4.33,2.62002,31.79,62.89674077406555,0
-26.64,2.622578,31.79,62.433965115151864,0
10.34,2.617461,31.79,62.00806399170998,0
14.89,2.613624,31.79,62.20932405998316,0
-0.77,2.614903,31.77,62.00806399170998,0
-26.4,2.621299,31.77,62.20932405998316,0
7.7,2.609786,31.77,62.00806399170998,0
10.01,2.617461,31.77,62.433965115151864,0
-7.14,2.616182,31.79,62.00806399170998,0
-25.59,2.614903,31.79,62.433965115151864,0
7.19,2.614903,31.79,62.89674077406555,0
3.23,2.613624,31.79,62.20932405998316,0
-11.15,2.613624,31.79,62.20932405998316,0
-0.2,2.609786,31.79,61.7980582219215,0
11.38,2.607227,31.79,62.89674077406555,0
-4.86,2.607227,31.79,62.00806399170998,0
-23.46,2.609786,31.77,62.00806399170998,0
1.84,2.608507,31.77,62.00806399170998,0
-1.73,2.608507,31.77,62.00806399170998,0
-24.23,2.607227,31.77,62.00806399170998,0
5.68,2.607227,31.79,62.00806399170998,0
2.02,2.607227,31.79,62.00806399170998,0
-30.71,2.607227,31.79,62.00806399170998,0
12.41,2.605948,31.79,62.00806399170998,0
12.11,2.60211,31.75,62.00806399170998,0
-31.72,2.60211,31.75,62.63385665915839,0
16.37,2.60339,31.75,62.433965115151864,0
20.67,2.60211,31.75,62.433965115151864,0
-18.48,2.60211,31.77,62.20932405998316,0
-11.78,2.60339,31.77,62.00806399170998,0
33.78,2.60211,31.77,61.82232606429493,0
21.76,2.599552,31.77,62.433965115151864,0
-32.92,2.604669,31.81,62.00806399170998,0
19.73,2.600831,31.81,62.00806399170998,0
17.65,2.600831,31.81,62.433965115151864,0
-30.19,2.600831,31.81,62.00806399170998,0
20.28,2.595714,31.79,62.00806399170998,0
16.81,2.600831,31.79,62.433965115151864,0
-36.47,2.586759,31.79,62.433965115151864,0
16.01,2.598273,31.79,61.82232606429493,0
12.2,2.595714,31.77,62.433965115151864,0
-42.38,2.599552,31.77,63.31666447310692,0
19.44,2.594435,31.77,62.24949798994366,0
12.91,2.598273,31.77,62.433965115151864,0
-43.08,2.590597,31.79,62.89674077406555,0
24.31,2.595714,31.79,62.433965115151864,0
17.06,2.594435,31.79,62.00806399170998,0
-39.15,2.590597,31.79,62.24949798994366,0
22.46,2.594435,31.77,62.00806399170998,0
18.58,2.590597,31.77,62.00806399170998,0
-27.51,2.590597,31.77,61.82232606429493,0
15.54,2.589318,31.77,62.00806399170998,0
25.76,2.591877,31.81,62.71363488110062,0
-12.8,2.588039,31.81,62.433965115151864,0
-14.67,2.590597,31.81,62.24949798994366,0
25.0,2.591877,31.81,62.00806399170998,0
5.05,2.589318,31.79,61.82232606429493,0
-45.02,2.590597,31.79,62.433965115151864,0
20.47,2.582922,31.79,62.89674077406555,0
22.3,2.588039,31.79,62.433965115151864,0
-10.86,2.58548,31.77,62.433965115151864,0
0.18,2.590597,31.77,63.31666447310692,0
15.12,2.588039,31.77,61.927376821564145,0
-1.2,2.589318,31.77,62.52199612936234,0
-24.33,2.591877,31.81,62.52199612936234,0
15.83,2.582922,31.81,60.93439094632849,0
-9.37,2.596993,31.81,54.20332093147061,0
-32.55,2.60211,31.81,52.94336596779619,0
32.86,2.622578,31.77,76.9285382676676,0
27.19,2.608507,31.77,69.49820141557622,0
-33.26,2.55094,31.77,59.371710435189584,0
-9.17,2.545823,31.77,64.10148204214939,0
-111.35,2.536869,31.79,65.03076195155643,0
28.39,2.538148,31.79,69.57729514719583,0
13.06,2.533031,31.79,63.984373092185564,0
-3.4,2.536869,31.79,62.52199612936234,0
73.98,2.530472,31.79,64.69157595854347,0
-28.35,2.53431,31.79,63.93746945258312,0
-39.42,2.540706,31.79,66.16645675869307,0
-32.73,2.553499,31.79,63.84355879804947,0
-40.05,2.553499,31.81,65.29931086925804,0
90.9,2.559895,31.81,68.64400920692205,0
121.2,2.563733,31.81,81.9817052762383,0
47.25,2.553499,31.81,40.92676385936225,0
-14.34,2.527914,31.79,83.47454701883683,0
26.86,2.594435,31.79,84.9352694703443,0
40.1,2.561174,31.79,71.56814934033156,0
89.41,2.618741,31.79,61.424750711744856,0
48.89,2.58548,31.81,64.21059102671458,0
-94.88,2.58548,31.81,64.42049363362563,0
-131.46,2.579084,31.81,63.631753079732135,0
88.52,2.573967,31.81,63.76519426771944,0
-24.31,2.571408,31.79,63.079315151640635,0
-20.11,2.570129,31.79,63.48228099241551,0
-6.27,2.570129,31.79,64.2339474110069,0
4.28,2.565012,31.79,63.631753079732135,0
-19.03,2.567571,31.81,63.631753079732135,0
-8.9,2.56885,31.81,63.631753079732135,0
1.07,2.56885,31.81,63.89053137985315,0
2.06,2.571408,31.81,63.03967004989794,0
-1.55,2.567571,31.79,63.85138996137829,0
-12.24,2.571408,31.79,63.25345840347388,0
2.21,2.563733,31.79,63.25345840347388,0
-5.78,2.567571,31.79,63.25345840347388,0
4.52,2.565012,31.77,64.07807737440318,0
2.25,2.570129,31.77,64.07807737440318,0
2.34,2.565012,31.77,64.07807737440318,0
5.58,2.567571,31.77,64.07807737440318,0
-11.42,2.567571,31.79,64.07807737440318,0
7.43,2.570129,31.79,63.52164985262898,0
-10.02,2.56885,31.79,63.52164985262898,0
11.3,2.565012,31.79,63.52164985262898,0
-0.29,2.56885,31.77,63.52164985262898,0
5.17,2.562454,31.77,63.52164985262898,0
12.73,2.571408,31.77,63.52164985262898,0
-15.63,2.570129,31.77,63.52164985262898,0
18.73,2.571408,31.79,63.52164985262898,0
16.21,2.573967,31.79,63.52164985262898,0
-17.27,2.557337,31.79,63.52164985262898,0
17.19,2.563733,31.79,63.52164985262898,0
16.61,2.562454,31.79,64.35837163881635,0
-2.52,2.56885,31.79,64.35837163881635,0
-9.85,2.562454,31.79,63.52164985262898,0
13.24,2.563733,31.79,64.35060217278468,0
2.82,2.558616,31.77,63.8200595424354,0
-17.95,2.562454,31.77,63.8200595424354,0
8.23,2.562454,31.77,63.8200595424354,0
11.86,2.561174,31.77,63.8200595424354,0
-3.75,2.562454,31.79,64.35837163881635,0
-22.55,2.561174,31.79,63.812224534175265,0
8.67,2.562454,31.79,63.812224534175265,0
6.73,2.561174,31.79,63.812224534175265,0
-9.77,2.561174,31.79,63.8200595424354,0
1.51,2.562454,31.79,63.8200595424354,0
9.79,2.558616,31.79,63.8200595424354,0
2.65,2.553499,31.79,63.812224534175265,0
-22.9,2.553499,31.77,63.8200595424354,0
10.3,2.556057,31.77,63.812224534175265,0
8.37,2.55222,31.77,63.8200595424354,0
-8.98,2.55222,31.77,63.812224534175265,0
-8.41,2.545823,31.77,63.812224534175265,0
9.86,2.553499,31.77,63.812224534175265,0
1.23,2.55094,31.77,63.812224534175265,0
-23.51,2.548382,31.77,63.812224534175265,0
7.15,2.548382,31.77,63.812224534175265,0
4.69,2.549661,31.77,63.812224534175265,0
-20.21,2.544544,31.77,63.812224534175265,0
7.14,2.545823,31.77,63.812224534175265,0
5.2,2.547103,31.77,63.812224534175265,0
-19.49,2.545823,31.77,63.812224534175265,0
8.62,2.545823,31.77,63.812224534175265,0
6.8,2.545823,31.77,63.812224534175265,0
-24.57,2.547103,31.77,63.28506932918696,0
15.81,2.547103,31.77,63.812224534175265,0
18.68,2.545823,31.77,63.812224534175265,0
0.61,2.545823,31.77,63.28506932918696,0
-36.94,2.543265,31.75,63.28506932918696,0
18.36,2.543265,31.75,63.28506932918696,0
27.93,2.541986,31.75,63.28506932918696,0
12.16,2.544544,31.75,63.28506932918696,0
-9.25,2.544544,31.77,63.28506932918696,0
-48.83,2.547103,31.77,63.28506932918696,0
11.03,2.544544,31.77,63.28506932918696,0
28.38,2.541986,31.77,63.28506932918696,0
7.41,2.541986,31.77,64.1404708432983,0
-30.93,2.543265,31.77,63.28506932918696,0
8.18,2.543265,31.77,63.28506932918696,0
24.51,2.539427,31.77,63.28506932918696,0
3.77,2.538148,31.75,64.1404708432983,0
-37.8,2.538148,31.75,64.1404708432983,0
15.07,2.539427,31.75,64.1404708432983,0
15.05,2.538148,31.75,63.28506932918696,0
-8.85,2.539427,31.75,63.28506932918696,0
-29.65,2.540706,31.75,64.1404708432983,0
16.57,2.535589,31.75,64.1404708432983,0
20.43,2.538148,31.75,64.1482657598785,0
-9.69,2.538148,31.77,64.1404708432983,0
-12.83,2.540706,31.77,64.1404708432983,0
15.93,2.535589,31.77,64.1482657598785,0
12.59,2.53431,31.77,64.1404708432983,0
-13.58,2.535589,31.75,64.1404708432983,0
-7.54,2.539427,31.75,64.1404708432983,0
16.34,2.529193,31.75,64.1404708432983,0
4.94,2.536869,31.75,64.1404708432983,0
-23.86,2.536869,31.77,64.1482657598785,0
12.85,2.536869,31.77,64.1404708432983,0
4.67,2.535589,31.77,64.1482657598785,0
-12.84,2.536869,31.77,64.1482657598785,0
-29.63,2.535589,31.73,69.6491205974634,0
6.29,2.543265,31.73,72.47758274114831,0
14.46,2.548382,31.73,54.415071441651165,0
-8.43,2.547103,31.73,71.53320907103218,0
-21.13,2.572688,31.75,59.27900134111572,0
45.97,2.539427,31.75,68.01470429252781,0
-16.96,2.527914,31.75,58.677082408722406,0
143.53,2.595714,31.75,64.10148204214939,0
-90.75,2.631533,31.77,60.81118318204309,0
207.69,2.623858,31.77,61.514225996918796,0
-112.99,2.594435,31.77,61.04096984812741,0
-510.15,2.591877,31.77,61.603571325045756,0
41.92,2.593156,31.73,62.76941930590086,0
89.26,2.591877,31.73,61.85466837676846,0
-12.24,2.590597,31.73,62.63385665915839,0
34.75,2.589318,31.73,62.297672508690084,0
-65.47,2.577805,31.75,62.13694553162394,0
-10.47,2.580363,31.75,63.694583757176716,0
43.71,2.577805,31.75,62.20932405998316,0
43.15,2.581642,31.75,62.20932405998316,0
-8.43,2.580363,31.77,62.82515419798029,0
-19.92,2.582922,31.77,61.91930232165088,0
29.79,2.58548,31.77,63.623894882347464,0
4.16,2.582922,31.77,62.13694553162394,0
-2.28,2.580363,31.73,62.36184731067546,0
63.95,2.575246,31.73,62.8728876384726,0
2.56,2.571408,31.73,62.64982043070834,0
-24.68,2.566291,31.73,62.64982043070834,0
24.68,2.565012,31.75,62.64982043070834,0
-5.5,2.563733,31.75,62.49799996799898,0
-13.13,2.562454,31.75,62.64982043070834,0
3.1,2.561174,31.75,62.49799996799898,0
-8.31,2.559895,31.75,62.49799996799898,0
-15.62,2.558616,31.75,62.49799996799898,0
8.92,2.556057,31.75,62.64982043070834,0
0.23,2.55094,31.75,62.64982043070834,0
-11.19,2.55222,31.73,62.64982043070834,0
-13.27,2.557337,31.73,62.49799996799898,0
10.43,2.55094,31.73,62.49799996799898,0
5.2,2.55222,31.73,62.49799996799898,0
-6.94,2.55094,31.73,62.52199612936234,0
-15.71,2.556057,31.73,62.49799996799898,0
2.79,2.55222,31.73,62.81719509815764,0
11.16,2.553499,31.73,62.49799996799898,0
-0.67,2.55094,31.71,61.886993787063204,0
-10.44,2.547103,31.71,62.49799996799898,0
-20.55,2.544544,31.71,62.64982043070834,0
11.07,2.545823,31.71,61.886993787063204,0
14.46,2.549661,31.71,62.49799996799898,0
-0.66,2.557337,31.71,63.2771680782255,0
-12.08,2.580363,31.71,62.81719509815764,0
9.08,2.579084,31.71,61.886993787063204,0
11.69,2.576525,31.71,61.886993787063204,0
-15.1,2.575246,31.71,61.886993787063204,0
-11.91,2.55094,31.71,61.886993787063204,0
3.02,2.549661,31.71,62.056425936400814,0
-5.33,2.548382,31.73,61.886993787063204,0
8.59,2.541986,31.73,62.64982043070834,0
2.92,2.545823,31.73,62.64982043070834,0
-14.71,2.545823,31.73,62.64982043070834,0
7.55,2.543265,31.73,62.64982043070834,0
4.21,2.547103,31.73,62.64982043070834,0
-23.13,2.543265,31.73,62.64982043070834,0
11.57,2.544544,31.73,61.886993787063204,0
2.44,2.541986,31.73,62.64982043070834,0
-20.46,2.548382,31.73,62.64982043070834,0
19.48,2.543265,31.73,62.64982043070834,0
1.08,2.540706,31.73,62.64982043070834,0
-22.53,2.536869,31.71,62.64982043070834,0
26.43,2.540706,31.71,61.886993787063204,0
11.48,2.541986,31.71,62.64982043070834,0
-40.19,2.538148,31.71,62.64982043070834,0
21.9,2.541986,31.71,61.886993787063204,0
31.62,2.538148,31.71,61.886993787063204,0
15.79,2.538148,31.71,62.64982043070834,0
-22.44,2.539427,31.71,62.64982043070834,0
-37.58,2.539427,31.71,62.64982043070834,0
29.14,2.538148,31.71,62.64982043070834,0
27.3,2.538148,31.71,62.64982043070834,0
0.89,2.533031,31.71,62.64982043070834,0
-43.29,2.536869,31.75,68.41052550594829,0
12.77,2.535589,31.75,64.34283176858165,0
28.25,2.535589,31.75,63.05553108173778,0
3.35,2.590597,31.75,62.24146527838174,0
-30.28,2.589318,31.73,62.465990746965666,0
32.37,2.596993,31.73,62.39390995922599,0
33.17,2.575246,31.73,61.59545437773797,0
49.59,2.575246,31.73,61.91122676865643,0
-40.8,2.579084,31.71,62.0403094769844,0
-62.02,2.570129,31.71,62.78534860936905,0
17.25,2.55094,31.71,62.0403094769844,0
14.75,2.559895,31.71,62.353829072479584,0
-9.25,2.553499,31.71,61.5223536610881,0
-10.59,2.55094,31.71,63.13477647065839,0
-21.01,2.55222,31.71,63.13477647065839,0
-14.26,2.535589,31.71,62.120849961989414,0
6.81,2.538148,31.71,62.24146527838174,0
-26.33,2.572688,31.71,62.65780079128216,0
2.04,2.573967,31.71,61.85466837676846,0
32.39,2.572688,31.71,62.20128616033595,0
2.07,2.575246,31.73,61.85466837676846,0
5.5,2.570129,31.73,62.313722405261586,0
36.67,2.573967,31.73,61.85466837676846,0
-11.22,2.575246,31.73,61.85466837676846,0
-4.42,2.571408,31.71,62.20128616033595,0
20.73,2.577805,31.71,61.85466837676846,0
-3.05,2.573967,31.71,62.20128616033595,0
-2.81,2.573967,31.71,61.85466837676846,0
28.14,2.571408,31.73,61.85466837676846,0
6.76,2.575246,31.73,61.85466837676846,0
-46.98,2.571408,31.73,61.85466837676846,0
18.76,2.567571,31.73,61.85466837676846,0
29.97,2.563733,31.73,62.313722405261586,0
7.19,2.566291,31.73,62.313722405261586,0
-20.26,2.56885,31.73,61.85466837676846,0
-28.34,2.56885,31.73,62.20128616033595,0
21.4,2.570129,31.73,62.313722405261586,0
22.2,2.56885,31.73,62.313722405261586,0
-5.43,2.570129,31.73,62.20128616033595,0
-29.54,2.570129,31.73,62.20128616033595,0
0.76,2.56885,31.71,62.20128616033595,0
8.91,2.570129,31.71,62.65780079128216,0
-1.91,2.570129,31.71,61.75759062657804,0
-24.67,2.570129,31.71,62.65780079128216,0
9.75,2.570129,31.71,62.20128616033595,0
11.78,2.575246,31.71,62.20128616033595,0
-2.73,2.572688,31.71,62.20128616033595,0
-14.81,2.573967,31.71,62.20128616033595,0
7.37,2.573967,31.71,62.20128616033595,0
0.01,2.575246,31.71,62.20128616033595,0
-1.7,2.575246,31.71,62.20128616033595,0
-7.39,2.575246,31.71,62.20128616033595,0
-17.8,2.573967,31.71,62.20128616033595,0
16.33,2.576525,31.71,62.20128616033595,0
12.2,2.570129,31.71,62.20128616033595,0
-13.71,2.575246,31.71,62.56196927846821,0
2.84,2.575246,31.73,62.20128616033595,0
17.22,2.576525,31.73,62.20128616033595,0
3.17,2.575246,31.73,62.20128616033595,0
-24.45,2.575246,31.73,62.120849961989414,0
17.97,2.576525,31.71,62.20128616033595,0
12.95,2.576525,31.71,62.56196927846821,0
-0.86,2.573967,31.71,61.75759062657804,0
-14.02,2.575246,31.71,61.75759062657804,0
0.89,2.573967,31.71,62.56196927846821,0
12.32,2.572688,31.71,62.120849961989414,0
2.01,2.576525,31.71,62.56196927846821,0
-11.57,2.575246,31.71,62.56196927846821,0
-6.54,2.576525,31.71,62.56196927846821,0
10.92,2.579084,31.71,62.56196927846821,0
3.0,2.579084,31.71,62.120849961989414,0
-4.34,2.576525,31.71,62.56196927846821,0
-4.04,2.579084,31.75,62.120849961989414,0
8.43,2.580363,31.75,62.120849961989414,0
3.38,2.579084,31.75,62.56196927846821,0
-3.94,2.571408,31.75,62.120849961989414,0
-3.79,2.573967,31.71,62.120849961989414,0
5.78,2.577805,31.71,62.120849961989414,0
0.6,2.577805,31.71,62.56196927846821,0
-3.13,2.576525,31.71,62.56196927846821,0
-1.76,2.575246,31.71,62.120849961989414,0
2.7,2.577805,31.71,62.56196927846821,0
-0.25,2.573967,31.71,61.75759062657804,0
-2.76,2.575246,31.71,62.20128616033595,0
0.88,2.570129,31.71,62.56196927846821,0
-1.35,2.577805,31.71,62.120849961989414,0
-0.42,2.575246,31.71,62.120849961989414,0
-6.0,2.571408,31.71,61.0,0
7.32,2.575246,31.71,61.326992425847855,0
6.47,2.572688,31.71,62.52199612936234,0
-3.47,2.557337,31.71,61.08191221630181,0
-3.2,2.529193,31.71,65.30696746902278,0
-18.11,2.526635,31.73,60.489668539346454,0
-33.03,2.525355,31.73,65.80273550544841,0
-78.79,2.527914,31.73,62.55397669213365,0
34.01,2.527914,31.73,61.106464469808756,0
44.96,2.526635,31.73,62.8410693734599,0
-73.28,2.530472,31.73,61.30252849597641,0
-28.84,2.526635,31.73,63.984373092185564,0
19.33,2.531752,31.73,62.74551776820397,0
12.8,2.529193,31.73,61.7980582219215,0
57.75,2.531752,31.73,61.69278726074872,0
-26.41,2.529193,31.73,62.94441992742486,0
20.49,2.533031,31.73,62.96824596572466,0
37.42,2.533031,31.71,62.465990746965666,0
-32.95,2.544544,31.71,61.90315016216864,0
35.61,2.539427,31.71,62.56196927846821,0
63.95,2.53431,31.71,62.56196927846821,0
24.11,2.533031,31.71,62.20128616033595,0
-3.96,2.529193,31.71,62.112800613078136,0
11.76,2.531752,31.71,62.112800613078136,0
23.43,2.526635,31.71,62.82515419798029,0
-15.18,2.529193,31.73,62.20128616033595,0
32.88,2.527914,31.73,62.112800613078136,0
21.07,2.527914,31.73,62.112800613078136,0
-12.02,2.527914,31.73,62.72160712226688,0
-13.16,2.524076,31.71,62.72160712226688,0
8.64,2.529193,31.71,62.72160712226688,0
-16.28,2.525355,31.71,62.112800613078136,0
-28.83,2.525355,31.71,62.112800613078136,0
17.54,2.51768,31.69,61.7980582219215,0
4.51,2.527914,31.69,62.20128616033595,0
-26.83,2.518959,31.69,62.72160712226688,0
9.05,2.524076,31.69,62.20128616033595,0
21.64,2.525355,31.73,62.20128616033595,0
-20.14,2.524076,31.73,62.72160712226688,0
-7.66,2.524076,31.73,62.20128616033595,0
1.11,2.521518,31.73,62.20128616033595,0
-12.39,2.524076,31.73,62.20128616033595,0
-2.16,2.518959,31.73,62.20128616033595,0
2.99,2.524076,31.73,62.20128616033595,0
-12.3,2.518959,31.73,62.72160712226688,0
-0.8,2.522797,31.71,62.20128616033595,0
2.88,2.522797,31.71,62.20128616033595,0
-10.74,2.518959,31.71,62.72160712226688,0
-1.13,2.521518,31.71,62.20128616033595,0
4.39,2.520238,31.73,62.72160712226688,0
-12.9,2.51768,31.73,62.20128616033595,0
2.43,2.51768,31.73,62.20128616033595,0
7.29,2.51768,31.73,62.20128616033595,0
-15.34,2.518959,31.71,62.20128616033595,0
5.49,2.516401,31.71,62.72160712226688,0
8.12,2.512563,31.71,62.20128616033595,0
-9.2,2.516401,31.71,62.112800613078136,0
-6.54,2.516401,31.73,62.72160712226688,0
13.53,2.515121,31.73,62.20128616033595,0
9.34,2.515121,31.73,62.20128616033595,0
-3.41,2.516401,31.73,62.20128616033595,0
-26.33,2.513842,31.71,62.20128616033595,0
7.72,2.515121,31.71,62.72160712226688,0
15.3,2.515121,31.71,62.20128616033595,0
3.53,2.515121,31.71,62.20128616033595,0
-15.35,2.506166,31.73,62.20128616033595,0
1.06,2.511284,31.73,62.20128616033595,0
13.93,2.512563,31.73,62.20128616033595,0
5.58,2.511284,31.73,62.72160712226688,0
-14.57,2.512563,31.71,62.20128616033595,0
-1.74,2.507446,31.71,62.20128616033595,0
12.57,2.508725,31.71,62.20128616033595,0
3.4,2.506166,31.71,62.20128616033595,0
-17.47,2.511284,31.71,62.72160712226688,0
4.89,2.508725,31.71,62.20128616033595,0
14.3,2.507446,31.71,62.20128616033595,0
-0.8,2.508725,31.71,62.0403094769844,0
-25.27,2.50105,31.73,62.72160712226688,0
8.64,2.508725,31.73,62.112800613078136,0
10.72,2.506166,31.73,62.20128616033595,0
-14.81,2.507446,31.73,62.20128616033595,0
-2.94,2.503608,31.75,62.20128616033595,0
13.45,2.508725,31.75,62.72160712226688,0
-4.01,2.493374,31.75,62.20128616033595,0
3.55,2.502329,31.75,62.112800613078136,0
10.87,2.506166,31.75,62.20128616033595,0
-11.2,2.506166,31.75,62.20128616033595,0
4.48,2.503608,31.75,62.20128616033595,0
12.38,2.498491,31.75,62.30569797378086,0
-18.6,2.503608,31.75,62.72160712226688,0
11.08,2.49977,31.75,62.20128616033595,0
5.24,2.502329,31.75,62.72160712226688,0
-19.65,2.498491,31.75,62.20128616033595,0
10.68,2.50105,31.75,62.20128616033595,0
-8.75,2.49977,31.75,62.72160712226688,0
4.42,2.502329,31.75,62.20128616033595,0
16.75,2.503608,31.75,62.72160712226688,0
-11.16,2.498491,31.75,62.20128616033595,0
10.01,2.502329,31.75,62.20128616033595,0
25.57,2.494653,31.75,62.30569797378086,0
4.3,2.49977,31.75,62.20128616033595,0
-40.26,2.494653,31.73,62.72160712226688,0
22.11,2.50105,31.73,62.20128616033595,0
25.55,2.497212,31.73,62.20128616033595,0
3.29,2.49977,31.73,62.20128616033595,0
-35.12,2.490816,31.75,62.72160712226688,0
14.72,2.497212,31.75,62.20128616033595,0
20.17,2.50105,31.75,62.20128616033595,0
2.68,2.498491,31.75,62.72160712226688,0
-31.17,2.497212,31.73,62.72160712226688,0
11.23,2.492095,31.73,62.72160712226688,0
12.62,2.495933,31.73,62.20128616033595,0
-8.36,2.492095,31.73,62.20128616033595,0
-10.24,2.494653,31.73,62.72160712226688,0
11.23,2.492095,31.73,62.20128616033595,0
2.02,2.492095,31.73,62.20128616033595,0
-21.95,2.492095,31.73,62.41794613730894,0
1.88,2.492095,31.75,62.20128616033595,0
13.63,2.495933,31.75,62.112800613078136,0
-2.47,2.492095,31.75,62.20128616033595,0
-34.91,2.493374,31.75,62.20128616033595,0
8.6,2.486978,31.75,62.20128616033595,0
17.17,2.492095,31.75,62.20128616033595,0
-11.08,2.488257,31.75,62.72160712226688,0
-5.1,2.494653,31.75,61.71709649683789,0
14.31,2.489536,31.73,64.45928947793328,0
-4.51,2.497212,31.73,63.56099432828282,0
-11.96,2.507446,31.73,60.860496218811754,0
13.05,2.527914,31.73,67.11929677819934,0
30.11,2.474185,31.73,62.00806399170998,0
99.0,2.510004,31.73,63.56886030125127,0
-32.09,2.515121,31.73,60.207972893961475,0
-116.15,2.507446,31.73,62.048368229954285,0
138.42,2.507446,31.75,64.5445582524197,0
79.54,2.498491,31.75,61.07372593840988,0
-110.62,2.507446,31.75,62.928530890209096,0
-66.77,2.503608,31.75,63.35613624582863,0
-48.81,2.506166,31.73,61.644140029689765,0
29.32,2.506166,31.73,64.27285585688566,0
-38.72,2.503608,31.73,63.4428877022476,0
-50.99,2.507446,31.73,62.23343153000644,0
49.12,2.507446,31.71,62.89674077406555,0
41.03,2.507446,31.71,62.5939294181153,0
-15.06,2.50105,31.71,62.5939294181153,0
23.92,2.510004,31.71,62.68173577685928,0
14.95,2.506166,31.71,62.5939294181153,0
-3.93,2.511284,31.71,62.321745803531535,0
35.95,2.508725,31.71,62.89674077406555,0
15.41,2.508725,31.71,62.42595614005443,0
-14.22,2.511284,31.71,61.97580172938467,0
22.67,2.511284,31.71,63.05553108173778,0
2.76,2.512563,31.71,62.42595614005443,0
-18.37,2.511284,31.71,62.13694553162394,0
20.43,2.513842,31.75,63.796551630946325,0
7.25,2.527914,31.75,63.56099432828282,0
-8.16,2.51768,31.75,62.42595614005443,0
3.02,2.508725,31.75,62.68173577685928,0
24.81,2.512563,31.73,61.862751312886175,0
12.42,2.513842,31.73,62.63385665915839,0
-24.94,2.512563,31.73,62.49799996799898,0
-15.06,2.512563,31.73,62.120849961989414,0
-9.83,2.510004,31.75,63.03967004989794,0
-12.19,2.511284,31.75,62.90468980926621,0
3.8,2.495933,31.75,62.36184731067546,0
-1.6,2.504887,31.75,62.36184731067546,0
-12.24,2.497212,31.77,62.27358990776106,0
-1.03,2.506166,31.77,62.90468980926621,0
-2.56,2.503608,31.77,62.64982043070834,0
-12.82,2.504887,31.77,63.190189111918315,0
1.65,2.502329,31.75,62.93647591023825,0
0.73,2.502329,31.75,62.77738446287803,0
1.7,2.502329,31.75,62.77738446287803,0
40.09,2.50105,31.75,62.72160712226688,0
63.22,2.49977,31.75,62.77738446287803,0
-41.94,2.49977,31.75,62.313722405261586,0
-51.7,2.502329,31.75,62.77738446287803,0
-42.92,2.492095,31.75,63.14269553954757,0
-28.83,2.498491,31.75,63.26926584053272,0
-11.04,2.494653,31.75,62.68173577685928,0
-0.11,2.49977,31.75,62.24146527838174,0
-6.58,2.498491,31.75,63.14269553954757,0
6.99,2.498491,31.73,62.77738446287803,0
0.22,2.495933,31.73,63.14269553954757,0
6.32,2.493374,31.73,62.72160712226688,0
14.56,2.495933,31.73,62.72160712226688,0
-6.54,2.492095,31.75,62.72160712226688,0
19.27,2.497212,31.75,62.72160712226688,0
21.16,2.488257,31.75,62.72160712226688,0
-9.21,2.493374,31.75,62.72160712226688,0
17.01,2.485698,31.75,62.72160712226688,0
18.7,2.490816,31.75,62.72160712226688,0
-11.61,2.490816,31.75,62.177166226839255,0
16.45,2.489536,31.75,62.6418390534633,0
16.39,2.488257,31.77,62.24949798994366,0
-14.38,2.488257,31.77,62.24146527838174,0
9.76,2.486978,31.77,62.27358990776106,0
20.78,2.484419,31.77,63.079315151640635,0
1.42,2.489536,31.75,63.103090257134,0
-17.72,2.479302,31.75,62.177166226839255,0
18.49,2.485698,31.75,62.20128616033595,0
-4.87,2.48314,31.75,63.103090257134,0
-10.16,2.48314,31.75,62.177166226839255,0
9.29,2.484419,31.75,63.103090257134,0
0.39,2.484419,31.75,62.20128616033595,0
-12.04,2.484419,31.75,63.103090257134,0
8.86,2.485698,31.75,63.103090257134,0
2.2,2.485698,31.75,62.20128616033595,0
-11.76,2.481861,31.75,62.177166226839255,0
6.58,2.485698,31.75,62.177166226839255,0
-0.2,2.476744,31.77,62.177166226839255,0
-15.37,2.484419,31.77,63.079315151640635,0
4.63,2.474185,31.77,62.177166226839255,0
-1.52,2.480582,31.77,62.177166226839255,0
-13.58,2.478023,31.73,62.177166226839255,0
9.28,2.478023,31.73,62.177166226839255,0
2.56,2.478023,31.73,62.177166226839255,0
-13.76,2.474185,31.73,62.177166226839255,0
7.99,2.476744,31.77,62.177166226839255,0
2.83,2.474185,31.77,62.177166226839255,0
-19.16,2.478023,31.77,62.177166226839255,0
7.86,2.469068,31.77,62.177166226839255,0
8.36,2.474185,31.77,62.177166226839255,0
-17.53,2.474185,31.77,62.617888817813075,0
6.23,2.474185,31.77,62.16912416947821,0
9.17,2.474185,31.77,63.50590523722971,0
-10.55,2.474185,31.77,63.56886030125127,0
-0.38,2.475465,31.77,62.313722405261586,0
16.72,2.471627,31.77,61.84658438426491,0
4.19,2.474185,31.77,62.617888817813075,0
-23.37,2.470347,31.73,62.72160712226688,0
4.14,2.475465,31.73,63.071388124885914,0
2.22,2.469068,31.73,62.609903369994115,0
-8.9,2.472906,31.73,62.177166226839255,0
10.32,2.472906,31.75,62.177166226839255,0
6.81,2.470347,31.75,62.617888817813075,0
-3.4,2.474185,31.75,62.6418390534633,0
16.07,2.474185,31.75,62.617888817813075,0
2.53,2.476744,31.75,62.617888817813075,0
-27.27,2.478023,31.75,62.20128616033595,0
-1.21,2.48314,31.75,63.079315151640635,0
-7.66,2.472906,31.75,62.20128616033595,0
0.44,2.486978,31.77,62.20128616033595,0
7.67,2.486978,31.77,62.617888817813075,0
-13.26,2.480582,31.77,62.465990746965666,0
8.76,2.525355,31.77,55.47071299343465,0
4.28,2.531752,31.75,62.37788069500277,0
-20.19,2.498491,31.75,76.8049477572897,0
-8.49,2.490816,31.75,70.39176088151227,0
-37.6,2.522797,31.75,58.60034129593445,0
46.57,2.539427,31.77,55.86591089385369,0
160.42,2.507446,31.77,64.93843238021688,0
-16.22,2.490816,31.77,65.22269543648132,0
90.61,2.49977,31.77,70.44146506142529,0
-283.16,2.510004,31.75,58.01723881744115,0
24.43,2.526635,31.75,83.77947242612596,0
44.74,2.521518,31.75,57.94825277780168,0
39.34,2.595714,31.75,52.69724850502159,0
38.73,2.614903,31.77,62.20128616033595,0
-58.39,2.573967,31.77,67.27555276621665,0
69.34,2.558616,31.77,63.58458932791813,0
9.82,2.544544,31.77,64.26507605223851,0
43.2,2.549661,31.75,66.39277069079132,0
-93.46,2.544544,31.75,64.57553716385176,0
-51.8,2.540706,31.75,67.03730304837748,0
5.69,2.533031,31.75,64.27285585688566,0
0.52,2.530472,31.77,65.31462317123173,0
-9.53,2.531752,31.77,64.01562309311689,0
-7.67,2.527914,31.77,65.1766829472013,0
9.07,2.533031,31.77,64.93843238021688,0
-19.88,2.530472,31.75,64.01562309311689,0
-9.86,2.533031,31.75,64.89221833163049,0
17.18,2.562454,31.75,64.319514923544,0
17.32,2.53431,31.75,65.19202405202648,0
8.26,2.527914,31.77,64.57553716385176,0
-7.67,2.526635,31.77,65.49045732013177,0
-8.03,2.522797,31.77,65.23802572120036,0
-9.83,2.524076,31.77,65.86349520030045,0
-8.77,2.522797,31.77,64.65291950097846,0
2.63,2.522797,31.77,64.93843238021688,0
5.38,2.526635,31.77,64.93843238021688,0
-19.54,2.529193,31.77,64.65291950097846,0
12.02,2.529193,31.77,64.93843238021688,0
0.48,2.53431,31.77,64.93843238021688,0
-4.06,2.53431,31.77,64.93843238021688,0
8.62,2.533031,31.77,64.93843238021688,0
-5.83,2.529193,31.77,64.93843238021688,0
13.81,2.529193,31.77,64.93843238021688,0
9.05,2.527914,31.77,67.94850991743675,0
-16.28,2.521518,31.77,60.64651680022522,0
13.57,2.558616,31.77,68.47627326307996,0
-0.09,2.525355,31.77,54.18486873657626,0
-13.57,2.474185,31.77,66.30987860040162,0
-14.91,2.469068,31.77,67.83067152844649,0
26.17,2.471627,31.79,55.94640292279746,0
-114.7,2.471627,31.79,67.7716754994297,0
-20.34,2.458834,31.79,51.487862647424,0
75.37,2.452438,31.79,118.38074167701434,0
53.65,2.516401,31.77,66.88049042882386,0
37.61,2.561174,31.77,104.19692893746917,0
111.19,2.557337,31.77,62.20128616033595,0
212.82,2.55222,31.77,64.87680633323437,0
-26.42,2.548382,31.77,65.08456038109192,0
-400.03,2.55094,31.77,65.83312236253116,0
-109.44,2.55222,31.77,70.71774883294857,0
20.81,2.559895,31.77,77.3950902835574,0
21.22,2.527914,31.77,58.01723881744115,0
-7.69,2.553499,31.77,73.60027173862879,0
-34.91,2.540706,31.77,74.42445834535849,0
-144.9,2.497212,31.77,59.472682804797024,0
48.07,2.360332,31.77,67.94850991743675,0
95.59,2.196588,31.77,67.91906948714772,0
111.47,2.204263,31.77,62.27358990776106,0
-75.92,2.488257,31.77,66.67083320313314,0
-16.29,2.535589,31.77,65.4446330878247,0
10.35,2.548382,31.77,59.50630218724736,0
35.65,2.573967,31.77,65.64297372910524,0
8.92,2.600831,31.77,76.56369897020389,0
23.92,2.621299,31.77,88.66791979064357,0
-28.59,2.641767,31.77,64.56779382943171,0
-1.45,2.639209,31.77,60.868711174132805,0
52.11,2.635371,31.77,68.13222438758329,0
80.45,2.631533,31.77,60.489668539346454,0
-5.28,2.605948,31.77,63.4428877022476,0
21.14,2.51768,31.77,58.146367040426526,0
115.93,2.596993,31.77,76.28237017817419,0
-43.98,2.628975,31.77,62.30569797378086,0
-45.37,2.613624,31.77,66.31741852635702,0
-83.35,2.60339,31.77,67.80117993073571,0
-0.15,2.588039,31.77,67.72001181334805,0
-66.68,2.590597,31.75,55.44366510251645,0
6.62,2.58548,31.75,63.88270501473775,0
9.17,2.591877,31.75,64.7533782902483,0
-17.0,2.60339,31.75,64.72248450113763,0
17.85,2.586759,31.77,65.76473218982953,0
10.92,2.580363,31.77,65.49809157525127,0
-26.44,2.586759,31.77,66.46803743153546,0
-17.79,2.591877,31.77,65.1536645170477,0
3.45,2.608507,31.77,65.30696746902278,0
14.02,2.616182,31.77,65.71149062378664,0
15.44,2.612345,31.77,64.68384651518491,0
-11.98,2.613624,31.77,65.08456038109192,0
5.5,2.607227,31.77,66.19667665374146,0
5.67,2.617461,31.77,64.45153217728807,0
2.03,2.609786,31.77,64.91532946846992,0
-4.17,2.609786,31.77,66.2872536767062,0
-3.37,2.608507,31.79,64.50581369148055,0
11.86,2.605948,31.79,65.62011886609167,0
6.38,2.607227,31.79,65.37583651472461,0
-0.88,2.609786,31.79,66.87301398920195,0
-3.93,2.608507,31.77,65.58963332722634,0
2.47,2.607227,31.77,65.58963332722634,0
9.14,2.607227,31.77,64.91532946846992,0
-9.22,2.600831,31.77,64.91532946846992,0
-3.54,2.609786,31.75,65.18435395092905,0
5.58,2.609786,31.75,65.58963332722634,0
8.24,2.609786,31.75,64.89992295835181,0
2.34,2.608507,31.75,66.007575322837,0
-9.87,2.609786,31.77,65.14598989960932,0
1.01,2.614903,31.77,65.14598989960932,0
-1.09,2.611065,31.77,64.72248450113763,0
14.68,2.608507,31.77,65.14598989960932,0
-5.44,2.605948,31.75,64.72248450113763,0
-9.95,2.614903,31.75,65.42935121182236,0
1.24,2.604669,31.75,64.72248450113763,0
-3.94,2.611065,31.75,65.62011886609167,0
2.01,2.608507,31.75,64.87680633323437,0
-0.53,2.614903,31.75,65.87108622149782,0
2.26,2.60339,31.75,65.25335240430181,0
-0.69,2.612345,31.75,64.82283548256741,0
-7.29,2.609786,31.77,65.25335240430181,0
1.91,2.607227,31.77,65.49045732013177,0
9.1,2.611065,31.77,65.14598989960932,0
-6.85,2.607227,31.77,65.14598989960932,0
-7.24,2.608507,31.73,65.42935121182236,0
-5.44,2.600831,31.73,65.42935121182236,0
5.39,2.604669,31.73,65.58200972827838,0
1.7,2.600831,31.73,65.14598989960932,0
6.7,2.609786,31.75,65.42935121182236,0
4.93,2.609786,31.75,65.42935121182236,0
-8.51,2.612345,31.75,65.14598989960932,0
5.82,2.612345,31.75,65.14598989960932,0
-2.02,2.611065,31.75,65.14598989960932,0
8.99,2.612345,31.75,65.7419196555744,0
7.39,2.609786,31.75,67.29784543356496,0
-13.17,2.605948,31.75,65.31462317123173,0
7.48,2.600831,31.75,65.32227797620043,0
9.24,2.607227,31.75,65.06919393998976,0
-6.1,2.604669,31.75,65.06919393998976,0
3.05,2.605948,31.75,65.32227797620043,0
0.76,2.60339,31.75,65.06919393998976,0
10.08,2.607227,31.75,64.45153217728807,0
6.02,2.604669,31.75,64.87680633323437,0
-6.74,2.604669,31.75,65.42935121182236,0
5.43,2.604669,31.77,64.57553716385176,0
1.44,2.604669,31.77,65.42935121182236,0
-10.04,2.599552,31.77,65.00769185258002,0
2.96,2.596993,31.77,65.42935121182236,0
-0.33,2.598273,31.75,65.42935121182236,0
3.06,2.600831,31.75,65.42935121182236,0
2.71,2.598273,31.75,65.58200972827838,0
-9.05,2.599552,31.75,65.46754921333164,0
-0.59,2.600831,31.75,65.01538279515087,0
-4.57,2.600831,31.75,65.42935121182236,0
0.94,2.589318,31.75,64.57553716385176,0
1.61,2.600831,31.75,65.42935121182236,0
-3.59,2.604669,31.75,65.42935121182236,0
-0.38,2.60211,31.75,65.42935121182236,0
-1.05,2.600831,31.75,65.42935121182236,0
6.53,2.60211,31.75,64.87680633323437,0
-1.58,2.607227,31.73,66.15889962809237,0
-8.34,2.604669,31.73,64.87680633323437,0
-2.16,2.60339,31.73,65.31462317123173,0
-0.7,2.60211,31.73,64.87680633323437,0
4.26,2.60211,31.73,64.57553716385176,0
-1.55,2.600831,31.73,65.72670690061993,0
-9.26,2.599552,31.73,64.87680633323437,0
0.07,2.599552,31.73,65.72670690061993,0
-3.13,2.60211,31.73,65.72670690061993,0
3.19,2.596993,31.73,65.72670690061993,0
1.6,2.599552,31.73,65.30696746902278,0
-4.75,2.60211,31.73,65.72670690061993,0
4.04,2.598273,31.73,64.72248450113763,0
1.13,2.605948,31.73,64.72248450113763,0
4.23,2.604669,31.73,66.2872536767062,0
3.19,2.607227,31.73,65.14598989960932,0
0.78,2.604669,31.75,65.14598989960932,0
10.39,2.605948,31.75,65.14598989960932,0
7.46,2.60339,31.75,65.58200972827838,0
-20.1,2.604669,31.75,65.14598989960932,0
-4.29,2.600831,31.75,64.45153217728807,0
-2.61,2.60211,31.75,65.14598989960932,0
-2.58,2.600831,31.75,65.42935121182236,0
1.67,2.599552,31.75,65.14598989960932,0
0.45,2.596993,31.73,65.58200972827838,0
-4.63,2.594435,31.73,65.14598989960932,0
3.15,2.594435,31.73,65.14598989960932,0
0.55,2.591877,31.73,65.42935121182236,0
-0.31,2.594435,31.73,65.14598989960932,0
1.77,2.591877,31.73,65.42935121182236,0
-5.88,2.594435,31.73,65.42935121182236,0
2.29,2.588039,31.73,65.42935121182236,0
1.77,2.595714,31.73,66.15889962809237,0
-3.29,2.594435,31.73,65.00769185258002,0
3.93,2.596993,31.73,65.42935121182236,0
3.56,2.595714,31.73,65.42935121182236,0
7.56,2.594435,31.71,65.42935121182236,0
1.24,2.599552,31.71,65.42935121182236,0
-7.56,2.596993,31.71,64.87680633323437,0
-6.23,2.598273,31.71,65.42935121182236,0
-3.41,2.593156,31.73,65.72670690061993,0
-0.7,2.594435,31.73,64.57553716385176,0
-2.43,2.586759,31.73,65.14598989960932,0
-6.13,2.593156,31.73,65.00769185258002,0
4.58,2.588039,31.71,65.00769185258002,0
1.57,2.593156,31.71,64.72248450113763,0
-1.26,2.588039,31.71,65.14598989960932,0
5.52,2.589318,31.71,65.14598989960932,0
5.45,2.582922,31.73,64.72248450113763,0
-4.75,2.589318,31.73,65.00769185258002,0
-4.44,2.591877,31.73,65.58200972827838,0
-5.19,2.589318,31.73,65.14598989960932,0
1.06,2.586759,31.73,65.86349520030045,0
9.11,2.584201,31.73,65.42935121182236,0
1.62,2.588039,31.73,65.42935121182236,0
6.14,2.588039,31.73,65.42935121182236,0
4.89,2.588039,31.73,65.42935121182236,0
-0.08,2.588039,31.73,65.86349520030045,0
8.72,2.586759,31.73,65.14598989960932,0
1.32,2.586759,31.73,65.42935121182236,0
-9.63,2.588039,31.71,65.42935121182236,0
2.97,2.586759,31.71,65.14598989960932,0
-5.2,2.586759,31.71,65.86349520030045,0
1.92,2.589318,31.71,65.42935121182236,0
1.07,2.584201,31.71,65.14598989960932,0
-8.1,2.588039,31.71,65.42935121182236,0
4.14,2.586759,31.71,64.87680633323437,0
2.24,2.588039,31.71,65.00769185258002,0
-0.99,2.589318,31.73,65.42935121182236,0
11.47,2.593156,31.73,65.42935121182236,0
10.06,2.593156,31.73,65.30696746902278,0
3.19,2.599552,31.73,64.45153217728807,0
-4.7,2.60211,31.71,65.72670690061993,0
-15.16,2.607227,31.71,65.72670690061993,0
1.53,2.591877,31.71,66.15889962809237,0
3.58,2.598273,31.71,65.30696746902278,0
-9.0,2.604669,31.73,65.42935121182236,0
-12.08,2.60339,31.73,64.57553716385176,0
-4.41,2.600831,31.73,65.01538279515087,0
9.0,2.604669,31.73,64.57553716385176,0
3.45,2.60211,31.71,65.42935121182236,0
-4.27,2.596993,31.71,65.01538279515087,0
-0.88,2.598273,31.71,65.01538279515087,0
-3.9,2.599552,31.71,64.57553716385176,0
0.92,2.598273,31.71,64.57553716385176,0
4.38,2.596993,31.71,65.72670690061993,0
-1.57,2.593156,31.71,65.01538279515087,0
8.88,2.589318,31.71,65.42935121182236,0
9.22,2.595714,31.71,65.01538279515087,0
-10.44,2.596993,31.71,65.86349520030045,0
-0.02,2.593156,31.71,64.57553716385176,0
1.75,2.594435,31.71,64.57553716385176,0
-9.4,2.594435,31.69,65.42935121182236,0
1.06,2.595714,31.69,64.87680633323437,0
4.35,2.593156,31.69,64.87680633323437,0
-9.23,2.591877,31.69,65.42935121182236,0
3.78,2.588039,31.71,64.87680633323437,0
4.68,2.588039,31.71,65.76473218982953,0
-1.38,2.590597,31.71,65.01538279515087,0
1.15,2.593156,31.71,65.01538279515087,0
7.68,2.593156,31.73,64.87680633323437,0
1.14,2.598273,31.73,65.01538279515087,0
-6.45,2.595714,31.73,65.01538279515087,0
-13.06,2.596993,31.73,64.87680633323437,0
5.21,2.595714,31.71,65.31462317123173,0
-2.81,2.596993,31.71,65.01538279515087,0
5.34,2.594435,31.71,66.15889962809237,0
11.14,2.593156,31.71,65.31462317123173,0
5.69,2.589318,31.71,65.31462317123173,0
0.01,2.593156,31.71,65.31462317123173,0
-4.75,2.591877,31.71,65.01538279515087,0
-5.68,2.589318,31.71,64.87680633323437,0
0.86,2.590597,31.71,65.62773803811922,0
-0.97,2.588039,31.71,65.31462317123173,0
15.74,2.590597,31.71,64.87680633323437,0
9.07,2.589318,31.71,65.76473218982953,0
-4.57,2.591877,31.71,65.31462317123173,0
-2.03,2.590597,31.71,65.31462317123173,0
-13.04,2.588039,31.71,65.86349520030045,0
-5.0,2.58548,31.71,66.03029607687671,0
-6.34,2.589318,31.69,65.86349520030045,0
-0.19,2.591877,31.69,65.72670690061993,0
1.34,2.588039,31.69,65.18435395092905,0
-3.54,2.590597,31.69,65.01538279515087,0
3.25,2.588039,31.69,65.42935121182236,0
2.74,2.593156,31.69,65.42935121182236,0
-6.41,2.586759,31.69,65.42935121182236,0
9.05,2.588039,31.69,65.01538279515087,0
-8.65,2.58548,31.71,65.01538279515087,0
-1.28,2.590597,31.71,65.42935121182236,0
1.36,2.576525,31.71,65.86349520030045,0
-7.75,2.588039,31.71,65.42935121182236,0
6.11,2.588039,31.71,64.57553716385176,0
3.99,2.584201,31.71,65.72670690061993,0
4.01,2.58548,31.71,66.30987860040162,0
6.1,2.584201,31.71,65.01538279515087,0
8.3,2.584201,31.67,65.42935121182236,0
4.29,2.580363,31.67,65.42935121182236,0
-3.58,2.584201,31.67,65.42935121182236,0
-6.54,2.581642,31.67,65.42935121182236,0
-4.73,2.582922,31.67,65.86349520030045,0
-3.51,2.581642,31.67,65.01538279515087,0
-4.56,2.58548,31.67,65.01538279515087,0
-2.83,2.58548,31.67,64.57553716385176,0
-5.15,2.58548,31.71,65.58200972827838,0
9.53,2.588039,31.71,65.72670690061993,0
5.84,2.586759,31.71,64.57553716385176,0
-1.58,2.58548,31.71,65.42935121182236,0
-4.1,2.582922,31.67,64.87680633323437,0
-5.18,2.588039,31.67,65.42935121182236,0
3.24,2.580363,31.67,65.00769185258002,0
2.7,2.582922,31.67,65.18435395092905,0
7.8,2.576525,31.67,65.01538279515087,0
14.89,2.576525,31.67,65.01538279515087,0
-1.07,2.565012,31.67,65.01538279515087,0
-14.76,2.573967,31.67,65.42935121182236,0
-11.08,2.573967,31.67,64.57553716385176,0
-2.16,2.575246,31.67,64.57553716385176,0
5.59,2.576525,31.67,64.45153217728807,0
3.72,2.577805,31.67,65.31462317123173,0
7.79,2.582922,31.69,65.31462317123173,0
-6.23,2.579084,31.69,65.31462317123173,0
2.82,2.58548,31.69,65.31462317123173,0
-2.24,2.580363,31.69,65.01538279515087,0
-9.21,2.586759,31.67,64.57553716385176,0
0.04,2.58548,31.67,65.31462317123173,0
-7.55,2.584201,31.67,64.57553716385176,0
2.3,2.584201,31.67,65.01538279515087,0
5.96,2.580363,31.67,65.01538279515087,0
-1.87,2.588039,31.67,65.42935121182236,0
7.34,2.582922,31.67,65.31462317123173,0
7.47,2.589318,31.67,65.01538279515087,0
-3.63,2.590597,31.69,65.01538279515087,0
6.9,2.589318,31.69,65.01538279515087,0
6.01,2.588039,31.69,65.01538279515087,0
-5.73,2.594435,31.69,64.87680633323437,0
-4.36,2.591877,31.71,65.42935121182236,0
1.71,2.588039,31.71,65.42935121182236,0
9.0,2.589318,31.71,65.46754921333164,0
6.03,2.584201,31.71,65.01538279515087,0
1.2,2.584201,31.67,65.86349520030045,0
-11.24,2.58548,31.67,64.87680633323437,0
-8.53,2.58548,31.67,65.01538279515087,0
-5.88,2.589318,31.67,65.31462317123173,0
-10.6,2.594435,31.67,65.86349520030045,0
0.56,2.598273,31.67,65.86349520030045,0
0.07,2.605948,31.67,64.79197481170026,0
2.13,2.609786,31.67,65.62773803811922,0
3.84,2.607227,31.69,65.62773803811922,0
-0.55,2.611065,31.69,65.62773803811922,0
11.24,2.607227,31.69,65.62773803811922,0
-4.2,2.605948,31.69,65.62773803811922,0
-0.45,2.599552,31.69,65.19202405202648,0
-5.53,2.60339,31.69,65.19202405202648,0
-6.26,2.596993,31.69,65.76473218982953,0
4.46,2.595714,31.69,65.62773803811922,0
3.7,2.586759,31.67,65.24568951279464,0
3.83,2.588039,31.67,65.24568951279464,0
9.45,2.589318,31.67,65.62773803811922,0
4.19,2.588039,31.67,65.31462317123173,0
7.83,2.586759,31.69,65.31462317123173,0
-19.93,2.581642,31.69,65.62773803811922,0
-7.37,2.584201,31.69,65.19202405202648,0
1.31,2.581642,31.69,64.73020933072904,0
-1.42,2.586759,31.67,65.42935121182236,0
12.8,2.581642,31.67,64.28841264178172,0
-2.72,2.584201,31.67,64.57553716385176,0
-11.18,2.571408,31.67,65.86349520030045,0
-6.81,2.584201,31.67,65.86349520030045,0
-0.05,2.58548,31.67,66.46803743153546,0
6.39,2.582922,31.67,75.50496672405067,0
12.98,2.622578,31.67,59.481089431852205,0
9.02,2.596993,31.67,52.354560450833695,0
23.47,2.611065,31.67,59.54829972383762,0
90.22,2.626416,31.67,64.79197481170026,0
156.0,2.673748,31.67,66.2268827591938,0
59.17,2.672469,31.67,63.631753079732135,0
-150.05,2.677586,31.67,63.608175575157006,0
-55.04,2.67119,31.67,63.182275995725256,0
-140.04,2.690379,31.67,63.35613624582863,0
-29.22,2.6891,31.65,64.5445582524197,0
46.33,2.691658,31.65,67.94850991743675,0
-1.29,2.686541,31.65,56.938563381947034,0
-22.71,2.695496,31.65,61.814237842102365,0
30.52,2.662235,31.67,62.505999712027645,0
49.7,2.667352,31.67,61.91930232165088,0
-109.46,2.667352,31.67,65.62011886609167,0
-137.17,2.683983,31.67,64.01562309311689,0
-38.4,2.669911,31.69,66.37770710110436,0
52.32,2.658397,31.69,63.984373092185564,0
33.28,2.683983,31.69,59.64059020499378,0
10.7,2.692937,31.69,71.25307010929424,0
-10.22,2.662235,31.67,68.74590896918885,0
-2.06,2.646884,31.67,64.59876159803684,0
4.64,2.676307,31.67,71.47726911403373,0
-99.27,2.677586,31.67,64.60650122085238,0
37.68,2.664794,31.67,60.81940479813988,0
72.51,2.666073,31.67,66.21933252457322,0
50.45,2.673748,31.67,65.63535632568775,0
-134.49,2.703171,31.67,77.69813382572325,0
29.19,2.787602,31.67,63.29296959378664,0
149.64,2.699333,31.67,59.27900134111572,0
126.74,2.676307,31.67,66.88796603276258,0
-150.64,2.715964,31.67,63.56099432828282,0
-69.46,2.715964,31.67,64.5600495662759,0
-86.21,2.678865,31.67,63.74950980203691,0
-8.41,2.676307,31.67,73.55949972641196,0
-30.8,2.692937,31.67,63.15853069855251,0
0.04,2.677586,31.69,49.749371855331,0
27.03,2.67119,31.69,75.71657678474378,0
133.08,2.712126,31.69,63.474404290233394,0
114.91,2.728756,31.69,62.385895841928885,0
-126.86,2.717243,31.67,64.66838485689897,0
88.81,2.712126,31.67,63.96092557178953,0
-37.1,2.708288,31.67,63.387695966961914,0
14.79,2.704451,31.67,64.19501538281614,0
-9.43,2.703171,31.67,63.93746945258312,0
-7.39,2.701892,31.67,64.1404708432983,0
-34.18,2.699333,31.67,63.34824385884742,0
-44.29,2.699333,31.67,63.166446789415026,0
2.16,2.694216,31.67,63.166446789415026,0
-37.24,2.695496,31.67,63.166446789415026,0
3.75,2.686541,31.67,64.72248450113763,0
14.4,2.696775,31.67,62.545983084447556,0
-1.27,2.690379,31.69,63.35613624582863,0
29.79,2.696775,31.69,63.35613624582863,0
29.45,2.694216,31.69,63.8200595424354,0
-22.19,2.694216,31.69,63.76519426771944,0
-12.14,2.692937,31.67,63.15853069855251,0
8.15,2.691658,31.67,63.76519426771944,0
-9.81,2.691658,31.67,63.15853069855251,0
-11.86,2.68782,31.67,63.93746945258312,0
4.66,2.68782,31.71,63.76519426771944,0
10.31,2.683983,31.71,63.76519426771944,0
-9.84,2.68782,31.71,63.96092557178953,0
9.25,2.680145,31.71,63.76519426771944,0
-0.79,2.68782,31.69,63.76519426771944,0
-3.01,2.683983,31.69,63.76519426771944,0
-5.84,2.683983,31.69,63.76519426771944,0
-19.77,2.685262,31.69,63.0,0
10.78,2.685262,31.69,63.76519426771944,0
-3.92,2.685262,31.69,63.96092557178953,0
5.51,2.680145,31.69,63.96092557178953,0
8.71,2.682703,31.69,63.76519426771944,0
-19.24,2.675028,31.69,63.76519426771944,0
15.94,2.683983,31.69,63.76519426771944,0
18.92,2.678865,31.69,63.76519426771944,0
-20.35,2.678865,31.69,63.76519426771944,0
14.2,2.677586,31.71,63.15853069855251,0
9.52,2.677586,31.71,63.76519426771944,0
-18.42,2.678865,31.71,63.0,0
17.25,2.678865,31.71,63.76519426771944,0
-9.44,2.678865,31.69,63.623894882347464,0
-13.04,2.680145,31.69,64.38167441127949,0
16.59,2.678865,31.69,64.38167441127949,0
-15.23,2.67119,31.69,63.623894882347464,0
-3.24,2.677586,31.71,63.0,0
31.79,2.675028,31.71,63.623894882347464,0
5.26,2.676307,31.71,63.76519426771944,0
6.14,2.673748,31.71,62.385895841928885,0
20.39,2.675028,31.69,63.76519426771944,0
0.32,2.675028,31.69,63.623894882347464,0
-24.41,2.672469,31.69,63.76519426771944,0
10.81,2.672469,31.69,64.38167441127949,0
13.66,2.672469,31.71,63.76519426771944,0
-27.05,2.675028,31.71,63.15853069855251,0
7.74,2.664794,31.71,63.76519426771944,0
15.88,2.669911,31.71,63.0,0
-15.73,2.667352,31.69,63.76519426771944,0
-8.48,2.672469,31.69,63.623894882347464,0
11.51,2.668632,31.69,63.0,0
2.38,2.666073,31.69,64.38167441127949,0
-23.16,2.667352,31.71,62.385895841928885,0
16.11,2.667352,31.71,63.76519426771944,0
5.99,2.652001,31.71,63.76519426771944,0
-25.84,2.659677,31.71,63.623894882347464,0
5.93,2.662235,31.71,63.76519426771944,0
-2.26,2.655839,31.71,63.623894882347464,0
-15.96,2.662235,31.71,63.76519426771944,0
11.34,2.658397,31.71,63.623894882347464,0
-1.32,2.662235,31.71,64.38167441127949,0
-4.53,2.660956,31.71,63.76519426771944,0
6.41,2.662235,31.71,63.623894882347464,0
-10.87,2.662235,31.71,63.623894882347464,0
-4.55,2.662235,31.69,63.623894882347464,0
21.89,2.662235,31.69,63.76519426771944,0
-0.71,2.658397,31.69,63.623894882347464,0
-6.41,2.659677,31.69,63.623894882347464,0
10.68,2.652001,31.73,63.623894882347464,0
-2.29,2.662235,31.73,63.623894882347464,0
-8.63,2.65328,31.73,63.623894882347464,0
9.4,2.659677,31.73,64.38167441127949,0
-0.6,2.65328,31.73,63.623894882347464,0
-6.96,2.660956,31.73,63.0,0
6.47,2.658397,31.73,63.96092557178953,0
-2.8,2.657118,31.73,63.623894882347464,0
-8.54,2.662235,31.73,64.57553716385176,0
8.63,2.658397,31.73,63.0,0
6.42,2.657118,31.73,63.76519426771944,0
-4.94,2.652001,31.73,63.0,0
-1.44,2.657118,31.73,63.623894882347464,0
-1.97,2.65456,31.73,63.623894882347464,0
-28.35,2.655839,31.73,63.76519426771944,0
15.49,2.65328,31.73,63.623894882347464,0
18.26,2.65456,31.73,63.623894882347464,0
-12.95,2.65456,31.73,63.623894882347464,0
5.76,2.655839,31.73,63.0,0
14.16,2.65456,31.73,63.623894882347464,0
-6.58,2.65456,31.75,63.623894882347464,0
-6.24,2.65456,31.75,64.25729530566937,0
11.82,2.649443,31.75,63.623894882347464,0
-0.71,2.655839,31.75,63.0,0
-11.08,2.65456,31.73,63.623894882347464,0
7.79,2.655839,31.73,63.623894882347464,0
-3.45,2.652001,31.73,63.623894882347464,0
0.89,2.655839,31.73,63.623894882347464,0
13.13,2.65328,31.73,63.623894882347464,0
-27.07,2.659677,31.73,63.623894882347464,0
4.21,2.660956,31.73,63.623894882347464,0
13.2,2.659677,31.73,63.623894882347464,0
-19.77,2.657118,31.75,63.623894882347464,0
12.29,2.650722,31.75,63.623894882347464,0
-2.64,2.655839,31.75,63.623894882347464,0
-24.24,2.65456,31.75,63.623894882347464,0
20.65,2.65456,31.73,64.25729530566937,0
8.97,2.65328,31.73,63.623894882347464,0
-34.89,2.65456,31.73,63.623894882347464,0
14.41,2.652001,31.73,63.623894882347464,0
19.57,2.655839,31.73,63.623894882347464,0
-2.56,2.659677,31.73,63.623894882347464,0
-23.24,2.657118,31.73,63.623894882347464,0
20.97,2.657118,31.73,63.623894882347464,0
13.88,2.649443,31.75,64.25729530566937,0
-8.36,2.655839,31.75,62.8728876384726,0
16.39,2.655839,31.75,63.623894882347464,0
17.96,2.65328,31.75,63.623894882347464,0
-8.3,2.652001,31.73,63.623894882347464,0
-34.16,2.655839,31.73,63.623894882347464,0
11.22,2.650722,31.73,63.623894882347464,0
9.09,2.652001,31.73,63.623894882347464,0
-29.06,2.646884,31.77,63.623894882347464,0
1.33,2.652001,31.77,63.623894882347464,0
14.19,2.65328,31.77,63.0,0
-7.44,2.644326,31.77,63.623894882347464,0
15.22,2.650722,31.77,63.0,0
-1.53,2.649443,31.77,63.623894882347464,0
-39.23,2.650722,31.77,63.623894882347464,0
6.76,2.646884,31.77,63.623894882347464,0
7.45,2.65328,31.75,63.623894882347464,0
-6.67,2.646884,31.75,63.623894882347464,0
26.12,2.650722,31.75,63.623894882347464,0
4.38,2.65328,31.75,63.623894882347464,0
-21.51,2.645605,31.77,63.623894882347464,0
6.69,2.650722,31.77,63.623894882347464,0
-3.87,2.630254,31.77,63.623894882347464,0
-26.95,2.644326,31.77,63.623894882347464,0
8.62,2.640488,31.75,63.623894882347464,0
7.3,2.645605,31.75,64.25729530566937,0
-14.21,2.641767,31.75,60.049979184009715,0
14.39,2.641767,31.75,63.623894882347464,0
17.49,2.641767,31.79,64.45153217728807,0
-13.97,2.645605,31.79,63.623894882347464,0
5.33,2.646884,31.79,63.51377803280167,0
2.47,2.644326,31.79,62.8728876384726,0
-36.53,2.643046,31.77,63.51377803280167,0
3.7,2.635371,31.77,63.623894882347464,0
18.36,2.641767,31.77,62.8728876384726,0
-4.42,2.639209,31.77,70.83078426785913,0
10.75,2.646884,31.77,61.465437442517235,0
16.22,2.635371,31.77,57.62811813689564,0
12.77,2.650722,31.77,57.86190456595773,0
58.34,2.648164,31.77,64.34283176858165,0
-18.61,2.644326,31.75,65.00769185258002,0
89.45,2.617461,31.75,64.29618962271404,0
-180.44,2.608507,31.75,63.35613624582863,0
-9.89,2.611065,31.75,65.0,0
-7.7,2.604669,31.77,63.25345840347388,0
-1.94,2.614903,31.77,64.5832795698701,0
12.61,2.616182,31.77,63.85922016435841,0
-5.14,2.616182,31.77,63.48228099241551,0
-16.5,2.614903,31.79,63.48228099241551,0
-1.71,2.617461,31.79,63.48228099241551,0
-4.43,2.617461,31.79,63.48228099241551,0
10.78,2.617461,31.79,62.77738446287803,0
9.04,2.621299,31.77,64.8074069840786,0
-13.26,2.623858,31.77,61.814237842102365,0
4.17,2.634092,31.77,63.14269553954757,0
1.24,2.622578,31.77,63.14269553954757,0
-16.95,2.630254,31.79,63.48228099241551,0
10.49,2.630254,31.79,63.14269553954757,0
3.35,2.626416,31.79,63.14269553954757,0
-15.48,2.625137,31.79,63.76519426771944,0
10.97,2.622578,31.79,63.14269553954757,0
3.51,2.625137,31.79,63.14269553954757,0
-14.3,2.621299,31.79,63.76519426771944,0
12.49,2.625137,31.79,62.20128616033595,0
5.63,2.622578,31.79,63.25345840347388,0
-16.99,2.622578,31.79,63.76519426771944,0
5.95,2.617461,31.79,63.76519426771944,0
-0.9,2.622578,31.79,63.14269553954757,0
-5.77,2.62002,31.77,63.76519426771944,0
6.38,2.621299,31.77,63.14269553954757,0
-6.18,2.62002,31.77,64.8074069840786,0
3.17,2.616182,31.77,63.14269553954757,0
11.51,2.618741,31.81,63.14269553954757,0
-6.6,2.616182,31.81,64.47480127925948,0
5.33,2.618741,31.81,62.81719509815764,0
13.16,2.617461,31.81,64.39720490828775,0
-4.15,2.612345,31.79,64.47480127925948,0
-7.65,2.611065,31.79,64.47480127925948,0
13.55,2.614903,31.79,63.14269553954757,0
3.43,2.613624,31.79,63.14269553954757,0
-18.88,2.609786,31.79,63.85922016435841,0
9.39,2.613624,31.79,63.76519426771944,0
6.13,2.611065,31.79,66.1362230551458,0
-18.24,2.611065,31.79,68.14690014960328,0
7.79,2.644326,31.81,65.67343450741707,0
9.79,2.614903,31.81,64.10148204214939,0
-1.14,2.577805,31.81,67.56478372643548,0
51.36,2.573967,31.81,70.68946173228369,0
-214.91,2.571408,31.77,71.63099887618489,0
-198.74,2.579084,31.77,49.49747468305833,0
183.13,2.575246,31.77,61.59545437773797,0
48.93,2.549661,31.77,62.88083968904996,0
26.18,2.547103,31.79,58.68560300448484,0
-29.47,2.538148,31.79,62.297672508690084,0
-24.26,2.580363,31.79,63.03967004989794,0
113.23,2.595714,31.79,62.26556030423239,0
76.36,2.595714,31.81,61.554853586049575,0
14.88,2.571408,31.81,62.0644825967316,0
6.63,2.598273,31.81,65.71149062378664,0
-11.57,2.586759,31.81,63.00793600809346,0
-121.29,2.582922,31.79,63.31666447310692,0
63.42,2.588039,31.79,62.976185975335156,0
-5.02,2.56885,31.79,62.32976816898969,0
-16.23,2.576525,31.79,63.25345840347388,0
22.91,2.573967,31.77,63.60031446463138,0
-29.39,2.570129,31.77,62.91263784010332,0
23.94,2.570129,31.77,62.96824596572466,0
3.86,2.567571,31.77,62.65780079128216,0
13.49,2.563733,31.83,63.03967004989794,0
19.57,2.559895,31.83,63.03967004989794,0
-26.67,2.556057,31.83,62.976185975335156,0
24.35,2.558616,31.83,63.0,0
15.78,2.557337,31.81,62.65780079128216,0
-29.77,2.556057,31.81,62.65780079128216,0
19.25,2.553499,31.81,62.65780079128216,0
18.38,2.55094,31.81,62.65780079128216,0
-10.77,2.548382,31.81,62.65780079128216,0
-13.35,2.545823,31.81,62.32976816898969,0
9.85,2.540706,31.81,62.75348595894893,0
-1.7,2.539427,31.81,63.25345840347388,0
-20.44,2.533031,31.81,62.63385665915839,0
0.8,2.531752,31.81,62.32976816898969,0
7.23,2.529193,31.81,62.369864518050704,0
-3.39,2.529193,31.81,62.32976816898969,0
-26.15,2.527914,31.83,62.369864518050704,0
2.36,2.529193,31.83,62.94441992742486,0
1.92,2.524076,31.83,30.512292604784715,0
-14.72,2.525355,31.83,75.70336848516055,0
0.37,2.60339,31.81,63.773035054010094,0
3.71,2.618741,31.81,65.09992319503918,0
6.78,2.577805,31.81,61.82232606429493,0
81.16,2.571408,31.81,64.45153217728807,0
-47.04,2.571408,31.81,69.53416426476987,0
-135.9,2.56885,31.81,63.773035054010094,0
-17.42,2.586759,31.81,65.24568951279464,0
48.0,2.476744,31.81,62.42595614005443,0
-19.12,2.608507,31.81,62.369864518050704,0
-68.94,2.607227,31.81,67.00746227100382,0
2.78,2.576525,31.81,65.03076195155643,0
90.71,2.567571,31.81,66.07571414672717,0
-83.51,2.563733,31.83,66.60330322138685,0
50.5,2.563733,31.83,65.01538279515087,0
21.02,2.526635,31.83,65.01538279515087,0
15.54,2.526635,31.83,65.42935121182236,0
3.83,2.526635,31.81,64.1404708432983,0
-23.86,2.540706,31.81,57.83597496368502,0
20.31,2.584201,31.81,61.465437442517235,0
18.4,2.640488,31.81,72.069410986909,0
84.35,2.604669,31.81,57.0,0
256.62,2.582922,31.81,68.92024376045111,0
-115.39,2.589318,31.81,58.497863208838666,0
-454.46,2.591877,31.81,72.3671196055225,0
78.56,2.600831,31.81,67.3721010508059,0
-39.96,2.599552,31.81,83.43260753446461,0
27.4,2.591877,31.81,61.814237842102365,0
31.46,2.604669,31.81,66.40030120413611,0
4.23,2.60339,31.83,65.83312236253116,0
113.17,2.60211,31.83,65.62773803811922,0
-64.56,2.60211,31.83,65.43699259593154,0
-9.3,2.604669,31.83,65.83312236253116,0
7.04,2.605948,31.83,65.46754921333164,0
-10.58,2.611065,31.83,65.30696746902278,0
15.33,2.612345,31.83,65.30696746902278,0
6.96,2.607227,31.83,65.16133823057964,0
-10.17,2.607227,31.81,64.95382975621992,0
14.77,2.60211,31.81,65.30696746902278,0
6.3,2.605948,31.81,65.13831437794502,0
-6.25,2.60211,31.81,65.30696746902278,0
7.46,2.607227,31.81,65.30696746902278,0
-6.3,2.598273,31.81,65.16133823057964,0
7.49,2.604669,31.81,65.5286197016235,0
7.83,2.596993,31.81,65.87867636800242,0
-9.88,2.604669,31.83,65.5286197016235,0
8.45,2.605948,31.83,65.68865959965997,0
-2.04,2.600831,31.83,64.90762667052309,0
-15.54,2.588039,31.83,65.86349520030045,0
-0.76,2.582922,31.81,65.09992319503918,0
-6.03,2.586759,31.81,66.05300901548695,0
-11.25,2.581642,31.81,65.83312236253116,0
6.73,2.58548,31.81,65.83312236253116,0
-5.01,2.579084,31.81,64.87680633323437,0
-1.7,2.581642,31.81,66.06057825965497,0
1.83,2.565012,31.81,64.26507605223851,0
-4.6,2.571408,31.81,64.13267497929586,0
7.49,2.573967,31.81,66.4304147209695,0
7.31,2.579084,31.81,64.73020933072904,0
-19.6,2.579084,31.81,65.86349520030045,0
5.37,2.571408,31.81,65.46754921333164,0
-21.82,2.577805,31.83,77.18808198161165,0
-3.57,2.575246,31.83,56.16938667993447,0
4.12,2.627695,31.83,77.89094941005662,0
-6.16,2.614903,31.83,62.39390995922599,0
3.85,2.628975,31.83,63.39558344238185,0
42.5,2.623858,31.83,64.69930447848725,0
-26.1,2.605948,31.83,62.82515419798029,0
-110.74,2.594435,31.83,65.58200972827838,0
47.62,2.593156,31.83,66.16645675869307,0
-3.53,2.591877,31.83,66.21933252457322,0
6.08,2.584201,31.83,64.93843238021688,0
7.35,2.593156,31.83,64.63745044476924,0
13.39,2.590597,31.83,61.032778078668514,0
-3.73,2.60339,31.83,60.11655346075655,0
-5.85,2.60211,31.83,68.18357573492314,0
26.64,2.600831,31.83,40.80441152620633,0
27.44,2.608507,31.81,62.65780079128216,0
-30.87,2.590597,31.81,61.106464469808756,0
28.57,2.58548,31.81,84.52810183601665,0
120.86,2.591877,31.81,63.788713735268246,0
-79.35,2.594435,31.81,69.38299503480663,0
17.24,2.588039,31.81,66.03786792439622,0
-70.75,2.594435,31.81,65.92419889539804,0
13.2,2.590597,31.81,64.73020933072904,0
-20.23,2.591877,31.85,65.68865959965997,0
26.28,2.593156,31.85,65.68865959965997,0
3.56,2.591877,31.85,65.62011886609167,0
-12.01,2.588039,31.85,66.01514977639603,0
17.79,2.588039,31.85,65.76473218982953,0
-3.53,2.588039,31.85,64.8074069840786,0
11.05,2.580363,31.85,65.5286197016235,0
5.95,2.580363,31.85,65.3834841531101,0
-7.53,2.575246,31.83,65.62011886609167,0
5.88,2.577805,31.83,65.76473218982953,0
-6.11,2.571408,31.83,65.62011886609167,0
7.48,2.573967,31.83,65.76473218982953,0
-0.41,2.571408,31.83,65.76473218982953,0
-12.24,2.575246,31.83,65.76473218982953,0
3.07,2.571408,31.83,64.8074069840786,0
-3.3,2.571408,31.83,65.76473218982953,0
9.06,2.573967,31.81,65.76473218982953,0
-4.34,2.571408,31.81,65.76473218982953,0
-8.74,2.572688,31.81,65.76473218982953,0
-1.66,2.56885,31.81,65.76473218982953,0
-8.26,2.572688,31.83,64.8074069840786,0
3.15,2.572688,31.83,65.76473218982953,0
-6.38,2.573967,31.83,65.76473218982953,0
3.22,2.571408,31.83,64.66065264130884,0
1.51,2.572688,31.81,65.76473218982953,0
-6.27,2.570129,31.81,65.76473218982953,0
4.44,2.575246,31.81,65.76473218982953,0
-4.05,2.572688,31.81,65.76473218982953,0
6.54,2.571408,31.83,65.76473218982953,0
3.71,2.56885,31.83,65.76473218982953,0
-8.63,2.565012,31.83,65.76473218982953,0
6.46,2.566291,31.83,65.76473218982953,0
4.74,2.566291,31.83,65.76473218982953,0
-11.41,2.566291,31.83,64.19501538281614,0
5.32,2.563733,31.83,67.6904720030818,0
0.49,2.566291,31.83,61.30252849597641,0
-2.62,2.599552,31.83,65.68104749469211,0
12.82,2.612345,31.83,52.09606511052442,0
-0.29,2.598273,31.83,70.27090436304346,0
82.87,2.575246,31.83,61.99193495931547,0
120.21,2.605948,31.83,66.58077800686922,0
-303.8,2.613624,31.83,64.41273166075166,0
13.93,2.623858,31.83,64.66065264130884,0
10.24,2.625137,31.83,67.12674578735364,0
-31.71,2.584201,31.81,65.4446330878247,0
17.01,2.575246,31.81,65.60487786742691,0
9.9,2.577805,31.81,66.03786792439622,0
47.73,2.575246,31.81,64.95382975621992,0
-6.14,2.577805,31.83,65.85590330410783,0
-21.11,2.580363,31.83,64.88451279003334,0
6.18,2.565012,31.83,64.88451279003334,0
12.77,2.570129,31.83,65.85590330410783,0
-2.55,2.566291,31.83,64.95382975621992,0
5.04,2.563733,31.83,65.92419889539804,0
10.61,2.571408,31.83,64.95382975621992,0
-6.37,2.570129,31.83,64.95382975621992,0
10.69,2.56885,31.83,65.85590330410783,0
13.11,2.570129,31.83,65.85590330410783,0
-3.01,2.56885,31.83,65.85590330410783,0
5.66,2.56885,31.83,65.85590330410783,0
16.52,2.56885,31.83,65.85590330410783,0
5.09,2.571408,31.83,65.85590330410783,0
-18.37,2.566291,31.83,65.85590330410783,0
13.54,2.561174,31.83,64.95382975621992,0
15.62,2.566291,31.83,65.19202405202648,0
-2.96,2.567571,31.83,65.19202405202648,0
-10.46,2.565012,31.83,64.95382975621992,0
7.01,2.563733,31.83,65.27633568147036,0
5.21,2.563733,31.83,65.27633568147036,0
-8.98,2.563733,31.83,65.19202405202648,0
3.6,2.563733,31.83,65.19202405202648,0
8.31,2.562454,31.83,64.95382975621992,0
-0.46,2.561174,31.85,65.19202405202648,0
-15.33,2.561174,31.85,65.27633568147036,0
0.78,2.554778,31.85,65.5286197016235,0
-0.41,2.55222,31.85,65.73431371817918,0
-12.09,2.558616,31.85,66.24198064671678,0
7.99,2.558616,31.85,66.24198064671678,0
1.93,2.558616,31.85,65.19202405202648,0
-13.4,2.559895,31.85,65.79513659838392,0
5.62,2.558616,31.83,67.12674578735364,0
6.53,2.562454,31.83,65.52098900352466,0
-4.71,2.561174,31.83,64.8382603097893,0
-6.89,2.559895,31.83,65.62773803811922,0
4.23,2.558616,31.85,65.89385403814228,0
2.28,2.557337,31.85,65.5286197016235,0
-9.75,2.557337,31.85,65.92419889539804,0
4.35,2.556057,31.85,64.88451279003334,0
1.78,2.548382,31.85,66.09084656743322,0
-13.41,2.557337,31.85,65.99242380758567,0
7.07,2.556057,31.85,64.7533782902483,0
11.07,2.55222,31.85,65.37583651472461,0
1.55,2.554778,31.81,65.76473218982953,0
-12.41,2.556057,31.81,64.83054835492293,0
9.8,2.554778,31.81,64.06246951218786,0
2.62,2.55094,31.81,65.7419196555744,0
-6.76,2.548382,31.83,65.7419196555744,0
-0.45,2.549661,31.83,64.79197481170026,0
5.22,2.554778,31.83,64.56779382943171,0
3.93,2.55094,31.83,65.73431371817918,0
-8.21,2.55222,31.85,65.52098900352466,0
7.66,2.55222,31.85,65.97726881282674,0
0.19,2.553499,31.85,64.79197481170026,0
-8.31,2.553499,31.85,65.76473218982953,0
-4.36,2.553499,31.83,65.00769185258002,0
4.67,2.55222,31.83,65.06919393998976,0
5.86,2.553499,31.83,72.6773692424265,0
-12.23,2.582922,31.83,59.51470406546604,0
-2.15,2.627695,31.81,50.89204259999789,0
-8.74,2.622578,31.81,65.89385403814228,0
16.82,2.605948,31.81,65.80273550544841,0
175.55,2.595714,31.81,62.69768735766894,0
-95.17,2.588039,31.85,66.49060083951716,0
-149.72,2.593156,31.85,63.60031446463138,0
-50.52,2.589318,31.85,64.87680633323437,0
10.2,2.576525,31.85,65.81033353509159,0
1.84,2.60211,31.83,63.37191807101944,0
-0.8,2.681424,31.83,65.62011886609167,0
-1.11,2.680145,31.83,64.5832795698701,0
25.42,2.680145,31.83,65.83312236253116,0
74.12,2.643046,31.83,65.58963332722634,0
91.54,2.63665,31.83,65.58963332722634,0
-34.54,2.631533,31.83,65.92419889539804,0
-76.87,2.625137,31.83,64.6297145282261,0
-38.72,2.625137,31.83,68.36665854054884,0
-51.06,2.621299,31.83,65.03076195155643,0
-13.92,2.62002,31.83,65.28399497579785,0
-5.78,2.614903,31.83,65.55150646628954,0
-9.57,2.616182,31.83,65.58963332722634,0
10.29,2.608507,31.83,65.37583651472461,0
12.75,2.599552,31.83,65.58963332722634,0
-2.09,2.605948,31.83,65.32227797620043,0
3.57,2.60339,31.83,65.32227797620043,0
16.14,2.605948,31.83,65.32227797620043,0
7.36,2.604669,31.83,65.32227797620043,0
-6.79,2.604669,31.83,65.32227797620043,0
7.82,2.60339,31.83,65.32227797620043,0
5.04,2.604669,31.83,65.32227797620043,0
-3.96,2.599552,31.83,65.32227797620043,0
3.84,2.598273,31.83,65.58963332722634,0
6.09,2.591877,31.85,65.58963332722634,0
-1.31,2.599552,31.85,65.58963332722634,0
-5.96,2.595714,31.85,65.58963332722634,0
5.45,2.594435,31.85,65.58963332722634,0
1.32,2.591877,31.83,65.58963332722634,0
-12.09,2.594435,31.83,65.58963332722634,0
4.06,2.591877,31.83,65.58963332722634,0
1.63,2.591877,31.83,65.58963332722634,0
-9.86,2.593156,31.81,65.58963332722634,0
4.12,2.590597,31.81,65.58963332722634,0
4.43,2.591877,31.81,65.58963332722634,0
-9.3,2.581642,31.81,65.58963332722634,0
5.1,2.588039,31.83,65.58963332722634,0
3.85,2.586759,31.83,65.58963332722634,0
-11.83,2.588039,31.83,65.58963332722634,0
4.33,2.58548,31.83,65.58963332722634,0
6.42,2.588039,31.81,65.58963332722634,0
-10.73,2.588039,31.81,65.58963332722634,0
8.77,2.586759,31.81,65.58963332722634,0
8.6,2.589318,31.81,65.58963332722634,0
-3.62,2.58548,31.83,65.58963332722634,0
-3.92,2.58548,31.83,65.58963332722634,0
11.19,2.579084,31.83,65.58963332722634,0
6.42,2.584201,31.83,65.64297372910524,0
-13.32,2.579084,31.81,65.64297372910524,0
9.23,2.582922,31.81,65.58963332722634,0
12.99,2.580363,31.81,65.58963332722634,0
-1.4,2.581642,31.81,65.64297372910524,0
-11.92,2.577805,31.81,64.41273166075166,0
7.35,2.584201,31.81,64.27285585688566,0
3.63,2.582922,31.81,66.55824516917495,0
-10.44,2.570129,31.81,62.465990746965666,0
6.47,2.570129,31.81,63.631753079732135,0
3.72,2.565012,31.81,65.06919393998976,0
-7.44,2.567571,31.81,72.69112738154499,0
-10.21,2.565012,31.81,67.02984409947557,0
-1.86,2.547103,31.81,64.89221833163049,0
51.22,2.536869,31.81,60.29925372672534,0
32.0,2.562454,31.81,71.56116265125938,0
-34.04,2.540706,31.81,64.48255578061404,0
-14.2,2.545823,31.83,65.81033353509159,0
-2.18,2.565012,31.83,66.9776081985614,0
-16.56,2.567571,31.83,64.88451279003334,0
-15.13,2.566291,31.83,64.1404708432983,0
45.18,2.561174,31.85,63.00793600809346,0
-1.28,2.566291,31.85,66.40783086353596,0
-20.57,2.562454,31.85,66.49060083951716,0
-7.05,2.576525,31.85,70.45565981523414,0
-3.56,2.566291,31.81,67.30527468185537,0
13.39,2.573967,31.81,63.33245613427605,0
7.45,2.570129,31.81,64.10148204214939,0
-2.92,2.570129,31.81,65.06919393998976,0
-2.51,2.56885,31.83,66.09084656743322,0
-10.86,2.567571,31.83,65.06919393998976,0
-0.87,2.56885,31.83,65.06919393998976,0
2.23,2.559895,31.83,65.32227797620043,0
-9.18,2.567571,31.81,65.32227797620043,0
6.43,2.562454,31.81,65.32227797620043,0
-4.89,2.566291,31.81,65.32227797620043,0
7.19,2.557337,31.81,65.32227797620043,0
0.58,2.566291,31.83,65.28399497579785,0
-7.04,2.567571,31.83,65.28399497579785,0
1.64,2.566291,31.83,65.28399497579785,0
-5.46,2.566291,31.83,65.32227797620043,0
7.36,2.567571,31.83,65.32227797620043,0
2.45,2.571408,31.83,65.06919393998976,0
-10.17,2.566291,31.83,65.06919393998976,0
5.22,2.572688,31.83,65.03076195155643,0
-0.9,2.571408,31.81,65.06919393998976,0
-2.12,2.576525,31.81,66.03786792439622,0
8.42,2.556057,31.81,65.06919393998976,0
0.16,2.573967,31.81,65.06919393998976,0
-10.38,2.572688,31.81,65.06919393998976,0
7.77,2.571408,31.81,65.06919393998976,0
0.57,2.571408,31.81,65.06919393998976,0
-8.21,2.566291,31.81,65.06919393998976,0
-0.4,2.566291,31.79,65.06919393998976,0
5.29,2.558616,31.79,65.06919393998976,0
1.99,2.563733,31.79,66.03786792439622,0
-6.23,2.559895,31.79,65.06919393998976,0
2.48,2.561174,31.83,65.06919393998976,0
0.58,2.559895,31.83,65.06919393998976,0
-9.01,2.558616,31.83,65.06919393998976,0
4.39,2.559895,31.83,65.06919393998976,0
0.7,2.557337,31.81,65.06919393998976,0
-6.3,2.559895,31.81,65.06919393998976,0
-0.55,2.553499,31.81,65.06919393998976,0
2.04,2.556057,31.81,65.06919393998976,0
-5.11,2.548382,31.81,65.32227797620043,0
0.79,2.557337,31.81,65.32227797620043,0
4.47,2.553499,31.81,65.06919393998976,0
-4.88,2.549661,31.81,65.06919393998976,0
5.02,2.549661,31.81,65.06919393998976,0
4.2,2.549661,31.81,65.32227797620043,0
-9.38,2.55094,31.81,65.32227797620043,0
5.02,2.547103,31.81,65.32227797620043,0
2.72,2.549661,31.83,65.32227797620043,0
-10.34,2.545823,31.83,65.06919393998976,0
5.06,2.545823,31.83,65.06919393998976,0
-1.04,2.533031,31.83,65.06919393998976,0
-0.74,2.547103,31.83,65.06919393998976,0
9.38,2.544544,31.83,65.06919393998976,0
-1.48,2.545823,31.83,66.09084656743322,0
0.41,2.545823,31.83,65.06919393998976,0
14.55,2.545823,31.81,65.06919393998976,0
3.67,2.544544,31.81,65.06919393998976,0
-15.95,2.541986,31.81,65.06919393998976,0
-0.06,2.544544,31.81,65.06919393998976,0
9.0,2.541986,31.81,65.06919393998976,0
2.0,2.544544,31.81,66.03786792439622,0
-13.58,2.529193,31.81,65.06919393998976,0
9.82,2.543265,31.81,65.06919393998976,0
7.95,2.539427,31.83,65.06919393998976,0
-3.28,2.539427,31.83,65.06919393998976,0
-10.09,2.538148,31.83,65.06919393998976,0
7.18,2.536869,31.83,65.06919393998976,0
0.02,2.538148,31.83,65.06919393998976,0
-9.7,2.535589,31.83,65.06919393998976,0
8.73,2.538148,31.83,65.06919393998976,0
6.68,2.529193,31.83,65.06919393998976,0
-6.42,2.535589,31.81,65.06919393998976,0
-7.69,2.530472,31.81,65.06919393998976,0
5.37,2.535589,31.81,65.32227797620043,0
-0.67,2.53431,31.81,65.06919393998976,0
-13.05,2.530472,31.79,65.06919393998976,0
5.54,2.535589,31.79,65.32227797620043,0
0.64,2.530472,31.79,65.32227797620043,0
-13.43,2.533031,31.79,65.32227797620043,0
5.71,2.530472,31.81,65.32227797620043,0
-0.38,2.530472,31.81,65.32227797620043,0
-8.83,2.530472,31.81,65.32227797620043,0
4.31,2.530472,31.81,65.32227797620043,0
-2.99,2.525355,31.77,65.32227797620043,0
2.83,2.527914,31.77,65.37583651472461,0
4.11,2.530472,31.77,65.32227797620043,0
-8.15,2.526635,31.77,65.32227797620043,0
7.64,2.529193,31.81,65.37583651472461,0
3.27,2.529193,31.81,65.06919393998976,0
-6.95,2.526635,31.81,65.06919393998976,0
9.93,2.527914,31.81,65.06919393998976,0
-0.23,2.526635,31.81,66.03786792439622,0
-10.44,2.526635,31.81,65.06919393998976,0
10.78,2.525355,31.81,65.06919393998976,0
1.68,2.524076,31.81,65.12296062065974,0
-15.95,2.525355,31.81,64.41273166075166,0
5.8,2.526635,31.81,64.57553716385176,0
6.35,2.525355,31.81,68.38128398911503,0
-6.98,2.521518,31.81,64.2339474110069,0
0.91,2.524076,31.81,66.70832032063167,0
11.1,2.524076,31.81,66.007575322837,0
21.08,2.510004,31.81,65.7419196555744,0
5.9,2.520238,31.81,65.62011886609167,0
-31.65,2.518959,31.81,65.87108622149782,0
-16.47,2.520238,31.81,65.7419196555744,0
5.34,2.515121,31.81,65.05382386916237,0
14.1,2.51768,31.81,66.007575322837,0
3.81,2.516401,31.79,65.05382386916237,0
6.57,2.518959,31.79,65.05382386916237,0
-1.97,2.51768,31.79,65.05382386916237,0
-16.21,2.518959,31.79,64.93843238021688,0
-0.7,2.515121,31.79,65.05382386916237,0
-3.75,2.520238,31.79,65.05382386916237,0
4.54,2.51768,31.79,65.05382386916237,0
1.51,2.51768,31.79,65.89385403814228,0
-8.29,2.516401,31.79,65.89385403814228,0
4.59,2.512563,31.79,64.93843238021688,0
-0.51,2.516401,31.79,65.05382386916237,0
4.7,2.515121,31.79,65.05382386916237,0
5.41,2.516401,31.79,65.05382386916237,0
-7.3,2.513842,31.79,66.007575322837,0
12.31,2.51768,31.79,66.007575322837,0
7.55,2.513842,31.79,66.007575322837,0
-5.0,2.515121,31.79,65.7419196555744,0
2.77,2.515121,31.79,65.7419196555744,0
13.62,2.513842,31.79,64.78425734698207,0
2.07,2.515121,31.79,64.78425734698207,0
-16.93,2.511284,31.79,65.7419196555744,0
7.56,2.515121,31.79,65.87108622149782,0
5.32,2.511284,31.79,65.7419196555744,0
-3.94,2.515121,31.79,65.87108622149782,0
-15.01,2.512563,31.79,65.87108622149782,0
0.72,2.51768,31.79,65.7419196555744,0
2.83,2.511284,31.79,64.91532946846992,0
-6.57,2.513842,31.79,64.91532946846992,0
-1.07,2.51768,31.77,65.62011886609167,0
5.98,2.516401,31.77,65.87108622149782,0
1.0,2.513842,31.77,65.05382386916237,0
-1.79,2.508725,31.77,66.007575322837,0
0.91,2.513842,31.79,65.05382386916237,0
-1.43,2.508725,31.79,65.05382386916237,0
0.55,2.511284,31.79,65.18435395092905,0
-1.31,2.507446,31.79,65.46754921333164,0
-6.63,2.510004,31.77,65.46754921333164,0
6.18,2.50105,31.77,65.46754921333164,0
-4.28,2.508725,31.77,65.46754921333164,0
-1.84,2.511284,31.77,65.46754921333164,0
3.38,2.508725,31.77,65.18435395092905,0
-4.97,2.507446,31.77,65.46754921333164,0
4.55,2.503608,31.77,65.18435395092905,0
2.86,2.510004,31.77,65.18435395092905,0
7.79,2.507446,31.77,66.1362230551458,0
4.72,2.512563,31.77,65.05382386916237,0
-4.62,2.512563,31.77,65.7419196555744,0
10.81,2.515121,31.77,65.7419196555744,0
2.29,2.512563,31.77,66.007575322837,0
2.74,2.516401,31.77,65.7419196555744,0
3.79,2.516401,31.77,65.7419196555744,0
-3.8,2.511284,31.77,65.7419196555744,0
-3.38,2.513842,31.75,64.91532946846992,0
3.04,2.508725,31.75,65.87108622149782,0
1.76,2.512563,31.75,65.87108622149782,0
-7.24,2.507446,31.75,65.87108622149782,0
-3.91,2.508725,31.75,65.87108622149782,0
3.24,2.506166,31.75,65.87108622149782,0
-2.25,2.508725,31.75,65.18435395092905,0
-2.27,2.506166,31.75,65.18435395092905,0
-1.26,2.507446,31.77,65.18435395092905,0
-1.25,2.506166,31.77,65.18435395092905,0
-3.59,2.502329,31.77,65.18435395092905,0
0.13,2.503608,31.77,65.18435395092905,0
-2.85,2.497212,31.75,65.18435395092905,0
0.6,2.504887,31.75,65.612498809297,0
-2.49,2.498491,31.75,65.612498809297,0
-6.38,2.50105,31.75,65.46754921333164,0
2.23,2.497212,31.77,65.612498809297,0
0.56,2.502329,31.77,65.46754921333164,0
1.83,2.50105,31.77,65.612498809297,0
0.65,2.497212,31.77,65.612498809297,0
-6.22,2.49977,31.73,65.3299318842443,0
4.72,2.49977,31.73,65.3299318842443,0
-3.72,2.486978,31.73,65.18435395092905,0
2.43,2.490816,31.73,65.18435395092905,0
3.46,2.495933,31.73,65.18435395092905,0
-6.42,2.494653,31.73,65.18435395092905,0
9.89,2.497212,31.73,65.18435395092905,0
7.08,2.494653,31.73,65.18435395092905,0
-6.96,2.495933,31.75,66.1362230551458,0
13.92,2.494653,31.75,65.87108622149782,0
14.73,2.495933,31.75,65.87108622149782,0
4.4,2.498491,31.75,64.91532946846992,0
-12.91,2.495933,31.75,64.91532946846992,0
0.48,2.497212,31.75,64.91532946846992,0
8.02,2.488257,31.75,64.91532946846992,0
1.35,2.494653,31.75,64.91532946846992,0
-7.98,2.492095,31.75,64.91532946846992,0
6.57,2.497212,31.75,65.87108622149782,0
8.2,2.493374,31.75,65.18435395092905,0
-1.23,2.493374,31.75,64.91532946846992,0
-15.23,2.493374,31.73,64.91532946846992,0
4.32,2.493374,31.73,65.18435395092905,0
4.28,2.493374,31.73,65.18435395092905,0
-8.29,2.489536,31.73,65.18435395092905,0
-4.2,2.489536,31.75,66.1362230551458,0
-1.63,2.484419,31.75,65.46754921333164,0
-4.45,2.490816,31.75,65.33758489567853,0
1.59,2.480582,31.75,65.46754921333164,0
1.8,2.48314,31.73,65.46754921333164,0
-3.24,2.488257,31.73,65.46754921333164,0
6.3,2.488257,31.73,65.46754921333164,0
-1.18,2.488257,31.73,65.46754921333164,0
-2.14,2.485698,31.75,65.46754921333164,0
1.88,2.492095,31.75,65.612498809297,0
-3.33,2.485698,31.75,65.18435395092905,0
4.17,2.488257,31.75,65.18435395092905,0
1.83,2.484419,31.73,65.18435395092905,0
8.76,2.493374,31.73,65.87108622149782,0
6.44,2.489536,31.73,66.1362230551458,0
3.61,2.489536,31.73,64.91532946846992,0
10.2,2.490816,31.73,64.91532946846992,0
-6.03,2.486978,31.73,64.91532946846992,0
3.25,2.489536,31.73,66.01514977639603,0
1.84,2.485698,31.73,64.91532946846992,0
-6.31,2.488257,31.73,65.06150935845248,0
-4.01,2.485698,31.73,65.06150935845248,0
-7.1,2.488257,31.73,65.06150935845248,0
-2.95,2.480582,31.73,65.06150935845248,0
2.12,2.486978,31.75,65.06150935845248,0
-1.63,2.485698,31.75,64.91532946846992,0
-1.65,2.485698,31.75,65.3299318842443,0
-3.48,2.48314,31.75,65.3299318842443,0
-3.18,2.484419,31.75,65.612498809297,0
-0.05,2.481861,31.75,65.46754921333164,0
-5.26,2.480582,31.75,65.33758489567853,0
3.61,2.481861,31.75,65.33758489567853,0
-2.62,2.478023,31.75,66.007575322837,0
4.38,2.48314,31.75,65.46754921333164,0
-1.27,2.474185,31.75,65.46754921333164,0
-6.63,2.480582,31.75,65.33758489567853,0
-5.21,2.478023,31.75,65.46754921333164,0
-6.25,2.484419,31.75,65.46754921333164,0
7.72,2.48314,31.75,64.78425734698207,0
0.76,2.484419,31.75,64.66838485689897,0
-4.8,2.484419,31.75,65.7419196555744,0
8.45,2.484419,31.75,65.7419196555744,0
5.16,2.484419,31.75,65.7419196555744,0
10.18,2.48314,31.75,65.62011886609167,0
-0.9,2.485698,31.73,65.87108622149782,0
1.3,2.479302,31.73,64.91532946846992,0
11.51,2.485698,31.73,65.87108622149782,0
5.16,2.48314,31.73,64.78425734698207,0
1.61,2.492095,31.73,65.87108622149782,0
0.67,2.486978,31.73,65.62011886609167,0
-6.72,2.489536,31.73,65.87108622149782,0
-3.2,2.481861,31.73,65.87108622149782,0
-0.29,2.488257,31.73,64.91532946846992,0
-6.79,2.492095,31.73,65.7419196555744,0
4.31,2.484419,31.73,65.7419196555744,0
3.79,2.485698,31.73,66.007575322837,0
-1.22,2.479302,31.75,65.05382386916237,0
5.98,2.485698,31.75,65.18435395092905,0
-7.25,2.463951,31.75,65.05382386916237,0
0.49,2.478023,31.75,65.46754921333164,0
-0.12,2.475465,31.71,65.612498809297,0
-1.44,2.481861,31.71,65.46754921333164,0
-0.35,2.478023,31.71,65.612498809297,0
-8.2,2.478023,31.71,65.18435395092905,0
8.02,2.472906,31.73,65.612498809297,0
-2.03,2.479302,31.73,65.18435395092905,0
5.97,2.478023,31.73,65.05382386916237,0
2.3,2.470347,31.73,65.18435395092905,0
0.81,2.476744,31.73,65.18435395092905,0
4.3,2.476744,31.73,65.18435395092905,0
-7.66,2.475465,31.73,65.18435395092905,0
9.55,2.474185,31.73,65.05382386916237,0
2.61,2.475465,31.73,64.91532946846992,0
-3.59,2.472906,31.73,65.18435395092905,0
9.56,2.475465,31.73,64.91532946846992,0
-0.7,2.475465,31.73,64.91532946846992,0
-14.91,2.475465,31.73,64.91532946846992,0
6.12,2.467789,31.73,65.87108622149782,0
1.23,2.470347,31.73,65.87108622149782,0
-7.17,2.472906,31.73,64.91532946846992,0
1.3,2.471627,31.71,65.18435395092905,0
4.79,2.472906,31.71,64.91532946846992,0
-1.43,2.472906,31.71,65.87108622149782,0
-6.14,2.472906,31.71,64.91532946846992,0
0.46,2.469068,31.73,65.87108622149782,0
-0.51,2.475465,31.73,65.87108622149782,0
-7.86,2.472906,31.73,64.91532946846992,0
3.4,2.472906,31.73,65.06150935845248,0
2.48,2.469068,31.73,65.18435395092905,0
-7.47,2.469068,31.73,65.18435395092905,0
4.97,2.462672,31.73,65.18435395092905,0
-0.13,2.469068,31.73,65.18435395092905,0
-7.96,2.470347,31.73,65.18435395092905,0
-3.41,2.46651,31.73,65.18435395092905,0
-6.32,2.470347,31.73,65.3299318842443,0
3.38,2.470347,31.73,65.18435395092905,0
0.77,2.470347,31.73,65.3299318842443,0
-6.28,2.472906,31.73,65.3299318842443,0
1.16,2.472906,31.73,65.18435395092905,0
-2.25,2.471627,31.73,65.3299318842443,0
5.64,2.467789,31.73,65.3299318842443,0
1.46,2.471627,31.73,65.3299318842443,0
-6.97,2.471627,31.73,65.18435395092905,0
6.9,2.470347,31.73,65.3299318842443,0
-1.54,2.474185,31.71,65.18435395092905,0
8.86,2.474185,31.71,65.18435395092905,0
7.81,2.475465,31.71,65.18435395092905,0
-5.16,2.475465,31.71,65.18435395092905,0
10.83,2.478023,31.71,65.18435395092905,0
10.84,2.475465,31.71,65.87108622149782,0
-2.01,2.474185,31.71,64.91532946846992,0
-14.72,2.470347,31.71,65.87108622149782,0
14.09,2.471627,31.73,64.91532946846992,0
1.19,2.472906,31.73,64.91532946846992,0
-10.06,2.469068,31.73,64.78425734698207,0
-16.96,2.474185,31.73,64.91532946846992,0
8.67,2.470347,31.71,64.91532946846992,0
5.88,2.474185,31.71,64.91532946846992,0
-2.5,2.470347,31.71,64.91532946846992,0
-4.71,2.470347,31.71,64.91532946846992,0
5.39,2.470347,31.71,65.87108622149782,0
4.02,2.467789,31.71,65.87108622149782,0
-14.18,2.46523,31.71,65.87108622149782,0
2.8,2.469068,31.71,64.91532946846992,0
5.17,2.46651,31.71,64.91532946846992,0
-6.13,2.46651,31.71,65.06150935845248,0
2.65,2.467789,31.71,65.06150935845248,0
1.47,2.463951,31.71,65.18435395092905,0
-11.95,2.46651,31.73,65.18435395092905,0
0.7,2.463951,31.73,65.3299318842443,0
-1.56,2.46651,31.73,65.46754921333164,0
-4.73,2.46523,31.73,65.612498809297,0
1.12,2.471627,31.73,65.612498809297,0
-5.79,2.460114,31.73,65.612498809297,0
6.12,2.474185,31.73,65.612498809297,0
0.23,2.474185,31.73,65.612498809297,0
0.42,2.471627,31.75,65.612498809297,0
1.95,2.476744,31.75,65.3299318842443,0
-6.15,2.462672,31.75,65.612498809297,0
3.63,2.470347,31.75,65.18435395092905,0
-5.34,2.469068,31.73,65.3299318842443,0
10.06,2.474185,31.73,65.3299318842443,0
0.11,2.467789,31.73,65.18435395092905,0
8.37,2.470347,31.73,65.18435395092905,0
11.43,2.457555,31.69,65.18435395092905,0
-4.67,2.471627,31.69,65.87108622149782,0
13.29,2.469068,31.69,64.91532946846992,0
9.19,2.470347,31.69,65.87108622149782,0
-4.6,2.467789,31.71,64.91532946846992,0
2.49,2.467789,31.71,64.91532946846992,0
3.72,2.46651,31.71,64.91532946846992,0
-3.71,2.46523,31.71,65.06150935845248,0
-15.79,2.467789,31.71,66.01514977639603,0
1.24,2.467789,31.71,64.91532946846992,0
5.85,2.467789,31.71,64.91532946846992,0
0.19,2.460114,31.71,64.91532946846992,0
-4.21,2.467789,31.71,66.01514977639603,0
-2.99,2.46523,31.71,65.06150935845248,0
-0.49,2.46651,31.71,65.06150935845248,0
-0.88,2.46651,31.71,66.01514977639603,0
0.76,2.46651,31.71,65.06150935845248,0
-2.12,2.469068,31.71,65.06150935845248,0
1.81,2.46523,31.71,65.06150935845248,0
5.8,2.46523,31.71,65.3299318842443,0
-5.59,2.461393,31.73,65.18435395092905,0
1.21,2.463951,31.73,65.18435395092905,0
-2.77,2.456276,31.73,65.18435395092905,0
-3.19,2.463951,31.73,65.46754921333164,0
-0.24,2.458834,31.69,65.46754921333164,0
-9.39,2.463951,31.69,65.46754921333164,0
1.12,2.461393,31.69,65.46754921333164,0
-6.73,2.463951,31.69,65.46754921333164,0
3.98,2.461393,31.69,65.46754921333164,0
-1.64,2.46523,31.69,65.46754921333164,0
1.95,2.46651,31.69,65.46754921333164,0
2.34,2.462672,31.69,65.46754921333164,0
-6.75,2.462672,31.71,65.18435395092905,0
7.03,2.458834,31.71,65.18435395092905,0
-1.78,2.461393,31.71,65.18435395092905,0
14.48,2.457555,31.71,65.18435395092905,0
3.63,2.463951,31.69,66.1362230551458,0
22.04,2.461393,31.69,66.27971031922213,0
2.79,2.462672,31.69,64.91532946846992,0
-0.6,2.453717,31.69,65.06150935845248,0
5.68,2.461393,31.67,65.06150935845248,0
-14.71,2.463951,31.67,65.3299318842443,0
3.21,2.460114,31.67,65.3299318842443,0
-1.88,2.460114,31.67,65.7723346096214,0
-9.22,2.452438,31.69,66.27971031922213,0
-4.73,2.460114,31.69,65.06150935845248,0
-14.36,2.456276,31.69,65.49045732013177,0
9.25,2.461393,31.69,65.7723346096214,0
11.27,2.456276,31.69,66.4304147209695,0
5.08,2.461393,31.69,65.19969325081216,0
-1.43,2.451159,31.69,69.03622237637282,0
-11.46,2.456276,31.69,65.7419196555744,0
13.23,2.458834,31.69,64.56779382943171,0
2.88,2.456276,31.69,67.23838189605696,0
20.64,2.457555,31.69,65.7419196555744,0
-20.56,2.451159,31.69,66.70082458260917,0
-15.03,2.453717,31.69,66.97014260101288,0
-14.22,2.453717,31.69,66.82813778641449,0
0.52,2.453717,31.69,65.3299318842443,0
-3.85,2.452438,31.69,65.18435395092905,0
-4.5,2.452438,31.67,65.33758489567853,0
10.32,2.451159,31.67,65.05382386916237,0
8.29,2.453717,31.67,65.18435395092905,0
12.01,2.447321,31.67,65.46754921333164,0
-5.8,2.453717,31.67,65.33758489567853,0
-9.44,2.456276,31.67,65.05382386916237,0
4.35,2.449879,31.67,65.18435395092905,0
0.88,2.453717,31.67,65.05382386916237,0
7.62,2.452438,31.67,65.05382386916237,0
-1.51,2.456276,31.67,65.05382386916237,0
-5.49,2.449879,31.67,65.7419196555744,0
7.08,2.453717,31.67,65.7419196555744,0
4.28,2.451159,31.69,65.7419196555744,0
-5.22,2.454997,31.69,64.78425734698207,0
3.19,2.439646,31.69,65.7419196555744,0
6.09,2.451159,31.69,64.78425734698207,0
-0.37,2.449879,31.67,65.7419196555744,0
-2.92,2.4486,31.67,65.7419196555744,0
6.32,2.451159,31.67,64.78425734698207,0
1.78,2.449879,31.67,64.91532946846992,0
-1.88,2.449879,31.67,65.7419196555744,0
2.63,2.449879,31.67,65.87108622149782,0
-2.47,2.451159,31.67,64.91532946846992,0
-8.65,2.447321,31.67,64.78425734698207,0
1.35,2.451159,31.67,65.87108622149782,0
0.62,2.447321,31.67,65.87108622149782,0
-2.42,2.452438,31.67,64.91532946846992,0
0.25,2.447321,31.67,64.78425734698207,0
-7.35,2.444762,31.67,65.05382386916237,0
4.43,2.446042,31.67,64.78425734698207,0
-0.19,2.447321,31.67,65.05382386916237,0
-1.4,2.447321,31.67,66.007575322837,0
-0.55,2.446042,31.69,65.05382386916237,0
-8.9,2.446042,31.69,65.33758489567853,0
3.22,2.444762,31.69,65.46754921333164,0
-0.4,2.444762,31.69,64.389440128021,0
5.16,2.442204,31.69,65.46754921333164,0
-1.52,2.443483,31.69,65.46754921333164,0
-0.43,2.443483,31.69,65.46754921333164,0
2.65,2.438366,31.69,65.46754921333164,0
-7.69,2.442204,31.69,65.46754921333164,0
4.42,2.442204,31.69,65.33758489567853,0
-3.27,2.440925,31.69,65.33758489567853,0
12.02,2.442204,31.69,65.46754921333164,0
4.66,2.439646,31.69,65.18435395092905,0
1.72,2.444762,31.69,65.05382386916237,0
9.99,2.440925,31.69,65.05382386916237,0
-4.73,2.446042,31.69,65.05382386916237,0
-1.98,2.440925,31.67,65.18435395092905,0
14.32,2.446042,31.67,66.1362230551458,0
-1.09,2.439646,31.67,65.18435395092905,0
-18.19,2.443483,31.67,66.1362230551458,0
13.29,2.437087,31.69,65.05382386916237,0
6.05,2.446042,31.69,65.18435395092905,0
-10.72,2.443483,31.69,65.18435395092905,0
11.6,2.440925,31.69,65.18435395092905,0
6.64,2.442204,31.69,65.18435395092905,0
-3.51,2.440925,31.69,65.18435395092905,0
-16.19,2.440925,31.69,65.18435395092905,0
6.71,2.440925,31.69,65.18435395092905,0
2.11,2.442204,31.71,66.27971031922213,0
-7.29,2.435808,31.71,65.18435395092905,0
4.4,2.438366,31.71,66.1362230551458,0
1.81,2.437087,31.71,65.18435395092905,0
-3.68,2.439646,31.65,64.91532946846992,0
-10.37,2.438366,31.65,64.91532946846992,0
2.17,2.438366,31.65,65.87108622149782,0
-0.38,2.437087,31.65,65.87108622149782,0
-10.07,2.438366,31.67,64.91532946846992,0
2.5,2.437087,31.67,64.91532946846992,0
-2.46,2.438366,31.67,64.91532946846992,0
-7.99,2.429411,31.67,65.87108622149782,0
0.7,2.433249,31.67,65.87108622149782,0
-1.99,2.439646,31.67,64.91532946846992,0
-1.11,2.438366,31.67,65.87108622149782,0
2.79,2.437087,31.67,64.91532946846992,0
-5.81,2.438366,31.67,65.87108622149782,0
4.89,2.440925,31.67,65.87108622149782,0
-0.86,2.439646,31.67,64.91532946846992,0
-6.45,2.438366,31.67,65.87108622149782,0
1.93,2.438366,31.67,64.91532946846992,0
-5.94,2.440925,31.67,65.87108622149782,0
6.29,2.435808,31.67,64.91532946846992,0
0.82,2.434529,31.67,66.01514977639603,0
-6.45,2.434529,31.67,64.91532946846992,0
2.69,2.439646,31.67,65.18435395092905,0
-8.6,2.434529,31.67,65.18435395092905,0
4.33,2.437087,31.67,65.18435395092905,0
1.95,2.433249,31.65,65.3299318842443,0
2.43,2.440925,31.65,65.3299318842443,0
0.92,2.435808,31.65,65.3299318842443,0
-11.91,2.437087,31.65,66.27971031922213,0
6.45,2.437087,31.65,65.3299318842443,0
-2.29,2.437087,31.65,64.66838485689897,0
9.66,2.420457,31.65,65.612498809297,0
8.15,2.43197,31.65,64.66838485689897,0
-11.2,2.43197,31.65,65.612498809297,0
11.88,2.43197,31.65,65.3299318842443,0
9.83,2.433249,31.65,65.612498809297,0
-13.89,2.433249,31.65,65.3299318842443,0
9.28,2.433249,31.63,65.612498809297,0
4.7,2.430691,31.63,65.3299318842443,0
-9.07,2.43197,31.63,65.3299318842443,0
10.55,2.428132,31.63,65.3299318842443,0
6.19,2.430691,31.67,65.3299318842443,0
-2.74,2.424294,31.67,65.3299318842443,0
-13.89,2.433249,31.67,65.18435395092905,0
4.21,2.428132,31.67,65.3299318842443,0
3.93,2.430691,31.67,65.18435395092905,0
-4.72,2.433249,31.67,65.18435395092905,0
-11.53,2.43197,31.67,65.3299318842443,0
5.66,2.430691,31.67,65.18435395092905,0
2.22,2.426853,31.65,65.18435395092905,0
-2.56,2.430691,31.65,65.18435395092905,0
-10.66,2.428132,31.65,65.18435395092905,0
5.47,2.429411,31.65,65.18435395092905,0
2.58,2.423015,31.65,65.18435395092905,0
-3.37,2.43197,31.65,65.3299318842443,0
-10.19,2.426853,31.65,65.18435395092905,0
4.61,2.428132,31.65,65.18435395092905,0
4.27,2.419178,31.65,64.91532946846992,0
-2.33,2.430691,31.65,65.18435395092905,0
-7.81,2.429411,31.65,64.91532946846992,0
3.89,2.429411,31.65,64.91532946846992,0
2.03,2.429411,31.63,65.06150935845248,0
-3.44,2.425574,31.63,64.91532946846992,0
-2.08,2.429411,31.63,65.87108622149782,0
6.55,2.421736,31.63,64.91532946846992,0
-0.83,2.428132,31.67,64.91532946846992,0
-12.68,2.426853,31.67,65.87108622149782,0
2.55,2.428132,31.67,65.87108622149782,0
4.9,2.426853,31.67,64.91532946846992,0
-8.22,2.428132,31.67,65.87108622149782,0
5.17,2.428132,31.67,66.01514977639603,0
0.7,2.424294,31.67,64.91532946846992,0
-5.48,2.425574,31.67,65.3299318842443,0
1.1,2.423015,31.63,65.18435395092905,0
-4.53,2.428132,31.63,65.18435395092905,0
6.32,2.420457,31.63,65.18435395092905,0
-1.95,2.425574,31.63,65.46754921333164,0
-3.17,2.423015,31.65,65.05382386916237,0
-0.05,2.428132,31.65,65.90902821313632,0
-10.83,2.424294,31.65,65.90902821313632,0
7.85,2.424294,31.65,65.90902821313632,0
-0.13,2.424294,31.67,64.66838485689897,0
13.04,2.424294,31.67,65.612498809297,0
3.42,2.424294,31.67,65.612498809297,0
6.96,2.421736,31.67,64.66838485689897,0
4.41,2.424294,31.65,65.612498809297,0
-5.87,2.420457,31.65,65.612498809297,0
6.71,2.423015,31.65,65.612498809297,0
-12.43,2.420457,31.65,65.612498809297,0
11.94,2.420457,31.63,65.612498809297,0
-2.53,2.421736,31.63,65.3299318842443,0
12.22,2.421736,31.63,65.3299318842443,0
4.61,2.420457,31.63,65.46754921333164,0
-15.64,2.419178,31.65,65.3299318842443,0
9.8,2.425574,31.65,65.3299318842443,0
-2.02,2.419178,31.65,65.18435395092905,0
-3.46,2.423015,31.65,65.18435395092905,0
5.14,2.417898,31.63,65.18435395092905,0
-7.96,2.424294,31.63,65.18435395092905,0
4.19,2.421736,31.63,65.18435395092905,0
2.52,2.423015,31.63,65.18435395092905,0
-8.61,2.420457,31.65,64.91532946846992,0
2.2,2.419178,31.65,65.18435395092905,0
-4.93,2.420457,31.65,64.91532946846992,0
-8.95,2.419178,31.65,64.91532946846992,0
3.42,2.420457,31.63,65.18435395092905,0
-0.12,2.417898,31.63,64.78425734698207,0
-8.34,2.419178,31.63,64.91532946846992,0
1.6,2.41534,31.63,65.87108622149782,0
0.47,2.420457,31.63,64.78425734698207,0
-3.86,2.419178,31.63,64.91532946846992,0
1.87,2.406385,31.63,65.18435395092905,0
-0.77,2.41534,31.63,65.18435395092905,0
-7.54,2.412781,31.65,65.18435395092905,0
-4.47,2.417898,31.65,65.46754921333164,0
-3.93,2.41534,31.65,64.389440128021,0
2.1,2.416619,31.65,67.01492371106603,0
2.42,2.411502,31.65,65.7723346096214,0
-5.75,2.41406,31.65,65.612498809297,0
5.36,2.406385,31.65,65.28399497579785,0
-11.59,2.412781,31.65,65.4446330878247,0
3.43,2.408943,31.65,65.4446330878247,0
11.45,2.41534,31.65,66.37770710110436,0
0.93,2.411502,31.65,65.4446330878247,0
0.29,2.412781,31.65,65.28399497579785,0
-2.56,2.411502,31.65,65.4446330878247,0
7.69,2.41534,31.65,64.96922348312314,0
-0.06,2.408943,31.65,64.96922348312314,0
0.64,2.41406,31.65,64.96922348312314,0
6.25,2.416619,31.63,64.66838485689897,0
-0.67,2.408943,31.63,65.612498809297,0
10.73,2.41534,31.63,65.612498809297,0
6.88,2.410223,31.63,65.3299318842443,0
-4.58,2.417898,31.65,65.3299318842443,0
9.07,2.41534,31.65,65.18435395092905,0
1.31,2.416619,31.65,66.27971031922213,0
-9.73,2.412781,31.65,65.3299318842443,0
-5.8,2.416619,31.63,66.27971031922213,0
4.62,2.41406,31.63,65.3299318842443,0
3.6,2.41534,31.63,65.3299318842443,0
-5.22,2.411502,31.63,65.06150935845248,0
0.11,2.410223,31.63,65.49045732013177,0
-1.04,2.411502,31.63,65.49045732013177,0
-1.69,2.41406,31.63,64.38167441127949,0
2.12,2.412781,31.63,65.22269543648132,0
-0.92,2.412781,31.61,65.49045732013177,0
-2.18,2.41406,31.61,65.49045732013177,0
-1.03,2.41406,31.61,65.22269543648132,0
3.11,2.412781,31.61,65.22269543648132,0
-4.64,2.41406,31.63,65.49045732013177,0
1.59,2.41406,31.63,65.22269543648132,0
2.24,2.410223,31.63,65.49045732013177,0
-6.33,2.406385,31.63,65.94694837519019,0
1.87,2.408943,31.65,65.94694837519019,0
5.48,2.412781,31.65,64.83054835492293,0
-1.38,2.408943,31.65,65.7723346096214,0
-5.15,2.411502,31.65,64.83054835492293,0
-4.65,2.403826,31.63,64.83054835492293,0
2.08,2.410223,31.63,64.83054835492293,0
-2.42,2.410223,31.63,64.83054835492293,0
4.38,2.411502,31.63,64.83054835492293,0
1.71,2.408943,31.61,64.83054835492293,0
-5.38,2.408943,31.61,65.13063795173512,0
0.6,2.403826,31.61,65.00769185258002,0
-8.7,2.406385,31.61,65.7723346096214,0
8.1,2.407664,31.63,65.7723346096214,0
-1.41,2.406385,31.63,65.7723346096214,0
9.86,2.407664,31.63,65.49045732013177,0
13.22,2.405106,31.63,65.49045732013177,0
-7.51,2.411502,31.61,65.49045732013177,0
13.86,2.407664,31.61,65.49045732013177,0
6.16,2.410223,31.61,65.49045732013177,0
-7.65,2.401268,31.61,65.49045732013177,0
10.34,2.408943,31.63,65.66582063752801,0
3.5,2.406385,31.63,65.49045732013177,0
-6.95,2.408943,31.63,65.49045732013177,0
1.88,2.407664,31.63,65.49045732013177,0
8.29,2.407664,31.63,65.49045732013177,0
-0.21,2.407664,31.63,65.49045732013177,0
-12.75,2.406385,31.63,65.49045732013177,0
1.82,2.407664,31.63,65.49045732013177,0
-3.02,2.403826,31.63,65.49045732013177,0
-7.13,2.407664,31.63,65.49045732013177,0
3.55,2.403826,31.63,65.49045732013177,0
-0.65,2.407664,31.63,65.49045732013177,0
-10.75,2.39871,31.63,65.49045732013177,0
2.51,2.407664,31.63,65.49045732013177,0
2.65,2.401268,31.63,65.49045732013177,0
-4.07,2.406385,31.63,65.49045732013177,0
3.74,2.405106,31.63,65.7723346096214,0
-2.18,2.406385,31.63,65.7723346096214,0
-5.55,2.393592,31.63,64.83054835492293,0
0.37,2.401268,31.63,65.7723346096214,0
-5.43,2.403826,31.63,65.7723346096214,0
0.21,2.402547,31.63,65.7723346096214,0
1.2,2.403826,31.63,64.83054835492293,0
-3.96,2.396151,31.63,65.49045732013177,0
-0.25,2.401268,31.61,64.83054835492293,0
-2.94,2.39871,31.61,64.83054835492293,0
4.29,2.401268,31.61,65.7723346096214,0
1.88,2.394872,31.61,65.7723346096214,0
-2.27,2.399989,31.61,65.49045732013177,0
7.53,2.403826,31.61,65.49045732013177,0
-1.54,2.39871,31.61,65.3299318842443,0
8.78,2.405106,31.61,65.49045732013177,0
7.56,2.401268,31.61,65.49045732013177,0
-6.11,2.401268,31.61,65.49045732013177,0
5.24,2.394872,31.61,65.49045732013177,0
5.63,2.401268,31.61,65.49045732013177,0
-4.06,2.39743,31.63,65.49045732013177,0
-14.78,2.405106,31.63,65.49045732013177,0
5.93,2.39871,31.63,65.49045732013177,0
3.81,2.399989,31.63,65.49045732013177,0
-6.48,2.39743,31.65,65.49045732013177,0
6.46,2.402547,31.65,65.49045732013177,0
6.15,2.402547,31.65,64.5445582524197,0
-4.66,2.402547,31.65,65.49045732013177,0
-9.72,2.401268,31.65,65.49045732013177,0
7.07,2.396151,31.65,64.72248450113763,0
1.42,2.401268,31.65,65.66582063752801,0
-9.9,2.394872,31.65,64.72248450113763,0
3.1,2.39871,31.63,65.00769185258002,0
-3.94,2.39743,31.63,65.00769185258002,0
-10.85,2.402547,31.63,65.66582063752801,0
2.77,2.39871,31.63,65.49045732013177,0
-2.48,2.399989,31.63,65.49045732013177,0
-0.17,2.399989,31.63,64.5445582524197,0
8.8,2.399989,31.63,65.49045732013177,0
-6.87,2.39871,31.63,65.49045732013177,0
8.66,2.393592,31.65,65.49045732013177,0
4.83,2.399989,31.65,65.49045732013177,0
-15.16,2.394872,31.65,65.49045732013177,0
5.89,2.39871,31.65,64.5445582524197,0
-1.62,2.396151,31.63,65.49045732013177,0
-4.25,2.401268,31.63,65.49045732013177,0
7.28,2.396151,31.63,65.49045732013177,0
-2.14,2.399989,31.63,65.49045732013177,0
2.99,2.394872,31.63,65.49045732013177,0
6.81,2.399989,31.63,65.66582063752801,0
-6.09,2.39871,31.63,64.10928169929842,0
9.68,2.394872,31.63,65.49045732013177,0
6.07,2.39871,31.63,65.49045732013177,0
-11.82,2.39743,31.63,64.5445582524197,0
2.04,2.39871,31.63,65.94694837519019,0
-1.58,2.394872,31.63,65.00769185258002,0
-3.48,2.39743,31.61,65.94694837519019,0
6.39,2.394872,31.61,65.94694837519019,0
-4.3,2.39743,31.61,65.94694837519019,0
-1.57,2.399989,31.61,65.7723346096214,0
1.71,2.39743,31.63,64.83054835492293,0
-7.76,2.399989,31.63,65.00769185258002,0
8.12,2.392313,31.63,65.94694837519019,0
0.89,2.39743,31.63,65.94694837519019,0
-4.04,2.396151,31.61,64.83054835492293,0
3.45,2.399989,31.61,64.83054835492293,0
-2.01,2.396151,31.61,65.00769185258002,0
9.96,2.39743,31.61,65.00769185258002,0
3.3,2.394872,31.63,65.7723346096214,0
-10.81,2.399989,31.63,65.00769185258002,0
8.16,2.39743,31.63,64.83054835492293,0
-0.68,2.39743,31.63,65.7723346096214,0
-12.92,2.396151,31.63,65.00769185258002,0
8.15,2.389755,31.63,64.83054835492293,0
0.49,2.394872,31.63,65.7723346096214,0
-11.82,2.393592,31.63,65.7723346096214,0
10.04,2.393592,31.61,65.7723346096214,0
4.86,2.391034,31.61,65.49045732013177,0
-7.48,2.393592,31.61,65.49045732013177,0
5.13,2.391034,31.61,65.7723346096214,0
4.44,2.396151,31.63,65.49045732013177,0
-3.9,2.394872,31.63,65.7723346096214,0
-7.63,2.382079,31.63,65.49045732013177,0
3.94,2.382079,31.63,65.49045732013177,0
-0.42,2.385917,31.63,64.5445582524197,0
-9.06,2.391034,31.63,65.00769185258002,0
6.64,2.391034,31.63,65.49045732013177,0
3.02,2.392313,31.63,65.66582063752801,0
-5.31,2.388475,31.61,65.39877674696982,0
8.97,2.396151,31.61,64.72248450113763,0
4.89,2.391034,31.61,65.39877674696982,0
-13.12,2.393592,31.61,65.39877674696982,0
8.25,2.396151,31.59,65.66582063752801,0
2.28,2.39871,31.59,65.39877674696982,0
-3.44,2.394872,31.59,65.39877674696982,0
-4.48,2.389755,31.59,65.39877674696982,0
-13.53,2.393592,31.61,65.39877674696982,0
-6.56,2.392313,31.61,65.66582063752801,0
3.31,2.393592,31.61,65.39877674696982,0
-6.29,2.391034,31.61,65.85590330410783,0
4.64,2.392313,31.61,65.66582063752801,0
-2.4,2.392313,31.61,64.83054835492293,0
9.7,2.391034,31.61,66.24198064671678,0
9.86,2.392313,31.61,65.4446330878247,0
-3.1,2.389755,31.61,65.7723346096214,0
-0.72,2.388475,31.61,65.612498809297,0
-4.63,2.384638,31.61,65.612498809297,0
1.95,2.387196,31.61,65.612498809297,0
-11.86,2.385917,31.61,65.46754921333164,0
-2.09,2.387196,31.61,64.68384651518491,0
-3.92,2.387196,31.61,66.11353870426238,0
13.39,2.387196,31.61,64.68384651518491,0
7.62,2.384638,31.57,65.612498809297,0
18.7,2.387196,31.57,65.4446330878247,0
13.51,2.387196,31.57,65.28399497579785,0
10.89,2.387196,31.57,65.13063795173512,0
8.45,2.384638,31.63,66.06814663663572,0
2.85,2.388475,31.63,65.13063795173512,0
-8.89,2.387196,31.63,64.83054835492293,0
-18.12,2.387196,31.63,66.01514977639603,0
-7.08,2.388475,31.59,65.3299318842443,0
-11.63,2.384638,31.59,64.66838485689897,0
-1.83,2.387196,31.59,65.06150935845248,0
-0.15,2.387196,31.59,66.41535966928132,0
-3.19,2.389755,31.61,64.8459713474939,0
2.27,2.392313,31.61,66.87301398920195,0
5.06,2.388475,31.61,70.09992867328754,0
10.37,2.383358,31.61,64.18722614352485,0
8.98,2.383358,31.59,64.5445582524197,0
-5.64,2.383358,31.59,66.06057825965497,0
-30.09,2.385917,31.59,65.58963332722634,0
-15.77,2.383358,31.59,64.72248450113763,0
1.05,2.383358,31.59,65.85590330410783,0
-5.25,2.384638,31.59,65.85590330410783,0
0.48,2.383358,31.59,65.66582063752801,0
7.83,2.383358,31.59,64.5445582524197,0
4.5,2.383358,31.61,65.49045732013177,0
1.91,2.382079,31.61,65.00769185258002,0
2.65,2.3808,31.61,65.00769185258002,0
-3.02,2.376962,31.61,65.13063795173512,0
-4.88,2.376962,31.59,65.13063795173512,0
-1.29,2.379521,31.59,65.13063795173512,0
-4.36,2.376962,31.59,65.62011886609167,0
6.95,2.382079,31.59,65.30696746902278,0
3.33,2.379521,31.59,65.13063795173512,0
-2.67,2.383358,31.59,65.13063795173512,0
-1.36,2.3808,31.59,65.13063795173512,0
0.12,2.382079,31.59,65.13063795173512,0
5.51,2.3808,31.61,66.24198064671678,0
3.78,2.3808,31.61,65.13063795173512,0
2.59,2.376962,31.61,65.13063795173512,0
-4.51,2.3808,31.61,65.13063795173512,0
1.78,2.379521,31.57,65.7723346096214,0
2.41,2.379521,31.57,65.612498809297,0
4.12,2.379521,31.57,65.7723346096214,0
-3.67,2.376962,31.57,65.612498809297,0
4.73,2.379521,31.59,64.66838485689897,0
6.34,2.375683,31.59,65.612498809297,0
-5.24,2.378242,31.59,65.612498809297,0
6.7,2.376962,31.59,65.612498809297,0
7.88,2.376962,31.57,65.46754921333164,0
-2.5,2.373124,31.57,65.3299318842443,0
7.03,2.36417,31.57,65.3299318842443,0
6.36,2.373124,31.57,65.3299318842443,0
-4.25,2.371845,31.59,65.3299318842443,0
4.89,2.376962,31.59,65.3299318842443,0
4.22,2.371845,31.59,65.49045732013177,0
-1.51,2.374404,31.59,64.5445582524197,0
7.33,2.371845,31.57,65.49045732013177,0
5.5,2.378242,31.57,65.49045732013177,0
-6.5,2.373124,31.57,65.49045732013177,0
-0.76,2.373124,31.57,65.49045732013177,0
-1.2,2.370566,31.57,65.49045732013177,0
-5.99,2.378242,31.57,65.49045732013177,0
2.69,2.374404,31.57,65.49045732013177,0
0.46,2.374404,31.57,65.66582063752801,0
2.25,2.373124,31.55,65.49045732013177,0
0.34,2.375683,31.55,64.72248450113763,0
-5.82,2.374404,31.55,65.66582063752801,0
-1.04,2.373124,31.55,65.49045732013177,0
0.83,2.374404,31.59,65.49045732013177,0
10.05,2.370566,31.59,65.49045732013177,0
-8.01,2.374404,31.59,65.49045732013177,0
-7.78,2.368007,31.59,65.49045732013177,0
2.9,2.371845,31.57,64.72248450113763,0
-1.32,2.369287,31.57,65.49045732013177,0
3.02,2.374404,31.57,65.94694837519019,0
-4.22,2.370566,31.57,64.83054835492293,0
2.93,2.373124,31.59,65.7723346096214,0
-1.21,2.371845,31.59,64.83054835492293,0
-0.02,2.373124,31.59,65.7723346096214,0
-4.03,2.375683,31.59,65.7723346096214,0
-0.43,2.373124,31.59,64.83054835492293,0
0.47,2.373124,31.59,64.83054835492293,0
-5.3,2.368007,31.59,65.13063795173512,0
1.74,2.371845,31.59,65.30696746902278,0
-6.88,2.361611,31.59,65.13063795173512,0
5.75,2.374404,31.59,64.83054835492293,0
0.25,2.368007,31.59,64.83054835492293,0
9.36,2.370566,31.59,65.13063795173512,0
4.93,2.36289,31.57,64.83054835492293,0
-7.99,2.371845,31.57,65.7723346096214,0
10.72,2.371845,31.57,65.94694837519019,0
1.39,2.370566,31.57,64.83054835492293,0
-11.67,2.370566,31.59,65.7723346096214,0
11.53,2.361611,31.59,64.83054835492293,0
3.39,2.366728,31.59,64.83054835492293,0
-10.93,2.365449,31.59,65.7723346096214,0
11.13,2.371845,31.57,65.7723346096214,0
4.65,2.366728,31.57,65.94694837519019,0
-7.17,2.369287,31.57,64.83054835492293,0
5.27,2.368007,31.57,65.7723346096214,0
6.25,2.368007,31.57,65.7723346096214,0
-2.68,2.369287,31.57,64.83054835492293,0
-12.12,2.366728,31.57,65.7723346096214,0
7.0,2.366728,31.57,65.7723346096214,0
3.16,2.361611,31.59,65.94694837519019,0
-6.45,2.369287,31.59,65.49045732013177,0
4.17,2.36289,31.59,65.49045732013177,0
3.81,2.365449,31.59,65.49045732013177,0
-4.69,2.361611,31.57,65.49045732013177,0
-9.46,2.365449,31.57,65.49045732013177,0
1.58,2.361611,31.57,65.49045732013177,0
-1.69,2.36417,31.57,65.49045732013177,0
-7.87,2.366728,31.59,65.49045732013177,0
5.13,2.365449,31.59,64.5445582524197,0
0.25,2.36417,31.59,65.49045732013177,0
-7.09,2.356494,31.59,65.49045732013177,0
1.01,2.365449,31.59,65.66582063752801,0
0.41,2.361611,31.59,65.66582063752801,0
-4.29,2.361611,31.59,64.72248450113763,0
-3.38,2.360332,31.59,64.83054835492293,0
-5.54,2.36289,31.57,65.7723346096214,0
-2.77,2.360332,31.57,64.83054835492293,0
-1.7,2.365449,31.57,65.00769185258002,0
-6.17,2.36289,31.57,65.30696746902278,0
3.01,2.361611,31.57,64.83054835492293,0
-4.1,2.353936,31.57,65.30696746902278,0
2.39,2.356494,31.57,65.13063795173512,0
-0.08,2.361611,31.57,65.30696746902278,0
6.19,2.359053,31.57,65.00769185258002,0
2.82,2.36289,31.57,65.30696746902278,0
-1.57,2.347539,31.57,65.30696746902278,0
7.57,2.357773,31.57,65.13063795173512,0
-8.49,2.353936,31.59,65.00769185258002,0
11.82,2.356494,31.59,65.81033353509159,0
1.37,2.357773,31.59,65.7723346096214,0
-5.63,2.357773,31.59,65.66582063752801,0
11.85,2.355215,31.55,65.94694837519019,0
3.05,2.357773,31.55,65.00769185258002,0
-5.05,2.355215,31.55,66.4304147209695,0
23.11,2.356494,31.55,66.1362230551458,0
-0.42,2.357773,31.57,65.19969325081216,0
-18.45,2.36289,31.57,65.19969325081216,0
18.11,2.360332,31.57,66.34003316248794,0
13.32,2.360332,31.57,65.19969325081216,0
-4.08,2.361611,31.57,65.19969325081216,0
-9.72,2.361611,31.57,64.91532946846992,0
4.59,2.36289,31.57,65.00769185258002,0
-5.02,2.357773,31.57,63.7808748764079,0
-23.29,2.356494,31.57,65.66582063752801,0
7.71,2.357773,31.57,65.49045732013177,0
-0.79,2.361611,31.57,64.72248450113763,0
-22.76,2.356494,31.57,66.34756966159348,0
-0.08,2.359053,31.55,66.34756966159348,0
4.1,2.355215,31.55,65.39877674696982,0
-8.67,2.359053,31.55,65.39877674696982,0
8.81,2.359053,31.55,65.49045732013177,0
5.94,2.359053,31.57,65.66582063752801,0
-5.86,2.359053,31.57,65.39877674696982,0
10.46,2.359053,31.57,65.39877674696982,0
2.19,2.355215,31.57,65.85590330410783,0
-0.86,2.356494,31.57,65.49045732013177,0
12.01,2.355215,31.57,65.3299318842443,0
-0.72,2.355215,31.57,65.3299318842443,0
0.75,2.355215,31.57,66.41535966928132,0
-8.71,2.355215,31.55,65.14598989960932,0
3.31,2.359053,31.55,67.7421582177598,0
-0.09,2.357773,31.55,63.84355879804947,0
-8.6,2.360332,31.55,65.37583651472461,0
5.55,2.328351,31.55,65.50572494064927,0
3.55,2.371845,31.55,66.94027188471824,0
61.25,2.371845,31.55,65.7723346096214,0
63.61,2.3808,31.55,63.702433234531945,0
105.52,2.382079,31.55,65.60487786742691,0
75.11,2.387196,31.55,65.42935121182236,0
-24.62,2.360332,31.55,64.7533782902483,0
74.64,2.383358,31.55,64.53681120105021,0
-27.87,2.36289,31.57,66.03786792439622,0
-47.78,2.388475,31.57,62.49799996799898,0
-191.61,2.392313,31.57,65.95452979136459,0
-115.11,2.391034,31.57,65.57438524302,0
-63.04,2.388475,31.57,67.12674578735364,0
-7.94,2.382079,31.57,64.20280367709809,0
-29.6,2.383358,31.57,61.47357155721473,0
27.38,2.378242,31.57,63.96092557178953,0
-54.81,2.373124,31.55,63.74950980203691,0
-59.94,2.36417,31.55,64.85368146836385,0
-53.56,2.378242,31.55,65.81033353509159,0
-57.11,2.379521,31.55,65.58963332722634,0
24.43,2.378242,31.53,65.58963332722634,0
63.97,2.379521,31.53,65.71149062378664,0
16.07,2.375683,31.53,64.6297145282261,0
27.21,2.375683,31.53,64.41273166075166,0
23.2,2.366728,31.57,65.71149062378664,0
21.26,2.376962,31.57,65.71149062378664,0
30.24,2.370566,31.57,65.64297372910524,0
-1.25,2.374404,31.57,65.71149062378664,0
30.88,2.371845,31.55,65.71149062378664,0
13.56,2.373124,31.55,65.71149062378664,0
32.0,2.371845,31.55,65.71149062378664,0
15.92,2.371845,31.55,65.64297372910524,0
-3.19,2.373124,31.55,65.64297372910524,0
15.75,2.371845,31.55,65.64297372910524,0
-11.94,2.371845,31.55,65.64297372910524,0
19.41,2.365449,31.55,65.58963332722634,0
2.18,2.373124,31.55,65.87108622149782,0
23.98,2.368007,31.55,65.87108622149782,0
10.83,2.371845,31.55,64.91532946846992,0
4.08,2.36289,31.55,64.91532946846992,0
11.03,2.371845,31.55,65.21502894272147,0
-13.69,2.373124,31.55,65.21502894272147,0
5.94,2.357773,31.55,65.21502894272147,0
-12.38,2.368007,31.55,65.21502894272147,0
11.02,2.366728,31.53,65.26867548832288,0
-6.63,2.370566,31.53,65.26867548832288,0
7.68,2.360332,31.53,65.26867548832288,0
-5.98,2.365449,31.53,65.21502894272147,0
-4.19,2.36289,31.53,64.91532946846992,0
-2.36,2.370566,31.53,65.87108622149782,0
-4.18,2.365449,31.53,64.91532946846992,0
9.37,2.368007,31.53,65.87108622149782,0
-10.8,2.365449,31.57,64.91532946846992,0
6.51,2.370566,31.57,65.87108622149782,0
4.03,2.368007,31.57,65.87108622149782,0
-12.87,2.368007,31.57,65.87108622149782,0
4.02,2.357773,31.53,65.58963332722634,0
8.44,2.36289,31.53,64.6297145282261,0
-4.74,2.365449,31.53,64.91532946846992,0
-11.19,2.365449,31.53,65.58963332722634,0
10.67,2.366728,31.53,65.87108622149782,0
6.01,2.36417,31.53,64.6297145282261,0
-3.4,2.365449,31.53,64.6297145282261,0
5.48,2.368007,31.53,65.58963332722634,0
6.98,2.366728,31.55,64.91532946846992,0
1.43,2.365449,31.55,64.6297145282261,0
-10.47,2.365449,31.55,65.87108622149782,0
6.29,2.36289,31.55,65.58963332722634,0
2.71,2.361611,31.53,64.6297145282261,0
-6.68,2.36289,31.53,65.58963332722634,0
4.19,2.36417,31.53,65.58963332722634,0
5.0,2.36417,31.53,65.58963332722634,0
-5.37,2.36417,31.55,65.58963332722634,0
-0.38,2.36417,31.55,65.58963332722634,0
2.54,2.365449,31.55,64.91532946846992,0
-2.66,2.36417,31.55,64.91532946846992,0
-3.78,2.365449,31.53,64.91532946846992,0
5.06,2.36417,31.53,65.87108622149782,0
-1.09,2.360332,31.53,66.16645675869307,0
0.05,2.359053,31.53,66.12866246946176,0
1.64,2.361611,31.57,64.87680633323437,0
-3.61,2.365449,31.57,65.21502894272147,0
0.49,2.359053,31.57,65.21502894272147,0
-0.57,2.36289,31.57,65.21502894272147,0
-8.13,2.353936,31.53,65.21502894272147,0
0.11,2.360332,31.53,65.21502894272147,0
-4.25,2.359053,31.53,65.21502894272147,0
1.25,2.361611,31.53,65.21502894272147,0
1.15,2.359053,31.55,65.21502894272147,0
-4.68,2.360332,31.55,65.21502894272147,0
1.39,2.356494,31.55,65.21502894272147,0
-1.74,2.356494,31.55,64.91532946846992,0
0.4,2.357773,31.53,64.91532946846992,0
3.62,2.356494,31.53,64.91532946846992,0
-1.45,2.356494,31.53,64.87680633323437,0
-6.28,2.355215,31.53,64.91532946846992,0
3.16,2.357773,31.53,65.87108622149782,0
1.81,2.351377,31.53,65.83312236253116,0
-3.66,2.359053,31.53,65.87108622149782,0
1.27,2.357773,31.53,65.87108622149782,0
4.58,2.359053,31.53,65.55150646628954,0
1.13,2.353936,31.53,65.87108622149782,0
-3.61,2.357773,31.53,65.58963332722634,0
5.47,2.356494,31.53,65.55150646628954,0
2.81,2.360332,31.51,65.55150646628954,0
-3.53,2.357773,31.51,65.58963332722634,0
-10.25,2.353936,31.51,65.58963332722634,0
-1.17,2.356494,31.51,65.55150646628954,0
4.75,2.355215,31.51,65.55150646628954,0
-3.1,2.360332,31.51,65.55150646628954,0
-2.75,2.353936,31.51,65.58963332722634,0
0.79,2.356494,31.51,65.55150646628954,0
-0.8,2.351377,31.53,64.59102104782058,0
-2.96,2.356494,31.53,65.55150646628954,0
0.13,2.353936,31.53,65.58963332722634,0
0.82,2.353936,31.53,65.55150646628954,0
-2.38,2.353936,31.53,65.55150646628954,0
0.6,2.353936,31.53,65.55150646628954,0
-0.22,2.355215,31.53,65.83312236253116,0
1.97,2.353936,31.53,65.83312236253116,0
1.81,2.355215,31.53,65.83312236253116,0
-1.37,2.351377,31.53,64.87680633323437,0
-0.21,2.341143,31.53,65.83312236253116,0
-4.21,2.341143,31.53,65.83312236253116,0
-0.0,2.348819,31.49,64.87680633323437,0
-1.59,2.34626,31.49,65.1766829472013,0
-5.53,2.350098,31.49,65.21502894272147,0
0.15,2.347539,31.49,65.5286197016235,0
-4.35,2.350098,31.51,65.49045732013177,0
2.62,2.350098,31.51,65.1766829472013,0
-0.95,2.350098,31.51,65.21502894272147,0
4.97,2.352656,31.51,65.21502894272147,0
0.25,2.348819,31.53,65.21502894272147,0
-6.41,2.351377,31.53,65.21502894272147,0
6.02,2.34626,31.53,65.21502894272147,0
-0.65,2.350098,31.53,65.1766829472013,0
3.27,2.34626,31.51,64.87680633323437,0
6.97,2.351377,31.51,65.83312236253116,0
5.49,2.348819,31.51,65.1766829472013,0
-1.65,2.350098,31.51,65.1766829472013,0
-8.68,2.350098,31.49,64.87680633323437,0
7.26,2.352656,31.49,64.87680633323437,0
2.22,2.352656,31.49,65.83312236253116,0
-4.45,2.351377,31.49,64.87680633323437,0
-0.67,2.350098,31.49,65.83312236253116,0
4.88,2.344981,31.49,64.87680633323437,0
3.14,2.348819,31.49,65.83312236253116,0
-3.6,2.344981,31.49,65.55150646628954,0
3.92,2.348819,31.51,65.83312236253116,0
1.68,2.347539,31.51,65.83312236253116,0
-4.97,2.348819,31.51,64.87680633323437,0
-9.45,2.34626,31.51,64.59102104782058,0
-5.06,2.347539,31.49,65.87108622149782,0
-2.11,2.351377,31.49,65.58963332722634,0
2.24,2.348819,31.49,65.87108622149782,0
-1.58,2.347539,31.49,65.87108622149782,0
1.91,2.341143,31.53,65.58963332722634,0
4.35,2.350098,31.53,65.58963332722634,0
-0.91,2.344981,31.53,65.58963332722634,0
-2.01,2.347539,31.53,65.58963332722634,0
0.51,2.344981,31.51,64.6297145282261,0
1.12,2.34626,31.51,64.91532946846992,0
-5.86,2.343702,31.51,65.58963332722634,0
0.57,2.34626,31.51,65.58963332722634,0
0.44,2.34626,31.53,65.58963332722634,0
-1.24,2.348819,31.53,65.87108622149782,0
4.19,2.336026,31.53,65.83312236253116,0
1.87,2.342422,31.53,65.83312236253116,0
4.19,2.344981,31.51,65.83312236253116,0
-3.11,2.344981,31.51,65.83312236253116,0
-7.2,2.344981,31.51,64.87680633323437,0
0.74,2.343702,31.51,65.83312236253116,0
-4.43,2.343702,31.51,64.91532946846992,0
5.9,2.341143,31.51,64.87680633323437,0
1.4,2.342422,31.51,65.83312236253116,0
-1.97,2.343702,31.51,65.21502894272147,0
-0.32,2.342422,31.51,65.21502894272147,0
-6.11,2.339864,31.51,64.91532946846992,0
4.93,2.337305,31.51,64.91532946846992,0
-2.0,2.338585,31.51,64.91532946846992,0
11.0,2.338585,31.51,65.87108622149782,0
2.81,2.333468,31.51,65.87108622149782,0
7.75,2.342422,31.51,65.58963332722634,0
4.62,2.342422,31.51,65.58963332722634,0
0.53,2.341143,31.51,64.59102104782058,0
9.21,2.344981,31.51,64.6297145282261,0
-10.19,2.342422,31.51,65.58963332722634,0
2.38,2.341143,31.51,65.58963332722634,0
-2.77,2.338585,31.51,64.6297145282261,0
-4.75,2.338585,31.51,65.87108622149782,0
2.85,2.338585,31.51,65.64297372910524,0
-3.2,2.338585,31.51,65.58963332722634,0
-1.57,2.337305,31.51,65.92419889539804,0
5.6,2.339864,31.51,65.92419889539804,0
-3.83,2.338585,31.51,65.92419889539804,0
-0.16,2.338585,31.51,64.91532946846992,0
2.94,2.338585,31.53,65.92419889539804,0
-1.54,2.341143,31.53,64.96922348312314,0
-5.7,2.339864,31.53,65.92419889539804,0
-8.38,2.336026,31.53,65.64297372910524,0
-2.35,2.334747,31.49,64.35837163881635,0
-0.07,2.337305,31.49,65.0384501660364,0
4.32,2.324513,31.49,65.26867548832288,0
3.69,2.32963,31.49,67.23838189605696,0
11.64,2.333468,31.51,64.389440128021,0
-5.47,2.330909,31.51,62.91263784010332,0
-7.63,2.333468,31.51,66.07571414672717,0
-2.74,2.330909,31.51,66.21933252457322,0
5.12,2.333468,31.49,65.58963332722634,0
3.81,2.325792,31.49,65.71149062378664,0
-4.94,2.332188,31.49,66.88049042882386,0
-7.4,2.328351,31.49,64.91532946846992,0
-4.83,2.332188,31.51,65.64297372910524,0
1.44,2.333468,31.51,65.32227797620043,0
5.3,2.333468,31.51,65.55150646628954,0
-4.36,2.333468,31.51,65.5286197016235,0
2.95,2.330909,31.53,64.87680633323437,0
3.83,2.334747,31.53,65.83312236253116,0
6.85,2.332188,31.53,65.83312236253116,0
-1.2,2.334747,31.53,64.87680633323437,0
-0.2,2.330909,31.51,64.87680633323437,0
-2.95,2.337305,31.51,66.12866246946176,0
0.85,2.32963,31.51,64.87680633323437,0
-1.42,2.333468,31.51,65.21502894272147,0
-1.67,2.332188,31.51,64.87680633323437,0
-0.62,2.333468,31.51,64.87680633323437,0
-2.33,2.333468,31.51,64.87680633323437,0
2.29,2.333468,31.51,64.87680633323437,0
-0.73,2.332188,31.51,64.85368146836385,0
3.45,2.332188,31.51,65.83312236253116,0
1.83,2.333468,31.51,65.83312236253116,0
-4.25,2.32963,31.51,65.83312236253116,0
1.39,2.332188,31.49,65.55150646628954,0
-3.83,2.328351,31.49,65.83312236253116,0
3.44,2.332188,31.49,65.83312236253116,0
6.91,2.328351,31.49,65.55150646628954,0
0.66,2.333468,31.51,65.55150646628954,0
6.88,2.328351,31.51,65.55150646628954,0
5.03,2.330909,31.51,65.55150646628954,0
-2.34,2.328351,31.51,65.55150646628954,0
1.91,2.330909,31.51,65.55150646628954,0
1.2,2.334747,31.51,65.55150646628954,0
-7.12,2.332188,31.51,65.55150646628954,0
1.71,2.330909,31.51,64.59102104782058,0
3.3,2.325792,31.51,64.59102104782058,0
-4.33,2.32963,31.51,65.55150646628954,0
1.05,2.328351,31.51,65.55150646628954,0
2.32,2.32963,31.51,65.55150646628954,0
-4.67,2.328351,31.51,65.55150646628954,0
1.33,2.328351,31.51,65.55150646628954,0
0.07,2.325792,31.51,65.55150646628954,0
-0.89,2.32963,31.51,65.55150646628954,0
-1.93,2.327071,31.53,65.55150646628954,0
-3.23,2.332188,31.53,65.55150646628954,0
1.41,2.327071,31.53,64.59102104782058,0
0.27,2.324513,31.53,65.55150646628954,0
-1.82,2.325792,31.49,65.55150646628954,0
0.02,2.328351,31.49,65.55150646628954,0
-3.41,2.327071,31.49,65.83312236253116,0
-0.77,2.324513,31.49,65.55150646628954,0
-1.87,2.327071,31.49,64.87680633323437,0
-2.87,2.325792,31.49,65.83312236253116,0
-2.66,2.325792,31.49,65.83312236253116,0
-4.46,2.324513,31.49,65.87108622149782,0
3.21,2.325792,31.49,64.91532946846992,0
1.08,2.323234,31.49,64.91532946846992,0
1.88,2.321954,31.49,65.87108622149782,0
2.12,2.321954,31.49,64.91532946846992,0
-6.9,2.324513,31.51,64.91532946846992,0
2.08,2.316837,31.51,65.87108622149782,0
0.17,2.324513,31.51,64.91532946846992,0
5.78,2.323234,31.51,64.91532946846992,0
2.51,2.323234,31.51,64.91532946846992,0
-4.2,2.324513,31.51,65.87108622149782,0
8.94,2.324513,31.51,65.87108622149782,0
-2.23,2.323234,31.51,65.83312236253116,0
-0.24,2.319396,31.51,65.83312236253116,0
8.32,2.323234,31.51,65.87108622149782,0
-2.75,2.319396,31.51,65.58963332722634,0
-8.65,2.320675,31.51,65.55150646628954,0
9.84,2.321954,31.51,65.55150646628954,0
2.88,2.321954,31.51,65.55150646628954,0
-5.05,2.31172,31.51,65.55150646628954,0
13.05,2.316837,31.51,65.55150646628954,0
5.01,2.320675,31.49,65.55150646628954,0
-5.98,2.319396,31.49,65.58963332722634,0
-12.3,2.320675,31.49,64.68384651518491,0
2.79,2.318117,31.49,65.71149062378664,0
3.23,2.316837,31.51,65.64297372910524,0
-5.49,2.319396,31.51,64.79197481170026,0
-1.23,2.319396,31.51,66.2872536767062,0
13.6,2.319396,31.51,64.79197481170026,0
-10.74,2.320675,31.51,63.37191807101944,0
-0.55,2.323234,31.51,65.55150646628954,0
-0.24,2.319396,31.51,65.55150646628954,0
-9.17,2.321954,31.51,65.55150646628954,0
-6.81,2.321954,31.51,65.28399497579785,0
-4.49,2.321954,31.51,65.28399497579785,0
-6.81,2.321954,31.51,65.28399497579785,0
2.29,2.318117,31.51,65.55150646628954,0
4.04,2.319396,31.51,65.55150646628954,0
-4.37,2.324513,31.51,65.5286197016235,0
1.93,2.319396,31.51,65.5286197016235,0
0.88,2.324513,31.51,65.81033353509159,0
2.68,2.319396,31.51,65.81033353509159,0
2.16,2.324513,31.51,65.81033353509159,0
-5.84,2.320675,31.51,65.83312236253116,0
1.18,2.321954,31.51,64.85368146836385,0
-2.46,2.321954,31.53,65.81033353509159,0
3.72,2.324513,31.53,65.5286197016235,0
2.36,2.318117,31.53,65.81033353509159,0
-3.22,2.321954,31.53,65.81033353509159,0
4.43,2.320675,31.49,65.5286197016235,0
-0.24,2.320675,31.49,65.81033353509159,0
4.19,2.321954,31.49,65.81033353509159,0
4.51,2.319396,31.49,65.83312236253116,0
-2.27,2.320675,31.51,65.81033353509159,0
-8.19,2.320675,31.51,65.81033353509159,0
6.83,2.323234,31.51,65.81033353509159,0
3.58,2.318117,31.51,65.5286197016235,0
-7.38,2.320675,31.51,65.5286197016235,0
2.13,2.318117,31.51,65.5286197016235,0
6.67,2.321954,31.51,65.5286197016235,0
0.91,2.320675,31.51,65.5286197016235,0
-6.31,2.320675,31.47,65.5286197016235,0
9.08,2.323234,31.47,65.55150646628954,0
5.9,2.320675,31.47,65.55150646628954,0
-4.62,2.320675,31.47,65.5286197016235,0
-13.61,2.316837,31.49,65.55150646628954,0
2.35,2.323234,31.49,65.5286197016235,0
6.2,2.318117,31.49,65.55150646628954,0
0.14,2.320675,31.49,65.55150646628954,0
-11.05,2.31172,31.51,65.55150646628954,0
3.29,2.319396,31.51,65.55150646628954,0
4.3,2.312999,31.51,65.55150646628954,0
-2.89,2.318117,31.51,65.55150646628954,0
0.01,2.318117,31.51,65.55150646628954,0
0.76,2.320675,31.51,65.55150646628954,0
-2.01,2.319396,31.51,65.55150646628954,0
-7.76,2.316837,31.51,65.55150646628954,0
0.18,2.316837,31.51,65.83312236253116,0
-5.65,2.316837,31.51,65.83312236253116,0
-4.12,2.316837,31.51,64.87680633323437,0
-0.2,2.310441,31.51,65.83312236253116,0
-2.24,2.315558,31.51,65.83312236253116,0
5.22,2.31172,31.51,65.83312236253116,0
3.87,2.314279,31.51,65.83312236253116,0
-5.41,2.312999,31.51,64.87680633323437,0
0.8,2.318117,31.49,65.83312236253116,0
-3.03,2.316837,31.49,65.81033353509159,0
5.63,2.316837,31.49,65.83312236253116,0
1.41,2.316837,31.49,65.83312236253116,0
-0.88,2.314279,31.49,65.83312236253116,0
2.05,2.312999,31.49,65.83312236253116,0
-7.45,2.31172,31.49,65.5286197016235,0
7.82,2.306603,31.49,65.5286197016235,0
1.26,2.315558,31.49,65.55150646628954,0
8.36,2.318117,31.49,65.55150646628954,0
5.85,2.312999,31.49,65.55150646628954,0
-11.3,2.314279,31.49,65.55150646628954,0
9.45,2.315558,31.49,65.55150646628954,0
-2.17,2.318117,31.49,65.55150646628954,0
-3.69,2.301486,31.49,65.55150646628954,0
3.21,2.312999,31.49,65.55150646628954,0
-3.95,2.310441,31.49,65.28399497579785,0
5.91,2.31172,31.49,65.28399497579785,0
3.34,2.310441,31.49,64.56779382943171,0
-7.52,2.330909,31.49,66.16645675869307,0
6.25,2.332188,31.49,65.6505902486794,0
10.98,2.336026,31.49,64.28841264178172,0
23.61,2.330909,31.49,65.81033353509159,0
3.72,2.328351,31.49,65.612498809297,0
-21.14,2.327071,31.49,65.36818798161687,0
-25.75,2.321954,31.49,67.31270311018568,0
12.51,2.320675,31.49,65.33758489567853,0
-19.6,2.316837,31.49,66.58077800686922,0
7.41,2.318117,31.47,66.07571414672717,0
-23.61,2.318117,31.47,65.0384501660364,0
0.83,2.319396,31.47,65.0384501660364,0
5.56,2.318117,31.47,66.07571414672717,0
7.57,2.318117,31.45,64.47480127925948,0
-7.75,2.316837,31.45,65.83312236253116,0
-4.74,2.316837,31.45,65.52098900352466,0
2.26,2.316837,31.45,65.83312236253116,0
-5.24,2.316837,31.45,65.73431371817918,0
6.47,2.320675,31.45,64.79197481170026,0
2.82,2.314279,31.45,64.79197481170026,0
5.08,2.31172,31.45,66.06057825965497,0
1.74,2.309162,31.45,64.79197481170026,0
-2.18,2.315558,31.45,65.6505902486794,0
2.93,2.316837,31.45,64.79197481170026,0
2.27,2.316837,31.45,64.79197481170026,0
7.37,2.318117,31.45,65.33758489567853,0
7.76,2.315558,31.45,65.33758489567853,0
-9.82,2.320675,31.45,65.33758489567853,0
3.0,2.323234,31.45,65.33758489567853,0
4.67,2.325792,31.45,65.0384501660364,0
-12.17,2.321954,31.45,65.33758489567853,0
5.41,2.320675,31.45,64.68384651518491,0
8.95,2.323234,31.45,64.96922348312314,0
5.94,2.320675,31.45,64.91532946846992,0
-0.84,2.321954,31.45,64.6297145282261,0
10.28,2.321954,31.45,64.91532946846992,0
-1.4,2.321954,31.45,65.64297372910524,0
-4.78,2.318117,31.47,64.96922348312314,0
-4.08,2.319396,31.47,64.96922348312314,0
-0.34,2.319396,31.47,66.07571414672717,0
1.06,2.323234,31.47,64.08587988004847,0
-9.52,2.316837,31.47,65.79513659838392,0
-2.83,2.318117,31.47,65.79513659838392,0
-0.37,2.31172,31.47,65.0384501660364,0
0.15,2.318117,31.47,66.07571414672717,0
0.47,2.318117,31.47,66.07571414672717,0
-0.12,2.319396,31.47,65.79513659838392,0
2.02,2.316837,31.47,65.12296062065974,0
-4.32,2.316837,31.47,65.0384501660364,0
-1.26,2.318117,31.47,65.99242380758567,0
4.38,2.315558,31.47,65.0384501660364,0
-0.9,2.315558,31.47,65.0384501660364,0
0.09,2.312999,31.47,65.0384501660364,0
-7.41,2.310441,31.47,65.99242380758567,0
2.55,2.31172,31.47,64.96922348312314,0
-0.03,2.31172,31.47,65.26867548832288,0
-4.78,2.312999,31.47,65.26867548832288,0
0.06,2.314279,31.45,65.33758489567853,0
-5.27,2.314279,31.45,65.6505902486794,0
5.06,2.314279,31.45,65.73431371817918,0
-2.02,2.314279,31.45,65.6505902486794,0
-3.86,2.315558,31.45,64.70703207534712,0
1.58,2.318117,31.45,65.12296062065974,0
-8.88,2.312999,31.45,65.97726881282674,0
11.8,2.310441,31.45,65.58200972827838,0
4.21,2.31172,31.49,65.6505902486794,0
3.29,2.315558,31.49,65.6505902486794,0
4.01,2.31172,31.49,64.63745044476924,0
-8.62,2.31172,31.49,64.70703207534712,0
11.29,2.310441,31.47,65.6505902486794,0
9.58,2.315558,31.47,65.58200972827838,0
-7.04,2.312999,31.47,65.26867548832288,0
14.99,2.312999,31.47,65.26867548832288,0
3.87,2.312999,31.45,65.26867548832288,0
-7.34,2.310441,31.45,65.26867548832288,0
1.68,2.297649,31.45,65.26867548832288,0
6.75,2.310441,31.45,64.96922348312314,0
-0.22,2.307883,31.47,66.21933252457322,0
-5.94,2.309162,31.47,64.96922348312314,0
11.79,2.309162,31.47,65.87108622149782,0
3.19,2.306603,31.47,64.96922348312314,0
-5.76,2.310441,31.45,65.87108622149782,0
-1.27,2.309162,31.45,64.96922348312314,0
0.56,2.314279,31.45,65.92419889539804,0
-5.21,2.307883,31.45,64.96922348312314,0
-9.09,2.307883,31.45,64.96922348312314,0
-2.03,2.307883,31.45,64.91532946846992,0
0.82,2.309162,31.45,64.96922348312314,0
-5.14,2.307883,31.45,64.96922348312314,0
-1.69,2.309162,31.49,64.96922348312314,0
2.01,2.307883,31.49,65.92419889539804,0
-2.05,2.307883,31.49,64.96922348312314,0
-1.75,2.307883,31.49,65.92419889539804,0
1.31,2.306603,31.45,65.64297372910524,0
-0.68,2.309162,31.45,64.68384651518491,0
-1.07,2.304045,31.45,64.68384651518491,0
1.85,2.305324,31.45,65.92419889539804,0
-2.83,2.300207,31.45,65.92419889539804,0
0.84,2.307883,31.45,65.92419889539804,0
-0.96,2.302766,31.45,64.68384651518491,0
-3.48,2.306603,31.45,65.99242380758567,0
0.63,2.305324,31.49,65.64297372910524,0
-2.44,2.306603,31.49,64.68384651518491,0
1.1,2.305324,31.49,65.99242380758567,0
2.5,2.305324,31.49,65.0384501660364,0
-4.65,2.307883,31.47,65.0384501660364,0
0.48,2.301486,31.47,64.96922348312314,0
-0.6,2.304045,31.47,65.33758489567853,0
7.04,2.298928,31.47,65.6505902486794,0
-3.31,2.304045,31.47,64.79197481170026,0
-8.86,2.301486,31.47,65.12296062065974,0
3.07,2.302766,31.47,65.0384501660364,0
-0.79,2.300207,31.47,65.12296062065974,0
4.75,2.304045,31.47,66.31741852635702,0
2.44,2.304045,31.47,64.91532946846992,0
-4.04,2.304045,31.47,64.91532946846992,0
14.28,2.304045,31.47,64.96922348312314,0
2.74,2.304045,31.47,64.5832795698701,0
1.21,2.302766,31.47,64.22616289332565,0
-4.67,2.301486,31.47,64.63745044476924,0
-5.81,2.305324,31.47,65.5286197016235,0
6.31,2.304045,31.47,64.5445582524197,0
-5.13,2.305324,31.47,65.5286197016235,0
16.01,2.305324,31.47,65.5286197016235,0
-2.39,2.306603,31.47,64.5832795698701,0
-15.66,2.306603,31.47,65.5286197016235,0
11.22,2.310441,31.47,64.5832795698701,0
1.91,2.307883,31.47,65.58200972827838,0
-8.03,2.309162,31.47,67.95586803212802,0
10.44,2.306603,31.49,65.73431371817918,0
6.16,2.307883,31.49,65.4217089351845,0
2.81,2.307883,31.49,65.4217089351845,0
18.37,2.307883,31.49,65.4217089351845,0
-12.59,2.307883,31.49,65.4217089351845,0
-17.94,2.309162,31.49,65.12296062065974,0
-5.7,2.309162,31.49,65.4217089351845,0
7.15,2.306603,31.49,65.4217089351845,0
-1.46,2.307883,31.47,65.4217089351845,0
-6.16,2.309162,31.47,65.4217089351845,0
5.09,2.309162,31.47,65.4217089351845,0
2.01,2.304045,31.47,65.4217089351845,0
-0.72,2.304045,31.45,65.4217089351845,0
-1.96,2.307883,31.45,65.4217089351845,0
-0.5,2.309162,31.45,65.4217089351845,0
-2.06,2.305324,31.45,65.4217089351845,0
-3.64,2.307883,31.47,65.4217089351845,0
1.23,2.307883,31.47,65.12296062065974,0
-3.14,2.306603,31.47,65.12296062065974,0
-1.08,2.306603,31.47,65.12296062065974,0
-0.78,2.306603,31.47,65.12296062065974,0
-2.69,2.305324,31.47,65.12296062065974,0
3.57,2.305324,31.47,65.12296062065974,0
-1.06,2.300207,31.47,65.12296062065974,0
-4.01,2.300207,31.49,65.12296062065974,0
0.22,2.301486,31.49,66.07571414672717,0
-3.35,2.288694,31.49,65.12296062065974,0
3.61,2.302766,31.49,65.4217089351845,0
-0.4,2.297649,31.47,65.4217089351845,0
-3.67,2.302766,31.47,65.4217089351845,0
-2.43,2.297649,31.47,65.4217089351845,0
-1.95,2.297649,31.47,65.4217089351845,0
3.44,2.297649,31.47,65.4217089351845,0
-2.01,2.298928,31.47,65.4217089351845,0
-3.63,2.29509,31.47,65.73431371817918,0
-0.55,2.29509,31.47,65.73431371817918,0
-2.32,2.298928,31.47,65.73431371817918,0
3.56,2.296369,31.47,65.73431371817918,0
-1.08,2.298928,31.47,64.79197481170026,0
5.72,2.297649,31.47,64.70703207534712,0
1.81,2.296369,31.47,65.73431371817918,0
4.55,2.301486,31.47,65.73431371817918,0
5.78,2.298928,31.47,65.33758489567853,0
-4.15,2.300207,31.47,64.389440128021,0
7.49,2.296369,31.47,65.33758489567853,0
-4.46,2.297649,31.47,65.33758489567853,0
8.72,2.297649,31.47,65.33758489567853,0
2.49,2.296369,31.47,65.33758489567853,0
-8.9,2.297649,31.47,66.07571414672717,0
10.96,2.300207,31.47,65.0384501660364,0
1.94,2.298928,31.47,65.0384501660364,0
-12.23,2.298928,31.47,65.99242380758567,0
17.29,2.300207,31.47,65.0384501660364,0
5.15,2.298928,31.47,65.0384501660364,0
-12.33,2.298928,31.47,65.12296062065974,0
-4.27,2.297649,31.47,65.12296062065974,0
-1.41,2.29509,31.45,65.12296062065974,0
1.62,2.291252,31.45,65.0384501660364,0
-12.87,2.297649,31.45,65.0384501660364,0
3.34,2.298928,31.45,65.0384501660364,0
3.03,2.297649,31.47,65.12296062065974,0
-6.78,2.301486,31.47,65.0384501660364,0
3.42,2.297649,31.47,65.0384501660364,0
9.68,2.298928,31.47,66.07571414672717,0
1.3,2.301486,31.47,66.07571414672717,0
-6.28,2.302766,31.47,66.07571414672717,0
1.85,2.300207,31.47,66.07571414672717,0
2.63,2.29509,31.47,66.07571414672717,0
-8.06,2.300207,31.49,65.12296062065974,0
2.2,2.293811,31.49,64.8382603097893,0
-0.62,2.304045,31.49,65.89385403814228,0
-5.33,2.302766,31.49,65.79513659838392,0
2.23,2.309162,31.47,64.7533782902483,0
-3.6,2.312999,31.47,64.79197481170026,0
-0.03,2.336026,31.47,65.22269543648132,0
2.93,2.338585,31.47,65.33758489567853,0
-0.76,2.337305,31.45,66.1362230551458,0
51.75,2.339864,31.45,65.7419196555744,0
24.19,2.334747,31.45,65.89385403814228,0
-56.48,2.338585,31.45,65.22269543648132,0
-10.07,2.330909,31.47,66.17401302626281,0
-19.18,2.337305,31.47,65.12296062065974,0
-11.7,2.341143,31.47,65.4217089351845,0
-10.25,2.350098,31.47,66.2872536767062,0
-8.46,2.350098,31.45,65.0384501660364,0
6.21,2.359053,31.45,65.79513659838392,0
1.08,2.359053,31.45,65.79513659838392,0
5.14,2.352656,31.45,66.07571414672717,0
-0.81,2.352656,31.47,66.07571414672717,0
-5.74,2.34626,31.47,66.07571414672717,0
5.01,2.348819,31.47,66.17401302626281,0
4.91,2.342422,31.47,65.89385403814228,0
7.74,2.343702,31.47,64.93843238021688,0
2.73,2.338585,31.47,64.8382603097893,0
-3.54,2.339864,31.47,65.12296062065974,0
6.84,2.338585,31.47,64.8382603097893,0
4.43,2.338585,31.47,65.33758489567853,0
-4.76,2.338585,31.47,64.27285585688566,0
2.6,2.338585,31.47,72.97259759663213,0
-3.01,2.341143,31.47,60.61352984276695,0
4.69,2.356494,31.47,55.68662316930342,0
17.03,2.370566,31.47,67.83804242458652,0
33.8,2.370566,31.47,80.53570636680354,0
98.92,2.373124,31.47,65.37583651472461,0
26.09,2.369287,31.47,78.39642849007855,0
-117.11,2.374404,31.47,61.1310068623117,0
-41.62,2.31172,31.47,64.4437739428721,0
-8.18,2.312999,31.47,60.93439094632849,0
48.27,2.388475,31.47,69.58448102845921,0
115.7,2.420457,31.47,65.00769185258002,0
-84.66,2.391034,31.47,71.57513534740957,0
-4.5,2.333468,31.47,58.59180830116101,0
174.61,2.139021,31.43,60.53924347066124,0
-140.01,1.981673,31.43,50.0,0
-69.16,2.36417,31.43,70.66823897621902,0
-104.91,2.545823,31.43,72.64296249465602,0
-18.98,2.539427,31.45,53.009433122794285,0
74.19,2.521518,31.45,91.49316914393118,0
214.06,2.521518,31.45,67.63135367564367,0
84.13,2.516401,31.45,63.647466563878254,0
-78.91,2.490816,31.45,63.647466563878254,0
-160.27,2.493374,31.45,63.647466563878254,0
-98.87,2.484419,31.45,63.66317616958802,0
52.83,2.490816,31.45,63.63961030678928,0
33.26,2.489536,31.45,63.63961030678928,0
26.21,2.488257,31.45,64.35060217278468,0
2.3,2.48314,31.45,64.35060217278468,0
6.18,2.485698,31.45,64.35060217278468,0
-2.75,2.48314,31.45,64.38167441127949,0
0.19,2.486978,31.45,63.63961030678928,0
0.51,2.480582,31.45,68.62215385719105,0
-3.57,2.484419,31.45,64.35060217278468,0
6.51,2.481861,31.45,64.35060217278468,0
-4.34,2.478023,31.45,64.35060217278468,0
-5.82,2.479302,31.45,64.35060217278468,0
-3.41,2.472906,31.45,63.66317616958802,0
-2.97,2.474185,31.45,64.35837163881635,0
2.5,2.471627,31.45,64.35837163881635,0
1.08,2.469068,31.45,64.35837163881635,0
4.1,2.46523,31.45,64.35060217278468,0
3.83,2.46651,31.45,64.35060217278468,0
-0.59,2.469068,31.45,64.35060217278468,0
3.95,2.463951,31.45,64.35060217278468,0
-6.11,2.462672,31.45,64.35837163881635,0
0.01,2.456276,31.45,64.35837163881635,0
5.37,2.463951,31.45,64.35060217278468,0
-3.11,2.458834,31.45,64.35837163881635,0
3.9,2.458834,31.45,63.647466563878254,0
-0.27,2.456276,31.45,63.63961030678928,0
0.42,2.456276,31.45,64.35060217278468,0
1.55,2.453717,31.45,64.35060217278468,0
-3.7,2.456276,31.45,63.647466563878254,0
5.0,2.454997,31.47,63.63961030678928,0
-4.26,2.457555,31.47,64.35837163881635,0
4.55,2.453717,31.47,63.63961030678928,0
0.74,2.451159,31.47,63.63961030678928,0
-1.5,2.453717,31.45,64.35060217278468,0
-0.23,2.453717,31.45,64.35060217278468,0
-7.25,2.451159,31.45,64.35060217278468,0
4.01,2.451159,31.45,64.35060217278468,0
-4.56,2.451159,31.45,64.35060217278468,0
2.73,2.4486,31.45,64.35837163881635,0
-0.09,2.4486,31.45,64.35837163881635,0
-4.8,2.4486,31.45,64.35837163881635,0
5.86,2.449879,31.45,64.35837163881635,0
-14.53,2.4486,31.45,64.35837163881635,0
6.13,2.443483,31.45,64.35060217278468,0
5.53,2.443483,31.45,64.35060217278468,0
-13.2,2.443483,31.45,64.35837163881635,0
11.42,2.444762,31.45,63.63961030678928,0
1.39,2.443483,31.45,64.35837163881635,0
1.11,2.442204,31.45,63.63961030678928,0
13.69,2.442204,31.43,63.647466563878254,0
-1.21,2.442204,31.43,63.647466563878254,0
6.75,2.442204,31.43,64.35060217278468,0
17.39,2.442204,31.43,64.35060217278468,0
-2.04,2.439646,31.45,64.35837163881635,0
13.29,2.437087,31.45,64.35060217278468,0
15.32,2.439646,31.45,64.35837163881635,0
-7.3,2.439646,31.45,64.35060217278468,0
7.73,2.437087,31.47,64.35837163881635,0
7.19,2.442204,31.47,64.35837163881635,0
-11.45,2.437087,31.47,63.655321851358195,0
9.96,2.435808,31.47,63.655321851358195,0
6.75,2.430691,31.45,64.21059102671458,0
-2.57,2.475465,31.45,64.20280367709809,0
17.87,2.46523,31.45,63.03967004989794,0
30.41,2.444762,31.45,65.19969325081216,0
128.06,2.43197,31.45,63.03967004989794,0
125.55,2.435808,31.45,64.45153217728807,0
-401.57,2.434529,31.45,63.7102817447859,0
-104.1,2.433249,31.45,64.45153217728807,0
13.42,2.433249,31.45,63.7102817447859,0
5.38,2.430691,31.45,63.89835678638379,0
3.75,2.433249,31.45,63.788713735268246,0
13.57,2.430691,31.45,64.45153217728807,0
2.67,2.433249,31.45,63.7102817447859,0
4.97,2.442204,31.45,65.06919393998976,0
37.95,2.458834,31.45,63.7808748764079,0
24.41,2.454997,31.45,63.702433234531945,0
86.16,2.462672,31.43,64.389440128021,0
224.88,2.460114,31.43,63.7808748764079,0
-103.66,2.460114,31.43,63.7808748764079,0
-126.37,2.454997,31.43,61.40032573203501,0
-44.82,2.467789,31.45,67.94850991743675,0
2.04,2.472906,31.45,63.419239982831705,0
17.89,2.472906,31.45,63.647466563878254,0
59.62,2.474185,31.45,63.686733312362634,0
105.23,2.475465,31.45,63.647466563878254,0
-15.78,2.476744,31.45,63.66317616958802,0
-205.29,2.469068,31.45,63.686733312362634,0
-33.65,2.475465,31.45,64.389440128021,0
31.68,2.471627,31.45,63.66317616958802,0
10.56,2.476744,31.45,63.686733312362634,0
-12.88,2.471627,31.45,63.7102817447859,0
20.56,2.474185,31.45,64.38167441127949,0
4.58,2.472906,31.45,63.671029518926424,0
4.25,2.481861,31.45,63.671029518926424,0
13.95,2.475465,31.45,63.671029518926424,0
1.2,2.480582,31.45,64.38167441127949,0
-7.79,2.480582,31.47,63.671029518926424,0
3.86,2.475465,31.47,64.35837163881635,0
-11.28,2.480582,31.47,64.35837163881635,0
24.48,2.478023,31.47,63.647466563878254,0
4.28,2.478023,31.47,64.35837163881635,0
-17.11,2.476744,31.47,63.671029518926424,0
8.49,2.478023,31.47,63.671029518926424,0
14.58,2.474185,31.47,64.38167441127949,0
-6.68,2.475465,31.43,64.35837163881635,0
-2.73,2.476744,31.43,63.686733312362634,0
11.2,2.475465,31.43,62.96824596572466,0
0.92,2.471627,31.43,64.38167441127949,0
-21.33,2.472906,31.45,64.38167441127949,0
4.5,2.472906,31.45,64.38167441127949,0
6.09,2.472906,31.45,64.38167441127949,0
-7.1,2.471627,31.45,64.38167441127949,0
6.08,2.472906,31.43,63.686733312362634,0
17.36,2.471627,31.43,64.38167441127949,0
-0.73,2.472906,31.43,63.686733312362634,0
-4.42,2.471627,31.43,64.38167441127949,0
10.43,2.474185,31.47,63.66317616958802,0
5.04,2.475465,31.47,63.66317616958802,0
-11.39,2.471627,31.47,64.35837163881635,0
9.9,2.469068,31.47,63.686733312362634,0
-1.44,2.471627,31.43,64.38167441127949,0
-10.77,2.471627,31.43,63.66317616958802,0
10.99,2.46651,31.43,64.38167441127949,0
4.53,2.467789,31.43,63.686733312362634,0
-21.51,2.46523,31.45,63.66317616958802,0
5.54,2.46651,31.45,63.686733312362634,0
0.33,2.461393,31.45,63.686733312362634,0
-18.12,2.463951,31.45,64.38167441127949,0
12.23,2.462672,31.43,64.38167441127949,0
3.27,2.46523,31.43,63.66317616958802,0
-10.07,2.458834,31.43,63.686733312362634,0
15.22,2.462672,31.43,63.686733312362634,0
-5.59,2.460114,31.45,63.686733312362634,0
-23.41,2.460114,31.45,64.41273166075166,0
7.49,2.460114,31.45,63.66317616958802,0
0.27,2.460114,31.45,63.686733312362634,0
-13.68,2.460114,31.47,63.686733312362634,0
13.95,2.456276,31.47,63.686733312362634,0
3.46,2.458834,31.47,63.66317616958802,0
-15.34,2.454997,31.47,63.686733312362634,0
0.43,2.457555,31.45,63.686733312362634,0
-10.2,2.452438,31.45,64.41273166075166,0
-13.33,2.443483,31.45,64.41273166075166,0
-3.84,2.443483,31.45,64.41273166075166,0
14.72,2.453717,31.45,64.41273166075166,0
5.86,2.452438,31.45,63.686733312362634,0
14.87,2.452438,31.45,63.66317616958802,0
-8.5,2.452438,31.45,63.686733312362634,0
-9.38,2.4486,31.45,63.686733312362634,0
15.15,2.453717,31.45,63.686733312362634,0
6.63,2.449879,31.45,64.41273166075166,0
-14.03,2.449879,31.45,62.976185975335156,0
19.24,2.443483,31.43,63.686733312362634,0
-1.54,2.449879,31.43,63.686733312362634,0
-15.44,2.446042,31.43,64.45153217728807,0
-1.8,2.449879,31.43,63.733821476512766,0
3.3,2.444762,31.45,63.686733312362634,0
-8.89,2.449879,31.45,64.389440128021,0
22.17,2.444762,31.45,65.07687761409578,0
-13.0,2.453717,31.45,64.6297145282261,0
-2.02,2.454997,31.47,62.457985878508765,0
39.71,2.462672,31.47,58.077534382926416,0
114.22,2.461393,31.47,60.868711174132805,0
240.76,2.469068,31.47,62.77738446287803,0
-290.29,2.476744,31.47,62.27358990776106,0
-206.63,2.475465,31.47,61.30252849597641,0
21.84,2.469068,31.47,61.106464469808756,0
31.83,2.46651,31.47,61.91930232165088,0
37.66,2.451159,31.47,63.631753079732135,0
-58.06,2.442204,31.47,63.8200595424354,0
-67.89,2.442204,31.47,64.35837163881635,0
-4.65,2.447321,31.47,64.10148204214939,0
10.75,2.449879,31.47,63.54525946126902,0
35.43,2.447321,31.47,63.54525946126902,0
4.06,2.446042,31.47,64.07807737440318,0
12.96,2.4486,31.47,63.85138996137829,0
2.17,2.449879,31.49,64.10148204214939,0
5.44,2.442204,31.49,64.10148204214939,0
22.64,2.449879,31.49,64.66838485689897,0
-5.13,2.447321,31.49,63.2771680782255,0
21.01,2.449879,31.49,64.66838485689897,0
28.54,2.447321,31.49,63.2771680782255,0
-15.45,2.446042,31.49,63.85138996137829,0
33.71,2.447321,31.49,63.82789358893179,0
30.53,2.446042,31.49,63.2771680782255,0
-29.7,2.444762,31.49,63.85138996137829,0
28.33,2.444762,31.49,63.85138996137829,0
19.49,2.446042,31.49,61.644140029689765,0
-26.29,2.443483,31.51,63.85138996137829,0
27.21,2.447321,31.51,63.85138996137829,0
16.69,2.433249,31.51,63.85138996137829,0
-26.87,2.439646,31.51,63.2771680782255,0
8.7,2.443483,31.49,63.85138996137829,0
7.21,2.4486,31.49,63.85138996137829,0
-21.62,2.443483,31.49,63.85138996137829,0
5.34,2.440925,31.49,63.85138996137829,0
2.66,2.438366,31.49,63.85138996137829,0
-14.03,2.442204,31.49,64.43601477434805,0
4.44,2.442204,31.49,63.03967004989794,0
-7.16,2.438366,31.49,63.03967004989794,0
-11.11,2.440925,31.47,63.85138996137829,0
-1.87,2.437087,31.47,64.43601477434805,0
-7.19,2.439646,31.47,63.85138996137829,0
-2.67,2.438366,31.47,63.85138996137829,0
1.02,2.443483,31.49,63.85138996137829,0
-8.78,2.443483,31.49,63.85138996137829,0
3.46,2.438366,31.49,64.43601477434805,0
1.17,2.435808,31.49,63.631753079732135,0
-19.56,2.440925,31.51,61.30252849597641,0
3.38,2.442204,31.51,59.715994507334464,0
3.55,2.462672,31.51,69.14477565225012,0
4.26,2.475465,31.51,54.24020648928247,0
49.73,2.437087,31.47,66.70082458260917,0
158.21,2.437087,31.47,67.42403132415029,0
-90.26,2.439646,31.47,64.70703207534712,0
-110.1,2.457555,31.47,70.78841713161836,0
27.72,2.453717,31.49,73.65459931328118,0
169.33,2.444762,31.49,45.45327270945405,0
-32.1,2.442204,31.49,58.31809324729333,0
-116.51,2.438366,31.49,63.96092557178953,0
-93.5,2.451159,31.51,63.324560795950255,0
-56.17,2.504887,31.51,63.198101237299845,0
15.2,2.485698,31.51,62.8410693734599,0
96.36,2.486978,31.51,62.8410693734599,0
-118.79,2.481861,31.49,62.56196927846821,0
3.27,2.475465,31.49,62.56196927846821,0
22.69,2.471627,31.49,62.8410693734599,0
34.91,2.462672,31.49,62.76145313805282,0
22.31,2.462672,31.51,62.49799996799898,0
2.6,2.447321,31.51,62.76145313805282,0
10.15,2.454997,31.51,62.76145313805282,0
2.65,2.4486,31.51,62.76145313805282,0
5.15,2.444762,31.51,62.69768735766894,0
3.9,2.439646,31.51,62.465990746965666,0
-4.87,2.437087,31.51,63.41135544995076,0
4.85,2.433249,31.51,62.71363488110062,0
-8.26,2.426853,31.49,62.71363488110062,0
2.82,2.430691,31.49,63.655321851358195,0
4.5,2.423015,31.49,62.49799996799898,0
-11.08,2.426853,31.49,62.94441992742486,0
7.87,2.416619,31.53,62.24949798994366,0
-0.26,2.423015,31.53,62.71363488110062,0
-9.37,2.410223,31.53,62.71363488110062,0
10.13,2.416619,31.53,62.71363488110062,0
1.71,2.41406,31.51,62.465990746965666,0
-13.41,2.411502,31.51,62.71363488110062,0
7.47,2.408943,31.51,62.94441992742486,0
6.82,2.406385,31.51,67.21606950722423,0
-14.67,2.405106,31.51,62.23343153000644,0
6.69,2.39871,31.51,62.465990746965666,0
-1.96,2.39871,31.51,62.71363488110062,0
-0.5,2.389755,31.51,62.71363488110062,0
12.87,2.394872,31.49,62.465990746965666,0
-4.91,2.388475,31.49,62.71363488110062,0
-13.11,2.392313,31.49,62.71363488110062,0
-1.32,2.389755,31.49,62.71363488110062,0
-2.98,2.388475,31.51,62.71363488110062,0
-5.55,2.387196,31.51,62.71363488110062,0
2.99,2.385917,31.51,62.465990746965666,0
-8.8,2.385917,31.51,62.49799996799898,0
4.19,2.383358,31.49,62.71363488110062,0
-2.34,2.385917,31.49,62.71363488110062,0
-16.42,2.374404,31.49,62.71363488110062,0
5.15,2.3808,31.49,62.49799996799898,0
-3.19,2.373124,31.51,62.71363488110062,0
-3.54,2.3808,31.51,53.23532661682466,0
8.08,2.429411,31.51,85.67963585356792,0
-6.67,2.451159,31.51,76.58981655546643,0
6.19,2.453717,31.53,60.753600716336145,0
29.2,2.451159,31.53,63.8200595424354,0
107.53,2.461393,31.53,66.67083320313314,0
46.43,2.458834,31.53,64.95382975621992,0
-200.45,2.463951,31.51,65.52098900352466,0
-37.39,2.462672,31.51,68.94200461257273,0
4.58,2.463951,31.51,62.68173577685928,0
24.95,2.472906,31.51,62.489999199871974,0
-24.91,2.419178,31.53,59.14389233048498,0
-85.71,2.438366,31.53,63.324560795950255,0
2.39,2.481861,31.53,65.79513659838392,0
29.82,2.469068,31.53,63.095166217389426,0
46.22,2.469068,31.51,63.14269553954757,0
13.68,2.469068,31.51,68.03675477269621,0
32.38,2.438366,31.51,65.80273550544841,0
-7.89,2.412781,31.51,65.00769185258002,0
16.45,2.41534,31.53,64.74565622495459,0
42.34,2.411502,31.53,64.81512169239521,0
-17.33,2.41406,31.53,67.03730304837748,0
20.44,2.438366,31.53,64.88451279003334,0
17.73,2.486978,31.55,67.90434448545984,0
-23.13,2.506166,31.55,65.19202405202648,0
45.03,2.524076,31.55,63.03967004989794,0
168.13,2.531752,31.55,63.96092557178953,0
41.52,2.516401,31.53,55.883808030591474,0
-199.42,2.525355,31.53,64.66838485689897,0
-59.43,2.55094,31.53,62.76941930590086,0
26.03,2.51768,31.53,64.1404708432983,0
44.23,2.520238,31.55,63.324560795950255,0
137.72,2.516401,31.55,63.89835678638379,0
56.44,2.51768,31.55,64.21059102671458,0
24.17,2.522797,31.55,63.608175575157006,0
-116.94,2.511284,31.55,63.54525946126902,0
-73.49,2.508725,31.55,63.25345840347388,0
28.25,2.497212,31.55,64.43601477434805,0
56.44,2.503608,31.55,64.03124237432849,0
21.15,2.504887,31.55,64.03124237432849,0
-30.99,2.495933,31.55,65.46754921333164,0
-59.79,2.480582,31.55,62.68173577685928,0
-84.03,2.666073,31.55,64.50581369148055,0
-9.47,3.102298,31.53,64.78425734698207,0
81.3,3.293211,31.53,65.71149062378664,0
106.28,3.028406,31.53,64.96922348312314,0
-59.81,2.794303,31.53,45.81484475582123,0
-3.29,2.672774,31.53,73.57988855658861,0
-19.84,2.633117,31.53,63.58458932791813,0
-133.64,2.610091,31.53,69.28924880528002,0
42.79,2.592181,31.53,68.68769904429759,0
55.33,2.588344,31.55,65.5286197016235,0
80.13,2.579389,31.55,66.85057965343307,0
-44.99,2.570434,31.55,58.180752831155424,0
-100.53,2.566597,31.55,64.87680633323437,0
-22.44,2.558921,31.51,77.87810988975015,0
33.36,2.575551,31.51,61.065538563088104,0
52.51,2.548687,31.51,67.11184694225007,0
-100.53,2.541011,31.51,71.17583859709698,0
-18.63,2.535894,31.55,49.839743177508446,0
-33.26,2.532057,31.55,62.77738446287803,0
24.18,2.547408,31.55,67.11929677819934,0
-34.09,2.532057,31.55,63.75735251718032,0
118.34,2.520543,31.51,68.03675477269621,0
32.53,2.514147,31.51,73.3007503372237,0
-117.66,2.519264,31.51,69.72087205421343,0
0.19,2.523102,31.51,49.28488612140643,0
71.42,2.521823,31.51,63.4428877022476,0
-12.17,2.524381,31.51,61.0,0
5.96,2.517985,31.51,66.12866246946176,0
-16.48,2.500075,31.51,68.7386354243376,0
15.24,2.521823,31.51,69.07966415668217,0
-8.47,2.507751,31.51,67.27555276621665,0
-95.68,2.514147,31.51,58.111960903070546,0
-10.91,2.515426,31.51,61.741396161732524,0
96.48,2.528219,31.51,73.00684899377592,0
119.31,2.516706,31.51,53.9351462406472,0
235.34,2.496238,31.51,68.72408602520662,0
-39.84,2.473211,31.51,63.103090257134,0
-180.07,2.479302,31.51,66.4981202741852,0
17.66,2.475465,31.51,63.40346993658943,0
34.37,2.458834,31.51,68.18357573492314,0
-39.52,2.460114,31.51,62.95236294214857,0
-79.91,2.453717,31.53,68.33008122342603,0
-91.45,2.472906,31.53,57.4543296888929,0
-39.24,2.456276,31.53,65.56675987114203,0
69.2,2.463951,31.53,64.45153217728807,0
170.97,2.463951,31.51,65.37583651472461,0
-29.98,2.479302,31.51,63.079315151640635,0
-38.84,2.456276,31.51,68.18357573492314,0
-100.5,2.449879,31.51,66.55073252789934,0
-78.82,2.463951,31.53,64.66065264130884,0
-39.93,2.451159,31.53,62.26556030423239,0
31.29,2.456276,31.53,69.86415389883427,0
12.31,2.489536,31.53,74.65922581972036,0
35.5,2.48314,31.53,71.14070564732964,0
63.27,2.454997,31.53,64.319514923544,0
-65.08,2.454997,31.53,60.663003552412405,0
-77.32,2.447321,31.53,64.77653896280658,0
87.56,2.446042,31.51,62.96824596572466,0
-66.9,2.440925,31.51,66.73829485385434,0
-29.55,2.440925,31.51,63.419239982831705,0
8.36,2.435808,31.51,70.04284403134984,0
-25.45,2.437087,31.53,59.447455790807396,0
60.45,2.433249,31.53,66.89544080129826,0
-30.72,2.434529,31.53,65.7723346096214,0
21.25,2.433249,31.53,64.26507605223851,0
13.97,2.437087,31.53,68.68769904429759,0
3.75,2.470347,31.53,60.73713855624086,0
-30.89,2.484419,31.53,64.57553716385176,0
-25.41,2.526635,31.53,69.05794668247819,0
47.27,2.531752,31.53,67.14908785679818,0
91.44,2.530472,31.53,67.02984409947557,0
29.03,2.521518,31.53,76.82447526667526,0
12.2,2.512563,31.53,55.036351623268054,0
48.72,2.476744,31.55,61.97580172938467,0
50.05,2.454997,31.55,58.56620185738529,0
65.83,3.102298,31.55,59.94997914928745,0
29.78,3.616862,31.55,59.94997914928745,0
-215.53,3.814772,31.51,51.07837115648854,0
-156.59,3.191777,31.51,65.79513659838392,0
147.68,3.01524,31.51,45.617978911828175,0
-72.2,3.025474,31.51,86.83893136145792,0
-75.44,2.946161,31.51,65.30696746902278,0
145.39,2.858266,31.51,65.24568951279464,0
84.52,2.784069,31.51,76.81796664843453,0
-116.23,2.706035,31.51,67.17886572427373,0
16.04,2.708593,31.53,70.69653456853455,0
-64.67,2.68045,31.53,59.472682804797024,0
-160.84,2.649748,31.53,92.02716990106781,0
125.38,2.659982,31.53,49.10193478876367,0
-195.6,2.656144,31.53,68.00735254367721,0
-22.54,2.643352,31.53,70.63993204979744,0
100.28,2.654865,31.53,74.84650960465692,0
28.36,2.64591,31.53,65.4217089351845,0
26.95,2.648468,31.51,66.24952830020754,0
33.01,2.630559,31.51,65.90902821313632,0
-20.25,2.651027,31.51,72.00694410957877,0
-54.61,2.652306,31.51,62.8728876384726,0
34.75,2.617767,31.51,63.82789358893179,0
-0.57,2.616487,31.51,56.929781309961136,0
70.86,2.620325,31.51,63.2771680782255,0
162.05,2.615208,31.51,63.33245613427605,0
-272.27,2.62928,31.53,61.5223536610881,0
-245.92,2.630559,31.53,64.31174076325411,0
-18.14,2.610091,31.53,63.88270501473775,0
45.98,2.599857,31.53,66.2872536767062,0
-69.86,2.580668,31.53,64.56779382943171,0
-82.27,2.579389,31.53,66.34003316248794,0
12.15,2.562759,31.53,68.8839603971781,0
47.91,2.564038,31.53,65.80273550544841,0
-22.7,2.555083,31.49,64.66838485689897,0
53.0,2.553804,31.49,65.43699259593154,0
14.92,2.546129,31.49,66.87301398920195,0
-19.24,2.54357,31.49,66.40030120413611,0
-7.48,2.539732,31.53,64.81512169239521,0
-41.59,2.534615,31.53,65.43699259593154,0
-28.02,2.529498,31.53,64.81512169239521,0
5.36,2.523102,31.53,65.46754921333164,0
10.63,2.519264,31.53,64.82283548256741,0
-12.66,2.519264,31.53,64.8459713474939,0
-1.05,2.512868,31.53,65.03076195155643,0
-1.68,2.503913,31.53,65.612498809297,0
10.13,2.502634,31.55,68.30080526611674,0
14.08,2.478328,31.55,69.02897942168927,0
-30.2,2.489841,31.55,56.00892785976178,0
15.36,2.459139,31.55,84.38601779915912,0
18.37,2.489536,31.53,68.97100840208152,0
-18.69,2.485698,31.53,63.984373092185564,0
95.58,2.48314,31.53,64.5445582524197,0
-66.97,2.485698,31.53,69.23871749245504,0
-133.97,2.475465,31.53,78.10249675906654,0
86.35,2.469068,31.53,62.369864518050704,0
-3.72,2.456276,31.53,65.81033353509159,0
-28.94,2.467789,31.53,66.06814663663572,0
19.61,2.463951,31.53,68.47627326307996,0
2.29,2.46523,31.53,79.47326594522211,0
26.99,2.453717,31.53,78.34538914320358,0
-12.4,2.391034,31.53,49.05099387372289,0
-7.47,2.254154,31.51,57.28001396647874,0
-4.03,2.145418,31.51,65.37583651472461,0
-41.56,1.982953,31.51,66.91038783328041,0
-30.98,1.93562,31.51,64.389440128021,0
119.12,1.951492,31.55,65.95452979136459,0
50.59,1.951492,31.55,65.07687761409578,0
-18.6,1.955329,31.55,65.16133823057964,0
-14.88,1.946375,31.55,66.05300901548695,0
9.46,1.945095,31.55,65.19202405202648,0
0.07,1.933582,31.55,64.73020933072904,0
-10.2,1.911835,31.55,64.85368146836385,0
3.75,1.891367,31.55,66.64082832618455,0
-1.72,1.891367,31.53,64.33506042586733,0
-7.65,1.88625,31.53,65.19202405202648,0
3.21,1.872178,31.53,65.70388116390082,0
-2.02,1.865782,31.53,64.33506042586733,0
1.89,1.858106,31.53,64.26507605223851,0
0.62,1.860665,31.53,69.83552104767315,0
-2.21,1.842755,31.53,220.54931421339762,0
2.55,1.946375,31.53,177.11013522664365,0
