BVP,EDA,TEMP,ACC_Mag,Label
44.2,9.149161,34.71,149.31175439328277,0
22.61,8.816556,34.71,160.1343186203382,0
-47.15,8.713039,34.68,74.17546764261078,0
75.15,8.687454,34.68,63.0,0
145.54,8.7463,34.68,62.16912416947821,0
100.37,8.733507,34.68,63.76519426771944,0
-138.19,8.773164,34.73,63.89053137985315,0
-104.72,8.83073,34.73,63.89053137985315,0
-106.34,8.956097,34.73,63.28506932918696,0
-48.48,9.099373,34.73,63.28506932918696,0
14.11,9.251604,34.68,63.28506932918696,0
-17.95,9.337314,34.68,63.28506932918696,0
-12.69,9.438375,34.68,63.28506932918696,0
27.55,9.538054,34.68,63.28506932918696,0
-17.62,9.534216,34.71,63.28506932918696,0
7.64,9.489442,34.71,63.89053137985315,0
32.84,9.411407,34.71,64.04685784642366,0
-27.39,9.366634,34.71,62.80127387243033,0
30.05,9.309068,34.73,62.80127387243033,0
43.9,9.251501,34.73,62.056425936400814,0
-26.5,9.200332,34.73,57.113921245174545,0
42.23,9.161954,34.73,53.4696175411794,0
31.58,9.149161,34.71,64.68384651518491,0
-57.48,9.325698,34.71,87.10338684574785,0
31.58,9.420362,34.71,63.35613624582863,0
-22.29,9.431876,34.71,65.37583651472461,0
-56.64,9.439551,34.71,63.245553203367585,0
28.53,9.810534,34.71,59.715994507334464,0
-68.18,9.841236,34.71,63.7102817447859,0
54.72,9.829723,34.71,63.26926584053272,0
107.44,9.824606,34.71,75.2994023880668,0
-5.44,9.832281,34.71,62.617888817813075,0
31.61,9.839957,34.71,63.733821476512766,0
17.13,9.854029,34.71,63.26926584053272,0
-45.07,9.870659,34.73,63.095166217389426,0
38.51,9.875776,34.73,62.42595614005443,0
-19.17,9.88601,34.73,63.182275995725256,0
20.87,9.878334,34.73,66.88049042882386,0
22.43,9.8681,34.71,66.85057965343307,0
-42.5,9.864263,34.71,59.312730505347666,0
27.36,9.861704,34.71,66.24198064671678,0
-23.98,9.845074,34.71,62.120849961989414,0
3.39,9.861704,34.71,62.81719509815764,0
7.72,9.878334,34.71,63.198101237299845,0
-56.94,9.871939,34.71,62.625873247404705,0
21.22,9.877055,34.71,62.625873247404705,0
-23.71,9.88601,34.66,61.71709649683789,0
38.03,9.889848,34.66,63.03967004989794,0
16.27,9.901361,34.66,62.82515419798029,0
-75.51,9.892406,34.66,63.0,0
29.93,9.897523,34.71,62.465990746965666,0
-17.85,9.903919,34.71,62.26556030423239,0
29.88,9.892406,34.71,62.26556030423239,0
24.84,9.911595,34.71,62.26556030423239,0
-61.78,9.90264,34.71,62.625873247404705,0
56.1,9.920549,34.71,62.26556030423239,0
16.43,9.909037,34.71,63.53739056650029,0
-90.01,9.916712,34.71,62.26556030423239,0
49.85,9.915433,34.71,62.26556030423239,0
16.23,9.915433,34.71,62.26556030423239,0
-77.87,9.909037,34.71,62.44197306299666,0
65.8,9.947414,34.71,63.182275995725256,0
8.33,9.990239,34.73,62.625873247404705,0
-72.75,9.98768,34.73,62.26556030423239,0
44.33,9.986402,34.73,62.625873247404705,0
29.05,9.985123,34.73,62.625873247404705,0
-46.06,9.977447,34.73,63.0,0
23.26,9.963375,34.73,65.07687761409578,0
-3.9,9.968492,34.73,57.94825277780168,0
-72.01,9.95442,34.73,63.90618123468183,0
22.32,9.956979,34.73,68.8839603971781,0
-8.12,9.935231,34.73,60.398675482166,0
-16.63,9.891737,34.73,65.76473218982953,0
15.63,9.916042,34.73,62.52199612936234,0
-8.0,9.951861,34.73,64.41273166075166,0
44.84,9.994077,34.73,63.15853069855251,0
11.79,9.98896,34.73,64.95382975621992,0
-17.78,9.996635,34.73,63.20601237224193,0
88.1,10.003032,34.71,61.87891401761993,0
62.09,9.997914,34.71,62.72160712226688,0
-76.8,9.999194,34.71,62.75348595894893,0
-274.67,9.999194,34.71,63.0317380372777,0
-38.69,9.98768,34.73,62.14499175315739,0
86.1,9.999194,34.73,62.72160712226688,0
-4.85,9.98896,34.73,61.814237842102365,0
75.8,9.994077,34.73,62.42595614005443,0
17.48,9.98768,34.71,62.42595614005443,0
23.83,10.010707,34.71,62.42595614005443,0
37.15,9.992798,34.71,63.0158710167526,0
-54.32,10.015824,34.71,62.72160712226688,0
18.75,10.029896,34.73,62.42595614005443,0
-25.54,10.024779,34.73,62.42595614005443,0
76.77,10.019662,34.73,62.72160712226688,0
26.58,9.994077,34.73,62.42595614005443,0
-69.27,10.015824,34.71,62.72160712226688,0
34.76,10.000473,34.71,72.39475119095306,0
-6.68,10.004311,34.71,76.82447526667526,0
-28.62,9.936511,34.71,47.21228653645151,0
30.31,9.740786,34.73,54.01851534427802,0
-6.18,9.949304,34.73,61.78996682310163,0
-36.98,9.944186,34.73,81.0,0
-10.96,9.953141,34.73,63.58458932791813,0
112.74,9.973609,34.68,65.13063795173512,0
-91.68,9.858477,34.68,57.0350769263968,0
-53.88,9.661471,34.68,62.369864518050704,0
199.8,9.814981,34.68,34.77067730142742,0
-48.32,9.798351,34.68,103.75451797391764,0
-155.6,9.505403,34.68,85.0235261559999,0
-180.79,9.97233,34.68,73.68853370776216,0
53.72,9.881503,34.68,63.592452382338585,0
-75.13,9.887899,34.73,61.538605769061746,0
59.99,9.935231,34.73,52.08646657242167,0
-75.58,10.008149,34.73,62.88083968904996,0
20.55,10.127119,34.73,60.70420084310476,0
163.58,10.050364,34.71,60.174745533321534,0
109.55,10.133515,34.71,74.79973261984297,0
145.58,10.102814,34.71,57.97413216254298,0
-240.94,10.134794,34.71,67.00746227100382,0
-104.22,10.159101,34.73,65.45991139621256,0
70.5,10.116885,34.73,69.10861017268398,0
268.65,9.976168,34.73,61.40032573203501,0
-210.26,10.088741,34.73,67.36467917239716,0
-172.74,10.084904,34.75,61.73329733620261,0
-43.57,10.106651,34.75,83.55237878121723,0
-12.76,10.101534,34.75,67.49074010558782,0
-13.58,10.119444,34.75,61.48983655857283,0
-5.42,10.215387,34.71,63.20601237224193,0
44.1,10.198757,34.71,65.13063795173512,0
167.6,10.147587,34.71,64.60650122085238,0
112.32,10.122002,34.71,57.043842787806646,0
162.88,10.101534,34.73,73.98648525237566,0
-116.67,10.092579,34.73,67.50555532695068,0
-192.34,10.093859,34.73,70.49822692805827,0
-87.93,10.116885,34.73,49.53786430600334,0
131.19,10.111768,34.73,74.49161026585477,0
10.75,10.12584,34.73,58.83026432033091,0
83.98,10.118164,34.73,62.048368229954285,0
52.27,10.102814,34.73,63.419239982831705,0
-23.28,10.106651,34.75,61.554853586049575,0
23.72,10.110489,34.75,63.773035054010094,0
-5.19,10.093859,34.75,67.08949247087803,0
-84.36,10.086184,34.75,58.80476171195663,0
38.0,10.073391,34.71,61.62791575252241,0
29.8,10.066995,34.71,63.773035054010094,0
-57.55,10.05676,34.71,67.86015030929418,0
48.43,10.042688,34.71,74.24284477308234,0
19.77,10.068274,34.71,31.622776601683793,0
-53.22,10.069552,34.71,96.8039255402383,0
38.21,10.152704,34.71,70.73895673530957,0
35.72,10.159101,34.71,58.881236400062114,0
80.07,10.156542,34.75,44.82186966202994,0
62.07,10.115606,34.75,64.7533782902483,0
-103.27,10.10793,34.75,61.0,0
28.02,10.027337,34.75,64.1404708432983,0
74.91,10.00559,34.73,63.12685640834652,0
40.51,10.049085,34.73,64.03124237432849,0
-15.24,10.208991,34.73,75.71657678474378,0
-571.39,10.191082,34.73,51.710733895391584,0
9.74,10.104093,34.73,77.58221445666526,0
241.59,10.054202,34.73,57.28001396647874,0
-40.45,10.055481,34.73,60.340699366182356,0
6.97,10.054202,34.73,62.369864518050704,0
-141.4,10.113048,34.73,65.21502894272147,0
-69.85,10.092579,34.73,66.88796603276258,0
-93.32,10.069552,34.73,76.58328799418317,0
103.05,10.054202,34.73,44.11349000022555,0
-80.65,10.050364,34.73,71.66589146867567,0
-53.41,10.063156,34.73,59.16924876994806,0
-238.32,10.145029,34.73,71.18286310622803,0
31.22,10.168056,34.73,62.13694553162394,0
193.95,10.116885,34.73,62.0644825967316,0
247.58,10.133515,34.73,65.30696746902278,0
206.51,10.115606,34.73,74.16872656315464,0
-242.7,10.07467,34.73,49.29503017546495,0
146.74,10.022221,34.75,70.28513356322232,0
154.27,10.038851,34.75,65.7723346096214,0
-420.68,10.041409,34.75,62.489999199871974,0
-358.72,10.031176,34.75,59.90826320300064,0
-104.65,10.041409,34.73,62.71363488110062,0
134.35,10.035013,34.73,64.19501538281614,0
118.55,10.027337,34.73,62.37788069500277,0
170.05,9.996635,34.73,62.78534860936905,0
88.62,10.010707,34.75,63.72597586541927,0
100.65,9.994077,34.75,62.3377895020348,0
80.82,10.008149,34.75,63.43500610861482,0
-43.67,9.985123,34.75,63.00793600809346,0
83.6,9.985123,34.75,64.19501538281614,0
14.16,9.977447,34.75,66.30987860040162,0
10.43,10.081066,34.75,61.40032573203501,0
33.0,10.047806,34.75,63.0158710167526,0
-14.37,10.027337,34.77,67.45368781616021,0
87.52,9.98896,34.77,64.10148204214939,0
89.4,9.916042,34.77,60.21627686929839,0
-94.05,9.958258,34.77,62.5939294181153,0
-47.69,9.95442,34.77,62.8410693734599,0
-20.51,9.953141,34.77,66.82813778641449,0
-116.33,9.951861,34.77,68.38859554048467,0
-19.7,10.024779,34.77,63.0,0
-26.04,9.978726,34.75,73.97296803562772,0
107.32,10.07467,34.75,58.966091951222275,0
218.52,10.082345,34.75,53.19774431308154,0
-180.98,9.928835,34.75,64.389440128021,0
-212.64,9.620536,34.77,65.74952471311104,0
-223.32,9.768929,34.77,61.69278726074872,0
-10.59,9.905808,34.77,64.5832795698701,0
548.59,9.739506,34.77,62.42595614005443,0
205.63,9.720317,34.75,64.76109943476871,0
-77.09,9.844404,34.75,60.60528029800704,0
-524.98,9.832891,34.75,63.45864795282043,0
-235.85,9.814981,34.75,62.489999199871974,0
-30.9,9.832891,34.75,69.60603422117941,0
78.3,9.831612,34.75,44.93328387732194,0
114.62,9.857197,34.75,54.0740233383831,0
90.86,9.490052,34.75,71.65193647069142,0
70.18,9.872548,34.77,69.81403870282824,0
17.02,9.890457,34.77,64.76109943476871,0
-198.56,9.896853,34.77,61.814237842102365,0
302.04,9.88662,34.77,63.7102817447859,0
0.31,9.871269,34.75,65.83312236253116,0
-77.19,9.875107,34.75,75.9012516365837,0
8.69,9.83417,34.75,52.97169055259611,0
-0.07,9.81882,34.75,65.95452979136459,0
35.76,9.617977,34.75,64.27285585688566,0
43.28,9.617977,34.75,61.554853586049575,0
-61.64,9.491331,34.75,62.77738446287803,0
-122.25,9.548898,34.75,58.80476171195663,0
25.86,9.607743,34.75,63.7102817447859,0
53.4,9.341659,34.75,64.66065264130884,0
-8.84,9.003326,34.75,64.06246951218786,0
64.58,8.854934,34.75,60.67948582511226,0
24.22,8.696408,34.77,64.52906321960671,0
-36.68,8.467422,34.77,64.1404708432983,0
118.75,8.326705,34.77,63.94528911499267,0
-22.08,8.174537,34.77,62.32976816898969,0
3.12,8.137439,34.77,63.88270501473775,0
-97.51,7.950668,34.77,59.30430001273095,0
-121.09,8.213335,34.77,67.446274915669,0
-20.79,8.401385,34.77,61.84658438426491,0
-69.33,8.469186,34.77,61.56297588648554,0
18.7,8.765551,34.77,63.89835678638379,0
51.03,9.027798,34.77,64.08587988004847,0
-47.67,9.162056,34.77,66.09841147864296,0
129.52,9.183804,34.79,60.315835400000886,0
30.54,9.178686,34.79,63.631753079732135,0
15.78,9.238811,34.79,61.62791575252241,0
28.78,9.10449,34.79,65.19969325081216,0
-39.87,8.962493,34.75,61.652250567193406,0
57.79,8.863991,34.75,63.095166217389426,0
-111.88,8.935629,34.75,63.43500610861482,0
-11.34,9.145426,34.75,64.31174076325411,0
37.23,9.258,34.75,63.08724118235002,0
30.53,9.338593,34.75,62.07253821135398,0
39.7,9.295098,34.75,63.474404290233394,0
-22.1,9.275909,34.75,62.80127387243033,0
26.38,9.254163,34.75,62.80127387243033,0
-29.0,9.246487,34.75,62.68173577685928,0
-28.24,9.231135,34.75,64.19501538281614,0
30.27,9.197875,34.75,64.39720490828775,0
25.92,9.159497,34.77,52.24940191045253,0
-54.75,9.200434,34.77,68.86218120274728,0
48.73,9.412789,34.77,69.81403870282824,0
-1.13,9.403834,34.77,71.53320907103218,0
61.36,9.479311,34.79,59.06775770248944,0
71.12,9.567476,34.79,58.22370651203855,0
-163.03,9.631439,34.79,61.09828148156051,0
-26.45,9.582828,34.79,68.59300255857006,0
121.5,9.590503,34.79,65.64297372910524,0
-0.12,9.586665,34.79,65.94694837519019,0
-197.98,9.575152,34.79,61.78996682310163,0
55.82,9.54445,34.79,63.35613624582863,0
81.86,9.555964,34.77,65.01538279515087,0
44.12,9.540612,34.77,64.69930447848725,0
-35.31,9.516306,34.77,65.85590330410783,0
-24.99,9.517586,34.77,55.33534132902769,0
15.8,9.507352,34.79,80.46117075956576,0
-18.86,9.526541,34.79,63.03967004989794,0
60.02,9.488163,34.79,61.68468205316454,0
196.02,9.495838,34.79,64.38167441127949,0
88.58,9.481767,34.79,63.788713735268246,0
-181.61,9.495838,34.79,62.40192304729078,0
-155.38,9.477929,34.79,62.51399843235114,0
-51.26,9.492001,34.79,63.13477647065839,0
-8.49,9.486883,34.79,62.51399843235114,0
-12.94,9.484325,34.79,62.51399843235114,0
-5.46,9.479208,34.79,62.489999199871974,0
-60.69,9.468974,34.79,63.26136261573884,0
16.21,9.470253,34.79,63.26136261573884,0
32.46,9.45874,34.79,62.65780079128216,0
14.3,9.463857,34.79,63.26136261573884,0
41.34,9.451064,34.79,62.63385665915839,0
-4.25,9.456182,34.77,73.17103251970687,0
-46.9,9.451064,34.77,85.47514258543241,0
13.08,9.436993,34.77,46.49731175025068,0
17.57,9.311626,34.77,68.01470429252781,0
-10.06,9.355121,34.75,71.12664760833313,0
-37.16,9.114621,34.75,57.784080852774665,0
-302.85,8.849816,34.75,59.16924876994806,0
-37.47,8.601744,34.75,60.53924347066124,0
423.67,8.723273,34.79,72.75300681071539,0
59.63,9.313008,34.79,66.96267617113283,0
-47.2,9.085301,34.79,63.103090257134,0
-4.51,9.247766,34.79,49.4064773081425,0
-190.09,9.025176,34.77,66.49060083951716,0
452.22,8.894692,34.77,63.095166217389426,0
189.99,9.105769,34.77,64.1482657598785,0
-66.78,9.204271,34.77,62.77738446287803,0
-416.39,9.194037,34.79,63.51377803280167,0
-212.9,9.215785,34.79,63.51377803280167,0
199.74,9.211947,34.79,63.2771680782255,0
108.58,9.205551,34.79,63.0317380372777,0
25.14,9.191479,34.77,63.0317380372777,0
-12.72,9.192759,34.77,63.51377803280167,0
-70.69,9.141588,34.77,63.095166217389426,0
120.37,9.149263,34.77,62.88083968904996,0
130.31,9.142867,34.77,82.90958931269651,0
-88.01,8.994474,34.77,50.92150822589606,0
-59.8,8.995753,34.77,69.54854419756032,0
-96.13,9.03541,34.77,47.916594202843754,0
-99.53,8.96761,34.77,70.42726744663604,0
174.82,8.981682,34.77,76.56369897020389,0
-60.53,9.12112,34.77,77.51773990513398,0
-41.57,9.067391,34.77,47.686476070265456,0
158.61,9.005987,34.77,68.70953354520753,0
-476.31,8.568483,34.77,70.55494312945054,0
42.26,8.842243,34.77,88.48163651289458,0
196.36,8.963772,34.77,82.13403679352427,0
-61.61,8.959934,34.77,57.697486947006624,0
184.21,8.954818,34.77,56.213877290220786,0
71.11,8.943304,34.77,66.64082832618455,0
-176.62,8.95098,34.77,65.12296062065974,0
-85.36,8.924115,34.79,73.08214556237385,0
134.49,9.016222,34.79,67.29784543356496,0
119.9,8.970168,34.79,72.13875518748573,0
54.88,9.117283,34.79,65.21502894272147,0
5.82,9.112165,34.81,82.8854631404084,0
-121.81,8.902369,34.81,30.479501308256342,0
121.05,8.885738,34.81,68.18357573492314,0
282.47,8.945863,34.81,61.032778078668514,0
114.72,8.927953,34.79,76.19055059520177,0
-234.24,8.956097,34.79,49.01020301937138,0
-308.31,8.948421,34.79,82.78284846512591,0
-23.42,9.12112,34.79,64.10148204214939,0
35.44,9.092977,34.81,66.87301398920195,0
-250.42,9.100652,34.81,65.03076195155643,0
-118.24,9.119841,34.81,75.35250493513803,0
100.26,9.15566,34.81,69.70652767137379,0
321.05,9.096814,34.81,61.5223536610881,0
106.12,9.098094,34.81,73.78346698278686,0
-173.72,9.113444,34.81,56.929781309961136,0
187.2,9.101932,34.81,59.89991652748775,0
-116.02,9.144147,34.79,51.58488150611572,0
-126.38,9.073788,34.79,79.78095010715278,0
7.73,8.959934,34.79,66.15889962809237,0
80.11,8.885738,34.79,51.03920062069938,0
209.64,8.837127,34.79,65.27633568147036,0
-378.3,8.807704,34.79,53.749418601506754,0
-26.82,8.879342,34.79,55.036351623268054,0
-16.91,9.08786,34.79,58.787753826796276,0
-82.77,9.165894,34.79,60.70420084310476,0
200.73,9.081464,34.79,63.97655820689325,0
183.7,9.039248,34.79,61.26989472816156,0
67.81,9.092977,34.79,65.26101439603893,0
-30.54,9.100652,34.81,78.79720807236764,0
-190.25,9.014942,34.81,58.94913061275798,0
252.16,8.963772,34.81,63.66317616958802,0
35.82,9.02006,34.81,70.3420215802759,0
-99.96,9.082743,34.79,64.66838485689897,0
-61.06,9.089139,34.79,62.8728876384726,0
161.65,9.080184,34.79,65.52098900352466,0
-4.38,9.082743,34.79,66.09841147864296,0
-198.75,9.082743,34.79,62.80923498976882,0
-35.95,9.072509,34.79,63.796551630946325,0
112.38,9.089139,34.79,68.83313155741209,0
141.85,9.08658,34.79,60.41522986797286,0
-114.01,9.05332,34.81,52.80151512977634,0
19.37,8.96761,34.81,68.1248853210044,0
13.23,8.958655,34.81,61.196405123176966,0
-83.97,8.974007,34.81,58.25804665451803,0
-91.02,8.936908,34.79,60.73713855624086,0
66.22,8.940745,34.79,66.79071791798619,0
-20.14,8.958655,34.79,59.0,0
198.69,9.10321,34.79,80.97530487747484,0
62.01,9.076346,34.79,64.70703207534712,0
-372.12,8.940745,34.79,62.27358990776106,0
-64.48,8.871666,34.79,63.37191807101944,0
-28.75,8.839684,34.79,62.49799996799898,0
49.56,8.817938,34.79,62.49799996799898,0
72.27,8.808983,34.79,63.37191807101944,0
6.48,8.798749,34.79,62.42595614005443,0
38.43,8.789794,34.79,62.42595614005443,0
28.25,8.769326,34.79,63.37191807101944,0
-16.12,8.764209,34.79,64.5832795698701,0
25.69,8.700247,34.79,63.0317380372777,0
6.45,8.769326,34.79,62.40192304729078,0
18.05,8.847361,34.77,46.010868281309364,0
47.11,8.79619,34.77,77.6273147803014,0
60.11,8.782119,34.77,63.0158710167526,0
99.57,8.773164,34.77,62.65780079128216,0
-23.5,8.777001,34.79,62.65780079128216,0
-135.33,8.785956,34.79,62.65780079128216,0
-5.88,8.780839,34.79,63.4428877022476,0
10.11,8.76293,34.79,63.26926584053272,0
-2.39,8.774443,34.81,64.03905058634146,0
13.84,8.768046,34.81,63.76519426771944,0
-14.12,8.759092,34.81,62.32976816898969,0
7.11,8.753975,34.81,69.34695379034324,0
-8.57,8.751416,34.79,50.68530358989675,0
-75.8,8.778281,34.79,66.40030120413611,0
4.02,8.849919,34.79,66.9776081985614,0
36.1,8.847361,34.79,63.8200595424354,0
104.32,8.805145,34.79,62.20932405998316,0
-4.75,8.787235,34.79,60.81940479813988,0
-98.04,8.757812,34.79,68.24954212300622,0
-19.59,8.770605,34.79,58.872744118140105,0
-37.66,8.757812,34.77,56.61271941887264,0
-20.28,8.769326,34.77,64.8459713474939,0
139.47,8.751416,34.77,55.98214000911362,0
145.59,8.59151,34.77,62.20128616033595,0
-54.58,8.739903,34.79,65.7723346096214,0
-104.83,8.645239,34.79,49.73932046178355,0
-214.83,8.316471,34.79,65.0384501660364,0
3.24,8.156628,34.79,63.118935352238,0
380.11,8.270481,34.79,48.80573736764972,0
-535.35,8.340839,34.79,70.07139216541941,0
-353.7,8.541682,34.79,78.45380806563821,0
-37.3,8.574943,34.79,43.977266854592045,0
115.33,8.627392,34.79,127.07084638106413,0
244.75,8.656815,34.79,59.135437767890075,0
465.3,8.711823,34.79,63.72597586541927,0
12.74,8.794973,34.79,62.42595614005443,0
-27.74,8.876845,34.79,63.474404290233394,0
-122.66,8.933133,34.79,63.474404290233394,0
-125.52,8.958718,34.79,62.6418390534633,0
84.21,8.991916,34.79,62.6418390534633,0
-2.02,8.962493,34.77,62.13694553162394,0
104.94,8.947142,34.77,62.6418390534633,0
15.37,8.921557,34.77,62.6418390534633,0
75.42,8.894692,34.77,62.13694553162394,0
40.45,8.872946,34.79,62.13694553162394,0
-76.5,8.853757,34.79,62.13694553162394,0
63.05,8.842243,34.79,62.976185975335156,0
19.73,8.826893,34.79,65.37583651472461,0
-87.07,8.819217,34.79,67.07458535093602,0
51.71,8.816658,34.79,56.789083458002736,0
15.75,8.843523,34.79,69.61321713582845,0
-84.61,8.823054,34.79,68.18357573492314,0
49.21,8.999591,34.79,62.42595614005443,0
140.35,8.988078,34.79,63.671029518926424,0
40.9,8.966331,34.79,63.835726674018524,0
86.47,8.961214,34.79,57.463031594234565,0
-58.08,8.610699,34.79,63.29296959378664,0
-85.02,8.356128,34.79,79.41032678436729,0
-161.11,8.342118,34.79,69.00724599634447,0
-154.91,8.548079,34.79,52.172789842982326,0
0.73,8.810325,34.79,68.42514157822401,0
60.73,8.337002,34.79,60.41522986797286,0
162.44,8.429108,34.79,60.07495318350236,0
452.15,8.241058,34.79,76.71375365604267,0
-109.5,7.822742,34.79,61.40032573203501,0
-157.55,7.870496,34.79,69.06518659932803,0
-84.5,7.994583,34.79,64.7688196588451,0
-444.22,8.213335,34.79,60.207972893961475,0
-26.66,8.261947,34.77,67.42403132415029,0
260.36,8.160886,34.77,64.47480127925948,0
287.15,8.192867,34.77,62.81719509815764,0
-243.92,8.201822,34.77,64.13267497929586,0
-588.05,8.209497,34.79,63.631753079732135,0
-80.68,8.190309,34.79,63.43500610861482,0
259.02,8.203101,34.79,63.34824385884742,0
172.91,8.18903,34.79,63.54525946126902,0
31.3,8.191588,34.79,63.34824385884742,0
-43.15,8.197984,34.79,63.34824385884742,0
82.83,8.144256,34.79,63.474404290233394,0
22.62,8.168561,34.79,63.54525946126902,0
0.33,8.173678,34.77,63.54525946126902,0
49.38,8.17112,34.77,63.34824385884742,0
-11.75,8.160886,34.77,63.54525946126902,0
30.88,8.162166,34.77,63.54525946126902,0
34.26,8.150652,34.79,63.34824385884742,0
-27.8,8.159607,34.79,63.54525946126902,0
12.59,8.159607,34.79,63.34824385884742,0
26.49,8.162166,34.79,63.34824385884742,0
-29.08,8.15449,34.79,63.2771680782255,0
-0.9,8.155769,34.79,63.2771680782255,0
21.87,8.144256,34.79,63.166446789415026,0
-24.97,8.145535,34.79,63.2771680782255,0
12.4,8.145535,34.81,63.2771680782255,0
11.51,8.149373,34.81,63.2771680782255,0
-32.1,8.132742,34.81,63.34824385884742,0
37.96,8.11995,34.81,63.34824385884742,0
5.63,8.11867,34.81,63.34824385884742,0
-72.88,8.131463,34.81,63.34824385884742,0
35.8,8.105878,34.81,63.34824385884742,0
-7.15,8.11995,34.81,63.34824385884742,0
-40.8,8.123788,34.79,63.2771680782255,0
27.53,8.103319,34.79,63.2771680782255,0
-27.17,8.103319,34.79,63.2771680782255,0
43.63,8.104599,34.79,63.2771680782255,0
37.46,8.096924,34.79,63.2771680782255,0
-35.95,8.094365,34.79,63.2771680782255,0
40.83,8.080293,34.79,63.34824385884742,0
44.09,8.080293,34.79,63.2771680782255,0
-14.43,8.08541,34.81,63.2771680782255,0
-110.02,8.076455,34.81,63.34824385884742,0
60.72,8.087969,34.81,62.20128616033595,0
46.79,8.072618,34.81,62.96824596572466,0
-45.07,8.072618,34.79,64.1404708432983,0
-23.11,8.057266,34.79,63.0,0
41.8,8.070059,34.79,62.976185975335156,0
-6.22,8.063663,34.79,63.984373092185564,0
-130.23,8.062384,34.79,62.96824596572466,0
78.5,8.049591,34.79,63.15853069855251,0
66.04,8.05215,34.79,63.15853069855251,0
-40.85,8.045753,34.79,63.15853069855251,0
40.55,8.038077,34.77,63.15853069855251,0
11.45,8.03424,34.77,62.976185975335156,0
-119.64,8.026565,34.77,63.150613615387776,0
25.38,8.029123,34.77,63.150613615387776,0
13.08,8.018889,34.79,63.150613615387776,0
-60.21,8.03424,34.79,63.150613615387776,0
49.27,8.015051,34.79,63.150613615387776,0
-4.8,8.016331,34.79,63.150613615387776,0
-19.45,7.986908,34.81,63.150613615387776,0
35.88,8.012493,34.81,62.976185975335156,0
-18.25,8.003538,34.81,62.976185975335156,0
-0.43,7.994583,34.81,63.0,0
35.16,7.992025,34.81,65.83312236253116,0
-22.14,7.995862,34.81,81.94510357550352,0
-38.83,8.151931,34.81,36.68787265568828,0
53.07,8.139138,34.81,69.92138442565336,0
55.56,8.186471,34.79,63.229739838148944,0
40.31,8.246595,34.79,62.24146527838174,0
-72.81,8.264505,34.79,66.65583245298194,0
-120.24,8.127625,34.79,61.237243569579455,0
17.76,8.110995,34.79,67.66091929614909,0
54.63,8.167282,34.79,60.21627686929839,0
27.43,8.200542,34.79,65.27633568147036,0
-26.59,8.195426,34.79,62.96824596572466,0
85.6,8.200542,34.79,62.44197306299666,0
129.4,8.190309,34.79,62.489999199871974,0
-151.42,8.192867,34.79,62.849025449882674,0
-63.58,8.201822,34.79,62.297672508690084,0
-47.47,8.197984,34.79,62.297672508690084,0
-39.88,8.183912,34.79,62.849025449882674,0
31.12,8.185192,34.79,63.41135544995076,0
22.41,8.192867,34.79,62.185207244167,0
-24.41,8.199264,34.79,64.63745044476924,0
27.17,8.209497,34.79,60.55575942881073,0
17.75,8.215894,34.79,58.90670590009256,0
-27.99,8.228686,34.79,65.18435395092905,0
27.76,8.246595,34.81,62.71363488110062,0
31.36,8.25555,34.81,60.4648658313239,0
-6.24,8.199264,34.81,64.83054835492293,0
13.74,8.218452,34.81,64.76109943476871,0
-1.41,8.218452,34.79,52.23983154643591,0
8.06,8.241479,34.79,90.22194854911969,0
-6.31,8.167282,34.79,61.35144660071187,0
-16.44,8.181354,34.79,63.45076831686122,0
-15.71,8.158327,34.79,63.03967004989794,0
-99.95,8.183912,34.79,64.03124237432849,0
-153.38,8.180075,34.79,63.095166217389426,0
268.5,8.169841,34.79,74.43789357578571,0
-142.51,8.1724,34.79,72.95889253545451,0
6.64,8.199264,34.79,60.876925020897694,0
55.86,8.191588,34.79,67.7421582177598,0
-73.18,8.209497,34.79,61.514225996918796,0
67.93,8.244038,34.79,59.1100668245266,0
252.68,8.233803,34.79,66.0,0
91.35,8.20438,34.79,59.782940710540494,0
-31.74,8.181354,34.79,62.64982043070834,0
-52.26,8.196705,34.79,62.89674077406555,0
-75.46,8.191588,34.79,63.324560795950255,0
61.45,8.18775,34.79,63.63961030678928,0
1.03,8.174957,34.79,63.63961030678928,0
-138.24,8.192867,34.77,63.26926584053272,0
-113.41,8.191588,34.77,62.91263784010332,0
-30.14,8.199264,34.77,63.8200595424354,0
48.86,8.18775,34.77,63.15853069855251,0
19.92,8.20566,34.79,64.19501538281614,0
9.51,8.22229,34.79,57.323642591866054,0
27.0,8.209497,34.79,67.00746227100382,0
37.12,8.18775,34.79,47.51841748206689,0
99.77,8.040636,34.79,65.79513659838392,0
10.92,8.113554,34.79,62.63385665915839,0
-110.75,8.087969,34.79,66.85057965343307,0
-240.53,8.073896,34.79,63.51377803280167,0
30.7,8.0675,34.77,64.08587988004847,0
45.16,8.08541,34.77,63.51377803280167,0
59.39,8.061105,34.77,62.10475022089695,0
-10.52,8.059825,34.77,61.91930232165088,0
66.13,7.985629,34.79,60.77005841695399,0
32.36,8.080293,34.79,56.356011214421486,0
-62.97,8.185192,34.79,62.20128616033595,0
-64.08,7.986908,34.79,61.862751312886175,0
-78.33,7.827001,34.77,56.22277118748239,0
131.16,7.919107,34.77,60.93439094632849,0
27.03,7.885847,34.77,45.0111097397076,0
-77.26,8.03552,34.77,70.7248188403477,0
52.93,8.1724,34.77,60.315835400000886,0
113.53,8.200542,34.77,61.862751312886175,0
175.25,8.217173,34.77,68.07348970047003,0
40.6,8.200542,34.77,60.27437266367855,0
-253.21,8.197984,34.79,66.1362230551458,0
2.63,8.176237,34.79,81.6394512475433,0
2.59,8.190309,34.79,60.149812967290266,0
-4.79,8.167282,34.79,63.8200595424354,0
-25.01,8.17112,34.79,64.32728814430156,0
2.6,8.182633,34.79,62.465990746965666,0
22.5,8.168561,34.79,63.03967004989794,0
-26.73,8.176237,34.79,68.38859554048467,0
-12.23,8.177516,34.77,63.773035054010094,0
-21.75,8.194146,34.77,50.78385570237849,0
19.97,8.178796,34.77,69.46941773183363,0
19.74,8.221011,34.77,68.66585760041157,0
37.05,8.283694,34.77,62.01612693485461,0
15.59,8.291369,34.77,64.17164482853778,0
11.63,8.276018,34.77,62.68173577685928,0
-46.2,8.25683,34.77,61.97580172938467,0
-76.28,8.25555,34.75,61.97580172938467,0
-29.65,8.260668,34.75,63.52164985262898,0
2.69,8.246595,34.75,62.8410693734599,0
24.52,8.233803,34.75,62.37788069500277,0
22.25,8.224849,34.77,58.215118311311535,0
4.79,8.190309,34.77,59.9749947894954,0
-22.09,7.988187,34.77,63.89053137985315,0
-9.44,7.9997,34.77,65.13831437794502,0
20.67,7.963881,34.75,64.77653896280658,0
-76.06,7.508468,34.75,63.56886030125127,0
-46.75,7.906315,34.75,67.43144666993287,0
12.91,7.679887,34.75,63.48228099241551,0
-54.4,7.701635,34.77,60.77005841695399,0
98.63,8.096924,34.77,61.497967446087195,0
229.9,8.093085,34.77,61.1228271597445,0
-149.88,8.162166,34.77,66.34003316248794,0
233.06,8.155769,34.75,63.51377803280167,0
-6.49,8.163445,34.75,61.94352266379432,0
-165.91,8.191588,34.75,61.204574992397426,0
-71.6,8.192867,34.75,62.49799996799898,0
24.25,8.169841,34.79,62.8887907341205,0
33.85,8.173678,34.79,63.13477647065839,0
-34.26,8.192867,34.79,62.433965115151864,0
-45.14,8.203101,34.79,61.91930232165088,0
-14.95,8.203101,34.79,78.01281945936834,0
3.83,8.210776,34.79,46.09772228646444,0
24.71,8.144256,34.79,72.01388754955533,0
3.7,8.18903,34.79,83.31266410336426,0
-5.57,8.206939,34.77,61.07372593840988,0
-98.78,8.177516,34.77,64.89221833163049,0
96.95,8.1724,34.77,64.69157595854347,0
49.2,8.242758,34.77,61.48983655857283,0
-71.51,8.201822,34.75,60.41522986797286,0
107.84,8.191588,34.75,63.34824385884742,0
435.29,8.203101,34.75,62.24949798994366,0
107.07,8.1724,34.75,63.00793600809346,0
-185.28,8.168561,34.77,63.229739838148944,0
-243.49,8.155769,34.77,62.457985878508765,0
-101.83,8.144256,34.77,62.457985878508765,0
-159.16,8.126347,34.77,62.80127387243033,0
-77.1,8.140418,34.75,62.457985878508765,0
-283.16,8.146814,34.75,62.80127387243033,0
-12.64,8.137859,34.75,62.457985878508765,0
207.98,8.134022,34.75,62.457985878508765,0
101.91,8.132742,34.77,61.91930232165088,0
59.95,8.128904,34.77,62.26556030423239,0
83.73,8.117392,34.77,62.26556030423239,0
33.6,8.105878,34.77,62.26556030423239,0
25.93,8.104599,34.81,62.26556030423239,0
59.21,8.116112,34.81,62.457985878508765,0
22.42,8.105878,34.81,62.457985878508765,0
-19.88,8.095644,34.81,62.457985878508765,0
39.52,8.095644,34.75,62.457985878508765,0
21.45,8.094365,34.75,62.457985878508765,0
-41.77,8.091806,34.75,62.457985878508765,0
37.36,8.091806,34.75,62.457985878508765,0
11.4,8.099482,34.77,61.91930232165088,0
-33.68,8.084131,34.77,62.457985878508765,0
11.06,8.072618,34.77,62.457985878508765,0
-3.33,8.080293,34.77,62.457985878508765,0
-21.94,8.072618,34.73,62.26556030423239,0
7.88,8.077735,34.73,69.46941773183363,0
-15.73,8.090528,34.73,63.15853069855251,0
12.73,8.084131,34.73,61.78996682310163,0
29.11,8.098203,34.75,68.60029154456998,0
21.05,8.100761,34.75,62.321745803531535,0
18.79,8.05087,34.75,64.7533782902483,0
16.37,8.021447,34.75,62.01612693485461,0
26.1,8.018889,34.73,62.12889826803627,0
-129.69,8.058546,34.73,66.04543890383347,0
-127.67,8.05087,34.73,62.177166226839255,0
-137.44,8.055987,34.73,62.8728876384726,0
40.59,8.079014,34.75,62.6418390534633,0
128.47,8.090528,34.75,63.56099432828282,0
351.2,8.062384,34.75,63.25345840347388,0
-220.99,8.044474,34.75,62.625873247404705,0
-151.94,8.045753,34.75,63.324560795950255,0
-168.55,8.05087,34.75,62.27358990776106,0
-118.37,8.054708,34.75,61.85466837676846,0
34.89,8.032961,34.75,49.20365840057018,0
146.55,8.006097,34.77,63.229739838148944,0
64.97,7.952368,34.77,59.472682804797024,0
132.82,7.943413,34.77,63.15853069855251,0
-63.25,7.935738,34.77,63.06346010171025,0
-104.42,7.944693,34.71,62.76145313805282,0
-20.4,7.944693,34.71,63.702433234531945,0
-37.6,7.559638,34.71,60.687725282795036,0
31.57,7.65814,34.71,60.53924347066124,0
36.05,7.906315,34.75,70.12132343303284,0
26.06,7.961323,34.75,47.36032094485847,0
76.86,8.080293,34.75,61.71709649683789,0
34.62,8.047032,34.75,63.694583757176716,0
122.95,8.031681,34.73,62.297672508690084,0
15.32,8.03552,34.73,62.297672508690084,0
-337.25,7.984349,34.73,62.297672508690084,0
-78.29,8.003538,34.73,62.297672508690084,0
0.54,8.003538,34.73,62.297672508690084,0
23.11,8.003538,34.73,62.297672508690084,0
-13.75,8.002258,34.73,62.297672508690084,0
15.7,8.002258,34.73,62.297672508690084,0
21.05,7.998421,34.77,62.72160712226688,0
-23.94,7.990746,34.77,62.297672508690084,0
21.43,7.980512,34.77,62.72160712226688,0
-2.41,7.984349,34.77,62.297672508690084,0
-0.25,7.985629,34.73,62.72160712226688,0
11.88,7.971557,34.73,62.72160712226688,0
-33.22,7.989466,34.73,62.72160712226688,0
29.58,7.986908,34.73,62.72160712226688,0
16.42,7.985629,34.73,62.72160712226688,0
-40.45,7.994583,34.73,62.72160712226688,0
32.26,7.988187,34.73,62.72160712226688,0
17.74,7.98307,34.73,62.72160712226688,0
-41.32,7.971557,34.75,62.72160712226688,0
28.14,7.974115,34.75,62.72160712226688,0
30.31,7.971557,34.75,62.72160712226688,0
-9.78,7.972836,34.75,62.72160712226688,0
-42.16,7.96644,34.73,62.72160712226688,0
20.27,7.977953,34.73,62.72160712226688,0
9.28,7.957485,34.73,62.72160712226688,0
-42.61,7.972836,34.73,62.72160712226688,0
19.59,7.968998,34.75,62.72160712226688,0
7.4,7.970277,34.75,62.72160712226688,0
-52.43,7.96516,34.75,62.72160712226688,0
23.38,7.96644,34.75,62.72160712226688,0
11.51,7.951089,34.73,62.297672508690084,0
-46.27,7.952368,34.73,62.83311228962003,0
20.69,7.951089,34.73,62.65780079128216,0
6.49,7.942134,34.73,62.24949798994366,0
-41.04,7.947251,34.73,61.85466837676846,0
13.01,7.939576,34.73,61.326992425847855,0
-7.69,7.94853,34.73,67.468511173732,0
-11.88,7.947251,34.73,86.3365507765975,0
3.05,7.952368,34.73,59.64059020499378,0
-29.1,7.91399,34.73,60.868711174132805,0
37.45,7.867938,34.73,61.71709649683789,0
77.7,7.839794,34.73,65.62773803811922,0
28.16,7.850028,34.71,61.85466837676846,0
-40.56,7.847469,34.71,62.32976816898969,0
-78.89,7.82956,34.71,63.788713735268246,0
-59.38,7.818047,34.71,61.38403701289123,0
78.86,7.824443,34.75,61.106464469808756,0
1.23,7.851307,34.75,67.3721010508059,0
2.45,7.853866,34.75,63.796551630946325,0
2.28,7.821884,34.75,60.340699366182356,0
12.22,7.945971,34.71,70.54785609782908,0
132.28,8.128904,34.71,69.58448102845921,0
23.65,8.108437,34.71,62.65780079128216,0
-36.75,8.11995,34.71,62.94441992742486,0
-54.74,8.137859,34.73,61.886993787063204,0
-161.59,8.168561,34.73,62.24146527838174,0
10.93,8.20566,34.73,62.63385665915839,0
33.23,8.23892,34.73,62.63385665915839,0
25.23,8.259388,34.75,61.886993787063204,0
15.28,8.276018,34.75,62.297672508690084,0
-13.89,8.281136,34.75,62.72160712226688,0
19.23,8.268343,34.75,62.976185975335156,0
5.66,8.25555,34.73,62.161081071680215,0
-7.98,8.217173,34.73,62.81719509815764,0
8.0,8.209497,34.73,62.81719509815764,0
-18.27,8.177516,34.73,62.10475022089695,0
5.78,8.17112,34.77,62.81719509815764,0
-0.27,8.149373,34.77,62.24949798994366,0
-13.66,8.131463,34.77,62.81719509815764,0
17.42,8.114833,34.77,62.81719509815764,0
-5.47,8.108437,34.73,62.81719509815764,0
0.42,8.098203,34.73,62.81719509815764,0
8.36,8.091806,34.73,62.24949798994366,0
-18.13,8.082851,34.73,61.53048025166064,0
20.8,8.0675,34.73,61.94352266379432,0
10.17,8.072618,34.73,62.65780079128216,0
-30.31,8.057266,34.73,61.53048025166064,0
15.53,8.057266,34.73,62.10475022089695,0
0.92,8.047032,34.71,61.53048025166064,0
-13.49,8.057266,34.71,62.81719509815764,0
14.67,7.995862,34.71,62.10475022089695,0
-8.33,8.025286,34.71,62.10475022089695,0
-4.63,8.03424,34.71,62.10475022089695,0
20.7,8.038077,34.71,62.81719509815764,0
-12.44,8.029123,34.71,62.10475022089695,0
8.3,8.016331,34.71,62.10475022089695,0
21.26,8.021447,34.71,62.10475022089695,0
-16.51,8.011213,34.71,62.68971207462992,0
11.54,8.012493,34.71,62.10475022089695,0
15.01,8.000979,34.71,62.68971207462992,0
-26.83,8.007376,34.71,62.10475022089695,0
25.27,7.995862,34.71,62.10475022089695,0
12.65,7.997142,34.71,62.10475022089695,0
-46.3,7.992025,34.71,62.10475022089695,0
33.5,7.9997,34.71,62.10475022089695,0
3.08,7.997142,34.71,62.10475022089695,0
-20.15,7.975394,34.71,62.10475022089695,0
27.77,7.985629,34.71,62.10475022089695,0
-17.18,7.985629,34.68,62.10475022089695,0
17.76,7.993304,34.68,62.10475022089695,0
30.79,7.975394,34.68,61.94352266379432,0
-23.98,7.976674,34.68,62.51399843235114,0
16.59,7.96644,34.71,62.10475022089695,0
32.83,7.980512,34.71,62.10475022089695,0
-8.45,7.967719,34.71,62.10475022089695,0
-48.75,7.975394,34.71,62.10475022089695,0
29.51,7.968998,34.71,62.10475022089695,0
12.77,7.953647,34.71,61.53048025166064,0
-35.27,7.962602,34.71,62.10475022089695,0
21.39,7.951089,34.71,62.10475022089695,0
24.55,7.953647,34.68,62.51399843235114,0
-13.6,7.944693,34.68,62.10475022089695,0
-24.19,7.94981,34.68,62.10475022089695,0
13.87,7.938296,34.68,62.10475022089695,0
1.4,7.942134,34.71,62.10475022089695,0
-39.08,7.952368,34.71,62.10475022089695,0
11.37,7.947251,34.71,62.10475022089695,0
5.98,7.939576,34.71,61.70899448216605,0
-36.56,7.929341,34.71,62.297672508690084,0
9.77,7.937017,34.71,62.10475022089695,0
3.24,7.937017,34.71,62.10475022089695,0
-33.6,7.934458,34.71,62.10475022089695,0
10.16,7.934458,34.73,62.10475022089695,0
-2.94,7.942134,34.73,62.10475022089695,0
-4.81,7.924224,34.73,62.10475022089695,0
19.25,7.924224,34.73,62.10475022089695,0
-15.8,7.925504,34.66,62.10475022089695,0
13.92,7.933179,34.66,62.10475022089695,0
18.92,7.920387,34.66,62.10475022089695,0
-26.39,7.910152,34.66,62.10475022089695,0
23.4,7.91527,34.71,62.10475022089695,0
26.3,7.907594,34.71,62.51399843235114,0
-20.44,7.906315,34.71,62.10475022089695,0
9.61,7.907594,34.71,62.10475022089695,0
28.72,7.905035,34.68,62.10475022089695,0
-2.98,7.896081,34.68,62.51399843235114,0
-48.62,7.903757,34.68,62.10475022089695,0
21.41,7.906315,34.68,62.10475022089695,0
14.27,7.91527,34.71,62.10475022089695,0
-30.66,7.91527,34.71,62.10475022089695,0
16.9,7.907594,34.71,62.10475022089695,0
20.11,7.919107,34.71,62.10475022089695,0
-14.07,7.938296,34.68,62.10475022089695,0
7.17,7.937017,34.68,62.93647591023825,0
12.9,7.962602,34.68,60.382116557802114,0
-11.07,7.975394,34.68,63.694583757176716,0
3.7,7.989466,34.68,62.0403094769844,0
13.46,8.03552,34.68,62.63385665915839,0
1.02,8.0675,34.68,62.63385665915839,0
34.74,8.087969,34.68,62.24146527838174,0
-6.11,8.090528,34.68,62.40192304729078,0
-49.34,8.08541,34.68,62.77738446287803,0
16.37,8.086689,34.68,61.862751312886175,0
2.73,8.079014,34.68,62.80127387243033,0
-26.44,8.05215,34.68,62.5939294181153,0
8.37,8.045753,34.68,62.0403094769844,0
-13.85,8.027843,34.68,62.81719509815764,0
14.34,8.01761,34.68,62.0403094769844,0
10.77,8.007376,34.66,62.81719509815764,0
-35.37,7.9997,34.66,62.81719509815764,0
19.03,7.940855,34.66,62.81719509815764,0
-0.56,7.956206,34.66,62.77738446287803,0
9.87,7.951089,34.71,59.90826320300064,0
5.61,7.953647,34.71,63.06346010171025,0
-40.1,7.945971,34.71,63.474404290233394,0
50.42,7.944693,34.71,62.465990746965666,0
60.16,7.952368,34.68,59.74947698515862,0
-46.03,7.94853,34.68,70.24243731534378,0
49.6,7.933179,34.68,58.66003750424986,0
41.51,7.921666,34.68,67.26068688320095,0
22.93,7.921666,34.68,62.976185975335156,0
-49.81,7.921666,34.68,69.18092222571191,0
-282.5,7.894802,34.68,63.324560795950255,0
104.14,7.890964,34.68,63.26926584053272,0
-83.32,7.899919,34.68,61.237243569579455,0
-5.21,7.901198,34.68,62.369864518050704,0
72.61,7.892243,34.68,63.72597586541927,0
52.83,7.893522,34.68,63.26926584053272,0
-104.51,7.879451,34.68,64.02343321003646,0
101.18,7.890964,34.68,63.13477647065839,0
31.35,7.878171,34.68,63.30876716537765,0
81.95,7.88073,34.68,62.63385665915839,0
23.52,7.882009,34.68,62.63385665915839,0
-76.59,7.894802,34.68,63.13477647065839,0
47.62,7.873055,34.68,63.079315151640635,0
-8.93,7.883288,34.68,62.56996084384263,0
32.67,7.871775,34.71,58.489315263559035,0
16.91,7.922945,34.71,62.489999199871974,0
-58.01,7.875613,34.71,62.16912416947821,0
6.29,7.875613,34.71,63.15853069855251,0
-127.4,7.882009,34.66,62.976185975335156,0
173.73,7.873055,34.66,62.89674077406555,0
49.74,7.885847,34.66,61.82232606429493,0
-76.83,7.867938,34.66,65.21502894272147,0
22.9,7.917828,34.68,71.28113354878694,0
-10.35,7.934458,34.68,61.29437168288782,0
41.29,7.925504,34.68,62.489999199871974,0
107.06,7.935738,34.68,65.24568951279464,0
-75.39,7.951089,34.68,60.22457969965419,0
8.73,7.940855,34.68,58.728187440104094,0
-271.44,7.929341,34.68,61.862751312886175,0
-7.5,7.970277,34.68,64.07807737440318,0
166.3,7.94853,34.68,61.538605769061746,0
-24.81,7.947251,34.68,61.1310068623117,0
43.0,7.971557,34.68,62.39390995922599,0
-105.94,7.979232,34.68,63.166446789415026,0
72.88,7.962602,34.71,63.190189111918315,0
33.68,8.009934,34.71,67.77905281132217,0
-58.75,7.993304,34.71,59.53990258641679,0
152.77,8.003538,34.71,63.28506932918696,0
-31.39,8.022727,34.68,62.25752966509352,0
6.14,8.032961,34.68,64.07807737440318,0
5.91,8.036798,34.68,65.00769185258002,0
-27.57,8.026565,34.68,63.84355879804947,0
15.65,8.036798,34.66,60.44832503882965,0
-29.52,8.045753,34.66,64.47480127925948,0
41.67,8.030402,34.66,62.313722405261586,0
43.04,8.039357,34.66,63.4428877022476,0
-73.2,8.087969,34.66,61.59545437773797,0
-51.95,8.107158,34.66,63.608175575157006,0
46.23,8.116112,34.66,62.71363488110062,0
10.15,8.071339,34.66,68.97100840208152,0
-31.43,7.990746,34.66,62.39390995922599,0
-21.83,8.053429,34.66,61.53048025166064,0
77.78,8.0675,34.66,62.545983084447556,0
10.42,8.070059,34.66,62.39390995922599,0
-72.58,8.048312,34.68,60.94259594077036,0
-13.99,8.036798,34.68,63.03967004989794,0
61.62,8.027843,34.68,62.93647591023825,0
37.61,8.003538,34.68,62.03224967708329,0
-56.21,7.971557,34.71,64.08587988004847,0
32.56,7.912711,34.71,65.39877674696982,0
77.17,7.956206,34.71,61.94352266379432,0
-17.97,7.979232,34.71,61.34329629226001,0
-104.3,7.818047,34.71,62.77738446287803,0
-10.91,7.954926,34.71,63.56099432828282,0
-14.28,7.943413,34.71,62.64982043070834,0
47.34,7.839794,34.71,59.941638282582836,0
-33.86,7.94981,34.68,63.56886030125127,0
27.25,7.89736,34.68,61.35959582656978,0
39.09,7.884568,34.68,63.75735251718032,0
-22.19,7.937017,34.68,62.77738446287803,0
-37.09,7.879451,34.71,66.37770710110436,0
35.0,7.908874,34.71,61.335144900782616,0
144.73,7.942134,34.71,62.313722405261586,0
-76.71,7.942134,34.71,62.27358990776106,0
9.05,7.960043,34.66,63.190189111918315,0
17.35,7.961323,34.66,64.35837163881635,0
-143.18,7.943413,34.66,63.28506932918696,0
-97.11,7.929341,34.66,63.84355879804947,0
119.89,7.920387,34.68,63.28506932918696,0
-4.97,7.930621,34.68,63.166446789415026,0
61.13,7.933179,34.68,63.56099432828282,0
-21.36,7.930621,34.68,65.39877674696982,0
-85.96,7.930621,34.68,62.24949798994366,0
-25.61,7.930621,34.68,63.56886030125127,0
-31.53,7.928062,34.68,64.20280367709809,0
-57.69,7.925504,34.68,62.27358990776106,0
53.15,7.933179,34.68,63.28506932918696,0
98.27,7.920387,34.68,62.77738446287803,0
62.34,7.902477,34.68,62.44197306299666,0
52.44,7.901198,34.68,66.11353870426238,0
-57.04,7.910152,34.66,63.190189111918315,0
15.86,7.935738,34.66,64.10928169929842,0
53.86,7.908874,34.66,61.35959582656978,0
-65.29,7.901198,34.66,61.45730225123781,0
36.16,7.893522,34.68,61.61980201201558,0
5.43,7.905035,34.68,63.796551630946325,0
-80.28,7.902477,34.68,62.52999280345393,0
57.77,7.902477,34.68,60.6217782649107,0
7.83,7.893522,34.66,62.75348595894893,0
-53.92,7.88073,34.66,63.4428877022476,0
-16.47,7.858983,34.66,62.8887907341205,0
-39.83,7.884568,34.66,63.03967004989794,0
-11.5,7.88073,34.68,62.81719509815764,0
62.79,7.867938,34.68,63.03967004989794,0
-11.81,7.870496,34.68,62.8887907341205,0
-16.7,7.853866,34.68,62.30569797378086,0
3.75,7.853866,34.66,63.03967004989794,0
-7.67,7.847469,34.66,62.8887907341205,0
19.42,7.843632,34.66,62.52999280345393,0
9.49,7.837235,34.66,64.85368146836385,0
9.75,7.841073,34.71,62.24146527838174,0
-10.25,7.825722,34.71,63.190189111918315,0
-37.51,7.833397,34.71,63.2771680782255,0
-62.98,7.837235,34.71,64.31174076325411,0
105.57,7.832119,34.66,62.64982043070834,0
-10.48,7.821884,34.66,62.64982043070834,0
-27.09,7.823164,34.66,63.03967004989794,0
117.72,7.825722,34.66,63.51377803280167,0
-15.0,7.810371,34.66,62.625873247404705,0
-114.35,7.820605,34.66,64.31174076325411,0
33.49,7.81293,34.66,63.51377803280167,0
58.74,7.815488,34.66,62.74551776820397,0
-70.61,7.798858,34.71,62.64982043070834,0
-31.69,7.806533,34.71,61.91122676865643,0
17.7,7.793741,34.71,62.13694553162394,0
3.78,7.801416,34.71,62.64982043070834,0
-35.91,7.787344,34.66,62.49799996799898,0
-43.89,7.79502,34.66,62.81719509815764,0
55.13,7.782228,34.66,62.82515419798029,0
37.84,7.783507,34.66,63.2771680782255,0
-82.78,7.77839,34.65,63.41135544995076,0
80.57,7.782228,34.65,62.81719509815764,0
62.01,7.774552,34.65,62.36184731067546,0
-103.94,7.763039,34.65,63.94528911499267,0
29.51,7.766877,34.68,63.387695966961914,0
62.9,7.765597,34.68,63.41135544995076,0
-44.54,7.766877,34.68,61.84658438426491,0
22.63,7.761759,34.68,63.63961030678928,0
55.07,7.748967,34.68,62.74551776820397,0
-31.95,7.738733,34.68,63.03967004989794,0
-10.79,7.741292,34.68,63.63961030678928,0
-11.53,7.740012,34.68,63.88270501473775,0
-12.57,7.741292,34.68,62.13694553162394,0
19.35,7.731058,34.68,64.10148204214939,0
10.42,7.720823,34.68,64.66838485689897,0
-10.41,7.72722,34.68,62.0966987850401,0
5.49,7.728499,34.66,63.58458932791813,0
-28.19,7.731058,34.66,61.48983655857283,0
23.42,7.681167,34.66,62.369864518050704,0
56.47,7.710589,34.66,63.387695966961914,0
-103.98,7.708031,34.68,62.74551776820397,0
50.43,7.705472,34.68,64.1404708432983,0
20.06,7.706752,34.68,63.41135544995076,0
-150.58,7.695239,34.68,62.51399843235114,0
-53.21,7.697797,34.66,63.773035054010094,0
25.98,7.699076,34.66,62.297672508690084,0
-22.56,7.695239,34.66,63.0,0
12.62,7.686284,34.66,63.0,0
76.81,7.669653,34.68,62.64982043070834,0
25.67,7.678608,34.68,62.81719509815764,0
-2.23,7.69268,34.68,60.54750201288241,0
19.54,7.729778,34.68,63.15853069855251,0
-13.52,7.731058,34.66,63.54525946126902,0
294.16,7.751525,34.66,50.6458290484024,0
40.91,7.745129,34.66,64.07807737440318,0
-316.61,7.748967,34.66,61.00819617067857,0
-3.67,7.715706,34.66,62.64982043070834,0
36.52,7.716986,34.66,63.90618123468183,0
-26.7,7.629997,34.66,64.31174076325411,0
-430.11,7.610808,34.66,62.080592780675026,0
-149.53,7.632555,34.66,62.8410693734599,0
64.73,7.645348,34.66,63.35613624582863,0
112.34,7.647906,34.66,63.35613624582863,0
58.37,7.649185,34.66,63.0,0
139.92,7.645348,34.66,63.0,0
141.53,7.644068,34.66,63.0,0
3.37,7.640231,34.66,63.41135544995076,0
89.72,7.618484,34.66,76.19055059520177,0
46.93,7.655581,34.68,66.06814663663572,0
-52.31,7.64151,34.68,57.21013896155121,0
60.68,7.664536,34.68,61.09009739720506,0
56.26,7.656861,34.68,61.56297588648554,0
66.88,7.653023,34.68,69.83552104767315,0
-4.84,7.660698,34.68,57.8013840664737,0
-14.67,7.649185,34.68,64.85368146836385,0
-43.59,7.663257,34.68,63.15853069855251,0
-151.15,7.679887,34.66,62.81719509815764,0
37.14,7.700356,34.66,62.68173577685928,0
-44.45,7.741292,34.66,63.7102817447859,0
-62.31,7.770714,34.66,62.81719509815764,0
-9.72,7.782228,34.66,62.81719509815764,0
51.0,7.810371,34.66,62.39390995922599,0
26.32,7.806533,34.66,63.29296959378664,0
-45.08,7.797578,34.66,63.15853069855251,0
32.44,7.779669,34.66,63.15853069855251,0
6.32,7.764318,34.66,63.15853069855251,0
-65.07,7.755363,34.66,63.15853069855251,0
29.47,7.738733,34.66,63.15853069855251,0
-5.81,7.728499,34.66,63.15853069855251,0
-1.47,7.705472,34.66,63.15853069855251,0
33.01,7.708031,34.66,63.15853069855251,0
-21.14,7.696517,34.66,62.68173577685928,0
50.61,7.687563,34.66,62.81719509815764,0
30.31,7.691401,34.66,62.81719509815764,0
-45.87,7.670933,34.66,62.81719509815764,0
53.32,7.668374,34.66,63.57672530100933,0
18.65,7.65814,34.66,63.15853069855251,0
-57.83,7.669653,34.66,63.15853069855251,0
23.35,7.650465,34.66,62.25752966509352,0
-13.58,7.651744,34.66,63.15853069855251,0
15.83,7.628717,34.68,63.15853069855251,0
20.93,7.646627,34.68,62.75348595894893,0
-40.6,7.635114,34.68,63.15853069855251,0
46.12,7.631276,34.68,63.29296959378664,0
10.59,7.62488,34.68,62.81719509815764,0
-69.58,7.635114,34.68,88.9719056781409,0
39.72,7.612087,34.68,63.0158710167526,0
6.85,7.57243,34.68,37.013511046643494,0
-61.41,7.596736,34.68,67.29784543356496,0
32.83,7.70931,34.68,59.033888572581766,0
56.99,7.664536,34.68,64.66065264130884,0
53.07,7.621042,34.68,67.65352910233139,0
92.12,7.466252,34.66,76.909037180295,0
-238.06,7.461135,34.66,53.33854141237835,0
-70.24,7.600574,34.66,69.94998213009065,0
-72.7,7.646627,34.66,60.207972893961475,0
8.58,7.640231,34.68,58.66003750424986,0
218.8,7.621042,34.68,62.44197306299666,0
20.59,7.568593,34.68,63.7102817447859,0
-137.56,7.612087,34.68,58.677082408722406,0
-17.04,7.615925,34.68,61.61980201201558,0
15.04,7.60697,34.68,62.465990746965666,0
-36.09,7.595457,34.68,63.45864795282043,0
-87.09,7.603132,34.68,63.0,0
27.23,7.600574,34.66,62.112800613078136,0
35.99,7.59034,34.66,62.89674077406555,0
2.05,7.610808,34.66,62.89674077406555,0
-14.54,7.605691,34.66,63.34824385884742,0
23.71,7.604412,34.71,62.56996084384263,0
26.49,7.609529,34.71,63.45076831686122,0
-1.56,7.595457,34.71,62.56996084384263,0
0.23,7.595457,34.71,62.56996084384263,0
-16.06,7.599295,34.68,62.56996084384263,0
2.13,7.586502,34.68,62.56996084384263,0
-5.67,7.596736,34.68,62.56996084384263,0
-3.57,7.592898,34.68,62.56996084384263,0
2.28,7.581385,34.68,63.45076831686122,0
-13.39,7.582664,34.68,62.56996084384263,0
1.98,7.57243,34.68,62.65780079128216,0
1.5,7.576268,34.68,62.10475022089695,0
-3.01,7.564755,34.71,61.30252849597641,0
7.79,7.577547,34.71,64.8074069840786,0
0.29,7.558359,34.71,60.473134530963414,0
3.86,7.569872,34.71,63.773035054010094,0
-11.32,7.57243,34.68,63.63961030678928,0
12.82,7.600574,34.68,64.21059102671458,0
28.33,7.569872,34.68,63.118935352238,0
-8.31,7.57243,34.68,62.617888817813075,0
-30.57,7.564755,34.71,58.309518948453004,0
-37.03,7.591619,34.71,64.319514923544,0
-9.72,7.569872,34.71,66.88049042882386,0
15.44,7.559638,34.71,60.74537019394976,0
-27.13,7.571151,34.68,63.229739838148944,0
0.99,7.563476,34.68,90.29396436085858,0
-14.97,7.549404,34.68,57.56735185849702,0
59.11,7.481604,34.68,84.72897969408106,0
85.57,7.445785,34.68,56.69215113223346,0
-34.63,7.481953,34.68,66.21933252457322,0
-83.29,7.5037,34.68,63.419239982831705,0
-58.56,7.512655,34.68,60.091596750294464,0
75.74,7.531844,34.68,69.13031173081747,0
30.5,7.512655,34.68,59.23681287847955,0
-38.26,7.50498,34.68,62.36184731067546,0
-104.31,7.522889,34.68,62.00806399170998,0
57.83,7.517772,34.66,62.8728876384726,0
20.25,7.508818,34.66,62.13694553162394,0
-206.21,7.497304,34.66,62.94441992742486,0
-102.73,7.485791,34.66,63.190189111918315,0
152.95,7.494746,34.68,62.609903369994115,0
20.56,7.493466,34.68,62.489999199871974,0
78.69,7.484512,34.68,62.71363488110062,0
-26.31,7.484512,34.68,63.796551630946325,0
148.15,7.485791,34.66,62.8410693734599,0
115.97,7.489629,34.66,61.07372593840988,0
-1.75,7.511376,34.66,65.85590330410783,0
15.27,7.4359,34.66,62.55397669213365,0
-13.02,7.398802,34.68,63.25345840347388,0
147.13,7.421828,34.68,63.48228099241551,0
178.51,7.416711,34.68,63.94528911499267,0
-330.26,7.412874,34.68,61.69278726074872,0
-97.13,7.391126,34.68,62.976185975335156,0
93.14,7.421828,34.68,63.41135544995076,0
46.09,7.403919,34.68,63.182275995725256,0
-7.57,7.414153,34.68,63.41135544995076,0
8.19,7.401361,34.68,63.41135544995076,0
-4.45,7.41927,34.68,62.465990746965666,0
-8.29,7.411594,34.68,63.182275995725256,0
-40.07,7.405198,34.68,63.198101237299845,0
-72.53,7.398802,34.71,64.13267497929586,0
-53.87,7.391126,34.71,62.49799996799898,0
119.36,7.382172,34.71,63.324560795950255,0
29.86,7.314371,34.71,62.24146527838174,0
-278.01,7.277273,34.68,63.20601237224193,0
-119.78,7.255526,34.68,63.20601237224193,0
-114.14,7.269598,34.68,63.103090257134,0
136.32,7.26576,34.68,62.24146527838174,0
72.31,7.284948,34.68,62.13694553162394,0
129.17,7.277273,34.68,62.36184731067546,0
54.72,7.241454,34.68,63.229739838148944,0
-43.34,7.251688,34.68,63.54525946126902,0
68.94,7.269598,34.68,62.5859409132754,0
15.63,7.249129,34.68,62.76941930590086,0
3.26,7.26576,34.68,63.3798075099633,0
87.06,7.270877,34.68,62.26556030423239,0
-32.79,7.275994,34.68,63.095166217389426,0
-61.86,7.272156,34.68,62.976185975335156,0
36.64,7.268318,34.68,62.78534860936905,0
-67.45,7.255526,34.68,62.24146527838174,0
-110.68,7.246571,34.71,62.49799996799898,0
-10.54,7.269598,34.71,63.45864795282043,0
-123.98,7.26576,34.71,63.45864795282043,0
25.69,7.278552,34.71,62.49799996799898,0
142.71,7.267039,34.66,62.49799996799898,0
55.9,7.272156,34.66,62.49799996799898,0
-98.44,7.269598,34.66,62.49799996799898,0
76.2,7.270877,34.66,62.49799996799898,0
21.19,7.261922,34.68,62.49799996799898,0
-25.68,7.270877,34.68,62.64982043070834,0
-71.36,7.264481,34.68,64.8074069840786,0
-52.75,7.256805,34.68,63.06346010171025,0
2.31,7.245292,34.66,61.163714733492114,0
32.13,7.246571,34.66,63.06346010171025,0
-20.62,7.235058,34.66,62.112800613078136,0
99.31,7.250409,34.66,62.89674077406555,0
5.11,7.245292,34.68,63.06346010171025,0
-63.1,7.256805,34.68,60.61352984276695,0
72.06,7.245292,34.68,62.64982043070834,0
-36.52,7.232499,34.68,62.89674077406555,0
-203.6,7.233778,34.71,62.89674077406555,0
-40.02,7.237616,34.71,63.06346010171025,0
9.62,7.226103,34.71,63.06346010171025,0
6.61,7.203076,34.71,64.01562309311689,0
24.76,7.194122,34.68,62.89674077406555,0
-71.78,7.174933,34.68,62.89674077406555,0
62.42,7.132718,34.68,62.89674077406555,0
91.6,7.113529,34.68,61.94352266379432,0
-26.24,7.087944,34.68,63.103090257134,0
17.58,7.070034,34.68,63.914004725099176,0
26.48,7.090502,34.68,63.324560795950255,0
-65.04,7.103295,34.68,63.20601237224193,0
42.47,7.089223,34.71,62.36184731067546,0
54.48,7.067476,34.71,62.36184731067546,0
-108.22,7.06108,34.71,63.20601237224193,0
103.39,7.054683,34.71,63.20601237224193,0
37.72,7.070034,34.71,63.20601237224193,0
9.12,7.067476,34.71,62.36184731067546,0
83.45,7.057242,34.71,63.324560795950255,0
-3.04,7.040611,34.71,64.17164482853778,0
-76.97,7.032936,34.68,62.36184731067546,0
-6.63,7.029098,34.68,62.24146527838174,0
-7.04,7.023981,34.68,63.324560795950255,0
22.6,7.044449,34.68,63.20601237224193,0
-12.65,7.034215,34.71,63.324560795950255,0
16.45,7.022702,34.71,62.36184731067546,0
-38.84,7.016306,34.71,62.36184731067546,0
-59.01,7.018864,34.71,63.20601237224193,0
62.47,7.016306,34.71,62.36184731067546,0
-26.1,7.011189,34.71,62.36184731067546,0
9.71,6.995838,34.71,62.36184731067546,0
-19.97,7.006072,34.71,62.36184731067546,0
9.61,6.997117,34.71,63.324560795950255,0
54.5,7.003513,34.71,62.36184731067546,0
-22.59,6.993279,34.71,62.49799996799898,0
7.53,6.995838,34.71,65.13831437794502,0
-31.31,6.983045,34.71,63.324560795950255,0
-52.9,6.965136,34.71,62.24146527838174,0
74.11,6.968974,34.71,63.20601237224193,0
55.1,6.970253,34.71,62.36184731067546,0
-84.87,6.960019,34.71,62.24146527838174,0
20.08,6.968974,34.71,63.20601237224193,0
-14.75,6.963856,34.71,63.20601237224193,0
-69.64,6.951064,34.71,63.20601237224193,0
7.69,6.950331,34.71,63.20601237224193,0
-4.47,6.960566,34.71,63.20601237224193,0
23.3,6.945214,34.71,63.20601237224193,0
-5.91,6.93626,34.71,63.20601237224193,0
-70.45,6.915792,34.71,63.324560795950255,0
61.63,6.946494,34.71,63.324560795950255,0
2.75,6.897882,34.71,63.324560795950255,0
-3.15,6.924747,34.71,63.324560795950255,0
83.44,6.917071,34.68,63.324560795950255,0
31.36,6.924747,34.68,64.07027391856539,0
-44.78,6.909395,34.68,63.20601237224193,0
30.65,6.900441,34.68,62.00806399170998,0
12.23,6.902999,34.71,62.976185975335156,0
-28.56,6.904278,34.71,63.20601237224193,0
59.76,6.879972,34.71,63.20601237224193,0
-9.75,6.882531,34.71,63.20601237224193,0
-92.89,6.896603,34.71,63.103090257134,0
36.72,6.896603,34.71,63.20601237224193,0
8.25,6.859505,34.71,63.20601237224193,0
-27.34,6.868459,34.71,63.20601237224193,0
-1.38,6.859505,34.71,63.20601237224193,0
21.44,6.856946,34.71,63.20601237224193,0
8.31,6.853108,34.71,63.324560795950255,0
-10.1,6.845433,34.71,61.40032573203501,0
-24.57,6.796821,34.68,63.20601237224193,0
16.01,6.694481,34.68,63.20601237224193,0
6.21,6.653545,34.68,62.24146527838174,0
-3.41,6.639473,34.68,64.07027391856539,0
72.0,6.636915,34.71,65.03076195155643,0
65.43,6.96952,34.71,56.79788728465171,0
-5.67,6.982313,34.71,52.820450584977024,0
187.59,6.943935,34.71,62.96824596572466,0
119.88,6.956728,34.71,62.94441992742486,0
-163.51,6.949052,34.71,63.26926584053272,0
-640.72,6.951611,34.71,62.369864518050704,0
-137.17,6.943935,34.71,63.63961030678928,0
14.41,6.946494,34.71,63.103090257134,0
49.33,6.940097,34.71,58.32666628567074,0
19.51,6.954169,34.71,63.15853069855251,0
107.03,6.942656,34.71,63.48228099241551,0
57.15,6.946494,34.68,63.26926584053272,0
-14.94,6.951611,34.68,63.079315151640635,0
12.11,6.960566,34.68,66.91786009728644,0
-26.59,6.972079,34.68,63.2771680782255,0
62.97,6.983592,34.68,62.433965115151864,0
71.18,7.007898,34.68,63.28506932918696,0
32.01,7.013015,34.68,62.3377895020348,0
107.23,7.027086,34.68,48.88762624632127,0
10.98,6.895324,34.71,63.198101237299845,0
-108.51,6.914512,34.71,63.31666447310692,0
-6.99,7.05523,34.71,63.773035054010094,0
-42.58,7.093607,34.71,62.56996084384263,0
-2.78,7.092328,34.71,62.24949798994366,0
-99.74,7.111517,34.71,63.914004725099176,0
8.34,7.107679,34.71,62.03224967708329,0
114.54,7.119193,34.71,46.49731175025068,0
23.64,7.121751,34.73,62.76941930590086,0
-0.86,7.126868,34.73,62.65780079128216,0
18.37,7.107679,34.73,64.82283548256741,0
15.66,7.112796,34.73,65.7419196555744,0
-86.75,7.069302,34.73,62.0966987850401,0
-57.17,6.93626,34.73,63.788713735268246,0
102.73,6.937539,34.73,60.489668539346454,0
35.22,7.062905,34.73,63.0158710167526,0
-50.63,7.085932,34.73,64.35837163881635,0
-41.09,6.960566,34.73,62.369864518050704,0
-40.94,6.915792,34.73,63.33245613427605,0
58.88,6.924747,34.73,62.5859409132754,0
27.4,7.018132,34.73,62.44197306299666,0
-36.43,7.227929,34.73,63.103090257134,0
-2.39,7.321314,34.73,63.52164985262898,0
-24.63,7.198506,34.73,62.433965115151864,0
-75.57,7.149895,34.75,62.16912416947821,0
71.87,7.163966,34.75,63.13477647065839,0
46.56,7.151174,34.75,63.13477647065839,0
9.49,7.130706,34.75,63.39558344238185,0
-25.79,7.102562,34.71,63.39558344238185,0
-18.59,7.059068,34.71,65.12296062065974,0
-30.27,7.025807,34.71,63.095166217389426,0
17.94,6.941377,34.71,61.68468205316454,0
-4.62,7.08977,34.71,63.796551630946325,0
-58.51,7.14094,34.71,62.5939294181153,0
-65.88,7.080815,34.71,61.424750711744856,0
169.62,7.042438,34.71,63.35613624582863,0
307.12,7.036041,34.73,63.592452382338585,0
-78.12,6.956728,34.73,61.61980201201558,0
-458.79,6.902999,34.73,63.56886030125127,0
-236.98,6.950331,34.73,64.60650122085238,0
93.59,6.91835,34.71,63.733821476512766,0
120.06,6.851829,34.71,64.1482657598785,0
205.4,6.858225,34.71,63.198101237299845,0
110.68,6.887648,34.71,63.4428877022476,0
-117.05,6.744372,34.73,63.198101237299845,0
54.11,6.67913,34.73,62.96824596572466,0
47.23,6.652266,34.73,62.75348595894893,0
-43.81,6.681688,34.73,62.75348595894893,0
53.84,6.671454,34.71,62.55397669213365,0
-12.86,6.674013,34.71,62.76941930590086,0
47.75,6.640752,34.71,62.76941930590086,0
15.54,6.629239,34.71,62.76941930590086,0
-64.05,6.643311,34.71,62.96824596572466,0
34.09,6.633077,34.71,61.62791575252241,0
43.83,6.615168,34.71,63.72597586541927,0
-73.5,6.562718,34.71,62.76941930590086,0
1.71,6.519224,34.73,63.54525946126902,0
0.58,6.523061,34.73,63.54525946126902,0
-28.19,6.502594,34.73,62.5859409132754,0
75.65,6.401533,34.73,62.5859409132754,0
-2.55,6.422571,34.73,63.773035054010094,0
23.9,6.391869,34.73,63.3798075099633,0
17.21,6.412337,34.73,63.3798075099633,0
24.95,6.391869,34.73,62.5859409132754,0
-43.88,6.377798,34.73,64.73020933072904,0
95.97,6.353492,34.73,62.5859409132754,0
128.54,6.393148,34.73,62.81719509815764,0
0.11,6.353492,34.73,62.41794613730894,0
-162.3,6.423851,34.73,62.41794613730894,0
-137.04,6.44176,34.73,62.41794613730894,0
-114.36,6.453273,34.73,63.3798075099633,0
-77.32,6.367563,34.73,62.5859409132754,0
-72.46,6.382915,34.73,64.87680633323437,0
72.14,6.399545,34.73,62.41794613730894,0
103.11,6.37268,34.73,61.814237842102365,0
37.22,6.348374,34.73,62.41794613730894,0
207.59,6.494209,34.73,60.844062980705026,0
-164.6,6.704007,34.73,64.70703207534712,0
-201.55,6.729591,34.73,62.44197306299666,0
149.36,6.744943,34.73,63.3798075099633,0
86.02,6.747501,34.73,63.3798075099633,0
-36.24,6.752618,34.73,63.56099432828282,0
36.24,6.747501,34.73,64.56779382943171,0
36.38,6.752618,34.73,62.78534860936905,0
-37.7,6.751339,34.75,61.814237842102365,0
-38.87,6.770527,34.75,62.56996084384263,0
-17.87,6.747501,34.75,62.56996084384263,0
-12.05,6.747501,34.75,62.56996084384263,0
40.7,6.727033,34.75,63.75735251718032,0
53.47,6.747501,34.75,62.23343153000644,0
-88.43,6.752618,34.75,63.182275995725256,0
-2.84,6.759014,34.75,62.55397669213365,0
9.17,6.752618,34.71,62.55397669213365,0
-69.87,6.761573,34.71,62.76941930590086,0
76.04,6.752618,34.71,62.76941930590086,0
36.98,6.746222,34.71,62.5859409132754,0
-16.21,6.753897,34.75,61.09828148156051,0
19.25,6.741105,34.75,64.34283176858165,0
-17.99,6.739826,34.75,62.5859409132754,0
15.88,6.730871,34.75,63.0158710167526,0
37.71,6.735988,34.73,62.81719509815764,0
-38.54,6.738546,34.73,62.81719509815764,0
36.13,6.733429,34.73,62.20128616033595,0
47.05,6.733429,34.73,63.3798075099633,0
-30.46,6.733429,34.75,62.41794613730894,0
31.29,6.725754,34.75,63.608175575157006,0
19.81,6.728312,34.75,62.64982043070834,0
-45.66,6.728312,34.75,62.26556030423239,0
31.38,6.714241,34.77,62.41794613730894,0
11.91,6.714241,34.77,63.54525946126902,0
-55.14,6.716799,34.77,61.862751312886175,0
25.93,6.720637,34.77,62.81719509815764,0
1.94,6.727033,34.77,62.76941930590086,0
-25.78,6.723195,34.77,62.5859409132754,0
25.95,6.725754,34.77,62.5859409132754,0
-6.32,6.712961,34.77,63.3798075099633,0
31.44,6.725754,34.77,63.3798075099633,0
-15.73,6.729591,34.77,62.41794613730894,0
-66.39,6.682259,34.77,63.3798075099633,0
34.6,6.707844,34.77,62.41794613730894,0
21.73,6.71552,34.77,62.41794613730894,0
-43.65,6.710403,34.77,63.229739838148944,0
14.3,6.721916,34.77,62.26556030423239,0
-13.63,6.716799,34.77,63.229739838148944,0
-55.47,6.710403,34.73,63.229739838148944,0
-1.72,6.714241,34.73,63.229739838148944,0
-6.86,6.707844,34.73,63.0158710167526,0
18.95,6.709124,34.73,63.0158710167526,0
20.95,6.705286,34.75,63.0158710167526,0
-40.76,6.721916,34.75,62.88083968904996,0
24.76,6.709124,34.75,62.88083968904996,0
34.37,6.714241,34.75,62.88083968904996,0
-32.03,6.705286,34.77,62.88083968904996,0
71.27,6.721916,34.77,62.88083968904996,0
25.98,6.712961,34.77,62.76145313805282,0
-72.97,6.711682,34.77,62.65780079128216,0
39.68,6.705286,34.75,63.54525946126902,0
16.27,6.69761,34.75,62.76145313805282,0
-64.09,6.69761,34.75,63.631753079732135,0
31.14,6.700169,34.75,61.78996682310163,0
3.42,6.69761,34.75,62.65780079128216,0
-63.34,6.69761,34.75,62.65780079128216,0
47.08,6.693772,34.75,62.65780079128216,0
3.44,6.674584,34.75,62.65780079128216,0
-0.52,6.684818,34.73,62.65780079128216,0
-3.29,6.677142,34.73,62.8728876384726,0
-26.54,6.678421,34.73,62.8728876384726,0
30.02,6.670746,34.73,62.8728876384726,0
12.17,6.674584,34.73,62.65780079128216,0
-50.36,6.669466,34.73,62.65780079128216,0
35.47,6.672025,34.73,62.8728876384726,0
17.35,6.670746,34.73,62.65780079128216,0
-52.01,6.670746,34.73,62.8728876384726,0
24.88,6.656674,34.73,62.8728876384726,0
-1.23,6.657953,34.73,63.631753079732135,0
-65.78,6.66435,34.73,62.56996084384263,0
21.86,6.665629,34.75,61.59545437773797,0
3.64,6.66435,34.75,62.5939294181153,0
-31.36,6.661791,34.75,91.07140056021979,0
12.55,6.654116,34.75,65.73431371817918,0
2.65,6.677142,34.75,68.9129886160802,0
-57.49,6.78332,34.75,68.85491994040804,0
97.16,6.779482,34.75,63.66317616958802,0
254.61,6.780762,34.75,60.778285596090974,0
74.93,6.767969,34.73,59.30430001273095,0
-267.13,6.761573,34.73,65.4217089351845,0
-102.35,6.762852,34.73,67.91906948714772,0
-229.58,6.761573,34.73,56.515484603779164,0
-76.2,6.767969,34.75,50.65570056765576,0
49.65,6.780762,34.75,54.8270006474912,0
67.52,6.761573,34.75,60.876925020897694,0
161.42,6.76541,34.75,60.74537019394976,0
-102.47,6.764131,34.75,62.12889826803627,0
-85.55,6.770527,34.75,61.04096984812741,0
19.6,6.760293,34.75,67.23094525588644,0
27.74,6.761573,34.75,64.87680633323437,0
8.06,6.738546,34.73,61.97580172938467,0
-42.78,6.760293,34.73,62.48199740725323,0
22.07,6.756456,34.73,62.48199740725323,0
21.24,6.756456,34.73,62.48199740725323,0
18.05,6.752618,34.75,62.8728876384726,0
24.23,6.74878,34.75,62.48199740725323,0
-14.0,6.75006,34.75,62.10475022089695,0
29.95,6.752618,34.75,62.01612693485461,0
11.65,6.753897,34.75,61.66846844214635,0
-25.25,6.753897,34.75,62.01612693485461,0
24.69,6.751339,34.75,61.97580172938467,0
0.87,6.741105,34.75,62.369864518050704,0
0.01,6.74878,34.75,68.26419266350405,0
7.28,6.734708,34.75,73.85120175054702,0
-31.27,6.668188,34.75,51.468436929831086,0
6.84,6.636206,34.75,65.03076195155643,0
-34.46,6.660512,34.77,63.40346993658943,0
-131.51,6.665629,34.77,62.3377895020348,0
32.77,6.661791,34.77,63.702433234531945,0
245.18,6.661791,34.77,64.33506042586733,0
-0.06,6.652836,34.73,63.82789358893179,0
-81.34,6.634927,34.73,55.14526271584895,0
-45.54,6.572244,34.73,72.069410986909,0
9.49,6.453273,34.73,49.20365840057018,0
-11.36,6.574802,34.75,76.90253571892151,0
70.07,6.69761,34.75,64.47480127925948,0
25.28,6.710403,34.75,71.7007670809734,0
-17.93,6.710403,34.75,53.76802023508026,0
132.83,6.739826,34.77,57.766772456144714,0
-92.13,6.728312,34.77,61.773780845922005,0
105.0,6.718078,34.77,62.72160712226688,0
255.25,6.725754,34.77,63.095166217389426,0
-233.07,6.716799,34.75,62.6418390534633,0
-41.93,6.698889,34.75,62.6418390534633,0
53.82,6.707844,34.75,62.6418390534633,0
-259.51,6.701448,34.75,63.06346010171025,0
-269.35,6.689935,34.77,60.975404877704584,0
56.53,6.720637,34.77,63.984373092185564,0
109.45,6.706565,34.77,61.163714733492114,0
63.88,6.707844,34.77,64.56779382943171,0
81.69,6.695052,34.75,61.326992425847855,0
129.39,6.714241,34.75,62.96824596572466,0
-39.84,6.710403,34.75,62.94441992742486,0
-66.02,6.73215,34.75,62.321745803531535,0
-133.32,6.728312,34.77,62.52199612936234,0
67.37,6.741105,34.77,64.20280367709809,0
208.65,6.735988,34.77,63.655321851358195,0
124.31,6.742384,34.77,59.6992462263972,0
-71.88,6.746222,34.77,62.976185975335156,0
12.9,6.678421,34.77,64.38167441127949,0
-34.85,6.665629,34.77,62.10475022089695,0
-196.38,6.660512,34.77,62.16912416947821,0
-387.07,6.652836,34.79,62.68971207462992,0
-213.6,6.641323,34.79,61.465437442517235,0
179.27,6.648999,34.79,62.56196927846821,0
230.9,6.636206,34.79,61.40032573203501,0
63.08,6.647719,34.79,61.62791575252241,0
158.18,6.637486,34.79,61.08191221630181,0
69.64,6.62981,34.79,62.52199612936234,0
-75.19,6.622134,34.79,62.080592780675026,0
-7.88,6.623414,34.79,60.83584469702052,0
60.97,6.610621,34.79,65.64297372910524,0
19.64,6.587595,34.79,64.81512169239521,0
31.13,6.521073,34.79,64.45153217728807,0
-16.68,6.56073,34.79,63.63961030678928,0
-18.26,6.636206,34.79,51.73006862551025,0
32.07,6.665629,34.79,59.14389233048498,0
35.71,6.69761,34.79,63.52164985262898,0
171.72,6.668188,34.83,63.835726674018524,0
-145.51,6.648999,34.83,63.13477647065839,0
-0.09,6.642602,34.83,62.64982043070834,0
6.17,6.640044,34.83,63.13477647065839,0
-44.94,6.62981,34.79,63.35613624582863,0
-25.72,6.631089,34.79,63.35613624582863,0
23.19,6.627252,34.79,63.35613624582863,0
7.55,6.624693,34.79,63.35613624582863,0
-19.99,6.614459,34.81,62.8410693734599,0
-11.17,6.61318,34.81,63.35613624582863,0
-27.04,6.609342,34.81,62.8410693734599,0
10.04,6.610621,34.81,63.35613624582863,0
-11.69,6.606783,34.79,62.8410693734599,0
-38.42,6.614459,34.79,63.35613624582863,0
15.71,6.604225,34.79,62.8410693734599,0
-22.37,6.602946,34.79,62.8410693734599,0
14.91,6.600387,34.79,77.70456872024965,0
34.43,6.597828,34.79,59.033888572581766,0
-6.14,6.606783,34.79,87.66983517721475,0
-73.27,6.597828,34.79,60.149812967290266,0
64.98,6.597828,34.81,72.86974680894672,0
-0.18,6.636206,34.81,65.22269543648132,0
-49.39,6.638765,34.81,66.37770710110436,0
139.86,6.61318,34.81,65.46754921333164,0
54.65,6.600387,34.79,73.18469785412795,0
-101.25,6.540262,34.79,73.13685801290619,0
-135.47,6.531308,34.79,63.984373092185564,0
59.9,6.472462,34.79,60.0416522091123,0
-122.9,6.518515,34.79,63.41135544995076,0
10.38,6.528749,34.79,78.05767098754612,0
41.77,6.422571,34.79,113.46805717910217,0
88.22,6.414896,34.79,62.88083968904996,0
93.71,6.435364,34.83,63.05553108173778,0
-212.49,6.436643,34.83,63.05553108173778,0
-162.11,6.398265,34.83,63.15853069855251,0
110.9,6.413616,34.83,62.30569797378086,0
69.78,6.417454,34.83,62.30569797378086,0
10.89,6.417454,34.83,62.30569797378086,0
14.46,6.417454,34.83,63.2771680782255,0
-44.98,6.416175,34.83,64.63745044476924,0
32.91,6.413616,34.81,63.2771680782255,0
-4.57,6.409779,34.81,62.82515419798029,0
-22.82,6.399545,34.81,63.15853069855251,0
24.79,6.403382,34.81,62.30569797378086,0
-45.22,6.391869,34.81,63.15853069855251,0
53.86,6.395707,34.81,63.671029518926424,0
16.67,6.385473,34.81,63.56886030125127,0
-69.42,6.386752,34.81,63.56886030125127,0
37.31,6.377798,34.81,63.56886030125127,0
3.67,6.384193,34.81,63.15853069855251,0
-59.21,6.379076,34.81,63.15853069855251,0
26.48,6.375239,34.81,63.15853069855251,0
-7.2,6.365005,34.83,62.82515419798029,0
-4.29,6.365005,34.83,63.15853069855251,0
22.38,6.358609,34.83,63.15853069855251,0
-32.39,6.358609,34.83,62.30569797378086,0
48.24,6.349654,34.83,63.56886030125127,0
15.16,6.358609,34.83,63.56886030125127,0
-74.15,6.343257,34.83,63.56886030125127,0
42.69,6.341979,34.83,63.56886030125127,0
-0.15,6.33942,34.79,63.56886030125127,0
-45.87,6.348374,34.79,63.25345840347388,0
28.66,6.325348,34.79,63.631753079732135,0
-20.29,6.33814,34.79,63.29296959378664,0
42.91,6.311276,34.81,62.75348595894893,0
27.7,6.327907,34.81,75.8814865431615,0
-39.32,6.317673,34.81,62.68173577685928,0
13.66,6.317673,34.81,59.27900134111572,0
4.59,6.375239,34.81,58.66856057549052,0
7.71,6.440481,34.81,63.96092557178953,0
198.27,6.405941,34.81,54.53439281774392,0
162.31,6.375239,34.81,74.17546764261078,0
17.44,6.435364,34.83,63.0158710167526,0
-126.47,6.411058,34.83,58.497863208838666,0
-336.77,6.381635,34.83,61.30252849597641,0
-87.39,6.363726,34.83,64.45153217728807,0
59.37,6.365005,34.79,63.72597586541927,0
178.78,6.350933,34.79,64.93843238021688,0
-109.84,6.33942,34.79,63.340350488452465,0
-114.54,6.343257,34.79,63.97655820689325,0
-34.19,6.363726,34.79,64.29618962271404,0
-82.22,6.376518,34.79,64.97691897897283,0
-30.48,6.382915,34.79,63.7808748764079,0
94.09,6.384193,34.79,63.75735251718032,0
36.12,6.394428,34.81,62.849025449882674,0
52.17,6.389311,34.81,55.02726596879042,0
32.13,6.365005,34.81,70.94363960215179,0
-2.39,6.350933,34.81,76.12489737267302,0
33.07,6.353492,34.81,66.40783086353596,0
-7.89,6.350933,34.81,61.814237842102365,0
-5.86,6.345816,34.81,61.814237842102365,0
80.38,6.325348,34.81,62.88083968904996,0
-16.82,6.330465,34.81,53.38539126015655,0
66.18,6.357329,34.81,68.42514157822401,0
38.37,6.171838,34.81,58.81326381013045,0
68.96,6.106596,34.81,65.22269543648132,0
-5.06,6.101479,34.81,60.860496218811754,0
-424.83,6.060543,34.81,60.778285596090974,0
-218.51,5.972275,34.81,45.17742799230607,0
-19.3,6.171838,34.81,53.563046963368315,0
8.51,6.124506,34.81,67.30527468185537,0
238.76,6.263944,34.81,64.15605972938177,0
498.05,6.252431,34.81,63.52164985262898,0
215.79,6.251152,34.81,60.67124524847005,0
-463.32,6.244755,34.79,61.40846847137616,0
-376.46,6.246035,34.79,63.31666447310692,0
75.18,6.2358,34.79,62.80127387243033,0
74.65,6.238359,34.79,62.75348595894893,0
77.04,6.223008,34.79,61.59545437773797,0
62.97,6.239638,34.79,62.00806399170998,0
-28.72,6.226846,34.79,62.545983084447556,0
74.78,6.230683,34.79,61.48170459575759,0
20.22,6.223008,34.79,62.68971207462992,0
38.46,6.234521,34.79,62.65780079128216,0
38.46,6.187189,34.79,62.65780079128216,0
-30.75,6.216612,34.79,62.65780079128216,0
42.08,6.226846,34.81,62.65780079128216,0
1.73,6.231963,34.81,62.00806399170998,0
-39.63,6.225566,34.81,62.00806399170998,0
14.09,6.217891,34.81,62.00806399170998,0
-19.22,6.224287,34.83,62.65780079128216,0
22.74,6.220449,34.83,62.65780079128216,0
-3.82,6.224287,34.83,62.65780079128216,0
-53.19,6.216612,34.83,62.545983084447556,0
14.17,6.21917,34.81,62.00806399170998,0
-27.35,6.214053,34.81,62.00806399170998,0
29.43,6.216612,34.81,62.00806399170998,0
4.53,6.21917,34.81,62.65780079128216,0
-53.44,6.223008,34.83,62.00806399170998,0
23.79,6.220449,34.83,62.00806399170998,0
-17.62,6.211495,34.83,62.545983084447556,0
16.8,6.214053,34.83,62.65780079128216,0
15.18,6.212774,34.83,62.00806399170998,0
-36.49,6.215333,34.83,62.65780079128216,0
37.93,6.214053,34.83,62.545983084447556,0
10.38,6.212774,34.83,62.545983084447556,0
-53.76,6.208936,34.81,62.545983084447556,0
31.34,6.208936,34.81,62.00806399170998,0
-0.64,6.210216,34.81,62.00806399170998,0
-35.85,6.207657,34.81,62.545983084447556,0
19.7,6.198702,34.83,62.00806399170998,0
-15.89,6.198702,34.83,62.00806399170998,0
13.63,6.199981,34.83,62.00806399170998,0
15.21,6.199981,34.83,62.65780079128216,0
-37.04,6.193585,34.81,62.65780079128216,0
34.46,6.197423,34.81,62.00806399170998,0
7.61,6.191027,34.81,62.65780079128216,0
-39.89,6.194864,34.81,62.00806399170998,0
14.2,6.189747,34.81,62.65780079128216,0
-22.73,6.20254,34.81,62.00806399170998,0
28.96,6.189747,34.81,62.00806399170998,0
7.64,6.191027,34.81,62.545983084447556,0
-63.49,6.178234,34.81,63.190189111918315,0
31.28,6.194864,34.81,62.545983084447556,0
-11.53,6.187189,34.81,62.545983084447556,0
6.12,6.18591,34.81,62.00806399170998,0
25.87,6.183351,34.79,62.00806399170998,0
-32.13,6.18591,34.79,62.00806399170998,0
50.28,6.183351,34.79,62.56196927846821,0
26.11,6.178234,34.79,62.65780079128216,0
-42.41,6.189747,34.83,62.00806399170998,0
41.7,6.183351,34.83,62.00806399170998,0
19.48,6.179513,34.83,62.00806399170998,0
-45.47,6.170558,34.83,62.00806399170998,0
36.78,6.178234,34.83,62.545983084447556,0
5.51,6.168,34.83,62.00806399170998,0
-53.01,6.162883,34.83,62.00806399170998,0
26.15,6.164163,34.83,62.65780079128216,0
-11.8,6.171838,34.83,62.545983084447556,0
1.78,6.162883,34.83,63.190189111918315,0
21.15,6.165442,34.83,62.00806399170998,0
-32.95,6.171838,34.83,62.00806399170998,0
41.14,6.168,34.81,62.0403094769844,0
15.34,6.165442,34.81,61.48170459575759,0
-49.02,6.159045,34.81,62.00806399170998,0
34.23,6.160325,34.81,62.00806399170998,0
6.7,6.160325,34.81,62.65780079128216,0
-52.92,6.160325,34.81,62.65780079128216,0
19.84,6.159045,34.81,62.65780079128216,0
-7.61,6.156487,34.81,62.00806399170998,0
-14.64,6.148811,34.81,62.00806399170998,0
17.88,6.150091,34.81,62.0403094769844,0
-27.79,6.15137,34.81,62.56196927846821,0
31.59,6.150091,34.81,62.0403094769844,0
12.77,6.142415,34.79,62.0403094769844,0
-61.31,6.146253,34.79,62.0403094769844,0
32.43,6.142415,34.79,62.0403094769844,0
-7.22,6.144974,34.79,62.56196927846821,0
-3.41,6.132181,34.79,62.56196927846821,0
19.85,6.143694,34.79,62.56196927846821,0
-38.34,6.142415,34.79,62.56196927846821,0
46.32,6.141136,34.79,61.814237842102365,0
2.97,6.142415,34.79,62.465990746965666,0
-21.63,6.143694,34.79,62.75348595894893,0
11.56,6.107875,34.79,63.095166217389426,0
-43.82,6.132181,34.79,65.7723346096214,0
75.38,6.134739,34.81,59.3548650070068,0
46.09,6.161604,34.81,62.8728876384726,0
41.38,6.170558,34.81,62.13694553162394,0
156.4,6.152649,34.81,65.74952471311104,0
-57.0,6.155208,34.83,62.72160712226688,0
-293.27,6.173117,34.83,63.686733312362634,0
-60.25,6.18591,34.83,62.32976816898969,0
12.94,6.20254,34.83,60.21627686929839,0
102.27,6.210216,34.81,64.1404708432983,0
33.36,6.198702,34.81,65.87867636800242,0
41.16,6.168,34.81,67.60917097554147,0
107.47,6.144974,34.81,61.212743771211564,0
258.5,6.162883,34.83,62.617888817813075,0
-407.67,6.174397,34.83,59.447455790807396,0
-319.7,6.187189,34.83,62.976185975335156,0
188.46,6.170558,34.83,64.59102104782058,0
195.72,6.156487,34.81,62.26556030423239,0
52.55,6.15137,34.81,65.0384501660364,0
-61.67,6.136019,34.81,62.25752966509352,0
-100.46,6.134739,34.81,62.64982043070834,0
-16.54,6.127064,34.81,62.68173577685928,0
14.95,6.136019,34.81,64.73020933072904,0
33.74,6.115551,34.81,75.47847375245475,0
29.37,6.081011,34.81,49.52776998815917,0
10.23,5.991464,34.79,60.0,0
47.58,5.936456,34.79,54.653453687758834,0
105.37,5.986788,34.79,70.43436661176133,0
-65.7,5.986788,34.79,61.98386886924694,0
266.21,5.993185,34.81,59.84981202978001,0
23.56,6.295088,34.81,66.52818951391959,0
-390.84,5.998302,34.81,67.38694235532579,0
196.62,5.857584,34.81,63.788713735268246,0
-209.24,5.878052,34.81,65.34523701081817,0
136.21,5.904916,34.81,63.35613624582863,0
-41.22,5.973996,34.81,64.91532946846992,0
-204.61,6.073778,34.81,58.92367945062494,0
-283.9,6.089128,34.81,66.27216610312357,0
-35.63,6.12111,34.81,64.389440128021,0
243.75,6.158208,34.81,64.13267497929586,0
-58.96,6.150533,34.81,65.49045732013177,0
-124.91,6.178676,34.81,64.7533782902483,0
74.55,6.136461,34.81,64.00781202322104,0
189.7,6.073778,34.81,63.7102817447859,0
373.0,6.046913,34.81,64.35060217278468,0
-159.33,5.976554,34.79,57.175169435691224,0
-192.5,5.999581,34.79,72.09715667070374,0
-69.81,6.078895,34.79,64.22616289332565,0
-38.11,6.181235,34.79,41.19465984809196,0
3.87,6.222171,34.77,66.82065548915246,0
105.21,5.720704,34.77,84.76437931112338,0
106.8,5.784667,34.77,61.87083319303208,0
3.49,5.939456,34.77,62.5859409132754,0
-726.94,6.043076,34.81,61.84658438426491,0
287.87,6.049472,34.81,62.457985878508765,0
-32.09,6.025166,34.81,62.457985878508765,0
-79.66,6.011094,34.81,62.457985878508765,0
123.12,6.005977,34.81,62.80127387243033,0
65.73,6.009815,34.81,62.80127387243033,0
12.13,5.988068,34.81,62.80127387243033,0
40.52,5.995743,34.81,62.80127387243033,0
37.66,5.988068,34.81,64.20280367709809,0
-31.43,5.98423,34.81,64.45153217728807,0
28.84,5.976554,34.81,42.0,0
13.39,5.990626,34.81,65.40642170307133,0
-30.93,6.012373,34.81,63.85922016435841,0
36.22,6.027725,34.81,59.135437767890075,0
57.14,6.044355,34.81,63.60031446463138,0
12.93,6.048193,34.81,61.30252849597641,0
34.09,6.055868,34.81,59.27900134111572,0
30.57,6.067381,34.81,48.05205510693585,0
72.43,6.071219,34.81,80.23714850367004,0
36.14,5.988068,34.81,79.52358140828417,0
-115.55,5.959924,34.81,57.358521598799946,0
-57.59,5.947132,34.81,58.63446085707619,0
50.77,5.930501,34.81,62.609903369994115,0
-235.23,5.934339,34.81,63.58458932791813,0
79.36,5.929222,34.81,61.91122676865643,0
-6.01,5.930501,34.81,71.62401831787993,0
-49.05,5.906196,34.81,59.91660871578097,0
-23.46,5.963762,34.81,67.36467917239716,0
-77.31,5.959924,34.83,57.62811813689564,0
102.3,5.953528,34.83,67.54998149518622,0
-25.03,5.957366,34.83,63.29296959378664,0
156.02,5.953528,34.83,57.766772456144714,0
56.63,5.98423,34.81,67.00746227100382,0
-19.53,6.022607,34.81,68.7749954561976,0
50.25,6.029004,34.81,60.687725282795036,0
61.75,6.022607,34.81,64.389440128021,0
219.07,5.979113,34.81,56.83308895353129,0
74.44,5.954807,34.81,70.75309180523492,0
-155.82,5.940735,34.81,64.00781202322104,0
-128.39,5.918988,34.81,59.34644049983116,0
-106.6,5.935618,34.81,55.50675634551167,0
-79.35,5.9676,34.81,69.72804313904126,0
167.18,5.934339,34.81,55.731499172371095,0
-31.29,5.846071,34.81,62.39390995922599,0
108.81,5.846071,34.81,50.566787519082126,0
10.56,5.883169,34.81,65.12296062065974,0
-238.54,5.83072,34.81,64.65291950097846,0
224.52,5.862701,34.81,59.69087032369355,0
5.63,5.904916,34.81,62.39390995922599,0
-256.18,5.867818,34.81,64.94613152451807,0
294.67,5.782108,34.81,60.83584469702052,0
9.03,5.698957,34.81,63.45076831686122,0
-310.75,5.787225,34.83,63.796551630946325,0
-191.09,5.837116,34.83,62.01612693485461,0
102.56,5.855026,34.83,62.928530890209096,0
110.85,5.838395,34.83,71.12664760833313,0
199.67,5.817927,34.81,59.08468498688979,0
83.84,5.603013,34.81,63.7102817447859,0
-156.81,5.567194,34.81,59.08468498688979,0
-122.74,5.560798,34.81,68.4178339323893,0
23.64,5.558239,34.83,62.369864518050704,0
38.54,5.577428,34.83,60.572270883631234,0
21.9,5.597896,34.83,65.7723346096214,0
-67.08,5.721983,34.83,63.02380502635492,0
-9.84,5.747569,34.83,66.2872536767062,0
-39.19,5.819207,34.83,63.953107821277925,0
3.15,5.826882,34.83,63.51377803280167,0
139.13,5.817927,34.83,61.644140029689765,0
135.04,5.787225,34.84,61.5223536610881,0
-54.25,5.691281,34.84,60.091596750294464,0
-94.81,5.640111,34.84,57.77542730261716,0
-108.99,5.647787,34.84,64.47480127925948,0
-210.91,5.704074,34.83,64.22616289332565,0
-44.83,5.746289,34.83,66.19667665374146,0
89.43,5.684885,34.83,64.89992295835181,0
89.68,5.697678,34.83,62.16912416947821,0
131.55,5.714308,34.84,61.0163912403872,0
9.62,5.704074,34.84,68.47627326307996,0
-138.49,5.675931,34.84,62.75348595894893,0
116.32,5.669534,34.84,65.09992319503918,0
25.26,5.650345,34.83,62.94441992742486,0
-75.2,5.668255,34.83,62.56196927846821,0
-30.72,5.690002,34.83,63.48228099241551,0
-80.03,5.682327,34.83,62.489999199871974,0
46.47,5.686164,34.83,62.20128616033595,0
16.53,5.714308,34.83,63.15853069855251,0
32.88,5.715587,34.83,62.72160712226688,0
186.03,5.714308,34.83,63.45864795282043,0
28.24,5.71047,34.83,59.9666574022598,0
-141.0,5.682327,34.83,67.80855403265875,0
17.76,5.704074,34.83,62.10475022089695,0
-142.76,5.706633,34.83,61.814237842102365,0
-101.09,5.714308,34.84,63.03967004989794,0
-26.37,5.696398,34.84,66.40030120413611,0
295.62,5.686164,34.84,63.7102817447859,0
-87.38,5.651625,34.84,62.68173577685928,0
-45.84,5.661859,34.83,60.21627686929839,0
68.7,5.663138,34.83,64.13267497929586,0
-78.55,5.649066,34.83,60.94259594077036,0
-62.14,5.652904,34.83,61.74949392505172,0
-2.59,5.622202,34.83,63.387695966961914,0
29.49,5.555681,34.83,62.65780079128216,0
3.77,5.531375,34.83,61.84658438426491,0
26.32,5.54033,34.83,62.65780079128216,0
-82.43,5.555681,34.84,60.728905802755904,0
85.58,5.554401,34.84,63.93746945258312,0
70.39,5.523699,34.84,63.12685640834652,0
-48.4,5.535213,34.84,66.88049042882386,0
2.87,5.532654,34.84,54.817880294662984,0
-45.39,5.641391,34.84,59.00847396772772,0
9.06,5.697678,34.84,63.96092557178953,0
-34.3,5.716866,34.84,64.57553716385176,0
-176.7,5.719425,34.84,63.14269553954757,0
212.16,5.723263,34.84,62.5939294181153,0
119.54,5.719425,34.84,62.849025449882674,0
57.49,5.733497,34.84,62.056425936400814,0
30.23,5.736055,34.87,62.6418390534633,0
-14.16,5.738614,34.87,61.84658438426491,0
33.77,5.739893,34.87,62.849025449882674,0
-35.0,5.741172,34.87,62.6418390534633,0
-76.11,5.742452,34.84,62.13694553162394,0
-6.7,5.746289,34.84,62.6418390534633,0
-53.41,5.742452,34.84,62.32976816898969,0
-71.68,5.737334,34.84,64.24951361683604,0
-11.49,5.733497,34.87,70.04284403134984,0
-28.84,5.737334,34.87,77.06490770772389,0
17.51,5.715587,34.87,56.1159513863928,0
-6.82,5.704074,34.87,59.15234568468101,0
-81.25,5.655462,34.84,61.78996682310163,0
-260.54,5.669534,34.84,64.319514923544,0
57.76,5.670814,34.84,61.538605769061746,0
258.72,5.654183,34.84,62.976185975335156,0
65.75,5.628598,34.87,61.36774397026503,0
-155.31,5.670814,34.87,74.27651041883968,0
3.75,5.739893,34.87,61.326992425847855,0
98.63,5.737334,34.87,63.0158710167526,0
77.75,5.74501,34.87,63.31666447310692,0
10.08,5.738614,34.87,61.196405123176966,0
-30.57,5.738614,34.87,62.10475022089695,0
-46.91,5.736055,34.87,61.862751312886175,0
-27.19,5.737334,34.84,62.52199612936234,0
41.29,5.736055,34.84,62.39390995922599,0
26.22,5.739893,34.84,60.00833275470999,0
10.9,5.738614,34.84,62.40192304729078,0
24.67,5.732217,34.84,62.297672508690084,0
-8.69,5.743731,34.84,62.369864518050704,0
15.89,5.72838,34.84,63.095166217389426,0
11.75,5.737334,34.84,62.6418390534633,0
-32.9,5.732217,34.83,62.6418390534633,0
25.16,5.743731,34.83,62.6418390534633,0
9.81,5.734776,34.83,62.6418390534633,0
6.37,5.739893,34.83,63.095166217389426,0
19.75,5.734776,34.84,62.6418390534633,0
-18.81,5.74501,34.84,63.095166217389426,0
21.78,5.747569,34.84,61.91122676865643,0
6.1,5.743731,34.84,62.6418390534633,0
-31.85,5.741172,34.84,62.5939294181153,0
11.43,5.734776,34.84,63.095166217389426,0
-6.83,5.741172,34.84,62.5939294181153,0
-2.22,5.738614,34.84,62.6418390534633,0
7.57,5.737334,34.84,62.20128616033595,0
-22.03,5.733497,34.84,62.6418390534633,0
20.54,5.733497,34.84,62.6418390534633,0
9.91,5.734776,34.84,62.6418390534633,0
-37.25,5.733497,34.87,62.8410693734599,0
15.23,5.733497,34.87,79.56758133813042,0
-2.13,5.733497,34.87,54.954526656136345,0
-14.95,5.719425,34.87,46.45427859734774,0
22.18,5.664417,34.83,59.33801479658719,0
16.29,5.704074,34.83,61.53048025166064,0
99.65,5.709191,34.83,57.436921923097515,0
47.51,5.692561,34.83,64.97691897897283,0
-46.37,5.700236,34.87,67.54257916307313,0
-144.62,5.705353,34.87,67.89698078707183,0
-35.88,5.709191,34.87,61.74949392505172,0
-38.71,5.684885,34.87,62.81719509815764,0
23.33,5.585104,34.87,67.05221845696084,0
26.35,5.546726,34.87,61.1310068623117,0
108.55,5.542888,34.87,62.64982043070834,0
-214.02,5.528817,34.87,65.97726881282674,0
-174.2,5.601734,34.87,61.73329733620261,0
130.3,5.463575,34.87,61.886993787063204,0
100.1,5.527537,34.87,64.8382603097893,0
134.32,5.537771,34.87,64.20280367709809,0
-230.6,5.536492,34.87,63.7102817447859,0
-194.58,5.535213,34.87,63.45076831686122,0
113.29,5.507069,34.87,62.64982043070834,0
33.43,5.537771,34.87,62.385895841928885,0
-2.57,5.560798,34.87,63.631753079732135,0
71.27,5.5915,34.87,63.103090257134,0
-15.79,5.610689,34.87,63.103090257134,0
96.63,5.647787,34.87,63.103090257134,0
51.3,5.668255,34.87,63.103090257134,0
-56.37,5.690002,34.87,63.20601237224193,0
22.28,5.687444,34.87,63.20601237224193,0
-21.35,5.686164,34.87,63.20601237224193,0
56.23,5.670814,34.87,62.385895841928885,0
20.31,5.669534,34.87,63.45076831686122,0
-75.03,5.655462,34.87,63.45076831686122,0
51.99,5.643949,34.87,64.17164482853778,0
12.91,5.618364,34.89,62.385895841928885,0
-63.75,5.620923,34.89,63.103090257134,0
28.74,5.604292,34.89,63.103090257134,0
-44.15,5.605572,34.89,63.0158710167526,0
-40.63,5.600454,34.84,63.103090257134,0
48.59,5.588941,34.84,63.34824385884742,0
-15.5,5.595337,34.84,63.984373092185564,0
-48.59,5.581266,34.84,63.733821476512766,0
1.59,5.576149,34.84,63.103090257134,0
-46.37,5.577428,34.84,63.103090257134,0
37.07,5.571032,34.84,63.20601237224193,0
54.46,5.560798,34.84,63.45076831686122,0
-31.07,5.553122,34.87,63.20601237224193,0
27.46,5.55696,34.87,63.20601237224193,0
-38.67,5.553122,34.87,63.20601237224193,0
-33.4,5.545447,34.87,63.20601237224193,0
42.06,5.544168,34.89,63.45076831686122,0
-35.54,5.535213,34.89,63.103090257134,0
50.74,5.54033,34.89,63.103090257134,0
9.33,5.535213,34.89,63.103090257134,0
-51.07,5.535213,34.84,63.34824385884742,0
18.82,5.530096,34.84,63.20601237224193,0
-18.58,5.52242,34.84,63.20601237224193,0
46.12,5.516024,34.84,63.20601237224193,0
16.02,5.521141,34.84,63.20601237224193,0
-67.55,5.516024,34.84,63.20601237224193,0
31.52,5.514745,34.84,63.20601237224193,0
-15.0,5.512186,34.84,63.20601237224193,0
18.34,5.503232,34.87,63.20601237224193,0
26.32,5.503232,34.87,63.20601237224193,0
-33.91,5.494277,34.87,63.20601237224193,0
51.45,5.494277,34.87,63.20601237224193,0
11.94,5.486601,34.89,62.489999199871974,0
-52.26,5.492998,34.89,65.39877674696982,0
52.85,5.476367,34.89,64.94613152451807,0
28.41,5.503232,34.89,63.03967004989794,0
-49.48,5.501952,34.89,61.87083319303208,0
14.04,5.507069,34.89,63.92182725798755,0
90.5,5.496835,34.89,62.26556030423239,0
48.8,5.491718,34.89,63.75735251718032,0
-82.63,5.484043,34.87,62.88083968904996,0
-13.92,5.482763,34.87,67.03730304837748,0
-118.25,5.481484,34.87,62.12889826803627,0
-21.47,5.477646,34.87,62.94441992742486,0
34.23,5.467412,34.89,63.773035054010094,0
-17.62,5.440548,34.89,65.7419196555744,0
65.77,5.437027,34.89,62.32976816898969,0
-32.66,5.428072,34.89,63.25345840347388,0
-82.48,5.438306,34.87,63.40346993658943,0
64.84,5.43191,34.87,63.56886030125127,0
10.53,5.437027,34.87,63.702433234531945,0
43.94,5.434468,34.87,63.74950980203691,0
29.2,5.438306,34.89,63.071388124885914,0
-73.13,5.433189,34.89,63.74950980203691,0
48.71,5.430631,34.89,62.8728876384726,0
6.7,5.421676,34.89,63.788713735268246,0
-21.19,5.410162,34.89,63.0,0
20.17,5.414001,34.89,62.64982043070834,0
-31.4,5.411442,34.89,65.00769185258002,0
34.78,5.410162,34.89,52.16320542297991,0
41.15,5.408883,34.87,63.14269553954757,0
-58.71,5.39737,34.87,53.9351462406472,0
53.69,5.401208,34.87,62.36184731067546,0
16.73,5.392253,34.87,63.51377803280167,0
-84.72,5.37946,34.87,64.8459713474939,0
-3.19,5.371785,34.87,60.049979184009715,0
-0.51,5.351317,34.87,67.02984409947557,0
13.12,5.36411,34.87,52.96225070746144,0
18.33,5.365389,34.89,61.72519744804386,0
-21.59,5.302705,34.89,69.61321713582845,0
36.66,5.292471,34.89,58.146367040426526,0
66.48,5.330849,34.89,63.30876716537765,0
-88.81,5.321894,34.84,62.37788069500277,0
-33.53,5.330849,34.84,63.35613624582863,0
32.72,5.367947,34.84,60.73713855624086,0
9.31,5.38074,34.84,65.76473218982953,0
41.14,5.355155,34.87,63.35613624582863,0
45.28,5.375623,34.87,62.457985878508765,0
-42.14,5.357713,34.87,63.35613624582863,0
-67.64,5.360272,34.87,71.6798437498297,0
21.7,5.355155,34.87,59.715994507334464,0
-11.05,5.457495,34.87,59.59865770300536,0
-49.61,5.454937,34.87,58.74521257089806,0
79.37,5.51634,34.87,63.35613624582863,0
141.68,5.527853,34.89,67.12674578735364,0
-99.72,5.558556,34.89,68.1615727518079,0
-65.03,5.562394,34.89,59.531504264548865,0
22.99,5.525295,34.89,65.14598989960932,0
20.64,5.504827,34.87,86.21484790916237,0
31.3,5.536808,34.87,62.90468980926621,0
12.61,5.55088,34.87,62.3377895020348,0
-95.09,5.547042,34.87,62.457985878508765,0
211.49,5.547042,34.87,63.13477647065839,0
-294.42,5.540646,34.87,88.82004278314665,0
-49.7,5.543205,34.87,50.40833264451424,0
-52.11,5.535529,34.87,64.63745044476924,0
14.88,5.506106,34.87,68.8040696470783,0
30.62,5.522737,34.87,59.38013135721409,0
201.45,5.497152,34.87,62.20932405998316,0
8.58,5.417838,34.87,66.75327707311455,0
26.24,5.370506,34.84,61.74949392505172,0
-189.53,5.385857,34.84,58.283788483591216,0
-208.48,5.389695,34.84,68.49817515817483,0
87.16,5.422955,34.84,71.09149034870488,0
98.04,5.433189,34.87,77.22693830523129,0
163.24,5.470287,34.87,61.554853586049575,0
105.2,5.500989,34.87,68.72408602520662,0
-176.3,5.490756,34.87,59.74110812497538,0
163.44,5.493314,34.87,62.625873247404705,0
96.47,5.497152,34.87,67.72001181334805,0
-0.93,5.500989,34.87,70.28513356322232,0
68.81,5.467729,34.87,58.412327466040935,0
48.1,5.419117,34.87,72.3118247591637,0
-67.36,5.252815,34.87,68.36665854054884,0
-275.06,5.36283,34.87,55.04543577809154,0
-265.2,5.461333,34.87,56.789083458002736,0
-4.79,5.467729,34.87,62.71363488110062,0
329.94,5.481801,34.87,62.94441992742486,0
44.01,5.470287,34.87,63.914004725099176,0
-10.67,5.476684,34.87,61.59545437773797,0
-50.59,5.480521,34.84,64.32728814430156,0
12.88,5.486917,34.84,65.21502894272147,0
70.78,5.469008,34.84,67.68308503607086,0
-31.74,5.474125,34.84,61.00819617067857,0
21.72,5.530412,34.89,61.84658438426491,0
-25.84,5.511223,34.89,62.976185975335156,0
-12.25,5.49971,34.89,62.77738446287803,0
88.7,5.480521,34.89,62.39390995922599,0
-113.1,5.477963,34.89,62.39390995922599,0
-53.07,5.475404,34.89,62.39390995922599,0
-45.1,5.475404,34.89,62.39390995922599,0
62.47,5.467729,34.89,62.39390995922599,0
17.9,5.469008,34.89,62.76941930590086,0
2.41,5.456215,34.89,62.76941930590086,0
9.68,5.46517,34.89,62.76941930590086,0
-30.59,5.458774,34.89,62.76941930590086,0
24.15,5.461333,34.87,62.76941930590086,0
2.49,5.456215,34.87,62.76941930590086,0
-16.96,5.457495,34.87,62.76941930590086,0
12.46,5.44982,34.87,62.76941930590086,0
-15.8,5.452378,34.89,62.76941930590086,0
24.4,5.452378,34.89,62.76941930590086,0
3.6,5.451098,34.89,62.76941930590086,0
-40.64,5.44854,34.89,62.76941930590086,0
22.21,5.442144,34.87,62.76941930590086,0
-2.94,5.443423,34.87,62.76941930590086,0
-6.22,5.415279,34.87,62.76941930590086,0
19.98,5.429351,34.87,62.76941930590086,0
-14.52,5.430631,34.89,62.76941930590086,0
16.55,5.435748,34.89,61.09828148156051,0
13.24,5.428072,34.89,61.465437442517235,0
-31.88,5.433189,34.89,62.76941930590086,0
18.84,5.428072,34.89,62.77738446287803,0
-3.63,5.429351,34.89,62.64982043070834,0
-93.57,5.417838,34.89,62.24949798994366,0
35.85,5.408883,34.89,63.166446789415026,0
22.28,5.402487,34.83,63.15853069855251,0
-36.92,5.408883,34.83,63.166446789415026,0
38.79,5.407604,34.83,63.166446789415026,0
6.7,5.406325,34.83,62.24949798994366,0
11.77,5.402487,34.87,63.15853069855251,0
15.9,5.401208,34.87,63.166446789415026,0
-39.55,5.398649,34.87,62.76941930590086,0
34.83,5.392253,34.87,62.65780079128216,0
2.8,5.392253,34.89,62.10475022089695,0
-20.93,5.407604,34.89,63.071388124885914,0
23.72,5.419117,34.89,62.39390995922599,0
-13.36,5.426793,34.89,62.976185975335156,0
52.99,5.425514,34.87,62.01612693485461,0
27.57,5.414001,34.87,63.0,0
-60.42,5.416559,34.87,63.96092557178953,0
-12.77,5.412721,34.87,61.326992425847855,0
11.18,5.414001,34.87,64.53681120105021,0
-63.59,5.412721,34.87,61.82232606429493,0
66.68,5.412721,34.87,63.15853069855251,0
75.98,5.408883,34.87,63.15853069855251,0
-64.3,5.407604,34.89,63.35613624582863,0
3.42,5.39737,34.89,63.150613615387776,0
19.8,5.402487,34.89,62.177166226839255,0
-59.7,5.39737,34.89,62.177166226839255,0
22.01,5.392253,34.87,63.150613615387776,0
2.59,5.392253,34.87,63.150613615387776,0
-23.53,5.389695,34.87,63.35613624582863,0
29.68,5.390974,34.87,63.150613615387776,0
-20.43,5.384578,34.83,63.150613615387776,0
-1.83,5.392253,34.83,62.39390995922599,0
28.4,5.37946,34.83,62.80923498976882,0
-7.19,5.37946,34.83,63.15853069855251,0
56.63,5.36411,34.84,62.177166226839255,0
66.61,5.37946,34.84,62.5859409132754,0
-73.09,5.367947,34.84,62.81719509815764,0
-39.11,5.371785,34.84,62.81719509815764,0
-42.7,5.370506,34.83,62.81719509815764,0
-41.86,5.375623,34.83,62.5939294181153,0
43.12,5.358993,34.83,63.35613624582863,0
30.9,5.369226,34.83,62.5859409132754,0
-34.04,5.371785,34.84,63.35613624582863,0
26.88,5.374343,34.84,62.16912416947821,0
8.32,5.366668,34.84,62.369864518050704,0
-33.53,5.353876,34.84,63.34824385884742,0
38.11,5.357713,34.84,63.56099432828282,0
-26.41,5.357713,34.84,62.369864518050704,0
-5.09,5.355155,34.84,62.369864518050704,0
21.13,5.355155,34.84,62.369864518050704,0
-41.92,5.351317,34.84,63.56099432828282,0
15.8,5.343641,34.84,62.5859409132754,0
6.85,5.348759,34.84,62.82515419798029,0
-36.33,5.350038,34.84,62.5859409132754,0
67.49,5.350038,34.83,63.56099432828282,0
-3.76,5.344921,34.83,62.5859409132754,0
-47.76,5.344921,34.83,61.82232606429493,0
11.73,5.342362,34.83,63.35613624582863,0
-18.1,5.343641,34.87,62.177166226839255,0
26.38,5.337245,34.87,63.15853069855251,0
45.1,5.338524,34.87,63.33245613427605,0
-43.84,5.337245,34.87,62.82515419798029,0
11.43,5.339804,34.87,62.5859409132754,0
-11.84,5.337245,34.87,62.5939294181153,0
-70.2,5.337245,34.87,62.5939294181153,0
5.32,5.334687,34.87,62.5939294181153,0
14.02,5.333407,34.84,62.82515419798029,0
0.24,5.32957,34.84,62.82515419798029,0
40.13,5.330849,34.84,62.5859409132754,0
0.14,5.327011,34.84,62.5859409132754,0
-1.53,5.319336,34.83,60.166435825965294,0
19.75,5.323174,34.83,62.64982043070834,0
-25.1,5.292471,34.83,62.6418390534633,0
-4.42,5.315498,34.83,63.33245613427605,0
19.07,5.303985,34.83,62.36184731067546,0
-34.52,5.31166,34.83,62.369864518050704,0
30.97,5.306543,34.83,62.6418390534633,0
5.1,5.305264,34.83,63.60031446463138,0
-49.66,5.297588,34.83,62.36184731067546,0
27.59,5.301426,34.83,61.69278726074872,0
-10.67,5.300147,34.83,62.94441992742486,0
6.64,5.292471,34.83,62.96824596572466,0
23.51,5.292471,34.83,62.96824596572466,0
-34.4,5.286075,34.83,63.2771680782255,0
27.76,5.284796,34.83,63.25345840347388,0
59.02,5.275841,34.83,63.57672530100933,0
1.04,5.277121,34.83,62.63385665915839,0
-2.06,5.273283,34.83,62.30569797378086,0
-31.0,5.272004,34.83,62.63385665915839,0
6.52,5.256652,34.83,62.63385665915839,0
4.94,5.265607,34.81,62.63385665915839,0
-39.49,5.261769,34.81,62.976185975335156,0
17.43,5.26049,34.81,62.63385665915839,0
-4.82,5.246418,34.81,62.625873247404705,0
-6.21,5.256652,34.83,62.96824596572466,0
14.45,5.251535,34.83,62.39390995922599,0
-40.48,5.252815,34.83,62.96824596572466,0
-8.31,5.255373,34.83,62.625873247404705,0
-6.11,5.24258,34.81,68.19090848492928,0
-49.79,5.245139,34.81,61.87891401761993,0
44.7,5.232347,34.81,62.24146527838174,0
12.61,5.236185,34.81,62.64982043070834,0
50.36,5.234905,34.84,62.24146527838174,0
61.23,5.231067,34.84,62.64982043070834,0
-40.06,5.22723,34.84,63.56099432828282,0
-12.4,5.224671,34.84,62.64982043070834,0
2.25,5.223392,34.83,63.071388124885914,0
-28.59,5.22723,34.83,63.071388124885914,0
12.25,5.218275,34.83,63.071388124885914,0
20.4,5.215716,34.83,63.071388124885914,0
-17.39,5.208041,34.83,63.071388124885914,0
11.22,5.202924,34.83,63.071388124885914,0
9.05,5.201644,34.83,63.071388124885914,0
-19.97,5.199086,34.83,63.071388124885914,0
5.89,5.19269,34.83,63.071388124885914,0
4.32,5.199086,34.83,62.16912416947821,0
-18.03,5.190131,34.83,63.071388124885914,0
7.31,5.191411,34.83,63.071388124885914,0
-0.26,5.186294,34.83,63.071388124885914,0
-17.24,5.19269,34.83,62.609903369994115,0
2.78,5.181177,34.83,62.609903369994115,0
-3.49,5.185014,34.83,63.50590523722971,0
-2.26,5.17606,34.83,63.071388124885914,0
1.07,5.185014,34.83,63.50590523722971,0
-9.8,5.173501,34.83,62.609903369994115,0
6.7,5.179897,34.83,62.16912416947821,0
4.48,5.17606,34.84,64.00781202322104,0
-13.75,5.178618,34.84,63.245553203367585,0
9.37,5.193969,34.84,63.56886030125127,0
5.8,5.185014,34.84,62.63385665915839,0
-23.17,5.179897,34.83,62.625873247404705,0
40.36,5.165825,34.83,62.625873247404705,0
-24.42,5.159429,34.83,62.63385665915839,0
-42.02,5.154312,34.83,61.98386886924694,0
-42.18,5.159429,34.83,65.5133574166368,0
43.12,5.156871,34.83,61.30252849597641,0
28.83,5.167105,34.83,63.071388124885914,0
-61.99,5.167105,34.83,63.095166217389426,0
-14.09,5.163267,34.81,63.095166217389426,0
80.02,5.154312,34.81,63.071388124885914,0
45.52,5.155591,34.81,63.071388124885914,0
16.63,5.151754,34.81,63.095166217389426,0
5.01,5.149195,34.83,63.095166217389426,0
-12.61,5.147916,34.83,63.071388124885914,0
1.59,5.138961,34.83,63.071388124885914,0
-0.83,5.138961,34.83,63.071388124885914,0
-15.09,5.140241,34.83,63.53739056650029,0
0.96,5.133844,34.83,62.40192304729078,0
-5.24,5.131286,34.83,62.77738446287803,0
-14.71,5.126169,34.83,62.76941930590086,0
-2.75,5.128727,34.83,62.76941930590086,0
11.87,5.12361,34.83,62.39390995922599,0
-62.38,5.099305,34.83,62.03224967708329,0
2.07,5.101863,34.83,63.33245613427605,0
0.45,5.115935,34.83,62.39390995922599,0
-53.81,5.109539,34.83,62.65780079128216,0
25.94,5.115935,34.83,63.166446789415026,0
17.79,5.112097,34.83,62.24146527838174,0
-35.82,5.114655,34.81,62.24146527838174,0
37.01,5.112097,34.81,62.64982043070834,0
72.4,5.109539,34.81,62.24146527838174,0
-34.95,5.110818,34.81,62.24146527838174,0
-4.08,5.109539,34.83,62.24146527838174,0
0.54,5.115935,34.83,62.24146527838174,0
-34.04,5.112097,34.83,62.24146527838174,0
15.02,5.108259,34.83,63.56099432828282,0
4.3,5.100584,34.81,62.24146527838174,0
-36.3,5.105701,34.81,62.24146527838174,0
13.62,5.100584,34.81,62.24146527838174,0
3.74,5.103142,34.81,62.24146527838174,0
-38.1,5.096746,34.81,62.24146527838174,0
15.57,5.096746,34.81,62.24146527838174,0
10.17,5.09035,34.81,63.15853069855251,0
-33.77,5.092908,34.81,62.64982043070834,0
16.75,5.092908,34.81,63.15853069855251,0
14.61,5.098025,34.81,62.297672508690084,0
-23.3,5.098025,34.81,62.39390995922599,0
8.24,5.08907,34.81,62.39390995922599,0
3.44,5.083953,34.83,62.76941930590086,0
-26.72,5.08907,34.83,63.15853069855251,0
-15.78,5.081395,34.83,62.39390995922599,0
12.49,5.081395,34.83,62.76941930590086,0
-13.37,5.074999,34.79,62.76941930590086,0
18.18,5.080116,34.79,62.76941930590086,0
25.65,5.07372,34.79,63.15853069855251,0
-16.37,5.074999,34.79,62.76941930590086,0
29.67,5.060927,34.79,62.76941930590086,0
26.11,5.069882,34.79,62.76941930590086,0
-38.44,5.048134,34.79,62.76941930590086,0
19.86,5.058368,34.79,62.76941930590086,0
8.14,5.062206,34.83,62.76941930590086,0
-29.5,5.067323,34.83,62.76941930590086,0
12.33,5.058368,34.83,62.76941930590086,0
-14.97,5.054531,34.83,62.76941930590086,0
15.7,5.054531,34.79,62.76941930590086,0
18.5,5.054531,34.79,62.76941930590086,0
-44.61,5.051972,34.79,62.76941930590086,0
28.54,5.051972,34.79,62.76941930590086,0
11.0,5.050693,34.81,62.76941930590086,0
-23.65,5.044297,34.81,62.76941930590086,0
23.95,5.045576,34.81,62.76941930590086,0
-5.49,5.0379,34.81,62.76941930590086,0
-1.13,5.041738,34.79,62.76941930590086,0
21.95,5.035342,34.79,62.76941930590086,0
-22.79,5.0379,34.79,62.76941930590086,0
17.93,5.032784,34.79,62.39390995922599,0
23.81,5.034063,34.79,62.76941930590086,0
-40.2,5.034063,34.79,62.39390995922599,0
27.5,5.035342,34.79,62.76941930590086,0
22.62,5.028945,34.79,62.76941930590086,0
-50.23,5.028945,34.77,62.76941930590086,0
28.8,5.028945,34.77,62.76941930590086,0
6.31,5.031504,34.77,62.76941930590086,0
-33.61,5.028945,34.77,62.76941930590086,0
24.99,5.031504,34.79,62.76941930590086,0
-12.66,5.025108,34.79,62.76941930590086,0
15.65,5.026387,34.79,62.76941930590086,0
31.95,5.019991,34.79,63.56099432828282,0
-26.05,5.017432,34.81,62.64982043070834,0
36.61,5.014874,34.81,62.64982043070834,0
35.17,5.017432,34.81,63.071388124885914,0
-15.32,5.009757,34.81,62.64982043070834,0
-4.07,5.016153,34.75,63.071388124885914,0
19.31,5.005919,34.75,63.071388124885914,0
-5.67,5.012315,34.75,62.64982043070834,0
-32.16,4.999523,34.75,63.071388124885914,0
5.64,5.008478,34.77,63.071388124885914,0
16.61,5.005919,34.77,63.071388124885914,0
-10.83,5.005919,34.77,63.071388124885914,0
-24.31,5.008478,34.77,63.071388124885914,0
10.49,5.003361,34.79,63.071388124885914,0
5.2,5.005919,34.79,63.071388124885914,0
-29.94,4.971379,34.79,63.071388124885914,0
6.62,4.986731,34.79,63.071388124885914,0
7.05,4.985451,34.79,63.071388124885914,0
-20.99,4.985451,34.79,63.071388124885914,0
6.05,4.984172,34.79,63.071388124885914,0
10.17,4.984172,34.79,63.071388124885914,0
-18.58,4.985451,34.77,63.071388124885914,0
1.54,4.985451,34.77,63.071388124885914,0
7.75,4.984172,34.77,63.071388124885914,0
-5.25,4.981613,34.77,63.071388124885914,0
-2.25,4.980334,34.79,63.071388124885914,0
8.83,4.973938,34.79,63.071388124885914,0
-4.82,4.979055,34.79,63.071388124885914,0
-1.45,4.967542,34.79,62.64982043070834,0
7.97,4.968821,34.79,61.84658438426491,0
-9.5,4.973938,34.79,62.76941930590086,0
7.24,4.962425,34.79,62.76941930590086,0
0.85,4.974569,34.79,62.76941930590086,0
-50.62,4.968173,34.79,62.76941930590086,0
2.53,4.975849,34.79,62.76941930590086,0
4.74,4.966894,34.79,62.76941930590086,0
-17.47,4.969452,34.79,62.76941930590086,0
20.01,4.954102,34.77,62.76941930590086,0
-4.8,4.968173,34.77,62.76941930590086,0
18.79,4.957939,34.77,62.76941930590086,0
22.24,4.959219,34.77,62.76941930590086,0
-32.45,4.95666,34.77,62.76941930590086,0
28.13,4.965615,34.77,62.76941930590086,0
18.73,4.947705,34.77,62.76941930590086,0
-38.55,4.957939,34.77,62.76941930590086,0
22.13,4.960498,34.77,62.76941930590086,0
4.22,4.961777,34.77,62.39390995922599,0
-21.06,4.952822,34.77,62.39390995922599,0
20.14,4.941309,34.77,62.76941930590086,0
-2.82,4.946426,34.75,62.76941930590086,0
-16.24,4.943867,34.75,62.76941930590086,0
22.22,4.943867,34.75,62.76941930590086,0
-5.44,4.93875,34.75,62.76941930590086,0
-15.68,4.94003,34.77,62.76941930590086,0
19.29,4.934913,34.77,62.76941930590086,0
-10.31,4.936192,34.77,62.76941930590086,0
-3.24,4.934913,34.77,62.76941930590086,0
18.36,4.937471,34.77,62.76941930590086,0
-11.81,4.933633,34.77,62.76941930590086,0
1.46,4.925958,34.77,62.76941930590086,0
17.9,4.925958,34.77,62.76941930590086,0
-19.05,4.925958,34.77,62.76941930590086,0
17.85,4.929796,34.77,62.76941930590086,0
16.75,4.927237,34.77,62.76941930590086,0
-30.57,4.923399,34.77,62.76941930590086,0
25.89,4.92212,34.75,62.76941930590086,0
12.87,4.920841,34.75,62.76941930590086,0
-41.7,4.919562,34.75,62.76941930590086,0
25.63,4.917003,34.75,63.15853069855251,0
11.8,4.915724,34.75,62.76941930590086,0
-44.08,4.906769,34.75,62.76941930590086,0
20.01,4.911886,34.75,63.15853069855251,0
-1.52,4.911886,34.75,63.15853069855251,0
-4.33,4.90549,34.77,63.56099432828282,0
12.19,4.908048,34.77,65.31462317123173,0
-42.31,4.901652,34.77,63.50590523722971,0
22.7,4.906769,34.77,63.51377803280167,0
1.58,4.901652,34.77,62.625873247404705,0
-30.77,4.920841,34.77,62.0403094769844,0
29.96,4.910607,34.77,63.324560795950255,0
-10.73,4.914444,34.77,62.96824596572466,0
36.02,4.896535,34.75,62.39390995922599,0
8.64,4.904211,34.75,62.24146527838174,0
-47.38,4.885022,34.75,62.24146527838174,0
-6.44,4.890139,34.75,63.15853069855251,0
-81.92,4.886301,34.77,63.15853069855251,0
19.53,4.891418,34.77,63.15853069855251,0
82.97,4.885022,34.77,62.76941930590086,0
-25.82,4.885022,34.77,63.15853069855251,0
77.01,4.883743,34.77,63.15853069855251,0
79.66,4.886301,34.77,63.15853069855251,0
24.38,4.885022,34.77,63.15853069855251,0
-25.28,4.87095,34.77,63.15853069855251,0
-107.38,4.878625,34.77,63.15853069855251,0
30.98,4.87095,34.77,63.15853069855251,0
35.53,4.847924,34.77,62.24146527838174,0
-40.69,4.859437,34.77,62.24146527838174,0
18.5,4.863275,34.75,63.15853069855251,0
37.02,4.859437,34.75,63.15853069855251,0
-19.57,4.860716,34.75,63.15853069855251,0
2.87,4.860716,34.75,63.15853069855251,0
21.91,4.858158,34.75,63.15853069855251,0
-19.1,4.851761,34.75,63.15853069855251,0
-10.37,4.847924,34.75,63.15853069855251,0
21.24,4.851761,34.75,63.15853069855251,0
-12.11,4.853041,34.75,63.15853069855251,0
-15.28,4.851761,34.75,63.15853069855251,0
19.28,4.849203,34.75,62.76941930590086,0
-13.81,4.849203,34.75,63.15853069855251,0
7.04,4.844086,34.77,63.15853069855251,0
16.85,4.842806,34.77,63.15853069855251,0
-19.74,4.842806,34.77,63.15853069855251,0
23.02,4.841527,34.77,63.15853069855251,0
12.93,4.838969,34.75,63.15853069855251,0
-43.68,4.831293,34.75,63.15853069855251,0
22.93,4.831293,34.75,63.15853069855251,0
7.15,4.831293,34.75,63.15853069855251,0
-51.8,4.824897,34.77,63.15853069855251,0
24.64,4.828735,34.77,63.15853069855251,0
-2.75,4.823618,34.77,63.15853069855251,0
-14.65,4.824897,34.77,63.15853069855251,0
19.73,4.81978,34.77,63.15853069855251,0
-17.37,4.830014,34.77,63.15853069855251,0
19.92,4.81978,34.77,63.15853069855251,0
16.5,4.81978,34.77,63.15853069855251,0
-38.35,4.810825,34.73,63.15853069855251,0
27.53,4.824897,34.73,63.15853069855251,0
13.2,4.813384,34.73,63.15853069855251,0
-45.65,4.817222,34.73,63.15853069855251,0
22.89,4.812105,34.77,63.15853069855251,0
-0.69,4.81978,34.77,63.15853069855251,0
-17.15,4.808267,34.77,63.15853069855251,0
15.61,4.810825,34.77,63.15853069855251,0
-19.6,4.810825,34.77,63.15853069855251,0
20.94,4.813384,34.77,63.15853069855251,0
14.37,4.804429,34.77,63.15853069855251,0
-49.07,4.80187,34.77,62.64982043070834,0
26.08,4.799312,34.71,60.92618484691127,0
6.65,4.804429,34.71,79.6994353806851,0
-50.17,4.603587,34.71,42.96510211788167,0
1.49,4.572885,34.71,65.62011886609167,0
-75.81,4.603587,34.73,63.0158710167526,0
-229.51,4.716161,34.73,63.229739838148944,0
105.21,4.755817,34.73,63.13477647065839,0
97.37,4.772448,34.73,63.35613624582863,0
168.68,4.766051,34.73,63.788713735268246,0
107.16,4.778844,34.73,63.166446789415026,0
-145.88,4.75198,34.73,63.54525946126902,0
-24.74,4.753259,34.73,63.773035054010094,0
31.89,4.746863,34.73,63.608175575157006,0
-19.32,4.743025,34.73,64.45153217728807,0
6.77,4.73535,34.73,64.27285585688566,0
23.87,4.73407,34.73,64.10928169929842,0
19.17,4.728953,34.75,64.27285585688566,0
26.99,4.736629,34.75,64.10928169929842,0
-40.29,4.739187,34.75,64.27285585688566,0
27.0,4.732791,34.75,64.10928169929842,0
7.16,4.728953,34.73,64.27285585688566,0
-55.96,4.721278,34.73,64.5445582524197,0
14.12,4.722557,34.73,64.10928169929842,0
-3.73,4.721278,34.73,64.10928169929842,0
6.61,4.718719,34.73,64.10928169929842,0
17.35,4.71744,34.73,64.27285585688566,0
-28.63,4.714881,34.73,64.10928169929842,0
31.43,4.707206,34.73,64.27285585688566,0
10.8,4.707206,34.73,64.10928169929842,0
-23.47,4.703368,34.73,64.5445582524197,0
16.0,4.702089,34.73,64.10928169929842,0
-25.66,4.696972,34.73,64.10928169929842,0
10.99,4.691855,34.73,64.10928169929842,0
19.17,4.698251,34.73,64.10928169929842,0
-39.9,4.693134,34.73,64.38167441127949,0
32.58,4.686738,34.73,64.5445582524197,0
13.34,4.691855,34.75,64.38167441127949,0
-28.77,4.690576,34.75,64.38167441127949,0
18.0,4.663712,34.75,64.10928169929842,0
-10.63,4.675225,34.75,64.10928169929842,0
9.06,4.676504,34.75,64.10928169929842,0
20.1,4.676504,34.75,64.10928169929842,0
-31.17,4.676504,34.75,64.10928169929842,0
24.38,4.668828,34.75,64.38167441127949,0
5.82,4.673945,34.75,63.96092557178953,0
-28.99,4.673945,34.75,64.389440128021,0
15.51,4.670108,34.75,63.82789358893179,0
-8.45,4.663712,34.75,64.27285585688566,0
31.52,4.680342,34.75,64.389440128021,0
28.25,4.671387,34.75,64.27285585688566,0
-33.86,4.6829,34.75,64.27285585688566,0
9.88,4.684179,34.75,64.10148204214939,0
-33.46,4.6829,34.73,64.27285585688566,0
-19.23,4.677783,34.73,64.27285585688566,0
-0.56,4.675225,34.73,64.27285585688566,0
-35.51,4.684179,34.73,63.984373092185564,0
74.12,4.689296,34.75,63.984373092185564,0
26.82,4.695693,34.75,64.27285585688566,0
-25.9,4.694413,34.75,63.984373092185564,0
13.49,4.690576,34.75,63.984373092185564,0
-35.7,4.690576,34.75,63.984373092185564,0
22.8,4.688017,34.75,63.984373092185564,0
-11.53,4.688017,34.75,63.984373092185564,0
-42.57,4.681621,34.75,63.984373092185564,0
-12.91,4.680342,34.75,63.984373092185564,0
-14.49,4.677783,34.75,63.984373092185564,0
-16.48,4.676504,34.75,63.984373092185564,0
13.12,4.672666,34.75,63.984373092185564,0
-0.33,4.668828,34.75,63.7102817447859,0
-22.99,4.66499,34.75,63.984373092185564,0
22.06,4.662432,34.75,63.608175575157006,0
0.42,4.659873,34.75,63.914004725099176,0
-43.39,4.659873,34.73,63.8200595424354,0
19.86,4.663712,34.73,63.796551630946325,0
6.87,4.657315,34.73,63.51377803280167,0
-48.53,4.656036,34.73,63.53739056650029,0
10.96,4.64836,34.75,64.1248781675256,0
7.12,4.653477,34.75,64.22616289332565,0
-5.14,4.640685,34.75,63.39558344238185,0
34.48,4.625334,34.75,64.50581369148055,0
-9.09,4.583118,34.73,63.387695966961914,0
-46.22,4.525552,34.73,63.50590523722971,0
-39.72,4.501246,34.73,64.41273166075166,0
-97.88,4.499967,34.73,64.15605972938177,0
21.93,4.636847,34.75,56.78027826631356,0
38.08,4.668828,34.75,64.73020933072904,0
151.23,4.66627,34.75,64.56779382943171,0
122.91,4.699531,34.75,65.23802572120036,0
-112.65,4.704648,34.73,67.62396025078685,0
-10.97,4.689296,34.73,61.56297588648554,0
92.21,4.66499,34.73,61.814237842102365,0
21.45,4.574164,34.73,65.37583651472461,0
16.85,4.548579,34.75,62.77738446287803,0
-42.78,4.528111,34.75,64.04685784642366,0
-180.59,4.521715,34.75,62.68173577685928,0
-36.41,4.456473,34.75,74.51845409024533,0
-25.93,4.442942,34.73,61.514225996918796,0
105.21,4.638667,34.73,66.34003316248794,0
74.65,4.677044,34.73,63.00793600809346,0
-5.27,4.677044,34.73,63.33245613427605,0
107.57,4.529931,34.75,63.35613624582863,0
22.04,4.559353,34.75,64.06246951218786,0
-27.44,4.568308,34.75,63.914004725099176,0
-140.64,4.572146,34.75,64.35837163881635,0
85.87,4.560633,34.77,63.33245613427605,0
45.28,4.559353,34.77,63.103090257134,0
-72.41,4.545281,34.77,64.27285585688566,0
-16.49,4.538886,34.77,63.7102817447859,0
25.69,4.535048,34.77,63.82789358893179,0
-6.04,4.536327,34.77,63.96092557178953,0
11.78,4.538886,34.77,64.20280367709809,0
7.04,4.544003,34.77,63.324560795950255,0
-51.18,4.458292,34.75,63.324560795950255,0
-25.63,4.485157,34.75,63.631753079732135,0
-25.49,4.485157,34.75,64.89221833163049,0
-139.09,4.500508,34.75,64.17164482853778,0
86.72,4.439104,34.77,64.389440128021,0
58.38,4.417356,34.77,64.10148204214939,0
-93.24,4.371304,34.77,63.7102817447859,0
37.65,4.385375,34.77,63.984373092185564,0
22.84,4.3777,34.75,63.74950980203691,0
-50.34,4.390492,34.75,63.88270501473775,0
75.85,4.311179,34.75,63.82789358893179,0
40.58,4.285594,34.75,63.82789358893179,0
-90.57,4.268963,34.71,63.150613615387776,0
25.72,4.276639,34.71,63.45076831686122,0
38.7,4.262567,34.71,63.984373092185564,0
-5.38,4.254891,34.71,63.7102817447859,0
-11.84,4.258729,34.75,64.66065264130884,0
-70.23,4.254891,34.75,63.39558344238185,0
-0.88,4.243378,34.75,63.97655820689325,0
51.22,4.288152,34.75,62.617888817813075,0
-1.57,4.345718,34.75,64.56779382943171,0
33.25,4.352115,34.75,64.03905058634146,0
107.01,4.355952,34.75,63.56099432828282,0
-38.97,4.366187,34.75,63.3798075099633,0
26.86,4.375141,34.73,63.8200595424354,0
49.1,4.368745,34.73,64.10148204214939,0
-67.93,4.327809,34.73,63.28506932918696,0
-100.99,4.300945,34.73,63.984373092185564,0
-19.04,4.272801,34.75,64.389440128021,0
-78.25,4.253613,34.75,64.389440128021,0
-23.84,4.235703,34.75,64.10148204214939,0
60.82,4.231865,34.75,63.324560795950255,0
7.49,4.22291,34.77,63.0317380372777,0
76.44,4.217793,34.77,64.319514923544,0
36.82,4.198605,34.77,65.00769185258002,0
-58.16,4.147434,34.77,62.78534860936905,0
67.03,4.228027,34.71,62.00806399170998,0
32.13,4.315016,34.71,66.37770710110436,0
-72.05,3.956826,34.71,62.0403094769844,0
61.4,3.910863,34.71,63.166446789415026,0
34.34,3.900629,34.73,63.03967004989794,0
-132.98,3.866089,34.73,63.31666447310692,0
40.94,3.688273,34.73,64.01562309311689,0
62.73,3.424747,34.73,64.01562309311689,0
-53.82,3.369593,34.75,63.96092557178953,0
112.2,3.359359,34.75,64.08587988004847,0
78.99,3.457861,34.75,63.984373092185564,0
-39.75,3.019078,34.75,64.66838485689897,0
-15.26,2.841262,34.73,63.474404290233394,0
-54.77,3.615582,34.73,64.48255578061404,0
-70.31,4.109,34.73,62.93647591023825,0
-0.34,4.604218,34.73,65.21502894272147,0
66.73,5.103035,34.73,61.032778078668514,0
-107.35,5.290545,34.73,65.22269543648132,0
237.65,5.304616,34.73,69.2314957226839,0
-59.44,5.175412,34.73,62.6418390534633,0
-236.91,5.120404,34.73,62.68173577685928,0
44.74,5.066676,34.73,63.75735251718032,0
87.07,5.067955,34.73,63.608175575157006,0
20.47,5.108891,34.73,63.93746945258312,0
-15.74,5.089702,34.73,63.474404290233394,0
-56.69,5.070513,34.73,63.3798075099633,0
2.77,5.07691,34.73,63.82789358893179,0
-9.58,5.055162,34.73,63.48228099241551,0
-4.2,5.056441,34.75,63.82789358893179,0
15.33,5.039811,34.75,63.96092557178953,0
-14.51,5.037253,34.75,63.48228099241551,0
11.52,5.016785,34.75,63.0158710167526,0
0.56,4.993758,34.77,64.19501538281614,0
-34.46,4.977128,34.77,63.324560795950255,0
10.95,4.919562,34.77,62.8887907341205,0
-22.1,4.869671,34.77,63.702433234531945,0
-14.65,4.860716,34.75,63.28506932918696,0
14.4,4.833852,34.75,64.10148204214939,0
-29.48,4.828735,34.75,64.10148204214939,0
34.16,4.813384,34.75,63.686733312362634,0
38.33,4.810825,34.77,63.72597586541927,0
-40.17,4.808267,34.77,62.3377895020348,0
46.79,4.78652,34.77,64.07027391856539,0
57.03,4.685459,34.77,62.88083968904996,0
1.6,4.609983,34.77,62.5859409132754,0
-134.93,4.571605,34.77,64.47480127925948,0
-37.81,4.534507,34.77,63.72597586541927,0
-61.31,4.51276,34.77,62.72160712226688,0
58.9,4.493571,34.75,63.88270501473775,0
104.56,4.398906,34.75,60.174745533321534,0
17.33,4.465968,34.75,65.99242380758567,0
84.24,4.758916,34.75,64.01562309311689,0
83.62,4.689837,34.75,61.75759062657804,0
90.85,4.760196,34.75,64.27285585688566,0
-21.93,4.936733,34.75,59.33801479658719,0
-146.74,4.898355,34.75,63.914004725099176,0
33.56,4.936733,34.75,64.6297145282261,0
-18.56,4.863815,34.75,62.289646009589745,0
36.32,4.870212,34.75,63.66317616958802,0
31.79,4.94057,34.75,64.25729530566937,0
-62.74,4.880445,34.75,63.796551630946325,0
-82.2,4.884283,34.75,62.489999199871974,0
-11.85,4.858698,34.75,61.40846847137616,0
-8.16,4.884283,34.75,63.0158710167526,0
-28.0,4.863815,34.77,65.45991139621256,0
-17.18,4.728215,34.77,64.28841264178172,0
-44.53,4.758916,34.77,62.6418390534633,0
49.45,4.78834,34.77,64.59876159803684,0
141.08,4.811366,34.75,63.647466563878254,0
17.87,4.8216,34.75,66.9776081985614,0
-81.93,4.808807,34.75,60.44832503882965,0
-174.04,4.771709,34.75,62.20932405998316,0
-67.55,4.71798,34.75,64.41273166075166,0
118.36,4.662973,34.75,63.4428877022476,0
165.66,4.65018,34.75,62.68173577685928,0
30.61,4.642505,34.75,63.76519426771944,0
-84.68,4.634829,34.77,63.4428877022476,0
-14.96,4.637388,34.77,63.15853069855251,0
-63.86,4.627154,34.77,63.13477647065839,0
-27.99,4.618199,34.77,63.953107821277925,0
17.83,4.606686,34.73,63.76519426771944,0
-31.31,4.596452,34.73,63.953107821277925,0
31.65,4.584939,34.73,63.953107821277925,0
10.71,4.58238,34.73,64.27285585688566,0
-32.51,4.5811,34.75,63.953107821277925,0
34.52,4.574704,34.75,63.953107821277925,0
21.72,4.56447,34.75,63.2771680782255,0
-31.79,4.559353,34.75,63.190189111918315,0
16.9,4.550399,34.77,64.10148204214939,0
-5.32,4.542723,34.77,63.63961030678928,0
-27.12,4.535048,34.77,64.10148204214939,0
13.44,4.528651,34.77,63.190189111918315,0
5.94,4.523534,34.77,63.63961030678928,0
-1.99,4.509462,34.77,63.51377803280167,0
10.22,4.510742,34.77,63.63961030678928,0
-5.09,4.504345,34.77,63.63961030678928,0
2.0,4.501787,34.75,63.51377803280167,0
10.1,4.492832,34.75,64.07807737440318,0
-11.59,4.494112,34.75,63.75735251718032,0
3.51,4.487715,34.75,62.78534860936905,0
12.08,4.485157,34.75,63.647466563878254,0
-3.3,4.48004,34.75,63.4428877022476,0
15.49,4.473644,34.75,63.13477647065839,0
15.66,4.464689,34.75,63.13477647065839,0
-28.67,4.455734,34.77,62.94441992742486,0
-22.59,4.451896,34.77,63.75735251718032,0
21.84,4.451896,34.77,63.75735251718032,0
-4.51,4.442942,34.77,63.12685640834652,0
-46.37,4.441662,34.77,63.26926584053272,0
18.08,4.436545,34.77,60.149812967290266,0
26.05,4.451896,34.77,63.655321851358195,0
-13.19,4.468526,34.77,64.42049363362563,0
28.3,4.439104,34.75,62.96824596572466,0
89.17,4.42887,34.75,63.45076831686122,0
-30.32,4.417356,34.75,63.45076831686122,0
-116.26,4.385375,34.75,63.45076831686122,0
-9.48,4.391771,34.75,63.45076831686122,0
-83.63,4.375141,34.75,63.45076831686122,0
49.25,4.378979,34.75,63.45076831686122,0
37.45,4.363628,34.75,63.45076831686122,0
-49.73,4.371304,34.75,63.45076831686122,0
57.07,4.363628,34.75,63.94528911499267,0
37.53,4.362349,34.75,63.94528911499267,0
-45.9,4.362349,34.75,63.94528911499267,0
44.39,4.354673,34.75,63.94528911499267,0
22.75,4.350835,34.75,63.984373092185564,0
-48.99,4.335485,34.75,63.655321851358195,0
37.54,4.339322,34.75,64.45153217728807,0
19.37,4.335485,34.77,63.655321851358195,0
-50.48,4.335485,34.77,63.655321851358195,0
26.9,4.304782,34.77,63.655321851358195,0
42.4,4.315016,34.77,63.45076831686122,0
-12.74,4.313737,34.75,63.45076831686122,0
-32.19,4.311179,34.75,65.55913361233506,0
33.63,4.30862,34.75,63.15853069855251,0
10.38,4.304782,34.75,63.45076831686122,0
-23.48,4.295827,34.75,63.94528911499267,0
7.36,4.289432,34.75,63.15853069855251,0
15.15,4.289432,34.75,64.45153217728807,0
-20.45,4.288152,34.75,63.3798075099633,0
6.58,4.279197,34.79,64.27285585688566,0
-9.8,4.280477,34.79,63.75735251718032,0
-14.19,4.262567,34.79,64.07807737440318,0
5.42,4.25745,34.79,63.75735251718032,0
-19.91,4.249774,34.75,64.07807737440318,0
-31.44,4.25745,34.75,64.42049363362563,0
28.94,4.234424,34.75,63.75735251718032,0
-4.64,4.239541,34.75,64.07807737440318,0
-1.88,4.229307,34.77,64.07807737440318,0
-2.01,4.231865,34.77,64.56779382943171,0
-11.17,4.226748,34.77,63.93746945258312,0
15.94,4.221631,34.77,63.82789358893179,0
9.38,4.216514,34.77,64.51356446515724,0
-21.63,4.207559,34.77,63.31666447310692,0
14.92,4.199884,34.77,63.74950980203691,0
6.53,4.193488,34.77,63.3798075099633,0
-33.41,4.188371,34.77,63.31666447310692,0
17.63,4.185812,34.77,63.686733312362634,0
5.63,4.180695,34.77,64.51356446515724,0
-48.11,4.17174,34.77,64.10148204214939,0
19.49,4.17174,34.77,64.10148204214939,0
6.8,4.158948,34.77,63.686733312362634,0
-41.52,4.161506,34.77,63.7102817447859,0
40.35,4.152552,34.77,63.7102817447859,0
12.49,4.153831,34.73,63.7102817447859,0
-44.24,4.147434,34.73,63.7102817447859,0
42.75,4.147434,34.73,63.7102817447859,0
25.72,4.143597,34.73,62.8728876384726,0
-33.99,4.141038,34.75,64.51356446515724,0
14.6,4.1372,34.75,64.10148204214939,0
13.66,4.141038,34.75,64.10148204214939,0
-21.33,4.142317,34.75,63.82789358893179,0
31.31,4.149993,34.73,62.8728876384726,0
55.02,4.164065,34.73,64.19501538281614,0
-37.99,4.272801,34.73,64.40496875241847,0
1.35,4.361069,34.73,63.608175575157006,0
17.09,4.402006,34.73,64.21059102671458,0
-95.53,4.405843,34.73,64.89992295835181,0
104.58,4.318854,34.73,64.03124237432849,0
101.93,4.202442,34.73,62.32976816898969,0
-113.09,4.207559,34.75,63.72597586541927,0
-145.98,4.329088,34.75,64.27285585688566,0
-35.31,4.35979,34.75,63.60031446463138,0
1.93,4.37642,34.75,63.82789358893179,0
89.92,4.378979,34.77,63.88270501473775,0
43.88,4.288152,34.77,64.59876159803684,0
0.45,4.207559,34.77,64.01562309311689,0
-76.67,4.193488,34.77,64.01562309311689,0
-97.31,4.185812,34.75,63.387695966961914,0
-16.43,4.185812,34.75,63.387695966961914,0
36.0,4.18965,34.75,63.387695966961914,0
-1.61,4.194767,34.75,63.387695966961914,0
105.75,4.217793,34.75,63.387695966961914,0
252.5,4.239541,34.75,64.20280367709809,0
-126.05,4.216514,34.75,63.387695966961914,0
-134.94,4.225469,34.75,64.20280367709809,0
-88.39,4.216514,34.75,64.97691897897283,0
-74.23,4.22419,34.75,64.20280367709809,0
49.06,4.216514,34.75,65.23802572120036,0
22.62,4.212676,34.75,63.733821476512766,0
-63.14,4.216514,34.77,61.00819617067857,0
26.53,4.20628,34.77,62.40192304729078,0
-19.1,4.208838,34.77,64.37390775772433,0
-96.61,4.20628,34.77,63.92182725798755,0
55.13,4.208838,34.77,69.44062211702888,0
26.12,4.179416,34.77,69.72804313904126,0
2.35,4.151272,34.77,62.5939294181153,0
-16.44,4.15511,34.77,61.065538563088104,0
-127.99,4.152552,34.77,69.34695379034324,0
77.43,4.211397,34.77,64.63745044476924,0
123.08,4.281756,34.77,65.54387843269576,0
16.69,4.299665,34.77,65.09224224129939,0
58.52,4.300945,34.75,62.94441992742486,0
72.13,4.24082,34.75,62.8410693734599,0
11.26,4.245937,34.75,63.56886030125127,0
-45.5,4.34316,34.75,63.474404290233394,0
49.91,4.387934,34.77,64.15605972938177,0
112.74,4.419915,34.77,63.92182725798755,0
260.64,4.416077,34.77,67.65352910233139,0
93.33,4.37642,34.77,64.73020933072904,0
-53.94,4.35979,34.73,63.914004725099176,0
-272.88,4.341881,34.73,62.94441992742486,0
-414.36,4.340601,34.73,63.75735251718032,0
-146.48,4.332926,34.73,63.75735251718032,0
-42.82,4.334205,34.73,64.1248781675256,0
61.48,4.318854,34.73,64.1248781675256,0
0.97,4.32653,34.73,63.33245613427605,0
62.94,4.317575,34.73,62.94441992742486,0
70.07,4.317575,34.73,63.63961030678928,0
-72.0,4.311179,34.73,63.33245613427605,0
131.49,4.315016,34.73,62.94441992742486,0
81.4,4.300945,34.73,63.25345840347388,0
-70.09,4.309899,34.77,63.25345840347388,0
65.48,4.307341,34.77,63.63961030678928,0
51.97,4.303503,34.77,63.25345840347388,0
-45.99,4.300945,34.77,63.33245613427605,0
47.72,4.29199,34.75,63.25345840347388,0
4.18,4.299665,34.75,63.63961030678928,0
-2.25,4.295827,34.75,63.25345840347388,0
36.82,4.29071,34.75,63.63961030678928,0
-21.49,4.29071,34.75,63.63961030678928,0
41.12,4.288152,34.75,62.94441992742486,0
30.5,4.279197,34.75,63.63961030678928,0
-38.71,4.280477,34.75,63.63961030678928,0
47.01,4.276639,34.73,62.94441992742486,0
23.08,4.27408,34.73,63.63961030678928,0
-42.24,4.27408,34.73,65.12296062065974,0
37.89,4.263846,34.73,63.4428877022476,0
15.69,4.276639,34.77,65.94694837519019,0
-45.36,4.265126,34.77,64.69157595854347,0
1.55,4.288152,34.77,62.297672508690084,0
-53.02,4.202442,34.77,62.369864518050704,0
2.66,4.164065,34.75,65.36818798161687,0
241.19,4.169182,34.75,63.50590523722971,0
63.71,4.162786,34.75,62.617888817813075,0
-140.25,4.162786,34.75,65.93178292750773,0
-83.96,4.15511,34.75,64.1482657598785,0
-22.35,4.098823,34.75,64.04685784642366,0
-0.56,4.118011,34.75,59.312730505347666,0
-12.44,4.266405,34.75,66.49060083951716,0
-105.66,4.201163,34.75,63.31666447310692,0
-56.03,4.248495,34.75,64.03124237432849,0
100.4,4.372583,34.75,64.2339474110069,0
15.25,4.393051,34.75,64.10148204214939,0
-87.47,4.364907,34.77,64.21059102671458,0
39.76,4.358511,34.77,65.22269543648132,0
93.86,4.355952,34.77,63.671029518926424,0
20.07,4.357232,34.77,64.1482657598785,0
-7.19,4.298386,34.77,63.63961030678928,0
-94.47,4.217793,34.77,63.88270501473775,0
-10.06,4.210118,34.77,63.166446789415026,0
28.6,4.205001,34.77,63.0,0
0.6,4.201163,34.77,63.52164985262898,0
-11.85,4.205001,34.77,63.54525946126902,0
-15.12,4.203722,34.77,63.84355879804947,0
32.4,4.193488,34.77,63.84355879804947,0
9.59,4.190929,34.81,62.433965115151864,0
12.57,4.184533,34.81,63.29296959378664,0
17.46,4.183253,34.81,63.812224534175265,0
-17.81,4.192208,34.81,63.25345840347388,0
36.84,4.252333,34.79,63.35613624582863,0
28.87,4.260008,34.79,63.608175575157006,0
4.64,4.265126,34.79,64.52131430775415,0
62.61,4.318854,34.79,65.80273550544841,0
-24.08,4.321413,34.81,64.2339474110069,0
-64.79,4.315016,34.81,62.64982043070834,0
-20.16,4.309899,34.81,63.190189111918315,0
57.0,4.302224,34.81,63.56099432828282,0
28.57,4.302224,34.79,63.94528911499267,0
-11.59,4.300945,34.79,63.796551630946325,0
-37.03,4.276639,34.79,63.57672530100933,0
-2.36,4.277918,34.79,63.57672530100933,0
5.13,4.288152,34.79,63.7102817447859,0
-19.99,4.288152,34.79,63.85922016435841,0
7.64,4.289432,34.79,63.94528911499267,0
-0.33,4.285594,34.79,62.72160712226688,0
-15.56,4.279197,34.79,65.3834841531101,0
12.74,4.279197,34.79,63.96092557178953,0
7.4,4.295827,34.79,63.75735251718032,0
-31.5,4.303503,34.79,64.45153217728807,0
-41.26,4.30862,34.79,63.7102817447859,0
1.88,4.297107,34.79,63.702433234531945,0
28.18,4.300945,34.79,63.702433234531945,0
49.18,4.302224,34.79,64.27285585688566,0
8.85,4.300945,34.77,63.702433234531945,0
8.67,4.325251,34.77,64.4437739428721,0
-8.72,4.162786,34.77,63.198101237299845,0
21.86,4.093706,34.77,64.02343321003646,0
120.47,4.033581,34.81,64.48255578061404,0
-286.38,4.010555,34.81,64.02343321003646,0
-317.47,3.997762,34.81,63.984373092185564,0
76.16,3.995203,34.81,63.071388124885914,0
117.39,3.996483,34.79,61.220911460055866,0
11.94,4.01823,34.79,65.13831437794502,0
132.04,4.201163,34.79,64.50581369148055,0
92.75,4.094985,34.79,62.369864518050704,0
165.96,4.08731,34.79,62.41794613730894,0
-73.96,3.835297,34.79,60.572270883631234,0
-52.21,3.662688,34.79,68.87670143089025,0
108.2,4.089958,34.79,68.84039511798287,0
131.07,4.265216,34.81,68.36665854054884,0
105.94,4.293359,34.81,64.79197481170026,0
37.75,4.118102,34.81,66.61831579978588,0
-18.69,4.246027,34.81,62.88083968904996,0
-375.93,4.230676,34.79,64.47480127925948,0
-155.15,4.175668,34.79,63.655321851358195,0
-302.73,4.165434,34.79,64.07807737440318,0
12.17,4.193578,34.79,64.50581369148055,0
-67.32,4.187181,34.81,64.03905058634146,0
121.81,4.194857,34.81,64.03905058634146,0
60.85,4.196136,34.81,62.20932405998316,0
-45.67,4.211487,34.81,64.03905058634146,0
45.08,4.202532,34.79,63.56099432828282,0
71.32,4.20637,34.79,63.56099432828282,0
40.63,4.212766,34.79,63.60031446463138,0
-23.18,4.199974,34.79,62.96824596572466,0
7.5,4.17183,34.79,65.31462317123173,0
71.7,4.214046,34.79,62.71363488110062,0
-18.74,4.220442,34.79,64.7533782902483,0
-112.03,4.216604,34.79,62.20128616033595,0
46.94,4.153921,34.77,65.4446330878247,0
-70.72,4.207649,34.77,61.5223536610881,0
41.88,4.128336,34.77,66.73829485385434,0
59.62,4.134732,34.77,63.56886030125127,0
-98.87,4.12194,34.81,55.21775076911409,0
-274.81,4.029833,34.81,65.60487786742691,0
322.56,3.947961,34.81,59.67411499134277,0
-163.01,3.715138,34.81,80.41765975207187,0
28.66,3.976105,34.83,59.16924876994806,0
106.4,4.13857,34.83,61.97580172938467,0
145.14,3.995294,34.83,64.28841264178172,0
-24.95,3.954358,34.83,63.45076831686122,0
-92.09,3.887836,34.83,63.45076831686122,0
-228.95,3.859693,34.83,64.07027391856539,0
-128.05,3.849459,34.83,64.53681120105021,0
144.22,3.844342,34.83,64.07027391856539,0
71.69,3.835387,34.79,62.41794613730894,0
138.0,3.835387,34.79,63.58458932791813,0
123.76,3.828991,34.79,63.34824385884742,0
-36.72,3.826432,34.79,64.01562309311689,0
96.94,3.820036,34.81,63.28506932918696,0
33.83,3.822595,34.81,63.51377803280167,0
-38.96,3.81364,34.81,63.51377803280167,0
50.15,3.814919,34.81,63.96092557178953,0
-10.33,3.807244,34.83,63.51377803280167,0
26.45,3.814919,34.83,63.51377803280167,0
29.87,3.805964,34.83,63.733821476512766,0
-32.89,3.808523,34.83,63.733821476512766,0
35.12,3.799568,34.83,63.28506932918696,0
16.14,3.805964,34.83,62.849025449882674,0
-52.2,3.777821,34.83,63.071388124885914,0
38.06,3.791893,34.83,62.63385665915839,0
10.58,3.786776,34.81,63.75735251718032,0
-79.14,3.790613,34.81,62.57795138864806,0
21.04,3.7791,34.81,63.608175575157006,0
-5.69,3.786776,34.81,63.340350488452465,0
-43.65,3.786776,34.81,63.8200595424354,0
17.3,3.791893,34.81,63.8200595424354,0
-17.75,3.786776,34.81,63.12685640834652,0
-1.25,3.789334,34.81,63.90618123468183,0
13.08,3.785496,34.81,63.96092557178953,0
-32.77,3.790613,34.81,63.118935352238,0
33.31,3.775262,34.81,63.63961030678928,0
11.1,3.773983,34.81,57.28001396647874,0
-62.26,3.770145,34.83,47.916594202843754,0
41.29,3.958195,34.83,77.12976079309465,0
3.95,4.075887,34.83,52.85830114561004,0
-50.81,4.077166,34.83,61.35144660071187,0
31.43,4.068211,34.81,61.53048025166064,0
136.2,4.119381,34.81,62.24146527838174,0
26.72,4.114264,34.81,65.0384501660364,0
-112.23,4.130894,34.81,64.08587988004847,0
54.43,4.143687,34.81,62.185207244167,0
61.61,4.143687,34.81,64.01562309311689,0
44.92,4.133453,34.81,63.071388124885914,0
-7.54,4.130894,34.81,62.617888817813075,0
-39.33,4.124498,34.81,63.14269553954757,0
-111.18,4.133453,34.81,63.14269553954757,0
-57.1,4.133453,34.81,62.65780079128216,0
-59.13,4.130894,34.81,63.14269553954757,0
-26.89,4.119381,34.83,63.14269553954757,0
-5.56,4.123219,34.83,63.14269553954757,0
16.69,4.125777,34.83,62.27358990776106,0
22.78,4.127057,34.83,62.77738446287803,0
-16.38,4.125777,34.83,62.27358990776106,0
-2.14,4.129615,34.83,63.13477647065839,0
-3.85,4.124498,34.83,62.76941930590086,0
3.25,4.123219,34.83,63.14269553954757,0
-15.38,4.12194,34.84,62.27358990776106,0
-3.48,4.12194,34.84,63.13477647065839,0
-0.61,4.119381,34.84,63.14269553954757,0
-5.94,4.118102,34.84,65.5133574166368,0
5.35,4.109147,34.83,64.1482657598785,0
-3.29,4.098913,34.83,63.06346010171025,0
2.48,4.101471,34.83,62.609903369994115,0
-35.88,4.091238,34.83,62.609903369994115,0
-166.34,4.091238,34.83,62.65780079128216,0
-52.3,4.081004,34.83,63.071388124885914,0
-59.69,4.086121,34.83,63.071388124885914,0
141.16,4.077166,34.83,63.06346010171025,0
51.31,4.078445,34.84,62.65780079128216,0
31.89,4.074607,34.84,62.64982043070834,0
70.25,4.073328,34.84,62.177166226839255,0
-28.5,4.061815,34.84,63.06346010171025,0
79.87,4.070769,34.84,62.609903369994115,0
51.88,4.065652,34.84,63.06346010171025,0
-50.39,4.06949,34.84,63.071388124885914,0
64.88,4.066932,34.84,62.609903369994115,0
53.98,4.064373,34.84,62.609903369994115,0
-38.15,4.061815,34.84,62.609903369994115,0
14.73,4.056698,34.84,62.609903369994115,0
29.55,4.061815,34.84,63.06346010171025,0
-30.88,4.056698,34.84,62.609903369994115,0
31.36,4.054139,34.84,63.06346010171025,0
28.24,4.046463,34.84,62.609903369994115,0
-34.65,4.050302,34.84,62.609903369994115,0
40.26,4.050302,34.83,62.609903369994115,0
16.04,4.05286,34.83,63.071388124885914,0
-60.13,4.046463,34.83,63.06346010171025,0
26.43,4.046463,34.83,63.06346010171025,0
-0.12,4.042626,34.83,63.06346010171025,0
-22.74,4.043905,34.83,63.06346010171025,0
17.45,4.041347,34.83,63.06346010171025,0
-28.47,4.040068,34.83,63.06346010171025,0
29.78,4.03623,34.83,63.06346010171025,0
17.65,4.037509,34.83,63.06346010171025,0
-60.48,4.03623,34.83,63.06346010171025,0
28.42,4.033671,34.83,63.06346010171025,0
-10.07,4.029833,34.84,62.185207244167,0
1.72,4.03495,34.84,63.06346010171025,0
23.28,4.009366,34.84,63.06346010171025,0
-40.77,4.022158,34.84,63.071388124885914,0
42.98,4.03623,34.84,60.92618484691127,0
35.56,4.047743,34.84,62.76941930590086,0
-30.51,4.054139,34.84,62.03224967708329,0
65.6,4.060535,34.84,62.76145313805282,0
-36.36,4.075887,34.84,62.69768735766894,0
-34.68,4.0874,34.84,62.369864518050704,0
80.27,4.086121,34.84,63.03967004989794,0
149.2,4.083562,34.84,60.41522986797286,0
41.07,4.089958,34.83,62.82515419798029,0
-137.63,4.097634,34.83,65.7419196555744,0
-99.27,4.096354,34.83,67.3349834781297,0
-41.07,4.100192,34.83,65.36818798161687,0
-14.85,4.102751,34.81,63.25345840347388,0
7.78,4.097634,34.81,62.93647591023825,0
8.09,4.096354,34.81,64.35837163881635,0
-255.0,4.081004,34.81,63.12685640834652,0
-83.08,4.063094,34.84,62.80923498976882,0
7.97,4.05286,34.84,62.80923498976882,0
98.33,4.056698,34.84,63.0158710167526,0
40.56,4.05286,34.84,63.0158710167526,0
55.28,4.055418,34.83,62.80923498976882,0
-26.7,4.049022,34.83,62.80127387243033,0
28.11,4.05286,34.83,62.80923498976882,0
2.42,4.056698,34.83,62.80127387243033,0
-53.37,4.05286,34.87,62.625873247404705,0
29.79,4.050302,34.87,62.80127387243033,0
-5.36,4.043905,34.87,63.41135544995076,0
20.78,4.049022,34.87,62.80127387243033,0
20.41,4.045185,34.83,62.63385665915839,0
-21.67,4.045185,34.83,63.85138996137829,0
37.44,4.041347,34.83,62.77738446287803,0
20.57,4.041347,34.83,62.12889826803627,0
-24.71,4.043905,34.83,63.13477647065839,0
23.43,4.046463,34.83,63.13477647065839,0
50.91,4.041347,34.83,62.76941930590086,0
34.04,4.040068,34.83,62.26556030423239,0
-70.84,4.038788,34.83,63.28506932918696,0
-8.53,4.031113,34.83,62.76941930590086,0
-5.74,4.037509,34.83,62.76941930590086,0
-28.17,4.033671,34.83,62.76941930590086,0
22.95,4.027275,34.83,62.76941930590086,0
-9.02,4.031113,34.83,62.26556030423239,0
-32.52,4.025996,34.83,62.76941930590086,0
-0.37,4.025996,34.83,62.76941930590086,0
-8.32,4.022158,34.81,62.76941930590086,0
-5.08,4.028554,34.81,62.76941930590086,0
-0.32,4.022158,34.81,63.13477647065839,0
-26.74,4.028554,34.81,62.76941930590086,0
38.6,4.013203,34.84,63.13477647065839,0
9.4,4.027275,34.84,62.76941930590086,0
-56.7,4.01832,34.84,63.631753079732135,0
45.0,4.022158,34.84,62.76941930590086,0
21.77,4.017041,34.84,63.631753079732135,0
-65.92,4.023437,34.84,63.28506932918696,0
59.39,4.015762,34.84,63.0,0
41.35,4.01832,34.84,61.78187436457395,0
-45.09,4.013203,34.83,62.64982043070834,0
12.02,4.01832,34.83,63.13477647065839,0
-6.93,4.014482,34.83,63.631753079732135,0
-27.86,4.010644,34.83,63.13477647065839,0
62.02,4.014482,34.84,63.13477647065839,0
18.09,4.014482,34.84,62.64982043070834,0
-49.73,4.013203,34.84,62.64982043070834,0
28.66,4.008086,34.84,62.64982043070834,0
26.27,4.010644,34.84,63.28506932918696,0
-32.09,4.009366,34.84,62.77738446287803,0
35.06,4.008086,34.84,62.77738446287803,0
-1.99,4.009366,34.84,62.77738446287803,0
-72.18,4.005527,34.84,62.76941930590086,0
-5.72,4.005527,34.84,62.76941930590086,0
-1.19,3.996573,34.84,62.77738446287803,0
-46.61,4.002969,34.84,63.29296959378664,0
33.41,4.000411,34.87,63.29296959378664,0
5.51,4.000411,34.87,62.77738446287803,0
-20.51,3.999131,34.87,63.29296959378664,0
19.6,3.999131,34.87,62.77738446287803,0
-5.07,3.999131,34.83,62.26556030423239,0
5.2,3.997852,34.83,63.13477647065839,0
36.29,3.976105,34.83,62.617888817813075,0
4.22,3.988897,34.83,62.617888817813075,0
10.38,3.992735,34.84,62.617888817813075,0
33.82,3.982501,34.84,62.617888817813075,0
12.92,3.991456,34.84,63.071388124885914,0
8.64,3.986339,34.84,63.06346010171025,0
-17.18,3.990177,34.84,63.06346010171025,0
-64.22,3.991456,34.84,62.177166226839255,0
-8.17,3.990177,34.84,62.76941930590086,0
18.12,3.98378,34.84,63.13477647065839,0
-21.72,3.988897,34.84,63.13477647065839,0
36.47,3.98506,34.84,62.64982043070834,0
21.13,3.987618,34.84,62.64982043070834,0
-35.86,3.987618,34.84,62.64982043070834,0
16.14,3.981222,34.84,63.06346010171025,0
16.81,3.978663,34.84,62.617888817813075,0
-37.52,3.987618,34.84,63.071388124885914,0
27.57,3.987618,34.84,63.31666447310692,0
24.82,3.98506,34.84,63.29296959378664,0
-16.41,3.986339,34.84,63.29296959378664,0
-1.46,3.98378,34.84,63.29296959378664,0
-45.48,3.98378,34.84,63.29296959378664,0
-3.73,3.98506,34.84,62.44197306299666,0
29.05,3.981222,34.84,62.77738446287803,0
-26.22,3.981222,34.84,62.77738446287803,0
36.54,3.973546,34.84,63.29296959378664,0
28.87,3.978663,34.84,63.29296959378664,0
-37.52,3.976105,34.84,62.44197306299666,0
19.13,3.970988,34.84,62.976185975335156,0
-12.17,3.972267,34.84,62.976185975335156,0
-77.53,3.968429,34.84,62.976185975335156,0
57.18,3.970988,34.84,62.976185975335156,0
57.21,3.970988,34.84,62.976185975335156,0
-32.83,3.969709,34.84,62.976185975335156,0
44.09,3.968429,34.83,62.96824596572466,0
15.36,3.972267,34.83,62.976185975335156,0
-41.76,3.963312,34.83,62.96824596572466,0
41.07,3.968429,34.83,62.976185975335156,0
21.41,3.965871,34.87,62.976185975335156,0
-51.51,3.965871,34.87,62.976185975335156,0
-6.79,3.964592,34.87,62.44197306299666,0
-24.99,3.964592,34.87,62.44197306299666,0
-0.16,3.963312,34.83,62.44197306299666,0
32.44,3.963312,34.83,62.44197306299666,0
-24.85,3.962033,34.83,62.976185975335156,0
37.05,3.981222,34.83,62.976185975335156,0
20.6,4.004249,34.84,62.976185975335156,0
-45.78,4.004249,34.84,62.976185975335156,0
90.34,4.00169,34.84,63.54525946126902,0
77.55,4.004249,34.84,63.54525946126902,0
-23.77,4.00169,34.83,63.54525946126902,0
-33.98,4.002969,34.83,62.976185975335156,0
-42.84,3.999131,34.83,63.0,0
-16.64,4.000411,34.83,62.976185975335156,0
-32.55,3.997852,34.83,63.0,0
-65.32,4.002969,34.83,62.976185975335156,0
21.83,3.999131,34.83,63.31666447310692,0
-2.13,4.004249,34.83,63.29296959378664,0
-3.42,3.991456,34.83,62.44197306299666,0
-35.36,4.00169,34.83,61.91122676865643,0
-157.48,3.986339,34.83,62.465990746965666,0
-39.71,3.991456,34.83,63.0,0
221.8,3.986339,34.83,63.0,0
46.13,3.988897,34.83,62.71363488110062,0
-60.19,3.98378,34.83,62.71363488110062,0
19.46,3.98506,34.83,63.54525946126902,0
-7.34,3.986339,34.81,64.07807737440318,0
76.92,3.991456,34.81,63.2771680782255,0
24.79,3.982501,34.81,63.52164985262898,0
21.4,3.978663,34.81,63.0,0
29.14,3.979943,34.83,63.31666447310692,0
-40.11,3.987618,34.83,63.071388124885914,0
34.59,3.979943,34.83,59.61543424315552,0
7.95,3.996573,34.83,63.14269553954757,0
-36.97,4.009366,34.83,62.30569797378086,0
66.63,4.045185,34.83,63.26136261573884,0
35.21,4.114264,34.83,67.72001181334805,0
-18.67,4.127057,34.83,59.799665550904216,0
-7.36,4.057977,34.83,63.631753079732135,0
72.28,4.047743,34.83,63.071388124885914,0
-46.67,4.014482,34.83,64.00781202322104,0
-109.61,4.015762,34.83,63.51377803280167,0
-70.43,4.00169,34.83,63.071388124885914,0
-9.93,4.006807,34.83,63.071388124885914,0
-89.94,3.995294,34.83,62.64982043070834,0
61.86,3.996573,34.83,63.079315151640635,0
34.16,3.992735,34.81,62.65780079128216,0
-27.32,3.997852,34.81,63.071388124885914,0
24.46,3.994015,34.81,63.51377803280167,0
-14.96,3.988897,34.81,62.617888817813075,0
41.26,3.982501,34.83,63.079315151640635,0
-11.76,3.981222,34.83,62.617888817813075,0
-53.05,3.978663,34.83,63.071388124885914,0
14.01,3.978663,34.83,62.617888817813075,0
-35.66,3.973546,34.83,62.617888817813075,0
70.22,3.979943,34.83,63.51377803280167,0
17.11,3.973546,34.83,63.079315151640635,0
6.58,3.977384,34.83,63.079315151640635,0
43.33,3.970988,34.83,63.079315151640635,0
-29.92,3.977384,34.83,63.079315151640635,0
57.18,3.969709,34.83,62.65780079128216,0
-4.71,3.970988,34.83,63.079315151640635,0
-41.59,3.960754,34.83,62.64982043070834,0
28.84,3.96715,34.83,62.64982043070834,0
-12.29,3.960754,34.83,62.64982043070834,0
-60.09,3.964592,34.83,62.64982043070834,0
26.42,3.964592,34.83,62.65780079128216,0
-6.33,3.962033,34.83,62.64982043070834,0
-65.11,3.958195,34.83,62.64982043070834,0
32.37,3.956916,34.83,62.65780079128216,0
2.95,3.954358,34.83,62.64982043070834,0
-60.05,3.954358,34.83,62.64982043070834,0
28.53,3.953078,34.83,62.64982043070834,0
-1.0,3.946682,34.83,62.64982043070834,0
-38.69,3.951799,34.81,62.64982043070834,0
17.9,3.944124,34.81,62.64982043070834,0
-15.25,3.946682,34.81,62.64982043070834,0
14.8,3.935169,34.81,62.64982043070834,0
12.83,3.945403,34.83,62.64982043070834,0
-45.57,3.946682,34.83,62.64982043070834,0
37.72,3.945403,34.83,62.64982043070834,0
7.11,3.945403,34.83,62.64982043070834,0
-38.87,3.942844,34.81,62.64982043070834,0
17.81,3.941565,34.81,62.64982043070834,0
-20.45,3.935169,34.81,62.64982043070834,0
34.85,3.93389,34.81,62.64982043070834,0
19.07,3.93261,34.81,62.64982043070834,0
-59.77,3.931331,34.81,62.64982043070834,0
43.8,3.931331,34.81,62.64982043070834,0
14.8,3.927493,34.81,62.64982043070834,0
-70.48,3.928773,34.81,61.326992425847855,0
37.88,3.923656,34.81,64.01562309311689,0
0.93,3.924935,34.81,61.13918547053109,0
-55.42,3.919818,34.81,62.67375846396959,0
3.58,3.921097,34.83,74.14849964766651,0
-97.74,3.908304,34.83,74.43789357578571,0
-96.96,3.894233,34.83,27.874719729532707,0
40.65,3.754794,34.83,82.49848483457136,0
-18.06,3.492548,34.83,88.95504482602435,0
-38.97,3.862252,34.83,55.87486017879597,0
-72.81,3.917259,34.83,53.03772242470448,0
11.37,3.878882,34.83,52.172789842982326,0
675.9,3.892954,34.83,67.08203932499369,0
-25.46,3.894233,34.83,63.0158710167526,0
-184.91,3.878882,34.83,68.10286337592568,0
123.79,3.867368,34.83,55.83009940883144,0
-116.17,3.871206,34.81,70.10706098532444,0
-161.47,3.886557,34.81,60.0416522091123,0
-170.77,3.887836,34.81,64.78425734698207,0
144.54,3.886557,34.81,61.814237842102365,0
235.82,3.876323,34.81,63.25345840347388,0
121.41,3.885278,34.81,66.10597552415364,0
-94.57,3.891674,34.81,55.263007518592396,0
-277.32,3.889116,34.81,63.796551630946325,0
-235.12,3.889116,34.81,65.71149062378664,0
172.44,3.886557,34.81,65.91661399070799,0
103.25,3.886557,34.81,63.0158710167526,0
43.24,3.885278,34.81,62.24146527838174,0
92.91,3.883999,34.83,62.8728876384726,0
-13.91,3.883999,34.83,61.36774397026503,0
76.64,3.863531,34.83,62.76941930590086,0
74.54,3.875044,34.83,63.41135544995076,0
-21.78,3.871206,34.81,64.06246951218786,0
-76.43,3.873765,34.81,63.41135544995076,0
29.52,3.868648,34.81,62.56996084384263,0
6.26,3.868648,34.81,63.25345840347388,0
-68.02,3.86481,34.81,61.36774397026503,0
45.29,3.872486,34.81,64.17164482853778,0
7.84,3.863531,34.81,62.82515419798029,0
-64.72,3.873765,34.81,62.96824596572466,0
31.31,3.871206,34.84,59.84981202978001,0
103.86,3.877603,34.84,61.814237842102365,0
7.08,3.877603,34.84,62.82515419798029,0
-83.58,3.871206,34.84,64.22616289332565,0
-23.35,3.862252,34.81,62.048368229954285,0
22.87,3.867368,34.81,66.64833081180653,0
-63.31,3.858414,34.81,63.608175575157006,0
2.74,3.863531,34.81,62.20932405998316,0
25.54,3.862252,34.81,61.814237842102365,0
-22.73,3.862252,34.81,63.0,0
-39.9,3.862252,34.81,62.82515419798029,0
11.73,3.859693,34.81,62.82515419798029,0
29.21,3.855855,34.81,66.64833081180653,0
28.48,3.850738,34.81,61.603571325045756,0
21.37,3.853297,34.81,62.40192304729078,0
-11.98,3.852017,34.81,63.0,0
-40.75,3.849459,34.81,62.20932405998316,0
-1.16,3.849459,34.81,62.20932405998316,0
8.87,3.843063,34.81,62.82515419798029,0
7.52,3.849459,34.81,62.20932405998316,0
23.09,3.840504,34.79,62.20932405998316,0
7.41,3.843063,34.79,62.82515419798029,0
-35.27,3.839225,34.79,62.91263784010332,0
3.94,3.837946,34.79,62.82515419798029,0
13.02,3.836667,34.81,63.08724118235002,0
-6.04,3.831549,34.81,62.5939294181153,0
13.49,3.839225,34.81,64.20280367709809,0
-4.85,3.832829,34.81,62.52199612936234,0
-53.3,3.826432,34.79,62.76145313805282,0
68.05,3.831549,34.79,62.40192304729078,0
109.17,3.837946,34.79,62.40192304729078,0
27.17,3.858414,34.79,62.71363488110062,0
61.78,3.876323,34.79,62.40192304729078,0
-27.24,3.860972,34.79,62.71363488110062,0
-90.48,3.852017,34.79,65.49045732013177,0
-223.61,3.8469,34.79,61.26989472816156,0
-191.01,3.850738,34.81,63.324560795950255,0
104.92,3.845621,34.81,62.93647591023825,0
149.48,3.8469,34.81,64.56779382943171,0
63.56,3.8469,34.81,60.049979184009715,0
142.69,3.844342,34.77,62.24949798994366,0
-60.99,3.840504,34.77,63.071388124885914,0
-192.32,3.834108,34.77,63.631753079732135,0
9.5,3.835387,34.77,62.81719509815764,0
38.47,3.834108,34.83,63.39558344238185,0
-52.76,3.83027,34.83,62.5939294181153,0
86.37,3.828991,34.83,63.190189111918315,0
15.94,3.823874,34.83,62.5939294181153,0
-72.22,3.825153,34.83,62.5939294181153,0
75.26,3.823874,34.83,61.7980582219215,0
33.39,3.825153,34.83,64.56779382943171,0
-49.72,3.822595,34.83,64.5832795698701,0
3.53,3.822595,34.79,64.06246951218786,0
-37.67,3.800848,34.79,64.20280367709809,0
-17.35,3.811081,34.79,60.95079983068311,0
73.58,3.772704,34.79,57.48912940721924,0
18.63,3.753515,34.79,59.87486951969081,0
-13.21,3.756074,34.79,58.83026432033091,0
24.46,3.768866,34.79,55.04543577809154,0
1.47,3.767587,34.79,61.66036003787198,0
29.37,3.790613,34.79,63.773035054010094,0
-16.0,3.777821,34.79,63.773035054010094,0
-33.57,3.773983,34.79,62.27358990776106,0
-36.47,3.766308,34.79,65.7723346096214,0
-109.57,3.772704,34.81,72.37402849088892,0
13.24,3.781659,34.81,60.440052945046304,0
48.97,3.781659,34.81,62.65780079128216,0
3.4,3.773983,34.81,62.65780079128216,0
46.43,3.7791,34.79,63.324560795950255,0
-55.56,3.772704,34.79,63.324560795950255,0
-6.88,3.753515,34.79,62.80923498976882,0
-11.28,3.76247,34.79,64.07807737440318,0
-51.54,3.775262,34.81,60.975404877704584,0
7.93,3.773983,34.81,63.198101237299845,0
-17.66,3.773983,34.81,62.68173577685928,0
39.06,3.761191,34.81,63.28506932918696,0
50.88,3.766308,34.79,63.13477647065839,0
75.96,3.766308,34.79,63.13477647065839,0
15.88,3.765028,34.79,62.64982043070834,0
-154.72,3.758632,34.79,62.64982043070834,0
4.41,3.763749,34.79,62.64982043070834,0
22.8,3.76247,34.79,62.64982043070834,0
-10.27,3.763749,34.79,62.64982043070834,0
17.17,3.763749,34.79,62.64982043070834,0
-47.73,3.76247,34.79,62.64982043070834,0
43.65,3.76247,34.79,62.64982043070834,0
6.94,3.756074,34.79,62.64982043070834,0
-65.59,3.756074,34.79,62.64982043070834,0
27.51,3.757353,34.79,62.64982043070834,0
-17.97,3.754794,34.79,62.64982043070834,0
30.96,3.754794,34.79,62.64982043070834,0
17.3,3.750957,34.79,62.64982043070834,0
-65.92,3.754794,34.79,62.64982043070834,0
42.3,3.754794,34.79,62.64982043070834,0
6.03,3.754794,34.79,63.52952069707436,0
-45.18,3.749677,34.79,63.52952069707436,0
28.15,3.750957,34.79,62.64982043070834,0
-9.98,3.74584,34.79,62.64982043070834,0
-17.64,3.753515,34.79,62.64982043070834,0
26.69,3.747119,34.79,62.64982043070834,0
-15.47,3.753515,34.79,62.64982043070834,0
23.75,3.747119,34.79,62.64982043070834,0
22.53,3.752236,34.79,62.64982043070834,0
-31.78,3.743281,34.79,62.64982043070834,0
37.35,3.749677,34.81,62.64982043070834,0
19.04,3.74584,34.81,62.64982043070834,0
-54.21,3.749677,34.81,62.64982043070834,0
48.06,3.742002,34.81,62.177166226839255,0
19.18,3.742002,34.75,63.52952069707436,0
-70.13,3.740723,34.75,62.64982043070834,0
35.87,3.74456,34.75,63.52952069707436,0
-0.44,3.738164,34.75,63.52952069707436,0
-31.38,3.740723,34.79,62.177166226839255,0
22.1,3.738164,34.79,63.06346010171025,0
-24.08,3.743281,34.79,62.64982043070834,0
29.84,3.734326,34.79,63.06346010171025,0
24.83,3.736885,34.79,62.64982043070834,0
-52.89,3.733047,34.79,63.52952069707436,0
48.06,3.733047,34.79,62.64982043070834,0
27.1,3.725372,34.79,62.64982043070834,0
-75.06,3.733047,34.81,62.64982043070834,0
43.88,3.725372,34.81,62.64982043070834,0
16.66,3.730489,34.81,62.64982043070834,0
-66.11,3.725372,34.81,62.64982043070834,0
28.85,3.72793,34.81,62.64982043070834,0
-5.69,3.729209,34.81,62.64982043070834,0
-19.85,3.726651,34.81,63.52952069707436,0
22.04,3.726651,34.81,62.64982043070834,0
-33.39,3.726651,34.79,63.52952069707436,0
38.19,3.725372,34.79,63.52952069707436,0
33.77,3.720255,34.79,62.177166226839255,0
-62.81,3.720255,34.79,62.64982043070834,0
55.18,3.721534,34.81,63.52952069707436,0
38.12,3.717696,34.81,63.52952069707436,0
-70.55,3.720255,34.81,63.06346010171025,0
51.95,3.716417,34.81,62.64982043070834,0
41.06,3.721534,34.81,62.177166226839255,0
-52.69,3.717696,34.81,63.52952069707436,0
39.46,3.717696,34.81,63.52952069707436,0
45.75,3.713858,34.81,62.64982043070834,0
-30.81,3.717696,34.81,63.52952069707436,0
-2.79,3.712579,34.81,62.64982043070834,0
36.02,3.718975,34.81,63.52952069707436,0
-10.88,3.706183,34.81,62.64982043070834,0
-9.69,3.713858,34.79,63.52952069707436,0
20.22,3.710021,34.79,63.06346010171025,0
-27.16,3.715138,34.79,62.64982043070834,0
22.58,3.7113,34.79,63.52952069707436,0
16.1,3.7113,34.79,63.52952069707436,0
-74.18,3.712579,34.79,63.06346010171025,0
48.92,3.697228,34.79,63.06346010171025,0
22.97,3.701066,34.79,63.06346010171025,0
-83.71,3.703624,34.79,63.06346010171025,0
43.35,3.701066,34.79,63.52952069707436,0
1.77,3.704904,34.79,63.06346010171025,0
-36.26,3.702345,34.79,63.06346010171025,0
42.2,3.703624,34.79,62.177166226839255,0
-11.5,3.701066,34.79,62.177166226839255,0
-12.22,3.701066,34.79,63.28506932918696,0
39.93,3.697228,34.79,64.01562309311689,0
-19.57,3.698507,34.79,63.14269553954757,0
6.39,3.694669,34.79,63.52952069707436,0
-3.99,3.695949,34.79,63.53739056650029,0
-87.49,3.686994,34.79,62.64982043070834,0
48.68,3.692111,34.79,62.64982043070834,0
50.28,3.692111,34.79,62.185207244167,0
-56.13,3.692111,34.79,63.06346010171025,0
46.11,3.686994,34.79,63.06346010171025,0
20.96,3.689553,34.81,62.609903369994115,0
-58.0,3.684436,34.81,62.609903369994115,0
42.1,3.688273,34.81,62.609903369994115,0
-9.09,3.686994,34.81,63.06346010171025,0
15.31,3.686994,34.79,63.06346010171025,0
35.32,3.688273,34.79,63.06346010171025,0
-39.36,3.683156,34.79,63.06346010171025,0
43.15,3.684436,34.79,63.071388124885914,0
30.72,3.683156,34.81,63.06346010171025,0
-61.32,3.684436,34.81,62.609903369994115,0
34.18,3.680598,34.81,63.06346010171025,0
16.22,3.685715,34.81,62.609903369994115,0
-43.7,3.683156,34.81,63.52952069707436,0
22.44,3.681877,34.81,63.13477647065839,0
-15.74,3.685715,34.81,63.13477647065839,0
-8.33,3.678039,34.81,63.14269553954757,0
11.9,3.679319,34.77,62.65780079128216,0
-26.97,3.669085,34.77,63.14269553954757,0
31.19,3.67676,34.77,63.13477647065839,0
36.14,3.675481,34.77,62.65780079128216,0
-42.77,3.675481,34.79,63.14269553954757,0
29.64,3.671643,34.79,63.14269553954757,0
17.22,3.672922,34.79,63.14269553954757,0
-65.33,3.675481,34.79,62.64982043070834,0
28.81,3.674201,34.79,63.13477647065839,0
10.59,3.67676,34.79,63.14269553954757,0
-23.38,3.671643,34.79,62.65780079128216,0
20.43,3.671643,34.79,62.65780079128216,0
-24.81,3.656292,34.79,62.65780079128216,0
23.37,3.675481,34.79,62.65780079128216,0
19.89,3.666526,34.79,63.14269553954757,0
-64.57,3.669085,34.79,63.14269553954757,0
34.94,3.663968,34.79,63.14269553954757,0
9.4,3.671643,34.79,63.14269553954757,0
-46.71,3.665247,34.79,63.14269553954757,0
30.76,3.670364,34.79,63.14269553954757,0
-4.34,3.671643,34.79,63.14269553954757,0
-1.66,3.674201,34.79,62.26556030423239,0
21.36,3.666526,34.79,62.65780079128216,0
-30.33,3.669085,34.79,63.13477647065839,0
36.78,3.666526,34.79,63.14269553954757,0
16.75,3.670364,34.79,63.14269553954757,0
-68.49,3.661409,34.79,63.13477647065839,0
25.41,3.662688,34.79,63.13477647065839,0
-3.36,3.663968,34.81,63.14269553954757,0
-13.22,3.663968,34.81,63.63961030678928,0
23.7,3.661409,34.81,62.27358990776106,0
-34.96,3.665247,34.81,62.77738446287803,0
35.42,3.662688,34.79,62.77738446287803,0
25.24,3.667805,34.79,62.77738446287803,0
-70.14,3.66013,34.79,62.77738446287803,0
30.45,3.670364,34.79,62.77738446287803,0
5.71,3.669085,34.81,62.76941930590086,0
-19.22,3.683156,34.81,63.63961030678928,0
22.11,3.685715,34.81,63.14269553954757,0
-24.28,3.685715,34.81,63.14269553954757,0
35.48,3.684436,34.77,63.14269553954757,0
22.68,3.683156,34.77,62.27358990776106,0
-64.77,3.681877,34.77,62.27358990776106,0
34.75,3.680598,34.77,63.14269553954757,0
2.47,3.679319,34.79,63.14269553954757,0
-63.16,3.67676,34.79,63.13477647065839,0
28.29,3.655013,34.79,63.14269553954757,0
2.02,3.666526,34.79,63.14269553954757,0
-15.4,3.667805,34.79,63.14269553954757,0
34.58,3.671643,34.79,63.14269553954757,0
-11.73,3.669085,34.79,63.13477647065839,0
6.41,3.66013,34.79,63.63961030678928,0
26.59,3.669085,34.77,63.14269553954757,0
-28.77,3.667805,34.77,63.14269553954757,0
30.66,3.667805,34.77,63.14269553954757,0
21.0,3.663968,34.77,63.14269553954757,0
-52.4,3.66013,34.79,62.27358990776106,0
34.06,3.661409,34.79,63.14269553954757,0
6.92,3.661409,34.79,63.14269553954757,0
-48.4,3.65885,34.79,63.14269553954757,0
15.46,3.661409,34.79,63.14269553954757,0
-25.39,3.657571,34.79,62.27358990776106,0
23.93,3.662688,34.79,63.14269553954757,0
13.08,3.655013,34.79,63.14269553954757,0
-73.39,3.65885,34.79,63.14269553954757,0
42.58,3.657571,34.79,63.14269553954757,0
7.8,3.657571,34.79,63.14269553954757,0
-45.07,3.648617,34.79,63.14269553954757,0
31.95,3.653733,34.77,63.14269553954757,0
-14.4,3.648617,34.77,63.14269553954757,0
21.99,3.652454,34.77,62.77738446287803,0
30.56,3.652454,34.77,63.14269553954757,0
-31.1,3.651175,34.77,63.14269553954757,0
40.92,3.651175,34.77,63.14269553954757,0
31.56,3.651175,34.77,63.14269553954757,0
-41.52,3.649896,34.77,63.14269553954757,0
42.16,3.648617,34.81,63.14269553954757,0
24.66,3.647337,34.81,63.13477647065839,0
-63.8,3.644779,34.81,63.14269553954757,0
34.44,3.6435,34.81,63.14269553954757,0
11.35,3.64222,34.79,63.14269553954757,0
-72.88,3.644779,34.79,63.14269553954757,0
30.77,3.64222,34.79,63.14269553954757,0
-2.23,3.6435,34.79,63.14269553954757,0
-27.76,3.639662,34.77,63.14269553954757,0
28.13,3.640941,34.77,63.14269553954757,0
-16.82,3.6435,34.77,63.14269553954757,0
18.25,3.640941,34.77,63.14269553954757,0
29.61,3.631986,34.77,63.14269553954757,0
-34.6,3.639662,34.77,63.14269553954757,0
33.47,3.637103,34.77,63.14269553954757,0
26.79,3.635824,34.77,63.14269553954757,0
-43.0,3.633265,34.77,63.14269553954757,0
37.74,3.635824,34.77,63.14269553954757,0
25.2,3.633265,34.77,63.14269553954757,0
-57.31,3.634545,34.77,63.14269553954757,0
35.91,3.630707,34.79,63.14269553954757,0
8.54,3.637103,34.79,63.14269553954757,0
-61.72,3.628149,34.79,63.14269553954757,0
24.58,3.630707,34.79,63.14269553954757,0
-7.03,3.621752,34.79,63.14269553954757,0
-12.9,3.631986,34.79,63.14269553954757,0
27.46,3.621752,34.79,63.14269553954757,0
-19.97,3.629428,34.79,63.14269553954757,0
21.93,3.621752,34.79,63.14269553954757,0
29.17,3.629428,34.79,63.14269553954757,0
-31.33,3.621752,34.79,63.14269553954757,0
32.53,3.626869,34.79,63.14269553954757,0
24.79,3.624311,34.79,63.14269553954757,0
-45.16,3.62559,34.79,63.14269553954757,0
37.6,3.617914,34.79,63.14269553954757,0
17.67,3.614077,34.79,63.14269553954757,0
-69.69,3.615356,34.81,63.14269553954757,0
31.4,3.614077,34.81,63.14269553954757,0
12.72,3.610239,34.81,63.14269553954757,0
-75.77,3.612797,34.81,63.14269553954757,0
33.93,3.60896,34.79,63.14269553954757,0
11.97,3.60896,34.79,63.14269553954757,0
-70.53,3.606401,34.79,63.14269553954757,0
31.2,3.60896,34.79,63.14269553954757,0
7.63,3.605122,34.77,63.14269553954757,0
-56.09,3.612797,34.77,63.14269553954757,0
25.46,3.602563,34.77,63.14269553954757,0
-3.85,3.607681,34.77,63.14269553954757,0
-1.2,3.603843,34.77,63.14269553954757,0
17.96,3.606401,34.77,63.14269553954757,0
-34.4,3.584654,34.77,63.14269553954757,0
32.82,3.600005,34.77,63.13477647065839,0
19.97,3.600005,34.77,63.14269553954757,0
-72.68,3.603843,34.77,63.14269553954757,0
41.48,3.603843,34.77,63.14269553954757,0
20.49,3.601284,34.77,63.14269553954757,0
-68.73,3.601284,34.77,63.14269553954757,0
36.45,3.597446,34.77,63.14269553954757,0
5.66,3.600005,34.77,63.14269553954757,0
-34.39,3.597446,34.77,63.14269553954757,0
27.3,3.598726,34.79,63.14269553954757,0
-9.3,3.601284,34.79,63.14269553954757,0
21.31,3.598726,34.79,63.14269553954757,0
22.87,3.596167,34.79,63.14269553954757,0
-46.02,3.597446,34.77,63.14269553954757,0
40.67,3.601284,34.77,63.14269553954757,0
26.72,3.596167,34.77,63.8200595424354,0
-65.73,3.594888,34.77,63.52164985262898,0
42.77,3.59105,34.79,62.01612693485461,0
37.09,3.597446,34.79,63.92182725798755,0
-53.02,3.588492,34.79,63.0158710167526,0
-14.4,3.59105,34.79,63.631753079732135,0
25.44,3.589771,34.77,63.03967004989794,0
-6.68,3.59233,34.77,62.20932405998316,0
-47.37,3.587213,34.77,62.20932405998316,0
44.23,3.587213,34.77,62.80923498976882,0
20.5,3.585933,34.79,62.65780079128216,0
-51.37,3.589771,34.79,63.26136261573884,0
27.76,3.585933,34.79,62.0403094769844,0
0.45,3.580816,34.79,63.15853069855251,0
-64.24,3.584654,34.79,63.13477647065839,0
25.85,3.583375,34.79,62.51399843235114,0
1.51,3.582095,34.79,63.419239982831705,0
-38.82,3.579537,34.79,62.80923498976882,0
25.29,3.583375,34.79,63.0158710167526,0
0.25,3.583375,34.79,62.20932405998316,0
-4.33,3.583375,34.79,62.20932405998316,0
47.65,3.583375,34.79,62.20932405998316,0
-5.11,3.582095,34.77,62.80923498976882,0
19.45,3.579537,34.77,62.80923498976882,0
19.34,3.57442,34.77,62.20932405998316,0
-33.4,3.578258,34.77,63.0158710167526,0
31.25,3.575699,34.73,63.0158710167526,0
18.3,3.575699,34.73,63.0158710167526,0
-47.73,3.571862,34.73,62.20932405998316,0
23.27,3.573141,34.73,63.0158710167526,0
3.56,3.568024,34.77,62.20932405998316,0
-30.77,3.570582,34.77,63.0158710167526,0
9.94,3.569303,34.77,63.0158710167526,0
-18.51,3.570582,34.77,63.0158710167526,0
13.2,3.564186,34.79,63.0158710167526,0
13.48,3.564186,34.79,63.0158710167526,0
-40.88,3.562907,34.79,63.0158710167526,0
24.36,3.562907,34.79,62.20932405998316,0
11.89,3.559069,34.77,63.0158710167526,0
-53.81,3.562907,34.77,63.0158710167526,0
25.22,3.559069,34.77,62.20932405998316,0
9.37,3.55779,34.77,62.20932405998316,0
-53.53,3.55651,34.77,63.0158710167526,0
21.05,3.560348,34.77,63.0158710167526,0
6.79,3.552673,34.77,63.0158710167526,0
-37.3,3.55651,34.77,62.20932405998316,0
16.14,3.547556,34.79,63.0158710167526,0
-5.14,3.555231,34.79,63.0158710167526,0
-9.53,3.548835,34.79,63.0158710167526,0
16.63,3.553952,34.79,62.20932405998316,0
-15.72,3.546276,34.75,63.0158710167526,0
2.36,3.551394,34.75,63.0158710167526,0
20.6,3.547556,34.75,63.0158710167526,0
-17.29,3.550114,34.75,62.20932405998316,0
11.5,3.550114,34.77,63.26136261573884,0
20.91,3.550114,34.77,62.63385665915839,0
-18.53,3.544997,34.77,62.63385665915839,0
13.96,3.543718,34.77,62.63385665915839,0
24.31,3.543718,34.75,63.4428877022476,0
-3.7,3.551394,34.75,60.909769331364245,0
23.05,3.551394,34.75,61.59545437773797,0
26.24,3.548835,34.75,63.53739056650029,0
5.49,3.542439,34.75,56.73623181001713,0
25.42,3.533484,34.75,65.68104749469211,0
-60.3,3.497665,34.75,65.54387843269576,0
-74.13,3.47208,34.75,71.76350047203663,0
-75.72,3.441378,34.77,62.36184731067546,0
-57.5,3.488563,34.77,63.89835678638379,0
-180.73,3.49368,34.77,62.56996084384263,0
220.02,3.506473,34.77,62.56996084384263,0
237.02,3.506473,34.77,62.65780079128216,0
-34.77,3.520545,34.77,56.16938667993447,0
19.32,3.521824,34.77,63.984373092185564,0
2.2,3.532058,34.77,63.245553203367585,0
-6.86,3.52822,34.77,62.177166226839255,0
38.39,3.529499,34.77,63.071388124885914,0
-38.01,3.526941,34.77,62.81719509815764,0
-25.34,3.526941,34.77,62.07253821135398,0
7.46,3.525661,34.75,62.65780079128216,0
-73.27,3.523103,34.75,62.41794613730894,0
48.76,3.526941,34.75,62.77738446287803,0
11.99,3.524382,34.75,62.95236294214857,0
-50.29,3.524382,34.77,64.72248450113763,0
24.06,3.520545,34.77,61.741396161732524,0
-15.27,3.523103,34.77,62.80127387243033,0
18.06,3.51159,34.77,62.40192304729078,0
15.91,3.521824,34.79,62.40192304729078,0
-21.44,3.521824,34.79,62.40192304729078,0
36.12,3.520545,34.79,62.40192304729078,0
8.76,3.515428,34.79,62.40192304729078,0
-68.91,3.51159,34.75,63.52952069707436,0
45.01,3.515428,34.75,59.74110812497538,0
9.21,3.516707,34.75,74.42445834535849,0
-68.36,3.520545,34.75,64.20280367709809,0
51.21,3.542292,34.77,67.03730304837748,0
63.13,3.553805,34.77,61.814237842102365,0
77.69,3.576832,34.77,62.24949798994366,0
-27.4,3.547409,34.77,61.424750711744856,0
-300.88,3.548688,34.77,55.98214000911362,0
-28.89,3.571715,34.77,66.46803743153546,0
90.5,3.59602,34.77,62.42595614005443,0
-21.18,3.567877,34.77,61.26173356998641,0
-70.84,3.575552,34.75,60.207972893961475,0
-77.18,3.575552,34.75,63.06346010171025,0
-27.4,3.574273,34.75,62.6418390534633,0
117.84,3.574273,34.75,63.694583757176716,0
128.02,3.574273,34.77,62.20128616033595,0
30.88,3.570435,34.77,62.94441992742486,0
-47.55,3.571715,34.77,62.94441992742486,0
-135.3,3.571715,34.77,63.2771680782255,0
24.04,3.567877,34.77,62.94441992742486,0
-2.93,3.567877,34.77,62.94441992742486,0
79.5,3.56276,34.77,62.94441992742486,0
39.58,3.564039,34.77,62.94441992742486,0
-55.73,3.564039,34.77,62.20128616033595,0
11.66,3.564039,34.77,62.72160712226688,0
-59.32,3.561481,34.77,61.99193495931547,0
37.84,3.564039,34.77,62.72160712226688,0
19.47,3.56276,34.79,62.72160712226688,0
-63.95,3.56276,34.79,61.47357155721473,0
47.02,3.557643,34.79,62.8887907341205,0
12.89,3.56276,34.79,62.64982043070834,0
73.47,3.552526,34.77,63.45864795282043,0
12.87,3.553805,34.77,61.71709649683789,0
-65.99,3.555084,34.77,62.77738446287803,0
59.46,3.56276,34.77,62.75348595894893,0
11.51,3.552526,34.79,61.87891401761993,0
-90.38,3.564039,34.79,63.0,0
29.86,3.558922,34.79,62.83311228962003,0
-125.98,3.557643,34.79,62.24949798994366,0
33.47,3.555084,34.77,63.221831672294975,0
104.58,3.560201,34.77,62.976185975335156,0
-34.63,3.553805,34.77,61.106464469808756,0
64.54,3.557643,34.77,63.0,0
58.66,3.552526,34.79,61.886993787063204,0
14.64,3.569156,34.79,64.31174076325411,0
228.05,3.558922,34.79,63.0,0
-535.5,3.556364,34.79,70.178344238091,0
-160.52,3.542292,34.79,61.34329629226001,0
176.38,3.558922,34.79,64.96922348312314,0
124.16,3.561481,34.79,57.28001396647874,0
255.61,3.561481,34.79,62.369864518050704,0
-138.84,3.552526,34.77,65.98484674529449,0
-153.95,3.552526,34.77,56.97367813297646,0
86.25,3.521824,34.77,60.909769331364245,0
69.37,3.519265,34.77,61.30252849597641,0
72.11,3.512869,34.79,61.30252849597641,0
-1.43,3.514148,34.79,67.82329983125268,0
-115.5,3.519265,34.79,61.69278726074872,0
70.69,3.534616,34.79,62.81719509815764,0
19.36,3.52822,34.79,62.056425936400814,0
105.09,3.541013,34.79,62.42595614005443,0
-71.08,3.538454,34.79,62.56996084384263,0
61.49,3.542292,34.79,62.849025449882674,0
-60.65,3.538454,34.81,62.849025449882674,0
-88.05,3.547409,34.81,62.77738446287803,0
-21.99,3.538454,34.81,62.77738446287803,0
11.08,3.547409,34.81,62.77738446287803,0
-24.17,3.543571,34.77,62.77738446287803,0
42.42,3.548688,34.77,62.77738446287803,0
6.52,3.541013,34.77,62.77738446287803,0
-47.73,3.541013,34.77,62.77738446287803,0
12.77,3.535896,34.81,62.77738446287803,0
-12.03,3.539733,34.81,62.77738446287803,0
39.76,3.535896,34.81,62.77738446287803,0
3.22,3.537175,34.81,62.77738446287803,0
-45.2,3.530779,34.83,62.77738446287803,0
13.08,3.52822,34.83,62.77738446287803,0
-9.93,3.52822,34.83,62.77738446287803,0
20.07,3.532058,34.83,62.77738446287803,0
1.84,3.526941,34.79,62.77738446287803,0
-30.15,3.532058,34.79,62.77738446287803,0
29.14,3.525661,34.79,62.77738446287803,0
5.45,3.525661,34.79,62.77738446287803,0
-42.66,3.523103,34.83,62.77738446287803,0
12.21,3.530779,34.83,62.77738446287803,0
0.55,3.521824,34.83,62.77738446287803,0
-37.47,3.523103,34.83,62.77738446287803,0
7.06,3.514148,34.79,62.77738446287803,0
-5.09,3.521824,34.79,62.77738446287803,0
-34.04,3.517986,34.79,62.77738446287803,0
4.52,3.520545,34.79,62.72160712226688,0
-8.92,3.519265,34.81,61.45730225123781,0
-6.33,3.535896,34.81,63.095166217389426,0
1.55,3.547409,34.81,64.41273166075166,0
15.32,3.542292,34.81,58.83026432033091,0
37.74,3.558922,34.79,61.5223536610881,0
25.08,3.551247,34.79,63.76519426771944,0
-24.76,3.526941,34.79,63.608175575157006,0
-1.33,3.521824,34.79,62.465990746965666,0
-157.64,3.521824,34.83,62.96824596572466,0
13.72,3.524382,34.83,62.6418390534633,0
22.59,3.519265,34.83,62.6418390534633,0
-19.22,3.517986,34.83,62.6418390534633,0
-2.18,3.514148,34.83,62.6418390534633,0
10.7,3.519265,34.83,62.177166226839255,0
-8.13,3.512869,34.83,62.6418390534633,0
72.5,3.517986,34.83,62.6418390534633,0
16.52,3.510311,34.83,62.6418390534633,0
-32.45,3.515428,34.83,62.6418390534633,0
26.21,3.503914,34.83,62.6418390534633,0
-6.47,3.515428,34.83,62.6418390534633,0
28.17,3.507752,34.81,62.6418390534633,0
24.98,3.514148,34.81,62.6418390534633,0
-12.6,3.507752,34.81,62.6418390534633,0
1.73,3.509031,34.81,62.96824596572466,0
20.61,3.505193,34.81,61.84658438426491,0
2.09,3.51159,34.81,62.6418390534633,0
-45.44,3.505193,34.81,62.177166226839255,0
21.39,3.502635,34.81,63.15853069855251,0
3.14,3.501356,34.83,61.84658438426491,0
-16.17,3.498797,34.83,63.94528911499267,0
20.51,3.489842,34.83,62.56196927846821,0
35.48,3.484725,34.83,62.8410693734599,0
36.07,3.496239,34.83,60.96720429870473,0
16.99,3.505193,34.83,62.96824596572466,0
-27.07,3.503914,34.83,62.177166226839255,0
-85.75,3.506473,34.83,62.52199612936234,0
-23.31,3.509031,34.81,62.465990746965666,0
-24.26,3.509031,34.81,62.96824596572466,0
-40.31,3.507752,34.81,60.44832503882965,0
49.16,3.509031,34.81,61.66846844214635,0
55.41,3.515428,34.83,61.465437442517235,0
-39.53,3.583228,34.83,64.38167441127949,0
44.21,3.576832,34.83,61.741396161732524,0
197.48,3.598579,34.83,62.44197306299666,0
27.21,3.5973,34.83,61.75759062657804,0
-426.36,3.5973,34.83,64.79197481170026,0
-40.53,3.615209,34.83,62.88083968904996,0
72.1,3.621605,34.83,62.88083968904996,0
36.56,3.617768,34.83,61.5223536610881,0
-7.22,3.616488,34.83,62.976185975335156,0
29.14,3.634398,34.83,63.05553108173778,0
16.35,3.634398,34.83,62.321745803531535,0
48.79,3.628002,34.81,62.321745803531535,0
149.59,3.616488,34.81,61.163714733492114,0
-110.37,3.610092,34.81,61.04096984812741,0
-160.14,3.607534,34.81,63.4428877022476,0
3.45,3.608813,34.81,62.26556030423239,0
-50.52,3.59602,34.81,60.61352984276695,0
18.33,3.592183,34.81,56.471231613982,0
-50.67,3.619047,34.81,62.78534860936905,0
-19.06,3.608813,34.81,62.65780079128216,0
91.54,3.599858,34.81,61.84658438426491,0
283.45,3.593462,34.81,61.98386886924694,0
-305.67,3.61393,34.81,63.166446789415026,0
-121.61,3.602417,34.81,62.37788069500277,0
65.14,3.59602,34.81,63.48228099241551,0
196.3,3.587066,34.81,62.321745803531535,0
-206.7,3.599858,34.81,62.68173577685928,0
-2.43,3.601137,34.83,61.97580172938467,0
119.7,3.599858,34.83,62.68173577685928,0
104.63,3.601137,34.83,59.23681287847955,0
-138.13,3.624164,34.83,62.80923498976882,0
37.14,3.619047,34.81,63.60031446463138,0
107.49,3.599858,34.81,60.34898507845845,0
160.76,3.604975,34.81,63.48228099241551,0
-218.26,3.621605,34.81,62.465990746965666,0
49.29,3.611371,34.81,62.68173577685928,0
303.43,3.608813,34.81,61.38403701289123,0
111.35,3.612651,34.81,60.207972893961475,0
-341.87,3.633119,34.81,61.5223536610881,0
-573.96,3.628002,34.81,60.61352984276695,0
354.43,3.617768,34.81,63.53739056650029,0
359.47,3.61393,34.81,63.13477647065839,0
-519.1,3.624164,34.81,62.321745803531535,0
-144.03,3.622885,34.83,62.321745803531535,0
179.75,3.624164,34.83,62.321745803531535,0
219.36,3.612651,34.83,64.10148204214939,0
-88.61,3.625443,34.83,60.844062980705026,0
4.0,3.638236,34.81,63.12685640834652,0
235.44,3.63184,34.81,61.497967446087195,0
373.16,3.63184,34.81,64.35060217278468,0
-171.14,3.644632,34.81,62.80923498976882,0
-593.66,3.640794,34.84,63.85138996137829,0
311.29,3.64847,34.84,63.63961030678928,0
86.82,3.64719,34.84,63.190189111918315,0
-380.93,3.63184,34.84,61.5223536610881,0
367.51,3.639515,34.83,61.85466837676846,0
-268.91,3.636956,34.83,62.313722405261586,0
-323.29,3.64847,34.83,60.876925020897694,0
101.83,3.639515,34.83,63.51377803280167,0
166.72,3.642073,34.84,60.54750201288241,0
126.07,3.645911,34.84,61.40032573203501,0
124.59,3.628002,34.84,62.8887907341205,0
37.71,3.598579,34.84,62.489999199871974,0
-65.11,3.594741,34.87,60.54750201288241,0
-168.63,3.593462,34.87,62.617888817813075,0
-26.97,3.585786,34.87,63.31666447310692,0
-10.99,3.602417,34.87,63.198101237299845,0
-20.14,3.607534,34.84,60.94259594077036,0
10.59,3.612651,34.84,62.26556030423239,0
79.7,3.612651,34.84,62.369864518050704,0
87.31,3.606254,34.84,63.387695966961914,0
44.74,3.603696,34.84,62.12889826803627,0
26.89,3.599858,34.84,63.166446789415026,0
32.1,3.592183,34.84,64.20280367709809,0
27.71,3.581949,34.84,62.96824596572466,0
33.36,3.57939,34.87,69.55573304911681,0
29.87,3.566598,34.87,72.56031973468694,0
15.53,3.555084,34.87,75.45859791965393,0
7.2,3.56276,34.87,56.16938667993447,0
80.78,3.569156,34.84,56.356011214421486,0
91.01,3.570435,34.84,74.02702209328699,0
-67.67,3.535896,34.84,64.389440128021,0
-182.77,3.546129,34.84,64.2339474110069,0
-92.35,3.543571,34.84,63.41135544995076,0
91.49,3.543571,34.84,62.369864518050704,0
28.5,3.535896,34.84,62.625873247404705,0
25.44,3.524382,34.84,63.54525946126902,0
-1.14,3.529499,34.87,64.02343321003646,0
-74.64,3.547409,34.87,65.0384501660364,0
-47.9,3.555084,34.87,63.96092557178953,0
-107.32,3.555084,34.87,57.16642371182581,0
2.66,3.549967,34.83,63.45864795282043,0
68.61,3.556364,34.83,62.5859409132754,0
2.95,3.566598,34.83,64.24951361683604,0
133.25,3.566598,34.83,65.29931086925804,0
170.41,3.569156,34.87,63.608175575157006,0
77.37,3.569156,34.87,61.163714733492114,0
49.07,3.566598,34.87,64.34283176858165,0
-98.18,3.552526,34.87,63.50590523722971,0
-82.67,3.555084,34.87,62.07253821135398,0
-143.81,3.555084,34.87,61.78996682310163,0
-107.04,3.555084,34.87,62.24949798994366,0
8.28,3.552526,34.87,62.49799996799898,0
9.47,3.551247,34.87,62.489999199871974,0
20.65,3.552526,34.87,61.424750711744856,0
-16.74,3.547409,34.87,61.87891401761993,0
-6.11,3.546129,34.87,59.74110812497538,0
7.77,3.546129,34.87,60.207972893961475,0
-65.22,3.543571,34.87,63.45076831686122,0
3.21,3.535896,34.87,61.424750711744856,0
-6.78,3.542292,34.87,64.81512169239521,0
0.47,3.538454,34.87,62.617888817813075,0
2.46,3.538454,34.87,61.56297588648554,0
-46.7,3.537175,34.87,76.43951857514541,0
18.41,3.530779,34.87,58.146367040426526,0
-8.85,3.520545,34.87,52.839379254491625,0
20.2,3.479609,34.87,63.82789358893179,0
-7.23,3.52822,34.87,63.671029518926424,0
-14.54,3.515428,34.87,64.16385275215322,0
178.44,3.506473,34.84,64.93843238021688,0
152.59,3.497518,34.84,63.00793600809346,0
-168.84,3.498797,34.84,55.10898293381942,0
-193.51,3.502635,34.84,66.76076692189807,0
-140.99,3.415646,34.84,68.27151675479314,0
17.5,3.588345,34.84,55.66866263886712,0
-2.15,3.608813,34.84,63.592452382338585,0
254.44,3.658704,34.84,61.66846844214635,0
188.04,3.680451,34.87,62.297672508690084,0
27.57,3.69964,34.87,64.66838485689897,0
-8.31,3.703477,34.87,61.91930232165088,0
-28.25,3.700919,34.87,62.65780079128216,0
100.45,3.704757,34.84,63.079315151640635,0
-58.07,3.69964,34.84,63.079315151640635,0
-49.11,3.691964,34.84,63.095166217389426,0
1.08,3.68173,34.84,62.6418390534633,0
-43.98,3.680451,34.87,62.6418390534633,0
-31.69,3.674055,34.87,62.6418390534633,0
-16.68,3.674055,34.87,62.617888817813075,0
-36.31,3.667659,34.87,62.617888817813075,0
7.39,3.667659,34.89,65.83312236253116,0
-15.88,3.659983,34.89,62.24949798994366,0
-8.28,3.658704,34.89,62.24146527838174,0
-13.94,3.644632,34.89,62.77738446287803,0
-62.38,3.649749,34.91,63.15853069855251,0
-103.73,3.64719,34.91,63.15853069855251,0
-35.79,3.644632,34.91,63.15853069855251,0
65.48,3.644632,34.91,63.15853069855251,0
38.68,3.642073,34.89,63.15853069855251,0
-23.54,3.640794,34.89,63.15853069855251,0
38.73,3.642073,34.89,63.15853069855251,0
-5.03,3.645911,34.89,63.166446789415026,0
40.28,3.643353,34.91,62.76941930590086,0
26.9,3.638236,34.91,62.76941930590086,0
-42.02,3.63056,34.91,62.77738446287803,0
37.07,3.633119,34.91,62.24146527838174,0
14.06,3.633119,34.89,63.15853069855251,0
-24.37,3.629281,34.89,63.15853069855251,0
23.44,3.626722,34.89,63.15853069855251,0
-16.47,3.629281,34.89,62.24146527838174,0
22.37,3.626722,34.89,63.15853069855251,0
21.96,3.629281,34.89,63.166446789415026,0
-30.32,3.608813,34.89,62.77738446287803,0
34.18,3.620326,34.89,62.77738446287803,0
12.32,3.617768,34.89,62.76941930590086,0
-56.46,3.61393,34.89,63.15853069855251,0
22.81,3.621605,34.89,63.15853069855251,0
0.29,3.621605,34.89,62.77738446287803,0
-8.2,3.621605,34.89,63.15853069855251,0
12.17,3.621605,34.89,63.15853069855251,0
-27.71,3.619047,34.89,63.166446789415026,0
21.59,3.620326,34.89,63.15853069855251,0
8.65,3.608813,34.91,63.15853069855251,0
-53.38,3.620326,34.91,62.64982043070834,0
20.15,3.607534,34.91,63.166446789415026,0
-0.24,3.615209,34.91,62.65780079128216,0
-2.44,3.608813,34.91,63.76519426771944,0
9.52,3.624164,34.91,62.42595614005443,0
-15.36,3.625443,34.91,62.313722405261586,0
66.62,3.624164,34.91,62.313722405261586,0
139.87,3.617768,34.89,62.68173577685928,0
146.24,3.621605,34.89,62.68173577685928,0
-109.69,3.611371,34.89,62.68173577685928,0
-96.07,3.61393,34.89,62.68173577685928,0
-59.41,3.612651,34.89,62.68173577685928,0
-39.41,3.61393,34.89,62.68173577685928,0
-44.44,3.606254,34.89,62.68173577685928,0
14.53,3.602417,34.89,62.68173577685928,0
16.57,3.602417,34.89,62.68173577685928,0
-34.04,3.606254,34.89,62.68173577685928,0
18.85,3.598579,34.89,62.68173577685928,0
4.18,3.5973,34.89,62.68173577685928,0
-16.89,3.5973,34.89,62.68173577685928,0
19.75,3.602417,34.89,62.68173577685928,0
-9.64,3.5973,34.89,62.68173577685928,0
-7.25,3.598579,34.89,63.103090257134,0
23.47,3.592183,34.89,62.68173577685928,0
-1.88,3.5973,34.89,62.68173577685928,0
-53.58,3.584507,34.89,62.68173577685928,0
18.76,3.593462,34.89,62.68173577685928,0
-9.65,3.585786,34.89,62.68173577685928,0
-19.59,3.590903,34.89,62.65780079128216,0
14.12,3.585786,34.89,62.68173577685928,0
37.92,3.585786,34.89,62.68173577685928,0
-3.06,3.581949,34.89,62.68173577685928,0
-26.56,3.581949,34.89,62.68173577685928,0
14.05,3.581949,34.89,62.68173577685928,0
2.8,3.581949,34.89,62.68173577685928,0
-39.33,3.576832,34.89,62.68173577685928,0
15.55,3.574273,34.89,62.68173577685928,0
3.83,3.572994,34.89,62.68173577685928,0
-19.83,3.574273,34.89,62.68173577685928,0
14.85,3.569156,34.89,62.68173577685928,0
-7.59,3.571715,34.89,62.68173577685928,0
8.87,3.567877,34.89,62.68173577685928,0
15.94,3.567877,34.89,62.68173577685928,0
-29.07,3.565318,34.87,62.68173577685928,0
28.81,3.569156,34.87,62.68173577685928,0
15.36,3.566598,34.87,62.68173577685928,0
-52.74,3.566598,34.87,62.68173577685928,0
29.04,3.561481,34.89,62.68173577685928,0
9.36,3.567877,34.89,62.68173577685928,0
-47.79,3.56276,34.89,62.68173577685928,0
31.61,3.56276,34.89,62.68173577685928,0
11.23,3.564039,34.87,62.68173577685928,0
-54.22,3.561481,34.87,62.68173577685928,0
31.12,3.561481,34.87,62.68173577685928,0
19.25,3.558922,34.87,62.68173577685928,0
-39.43,3.560201,34.89,62.68173577685928,0
18.03,3.558922,34.89,62.68173577685928,0
27.44,3.560201,34.89,62.68173577685928,0
-15.65,3.551247,34.89,62.68173577685928,0
-4.09,3.553805,34.89,62.68173577685928,0
23.56,3.551247,34.89,62.68173577685928,0
-6.38,3.551247,34.89,62.68173577685928,0
-16.3,3.549967,34.89,62.68173577685928,0
18.39,3.549967,34.87,62.68173577685928,0
-12.21,3.539733,34.87,62.68173577685928,0
-22.52,3.548688,34.87,62.68173577685928,0
23.31,3.549967,34.87,62.68173577685928,0
-6.41,3.548688,34.87,62.68173577685928,0
-17.35,3.546129,34.87,62.68173577685928,0
24.12,3.523103,34.87,62.68173577685928,0
-9.96,3.533337,34.87,62.68173577685928,0
-7.8,3.535896,34.89,62.68173577685928,0
19.09,3.534616,34.89,63.103090257134,0
-15.29,3.535896,34.89,63.103090257134,0
7.31,3.532058,34.89,62.68173577685928,0
22.24,3.533337,34.89,62.68173577685928,0
-24.66,3.534616,34.89,63.103090257134,0
21.98,3.537175,34.89,62.68173577685928,0
20.23,3.530779,34.89,62.68173577685928,0
-34.61,3.535896,34.87,62.68173577685928,0
29.43,3.524382,34.87,63.103090257134,0
20.55,3.530779,34.87,63.103090257134,0
-43.34,3.525661,34.87,63.103090257134,0
31.56,3.52822,34.87,63.079315151640635,0
18.03,3.520545,34.87,63.103090257134,0
-51.75,3.524382,34.87,63.103090257134,0
27.09,3.520545,34.87,61.68468205316454,0
11.44,3.525661,34.87,62.94441992742486,0
-57.77,3.524382,34.87,63.190189111918315,0
0.09,3.521824,34.87,62.77738446287803,0
-87.63,3.519265,34.87,62.80127387243033,0
-90.6,3.512869,34.89,63.190189111918315,0
45.09,3.517986,34.89,62.77738446287803,0
42.97,3.515428,34.89,62.77738446287803,0
19.35,3.515428,34.89,62.77738446287803,0
49.24,3.514148,34.91,63.190189111918315,0
-17.87,3.514148,34.91,62.77738446287803,0
46.15,3.514148,34.91,62.77738446287803,0
48.27,3.514148,34.91,63.166446789415026,0
-52.88,3.514148,34.89,63.166446789415026,0
52.18,3.510311,34.89,62.24949798994366,0
18.32,3.51159,34.89,63.166446789415026,0
-31.44,3.507752,34.89,63.166446789415026,0
29.13,3.51159,34.87,63.166446789415026,0
-13.49,3.510311,34.87,62.24949798994366,0
36.5,3.509031,34.87,62.24949798994366,0
26.95,3.509031,34.87,62.24949798994366,0
-61.98,3.507752,34.87,63.166446789415026,0
40.93,3.507752,34.87,63.166446789415026,0
12.25,3.506473,34.87,63.166446789415026,0
-50.69,3.507752,34.87,62.65780079128216,0
34.13,3.507752,34.87,62.65780079128216,0
0.26,3.510311,34.87,62.65780079128216,0
-56.57,3.509031,34.87,62.65780079128216,0
34.33,3.523103,34.87,62.65780079128216,0
16.27,3.523103,34.91,62.65780079128216,0
-51.84,3.529499,34.91,63.079315151640635,0
31.52,3.525661,34.91,62.65780079128216,0
26.96,3.526941,34.91,62.65780079128216,0
-36.43,3.525661,34.89,62.65780079128216,0
26.32,3.526941,34.89,63.079315151640635,0
25.62,3.526941,34.89,63.071388124885914,0
-31.4,3.523103,34.89,62.65780079128216,0
17.16,3.519265,34.87,62.65780079128216,0
28.09,3.515428,34.87,62.65780079128216,0
-28.04,3.516707,34.87,62.65780079128216,0
-5.9,3.514148,34.87,62.65780079128216,0
22.73,3.514148,34.87,62.65780079128216,0
-13.72,3.515428,34.87,62.65780079128216,0
-5.95,3.506473,34.87,62.65780079128216,0
18.77,3.515428,34.87,62.65780079128216,0
-18.33,3.512869,34.89,62.65780079128216,0
15.5,3.520545,34.89,62.65780079128216,0
14.84,3.512869,34.89,62.65780079128216,0
-39.48,3.515428,34.89,62.65780079128216,0
25.67,3.505193,34.89,62.65780079128216,0
16.75,3.515428,34.89,63.079315151640635,0
-61.43,3.509031,34.89,63.51377803280167,0
26.12,3.509031,34.89,63.071388124885914,0
8.99,3.506473,34.89,62.65780079128216,0
-61.4,3.507752,34.89,63.13477647065839,0
21.05,3.502635,34.89,62.6418390534633,0
1.79,3.506473,34.89,62.177166226839255,0
5.49,3.502635,34.89,62.609903369994115,0
10.2,3.503914,34.89,63.53739056650029,0
-39.58,3.498797,34.89,62.64982043070834,0
21.36,3.49368,34.89,63.52952069707436,0
16.11,3.49496,34.89,62.64982043070834,0
-58.5,3.500077,34.89,62.64982043070834,0
36.09,3.479609,34.89,62.64982043070834,0
6.7,3.489842,34.89,62.64982043070834,0
-17.8,3.49368,34.87,62.65780079128216,0
21.82,3.492401,34.87,62.64982043070834,0
-20.04,3.49496,34.87,62.64982043070834,0
30.04,3.496239,34.87,62.64982043070834,0
18.32,3.49496,34.87,62.64982043070834,0
-51.12,3.492401,34.87,62.64982043070834,0
27.0,3.484725,34.87,62.64982043070834,0
4.76,3.489842,34.87,62.64982043070834,0
-8.22,3.489842,34.89,62.64982043070834,0
16.67,3.489842,34.89,62.64982043070834,0
-31.37,3.492401,34.89,62.64982043070834,0
32.95,3.491122,34.89,62.64982043070834,0
15.1,3.491122,34.87,62.64982043070834,0
-52.45,3.49368,34.87,62.64982043070834,0
24.78,3.491122,34.87,62.617888817813075,0
-6.22,3.489842,34.87,63.06346010171025,0
14.13,3.488563,34.89,63.071388124885914,0
28.79,3.482167,34.89,62.617888817813075,0
-27.5,3.488563,34.89,63.071388124885914,0
31.93,3.478329,34.89,63.06346010171025,0
24.09,3.484725,34.87,63.06346010171025,0
-34.27,3.482167,34.87,63.06346010171025,0
33.25,3.480888,34.87,63.06346010171025,0
24.03,3.471933,34.87,63.06346010171025,0
-43.13,3.480888,34.84,62.609903369994115,0
29.13,3.479609,34.84,63.06346010171025,0
15.62,3.478329,34.84,62.617888817813075,0
-59.3,3.474492,34.84,63.06346010171025,0
24.8,3.469374,34.84,63.06346010171025,0
5.6,3.471933,34.84,63.06346010171025,0
-53.11,3.473212,34.84,63.071388124885914,0
25.1,3.469374,34.84,63.06346010171025,0
-8.09,3.468095,34.89,63.06346010171025,0
-10.94,3.468095,34.89,63.06346010171025,0
9.64,3.469374,34.89,63.953107821277925,0
-24.47,3.468095,34.89,62.5939294181153,0
27.77,3.487284,34.84,62.5939294181153,0
24.8,3.488563,34.84,62.5939294181153,0
-17.36,3.49368,34.84,63.06346010171025,0
146.35,3.487284,34.84,63.071388124885914,0
33.99,3.487284,34.87,62.64982043070834,0
-90.6,3.480888,34.87,62.94441992742486,0
-28.71,3.480888,34.87,62.94441992742486,0
-91.71,3.475771,34.87,63.25345840347388,0
-50.47,3.47705,34.87,63.25345840347388,0
12.66,3.471933,34.87,63.25345840347388,0
-29.32,3.474492,34.87,63.25345840347388,0
41.65,3.474492,34.87,62.94441992742486,0
26.57,3.474492,34.84,63.25345840347388,0
-31.14,3.473212,34.84,63.25345840347388,0
27.37,3.466816,34.84,63.25345840347388,0
-8.75,3.471933,34.84,62.63385665915839,0
19.87,3.470654,34.87,62.297672508690084,0
15.34,3.469374,34.87,61.98386886924694,0
-51.38,3.466816,34.87,62.94441992742486,0
27.87,3.465537,34.87,61.99193495931547,0
5.05,3.462978,34.87,63.25345840347388,0
-4.83,3.465537,34.87,63.57672530100933,0
15.09,3.459141,34.87,63.57672530100933,0
-37.54,3.465537,34.87,62.30569797378086,0
37.3,3.462978,34.84,63.25345840347388,0
16.81,3.461699,34.84,62.30569797378086,0
-45.61,3.459141,34.84,62.64982043070834,0
22.73,3.46042,34.84,63.34824385884742,0
-7.86,3.457861,34.87,63.15853069855251,0
29.16,3.462978,34.87,61.99193495931547,0
55.7,3.461699,34.87,62.177166226839255,0
4.4,3.465537,34.87,62.37788069500277,0
55.95,3.457861,34.89,62.82515419798029,0
-36.18,3.461699,34.89,62.849025449882674,0
-89.44,3.456582,34.89,63.071388124885914,0
-16.73,3.457861,34.89,63.071388124885914,0
-40.86,3.446348,34.87,63.095166217389426,0
35.07,3.454023,34.87,63.095166217389426,0
8.66,3.450186,34.87,61.84658438426491,0
-45.6,3.459141,34.87,62.65780079128216,0
33.06,3.462978,34.84,60.6217782649107,0
14.85,3.459141,34.84,71.31619731870173,0
67.68,3.448906,34.84,61.30252849597641,0
44.65,3.446348,34.84,65.6505902486794,0
-8.24,3.419484,34.84,66.10597552415364,0
-49.2,3.384944,34.84,100.13490899781155,0
-371.75,3.411808,34.84,60.149812967290266,0
-114.03,3.478329,34.84,62.10475022089695,0
-121.54,3.482167,34.83,59.81638571495272,0
228.23,3.474492,34.83,63.97655820689325,0
574.17,3.47705,34.83,61.40032573203501,0
-25.14,3.483446,34.83,76.38717169787084,0
-98.14,3.489842,34.84,62.44197306299666,0
5.43,3.491122,34.84,56.1159513863928,0
-95.19,3.486005,34.84,71.0,0
-80.86,3.482167,34.84,67.80855403265875,0
-82.19,3.468095,34.87,63.984373092185564,0
3.8,3.482167,34.87,64.72248450113763,0
18.53,3.433555,34.87,61.862751312886175,0
-79.28,3.423321,34.87,50.950956811427986,0
39.89,3.434835,34.84,72.44998274671983,0
73.18,3.448906,34.84,60.44832503882965,0
63.07,3.464257,34.84,68.8839603971781,0
164.22,3.478329,34.84,65.98484674529449,0
128.56,3.502635,34.87,62.49799996799898,0
-112.45,3.521824,34.87,60.51446108162907,0
-184.74,3.529499,34.87,60.83584469702052,0
-4.13,3.512869,34.87,64.389440128021,0
40.3,3.503914,34.87,59.016946718718,0
3.26,3.486005,34.87,62.20128616033595,0
-14.64,3.491122,34.87,61.497967446087195,0
-25.62,3.484725,34.87,59.93329625508679,0
-63.49,3.484725,34.84,66.85057965343307,0
-20.8,3.482167,34.84,67.67569726275453,0
-82.71,3.479609,34.84,65.03076195155643,0
-52.09,3.478329,34.84,61.497967446087195,0
-16.18,3.471933,34.84,64.01562309311689,0
52.17,3.469374,34.84,71.28113354878694,0
93.21,3.454023,34.84,45.53020975132884,0
18.61,3.456582,34.84,59.88321968631947,0
-48.52,3.445069,34.87,60.909769331364245,0
-17.26,3.455303,34.87,61.35144660071187,0
-147.14,3.448906,34.87,62.76941930590086,0
232.66,3.446348,34.87,63.72597586541927,0
3.07,3.443789,34.87,63.06346010171025,0
-99.5,3.445069,34.87,63.13477647065839,0
-9.04,3.434835,34.87,62.8410693734599,0
-27.82,3.445069,34.87,63.13477647065839,0
36.86,3.438673,34.87,63.13477647065839,0
-9.53,3.451465,34.87,61.886993787063204,0
40.61,3.438673,34.87,63.37191807101944,0
2.31,3.44251,34.87,63.60031446463138,0
-0.29,3.447627,34.87,63.60031446463138,0
14.61,3.451465,34.87,63.60031446463138,0
-27.56,3.447627,34.87,62.65780079128216,0
16.17,3.445069,34.87,63.2771680782255,0
-21.14,3.44251,34.89,63.60031446463138,0
19.36,3.447627,34.89,63.2771680782255,0
-7.83,3.441231,34.89,63.25345840347388,0
-0.13,3.44251,34.89,63.2771680782255,0
-2.04,3.438673,34.87,63.2771680782255,0
-29.74,3.443789,34.87,63.2771680782255,0
10.37,3.432276,34.87,63.2771680782255,0
-29.91,3.438673,34.87,63.2771680782255,0
23.59,3.433555,34.89,63.25345840347388,0
-5.7,3.439952,34.89,63.2771680782255,0
19.23,3.433555,34.89,63.2771680782255,0
1.62,3.438673,34.89,63.2771680782255,0
-24.35,3.430997,34.87,63.2771680782255,0
10.03,3.436114,34.87,63.2771680782255,0
-16.81,3.433555,34.87,63.60031446463138,0
28.07,3.430997,34.87,63.2771680782255,0
3.32,3.428438,34.89,63.63961030678928,0
-18.86,3.42588,34.89,63.2771680782255,0
11.4,3.428438,34.89,62.369864518050704,0
-8.07,3.430997,34.89,62.65780079128216,0
54.31,3.427159,34.91,65.79513659838392,0
11.49,3.436114,34.91,63.31666447310692,0
-68.42,3.434835,34.91,62.64982043070834,0
16.17,3.432276,34.91,62.22539674441618,0
10.9,3.430997,34.91,63.34824385884742,0
34.51,3.433555,34.91,61.00819617067857,0
-23.47,3.419484,34.91,63.03967004989794,0
-76.37,3.42588,34.91,63.198101237299845,0
3.39,3.418205,34.89,64.50581369148055,0
-3.17,3.427159,34.89,64.45153217728807,0
-19.28,3.42588,34.89,45.18849411078001,0
67.04,3.427159,34.89,69.31089380465383,0
18.94,3.414367,34.89,52.583267300539625,0
-34.16,3.388782,34.89,63.48228099241551,0
-0.67,3.377268,34.89,65.06150935845248,0
-201.53,3.338891,34.89,73.35529974037323,0
35.03,3.347846,34.87,62.6418390534633,0
86.84,3.349125,34.87,68.62215385719105,0
-103.09,3.367034,34.87,64.10148204214939,0
188.13,3.370872,34.87,63.31666447310692,0
27.1,3.382385,34.87,63.63961030678928,0
-26.69,3.373431,34.87,61.5223536610881,0
50.15,3.375989,34.87,65.37583651472461,0
-4.17,3.378548,34.87,67.74953874381728,0
35.83,3.384944,34.84,64.1404708432983,0
-19.54,3.382385,34.84,62.96824596572466,0
-68.73,3.382385,34.84,63.96092557178953,0
104.21,3.378548,34.84,63.150613615387776,0
13.5,3.375989,34.87,63.150613615387776,0
-44.35,3.372151,34.87,64.13267497929586,0
-21.93,3.368314,34.87,62.177166226839255,0
-30.79,3.369593,34.87,64.32728814430156,0
9.45,3.365755,34.87,64.5445582524197,0
-9.44,3.365755,34.87,63.56886030125127,0
-62.94,3.365755,34.87,62.5939294181153,0
4.87,3.363197,34.87,62.10475022089695,0
-15.88,3.365755,34.87,63.071388124885914,0
26.29,3.364476,34.87,63.071388124885914,0
12.81,3.367034,34.87,63.071388124885914,0
-23.95,3.363197,34.87,63.095166217389426,0
47.75,3.363197,34.84,63.095166217389426,0
2.27,3.3568,34.84,63.06346010171025,0
-64.19,3.359359,34.84,62.849025449882674,0
28.47,3.35808,34.84,63.56886030125127,0
1.76,3.354242,34.87,62.82515419798029,0
-61.23,3.35808,34.87,62.82515419798029,0
32.7,3.341449,34.87,62.5939294181153,0
-10.8,3.354242,34.87,63.592452382338585,0
-40.92,3.349125,34.87,62.82515419798029,0
20.43,3.354242,34.87,62.82515419798029,0
-24.48,3.346566,34.87,63.8200595424354,0
25.91,3.349125,34.87,62.849025449882674,0
18.16,3.34017,34.87,62.82515419798029,0
-31.67,3.346566,34.87,63.06346010171025,0
53.78,3.341449,34.87,61.85466837676846,0
5.81,3.345287,34.87,63.796551630946325,0
-67.88,3.341449,34.87,64.56779382943171,0
36.13,3.346566,34.87,62.5859409132754,0
-21.1,3.344008,34.87,63.095166217389426,0
8.31,3.344008,34.87,64.03905058634146,0
12.01,3.344008,34.87,62.82515419798029,0
-15.93,3.342729,34.87,65.0,0
41.77,3.336332,34.87,62.39390995922599,0
3.68,3.335053,34.87,62.76941930590086,0
-58.64,3.337612,34.87,62.16912416947821,0
24.78,3.337612,34.87,64.76109943476871,0
-18.87,3.337612,34.87,58.88972745734183,0
9.55,3.326098,34.87,61.29437168288782,0
13.55,3.318423,34.89,67.11929677819934,0
-65.79,3.304351,34.89,60.024994793835674,0
24.51,3.304351,34.89,63.835726674018524,0
20.33,3.297955,34.89,61.54673021371647,0
-19.26,3.30563,34.87,60.440052945046304,0
18.65,3.327378,34.87,63.72597586541927,0
-6.0,3.399016,34.87,57.67148342118486,0
89.58,3.422042,34.87,35.59494346111537,0
116.98,3.44251,34.89,66.59579566308972,0
211.82,3.441231,34.89,63.3798075099633,0
-210.16,3.456582,34.89,72.62231062146122,0
-62.86,3.44251,34.89,71.596089278675,0
-228.59,3.365755,34.87,74.67931440499437,0
47.95,3.349125,34.87,77.63375554486592,0
77.33,3.369593,34.87,61.84658438426491,0
-68.65,3.375989,34.87,64.17164482853778,0
-92.64,3.35808,34.89,63.0,0
-88.21,3.367034,34.89,56.789083458002736,0
-22.39,3.436114,34.89,66.2268827591938,0
110.23,3.445069,34.89,73.45747068882783,0
173.43,3.423321,34.89,70.44146506142529,0
125.68,3.395178,34.89,59.67411499134277,0
-251.92,3.359359,34.89,38.961519477556315,0
-50.84,3.383665,34.89,61.69278726074872,0
-38.96,3.436114,34.89,64.76109943476871,0
-35.44,3.443789,34.89,64.50581369148055,0
189.67,3.44251,34.89,62.928530890209096,0
80.75,3.451465,34.89,63.94528911499267,0
-14.36,3.454023,34.87,57.148928248918196,0
1.59,3.471933,34.87,67.90434448545984,0
-17.96,3.474492,34.87,64.31174076325411,0
20.32,3.468095,34.87,65.36818798161687,0
16.43,3.465537,34.89,59.93329625508679,0
-31.23,3.468095,34.89,63.72597586541927,0
72.21,3.455303,34.89,60.14149981501958,0
-5.38,3.450186,34.89,64.87680633323437,0
-41.25,3.443789,34.91,61.065538563088104,0
-26.41,3.438673,34.91,59.64059020499378,0
9.52,3.400295,34.91,66.88049042882386,0
-6.22,3.39134,34.91,63.54525946126902,0
36.91,3.393899,34.91,60.489668539346454,0
63.22,3.399016,34.91,64.16385275215322,0
-275.63,3.392619,34.91,63.095166217389426,0
-16.27,3.388782,34.91,63.03967004989794,0
11.28,3.387502,34.87,61.886993787063204,0
-49.92,3.392619,34.87,63.953107821277925,0
35.42,3.384944,34.87,61.68468205316454,0
-38.34,3.388782,34.87,61.644140029689765,0
74.64,3.384944,34.89,62.71363488110062,0
27.13,3.386223,34.89,62.71363488110062,0
-23.22,3.375989,34.89,62.65780079128216,0
46.56,3.382385,34.89,63.419239982831705,0
2.62,3.381106,34.91,62.24146527838174,0
94.7,3.383665,34.91,63.182275995725256,0
22.32,3.382385,34.91,63.182275995725256,0
-44.7,3.378548,34.91,63.182275995725256,0
50.78,3.381106,34.87,63.419239982831705,0
-14.69,3.381106,34.87,62.44197306299666,0
61.04,3.379827,34.87,63.419239982831705,0
20.16,3.377268,34.87,63.419239982831705,0
-59.76,3.377268,34.89,62.44197306299666,0
44.02,3.375989,34.89,62.40192304729078,0
5.19,3.37471,34.89,62.40192304729078,0
-75.65,3.37471,34.89,63.3798075099633,0
29.88,3.37471,34.91,62.40192304729078,0
5.12,3.373431,34.91,63.3798075099633,0
-58.48,3.373431,34.91,63.419239982831705,0
41.21,3.370872,34.91,63.3798075099633,0
23.36,3.373431,34.91,62.44197306299666,0
-16.51,3.364476,34.91,62.44197306299666,0
-73.12,3.370872,34.91,63.419239982831705,0
34.39,3.365755,34.91,63.3798075099633,0
23.59,3.364476,34.93,62.44197306299666,0
-28.06,3.368314,34.93,63.419239982831705,0
-34.32,3.369593,34.93,63.419239982831705,0
28.27,3.368314,34.93,63.474404290233394,0
14.29,3.368314,34.91,63.686733312362634,0
-45.02,3.372151,34.91,62.49799996799898,0
30.21,3.373431,34.91,61.68468205316454,0
5.99,3.368314,34.91,67.446274915669,0
-37.55,3.367034,34.91,62.68173577685928,0
7.59,3.35808,34.91,63.0158710167526,0
55.32,3.359359,34.91,62.88083968904996,0
-6.57,3.350404,34.91,62.81719509815764,0
-23.24,3.355521,34.91,63.0158710167526,0
18.61,3.355521,34.91,63.0158710167526,0
-17.4,3.3568,34.91,63.0158710167526,0
-5.42,3.352963,34.91,62.81719509815764,0
24.64,3.354242,34.93,62.81719509815764,0
-18.87,3.350404,34.93,63.0158710167526,0
32.28,3.354242,34.93,62.81719509815764,0
16.76,3.352963,34.93,62.81719509815764,0
-42.23,3.352963,34.91,62.96824596572466,0
45.06,3.347846,34.91,62.81719509815764,0
19.81,3.345287,34.91,62.81719509815764,0
-53.38,3.345287,34.91,62.56196927846821,0
46.74,3.345287,34.93,63.50590523722971,0
-3.9,3.349125,34.93,62.297672508690084,0
15.36,3.332494,34.93,60.88513775955508,0
8.37,3.341449,34.93,61.78996682310163,0
-34.58,3.344008,34.91,63.85138996137829,0
47.29,3.349125,34.91,63.58458932791813,0
26.38,3.3568,34.91,63.51377803280167,0
-66.87,3.360638,34.91,61.554853586049575,0
16.96,3.359359,34.89,62.71363488110062,0
20.78,3.351683,34.89,63.72597586541927,0
-8.06,3.354242,34.89,62.81719509815764,0
-19.04,3.351683,34.89,63.20601237224193,0
-32.95,3.351683,34.89,62.68971207462992,0
25.97,3.347846,34.89,63.20601237224193,0
-23.04,3.349125,34.89,64.48255578061404,0
-61.28,3.349125,34.89,63.0,0
8.6,3.346566,34.91,62.81719509815764,0
-3.45,3.349125,34.91,63.20601237224193,0
-69.95,3.347846,34.91,63.20601237224193,0
47.79,3.350404,34.91,62.89674077406555,0
20.9,3.346566,34.93,62.433965115151864,0
-16.06,3.352963,34.93,64.02343321003646,0
64.31,3.345287,34.93,62.68971207462992,0
35.0,3.350404,34.93,62.71363488110062,0
-47.14,3.34017,34.93,62.71363488110062,0
-4.72,3.352963,34.93,62.71363488110062,0
-11.09,3.346566,34.93,62.44197306299666,0
-27.7,3.342729,34.93,62.44197306299666,0
-11.98,3.346566,34.91,63.20601237224193,0
-14.48,3.350404,34.91,62.433965115151864,0
17.2,3.347846,34.91,62.24949798994366,0
12.35,3.342729,34.91,63.13477647065839,0
-53.57,3.346566,34.91,63.608175575157006,0
43.9,3.349125,34.91,62.89674077406555,0
3.23,3.338891,34.91,63.13477647065839,0
-63.71,3.346566,34.91,63.13477647065839,0
12.09,3.346566,34.89,62.71363488110062,0
-31.01,3.349125,34.89,63.13477647065839,0
61.02,3.345287,34.89,62.30569797378086,0
38.75,3.344008,34.89,62.81719509815764,0
-50.91,3.34017,34.91,63.387695966961914,0
26.22,3.346566,34.91,62.489999199871974,0
4.59,3.336332,34.91,63.788713735268246,0
-28.0,3.336332,34.91,64.28841264178172,0
25.62,3.335053,34.93,62.81719509815764,0
-14.33,3.335053,34.93,63.56099432828282,0
75.49,3.332494,34.93,62.81719509815764,0
11.01,3.333774,34.93,62.44197306299666,0
-76.19,3.333774,34.91,63.0,0
25.31,3.333774,34.91,61.91930232165088,0
-0.42,3.335053,34.91,62.82515419798029,0
24.01,3.331215,34.91,62.82515419798029,0
30.06,3.333774,34.91,62.82515419798029,0
-20.14,3.324819,34.91,63.53739056650029,0
13.12,3.331215,34.91,63.0,0
-13.09,3.326098,34.91,62.83311228962003,0
-34.77,3.329936,34.91,63.190189111918315,0
-1.96,3.329936,34.91,61.53048025166064,0
-14.09,3.331215,34.91,62.297672508690084,0
20.47,3.329936,34.91,63.198101237299845,0
5.01,3.329936,34.91,64.35837163881635,0
-34.99,3.324819,34.91,51.778373863998475,0
8.34,3.324819,34.91,67.48333127521195,0
17.43,3.317144,34.91,63.592452382338585,0
114.76,3.309468,34.91,64.35060217278468,0
25.49,3.308189,34.91,65.55913361233506,0
-375.96,3.309468,34.91,62.96824596572466,0
82.08,3.336332,34.91,65.92419889539804,0
-21.65,3.329936,34.91,67.05967491719595,0
103.62,3.319702,34.91,62.20128616033595,0
54.44,3.318423,34.91,62.37788069500277,0
-103.67,3.315864,34.91,61.196405123176966,0
76.47,3.318423,34.93,62.40192304729078,0
50.01,3.310747,34.93,62.20128616033595,0
32.08,3.310747,34.93,61.18823416311342,0
18.64,3.304351,34.93,64.02343321003646,0
-41.66,3.312027,34.91,63.85922016435841,0
108.49,3.313306,34.91,64.25729530566937,0
47.41,3.313306,34.91,61.30252849597641,0
-36.19,3.30691,34.91,64.78425734698207,0
29.62,3.310747,34.93,62.056425936400814,0
-61.34,3.30691,34.93,65.0384501660364,0
19.22,3.291559,34.93,59.16924876994806,0
13.67,3.299234,34.93,73.10266752998827,0
-87.45,3.281325,34.93,59.2452529743945,0
-7.64,3.281325,34.93,60.959002616512684,0
197.79,3.280045,34.93,60.440052945046304,0
-171.34,3.281325,34.93,61.538605769061746,0
-209.83,3.286442,34.93,63.89053137985315,0
64.68,3.282604,34.93,62.68173577685928,0
58.99,3.286442,34.93,63.190189111918315,0
-39.91,3.283883,34.93,63.245553203367585,0
51.35,3.286442,34.91,64.95382975621992,0
14.59,3.282604,34.91,61.220911460055866,0
-36.66,3.285162,34.91,60.96720429870473,0
50.37,3.285162,34.91,61.97580172938467,0
-2.23,3.285162,34.91,63.94528911499267,0
-41.29,3.282604,34.91,61.53048025166064,0
28.18,3.285162,34.91,62.6418390534633,0
-6.27,3.281325,34.91,65.07687761409578,0
-28.53,3.283883,34.93,62.24146527838174,0
3.6,3.285162,34.93,62.80923498976882,0
-39.58,3.282604,34.93,63.57672530100933,0
-35.84,3.280045,34.93,63.229739838148944,0
48.7,3.281325,34.93,61.87083319303208,0
12.29,3.282604,34.93,63.631753079732135,0
24.75,3.281325,34.93,62.13694553162394,0
-4.32,3.280045,34.93,58.66856057549052,0
-45.95,3.273649,34.95,64.1482657598785,0
45.35,3.278766,34.95,65.42935121182236,0
2.56,3.276207,34.95,61.220911460055866,0
-85.08,3.276207,34.95,61.45730225123781,0
28.62,3.274928,34.93,62.77738446287803,0
-9.61,3.276207,34.93,64.59876159803684,0
7.63,3.276207,34.93,64.95382975621992,0
8.95,3.274928,34.93,62.313722405261586,0
-18.87,3.276207,34.93,60.00833275470999,0
46.09,3.274928,34.93,63.686733312362634,0
-0.34,3.273649,34.93,62.369864518050704,0
-71.07,3.269811,34.93,63.229739838148944,0
54.57,3.27237,34.91,62.77738446287803,0
14.14,3.267253,34.91,62.313722405261586,0
-66.61,3.269811,34.91,62.72160712226688,0
26.54,3.267253,34.91,62.72160712226688,0
-4.65,3.268532,34.93,62.77738446287803,0
-18.36,3.264694,34.93,62.77738446287803,0
15.79,3.265974,34.93,63.686733312362634,0
-17.9,3.265974,34.93,62.77738446287803,0
23.3,3.267253,34.95,62.313722405261586,0
13.61,3.260857,34.95,63.14269553954757,0
-31.87,3.258298,34.95,62.77738446287803,0
46.49,3.259577,34.95,61.05735008989499,0
16.09,3.260857,34.95,62.77738446287803,0
-46.35,3.258298,34.95,62.77738446287803,0
49.83,3.260857,34.95,62.77738446287803,0
4.89,3.255739,34.95,62.77738446287803,0
-70.33,3.258298,34.95,62.77738446287803,0
63.82,3.258298,34.95,62.369864518050704,0
12.24,3.258298,34.95,62.77738446287803,0
-58.25,3.258298,34.95,62.77738446287803,0
12.25,3.257019,34.93,62.77738446287803,0
-15.27,3.251902,34.93,62.77738446287803,0
3.95,3.255739,34.93,62.77738446287803,0
9.71,3.25446,34.93,62.77738446287803,0
-27.4,3.25446,34.97,62.72160712226688,0
43.4,3.250623,34.97,62.77738446287803,0
14.23,3.253181,34.97,62.77738446287803,0
-54.3,3.250623,34.97,62.72160712226688,0
40.14,3.251902,34.95,65.5133574166368,0
6.72,3.253181,34.95,65.22269543648132,0
-45.47,3.280045,34.95,69.92853494818836,0
15.94,3.274928,34.95,56.36488268416781,0
-18.83,3.263415,34.95,47.89572005931219,0
-14.5,3.239109,34.95,58.966091951222275,0
162.32,3.227596,34.95,61.554853586049575,0
49.42,3.239109,34.95,63.57672530100933,0
7.01,3.250623,34.93,62.32976816898969,0
38.83,3.273649,34.93,84.49260322655469,0
-4.09,3.303072,34.93,61.7980582219215,0
-63.13,3.287721,34.93,65.7723346096214,0
-116.91,3.304351,34.97,60.687725282795036,0
-70.71,3.315864,34.97,65.06150935845248,0
-37.63,3.315864,34.97,61.814237842102365,0
35.29,3.337612,34.97,62.96824596572466,0
42.29,3.344008,34.95,60.44832503882965,0
25.18,3.346566,34.95,64.78425734698207,0
3.65,3.332494,34.95,63.608175575157006,0
19.78,3.331215,34.95,60.572270883631234,0
-0.88,3.329936,34.95,59.74110812497538,0
-14.07,3.312027,34.95,55.54277630799526,0
-18.32,3.282604,34.95,89.56003573022959,0
8.7,3.253181,34.95,60.51446108162907,0
54.89,3.23783,34.95,64.73020933072904,0
-70.14,3.277487,34.95,59.93329625508679,0
-256.46,3.242947,34.95,66.47555941848101,0
82.64,3.251902,34.95,62.849025449882674,0
104.47,3.217362,34.97,61.84658438426491,0
-58.11,3.235271,34.97,62.68173577685928,0
-20.33,3.260857,34.97,61.75759062657804,0
-189.63,3.287721,34.97,61.30252849597641,0
15.45,3.294117,34.95,64.20280367709809,0
175.01,3.262136,34.95,65.54387843269576,0
324.87,3.281325,34.95,63.28506932918696,0
76.53,3.242947,34.95,58.80476171195663,0
-419.23,3.245506,34.95,66.40783086353596,0
-128.36,3.277487,34.95,61.71709649683789,0
29.33,3.274928,34.95,63.324560795950255,0
22.6,3.269811,34.95,61.91122676865643,0
26.37,3.268532,34.93,62.433965115151864,0
-52.51,3.277487,34.93,62.71363488110062,0
185.9,3.267253,34.93,61.35959582656978,0
-186.39,3.268532,34.93,61.741396161732524,0
-85.9,3.263415,34.95,62.64982043070834,0
46.39,3.269811,34.95,63.41135544995076,0
69.43,3.262136,34.95,66.40783086353596,0
-20.19,3.267253,34.95,63.03967004989794,0
81.23,3.257019,34.93,58.9915248150105,0
17.93,3.265974,34.93,61.587336360651285,0
-24.02,3.258298,34.93,64.60650122085238,0
36.4,3.259577,34.93,62.44197306299666,0
-30.48,3.258298,34.95,64.19501538281614,0
61.64,3.258298,34.95,63.29296959378664,0
15.44,3.253181,34.95,61.35959582656978,0
-73.57,3.25446,34.95,60.60528029800704,0
26.61,3.251902,34.95,62.8887907341205,0
-6.69,3.258298,34.95,63.29296959378664,0
5.7,3.257019,34.95,62.27358990776106,0
3.17,3.250623,34.95,62.545983084447556,0
-35.86,3.25446,34.97,63.41135544995076,0
43.26,3.255739,34.97,62.8887907341205,0
0.14,3.249343,34.97,63.03967004989794,0
-54.58,3.248064,34.97,63.29296959378664,0
13.45,3.249343,34.99,63.29296959378664,0
-21.86,3.253181,34.99,63.29296959378664,0
36.7,3.249343,34.99,62.8887907341205,0
5.52,3.253181,34.99,63.29296959378664,0
-58.3,3.249343,34.97,62.39390995922599,0
38.19,3.246785,34.97,63.03967004989794,0
0.84,3.244226,34.97,63.29296959378664,0
-15.14,3.245506,34.97,63.29296959378664,0
8.03,3.244226,34.95,62.8887907341205,0
-37.0,3.241668,34.95,63.03967004989794,0
55.83,3.245506,34.95,63.29296959378664,0
12.06,3.240388,34.95,61.98386886924694,0
-64.62,3.241668,34.97,62.39390995922599,0
30.7,3.23783,34.97,62.8887907341205,0
-11.96,3.239109,34.97,62.8887907341205,0
17.63,3.235271,34.97,63.4428877022476,0
15.38,3.23783,34.97,63.29296959378664,0
-38.67,3.230155,34.97,63.29296959378664,0
54.24,3.239109,34.97,65.50572494064927,0
14.03,3.231434,34.97,62.39390995922599,0
-66.93,3.235271,34.97,62.8887907341205,0
37.67,3.233992,34.97,62.39390995922599,0
4.74,3.233992,34.97,63.29296959378664,0
-43.24,3.227596,34.97,63.29296959378664,0
17.12,3.231434,34.97,63.29296959378664,0
-20.58,3.228875,34.97,63.29296959378664,0
-1.36,3.228875,34.97,63.29296959378664,0
18.01,3.225038,34.97,62.8887907341205,0
-25.4,3.222479,34.97,62.8887907341205,0
4.89,3.226317,34.97,62.81719509815764,0
19.94,3.208407,34.97,62.39390995922599,0
-24.81,3.2212,34.97,62.8887907341205,0
6.81,3.21992,35.0,63.29296959378664,0
20.85,3.222479,35.0,63.29296959378664,0
-21.58,3.223758,35.0,63.29296959378664,0
30.0,3.226317,35.0,63.29296959378664,0
11.37,3.222479,34.95,63.29296959378664,0
-35.68,3.223758,34.95,63.29296959378664,0
50.16,3.223758,34.95,63.29296959378664,0
11.37,3.21992,34.95,63.29296959378664,0
-64.82,3.223758,34.97,63.29296959378664,0
39.67,3.213524,34.97,63.29296959378664,0
3.46,3.222479,34.97,63.29296959378664,0
-50.58,3.2212,34.97,63.29296959378664,0
19.79,3.21992,34.97,63.29296959378664,0
-15.09,3.218641,34.97,62.39390995922599,0
17.1,3.21992,34.97,63.29296959378664,0
12.83,3.217362,34.97,62.25752966509352,0
-33.81,3.21992,34.95,58.90670590009256,0
47.53,3.214803,34.95,56.0,0
15.44,3.218641,34.95,60.975404877704584,0
-56.27,3.230155,34.95,63.324560795950255,0
0.04,3.216083,34.95,67.08949247087803,0
-59.1,3.222479,34.95,63.03967004989794,0
89.28,3.21992,34.95,62.90468980926621,0
3.31,3.2212,34.95,62.96824596572466,0
-76.92,3.218641,34.97,62.14499175315739,0
102.28,3.2212,34.97,62.20128616033595,0
28.96,3.223758,34.97,63.03967004989794,0
-111.54,3.2212,34.97,62.67375846396959,0
25.61,3.210966,34.97,62.20128616033595,0
13.12,3.216083,34.97,63.03967004989794,0
-8.92,3.210966,34.97,62.353829072479584,0
30.08,3.217362,34.97,58.966091951222275,0
-12.77,3.222479,34.95,63.33245613427605,0
27.02,3.231434,34.95,64.01562309311689,0
97.2,3.217362,34.95,63.96092557178953,0
193.84,3.2212,34.95,67.02984409947557,0
-40.66,3.212245,34.97,63.773035054010094,0
-283.54,3.248064,34.97,59.0592922409336,0
-88.32,3.235271,34.97,62.465990746965666,0
97.8,3.212245,34.97,62.13694553162394,0
139.9,3.20329,34.97,63.25345840347388,0
-114.26,3.208407,34.97,62.37788069500277,0
-144.89,3.20329,34.97,62.20128616033595,0
35.66,3.20457,34.97,64.28841264178172,0
-5.0,3.20329,34.95,63.12685640834652,0
89.85,3.202011,34.95,62.321745803531535,0
26.07,3.200732,34.95,63.0158710167526,0
-33.17,3.20457,34.95,62.88083968904996,0
48.53,3.213524,34.95,63.03967004989794,0
35.68,3.232713,34.95,60.844062980705026,0
123.11,3.246785,34.95,62.49799996799898,0
-108.91,3.255739,34.95,62.161081071680215,0
-84.89,3.263415,34.95,61.163714733492114,0
91.76,3.273649,34.95,62.75348595894893,0
27.69,3.27237,34.95,62.44197306299666,0
-13.28,3.281325,34.95,62.01612693485461,0
33.56,3.281325,34.95,61.163714733492114,0
-9.83,3.289,34.95,60.860496218811754,0
-18.26,3.287721,34.95,62.44197306299666,0
6.05,3.291559,34.95,62.01612693485461,0
-15.33,3.289,34.95,62.8728876384726,0
-77.93,3.289,34.95,62.8728876384726,0
25.07,3.274928,34.95,62.8728876384726,0
29.68,3.289,34.95,63.182275995725256,0
28.86,3.286442,34.97,62.44197306299666,0
3.93,3.294117,34.97,62.44197306299666,0
-55.45,3.283883,34.97,62.44197306299666,0
-18.71,3.289,34.97,63.29296959378664,0
-7.19,3.283883,34.97,62.44197306299666,0
-5.22,3.287721,34.97,62.44197306299666,0
24.08,3.287721,34.97,62.75348595894893,0
4.54,3.287721,34.97,62.01612693485461,0
-8.0,3.283883,34.93,62.75348595894893,0
-26.14,3.285162,34.93,62.44197306299666,0
13.56,3.286442,34.93,60.860496218811754,0
0.61,3.286442,34.93,67.47592163134935,0
2.88,3.285162,34.93,62.75348595894893,0
-1.84,3.291559,34.93,62.44197306299666,0
23.78,3.268532,34.93,62.44197306299666,0
18.37,3.282604,34.93,63.60031446463138,0
-38.81,3.281325,34.97,63.92182725798755,0
-18.42,3.287721,34.97,62.44197306299666,0
14.6,3.280045,34.97,62.5939294181153,0
-23.15,3.257019,34.97,62.75348595894893,0
39.69,3.23783,34.97,62.22539674441618,0
35.36,3.245506,34.97,62.177166226839255,0
87.65,3.228875,34.97,62.617888817813075,0
-59.77,3.228875,34.97,61.40032573203501,0
-119.97,3.223758,34.95,63.324560795950255,0
-56.2,3.230155,34.95,61.95159400693416,0
-3.04,3.222479,34.95,64.52131430775415,0
-15.24,3.2212,34.95,60.597029630172464,0
80.75,3.216083,34.97,63.28506932918696,0
-0.79,3.218641,34.97,62.16912416947821,0
2.44,3.214803,34.97,62.16912416947821,0
13.07,3.212245,34.97,62.78534860936905,0
-14.44,3.212245,34.95,62.65780079128216,0
79.52,3.212245,34.95,62.78534860936905,0
20.49,3.208407,34.95,62.16912416947821,0
-28.11,3.205849,34.95,62.65780079128216,0
26.49,3.207128,34.95,62.056425936400814,0
-16.07,3.205849,34.95,62.26556030423239,0
4.03,3.20329,34.95,62.75348595894893,0
7.6,3.202011,34.95,62.849025449882674,0
-20.07,3.200732,34.95,62.849025449882674,0
59.49,3.199452,34.95,62.849025449882674,0
22.56,3.191777,34.95,61.69278726074872,0
-23.26,3.195615,34.95,62.849025449882674,0
18.1,3.193056,34.95,62.849025449882674,0
-0.48,3.193056,34.95,62.489999199871974,0
-33.32,3.189219,34.95,62.64982043070834,0
50.91,3.18666,34.95,63.06346010171025,0
25.92,3.184101,34.93,62.3377895020348,0
-50.38,3.181543,34.93,62.82515419798029,0
22.81,3.178984,34.93,70.44146506142529,0
9.11,3.166192,34.93,63.51377803280167,0
-19.98,3.145724,34.93,62.24146527838174,0
45.15,3.139328,34.93,62.89674077406555,0
-21.36,3.139328,34.93,62.457985878508765,0
-37.81,3.132931,34.93,62.68173577685928,0
26.17,3.127814,34.95,63.25345840347388,0
-10.24,3.126535,34.95,61.497967446087195,0
-49.85,3.123977,34.95,63.118935352238,0
2.91,3.126535,34.95,63.118935352238,0
-35.6,3.126535,34.97,61.78996682310163,0
16.44,3.126535,34.97,64.00781202322104,0
11.53,3.121418,34.97,62.68173577685928,0
-61.41,3.123977,34.97,64.00781202322104,0
40.77,3.115022,34.97,63.118935352238,0
9.76,3.123977,34.97,63.56886030125127,0
-24.47,3.116301,34.97,64.00781202322104,0
29.26,3.11758,34.97,61.78996682310163,0
-14.37,3.115022,34.97,63.118935352238,0
23.08,3.11758,34.97,61.35144660071187,0
17.2,3.111184,34.97,63.118935352238,0
-27.05,3.113743,34.97,62.68173577685928,0
44.17,3.113743,34.99,63.118935352238,0
8.08,3.112463,34.99,63.118935352238,0
-58.51,3.108626,34.99,62.23343153000644,0
38.09,3.104788,34.99,63.118935352238,0
2.3,3.103509,34.97,62.369864518050704,0
-57.99,3.107346,34.97,63.118935352238,0
24.2,3.103509,34.97,61.35144660071187,0
5.26,3.107346,34.97,62.369864518050704,0
-61.45,3.099671,34.95,63.118935352238,0
38.85,3.103509,34.95,63.118935352238,0
19.74,3.097112,34.95,63.25345840347388,0
-32.02,3.098392,34.95,63.118935352238,0
44.07,3.094554,34.95,62.369864518050704,0
20.54,3.098392,34.95,63.118935352238,0
-32.68,3.088158,34.95,63.25345840347388,0
39.4,3.093275,34.95,63.25345840347388,0
20.92,3.085599,34.97,62.369864518050704,0
-37.01,3.093275,34.97,62.369864518050704,0
43.7,3.086878,34.97,62.369864518050704,0
19.43,3.088158,34.97,62.369864518050704,0
-34.29,3.08432,34.99,63.25345840347388,0
22.71,3.089437,34.99,61.22907805936653,0
13.78,3.071527,34.99,64.85368146836385,0
-11.3,3.091995,34.99,63.33245613427605,0
53.39,3.125256,34.97,64.91532946846992,0
70.73,3.131652,34.97,58.728187440104094,0
214.82,3.130373,34.97,60.108235708594876,0
-8.94,3.120139,34.97,62.76941930590086,0
-392.39,3.111184,34.99,63.686733312362634,0
52.82,3.11758,34.99,62.16912416947821,0
-0.76,3.115022,34.99,63.85922016435841,0
-116.17,3.123977,34.99,63.221831672294975,0
-74.11,3.113743,34.95,68.64400920692205,0
92.33,3.11886,34.95,56.50663677834667,0
24.99,3.108626,34.95,56.938563381947034,0
75.12,3.121418,34.95,61.84658438426491,0
41.45,3.122697,34.97,64.08587988004847,0
-25.76,3.138048,34.97,60.27437266367855,0
70.84,3.132931,34.97,61.465437442517235,0
79.67,3.134211,34.97,62.36184731067546,0
-2.52,3.132931,34.99,62.01612693485461,0
-33.89,3.139328,34.99,67.53517601961218,0
-37.46,3.13549,34.99,60.96720429870473,0
-23.19,3.140607,34.99,57.982756057296896,0
32.5,3.143165,34.97,63.33245613427605,0
-31.42,3.143165,34.97,62.976185975335156,0
39.7,3.13549,34.97,62.24146527838174,0
-20.36,3.134211,34.97,63.30876716537765,0
-63.68,3.134211,34.97,62.82515419798029,0
59.7,3.138048,34.97,63.0,0
3.33,3.132931,34.97,62.0403094769844,0
-15.21,3.136769,34.97,62.91263784010332,0
15.39,3.132931,34.97,64.96922348312314,0
-10.71,3.138048,34.97,62.96824596572466,0
11.37,3.134211,34.97,61.465437442517235,0
9.71,3.136769,34.97,60.8276253029822,0
-16.77,3.131652,34.95,62.36184731067546,0
-48.03,3.139328,34.95,63.89835678638379,0
11.42,3.121418,34.95,63.85138996137829,0
-10.61,3.131652,34.95,63.41135544995076,0
-46.72,3.127814,34.99,63.63961030678928,0
33.25,3.138048,34.99,58.83026432033091,0
-4.27,3.129094,34.99,55.235857918565905,0
-88.19,3.098392,34.99,58.557663887829406,0
73.36,3.090716,34.97,64.60650122085238,0
78.42,3.103509,34.97,62.37788069500277,0
227.78,3.107346,34.97,59.67411499134277,0
207.26,3.099671,34.97,66.24198064671678,0
-102.49,3.091995,34.99,60.81940479813988,0
-194.85,3.094554,34.99,62.617888817813075,0
-199.03,3.104788,34.99,63.419239982831705,0
-202.91,3.103509,34.99,63.474404290233394,0
-160.32,3.111184,34.99,63.35613624582863,0
-110.35,3.115022,34.99,64.50581369148055,0
68.96,3.107346,34.99,62.36184731067546,0
186.1,3.112463,34.99,61.59545437773797,0
-89.59,3.108626,34.97,62.321745803531535,0
-109.64,3.11758,34.97,65.4217089351845,0
146.23,3.108626,34.97,64.68384651518491,0
57.06,3.108626,34.97,63.796551630946325,0
272.15,3.102229,34.97,62.625873247404705,0
1.47,3.109905,34.97,62.625873247404705,0
-14.01,3.102229,34.97,62.88083968904996,0
58.16,3.104788,34.97,62.40192304729078,0
-45.21,3.10095,34.97,63.37191807101944,0
-121.66,3.10095,34.97,62.25752966509352,0
2.27,3.095833,34.97,63.095166217389426,0
-13.73,3.099671,34.97,62.849025449882674,0
95.52,3.097112,34.99,64.20280367709809,0
69.86,3.095833,34.99,63.48228099241551,0
-16.96,3.091995,34.99,66.07571414672717,0
-33.85,3.091995,34.99,63.20601237224193,0
-186.14,3.095833,34.97,61.603571325045756,0
52.69,3.095833,34.97,62.91263784010332,0
194.76,3.098392,34.97,62.40192304729078,0
18.23,3.091995,34.97,63.08724118235002,0
21.11,3.095833,34.99,63.608175575157006,0
-25.85,3.095833,34.99,64.59876159803684,0
-80.15,3.095833,34.99,62.40192304729078,0
72.6,3.094554,34.99,61.69278726074872,0
32.24,3.094554,34.99,61.90315016216864,0
-75.86,3.097112,34.99,64.60650122085238,0
-15.03,3.074086,34.99,63.35613624582863,0
57.29,3.080482,34.99,62.52199612936234,0
-52.99,3.077924,34.97,63.45076831686122,0
-87.77,3.077924,34.97,66.82813778641449,0
-44.63,3.075365,34.97,64.59876159803684,0
-63.83,3.076644,34.97,63.702433234531945,0
154.78,3.075365,34.99,62.80923498976882,0
192.33,3.077924,34.99,62.37788069500277,0
-115.75,3.077924,34.99,62.849025449882674,0
-63.52,3.075365,34.99,63.33245613427605,0
-129.11,3.076644,34.99,62.465990746965666,0
-78.49,3.076644,34.99,62.73754856543249,0
79.6,3.076644,34.99,65.0384501660364,0
-8.43,3.070248,34.99,63.26926584053272,0
18.55,3.075365,34.99,63.26926584053272,0
119.58,3.06641,34.99,62.457985878508765,0
44.83,3.075365,34.99,63.788713735268246,0
65.07,3.063852,34.99,63.05553108173778,0
153.74,3.074086,35.0,66.49060083951716,0
16.92,3.080482,35.0,59.715994507334464,0
-24.99,3.091995,35.0,63.324560795950255,0
-92.2,3.090716,35.0,62.51399843235114,0
-111.6,3.088158,34.99,63.474404290233394,0
-4.95,3.091995,34.99,62.88083968904996,0
-25.37,3.075365,34.99,64.08587988004847,0
56.45,3.077924,34.99,62.27358990776106,0
76.51,3.079203,34.99,65.08456038109192,0
36.37,3.080482,34.99,62.313722405261586,0
-144.45,3.08432,34.99,61.75759062657804,0
-51.49,3.080482,34.99,64.8459713474939,0
-47.63,3.085599,34.99,64.03905058634146,0
19.43,3.08432,34.99,62.68173577685928,0
-17.36,3.093275,34.99,64.6297145282261,0
-114.99,3.085599,34.99,62.369864518050704,0
110.03,3.090716,35.0,65.12296062065974,0
150.28,3.085599,35.0,62.49799996799898,0
-55.89,3.085599,35.0,63.37191807101944,0
-23.54,3.079203,35.0,63.93746945258312,0
-32.25,3.077924,35.0,64.26507605223851,0
46.82,3.080482,35.0,62.56196927846821,0
30.11,3.077924,35.0,63.35613624582863,0
-46.36,3.077924,35.0,62.505999712027645,0
12.43,3.076644,34.97,60.423505360083176,0
-113.95,3.074086,34.97,63.702433234531945,0
-264.7,3.070248,34.97,62.505999712027645,0
204.44,3.070248,34.97,60.340699366182356,0
353.75,3.068969,34.97,65.58200972827838,0
-44.51,3.070248,34.97,68.45436436049933,0
-136.65,3.072807,34.97,63.93746945258312,0
-276.42,3.065131,34.97,63.37191807101944,0
-59.63,3.06641,35.0,62.80923498976882,0
276.33,3.068969,35.0,63.095166217389426,0
219.72,3.068969,35.0,62.0403094769844,0
-44.13,3.063852,35.0,63.26136261573884,0
-2.06,3.06641,35.0,63.41135544995076,0
-15.6,3.058735,35.0,64.48255578061404,0
38.49,3.062572,35.0,64.59876159803684,0
51.06,3.056176,35.0,63.095166217389426,0
-74.59,3.058735,34.97,61.97580172938467,0
-290.12,3.053618,34.97,64.59876159803684,0
45.77,3.058735,34.97,63.198101237299845,0
100.76,3.054897,34.97,63.198101237299845,0
50.67,3.057456,34.97,62.77738446287803,0
184.68,3.056176,34.97,64.10148204214939,0
-162.31,3.056176,34.97,63.28506932918696,0
-302.46,3.053618,34.97,63.28506932918696,0
88.96,3.052339,35.0,63.28506932918696,0
66.38,3.052339,35.0,63.28506932918696,0
-29.5,3.051059,35.0,63.28506932918696,0
31.78,3.052339,35.0,63.28506932918696,0
-20.72,3.053618,34.99,63.28506932918696,0
23.77,3.051059,34.99,63.28506932918696,0
22.72,3.052339,34.99,63.28506932918696,0
-49.28,3.048501,34.99,63.28506932918696,0
82.58,3.051059,34.97,62.77738446287803,0
90.8,3.052339,34.97,62.297672508690084,0
-63.85,3.052339,34.97,63.198101237299845,0
-36.52,3.047222,34.97,63.655321851358195,0
-121.72,3.054897,34.97,64.03124237432849,0
-272.7,3.045942,34.97,63.35613624582863,0
244.24,3.031871,34.97,63.35613624582863,0
218.16,3.035708,34.97,63.229739838148944,0
-139.44,3.036988,34.99,62.68173577685928,0
-38.63,3.031871,34.99,63.103090257134,0
97.88,3.036988,34.99,63.53739056650029,0
6.05,3.036988,34.99,63.079315151640635,0
92.87,3.035708,34.99,65.00769185258002,0
52.63,3.03315,34.99,62.76941930590086,0
-29.3,3.03315,34.99,65.37583651472461,0
61.45,3.034429,34.99,63.03967004989794,0
35.24,3.039546,34.99,62.75348595894893,0
-26.35,3.039546,34.99,64.73020933072904,0
40.79,3.043384,34.99,55.299186250793966,0
34.65,3.108626,34.99,60.728905802755904,0
8.72,3.134211,34.97,65.34523701081817,0
112.56,3.116301,34.97,67.43144666993287,0
225.59,3.116301,34.97,57.9396237474839,0
-107.87,3.115022,34.97,54.954526656136345,0
-292.88,3.113743,34.97,66.76825593049439,0
-69.35,3.11758,34.97,74.35724578008521,0
50.68,3.125256,34.97,65.92419889539804,0
65.83,3.15212,34.97,73.65459931328118,0
-41.2,3.136769,34.99,52.81098370604357,0
-33.53,3.131652,34.99,64.42049363362563,0
34.62,3.127814,34.99,65.01538279515087,0
21.65,3.127814,34.99,64.19501538281614,0
-34.17,3.125256,35.0,55.794264938253285,0
-12.53,3.126535,35.0,60.266076693277455,0
-61.59,3.125256,35.0,64.82283548256741,0
31.22,3.123977,35.0,61.84658438426491,0
-0.76,3.11886,34.97,60.67124524847005,0
17.21,3.132931,34.97,55.33534132902769,0
27.36,3.130373,34.97,59.941638282582836,0
-33.37,3.126535,34.97,74.33034373659252,0
73.3,3.127814,34.99,41.41255848169731,0
7.44,3.125256,34.99,78.57480512225277,0
-53.82,3.115022,34.99,57.99137866959192,0
43.74,3.125256,34.99,64.22616289332565,0
102.99,3.130373,35.0,61.30252849597641,0
236.55,3.123977,35.0,63.35613624582863,0
62.03,3.131652,35.0,62.0403094769844,0
-294.1,3.122697,35.0,58.770741019660456,0
-297.68,3.130373,35.0,62.25752966509352,0
-66.72,3.106067,35.0,63.25345840347388,0
-4.71,3.107346,35.0,39.01281840626232,0
128.07,3.086878,35.0,71.42828571371429,0
71.89,3.129094,35.0,62.30569797378086,0
229.48,3.123977,35.0,60.61352984276695,0
-10.37,3.115022,35.0,64.25729530566937,0
-105.45,3.111184,35.0,62.27358990776106,0
-117.51,3.112463,35.0,62.928530890209096,0
-38.88,3.108626,35.0,62.42595614005443,0
103.27,3.102229,35.0,63.40346993658943,0
124.04,3.104788,35.0,63.324560795950255,0
-37.6,3.10095,35.0,62.8728876384726,0
-133.63,3.104788,35.0,64.91532946846992,0
-102.79,3.10095,35.0,78.01281945936834,0
29.99,3.102229,35.0,45.27692569068709,0
28.53,3.108626,34.99,70.79548008171143,0
68.19,3.130373,34.99,68.89121859859934,0
45.45,3.149562,34.99,60.991802727907626,0
89.39,3.157237,34.99,64.68384651518491,0
125.34,3.157237,34.99,60.44832503882965,0
-84.89,3.144445,34.99,64.38167441127949,0
-153.44,3.132931,34.99,63.702433234531945,0
-50.41,3.126535,34.99,63.8200595424354,0
-16.94,3.126535,35.0,57.905094767213704,0
12.81,3.085599,35.0,58.29236656715869,0
78.96,2.969187,35.0,58.872744118140105,0
52.27,3.037361,35.0,64.56779382943171,0
-159.57,3.105161,35.0,64.38167441127949,0
-223.32,3.120512,35.0,62.01612693485461,0
265.27,3.123071,35.0,63.103090257134,0
-83.64,3.133305,35.0,61.84658438426491,0
-47.12,3.121792,35.0,63.56886030125127,0
8.73,3.128188,35.0,66.91786009728644,0
-7.69,3.123071,35.0,96.33794683301072,0
101.48,3.116674,35.0,43.42810150121693,0
-95.95,3.08981,35.0,62.161081071680215,0
-87.62,3.077018,35.0,61.91930232165088,0
-175.08,3.111557,35.0,63.75735251718032,0
-71.61,3.169124,35.0,62.65780079128216,0
156.4,3.155052,34.99,62.65780079128216,0
192.57,3.160169,34.99,62.65780079128216,0
93.23,3.153773,34.99,63.13477647065839,0
-463.94,3.153773,34.99,64.91532946846992,0
-5.25,3.171682,34.99,63.35613624582863,0
114.11,3.178079,34.99,63.0,0
116.05,3.181916,34.99,66.16645675869307,0
330.28,3.188313,34.99,63.25345840347388,0
-123.19,3.172962,35.0,62.30569797378086,0
-66.93,3.170403,35.0,63.60031446463138,0
-11.5,3.174241,35.0,61.35959582656978,0
-75.41,3.19215,35.0,63.33245613427605,0
143.66,3.187033,34.99,61.38403701289123,0
24.47,3.178079,34.99,69.86415389883427,0
-136.32,3.179358,34.99,60.51446108162907,0
-137.07,3.203664,34.99,61.71709649683789,0
-134.77,3.217735,35.0,62.67375846396959,0
69.46,3.201105,35.0,63.671029518926424,0
51.0,3.207501,35.0,63.671029518926424,0
-69.46,3.208781,35.0,62.71363488110062,0
-86.14,3.215177,35.0,62.71363488110062,0
12.27,3.220294,35.0,62.71363488110062,0
-42.56,3.231807,35.0,62.71363488110062,0
52.97,3.238204,35.0,62.433965115151864,0
35.43,3.253554,35.0,62.71363488110062,0
-10.63,3.256113,35.0,62.433965115151864,0
52.16,3.271464,35.0,62.71363488110062,0
16.57,3.275302,35.0,62.71363488110062,0
17.94,3.280419,35.03,62.71363488110062,0
42.16,3.27786,35.03,62.71363488110062,0
1.21,3.284256,35.03,62.71363488110062,0
31.79,3.27914,35.03,63.2771680782255,0
37.82,3.281698,35.0,62.32976816898969,0
8.45,3.280419,35.0,62.32976816898969,0
74.93,3.282977,35.0,63.2771680782255,0
38.16,3.291932,35.0,63.2771680782255,0
-42.76,3.300887,34.97,63.2771680782255,0
-27.81,3.309841,34.97,63.2771680782255,0
-32.8,3.317517,34.97,63.2771680782255,0
-24.33,3.316238,34.97,63.2771680782255,0
8.99,3.326472,35.0,63.00793600809346,0
-19.95,3.323913,35.0,62.96824596572466,0
5.9,3.325192,35.0,62.96824596572466,0
-1.59,3.320076,35.0,63.2771680782255,0
-39.29,3.323913,35.0,63.31666447310692,0
24.69,3.321355,35.0,62.96824596572466,0
2.4,3.318796,35.0,63.2771680782255,0
3.65,3.313679,35.0,63.31666447310692,0
-3.68,3.318796,35.0,62.369864518050704,0
-36.56,3.318796,35.0,63.60031446463138,0
25.87,3.318796,35.0,62.65780079128216,0
16.09,3.318796,35.0,62.32976816898969,0
-1.07,3.317517,35.0,62.32976816898969,0
9.2,3.317517,35.0,62.65780079128216,0
-26.19,3.317517,35.0,62.32976816898969,0
9.95,3.314959,35.0,63.2771680782255,0
-1.19,3.318796,34.99,63.2771680782255,0
-25.05,3.320076,34.99,62.056425936400814,0
0.17,3.314959,34.99,63.35613624582863,0
-33.55,3.321355,34.99,62.65780079128216,0
47.87,3.32903,35.0,62.65780079128216,0
47.82,3.326472,35.0,62.65780079128216,0
104.03,3.326472,35.0,62.65780079128216,0
45.54,3.322634,35.0,63.60031446463138,0
-89.81,3.325192,35.0,63.60031446463138,0
-77.56,3.326472,35.0,62.65780079128216,0
-35.37,3.32903,35.0,62.65780079128216,0
-61.7,3.32903,35.0,62.69768735766894,0
16.83,3.334147,35.0,62.32976816898969,0
2.75,3.344381,35.0,63.2771680782255,0
-16.08,3.354615,35.0,62.65780079128216,0
51.11,3.366128,35.0,63.60031446463138,0
47.09,3.367408,35.0,63.25345840347388,0
66.31,3.369966,35.0,62.49799996799898,0
40.72,3.378921,35.0,62.96824596572466,0
-127.26,3.386597,35.0,62.01612693485461,0
-22.74,3.376363,35.0,62.96824596572466,0
136.0,3.38148,35.0,62.96824596572466,0
4.48,3.358453,35.0,62.96824596572466,0
-185.99,3.366128,35.0,63.2771680782255,0
-30.48,3.352057,35.0,63.2771680782255,0
-4.77,3.366128,35.0,62.96824596572466,0
24.59,3.355895,35.0,62.96824596572466,0
-1.02,3.36357,35.0,62.96824596572466,0
42.71,3.352057,35.0,62.96824596572466,0
24.4,3.361012,35.0,61.106464469808756,0
-35.8,3.352057,35.0,63.2771680782255,0
27.22,3.36357,35.0,63.25345840347388,0
-6.63,3.355895,35.0,62.94441992742486,0
26.36,3.362291,35.0,63.25345840347388,0
25.03,3.36357,35.0,62.96824596572466,0
-31.94,3.358453,35.0,61.99193495931547,0
20.48,3.364849,35.03,62.94441992742486,0
-5.42,3.367408,35.03,62.96824596572466,0
34.66,3.359732,35.03,62.96824596572466,0
19.83,3.358453,35.03,62.96824596572466,0
-24.68,3.359732,35.03,63.2771680782255,0
3.59,3.366128,35.03,62.30569797378086,0
-5.39,3.359732,35.03,62.65780079128216,0
-33.37,3.366128,35.03,62.65780079128216,0
40.03,3.359732,35.0,62.65780079128216,0
45.07,3.362291,35.0,62.65780079128216,0
23.4,3.349498,35.0,62.65780079128216,0
-39.53,3.357174,35.0,63.60031446463138,0
-60.94,3.352057,35.0,63.60031446463138,0
-26.15,3.357174,35.0,62.32976816898969,0
10.93,3.350778,35.0,62.65780079128216,0
-28.22,3.357174,35.0,62.30569797378086,0
2.94,3.350778,35.0,62.976185975335156,0
14.49,3.361012,35.0,62.32976816898969,0
-30.59,3.359732,35.0,63.60031446463138,0
37.39,3.357174,35.0,62.32976816898969,0
1.03,3.353336,35.03,62.32976816898969,0
19.87,3.350778,35.03,62.65780079128216,0
21.03,3.353336,35.03,63.60031446463138,0
-31.98,3.354615,35.03,63.25345840347388,0
20.4,3.352057,35.0,63.60031446463138,0
-1.35,3.358453,35.0,62.32976816898969,0
-0.87,3.358453,35.0,62.32976816898969,0
15.87,3.36357,35.0,62.65780079128216,0
-36.09,3.359732,35.03,63.25345840347388,0
11.32,3.367408,35.03,63.25345840347388,0
8.44,3.358453,35.03,63.2771680782255,0
-29.49,3.358453,35.03,63.25345840347388,0
38.05,3.350778,34.99,62.65780079128216,0
10.97,3.361012,34.99,63.2771680782255,0
-56.22,3.355895,34.99,62.32976816898969,0
18.77,3.361012,34.99,62.32976816898969,0
19.48,3.357174,34.99,63.2771680782255,0
-14.79,3.366128,34.99,63.2771680782255,0
9.81,3.359732,34.99,62.32976816898969,0
18.91,3.366128,34.99,63.60031446463138,0
-12.98,3.364849,35.0,63.25345840347388,0
-32.02,3.372525,35.0,63.2771680782255,0
16.18,3.368687,35.0,62.65780079128216,0
21.47,3.367408,35.0,62.32976816898969,0
28.22,3.372525,35.0,63.60031446463138,0
32.12,3.375083,35.0,62.32976816898969,0
-55.96,3.371246,35.0,63.2771680782255,0
-85.39,3.373804,35.0,63.2771680782255,0
-9.77,3.372525,35.0,62.32976816898969,0
-5.55,3.369966,35.0,62.32976816898969,0
2.79,3.368687,35.0,63.2771680782255,0
17.28,3.368687,35.0,62.32976816898969,0
-23.43,3.368687,35.03,63.60031446463138,0
25.45,3.369966,35.03,62.32976816898969,0
13.2,3.358453,35.03,62.65780079128216,0
-27.55,3.364849,35.03,62.32976816898969,0
23.42,3.364849,35.0,63.2771680782255,0
-1.51,3.36357,35.0,63.2771680782255,0
6.07,3.366128,35.0,63.2771680782255,0
12.66,3.371246,35.0,62.32976816898969,0
-17.32,3.377642,34.97,63.89835678638379,0
29.34,3.391714,34.97,63.96092557178953,0
21.83,3.378921,34.97,63.37191807101944,0
-32.92,3.413461,34.97,63.63961030678928,0
-27.9,3.422415,34.99,63.60031446463138,0
-177.9,3.428812,34.99,63.63961030678928,0
-168.58,3.421136,34.99,63.60031446463138,0
-136.08,3.43137,34.99,64.28841264178172,0
138.4,3.439046,35.0,61.99193495931547,0
84.04,3.436487,35.0,62.32976816898969,0
360.43,3.43137,35.0,63.2771680782255,0
291.36,3.436487,35.0,63.2771680782255,0
151.43,3.435208,35.0,63.2771680782255,0
-185.96,3.439046,35.0,63.2771680782255,0
-123.75,3.435208,35.0,63.2771680782255,0
-47.64,3.433929,35.0,63.2771680782255,0
-29.66,3.423695,35.0,63.2771680782255,0
-50.88,3.428812,35.0,63.2771680782255,0
-3.39,3.428812,35.0,63.2771680782255,0
-12.11,3.427533,35.0,62.96824596572466,0
-37.87,3.427533,35.0,63.2771680782255,0
6.67,3.43137,35.0,63.2771680782255,0
-5.9,3.430091,35.0,62.96824596572466,0
-34.79,3.43137,35.0,62.96824596572466,0
9.08,3.43137,35.0,62.96824596572466,0
-3.33,3.43137,35.0,63.2771680782255,0
-24.38,3.430091,35.0,62.96824596572466,0
13.58,3.424974,35.0,63.2771680782255,0
-7.28,3.430091,35.0,63.2771680782255,0
-6.42,3.439046,35.0,63.2771680782255,0
18.08,3.439046,35.0,63.2771680782255,0
-7.61,3.445442,35.0,63.2771680782255,0
0.54,3.442884,34.97,63.2771680782255,0
-4.13,3.444163,34.97,63.2771680782255,0
-26.66,3.439046,34.97,63.2771680782255,0
10.38,3.441604,34.97,63.2771680782255,0
-6.61,3.437767,35.0,62.32976816898969,0
2.27,3.440325,35.0,63.2771680782255,0
9.78,3.43265,35.0,62.96824596572466,0
-35.03,3.442884,35.0,62.96824596572466,0
22.57,3.439046,34.99,63.2771680782255,0
1.98,3.439046,34.99,62.96824596572466,0
-4.42,3.43265,34.99,62.32976816898969,0
22.71,3.433929,34.99,63.2771680782255,0
-7.0,3.430091,35.0,63.2771680782255,0
27.21,3.43137,35.0,63.2771680782255,0
11.89,3.436487,35.0,63.2771680782255,0
-46.9,3.450559,35.0,63.2771680782255,0
14.23,3.464631,34.99,63.2771680782255,0
5.76,3.492401,34.99,63.2771680782255,0
-37.32,3.51159,34.99,63.2771680782255,0
27.65,3.535896,34.99,63.2771680782255,0
-2.6,3.542292,35.0,63.2771680782255,0
-18.91,3.551247,35.0,62.96824596572466,0
31.86,3.538454,35.0,62.96824596572466,0
-10.52,3.537175,35.0,63.2771680782255,0
-2.77,3.535896,34.99,63.2771680782255,0
27.48,3.534616,34.99,62.96824596572466,0
-15.29,3.52822,34.99,62.96824596572466,0
-6.45,3.52822,34.99,63.2771680782255,0
29.26,3.519265,34.99,63.2771680782255,0
-10.1,3.526941,34.99,63.2771680782255,0
-11.22,3.520545,34.99,62.96824596572466,0
20.24,3.520545,34.99,62.96824596572466,0
-12.99,3.514148,34.99,62.96824596572466,0
-9.5,3.519265,34.99,62.96824596572466,0
13.75,3.506473,34.99,63.2771680782255,0
-21.5,3.509031,34.99,62.96824596572466,0
7.68,3.510311,35.0,62.96824596572466,0
23.46,3.517986,35.0,63.2771680782255,0
-12.67,3.517986,35.0,62.96824596572466,0
31.28,3.529499,35.0,62.32976816898969,0
17.16,3.54485,34.99,62.32976816898969,0
-35.12,3.561481,34.99,63.2771680782255,0
37.36,3.564039,34.99,63.2771680782255,0
10.23,3.569156,34.99,63.2771680782255,0
-23.16,3.566598,34.97,62.65780079128216,0
9.25,3.564039,34.97,62.30569797378086,0
-24.24,3.556364,34.97,63.2771680782255,0
-12.45,3.556364,34.97,63.25345840347388,0
6.84,3.549967,35.0,63.2771680782255,0
-22.68,3.549967,35.0,63.25345840347388,0
42.4,3.541013,35.0,62.30569797378086,0
-37.4,3.546129,35.0,62.32976816898969,0
-18.9,3.539733,34.99,63.2771680782255,0
8.49,3.541013,34.99,62.65780079128216,0
-32.44,3.524382,34.99,63.60031446463138,0
23.36,3.538454,34.99,62.32976816898969,0
17.58,3.537175,34.97,63.60031446463138,0
-31.42,3.541013,34.97,62.65780079128216,0
-5.41,3.541013,34.97,63.60031446463138,0
-8.63,3.541013,34.97,62.65780079128216,0
24.8,3.542292,34.99,62.32976816898969,0
9.78,3.543571,34.99,63.60031446463138,0
-48.41,3.553805,34.99,63.2771680782255,0
24.47,3.555084,34.99,63.2771680782255,0
-9.48,3.556364,35.0,63.2771680782255,0
30.02,3.557643,35.0,62.32976816898969,0
34.27,3.552526,35.0,63.2771680782255,0
-32.22,3.552526,35.0,62.32976816898969,0
34.36,3.551247,34.99,62.32976816898969,0
31.94,3.552526,34.99,63.2771680782255,0
-20.29,3.546129,34.99,62.32976816898969,0
-2.48,3.547409,34.99,63.2771680782255,0
26.05,3.539733,34.99,63.25345840347388,0
-3.83,3.552526,34.99,62.32976816898969,0
-44.95,3.553805,34.99,62.32976816898969,0
16.83,3.567877,34.99,62.30569797378086,0
11.58,3.57939,34.99,62.32976816898969,0
-36.36,3.593462,34.99,62.65780079128216,0
14.12,3.601137,34.99,62.65780079128216,0
3.03,3.607534,34.99,62.65780079128216,0
-36.6,3.611371,34.99,62.63385665915839,0
28.93,3.601137,34.99,62.32976816898969,0
-8.9,3.604975,34.99,62.65780079128216,0
-21.59,3.590903,34.99,62.32976816898969,0
-2.76,3.590903,34.99,62.32976816898969,0
-23.12,3.583228,34.99,62.32976816898969,0
15.03,3.580669,34.99,63.2771680782255,0
1.11,3.571715,34.99,62.32976816898969,0
-35.68,3.570435,35.0,62.32976816898969,0
18.64,3.567877,35.0,63.2771680782255,0
-8.28,3.570435,35.0,62.32976816898969,0
18.15,3.572994,35.0,63.2771680782255,0
18.98,3.572994,34.99,63.2771680782255,0
-39.6,3.575552,34.99,63.2771680782255,0
20.98,3.570435,34.99,62.32976816898969,0
5.87,3.571715,34.99,63.60031446463138,0
-39.24,3.576832,34.97,62.32976816898969,0
30.72,3.571715,34.97,62.32976816898969,0
10.94,3.571715,34.97,63.2771680782255,0
-40.01,3.567877,34.97,62.369864518050704,0
22.98,3.566598,34.99,63.2771680782255,0
13.89,3.561481,34.99,62.32976816898969,0
-48.49,3.564039,34.99,62.63385665915839,0
27.96,3.560201,34.99,62.625873247404705,0
22.0,3.558922,34.99,61.497967446087195,0
-39.88,3.548688,34.99,62.89674077406555,0
5.55,3.548688,34.99,63.72597586541927,0
14.32,3.538454,34.99,62.96824596572466,0
-72.57,3.533337,35.0,65.92419889539804,0
-201.99,3.572994,35.0,61.644140029689765,0
-200.57,3.567877,35.0,64.10148204214939,0
282.36,3.561481,35.0,63.52164985262898,0
336.16,3.561481,34.99,62.321745803531535,0
-19.66,3.564039,34.99,58.60887304837041,0
-38.18,3.564039,34.99,57.21887800367987,0
-75.59,3.486005,34.99,66.46051459325304,0
-60.67,3.489842,34.99,62.13694553162394,0
-75.85,3.566598,34.99,65.26101439603893,0
-165.41,3.633119,34.99,63.608175575157006,0
-160.5,3.684289,34.99,63.97655820689325,0
169.07,3.668938,35.0,62.96824596572466,0
645.96,3.661262,35.0,63.05553108173778,0
-154.3,3.657424,35.0,62.68173577685928,0
23.51,3.653587,35.0,63.05553108173778,0
-125.65,3.653587,34.99,62.68173577685928,0
-33.69,3.639515,34.99,62.68173577685928,0
1.06,3.633119,34.99,62.68173577685928,0
-26.82,3.622885,34.99,62.68173577685928,0
19.08,3.622885,34.99,62.68173577685928,0
9.78,3.616488,34.99,62.68173577685928,0
-26.05,3.612651,34.99,62.68173577685928,0
15.42,3.610092,34.99,62.68173577685928,0
7.54,3.607534,34.99,62.68173577685928,0
-20.95,3.603696,34.99,62.68173577685928,0
-10.44,3.585786,34.99,62.68173577685928,0
13.68,3.5973,34.99,62.68173577685928,0
-9.87,3.593462,34.99,63.608175575157006,0
-6.47,3.592183,34.99,62.78534860936905,0
16.94,3.584507,34.99,63.25345840347388,0
-8.67,3.589624,34.99,63.608175575157006,0
0.95,3.585786,34.99,62.78534860936905,0
24.98,3.584507,34.99,62.321745803531535,0
-24.33,3.574273,34.99,62.8887907341205,0
-20.01,3.557643,34.99,74.67931440499437,0
10.29,3.54485,34.97,62.22539674441618,0
-31.54,3.567877,34.97,65.26101439603893,0
-84.9,3.594741,34.97,63.84355879804947,0
-212.19,3.598579,34.97,63.72597586541927,0
291.99,3.593462,34.97,63.72597586541927,0
-34.62,3.585786,34.97,63.72597586541927,0
3.07,3.580669,34.97,63.26926584053272,0
17.33,3.587066,34.97,66.58077800686922,0
-37.97,3.584507,34.97,61.35959582656978,0
44.42,3.594741,34.97,63.53739056650029,0
9.44,3.599858,34.97,63.45076831686122,0
85.04,3.608813,34.97,66.89544080129826,0
32.9,3.610092,34.99,67.63135367564367,0
-49.72,3.619047,34.99,62.42595614005443,0
10.97,3.611371,34.99,62.0966987850401,0
10.2,3.610092,34.99,64.19501538281614,0
-44.66,3.59602,34.97,63.079315151640635,0
62.25,3.599858,34.97,63.45076831686122,0
65.28,3.585786,34.97,63.75735251718032,0
-44.81,3.57939,34.97,63.60031446463138,0
-73.99,3.569156,34.99,62.74551776820397,0
-157.38,3.572994,34.99,63.324560795950255,0
-58.12,3.564039,34.99,63.324560795950255,0
91.03,3.564039,34.99,63.324560795950255,0
34.4,3.564039,34.99,63.324560795950255,0
4.14,3.565318,34.99,63.324560795950255,0
24.42,3.564039,34.99,63.324560795950255,0
-34.8,3.560201,34.99,63.324560795950255,0
53.39,3.567877,34.97,64.01562309311689,0
26.19,3.567877,34.97,62.457985878508765,0
-52.22,3.566598,34.97,63.324560795950255,0
38.5,3.565318,34.97,62.457985878508765,0
9.5,3.564039,34.99,63.324560795950255,0
-53.79,3.561481,34.99,62.457985878508765,0
28.31,3.557643,34.99,63.0,0
-3.29,3.56276,34.99,63.324560795950255,0
-34.12,3.558922,34.99,63.58458932791813,0
17.34,3.555084,34.99,63.324560795950255,0
-17.01,3.548688,34.99,63.324560795950255,0
-15.54,3.553805,34.99,63.953107821277925,0
28.8,3.552526,34.97,63.079315151640635,0
-20.01,3.551247,34.97,63.324560795950255,0
24.51,3.548688,34.97,63.324560795950255,0
19.44,3.538454,34.97,63.30876716537765,0
-27.9,3.551247,34.99,62.68971207462992,0
42.03,3.54485,34.99,62.20128616033595,0
55.6,3.542292,34.99,64.20280367709809,0
130.22,3.546129,34.99,83.06021911842033,0
55.13,3.560201,35.0,62.30569797378086,0
-312.31,3.57939,35.0,65.58963332722634,0
-68.07,3.583228,35.0,70.80960386840192,0
14.65,3.567877,35.0,76.75936424958195,0
-0.79,3.424601,34.97,64.06246951218786,0
115.93,3.484725,34.97,47.54997371187496,0
116.3,3.570435,34.97,59.06775770248944,0
196.46,3.583228,34.97,66.85057965343307,0
47.3,3.606254,34.97,63.08724118235002,0
-498.61,3.639515,34.97,62.10475022089695,0
-154.98,3.658704,34.97,61.862751312886175,0
-3.29,3.683009,34.97,64.87680633323437,0
35.42,3.69964,34.97,63.89053137985315,0
69.91,3.713712,34.97,62.68173577685928,0
-44.09,3.727783,34.97,63.773035054010094,0
18.03,3.726504,34.97,62.78534860936905,0
22.08,3.731621,34.95,63.773035054010094,0
-21.27,3.722666,34.95,62.90468980926621,0
37.94,3.723946,34.95,62.90468980926621,0
-5.62,3.714991,34.95,62.78534860936905,0
-16.65,3.711153,34.97,62.90468980926621,0
18.04,3.695802,34.97,62.78534860936905,0
-19.14,3.671496,34.97,63.89053137985315,0
-25.15,3.668938,34.97,63.89053137985315,0
28.77,3.677892,34.99,62.90468980926621,0
-4.11,3.680451,34.99,62.90468980926621,0
-39.66,3.694523,34.99,63.03967004989794,0
37.14,3.703477,34.99,62.90468980926621,0
9.56,3.718828,34.97,63.03967004989794,0
-50.66,3.720108,34.97,63.03967004989794,0
34.22,3.727783,34.97,62.90468980926621,0
23.65,3.723946,34.97,62.90468980926621,0
-14.25,3.721387,34.97,64.02343321003646,0
2.26,3.707315,34.97,63.03967004989794,0
12.34,3.700919,34.97,62.90468980926621,0
-6.71,3.693244,34.97,63.03967004989794,0
-33.41,3.688127,34.97,62.90468980926621,0
17.18,3.68173,34.97,62.90468980926621,0
-0.05,3.683009,34.97,64.02343321003646,0
-30.37,3.677892,34.97,63.03967004989794,0
16.53,3.677892,34.95,63.03967004989794,0
3.37,3.675334,34.95,63.03967004989794,0
-31.71,3.676613,34.95,61.91930232165088,0
16.14,3.670217,34.95,63.03967004989794,0
4.21,3.671496,34.93,62.80127387243033,0
-31.01,3.661262,34.93,63.03967004989794,0
22.4,3.666379,34.93,62.93647591023825,0
15.54,3.662541,34.93,64.02343321003646,0
-35.26,3.663821,34.95,62.93647591023825,0
15.44,3.661262,34.95,62.80127387243033,0
-2.37,3.672776,34.95,63.03967004989794,0
-36.18,3.68173,34.95,63.92182725798755,0
14.84,3.694523,34.95,63.788713735268246,0
4.12,3.702198,34.95,62.93647591023825,0
-28.0,3.707315,34.95,63.671029518926424,0
15.56,3.69964,34.95,62.80127387243033,0
5.36,3.693244,34.97,62.10475022089695,0
6.53,3.694523,34.97,64.2339474110069,0
18.45,3.697081,34.97,63.08724118235002,0
3.81,3.69836,34.97,62.93647591023825,0
-75.23,3.708595,34.97,62.93647591023825,0
28.41,3.720108,34.97,63.0,0
10.82,3.726504,34.97,62.93647591023825,0
-25.63,3.726504,34.97,62.93647591023825,0
6.71,3.727783,34.93,62.93647591023825,0
-3.56,3.721387,34.93,63.92182725798755,0
-23.82,3.717549,34.93,62.93647591023825,0
6.26,3.706036,34.93,62.93647591023825,0
-6.5,3.711153,34.95,62.93647591023825,0
-6.48,3.707315,34.95,63.08724118235002,0
11.75,3.708595,34.95,62.93647591023825,0
-9.01,3.703477,34.95,62.93647591023825,0
5.59,3.703477,34.97,62.93647591023825,0
15.56,3.69836,34.97,62.93647591023825,0
-11.51,3.69836,34.97,62.93647591023825,0
11.75,3.691964,34.97,62.93647591023825,0
23.93,3.686847,34.95,62.93647591023825,0
-2.26,3.679172,34.95,62.93647591023825,0
-28.96,3.672776,34.95,62.93647591023825,0
9.03,3.672776,34.95,62.93647591023825,0
17.0,3.671496,34.93,62.93647591023825,0
-17.11,3.670217,34.93,62.849025449882674,0
14.51,3.666379,34.93,62.849025449882674,0
21.97,3.663821,34.93,62.849025449882674,0
-3.3,3.666379,34.93,62.93647591023825,0
-9.14,3.666379,34.93,62.849025449882674,0
15.05,3.667659,34.93,62.93647591023825,0
-17.05,3.662541,34.93,62.93647591023825,0
-13.94,3.663821,34.95,62.93647591023825,0
-0.63,3.653587,34.95,62.849025449882674,0
-9.96,3.659983,34.95,62.93647591023825,0
24.02,3.654866,34.95,62.849025449882674,0
11.47,3.657424,34.93,62.849025449882674,0
-14.55,3.653587,34.93,62.93647591023825,0
8.46,3.657424,34.93,63.0,0
4.19,3.662541,34.93,63.08724118235002,0
-17.75,3.674055,34.93,62.93647591023825,0
6.69,3.683009,34.93,63.984373092185564,0
-0.14,3.694523,34.93,62.849025449882674,0
-10.74,3.69964,34.93,62.849025449882674,0
10.44,3.694523,34.93,62.849025449882674,0
1.3,3.697081,34.93,62.849025449882674,0
-5.74,3.672776,34.93,63.835726674018524,0
12.16,3.676613,34.93,62.849025449882674,0
-1.53,3.672776,34.93,62.849025449882674,0
-1.14,3.670217,34.93,63.0,0
4.06,3.6651,34.93,63.0,0
-4.09,3.662541,34.93,62.93647591023825,0
3.67,3.663821,34.93,62.849025449882674,0
5.73,3.659983,34.93,62.849025449882674,0
-7.92,3.656145,34.93,62.93647591023825,0
5.51,3.649749,34.93,62.849025449882674,0
13.37,3.645911,34.93,63.92182725798755,0
-6.34,3.652308,34.93,62.849025449882674,0
-0.43,3.649749,34.93,63.0,0
6.15,3.64847,34.93,63.0,0
-4.33,3.652308,34.93,62.849025449882674,0
-1.48,3.658704,34.93,62.849025449882674,0
10.94,3.656145,34.93,63.08724118235002,0
-4.8,3.659983,34.93,62.849025449882674,0
-9.56,3.656145,34.95,62.93647591023825,0
4.96,3.661262,34.95,62.849025449882674,0
5.57,3.649749,34.95,60.8276253029822,0
-0.32,3.654866,34.95,62.27358990776106,0
-7.42,3.651028,34.95,63.914004725099176,0
-68.11,3.657424,34.95,62.928530890209096,0
-17.92,3.649749,34.95,63.0,0
94.96,3.657424,34.95,63.0,0
107.12,3.653587,34.93,63.0,0
-74.29,3.658704,34.93,62.849025449882674,0
-19.52,3.657424,34.93,63.0,0
-14.04,3.657424,34.93,62.849025449882674,0
11.63,3.653587,34.95,63.0,0
11.06,3.649749,34.95,62.849025449882674,0
-37.61,3.652308,34.95,62.849025449882674,0
6.22,3.652308,34.95,62.849025449882674,0
-0.02,3.64719,34.93,62.849025449882674,0
-1.69,3.649749,34.93,63.0,0
0.56,3.645911,34.93,63.0,0
-9.27,3.64847,34.93,62.849025449882674,0
7.16,3.64719,34.95,63.0,0
6.16,3.651028,34.95,63.835726674018524,0
-19.83,3.651028,34.95,63.0,0
6.44,3.653587,34.95,63.0,0
14.89,3.64847,34.95,63.0,0
-14.4,3.657424,34.95,62.849025449882674,0
12.63,3.667659,34.95,63.0,0
15.11,3.685568,34.95,63.0,0
-6.49,3.71627,34.93,62.849025449882674,0
-10.74,3.764882,34.93,62.849025449882674,0
8.84,3.807097,34.93,63.0,0
2.06,3.864663,34.93,63.0,0
-17.12,3.917112,34.97,63.0,0
10.44,3.947814,34.97,63.0,0
6.06,3.975958,34.97,63.0,0
-24.25,3.98506,34.97,63.0,0
7.91,3.973546,34.93,63.0,0
2.5,3.937727,34.93,63.0,0
-20.53,3.922376,34.93,63.0,0
12.32,3.901908,34.93,62.849025449882674,0
4.4,3.889116,34.93,63.0,0
-22.05,3.88272,34.93,62.849025449882674,0
13.49,3.876323,34.93,63.0,0
6.44,3.872486,34.93,63.0,0
-20.06,3.868648,34.93,62.849025449882674,0
10.9,3.860972,34.93,62.849025449882674,0
7.31,3.853297,34.93,63.0,0
-13.55,3.852017,34.93,62.849025449882674,0
8.85,3.849459,34.95,62.849025449882674,0
7.48,3.843063,34.95,62.849025449882674,0
-11.69,3.843063,34.95,63.0,0
11.44,3.836667,34.95,62.849025449882674,0
6.72,3.835387,34.93,63.0,0
-17.47,3.836667,34.93,62.849025449882674,0
9.86,3.841784,34.93,62.849025449882674,0
2.76,3.839225,34.93,62.849025449882674,0
-19.31,3.841784,34.95,62.849025449882674,0
7.9,3.834108,34.95,63.0,0
2.51,3.844342,34.95,62.849025449882674,0
-13.72,3.852017,34.95,62.849025449882674,0
11.94,3.887836,34.93,63.0,0
-0.66,3.928773,34.93,63.0,0
-10.31,3.953078,34.93,62.849025449882674,0
8.02,3.988897,34.93,62.849025449882674,0
1.51,4.013203,34.95,63.835726674018524,0
-17.17,4.023437,34.95,67.02984409947557,0
7.63,4.011924,34.95,63.0,0
-38.82,3.997852,34.95,63.984373092185564,0
-9.41,3.976105,34.91,62.01612693485461,0
64.65,3.96715,34.91,62.928530890209096,0
-19.76,3.960754,34.91,63.0,0
-37.85,3.955637,34.91,63.914004725099176,0
39.8,3.949241,34.93,63.914004725099176,0
-11.82,3.95052,34.93,63.0,0
-9.25,3.939007,34.93,62.928530890209096,0
21.11,3.931331,34.93,62.369864518050704,0
-6.27,3.928773,34.93,63.166446789415026,0
-16.62,3.919818,34.93,62.928530890209096,0
8.78,3.914701,34.93,62.928530890209096,0
0.88,3.907025,34.93,62.01612693485461,0
-7.0,3.908304,34.91,62.77738446287803,0
-3.23,3.912142,34.91,62.01612693485461,0
-19.03,3.908304,34.91,63.0,0
12.46,3.908304,34.91,61.72519744804386,0
12.29,3.901908,34.91,61.72519744804386,0
-19.12,3.900629,34.91,63.835726674018524,0
24.02,3.891674,34.91,62.849025449882674,0
-27.39,3.891674,34.91,63.835726674018524,0
-30.04,3.886557,34.91,63.984373092185564,0
42.22,3.892954,34.91,62.849025449882674,0
-11.93,3.88272,34.91,63.0,0
-35.01,3.891674,34.91,62.849025449882674,0
9.54,3.889116,34.91,62.849025449882674,0
5.24,3.905746,34.91,62.849025449882674,0
-22.22,3.912142,34.91,63.835726674018524,0
7.19,3.928773,34.91,62.849025449882674,0
-1.22,3.935169,34.91,62.849025449882674,0
0.12,3.945403,34.91,62.849025449882674,0
6.46,3.941565,34.91,64.07027391856539,0
-10.98,3.931331,34.91,62.849025449882674,0
11.94,3.922376,34.89,62.849025449882674,0
10.39,3.913422,34.89,62.849025449882674,0
-16.47,3.909584,34.89,63.0,0
12.71,3.904467,34.89,62.849025449882674,0
10.68,3.898071,34.91,62.849025449882674,0
-19.18,3.898071,34.91,62.849025449882674,0
13.51,3.891674,34.91,62.849025449882674,0
6.28,3.891674,34.91,63.788713735268246,0
-21.01,3.88272,34.89,63.702433234531945,0
8.99,3.889116,34.89,62.5939294181153,0
4.92,3.885278,34.89,62.5939294181153,0
-5.94,3.883999,34.89,63.835726674018524,0
0.73,3.878882,34.89,63.702433234531945,0
-10.42,3.889116,34.89,63.788713735268246,0
-5.78,3.88272,34.89,62.71363488110062,0
1.1,3.890395,34.89,62.71363488110062,0
-8.88,3.895512,34.91,63.92182725798755,0
4.97,3.905746,34.91,63.92182725798755,0
12.5,3.912142,34.91,63.984373092185564,0
-0.96,3.928773,34.91,62.849025449882674,0
4.47,3.95052,34.89,62.5939294181153,0
-64.73,3.977384,34.89,62.71363488110062,0
-83.25,3.982501,34.89,62.5939294181153,0
59.89,3.977384,34.89,64.69157595854347,0
81.63,3.976105,34.89,62.71363488110062,0
45.13,3.977384,34.89,62.71363488110062,0
40.88,3.972267,34.89,62.71363488110062,0
1.82,3.972267,34.89,63.702433234531945,0
-6.35,3.969709,34.89,62.71363488110062,0
-12.18,3.973546,34.89,62.71363488110062,0
-37.65,3.963312,34.89,63.702433234531945,0
5.79,3.959475,34.89,62.71363488110062,0
2.88,3.949241,34.91,62.849025449882674,0
-27.06,3.946682,34.91,63.702433234531945,0
8.11,3.928773,34.91,63.702433234531945,0
6.24,3.93389,34.91,63.58458932791813,0
-9.77,3.922376,34.89,62.5939294181153,0
5.31,3.931331,34.89,63.58458932791813,0
-3.73,3.924935,34.89,63.702433234531945,0
-17.24,3.936448,34.89,63.702433234531945,0
-0.18,3.936448,34.91,63.702433234531945,0
-7.17,3.947961,34.91,62.71363488110062,0
7.36,3.931331,34.91,63.58458932791813,0
8.69,3.949241,34.91,63.702433234531945,0
-14.99,3.940286,34.89,63.702433234531945,0
12.54,3.939007,34.89,63.58458932791813,0
11.34,3.93389,34.89,66.11353870426238,0
-19.63,3.93389,34.89,63.702433234531945,0
9.25,3.923656,34.89,61.497967446087195,0
7.91,3.928773,34.89,63.58458932791813,0
-25.12,3.918539,34.89,63.58458932791813,0
-5.53,3.919818,34.89,62.5939294181153,0
18.26,3.913422,34.91,62.5939294181153,0
-10.88,3.921097,34.91,63.702433234531945,0
-4.91,3.913422,34.91,63.702433234531945,0
-3.31,3.918539,34.91,62.5939294181153,0
4.77,3.907025,34.89,62.71363488110062,0
11.35,3.922376,34.89,63.702433234531945,0
-12.16,3.917259,34.89,63.702433234531945,0
11.89,3.919818,34.89,63.702433234531945,0
6.26,3.91598,34.91,62.71363488110062,0
-19.43,3.921097,34.91,63.58458932791813,0
12.35,3.917259,34.91,63.58458932791813,0
4.55,3.91598,34.91,63.58458932791813,0
-16.47,3.914701,34.91,62.5939294181153,0
5.95,3.913422,34.91,63.58458932791813,0
-8.35,3.904467,34.91,63.58458932791813,0
5.76,3.898071,34.91,63.58458932791813,0
8.96,3.896791,34.91,63.58458932791813,0
-16.65,3.896791,34.91,62.40192304729078,0
13.59,3.890395,34.91,62.5939294181153,0
4.32,3.890395,34.91,63.58458932791813,0
-20.89,3.885278,34.91,63.58458932791813,0
22.05,3.891674,34.91,62.5939294181153,0
1.02,3.883999,34.91,63.58458932791813,0
-36.55,3.883999,34.91,62.5939294181153,0
10.28,3.880161,34.89,63.702433234531945,0
11.31,3.885278,34.89,62.5939294181153,0
-21.89,3.872486,34.89,63.58458932791813,0
15.6,3.877603,34.89,63.58458932791813,0
8.49,3.873765,34.91,62.5939294181153,0
-20.82,3.877603,34.91,63.58458932791813,0
3.67,3.875044,34.91,63.58458932791813,0
-3.63,3.877603,34.91,63.58458932791813,0
-18.84,3.871206,34.89,63.58458932791813,0
12.05,3.873765,34.89,63.58458932791813,0
-12.89,3.877603,34.89,63.702433234531945,0
3.56,3.883999,34.89,63.58458932791813,0
10.08,3.892954,34.89,63.58458932791813,0
-7.85,3.903188,34.89,62.5939294181153,0
9.9,3.91598,34.89,63.58458932791813,0
8.49,3.926214,34.89,63.58458932791813,0
-21.38,3.923656,34.91,63.58458932791813,0
12.41,3.924935,34.91,63.58458932791813,0
-0.07,3.914701,34.91,62.68173577685928,0
-7.34,3.910863,34.91,63.58458932791813,0
7.7,3.898071,34.89,63.58458932791813,0
-11.25,3.89935,34.89,62.5939294181153,0
20.99,3.887836,34.89,63.58458932791813,0
25.47,3.886557,34.89,63.671029518926424,0
-43.0,3.873765,34.91,62.68173577685928,0
3.61,3.875044,34.91,63.58458932791813,0
6.09,3.873765,34.91,62.5939294181153,0
-20.53,3.877603,34.91,62.5939294181153,0
7.79,3.871206,34.89,62.68173577685928,0
-1.62,3.873765,34.89,63.58458932791813,0
-20.19,3.868648,34.89,62.68173577685928,0
3.98,3.869927,34.89,62.68173577685928,0
6.2,3.869927,34.89,62.57795138864806,0
-1.09,3.871206,34.89,62.68173577685928,0
15.1,3.862252,34.89,63.702433234531945,0
-2.17,3.857135,34.89,63.58458932791813,0
-5.52,3.859693,34.89,63.58458932791813,0
1.18,3.860972,34.89,62.5939294181153,0
3.07,3.866089,34.89,62.5939294181153,0
10.95,3.875044,34.89,63.58458932791813,0
11.71,3.878882,34.87,63.58458932791813,0
-22.56,3.890395,34.87,62.5939294181153,0
1.98,3.890395,34.87,63.702433234531945,0
11.12,3.894233,34.87,63.58458932791813,0
-18.07,3.889116,34.89,63.58458932791813,0
13.73,3.894233,34.89,62.68173577685928,0
5.89,3.862252,34.89,62.5939294181153,0
-18.34,3.876323,34.89,63.58458932791813,0
9.11,3.868648,34.91,63.58458932791813,0
-2.31,3.873765,34.91,62.68173577685928,0
-0.02,3.862252,34.91,62.80127387243033,0
2.68,3.86481,34.91,62.5939294181153,0
-13.17,3.860972,34.87,62.71363488110062,0
17.78,3.863531,34.87,63.58458932791813,0
10.38,3.855855,34.87,62.5939294181153,0
-26.68,3.860972,34.87,63.56886030125127,0
21.51,3.857135,34.89,63.48228099241551,0
5.15,3.850738,34.89,63.48228099241551,0
-46.03,3.853297,34.89,63.56886030125127,0
-0.67,3.850738,34.89,63.56886030125127,0
9.25,3.850738,34.87,63.671029518926424,0
-7.39,3.850738,34.87,63.56886030125127,0
11.51,3.84818,34.87,63.671029518926424,0
-2.66,3.8469,34.87,63.671029518926424,0
-2.93,3.8469,34.91,63.56886030125127,0
10.36,3.843063,34.91,62.489999199871974,0
-6.06,3.843063,34.91,63.671029518926424,0
13.4,3.840504,34.91,63.56886030125127,0
10.01,3.835387,34.89,62.57795138864806,0
-8.87,3.839225,34.89,63.56886030125127,0
15.24,3.836667,34.89,62.5939294181153,0
-10.06,3.832829,34.89,62.57795138864806,0
-37.5,3.832829,34.84,62.68173577685928,0
14.88,3.834108,34.84,63.58458932791813,0
7.77,3.83027,34.84,62.68173577685928,0
-18.8,3.832829,34.84,63.56886030125127,0
11.78,3.837946,34.87,62.57795138864806,0
1.04,3.8469,34.87,63.56886030125127,0
-17.41,3.845621,34.87,63.58458932791813,0
13.23,3.843063,34.87,62.71363488110062,0
-10.06,3.8469,34.84,62.68173577685928,0
-4.36,3.8469,34.84,63.48228099241551,0
5.13,3.844342,34.84,62.5939294181153,0
-14.63,3.832829,34.84,63.671029518926424,0
21.61,3.832829,34.87,63.671029518926424,0
47.32,3.832829,34.87,63.58458932791813,0
-44.84,3.83027,34.87,63.671029518926424,0
-13.03,3.832829,34.87,63.58458932791813,0
3.89,3.835387,34.87,63.671029518926424,0
-12.44,3.837946,34.87,63.671029518926424,0
12.72,3.834108,34.87,63.671029518926424,0
-5.21,3.839225,34.87,63.671029518926424,0
-1.05,3.836667,34.87,63.671029518926424,0
6.83,3.834108,34.87,63.58458932791813,0
-10.4,3.831549,34.87,62.57795138864806,0
11.44,3.828991,34.87,63.56886030125127,0
9.86,3.823874,34.84,63.48228099241551,0
-21.11,3.818757,34.84,63.48228099241551,0
25.18,3.818757,34.84,63.56886030125127,0
5.53,3.812361,34.84,62.68173577685928,0
-39.6,3.81364,34.83,63.58458932791813,0
16.31,3.804685,34.83,63.671029518926424,0
13.36,3.812361,34.83,63.671029518926424,0
-25.46,3.805964,34.83,62.68173577685928,0
19.43,3.809802,34.87,63.56886030125127,0
10.49,3.808523,34.87,63.56886030125127,0
-19.53,3.807244,34.87,63.48228099241551,0
8.3,3.800848,34.87,63.48228099241551,0
-1.58,3.802127,34.89,63.56886030125127,0
-21.05,3.798289,34.89,62.489999199871974,0
14.46,3.79573,34.89,63.48228099241551,0
-2.23,3.789334,34.89,63.48228099241551,0
-12.61,3.784217,34.84,62.489999199871974,0
18.08,3.785496,34.84,63.48228099241551,0
-6.35,3.782938,34.84,63.58458932791813,0
-11.73,3.7791,34.84,63.58458932791813,0
0.02,3.78038,34.87,63.48228099241551,0
-1.28,3.776542,34.87,62.5939294181153,0
2.94,3.78038,34.87,63.48228099241551,0
8.72,3.777821,34.87,63.48228099241551,0
-9.17,3.773983,34.87,62.57795138864806,0
-11.08,3.7791,34.87,63.48228099241551,0
14.87,3.78038,34.87,62.57795138864806,0
-4.56,3.771425,34.87,62.5939294181153,0
18.3,3.777821,34.89,63.48228099241551,0
3.82,3.771425,34.89,63.48228099241551,0
-22.12,3.757353,34.89,62.489999199871974,0
11.36,3.763749,34.89,63.56886030125127,0
-2.34,3.767587,34.87,63.48228099241551,0
-9.81,3.767587,34.87,62.5939294181153,0
13.08,3.765028,34.87,62.489999199871974,0
-5.36,3.765028,34.87,63.58458932791813,0
1.68,3.763749,34.83,63.58458932791813,0
12.21,3.758632,34.83,62.68173577685928,0
-9.55,3.756074,34.83,63.48228099241551,0
3.44,3.756074,34.83,63.58458932791813,0
10.3,3.754794,34.87,63.48228099241551,0
-11.07,3.752236,34.87,63.48228099241551,0
6.11,3.754794,34.87,63.58458932791813,0
8.65,3.749677,34.87,62.68173577685928,0
-14.54,3.750957,34.84,63.58458932791813,0
11.87,3.747119,34.84,63.58458932791813,0
13.78,3.748398,34.84,62.489999199871974,0
-6.35,3.74456,34.84,63.48228099241551,0
5.37,3.747119,34.87,61.497967446087195,0
7.68,3.738164,34.87,62.489999199871974,0
-11.69,3.747119,34.87,63.48228099241551,0
-3.81,3.738164,34.87,63.58458932791813,0
11.26,3.740723,34.84,62.489999199871974,0
-2.03,3.735606,34.84,63.48228099241551,0
4.67,3.738164,34.84,63.48228099241551,0
2.95,3.735606,34.84,63.48228099241551,0
-15.35,3.736885,34.84,63.56886030125127,0
10.6,3.736885,34.84,63.48228099241551,0
1.67,3.735606,34.84,63.48228099241551,0
-19.87,3.733047,34.84,63.48228099241551,0
12.56,3.730489,34.84,63.56886030125127,0
1.14,3.729209,34.84,63.58458932791813,0
-15.46,3.730489,34.84,63.671029518926424,0
13.35,3.72793,34.84,63.58458932791813,0
-5.09,3.731768,34.83,63.56886030125127,0
5.03,3.735606,34.83,63.671029518926424,0
12.3,3.738164,34.83,62.40192304729078,0
-7.91,3.738164,34.83,63.48228099241551,0
18.43,3.739443,34.84,63.39558344238185,0
27.81,3.735606,34.84,63.58458932791813,0
-29.69,3.736885,34.84,62.5939294181153,0
-5.63,3.725372,34.84,63.58458932791813,0
20.98,3.731768,34.87,63.58458932791813,0
-13.9,3.725372,34.87,63.58458932791813,0
-1.71,3.730489,34.87,63.58458932791813,0
5.74,3.72793,34.87,63.702433234531945,0
-23.33,3.735606,34.83,63.58458932791813,0
22.61,3.733047,34.83,62.71363488110062,0
11.41,3.739443,34.83,62.71363488110062,0
-25.2,3.736885,34.83,63.702433234531945,0
15.58,3.736885,34.87,62.71363488110062,0
2.77,3.72793,34.87,62.71363488110062,0
-22.45,3.726651,34.87,63.835726674018524,0
7.56,3.724092,34.87,62.849025449882674,0
-4.7,3.72793,34.87,62.849025449882674,0
2.94,3.720255,34.87,63.702433234531945,0
11.02,3.721534,34.87,62.849025449882674,0
-15.51,3.715138,34.87,62.849025449882674,0
19.98,3.716417,34.87,62.849025449882674,0
12.75,3.710021,34.87,62.71363488110062,0
-30.56,3.712579,34.87,62.849025449882674,0
18.24,3.706183,34.87,62.71363488110062,0
9.86,3.707462,34.83,63.58458932791813,0
-29.52,3.699787,34.83,62.6418390534633,0
23.93,3.704904,34.83,62.71363488110062,0
24.87,3.698507,34.83,63.835726674018524,0
-14.95,3.699787,34.87,61.814237842102365,0
-11.29,3.718975,34.87,65.81033353509159,0
-112.34,3.733047,34.87,63.702433234531945,0
-260.93,3.725372,34.87,62.489999199871974,0
14.86,3.724092,34.84,62.68173577685928,0
34.37,3.724092,34.84,63.671029518926424,0
161.45,3.733047,34.84,62.5939294181153,0
-10.67,3.726651,34.84,63.835726674018524,0
191.71,3.725372,34.84,62.849025449882674,0
122.83,3.749677,34.84,63.835726674018524,0
9.12,3.742002,34.84,62.6418390534633,0
11.3,3.739443,34.84,63.835726674018524,0
330.07,3.734326,34.84,63.631753079732135,0
-129.81,3.731768,34.84,62.489999199871974,0
-172.15,3.710021,34.84,63.788713735268246,0
-82.29,3.721534,34.84,70.03570517957252,0
-32.71,3.720255,34.83,63.15853069855251,0
-37.35,3.721534,34.83,64.03905058634146,0
-61.46,3.720255,34.83,63.15853069855251,0
-88.12,3.715138,34.83,63.25345840347388,0
-31.84,3.717696,34.87,63.079315151640635,0
-0.72,3.713858,34.87,63.229739838148944,0
27.39,3.716417,34.87,63.31666447310692,0
69.85,3.715138,34.87,62.321745803531535,0
76.69,3.722813,34.83,61.554853586049575,0
-37.92,3.730489,34.83,64.50581369148055,0
-85.89,3.731768,34.83,61.554853586049575,0
-134.58,3.729209,34.83,63.647466563878254,0
-193.58,3.735606,34.83,62.65780079128216,0
268.77,3.736885,34.83,61.554853586049575,0
46.27,3.733047,34.83,63.647466563878254,0
119.73,3.736885,34.83,63.796551630946325,0
-1.97,3.731768,34.83,62.80923498976882,0
98.81,3.730489,34.83,61.69278726074872,0
32.21,3.734326,34.83,62.68173577685928,0
-103.69,3.748398,34.83,64.52906321960671,0
-109.57,3.739443,34.84,63.45864795282043,0
135.68,3.730489,34.84,63.419239982831705,0
-15.87,3.722813,34.84,63.31666447310692,0
-151.71,3.718975,34.84,63.31666447310692,0
171.04,3.712579,34.83,63.31666447310692,0
-24.7,3.704904,34.83,63.419239982831705,0
-80.95,3.704904,34.83,62.36184731067546,0
-30.5,3.699787,34.83,64.66065264130884,0
-20.85,3.702345,34.83,62.545983084447556,0
-49.32,3.701066,34.83,62.545983084447556,0
-7.98,3.698507,34.83,63.671029518926424,0
-2.48,3.697228,34.83,63.53739056650029,0
-4.64,3.697228,34.84,62.545983084447556,0
-52.06,3.698507,34.84,62.27358990776106,0
-26.9,3.695949,34.84,63.12685640834652,0
51.52,3.690832,34.84,63.071388124885914,0
59.93,3.690832,34.83,63.15853069855251,0
-55.57,3.690832,34.83,63.103090257134,0
-24.96,3.690832,34.83,63.15853069855251,0
-11.76,3.685715,34.83,63.103090257134,0
-11.95,3.684436,34.83,63.13477647065839,0
12.99,3.686994,34.83,63.13477647065839,0
12.12,3.684436,34.83,63.15853069855251,0
4.57,3.679319,34.83,63.13477647065839,0
12.58,3.681877,34.83,63.13477647065839,0
-3.28,3.67676,34.83,62.13694553162394,0
15.52,3.678039,34.83,64.13267497929586,0
5.59,3.667805,34.83,63.13477647065839,0
-24.59,3.675481,34.83,63.13477647065839,0
16.07,3.669085,34.83,64.07807737440318,0
11.17,3.670364,34.83,62.13694553162394,0
-23.18,3.666526,34.83,64.07027391856539,0
52.71,3.666526,34.83,63.079315151640635,0
63.52,3.667805,34.83,62.27358990776106,0
-86.1,3.669085,34.83,63.198101237299845,0
31.63,3.669085,34.83,63.26926584053272,0
15.66,3.670364,34.83,63.26926584053272,0
-39.11,3.670364,34.83,63.198101237299845,0
-97.6,3.662688,34.83,63.198101237299845,0
10.8,3.663968,34.83,63.25345840347388,0
9.88,3.661409,34.83,63.198101237299845,0
8.65,3.662688,34.83,63.198101237299845,0
19.24,3.662688,34.83,63.198101237299845,0
-0.97,3.657571,34.83,63.198101237299845,0
5.85,3.657571,34.83,63.198101237299845,0
14.36,3.656292,34.83,63.198101237299845,0
-9.86,3.656292,34.83,63.198101237299845,0
9.91,3.651175,34.83,62.20128616033595,0
9.45,3.651175,34.84,63.198101237299845,0
-12.66,3.646058,34.84,63.25345840347388,0
16.46,3.649896,34.84,63.324560795950255,0
16.22,3.64222,34.84,63.198101237299845,0
-16.57,3.647337,34.83,63.25345840347388,0
16.82,3.644779,34.83,63.25345840347388,0
16.16,3.646058,34.83,63.103090257134,0
-22.04,3.640941,34.83,62.12889826803627,0
25.57,3.64222,34.83,64.07027391856539,0
26.94,3.639662,34.83,63.071388124885914,0
28.91,3.619194,34.83,63.079315151640635,0
2.99,3.626869,34.83,63.079315151640635,0
-28.66,3.62559,34.83,63.103090257134,0
-24.21,3.629428,34.83,63.103090257134,0
-9.83,3.626869,34.83,63.103090257134,0
-38.8,3.624311,34.83,63.13477647065839,0
-19.44,3.626869,34.83,63.13477647065839,0
19.66,3.628149,34.83,63.13477647065839,0
13.8,3.629428,34.83,63.103090257134,0
-3.18,3.62559,34.83,63.13477647065839,0
8.55,3.630707,34.84,63.13477647065839,0
2.34,3.629428,34.84,63.103090257134,0
-14.92,3.628149,34.84,63.103090257134,0
5.43,3.619194,34.84,63.15853069855251,0
-1.92,3.623032,34.84,63.103090257134,0
-10.92,3.615356,34.84,61.106464469808756,0
8.71,3.621752,34.84,61.1310068623117,0
-4.41,3.616635,34.84,63.198101237299845,0
0.61,3.623032,34.83,63.14269553954757,0
30.12,3.617914,34.83,63.14269553954757,0
23.45,3.616635,34.83,63.198101237299845,0
-52.92,3.615356,34.83,63.103090257134,0
25.28,3.615356,34.84,63.14269553954757,0
-31.42,3.611518,34.84,63.198101237299845,0
-4.55,3.607681,34.84,63.14269553954757,0
-57.91,3.606401,34.84,63.14269553954757,0
-22.74,3.607681,34.83,63.14269553954757,0
56.51,3.598726,34.83,63.14269553954757,0
18.94,3.606401,34.83,63.14269553954757,0
6.88,3.607681,34.83,63.14269553954757,0
12.0,3.606401,34.83,63.14269553954757,0
-5.35,3.605122,34.83,63.198101237299845,0
8.33,3.601284,34.83,63.14269553954757,0
15.19,3.601284,34.83,63.14269553954757,0
-13.51,3.598726,34.83,63.14269553954757,0
11.69,3.596167,34.83,63.14269553954757,0
10.45,3.598726,34.83,63.14269553954757,0
-14.24,3.594888,34.83,63.14269553954757,0
11.01,3.596167,34.83,63.14269553954757,0
3.56,3.597446,34.83,63.14269553954757,0
-21.59,3.594888,34.83,63.14269553954757,0
10.76,3.593609,34.83,63.14269553954757,0
-1.72,3.59233,34.81,63.14269553954757,0
-19.45,3.59233,34.81,63.14269553954757,0
11.28,3.59105,34.81,63.14269553954757,0
-6.04,3.59105,34.81,63.198101237299845,0
-6.65,3.583375,34.83,63.198101237299845,0
8.59,3.59105,34.83,63.14269553954757,0
-7.67,3.585933,34.83,63.14269553954757,0
-1.85,3.59105,34.83,63.14269553954757,0
11.27,3.585933,34.84,63.14269553954757,0
-7.04,3.587213,34.84,63.14269553954757,0
-4.28,3.580816,34.84,63.198101237299845,0
10.42,3.584654,34.84,63.14269553954757,0
-4.83,3.583375,34.84,63.198101237299845,0
-3.48,3.587213,34.84,63.198101237299845,0
3.28,3.580816,34.84,63.198101237299845,0
-11.39,3.576978,34.84,63.198101237299845,0
11.3,3.575699,34.83,63.26926584053272,0
1.87,3.580816,34.83,63.198101237299845,0
-45.64,3.57442,34.83,63.198101237299845,0
12.92,3.571862,34.83,63.198101237299845,0
4.68,3.570582,34.83,63.26926584053272,0
-11.4,3.575699,34.83,63.198101237299845,0
25.19,3.571862,34.83,63.26926584053272,0
-5.88,3.570582,34.83,63.26926584053272,0
10.64,3.559069,34.84,62.13694553162394,0
23.92,3.573141,34.84,65.56675987114203,0
-8.83,3.560348,34.84,67.63135367564367,0
3.29,3.542439,34.84,56.83308895353129,0
6.92,3.509178,34.83,64.1404708432983,0
-133.25,3.552673,34.83,64.42049363362563,0
22.6,3.580816,34.83,60.96720429870473,0
-112.8,3.57442,34.83,62.64982043070834,0
157.49,3.57442,34.84,63.788713735268246,0
307.82,3.568024,34.84,66.27971031922213,0
-71.72,3.580816,34.84,64.26507605223851,0
-87.71,3.582095,34.84,63.071388124885914,0
-206.01,3.59105,34.84,62.65780079128216,0
-264.28,3.589771,34.84,62.40192304729078,0
118.68,3.579537,34.84,62.20128616033595,0
340.42,3.59233,34.84,62.40192304729078,0
139.05,3.597446,34.84,63.3798075099633,0
-76.07,3.596167,34.84,63.3798075099633,0
-40.73,3.594888,34.84,62.40192304729078,0
-31.23,3.59105,34.84,62.20128616033595,0
-28.89,3.59105,34.84,63.182275995725256,0
-18.88,3.585933,34.84,62.24146527838174,0
-25.25,3.584654,34.84,63.182275995725256,0
-3.04,3.579537,34.84,63.182275995725256,0
-7.58,3.575699,34.83,62.83311228962003,0
-14.06,3.57442,34.83,63.0,0
1.34,3.578258,34.83,63.182275995725256,0
2.38,3.569303,34.83,63.182275995725256,0
58.9,3.569303,34.84,63.182275995725256,0
31.09,3.568024,34.84,63.182275995725256,0
-75.92,3.566745,34.84,63.182275995725256,0
-36.36,3.561627,34.84,62.40192304729078,0
-8.93,3.560348,34.83,63.3798075099633,0
-56.68,3.555231,34.83,62.20128616033595,0
60.59,3.555231,34.83,62.40192304729078,0
-5.7,3.546276,34.83,63.3798075099633,0
7.74,3.550114,34.84,63.182275995725256,0
-8.05,3.550114,34.84,63.182275995725256,0
8.57,3.547556,34.84,63.3798075099633,0
-9.23,3.544997,34.84,62.20128616033595,0
1.84,3.546276,34.81,63.182275995725256,0
0.64,3.536042,34.81,62.20128616033595,0
-13.85,3.546276,34.81,63.182275995725256,0
6.21,3.548835,34.81,63.182275995725256,0
1.94,3.546276,34.83,63.182275995725256,0
-11.54,3.543718,34.83,63.182275995725256,0
2.99,3.536042,34.83,63.3798075099633,0
-1.33,3.53988,34.83,62.20128616033595,0
-11.75,3.537322,34.83,63.182275995725256,0
3.17,3.542439,34.83,62.20128616033595,0
1.03,3.538601,34.83,62.20128616033595,0
-0.27,3.537322,34.83,62.20128616033595,0
3.17,3.536042,34.83,63.182275995725256,0
3.04,3.538601,34.83,63.182275995725256,0
-4.19,3.536042,34.83,63.182275995725256,0
2.36,3.534763,34.83,63.182275995725256,0
1.34,3.533484,34.81,62.20128616033595,0
0.46,3.528367,34.81,63.182275995725256,0
5.06,3.529646,34.81,62.20128616033595,0
4.12,3.528367,34.81,63.182275995725256,0
5.8,3.524529,34.84,63.3798075099633,0
11.7,3.528367,34.84,63.182275995725256,0
4.64,3.525808,34.84,65.33758489567853,0
-8.85,3.529646,34.84,63.984373092185564,0
2.13,3.525808,34.83,61.69278726074872,0
-5.53,3.529646,34.83,63.0,0
-86.96,3.521971,34.83,63.0,0
27.85,3.52325,34.83,63.0,0
60.79,3.513016,34.83,63.182275995725256,0
5.54,3.520691,34.83,62.01612693485461,0
-22.08,3.511737,34.83,63.0,0
-28.91,3.515574,34.83,63.0,0
7.06,3.513016,34.83,63.182275995725256,0
-3.89,3.518133,34.83,63.182275995725256,0
8.83,3.511737,34.83,62.01612693485461,0
11.19,3.511737,34.83,62.01612693485461,0
-20.51,3.510457,34.83,63.0,0
18.94,3.513016,34.83,62.20128616033595,0
4.09,3.507899,34.83,63.182275995725256,0
-22.63,3.50534,34.83,63.182275995725256,0
17.96,3.500223,34.84,63.182275995725256,0
-11.03,3.509178,34.84,63.182275995725256,0
5.25,3.500223,34.84,63.182275995725256,0
21.67,3.50662,34.84,63.182275995725256,0
-17.61,3.50662,34.84,63.182275995725256,0
-0.11,3.507899,34.84,63.0,0
36.43,3.50534,34.84,63.182275995725256,0
22.99,3.504061,34.84,63.182275995725256,0
0.48,3.501503,34.81,63.182275995725256,0
-31.93,3.502782,34.81,63.0,0
35.96,3.497665,34.81,62.20128616033595,0
31.49,3.502782,34.81,63.182275995725256,0
25.69,3.498944,34.83,62.20128616033595,0
-79.1,3.501503,34.83,63.182275995725256,0
-1.15,3.484872,34.83,63.182275995725256,0
-43.39,3.500223,34.83,62.20128616033595,0
-2.34,3.502782,34.83,63.182275995725256,0
4.61,3.500223,34.83,63.182275995725256,0
9.86,3.502782,34.83,62.20128616033595,0
13.36,3.496386,34.83,63.182275995725256,0
28.85,3.497665,34.84,63.3798075099633,0
-7.58,3.489989,34.84,63.182275995725256,0
-23.03,3.495106,34.84,63.3798075099633,0
-12.09,3.487431,34.84,62.20128616033595,0
-3.26,3.491269,34.84,63.3798075099633,0
-0.84,3.491269,34.84,62.40192304729078,0
-9.87,3.489989,34.84,62.20128616033595,0
-15.11,3.484872,34.84,62.20128616033595,0
-4.25,3.487431,34.83,63.182275995725256,0
-11.33,3.483593,34.83,63.3798075099633,0
5.29,3.482314,34.83,63.3798075099633,0
2.19,3.478476,34.83,62.20128616033595,0
-6.65,3.481035,34.81,62.20128616033595,0
3.07,3.477197,34.81,63.3798075099633,0
-0.44,3.477197,34.81,62.20128616033595,0
-1.13,3.474638,34.81,63.3798075099633,0
3.08,3.474638,34.83,63.3798075099633,0
1.81,3.470801,34.83,62.40192304729078,0
3.46,3.470801,34.83,62.20128616033595,0
1.45,3.469521,34.83,63.3798075099633,0
-0.95,3.47208,34.83,63.182275995725256,0
3.99,3.465684,34.83,62.20128616033595,0
0.02,3.482167,34.83,63.182275995725256,0
-9.85,3.473212,34.83,63.3798075099633,0
8.26,3.479609,34.87,63.3798075099633,0
3.96,3.474492,34.87,63.3798075099633,0
-9.49,3.47705,34.87,62.40192304729078,0
7.46,3.471933,34.87,63.182275995725256,0
3.49,3.475771,34.84,63.3798075099633,0
-6.33,3.471933,34.84,63.182275995725256,0
6.01,3.473212,34.84,63.182275995725256,0
2.4,3.474492,34.84,63.182275995725256,0
-2.52,3.473212,34.83,61.94352266379432,0
7.25,3.471933,34.83,63.182275995725256,0
0.64,3.466816,34.83,62.20128616033595,0
-0.7,3.469374,34.83,63.3798075099633,0
5.89,3.468095,34.87,63.3798075099633,0
-7.86,3.470654,34.87,63.3798075099633,0
-13.88,3.469374,34.87,62.40192304729078,0
6.93,3.465537,34.87,63.3798075099633,0
1.97,3.466816,34.84,63.3798075099633,0
-11.72,3.468095,34.84,62.40192304729078,0
14.69,3.465537,34.84,63.3798075099633,0
4.26,3.455303,34.84,62.40192304729078,0
-3.63,3.462978,34.84,63.3798075099633,0
-5.68,3.447627,34.84,62.40192304729078,0
-1.63,3.461699,34.84,62.40192304729078,0
5.9,3.452744,34.84,63.592452382338585,0
1.19,3.457861,34.84,62.40192304729078,0
-7.61,3.456582,34.84,62.40192304729078,0
6.48,3.456582,34.84,63.3798075099633,0
-1.99,3.452744,34.84,62.40192304729078,0
-13.49,3.455303,34.83,63.3798075099633,0
5.04,3.455303,34.83,62.40192304729078,0
-6.17,3.454023,34.83,62.617888817813075,0
5.75,3.448906,34.83,62.40192304729078,0
9.32,3.445069,34.84,62.40192304729078,0
-9.68,3.452744,34.84,62.40192304729078,0
11.22,3.448906,34.84,60.95079983068311,0
12.63,3.446348,34.84,68.0808343074613,0
-11.86,3.388782,34.83,55.21775076911409,0
-23.74,3.262136,34.83,66.61080993352356,0
-26.77,3.269811,34.83,55.21775076911409,0
-150.03,3.271091,34.83,67.50555532695068,0
-28.14,3.257019,34.84,59.9666574022598,0
152.63,3.274928,34.84,69.22427319950712,0
162.95,3.503914,34.84,64.16385275215322,0
239.3,3.506473,34.84,62.177166226839255,0
-28.23,3.514148,34.84,64.02343321003646,0
-293.0,3.515428,34.84,65.89385403814228,0
11.24,3.517986,34.84,62.78534860936905,0
13.42,3.523103,34.84,68.4324484437025,0
-6.36,3.542292,34.83,49.24428900898052,0
-4.66,3.506473,34.83,64.35837163881635,0
-46.48,3.500077,34.83,70.78135347674555,0
7.67,3.566598,34.83,69.49100661236676,0
206.54,3.714991,34.84,66.16645675869307,0
-182.28,3.754647,34.84,60.0416522091123,0
-216.9,3.745693,34.84,62.72160712226688,0
-33.76,3.721387,34.84,63.63961030678928,0
236.52,3.711153,34.84,59.371710435189584,0
-114.64,3.69836,34.84,66.40783086353596,0
11.5,3.694523,34.84,62.20932405998316,0
65.94,3.674055,34.84,63.631753079732135,0
-51.42,3.668938,34.84,57.07889277132134,0
-39.75,3.666379,34.84,38.535697735995385,0
-39.79,3.807097,34.84,66.51315659326356,0
-97.82,3.789187,34.84,72.12489168102785,0
144.4,3.769999,34.84,54.46099521676041,0
215.95,3.745693,34.84,61.237243569579455,0
93.49,3.752089,34.84,68.27884006044626,0
-95.72,3.735459,34.84,65.14598989960932,0
-47.31,3.735459,34.84,50.53711507397311,0
12.34,3.725225,34.84,68.62215385719105,0
81.77,3.721387,34.84,62.369864518050704,0
235.76,3.717549,34.84,62.65780079128216,0
585.7,3.726504,34.87,62.5939294181153,0
-502.04,3.738017,34.87,62.5939294181153,0
-237.93,3.741855,34.87,63.0158710167526,0
-128.48,3.739296,34.87,64.91532946846992,0
-12.25,3.726504,34.84,58.25804665451803,0
5.43,3.75081,34.84,63.655321851358195,0
5.56,3.755927,34.84,63.14269553954757,0
-22.34,3.757206,34.84,62.27358990776106,0
-14.94,3.748251,34.87,62.68173577685928,0
-181.51,3.744414,34.87,62.297672508690084,0
2.08,3.738017,34.87,63.166446789415026,0
132.16,3.730342,34.87,62.72160712226688,0
-15.61,3.723946,34.87,62.24146527838174,0
86.49,3.714991,34.87,76.94803441284255,0
16.31,3.714991,34.87,60.54750201288241,0
-42.79,3.762323,34.87,60.51446108162907,0
26.36,3.734179,34.87,62.01612693485461,0
-50.5,3.720108,34.87,64.81512169239521,0
0.08,3.714991,34.87,64.26507605223851,0
129.72,3.71627,34.87,63.72597586541927,0
-88.4,3.712432,34.87,77.33692520394123,0
88.0,3.706036,34.87,64.41273166075166,0
118.48,3.690685,34.87,61.5223536610881,0
-31.37,3.727783,34.87,61.22907805936653,0
-128.68,3.71627,34.84,63.15853069855251,0
-149.39,3.717549,34.84,61.75759062657804,0
31.75,3.706036,34.84,62.617888817813075,0
-291.45,3.707315,34.84,64.45928947793328,0
144.79,3.695802,34.87,62.8728876384726,0
113.15,3.693244,34.87,63.324560795950255,0
123.53,3.684289,34.87,62.457985878508765,0
17.56,3.684289,34.87,63.12685640834652,0
-62.76,3.680451,34.87,62.489999199871974,0
45.73,3.683009,34.87,62.01612693485461,0
-2.95,3.677892,34.87,62.8728876384726,0
78.7,3.672776,34.87,62.20128616033595,0
-29.84,3.666379,34.87,63.071388124885914,0
-78.73,3.663821,34.87,62.65780079128216,0
7.16,3.661262,34.87,62.65780079128216,0
-37.19,3.663821,34.87,62.65780079128216,0
94.9,3.656145,34.84,62.433965115151864,0
8.45,3.659983,34.84,62.457985878508765,0
-85.94,3.653587,34.84,62.0,0
32.14,3.653587,34.84,67.45368781616021,0
-7.13,3.649749,34.87,62.74551776820397,0
7.55,3.656145,34.87,64.03124237432849,0
-16.27,3.64847,34.87,83.64209466530593,0
-91.48,3.649749,34.87,63.85922016435841,0
47.06,3.649749,34.87,61.27805479941412,0
219.1,3.6651,34.87,61.78996682310163,0
111.69,3.663821,34.87,62.41794613730894,0
-141.55,3.675334,34.87,68.20557161991974,0
-83.72,3.672776,34.84,81.4186710773395,0
-33.27,3.897924,34.84,45.749316934791494,0
-43.93,3.813493,34.84,60.108235708594876,0
-34.3,3.787908,34.84,55.47972602672079,0
15.36,3.790467,34.87,67.3721010508059,0
380.53,3.794304,34.87,62.37788069500277,0
189.99,3.771278,34.87,55.163393659201205,0
-223.73,3.794304,34.87,75.15982969645421,0
-283.38,3.849312,34.87,55.44366510251645,0
-47.0,3.906878,34.87,54.7905101272109,0
-489.64,3.949094,34.87,67.63135367564367,0
-19.31,3.93886,34.87,65.39877674696982,0
539.46,3.933743,34.89,64.03905058634146,0
426.92,3.929905,34.89,56.462376853972415,0
-179.63,3.933743,34.89,61.78187436457395,0
-139.77,3.918392,34.89,65.19969325081216,0
299.57,3.891527,34.87,62.52999280345393,0
193.94,3.874897,34.87,62.0403094769844,0
-176.81,3.854429,34.87,76.11832893594026,0
-528.98,3.851871,34.87,63.3798075099633,0
-260.14,3.837799,34.89,65.06150935845248,0
-174.07,3.837799,34.89,75.17313349861105,0
-134.23,3.809655,34.89,41.617304093369626,0
-10.06,3.798142,34.89,74.77967638335967,0
129.22,3.741855,34.89,88.33459118601274,0
318.35,3.739296,34.89,82.75868534480233,0
242.9,3.746972,34.89,63.15853069855251,0
147.5,3.761044,34.89,61.204574992397426,0
-141.89,3.826286,34.89,65.7723346096214,0
-356.88,3.842916,34.89,63.02380502635492,0
180.0,3.865942,34.89,61.71709649683789,0
6.3,3.865942,34.89,64.33506042586733,0
154.33,3.858267,34.91,60.0416522091123,0
28.52,3.85315,34.91,63.15853069855251,0
70.17,3.842916,34.91,62.80127387243033,0
-36.48,3.840357,34.91,62.91263784010332,0
50.38,3.828844,34.91,63.592452382338585,0
-15.21,3.83652,34.91,59.33801479658719,0
5.15,3.819889,34.91,60.29096117993144,0
-11.34,3.823727,34.91,55.51576352712804,0
-58.41,3.809655,34.89,63.474404290233394,0
8.9,3.810935,34.89,67.98529252713413,0
-65.93,3.799421,34.89,69.55573304911681,0
18.32,3.794304,34.89,59.64059020499378,0
-72.59,3.786629,34.89,63.52952069707436,0
53.07,3.787908,34.89,71.90966555338719,0
-30.81,3.782791,34.89,44.05678154382138,0
78.36,3.793025,34.89,61.69278726074872,0
-19.73,3.813493,34.91,61.84658438426491,0
63.75,3.828844,34.91,63.58458932791813,0
63.89,3.810935,34.91,62.75348595894893,0
268.3,3.800701,34.91,62.49799996799898,0
69.45,3.794304,34.91,62.8728876384726,0
-420.7,3.793025,34.91,62.8728876384726,0
-207.25,3.782791,34.91,62.8728876384726,0
-16.72,3.780233,34.91,62.8728876384726,0
32.45,3.773836,34.91,62.369864518050704,0
-19.72,3.777674,34.91,63.20601237224193,0
54.79,3.76744,34.91,62.369864518050704,0
27.54,3.772557,34.91,62.13694553162394,0
-42.88,3.766161,34.91,62.6418390534633,0
35.49,3.771278,34.91,63.15853069855251,0
34.65,3.757206,34.91,62.048368229954285,0
-14.5,3.763602,34.91,64.26507605223851,0
-33.92,3.755927,34.93,61.82232606429493,0
30.68,3.755927,34.93,68.9492567037528,0
18.45,3.752089,34.93,60.4648658313239,0
-51.06,3.752089,34.93,64.42049363362563,0
109.77,3.744414,34.93,63.221831672294975,0
46.33,3.753368,34.93,62.161081071680215,0
-0.95,3.752089,34.93,62.5939294181153,0
-195.37,3.748251,34.93,63.25345840347388,0
2.83,3.745693,34.95,63.14269553954757,0
120.52,3.734179,34.95,62.369864518050704,0
82.85,3.739296,34.95,61.73329733620261,0
-20.06,3.738017,34.95,61.68468205316454,0
108.33,3.735459,34.95,60.53924347066124,0
15.45,3.739296,34.95,61.78996682310163,0
-142.45,3.7329,34.95,65.1536645170477,0
58.82,3.731621,34.95,65.7419196555744,0
74.84,3.769999,34.93,64.6297145282261,0
121.61,3.776395,34.93,65.30696746902278,0
-297.87,3.769999,34.93,60.0416522091123,0
-299.17,3.76744,34.93,63.631753079732135,0
-56.69,3.754647,34.95,59.00847396772772,0
123.44,3.746972,34.95,60.37383539249432,0
276.03,3.743134,34.95,61.78996682310163,0
252.58,3.753368,34.95,66.10597552415364,0
102.5,3.755927,34.91,66.49060083951716,0
-213.51,3.752089,34.91,61.61980201201558,0
-126.54,3.729063,34.91,62.12889826803627,0
9.14,3.709874,34.91,61.71709649683789,0
383.23,3.709874,34.95,62.10475022089695,0
18.19,3.702198,34.95,63.079315151640635,0
-371.57,3.700919,34.95,62.52999280345393,0
-59.88,3.686847,34.95,61.94352266379432,0
87.88,3.689406,34.93,61.94352266379432,0
-23.26,3.686847,34.93,62.65780079128216,0
136.25,3.689406,34.93,63.079315151640635,0
74.89,3.689406,34.93,62.10475022089695,0
-162.99,3.693244,34.93,62.65780079128216,0
8.88,3.689406,34.93,62.65780079128216,0
-38.35,3.694523,34.93,61.53048025166064,0
60.81,3.688127,34.93,62.65780079128216,0
25.6,3.684289,34.93,62.65780079128216,0
-96.56,3.675334,34.93,63.079315151640635,0
93.87,3.666379,34.93,62.65780079128216,0
29.02,3.662541,34.93,62.52999280345393,0
-134.5,3.659983,34.95,62.65780079128216,0
78.66,3.649749,34.95,63.079315151640635,0
39.72,3.645911,34.95,62.52999280345393,0
-72.17,3.639515,34.95,61.814237842102365,0
27.64,3.638236,34.97,62.369864518050704,0
57.21,3.63056,34.97,61.814237842102365,0
0.81,3.626722,34.97,62.25752966509352,0
-82.03,3.617768,34.97,62.25752966509352,0
85.91,3.611371,34.95,64.5445582524197,0
50.12,3.592183,34.95,60.440052945046304,0
-30.62,3.636956,34.95,64.03905058634146,0
98.93,3.649749,34.95,62.5939294181153,0
243.18,3.64719,34.97,62.07253821135398,0
206.63,3.64847,34.97,62.94441992742486,0
54.97,3.645911,34.97,63.7102817447859,0
-102.57,3.643353,34.97,62.6418390534633,0
-249.69,3.651028,34.93,62.07253821135398,0
-344.29,3.667659,34.93,62.6418390534633,0
-142.33,3.675334,34.93,62.6418390534633,0
-34.58,3.685568,34.93,62.6418390534633,0
59.49,3.685568,34.97,62.36184731067546,0
50.98,3.695802,34.97,63.221831672294975,0
1.19,3.690685,34.97,62.94441992742486,0
10.84,3.684289,34.97,62.36184731067546,0
-49.86,3.676613,34.95,63.221831672294975,0
-8.71,3.668938,34.95,62.36184731067546,0
-9.04,3.658704,34.95,62.94441992742486,0
-123.49,3.652308,34.95,63.221831672294975,0
99.77,3.64847,34.95,62.36184731067546,0
73.32,3.645911,34.95,62.6418390534633,0
-83.2,3.635677,34.95,62.94441992742486,0
108.33,3.629281,34.95,62.6418390534633,0
119.51,3.628002,34.97,62.6418390534633,0
49.43,3.633119,34.97,62.93647591023825,0
-51.29,3.625443,34.97,62.6418390534633,0
51.47,3.621605,34.97,62.6418390534633,0
38.3,3.617768,34.97,62.6418390534633,0
-30.91,3.619047,34.97,62.6418390534633,0
-20.75,3.611371,34.97,62.6418390534633,0
22.99,3.610092,34.97,61.59545437773797,0
-5.39,3.602417,34.97,62.56996084384263,0
-29.92,3.598579,34.97,59.472682804797024,0
27.08,3.592183,34.97,62.12889826803627,0
11.56,3.606254,34.97,61.26989472816156,0
-7.31,3.621605,34.95,62.056425936400814,0
115.62,3.611371,34.95,60.489668539346454,0
-18.07,3.607534,34.95,61.335144900782616,0
-320.9,3.608813,34.95,60.753600716336145,0
92.44,3.616488,34.99,62.313722405261586,0
-12.15,3.629281,34.99,62.68173577685928,0
-26.75,3.640794,34.99,61.38403701289123,0
40.17,3.645911,34.99,62.65780079128216,0
8.67,3.644632,34.99,61.97580172938467,0
-9.83,3.643353,34.99,62.94441992742486,0
6.78,3.654866,34.99,62.465990746965666,0
-12.96,3.658704,34.99,62.13694553162394,0
17.75,3.662541,34.97,62.13694553162394,0
-3.87,3.652308,34.97,62.465990746965666,0
31.1,3.639515,34.97,62.6418390534633,0
3.4,3.643353,34.97,62.6418390534633,0
-4.53,3.638236,34.99,62.13694553162394,0
14.74,3.629281,34.99,62.6418390534633,0
-28.39,3.624164,34.99,62.465990746965666,0
50.93,3.615209,34.99,62.465990746965666,0
49.99,3.608813,35.0,62.465990746965666,0
18.64,3.603696,35.0,62.465990746965666,0
-28.37,3.603696,35.0,62.465990746965666,0
-20.19,3.592183,35.0,61.97580172938467,0
22.98,3.592183,34.99,62.78534860936905,0
6.98,3.592183,34.99,61.97580172938467,0
-30.97,3.598579,34.99,63.26926584053272,0
24.57,3.599858,34.99,62.465990746965666,0
12.44,3.608813,34.95,62.465990746965666,0
-35.55,3.611371,34.95,62.465990746965666,0
16.74,3.619047,34.95,62.465990746965666,0
16.23,3.615209,34.95,62.465990746965666,0
-19.21,3.626722,34.97,62.465990746965666,0
5.86,3.625443,34.97,61.97580172938467,0
20.32,3.63056,34.97,62.465990746965666,0
-2.79,3.628002,34.97,61.97580172938467,0
-38.4,3.625443,34.97,61.97580172938467,0
7.57,3.620326,34.97,62.465990746965666,0
5.52,3.617768,34.97,62.465990746965666,0
-29.6,3.615209,34.97,62.465990746965666,0
14.66,3.610092,34.99,62.465990746965666,0
12.91,3.606254,34.99,62.465990746965666,0
-23.0,3.5973,34.99,62.465990746965666,0
12.81,3.602417,34.99,62.465990746965666,0
14.28,3.601137,35.0,62.465990746965666,0
-18.43,3.598579,35.0,62.465990746965666,0
9.8,3.598579,35.0,61.97580172938467,0
14.94,3.599858,35.0,61.97580172938467,0
-11.78,3.5973,35.0,62.465990746965666,0
7.6,3.599858,35.0,62.465990746965666,0
14.41,3.594741,35.0,62.465990746965666,0
-14.39,3.606254,35.0,62.465990746965666,0
7.72,3.601137,35.0,62.465990746965666,0
12.36,3.61393,35.0,62.465990746965666,0
-16.4,3.619047,35.0,62.465990746965666,0
17.76,3.619047,35.0,62.6418390534633,0
11.43,3.612651,34.99,61.66846844214635,0
-30.22,3.61393,34.99,62.5939294181153,0
15.54,3.604975,34.99,62.369864518050704,0
13.7,3.604975,34.99,62.6418390534633,0
-34.45,3.599858,34.99,62.90468980926621,0
4.69,3.604975,34.99,62.80923498976882,0
6.48,3.593462,34.99,62.80923498976882,0
-26.22,3.594741,34.99,62.80923498976882,0
19.95,3.587066,35.0,61.163714733492114,0
24.79,3.604975,35.0,63.51377803280167,0
-3.66,3.608813,35.0,59.1100668245266,0
84.22,3.599858,35.0,60.149812967290266,0
208.72,3.599858,34.99,61.5223536610881,0
106.46,3.602417,34.99,64.34283176858165,0
-471.68,3.59602,34.99,63.84355879804947,0
-150.03,3.601137,34.99,63.76519426771944,0
3.36,3.607534,34.99,63.166446789415026,0
76.3,3.625443,34.99,62.07253821135398,0
25.98,3.635677,34.99,62.20932405998316,0
-19.7,3.657424,34.99,60.93439094632849,0
-23.24,3.679172,34.99,62.01612693485461,0
-33.62,3.717549,34.99,62.76145313805282,0
41.18,3.730342,34.99,62.76145313805282,0
-6.5,3.746972,34.99,62.321745803531535,0
-40.09,3.772557,34.97,62.465990746965666,0
225.47,3.81861,34.97,62.76145313805282,0
-64.12,3.859546,34.97,62.76145313805282,0
-37.69,3.871059,34.97,62.76145313805282,0
36.23,3.864663,35.03,62.01612693485461,0
-37.83,3.854429,35.03,62.76145313805282,0
61.31,3.828844,35.03,62.76145313805282,0
-25.53,3.821169,35.03,62.465990746965666,0
7.44,3.803259,34.99,62.76145313805282,0
47.58,3.790467,34.99,62.76145313805282,0
-51.44,3.771278,34.99,62.76145313805282,0
61.22,3.763602,34.99,62.76145313805282,0
47.67,3.75081,34.99,63.071388124885914,0
-45.34,3.745693,34.99,63.071388124885914,0
42.75,3.725225,34.99,63.071388124885914,0
51.5,3.734179,34.99,63.071388124885914,0
-15.64,3.726504,35.0,63.071388124885914,0
-68.97,3.718828,35.0,61.741396161732524,0
43.38,3.71627,35.0,62.32976816898969,0
9.59,3.712432,35.0,62.32976816898969,0
-60.94,3.706036,34.99,63.071388124885914,0
39.41,3.704757,34.99,63.071388124885914,0
15.78,3.697081,34.99,63.071388124885914,0
-43.97,3.695802,34.99,62.76145313805282,0
29.65,3.689406,34.99,62.489999199871974,0
21.06,3.689406,34.99,62.489999199871974,0
-31.46,3.68173,34.99,62.32976816898969,0
18.68,3.679172,34.99,61.741396161732524,0
20.85,3.666379,34.99,61.741396161732524,0
-27.12,3.675334,34.99,62.489999199871974,0
16.23,3.666379,34.99,61.741396161732524,0
16.82,3.667659,34.99,62.32976816898969,0
-29.33,3.663821,35.0,62.32976816898969,0
22.24,3.661262,35.0,62.65780079128216,0
8.72,3.658704,35.0,61.741396161732524,0
-51.82,3.654866,35.0,61.741396161732524,0
28.53,3.652308,35.0,62.81719509815764,0
2.61,3.64847,35.0,62.07253821135398,0
-57.41,3.645911,35.0,62.07253821135398,0
30.91,3.638236,35.0,62.65780079128216,0
-8.14,3.642073,34.99,62.07253821135398,0
-27.44,3.636956,34.99,63.39558344238185,0
27.23,3.633119,34.99,62.07253821135398,0
0.72,3.628002,34.99,61.741396161732524,0
3.03,3.626722,34.97,61.741396161732524,0
25.62,3.626722,34.97,61.741396161732524,0
-31.25,3.621605,34.97,62.07253821135398,0
26.62,3.624164,34.97,62.81719509815764,0
25.19,3.620326,34.99,62.65780079128216,0
-45.39,3.617768,34.99,62.41794613730894,0
32.65,3.61393,34.99,62.27358990776106,0
31.45,3.616488,34.99,62.77738446287803,0
-38.35,3.615209,34.99,61.91930232165088,0
54.03,3.615209,34.99,61.70899448216605,0
45.67,3.617768,34.99,62.489999199871974,0
-15.8,3.612651,34.99,63.63961030678928,0
27.22,3.608813,34.99,63.150613615387776,0
32.29,3.602417,34.99,61.48983655857283,0
-1.58,3.602417,34.99,62.369864518050704,0
-2.87,3.5973,34.99,61.45730225123781,0
-28.06,3.598579,35.0,60.11655346075655,0
-73.89,3.594741,35.0,61.84658438426491,0
-22.92,3.602417,35.0,63.53739056650029,0
102.25,3.603696,35.0,62.56996084384263,0
-34.57,3.61393,35.0,62.056425936400814,0
-24.69,3.624164,35.0,62.5939294181153,0
-2.43,3.63056,35.0,63.245553203367585,0
-21.6,3.629281,35.0,62.90468980926621,0
8.34,3.63056,35.0,62.056425936400814,0
3.29,3.633119,35.0,61.587336360651285,0
7.78,3.624164,35.0,62.90468980926621,0
3.15,3.619047,35.0,62.90468980926621,0
-16.01,3.606254,35.0,62.90468980926621,0
-4.25,3.611371,35.0,63.14269553954757,0
-4.0,3.599858,35.0,61.814237842102365,0
-21.65,3.599858,35.0,62.5939294181153,0
10.0,3.590903,35.0,62.5939294181153,0
-14.87,3.593462,35.0,62.5939294181153,0
11.55,3.585786,35.0,63.14269553954757,0
7.75,3.587066,35.0,63.14269553954757,0
-26.89,3.584507,34.99,62.5939294181153,0
24.38,3.581949,34.99,62.12889826803627,0
3.46,3.578111,34.99,62.12889826803627,0
-6.33,3.571715,34.99,62.90468980926621,0
21.86,3.578111,35.0,62.5939294181153,0
-3.61,3.578111,35.0,61.814237842102365,0
-7.97,3.574273,35.0,62.68173577685928,0
14.31,3.575552,35.0,61.814237842102365,0
-2.7,3.571715,34.99,62.5939294181153,0
3.83,3.572994,34.99,61.814237842102365,0
12.69,3.574273,34.99,61.814237842102365,0
-8.3,3.578111,34.99,62.369864518050704,0
14.54,3.576832,34.99,63.14269553954757,0
13.69,3.574273,34.99,63.14269553954757,0
-17.3,3.555084,34.99,61.814237842102365,0
10.48,3.569156,34.99,61.814237842102365,0
9.97,3.570435,34.99,63.14269553954757,0
-18.7,3.566598,34.99,62.369864518050704,0
9.91,3.567877,34.99,62.369864518050704,0
7.87,3.56276,34.99,62.369864518050704,0
-24.72,3.564039,34.99,62.369864518050704,0
11.31,3.56276,34.99,62.369864518050704,0
3.27,3.564039,34.99,62.369864518050704,0
-16.58,3.557643,34.99,61.814237842102365,0
9.22,3.556364,34.99,63.14269553954757,0
-9.46,3.551247,34.99,62.369864518050704,0
3.64,3.555084,34.99,62.5939294181153,0
9.7,3.549967,34.99,61.814237842102365,0
-19.49,3.553805,34.99,62.5939294181153,0
12.61,3.547409,34.99,62.369864518050704,0
8.04,3.549967,34.99,61.814237842102365,0
-27.86,3.548688,34.99,63.14269553954757,0
12.62,3.546129,34.99,63.14269553954757,0
2.18,3.549967,34.99,62.369864518050704,0
-14.6,3.552526,34.99,63.14269553954757,0
13.3,3.558922,34.99,62.369864518050704,0
-6.32,3.575552,35.0,62.369864518050704,0
10.68,3.604975,35.0,62.369864518050704,0
14.98,3.616488,35.0,62.5939294181153,0
-17.85,3.628002,35.0,62.12889826803627,0
15.17,3.634398,34.97,62.369864518050704,0
18.11,3.642073,34.97,62.90468980926621,0
-9.09,3.633119,34.97,62.90468980926621,0
12.75,3.628002,34.97,62.90468980926621,0
14.73,3.620326,34.99,62.5939294181153,0
-21.58,3.617768,34.99,62.5939294181153,0
11.27,3.603696,34.99,62.5939294181153,0
14.98,3.594741,34.99,61.814237842102365,0
-22.88,3.592183,34.99,61.514225996918796,0
17.94,3.590903,34.99,63.14269553954757,0
10.44,3.580669,34.99,62.369864518050704,0
-30.69,3.57939,34.99,63.41135544995076,0
15.99,3.575552,35.0,63.41135544995076,0
11.46,3.572994,35.0,63.00793600809346,0
-21.73,3.569156,35.0,62.457985878508765,0
10.14,3.571715,35.0,62.12889826803627,0
-0.14,3.566598,34.97,62.457985878508765,0
-25.19,3.567877,34.97,62.457985878508765,0
0.15,3.56276,34.97,63.229739838148944,0
-5.85,3.566598,34.97,62.90468980926621,0
4.55,3.565318,34.99,62.12889826803627,0
8.3,3.566598,34.99,62.12889826803627,0
-21.08,3.567877,34.99,62.12889826803627,0
17.0,3.574273,34.99,62.90468980926621,0
7.94,3.581949,35.0,63.229739838148944,0
-32.72,3.593462,35.0,62.177166226839255,0
16.95,3.594741,35.0,62.369864518050704,0
-1.23,3.5973,35.0,62.465990746965666,0
-12.74,3.5973,35.0,61.68468205316454,0
7.53,3.590903,35.0,61.27805479941412,0
-19.84,3.594741,35.0,64.03124237432849,0
12.15,3.588345,35.0,61.84658438426491,0
33.28,3.584507,34.97,63.3798075099633,0
-6.42,3.572994,34.97,62.849025449882674,0
9.04,3.585786,34.97,62.52199612936234,0
23.78,3.59602,34.97,61.66846844214635,0
-24.49,3.607534,35.0,62.88083968904996,0
4.51,3.628002,35.0,62.52199612936234,0
-8.54,3.663821,35.0,61.66846844214635,0
-6.68,3.720108,35.0,62.01612693485461,0
11.95,3.773836,34.99,62.52199612936234,0
-20.46,3.83524,34.99,62.52199612936234,0
21.56,3.909437,34.99,62.52199612936234,0
2.5,3.926067,34.99,62.69768735766894,0
7.34,3.946535,34.97,62.69768735766894,0
15.38,3.970841,34.97,62.69768735766894,0
-26.02,3.990177,34.97,62.69768735766894,0
9.18,3.974826,34.97,63.03967004989794,0
-23.16,3.960754,34.99,62.52199612936234,0
19.9,3.931331,34.99,62.52199612936234,0
0.47,3.908304,34.99,62.69768735766894,0
-9.84,3.873765,34.99,62.69768735766894,0
18.05,3.855855,35.0,62.69768735766894,0
-37.02,3.83027,35.0,62.69768735766894,0
36.03,3.798289,35.0,62.69768735766894,0
21.56,3.794451,35.0,63.03967004989794,0
-58.9,3.789334,34.99,62.69768735766894,0
38.44,3.78038,34.99,61.91930232165088,0
33.26,3.776542,34.99,62.177166226839255,0
-16.02,3.772704,34.99,62.177166226839255,0
-97.36,3.767587,34.99,62.177166226839255,0
52.83,3.759911,34.99,62.52199612936234,0
38.58,3.754794,34.99,62.177166226839255,0
-23.21,3.758632,34.99,63.03967004989794,0
23.22,3.757353,34.97,61.741396161732524,0
35.45,3.758632,34.97,63.592452382338585,0
-5.34,3.757353,34.97,70.78135347674555,0
16.35,3.749677,34.97,37.33630940518894,0
33.23,3.763749,34.99,90.85152722987104,0
62.7,3.776542,34.99,74.27651041883968,0
180.86,3.788055,34.99,52.640288753007425,0
-121.4,3.722813,34.99,68.89121859859934,0
-633.98,3.752236,34.97,38.781438859330635,0
188.75,3.921097,34.97,61.75759062657804,0
185.28,3.999131,34.97,67.468511173732,0
177.35,3.955637,34.97,60.340699366182356,0
154.56,4.004249,35.0,62.37788069500277,0
117.93,4.092517,35.0,65.88626564011653,0
-94.34,4.141129,35.0,63.13477647065839,0
-495.53,4.162876,35.0,63.13477647065839,0
-402.89,4.216604,34.97,62.369864518050704,0
289.71,4.252423,34.97,63.0317380372777,0
-70.27,4.267774,34.97,62.289646009589745,0
-184.53,4.293359,34.97,63.0317380372777,0
100.12,4.306152,34.97,62.96824596572466,0
123.9,4.32534,34.97,62.96824596572466,0
84.85,4.333016,34.97,61.56297588648554,0
19.65,4.367556,34.97,62.289646009589745,0
73.91,4.42896,34.97,62.297672508690084,0
39.66,4.526183,34.97,62.289646009589745,0
52.23,4.673207,34.97,63.66317616958802,0
28.7,4.771709,34.97,62.24146527838174,0
-9.2,4.842068,35.0,62.297672508690084,0
18.73,4.886842,35.0,62.24949798994366,0
-10.16,4.8894,35.0,62.976185975335156,0
16.61,4.894517,35.0,62.976185975335156,0
4.58,4.959759,34.97,62.297672508690084,0
-28.49,5.096098,34.97,62.976185975335156,0
10.94,5.275194,34.97,62.94441992742486,0
-9.13,5.40056,34.97,62.94441992742486,0
-4.4,5.464523,34.97,62.24146527838174,0
2.22,5.548322,34.97,62.24146527838174,0
-28.29,5.548322,34.97,62.94441992742486,0
9.67,5.494593,34.97,62.96824596572466,0
0.56,5.376902,34.99,62.94441992742486,0
-5.39,5.280958,34.99,62.24146527838174,0
-0.38,5.205482,34.99,62.94441992742486,0
-22.59,5.201644,34.99,62.976185975335156,0
17.52,5.275841,34.99,64.21059102671458,0
6.39,5.440865,34.99,62.48199740725323,0
4.23,5.61996,34.99,61.08191221630181,0
6.66,5.764515,34.99,68.00735254367721,0
-29.3,5.776029,35.0,60.975404877704584,0
1.33,5.742768,35.0,64.8459713474939,0
30.13,5.769632,35.0,66.06814663663572,0
220.78,5.764515,35.0,65.83312236253116,0
107.17,5.666013,34.99,59.262129560116215,0
-509.36,5.74021,34.99,70.14983962918234,0
-125.43,5.778587,34.99,66.2872536767062,0
323.62,5.829757,34.99,63.85138996137829,0
-392.03,5.813127,34.99,65.12296062065974,0
74.9,5.823361,34.99,62.75348595894893,0
250.64,5.761957,34.99,63.7102817447859,0
367.34,5.699274,34.99,62.96824596572466,0
-251.7,5.621239,34.99,62.94441992742486,0
100.49,5.559835,34.99,63.03967004989794,0
-525.39,5.498431,34.99,62.96824596572466,0
1.56,5.456215,34.99,62.321745803531535,0
129.02,5.425514,34.97,62.96824596572466,0
113.37,5.406325,34.97,62.369864518050704,0
87.34,5.38074,34.97,60.28266749240614,0
10.16,5.356434,34.97,63.13477647065839,0
54.78,5.339804,34.99,62.94441992742486,0
48.36,5.318057,34.99,62.96824596572466,0
10.36,5.284796,34.99,62.93647591023825,0
-29.26,5.293751,34.99,62.976185975335156,0
-24.19,5.307822,34.99,62.24949798994366,0
27.53,5.302705,34.99,62.93647591023825,0
2.14,5.307822,34.99,62.93647591023825,0
-47.32,5.287354,34.99,62.24949798994366,0
32.25,5.288634,35.0,62.94441992742486,0
13.91,5.279679,35.0,62.23343153000644,0
-34.76,5.270724,35.0,62.22539674441618,0
21.1,5.256652,35.0,62.94441992742486,0
29.37,5.250256,35.0,62.23343153000644,0
-21.22,5.246418,35.0,62.22539674441618,0
-8.59,5.251535,35.0,62.94441992742486,0
21.92,5.263049,35.0,62.23343153000644,0
-3.76,5.277121,35.0,62.23343153000644,0
-16.79,5.288634,35.0,62.94441992742486,0
10.59,5.284796,35.0,62.94441992742486,0
-16.41,5.289913,35.0,62.24949798994366,0
9.7,5.282238,35.03,60.959002616512684,0
2.3,5.278399,35.03,59.55669567731239,0
-44.25,5.274562,35.03,62.96824596572466,0
19.95,5.351317,35.03,61.59545437773797,0
4.97,5.526575,35.03,66.7757440991862,0
-16.07,5.795217,35.03,69.5197813575388,0
17.8,5.993501,35.03,47.05316142407437,0
-11.22,6.350096,35.03,66.58828725834597,0
0.28,6.458832,35.0,77.28518616138541,0
-15.87,6.404662,35.0,66.64833081180653,0
128.16,6.577361,35.0,56.04462507680822,0
28.87,6.803788,35.0,62.369864518050704,0
-22.83,6.932992,34.99,63.39558344238185,0
-183.54,7.021261,34.99,62.5939294181153,0
-30.39,7.056509,34.99,63.58458932791813,0
-27.15,7.029645,34.99,63.190189111918315,0
74.28,6.960566,34.99,64.29618962271404,0
34.02,6.910675,34.99,62.56196927846821,0
37.16,6.822406,34.99,62.321745803531535,0
69.09,6.694481,34.99,62.01612693485461,0
-76.84,6.606213,34.99,62.93647591023825,0
-130.83,6.54353,34.99,62.76145313805282,0
-50.97,6.485963,34.99,63.35613624582863,0
46.71,6.425838,34.99,63.06346010171025,0
15.9,6.416175,35.0,63.06346010171025,0
22.82,6.377798,35.0,62.76145313805282,0
-3.69,6.336861,35.0,62.76145313805282,0
-18.42,6.298484,35.0,62.76145313805282,0
19.17,6.298484,35.0,62.617888817813075,0
-21.71,6.289529,35.0,62.617888817813075,0
22.78,6.279295,35.0,62.321745803531535,0
3.75,6.249872,35.0,62.321745803531535,0
-49.44,6.243476,34.99,63.06346010171025,0
23.9,6.228125,34.99,62.321745803531535,0
34.71,6.242197,34.99,63.35613624582863,0
-11.79,6.318952,34.99,62.617888817813075,0
25.39,6.528749,34.99,62.76145313805282,0
28.02,6.803788,34.99,62.617888817813075,0
-1.24,7.064755,34.99,62.76145313805282,0
0.16,7.382718,34.99,62.01612693485461,0
4.05,7.455636,35.0,62.76145313805282,0
-45.22,7.494746,35.0,62.76145313805282,0
-33.15,7.425666,35.0,62.76145313805282,0
51.64,7.336119,35.0,62.01612693485461,0
8.71,7.238895,34.99,62.617888817813075,0
6.71,7.132718,34.99,62.617888817813075,0
9.99,7.053404,34.99,62.76145313805282,0
-29.03,6.965136,34.99,63.35613624582863,0
1.88,6.899894,35.0,63.35613624582863,0
6.18,6.896603,35.0,62.76145313805282,0
-17.7,6.863342,35.0,62.76145313805282,0
16.76,6.83392,35.0,63.35613624582863,0
-7.0,6.808334,35.03,63.35613624582863,0
3.28,6.778912,35.03,62.76145313805282,0
13.41,6.772515,35.03,62.617888817813075,0
-21.21,6.755885,35.03,63.35613624582863,0
13.96,6.745651,34.99,62.76145313805282,0
4.57,6.743093,34.99,62.617888817813075,0
-28.17,6.731579,34.99,62.01612693485461,0
20.14,6.729021,34.99,62.617888817813075,0
7.13,6.727742,34.99,62.76145313805282,0
-16.34,6.737976,34.99,62.617888817813075,0
4.66,6.69704,34.99,63.35613624582863,0
-17.5,6.71239,34.99,63.35613624582863,0
-8.39,6.688085,35.0,63.35613624582863,0
12.39,6.718787,35.0,62.01612693485461,0
-8.37,6.732859,35.0,62.01612693485461,0
25.57,6.805776,35.0,62.76145313805282,0
16.78,6.885089,35.0,62.76145313805282,0
-24.83,6.979754,35.0,62.76145313805282,0
10.09,7.025807,35.0,62.76145313805282,0
1.26,7.039879,35.0,62.01612693485461,0
-20.28,7.029645,35.0,62.01612693485461,0
2.81,7.009177,35.0,62.617888817813075,0
-17.4,6.954169,35.0,62.617888817813075,0
-2.13,6.917071,35.0,62.01612693485461,0
16.1,6.890206,35.0,62.76145313805282,0
-17.28,6.876135,35.0,62.76145313805282,0
11.77,6.856946,35.0,62.76145313805282,0
6.25,6.844153,35.0,62.01612693485461,0
-20.85,6.831361,35.0,62.617888817813075,0
20.5,6.841595,35.0,62.01612693485461,0
1.31,6.868459,35.0,62.617888817813075,0
-7.53,6.942656,35.0,62.617888817813075,0
14.25,7.015573,34.99,63.35613624582863,0
-11.2,7.075698,34.99,62.01612693485461,0
6.32,7.100004,34.99,62.76145313805282,0
7.47,7.149895,34.99,62.8887907341205,0
-17.62,7.172921,34.99,62.80127387243033,0
23.75,7.179317,34.99,62.8728876384726,0
18.63,7.166525,34.99,63.387695966961914,0
-25.45,7.174201,34.99,60.95079983068311,0
37.09,7.215137,35.0,63.31666447310692,0
15.8,7.424933,35.0,64.66838485689897,0
-45.07,7.581002,35.0,62.10475022089695,0
2.73,7.923295,35.0,63.12685640834652,0
-9.77,8.023076,34.99,60.67948582511226,0
-5.91,8.148093,34.99,62.76145313805282,0
52.94,8.157048,34.99,62.465990746965666,0
-0.68,8.150652,34.99,62.93647591023825,0
19.84,8.080293,34.97,62.94441992742486,0
-45.27,7.938296,34.97,62.6418390534633,0
73.55,7.944693,34.97,62.6418390534633,0
60.89,7.874333,34.97,62.465990746965666,0
-47.97,7.759201,35.0,63.06346010171025,0
-116.01,7.687563,35.0,62.185207244167,0
-35.4,7.598015,35.0,62.465990746965666,0
-12.7,7.563476,35.0,62.465990746965666,0
7.86,7.512305,34.99,62.185207244167,0
-32.51,7.511026,34.99,61.91930232165088,0
19.65,7.490558,34.99,62.489999199871974,0
-14.42,7.467532,34.99,62.465990746965666,0
15.82,7.471369,34.99,62.93647591023825,0
8.46,7.62488,34.99,62.76145313805282,0
-34.35,7.793741,34.99,63.221831672294975,0
39.25,7.984349,34.99,63.35613624582863,0
6.68,8.135301,35.0,62.76145313805282,0
-0.12,8.197984,35.0,63.071388124885914,0
38.87,8.226128,35.0,62.465990746965666,0
12.59,8.194146,35.0,62.76145313805282,0
-50.51,8.073896,34.99,62.52999280345393,0
3.81,7.963881,34.99,63.671029518926424,0
14.45,7.870496,34.99,62.465990746965666,0
5.2,7.802696,34.99,62.93647591023825,0
45.76,7.746408,35.0,61.163714733492114,0
-22.68,7.724661,35.0,61.927376821564145,0
-42.61,7.685004,35.0,62.617888817813075,0
3.01,7.664536,35.0,62.76145313805282,0
-21.38,7.647906,35.0,62.617888817813075,0
-40.61,7.656861,35.0,62.617888817813075,0
23.14,7.644068,35.0,62.617888817813075,0
-4.65,7.669653,35.0,62.617888817813075,0
10.27,7.661978,34.99,62.617888817813075,0
15.47,7.677329,34.99,62.617888817813075,0
-26.1,7.655581,34.99,62.617888817813075,0
22.5,7.653023,34.99,62.617888817813075,0
6.2,7.628717,35.0,62.321745803531535,0
-33.64,7.626159,35.0,62.617888817813075,0
16.27,7.605691,35.0,62.617888817813075,0
-7.56,7.585223,35.0,62.617888817813075,0
9.52,7.559638,35.0,62.617888817813075,0
17.29,7.553242,35.0,62.617888817813075,0
-20.8,7.498234,35.0,62.617888817813075,0
23.15,7.514864,35.0,62.617888817813075,0
13.12,7.50463,34.99,62.617888817813075,0
-35.86,7.507188,34.99,62.321745803531535,0
20.27,7.489279,34.99,62.617888817813075,0
10.21,7.495675,34.99,62.617888817813075,0
-35.22,7.476487,34.97,62.617888817813075,0
15.22,7.485441,34.97,62.617888817813075,0
6.66,7.47009,34.97,62.617888817813075,0
-31.8,7.466252,34.97,62.321745803531535,0
11.13,7.426596,35.0,62.321745803531535,0
-3.8,7.469161,35.0,62.93647591023825,0
-8.65,7.448693,35.0,62.20932405998316,0
10.06,7.449972,35.0,61.927376821564145,0
-11.16,7.43718,35.03,62.56196927846821,0
17.56,7.449972,35.03,62.56196927846821,0
14.76,7.429504,35.03,63.20601237224193,0
-31.01,7.430783,35.03,63.20601237224193,0
12.84,7.426945,34.99,62.56196927846821,0
3.72,7.432063,34.99,62.56196927846821,0
-18.22,7.417991,34.99,62.56196927846821,0
13.15,7.407757,34.99,62.56196927846821,0
-11.84,7.403919,34.99,62.56196927846821,0
2.71,7.409036,34.99,62.56196927846821,0
9.59,7.393685,34.99,62.56196927846821,0
-22.96,7.388568,34.99,62.56196927846821,0
20.16,7.377055,34.97,61.927376821564145,0
11.24,7.38473,34.97,62.56196927846821,0
-30.86,7.365541,34.97,62.56196927846821,0
14.7,7.362983,34.97,62.56196927846821,0
-0.62,7.33356,34.99,62.56196927846821,0
-13.34,7.355307,34.99,62.56196927846821,0
17.21,7.328443,34.99,62.56196927846821,0
-3.42,7.338677,34.99,62.56196927846821,0
-5.98,7.325884,35.0,62.56196927846821,0
16.44,7.337398,35.0,62.56196927846821,0
-4.8,7.322047,35.0,62.77738446287803,0
-14.53,7.325884,35.0,62.88083968904996,0
11.13,7.320767,34.99,61.773780845922005,0
14.84,7.389847,34.99,76.56369897020389,0
72.98,7.433342,34.99,56.542019772908716,0
297.74,7.442297,34.99,69.14477565225012,0
48.99,7.45253,34.99,61.44916598294886,0
-513.47,7.417991,34.99,61.61980201201558,0
-482.36,7.401361,34.99,72.09715667070374,0
-13.67,7.323326,34.99,56.25833271614081,0
259.21,7.302858,35.0,81.35723692456621,0
308.17,7.370658,35.0,59.70762095411272,0
22.18,7.345073,35.0,79.17701686727027,0
-14.91,7.429504,35.0,66.12110101926616,0
-69.32,7.517772,34.97,82.10359310042405,0
-9.42,7.517772,34.97,86.76981041814025,0
-6.24,7.678958,34.97,88.51553535961922,0
-131.03,7.644418,34.97,57.645468165329355,0
23.79,7.502421,35.0,86.38286867197685,0
32.89,7.429504,35.0,60.597029630172464,0
-102.72,7.397522,35.0,63.671029518926424,0
199.28,7.455089,35.0,64.03905058634146,0
194.59,7.412874,35.0,63.671029518926424,0
-182.74,7.393685,35.0,73.00684899377592,0
276.27,7.341236,35.0,99.89494481704267,0
-20.52,7.283669,35.0,77.1686464828819,0
-107.44,7.356586,34.95,61.032778078668514,0
-86.73,7.426945,34.95,65.36818798161687,0
210.91,7.387289,34.95,61.43289021363068,0
-154.33,7.388568,34.95,61.04096984812741,0
-32.49,7.644418,34.99,66.40783086353596,0
-139.76,7.698147,34.99,64.10148204214939,0
30.67,7.849098,34.99,63.4428877022476,0
-258.7,7.771064,34.99,63.079315151640635,0
13.96,7.714777,34.99,62.49799996799898,0
190.35,7.796649,34.99,63.89053137985315,0
33.27,7.900269,34.99,63.079315151640635,0
-17.77,7.998771,34.99,63.13477647065839,0
62.65,8.072618,35.0,63.671029518926424,0
8.22,8.062384,35.0,63.72597586541927,0
18.93,8.027843,35.0,63.94528911499267,0
36.16,7.960043,35.0,64.01562309311689,0
-42.28,7.917828,34.99,63.20601237224193,0
19.82,7.889685,34.99,63.52952069707436,0
34.26,7.788624,34.99,63.20601237224193,0
-22.04,7.783507,34.99,64.10148204214939,0
10.82,7.76048,34.99,62.81719509815764,0
-15.29,7.74385,34.99,62.81719509815764,0
-56.62,7.728499,34.99,62.81719509815764,0
24.08,7.706752,34.99,62.81719509815764,0
-2.71,7.686284,35.0,63.74950980203691,0
26.89,7.67477,35.0,64.20280367709809,0
13.41,7.661978,35.0,62.93647591023825,0
-27.77,7.646627,35.0,63.74950980203691,0
41.26,7.629997,34.99,62.81719509815764,0
12.33,7.62488,34.99,63.74950980203691,0
-44.91,7.605691,34.99,63.324560795950255,0
17.91,7.594178,34.99,63.88270501473775,0
-4.51,7.573709,34.99,63.74950980203691,0
-11.01,7.577547,34.99,63.74950980203691,0
5.85,7.5558,34.99,62.93647591023825,0
-14.85,7.550683,34.99,63.74950980203691,0
27.42,7.525098,34.99,63.324560795950255,0
5.71,7.541728,34.99,63.74950980203691,0
-36.71,7.52126,34.99,63.324560795950255,0
18.73,7.531494,34.99,63.474404290233394,0
-5.31,7.511026,34.99,62.65780079128216,0
-17.16,7.513585,34.99,63.63961030678928,0
12.26,7.491838,34.99,63.387695966961914,0
-28.71,7.488,34.99,63.387695966961914,0
20.96,7.463694,35.03,63.387695966961914,0
11.22,7.468811,35.03,63.474404290233394,0
-27.07,7.452181,35.03,62.65780079128216,0
31.34,7.457647,35.03,63.324560795950255,0
5.6,7.45253,35.0,63.190189111918315,0
-40.13,7.444855,35.0,63.324560795950255,0
24.8,7.430783,35.0,63.190189111918315,0
-4.14,7.429504,35.0,63.324560795950255,0
-53.89,7.415432,35.0,63.324560795950255,0
9.36,7.412874,35.0,63.324560795950255,0
-3.49,7.402639,35.0,63.190189111918315,0
6.34,7.401361,35.0,63.324560795950255,0
15.48,7.388568,35.03,63.324560795950255,0
-14.99,7.387289,35.03,63.474404290233394,0
17.94,7.364262,35.03,63.474404290233394,0
11.64,7.373217,35.03,63.324560795950255,0
-13.95,7.361703,35.0,62.928530890209096,0
43.23,7.357866,35.0,63.324560795950255,0
10.11,7.343794,35.0,63.324560795950255,0
-57.54,7.343794,35.0,63.095166217389426,0
15.12,7.331002,34.97,62.928530890209096,0
16.5,7.336119,34.97,62.928530890209096,0
-13.07,7.325884,34.97,63.75735251718032,0
-10.24,7.31565,34.97,63.788713735268246,0
-1.36,7.309254,35.03,61.237243569579455,0
28.01,7.286228,35.03,62.57795138864806,0
-53.18,7.286228,35.03,62.52199612936234,0
-31.87,7.281111,35.03,63.72597586541927,0
7.17,7.286228,34.99,64.8074069840786,0
83.53,7.284948,34.99,71.596089278675,0
-15.23,7.3003,34.99,65.68865959965997,0
79.83,7.423108,34.99,53.81449618829484,0
46.19,7.490908,34.99,61.98386886924694,0
-99.48,7.559988,34.99,64.69157595854347,0
-33.68,7.595807,34.99,56.806689746895124,0
-18.7,7.585573,34.99,63.74950980203691,0
154.67,7.511376,35.0,63.0,0
173.36,7.417991,35.0,72.09022125087424,0
109.45,7.391126,35.0,63.773035054010094,0
102.27,7.352749,35.0,64.56779382943171,0
-75.99,7.356586,34.99,65.02307282803544,0
-361.07,7.380892,34.99,62.24146527838174,0
-16.3,7.378334,34.99,62.5939294181153,0
212.72,7.382172,34.99,61.85466837676846,0
-95.25,7.400081,35.0,62.5859409132754,0
-410.77,7.402639,35.0,62.83311228962003,0
-232.68,7.394964,35.0,62.83311228962003,0
-5.07,7.373217,35.0,62.42595614005443,0
47.22,7.383451,34.99,62.42595614005443,0
120.09,7.371938,34.99,62.42595614005443,0
59.2,7.369379,34.99,62.42595614005443,0
61.89,7.348911,34.99,62.83311228962003,0
65.89,7.342515,35.0,62.42595614005443,0
0.62,7.319488,35.0,62.83311228962003,0
57.19,7.274714,35.0,62.83311228962003,0
22.05,7.290065,35.0,62.83311228962003,0
39.3,7.284948,34.99,62.83311228962003,0
41.96,7.273435,34.99,62.297672508690084,0
-14.79,7.263201,34.99,62.10475022089695,0
42.4,7.261922,34.99,62.83311228962003,0
17.39,7.263201,35.03,62.83311228962003,0
-27.47,7.244012,35.03,62.72160712226688,0
19.96,7.238895,35.03,63.25345840347388,0
-0.27,7.218427,35.03,62.72160712226688,0
-2.99,7.21331,35.03,62.83311228962003,0
10.21,7.205635,35.03,62.72160712226688,0
-16.41,7.194122,35.03,62.83311228962003,0
16.92,7.177491,35.03,62.297672508690084,0
9.49,7.174933,35.03,62.52999280345393,0
-31.77,7.149348,35.03,62.83311228962003,0
18.43,7.155744,35.03,62.83311228962003,0
4.93,7.140393,35.03,62.83311228962003,0
-29.89,7.141672,35.03,62.83311228962003,0
12.72,7.140393,35.03,62.297672508690084,0
-7.33,7.135276,35.03,62.83311228962003,0
-7.73,7.127601,35.03,62.83311228962003,0
6.06,7.121204,35.03,61.99193495931547,0
-18.75,7.116087,35.03,62.83311228962003,0
15.6,7.103295,35.03,62.83311228962003,0
4.41,7.09434,35.03,62.297672508690084,0
-35.64,7.07643,35.03,62.83311228962003,0
15.57,7.066196,35.03,62.297672508690084,0
-0.54,7.057242,35.03,62.72160712226688,0
-9.63,7.049566,35.03,62.72160712226688,0
6.17,7.041891,35.03,63.25345840347388,0
-7.49,7.035494,35.03,62.42595614005443,0
21.66,7.029098,35.03,63.608175575157006,0
8.7,7.022702,35.03,62.25752966509352,0
-31.65,7.017585,35.03,63.41135544995076,0
2.75,7.006072,35.03,61.814237842102365,0
12.95,6.995838,35.03,61.78996682310163,0
21.05,6.977928,35.03,63.48228099241551,0
12.02,6.976649,35.03,63.0,0
-37.69,6.953622,35.03,60.94259594077036,0
16.12,6.954169,35.03,59.76621118993574,0
-29.06,6.964403,35.03,61.48170459575759,0
-57.56,6.95289,35.05,62.505999712027645,0
43.2,6.959286,35.05,61.66036003787198,0
29.99,6.946494,35.05,62.93647591023825,0
41.76,6.956728,35.05,63.13477647065839,0
3.35,6.965683,35.03,62.42595614005443,0
-12.65,7.006618,35.03,62.8410693734599,0
-0.52,7.027086,35.03,62.8410693734599,0
-30.09,7.07186,35.03,62.42595614005443,0
23.72,7.08977,35.03,63.13477647065839,0
1.85,7.111517,35.03,62.8410693734599,0
-22.66,7.105121,35.03,62.8410693734599,0
13.69,7.1064,35.03,63.13477647065839,0
-7.69,7.079535,35.05,62.8410693734599,0
3.94,7.07186,35.05,62.8410693734599,0
17.65,7.050113,35.05,62.8410693734599,0
-22.29,7.029645,35.05,62.12889826803627,0
13.43,7.00278,35.0,63.13477647065839,0
17.47,6.981033,35.0,62.8410693734599,0
-23.94,6.968241,35.0,63.13477647065839,0
17.44,6.955448,35.0,63.13477647065839,0
23.06,6.93498,35.05,63.13477647065839,0
-13.08,6.926025,35.05,62.8410693734599,0
-0.0,6.913233,35.05,62.8410693734599,0
18.85,6.906837,35.05,62.42595614005443,0
-5.52,6.892765,35.05,63.13477647065839,0
-22.08,6.888927,35.05,63.13477647065839,0
13.16,6.882531,35.05,63.13477647065839,0
-3.29,6.873576,35.05,63.13477647065839,0
-13.14,6.859505,35.03,63.13477647065839,0
11.96,6.860784,35.03,63.13477647065839,0
-5.25,6.85055,35.03,62.505999712027645,0
-7.57,6.845433,35.03,62.505999712027645,0
11.64,6.837757,35.03,62.8410693734599,0
-8.77,6.83264,35.03,62.8410693734599,0
3.51,6.828803,35.03,62.8410693734599,0
7.77,6.821127,35.03,62.8410693734599,0
-21.21,6.810893,35.05,62.8410693734599,0
14.52,6.807055,35.05,62.12889826803627,0
4.04,6.767398,35.05,62.12889826803627,0
-28.6,6.775074,35.05,62.8410693734599,0
12.6,6.782749,35.03,62.8410693734599,0
-3.27,6.782749,35.03,62.8410693734599,0
3.52,6.773795,35.03,62.77738446287803,0
13.97,6.766119,35.03,62.69768735766894,0
-18.75,6.758444,35.03,64.07027391856539,0
17.04,6.754606,35.03,62.8410693734599,0
17.2,6.754606,35.03,62.52999280345393,0
-12.5,6.768678,35.03,60.67948582511226,0
6.42,6.763561,35.03,62.505999712027645,0
-20.34,6.752048,35.03,62.32976816898969,0
-24.66,6.743093,35.03,63.48228099241551,0
-3.24,6.759723,35.03,62.56196927846821,0
0.42,6.782749,35.03,62.42595614005443,0
-4.93,6.812172,35.03,62.42595614005443,0
-96.89,6.836478,35.03,62.42595614005443,0
-73.71,6.85055,35.03,61.78996682310163,0
113.32,6.856946,35.0,63.13477647065839,0
-1.92,6.847991,35.0,62.81719509815764,0
86.54,6.837757,35.0,62.505999712027645,0
71.12,6.818568,35.0,61.886993787063204,0
-0.24,6.800659,35.03,62.505999712027645,0
37.29,6.776353,35.03,62.505999712027645,0
-7.28,6.773795,35.03,62.505999712027645,0
3.51,6.749489,35.03,62.505999712027645,0
-13.26,6.750768,35.03,62.505999712027645,0
-68.96,6.741813,35.03,62.505999712027645,0
27.95,6.736696,35.03,62.505999712027645,0
3.95,6.7303,35.03,62.81719509815764,0
-81.56,6.7303,35.05,62.505999712027645,0
49.29,6.737976,35.05,62.505999712027645,0
34.41,6.739255,35.05,62.81719509815764,0
-39.18,6.731579,35.05,62.81719509815764,0
28.02,6.721345,35.0,62.505999712027645,0
18.62,6.714949,35.0,62.505999712027645,0
-29.4,6.707273,35.0,63.13477647065839,0
6.55,6.691923,35.0,62.505999712027645,0
38.38,6.686806,35.03,62.505999712027645,0
-0.23,6.668896,35.03,62.81719509815764,0
-0.06,6.6625,35.03,62.81719509815764,0
3.63,6.648428,35.03,62.81719509815764,0
-18.14,6.656104,35.03,63.53739056650029,0
8.05,6.636915,35.03,62.81719509815764,0
2.53,6.633077,35.03,62.81719509815764,0
-25.36,6.612609,35.03,62.81719509815764,0
12.96,6.619005,35.0,62.81719509815764,0
12.14,6.604933,35.0,62.81719509815764,0
-21.23,6.606213,35.0,62.81719509815764,0
-1.97,6.590862,35.0,62.81719509815764,0
-25.79,6.59342,34.99,62.81719509815764,0
-12.6,6.587024,34.99,62.81719509815764,0
12.26,6.578069,34.99,62.81719509815764,0
-31.53,6.566556,34.99,62.81719509815764,0
38.08,6.561439,34.99,62.81719509815764,0
24.58,6.557601,34.99,62.81719509815764,0
7.32,6.544809,34.99,62.81719509815764,0
7.62,6.547367,34.99,62.81719509815764,0
-21.5,6.538413,35.0,62.81719509815764,0
7.51,6.535854,35.0,62.81719509815764,0
-3.29,6.528178,35.0,62.81719509815764,0
-43.78,6.516665,35.0,62.81719509815764,0
12.94,6.514107,35.03,62.81719509815764,0
17.01,6.505152,35.03,62.20128616033595,0
-22.48,6.50899,35.03,62.928530890209096,0
21.01,6.502594,35.03,62.20128616033595,0
8.66,6.494918,35.0,63.56099432828282,0
-33.58,6.489801,35.0,64.35837163881635,0
2.19,6.480846,35.0,62.80127387243033,0
-27.6,6.471891,35.0,60.27437266367855,0
-104.41,6.460378,35.0,62.39390995922599,0
51.22,6.492359,35.0,61.00819617067857,0
74.65,6.498755,35.0,63.198101237299845,0
-19.58,6.549926,35.0,60.44832503882965,0
-22.41,6.619005,35.0,64.34283176858165,0
4.43,6.693202,35.0,61.82232606429493,0
-11.58,6.745651,35.0,63.56886030125127,0
-3.36,6.794263,35.0,61.87891401761993,0
-65.93,6.830081,35.0,59.9666574022598,0
144.55,6.886369,35.0,62.185207244167,0
385.94,6.851829,35.0,63.2771680782255,0
-25.12,6.869739,35.0,62.433965115151864,0
-339.04,6.842874,34.99,63.53739056650029,0
-128.75,6.828803,34.99,62.78534860936905,0
46.84,6.789145,34.99,61.84658438426491,0
19.88,6.763561,34.99,63.0317380372777,0
-16.56,6.736696,35.0,61.773780845922005,0
-2.75,6.709832,35.0,62.185207244167,0
-39.67,6.67913,35.0,62.52199612936234,0
23.94,6.656104,35.0,62.52199612936234,0
9.99,6.640752,35.0,62.8887907341205,0
-21.03,6.624122,35.0,62.0403094769844,0
23.66,6.61133,35.0,62.0403094769844,0
9.65,6.597258,35.0,62.52199612936234,0
-51.71,6.588303,35.0,63.2771680782255,0
16.35,6.585745,35.0,62.52199612936234,0
33.12,6.57679,35.0,61.773780845922005,0
-2.66,6.583186,35.0,62.52199612936234,0
19.08,6.579349,35.0,62.39390995922599,0
25.9,6.589582,35.0,62.39390995922599,0
-7.82,6.590862,35.0,61.773780845922005,0
-4.8,6.599816,35.0,63.13477647065839,0
13.54,6.595979,34.99,63.13477647065839,0
-10.52,6.57679,34.99,57.445626465380286,0
-6.95,6.575511,34.99,65.55913361233506,0
25.76,6.59342,34.99,60.06662967072483,0
17.17,6.607492,34.99,54.89990892524322,0
46.85,6.567835,34.99,72.2841614740048,0
137.33,6.553763,34.99,69.14477565225012,0
-548.83,6.540971,34.99,57.83597496368502,0
-224.19,6.539691,35.0,63.63961030678928,0
209.41,6.539691,35.0,77.23988606931007,0
164.29,6.546088,35.0,52.05766033928148,0
208.2,6.570394,35.0,65.49045732013177,0
237.19,6.630518,34.99,62.20932405998316,0
-120.96,6.69576,34.99,69.0,0
-141.83,6.741813,34.99,47.15930449020638,0
-81.94,6.735417,34.99,64.06246951218786,0
165.71,6.84927,35.0,61.814237842102365,0
130.96,6.847991,35.0,72.52585745787498,0
-10.19,6.873576,35.0,61.171888968708494,0
-232.11,6.809614,35.0,65.45991139621256,0
-148.97,6.748209,34.99,63.8200595424354,0
180.59,6.723904,34.99,64.389440128021,0
-9.14,6.741813,34.99,65.49045732013177,0
242.86,6.773795,34.99,56.83308895353129,0
246.52,6.746931,34.99,65.71149062378664,0
130.55,6.754606,34.99,64.42049363362563,0
-159.79,6.731579,34.99,63.34824385884742,0
-123.26,6.737976,34.99,62.545983084447556,0
-111.06,6.743093,34.99,62.8728876384726,0
-111.59,6.743093,34.99,63.20601237224193,0
-303.84,6.720066,34.99,62.625873247404705,0
27.02,6.699598,34.99,62.39390995922599,0
-38.6,6.685526,34.99,62.976185975335156,0
73.1,6.674013,34.99,62.976185975335156,0
64.79,6.653545,34.99,62.976185975335156,0
-0.16,6.649707,34.99,62.976185975335156,0
70.23,6.642032,34.99,62.976185975335156,0
56.39,6.631798,34.99,62.976185975335156,0
-8.29,6.626681,34.99,62.976185975335156,0
-2.96,6.625401,34.99,62.976185975335156,0
10.05,6.615168,35.0,62.976185975335156,0
-8.1,6.607492,35.0,62.976185975335156,0
2.9,6.595979,35.0,62.625873247404705,0
16.13,6.584466,35.0,62.976185975335156,0
-5.09,6.589582,34.99,62.976185975335156,0
8.21,6.583186,34.99,62.39390995922599,0
13.97,6.57679,34.99,62.976185975335156,0
-12.88,6.563997,34.99,62.625873247404705,0
-1.32,6.563997,35.0,62.625873247404705,0
7.12,6.553763,35.0,62.20128616033595,0
-15.7,6.552484,35.0,62.80127387243033,0
9.42,6.539691,35.0,63.56886030125127,0
-2.1,6.544809,35.0,62.07253821135398,0
-24.27,6.524341,35.0,63.0,0
29.78,6.537133,35.0,61.603571325045756,0
6.73,6.524341,35.0,63.387695966961914,0
-18.91,6.533295,35.0,63.150613615387776,0
-39.47,6.533295,35.0,65.42935121182236,0
-65.18,6.497477,35.0,52.44044240850758,0
13.62,6.538413,35.0,61.48983655857283,0
77.98,6.533295,34.97,62.10475022089695,0
7.09,6.529458,34.97,63.3798075099633,0
20.75,6.535854,34.97,63.03967004989794,0
30.67,6.534575,34.97,61.652250567193406,0
27.94,6.546088,34.99,62.0403094769844,0
-22.56,6.552484,34.99,62.41794613730894,0
-81.02,6.546088,34.99,62.20932405998316,0
10.35,6.546088,34.99,62.40192304729078,0
-2.84,6.528178,35.0,62.40192304729078,0
-2.83,6.546088,35.0,62.95236294214857,0
50.77,6.534575,35.0,62.5939294181153,0
-34.44,6.533295,35.0,62.40192304729078,0
59.63,6.529458,35.0,62.95236294214857,0
29.07,6.528178,35.0,62.95236294214857,0
-76.7,6.511548,35.0,62.40192304729078,0
51.13,6.498755,35.0,62.40192304729078,0
18.3,6.493639,35.0,62.0403094769844,0
-66.78,6.496197,35.0,62.5939294181153,0
51.04,6.482125,35.0,62.40192304729078,0
19.77,6.475729,35.0,62.40192304729078,0
-74.13,6.466774,35.0,62.95236294214857,0
47.74,6.470612,35.0,62.95236294214857,0
38.09,6.460378,35.0,62.95236294214857,0
-26.76,6.455261,35.0,62.95236294214857,0
-16.15,6.457111,35.0,62.95236294214857,0
31.68,6.449435,35.0,62.5939294181153,0
4.04,6.437922,35.0,62.40192304729078,0
-60.63,6.437922,35.0,62.40192304729078,0
24.17,6.432805,34.99,62.40192304729078,0
13.75,6.414896,34.99,62.40192304729078,0
-34.5,6.418734,34.99,62.95236294214857,0
22.5,6.411058,34.99,62.40192304729078,0
14.08,6.40722,34.99,62.40192304729078,0
-27.56,6.395707,34.99,62.40192304729078,0
15.92,6.393148,34.99,62.40192304729078,0
16.17,6.382915,34.99,62.976185975335156,0
-21.78,6.380356,34.99,62.40192304729078,0
17.11,6.362446,34.99,61.106464469808756,0
10.92,6.366284,34.99,63.15853069855251,0
-25.54,6.352212,34.99,63.419239982831705,0
20.21,6.349654,34.99,62.976185975335156,0
8.55,6.33942,34.99,62.24949798994366,0
-33.41,6.334303,34.99,62.24949798994366,0
28.54,6.32279,34.99,62.112800613078136,0
-4.96,6.303601,35.0,61.87891401761993,0
-61.65,6.28825,35.0,62.369864518050704,0
-33.1,6.274178,35.0,62.617888817813075,0
57.0,6.257548,35.0,61.82232606429493,0
39.7,6.243476,34.99,63.75735251718032,0
24.93,6.25371,34.99,62.457985878508765,0
7.67,6.246035,34.99,62.76941930590086,0
2.95,6.243476,34.99,62.76145313805282,0
-9.5,6.226846,34.99,62.81719509815764,0
-42.1,6.242197,34.99,62.68971207462992,0
-7.89,6.230683,34.99,63.33245613427605,0
-13.07,6.233242,34.99,62.056425936400814,0
3.19,6.230683,35.0,62.03224967708329,0
-10.41,6.233242,35.0,62.03224967708329,0
-69.54,6.215333,35.0,63.419239982831705,0
40.05,6.206378,35.0,62.81719509815764,0
23.0,6.205099,35.0,62.81719509815764,0
-10.0,6.208936,35.0,62.976185975335156,0
33.95,6.197423,35.0,62.20128616033595,0
0.41,6.196144,35.0,62.385895841928885,0
-14.7,6.18591,34.99,63.0,0
29.39,6.192306,34.99,63.0,0
6.87,6.176955,34.99,62.20128616033595,0
-46.76,6.176955,34.99,63.0,0
15.7,6.168,34.97,62.81719509815764,0
24.69,6.173117,34.97,62.81719509815764,0
-12.11,6.15137,34.97,62.20128616033595,0
-8.52,6.157766,34.97,62.81719509815764,0
28.79,6.147532,34.99,62.81719509815764,0
11.03,6.155208,34.99,63.0,0
-37.75,6.142415,34.99,63.0,0
23.17,6.148811,34.99,63.58458932791813,0
24.6,6.137298,34.99,62.81719509815764,0
-8.34,6.143694,34.99,62.20128616033595,0
-41.37,6.104038,34.99,62.385895841928885,0
8.58,6.118109,34.99,62.81719509815764,0
6.71,6.110434,34.95,62.81719509815764,0
-37.39,6.105317,34.95,62.24146527838174,0
16.5,6.105317,34.95,63.0,0
11.48,6.102758,34.95,63.0,0
-34.23,6.101479,34.99,62.81719509815764,0
11.34,6.096362,34.99,63.0,0
12.22,6.1002,34.99,63.0,0
-32.03,6.095083,34.99,62.24146527838174,0
19.94,6.092525,34.97,63.0,0
16.15,6.089966,34.97,63.0,0
-23.41,6.084849,34.97,62.81719509815764,0
18.0,6.066939,34.97,62.81719509815764,0
0.16,6.073336,34.99,62.24146527838174,0
-7.88,6.079732,34.99,63.0,0
3.81,6.070777,34.99,63.0,0
-20.03,6.064381,34.99,63.0,0
20.99,6.063102,35.0,62.24146527838174,0
21.99,6.052867,35.0,62.385895841928885,0
-29.73,6.054147,35.0,62.81719509815764,0
18.94,6.042634,35.0,62.81719509815764,0
5.82,6.042634,35.0,62.81719509815764,0
-23.24,6.041354,35.0,63.4428877022476,0
13.73,6.037517,35.0,62.81719509815764,0
-6.1,6.022165,35.0,62.81719509815764,0
-4.42,6.028562,34.99,62.056425936400814,0
9.54,6.022165,34.99,62.81719509815764,0
-16.08,6.020886,34.99,62.81719509815764,0
17.77,6.013211,34.99,62.81719509815764,0
24.27,6.018328,34.97,62.81719509815764,0
-17.25,6.005535,34.97,63.0,0
18.98,6.006814,34.97,62.81719509815764,0
18.66,6.004256,34.97,62.68971207462992,0
-23.39,5.999139,34.97,62.81719509815764,0
8.6,5.991464,34.97,61.69278726074872,0
12.4,5.985067,34.97,64.45153217728807,0
-21.67,5.986346,34.97,61.773780845922005,0
28.65,5.986346,34.99,62.0403094769844,0
1.25,5.982509,34.99,62.39390995922599,0
-72.68,5.982509,34.99,62.27358990776106,0
-5.57,5.983788,34.99,62.80127387243033,0
-23.29,5.97995,34.97,61.82232606429493,0
-31.27,5.977392,34.97,63.4428877022476,0
74.37,5.973554,34.97,62.976185975335156,0
36.61,5.977392,34.97,63.34824385884742,0
24.54,5.981229,34.97,63.76519426771944,0
24.9,5.97995,34.97,63.56886030125127,0
-13.59,5.988905,34.97,63.00793600809346,0
-3.66,5.994022,34.97,61.773780845922005,0
-17.72,6.006814,34.99,62.44197306299666,0
-5.77,6.017048,34.99,62.83311228962003,0
12.1,6.028562,34.99,64.5832795698701,0
-17.03,6.0324,34.99,62.65780079128216,0
23.1,6.028562,34.99,62.976185975335156,0
13.18,6.022165,34.99,63.7102817447859,0
-10.38,6.015769,34.99,62.77738446287803,0
7.34,6.010652,34.99,63.071388124885914,0
-8.89,5.987626,34.99,63.198101237299845,0
-0.08,6.006814,34.99,63.28506932918696,0
-10.92,5.99786,34.99,62.14499175315739,0
-32.47,5.99786,34.99,63.198101237299845,0
6.65,5.996581,34.99,62.80127387243033,0
-23.05,6.01449,34.99,63.41135544995076,0
12.55,6.015769,34.99,62.8887907341205,0
4.09,6.03112,34.99,62.65780079128216,0
-26.18,6.043913,34.97,62.44197306299666,0
18.51,6.056705,34.97,62.65780079128216,0
-1.16,6.04775,34.97,62.65780079128216,0
-8.54,6.045192,34.97,62.65780079128216,0
24.12,6.038796,34.99,62.44197306299666,0
-1.66,6.037517,34.99,63.198101237299845,0
-21.42,6.019607,34.99,62.65780079128216,0
15.91,6.013211,34.99,62.65780079128216,0
4.71,6.000418,34.97,62.65780079128216,0
-25.21,5.996581,34.97,62.44197306299666,0
9.9,5.981229,34.97,62.65780079128216,0
4.47,5.977392,34.97,62.65780079128216,0
-13.05,5.972275,34.99,62.65780079128216,0
9.26,5.965878,34.99,62.65780079128216,0
3.63,5.922384,34.99,62.65780079128216,0
-9.86,5.945852,34.99,62.44197306299666,0
4.31,5.942015,34.99,63.071388124885914,0
0.01,5.938177,34.99,62.44197306299666,0
-13.37,5.93306,34.99,62.44197306299666,0
4.35,5.929222,34.99,62.44197306299666,0
0.6,5.924105,34.95,62.44197306299666,0
-17.08,5.918988,34.95,62.44197306299666,0
7.8,5.917709,34.95,62.44197306299666,0
-1.16,5.91515,34.95,63.071388124885914,0
-22.29,5.91643,34.97,62.44197306299666,0
6.59,5.912592,34.97,62.44197306299666,0
-1.51,5.91643,34.97,61.82232606429493,0
-4.63,5.911313,34.97,62.44197306299666,0
12.04,5.907475,34.99,63.198101237299845,0
-4.28,5.903637,34.99,62.44197306299666,0
14.13,5.897241,34.99,62.44197306299666,0
9.91,5.894682,34.99,62.81719509815764,0
-19.56,5.888286,34.99,62.24146527838174,0
14.89,5.888286,34.99,62.24146527838174,0
3.93,5.883169,34.99,61.91930232165088,0
-2.68,5.878052,34.99,62.27358990776106,0
22.81,5.869097,34.95,62.976185975335156,0
-24.74,5.871656,34.95,62.976185975335156,0
2.33,5.866539,34.95,62.32976816898969,0
-7.44,5.862701,34.95,62.77738446287803,0
-57.53,5.860143,34.99,62.77738446287803,0
23.16,5.866539,34.99,62.77738446287803,0
-14.83,5.861422,34.99,62.12889826803627,0
-0.27,5.858863,34.99,62.048368229954285,0
37.67,5.856305,34.99,62.77738446287803,0
-40.12,5.855026,34.99,62.91263784010332,0
52.02,5.848629,34.99,62.976185975335156,0
18.53,5.834558,34.99,62.71363488110062,0
-57.86,5.838395,34.97,63.43500610861482,0
44.41,5.828161,34.97,63.43500610861482,0
13.41,5.824324,34.97,62.24949798994366,0
-64.3,5.808972,34.97,62.24949798994366,0
38.53,5.817927,34.99,62.24949798994366,0
34.16,5.802576,34.99,62.91263784010332,0
-19.61,5.808972,34.99,62.91263784010332,0
-9.84,5.808972,34.99,62.91263784010332,0
48.6,5.802576,34.95,62.91263784010332,0
6.93,5.797459,34.95,62.91263784010332,0
-62.36,5.785946,34.95,62.91263784010332,0
24.0,5.783388,34.95,62.91263784010332,0
12.43,5.783388,34.95,62.91263784010332,0
-34.76,5.774433,34.95,62.91263784010332,0
33.16,5.774433,34.95,62.91263784010332,0
25.84,5.766757,34.95,62.91263784010332,0
-24.12,5.764199,34.97,62.24949798994366,0
-4.95,5.756523,34.97,62.24949798994366,0
5.89,5.756523,34.97,63.25345840347388,0
-19.59,5.747569,34.97,62.5939294181153,0
-0.94,5.748847,34.95,63.25345840347388,0
11.53,5.738614,34.95,62.976185975335156,0
-10.53,5.741172,34.95,63.419239982831705,0
18.44,5.730938,34.95,62.52999280345393,0
8.01,5.736055,34.93,61.814237842102365,0
-7.53,5.741172,34.93,62.71363488110062,0
11.76,5.756523,34.93,62.01612693485461,0
-34.52,5.747569,34.93,61.554853586049575,0
-55.64,5.757802,34.95,60.07495318350236,0
63.48,5.74501,34.95,63.35613624582863,0
12.05,5.732217,34.95,64.07027391856539,0
-1.62,5.715587,34.95,63.58458932791813,0
2.02,5.707911,34.95,63.12685640834652,0
-43.89,5.705353,34.95,62.41794613730894,0
23.49,5.704074,34.95,62.64982043070834,0
-9.32,5.697678,34.95,61.95159400693416,0
-10.63,5.696398,34.97,62.63385665915839,0
23.2,5.695119,34.97,62.185207244167,0
-42.53,5.692561,34.97,62.68173577685928,0
35.37,5.69384,34.97,62.88083968904996,0
-6.56,5.698957,34.97,62.40192304729078,0
-29.75,5.702795,34.97,62.88083968904996,0
46.25,5.701515,34.97,62.185207244167,0
-7.93,5.696398,34.97,62.40192304729078,0
2.57,5.700236,34.95,62.185207244167,0
18.07,5.696398,34.95,63.56886030125127,0
-26.9,5.668255,34.95,62.40192304729078,0
22.27,5.678489,34.95,62.185207244167,0
19.24,5.681047,34.95,62.40192304729078,0
-29.34,5.678489,34.95,62.88083968904996,0
34.43,5.675931,34.95,63.095166217389426,0
19.97,5.67721,34.95,62.88083968904996,0
-36.87,5.668255,34.95,63.56886030125127,0
34.8,5.673372,34.95,62.185207244167,0
25.93,5.655462,34.95,62.88083968904996,0
-26.97,5.6593,34.95,62.88083968904996,0
22.92,5.650345,34.97,62.88083968904996,0
6.07,5.646508,34.97,62.40192304729078,0
-43.97,5.631156,34.97,63.095166217389426,0
23.34,5.640111,34.97,62.88083968904996,0
7.41,5.634995,34.95,62.88083968904996,0
-40.08,5.637553,34.95,63.095166217389426,0
16.83,5.634995,34.95,62.185207244167,0
-11.25,5.628598,34.95,62.185207244167,0
-3.57,5.622202,34.95,62.185207244167,0
14.52,5.620923,34.95,62.88083968904996,0
-26.43,5.617085,34.95,62.88083968904996,0
24.11,5.615806,34.95,62.40192304729078,0
5.26,5.609409,34.95,62.185207244167,0
-41.99,5.619643,34.95,62.88083968904996,0
15.9,5.609409,34.95,62.185207244167,0
-7.47,5.609409,34.95,62.88083968904996,0
21.68,5.599175,34.97,62.88083968904996,0
10.38,5.606851,34.97,62.88083968904996,0
-41.77,5.592779,34.97,63.387695966961914,0
20.36,5.59022,34.97,63.7808748764079,0
-5.04,5.577428,34.95,63.03967004989794,0
9.61,5.592779,34.95,58.60034129593445,0
15.67,5.595337,34.95,62.01612693485461,0
-16.11,5.617085,34.95,62.12889826803627,0
32.2,5.610689,34.95,62.8887907341205,0
143.36,5.594059,34.95,61.554853586049575,0
302.43,5.585104,34.95,61.47357155721473,0
-115.87,5.592779,34.95,61.95159400693416,0
-707.13,5.606851,34.93,62.40192304729078,0
-48.41,5.650345,34.93,61.644140029689765,0
103.52,5.697678,34.93,61.497967446087195,0
16.03,5.69384,34.93,62.5859409132754,0
87.53,5.71047,34.95,62.77738446287803,0
308.41,5.721983,34.95,62.77738446287803,0
259.46,5.729659,34.95,61.68468205316454,0
-180.99,5.725821,34.95,62.77738446287803,0
-810.52,5.724542,34.95,62.07253821135398,0
-2.66,5.720704,34.95,62.41794613730894,0
-10.01,5.716866,34.95,62.41794613730894,0
106.58,5.71175,34.95,62.41794613730894,0
88.72,5.713029,34.95,62.41794613730894,0
-24.19,5.696398,34.95,62.41794613730894,0
101.91,5.690002,34.95,62.77738446287803,0
47.77,5.687444,34.95,62.77738446287803,0
39.68,5.675931,34.95,62.77738446287803,0
63.8,5.670814,34.95,62.048368229954285,0
-10.6,5.663138,34.95,62.048368229954285,0
38.62,5.651625,34.95,62.27358990776106,0
43.1,5.647787,34.95,61.91930232165088,0
-23.38,5.637553,34.95,62.71363488110062,0
-2.68,5.632436,34.95,63.7102817447859,0
37.87,5.609409,34.95,63.66317616958802,0
2.04,5.578707,34.97,63.0317380372777,0
-30.69,5.549284,34.97,63.0,0
24.96,5.551843,34.97,62.385895841928885,0
46.94,5.531375,34.97,62.65780079128216,0
24.59,5.532654,34.95,63.41135544995076,0
-50.15,5.528817,34.95,62.44197306299666,0
-54.45,5.523699,34.95,62.65780079128216,0
-37.58,5.516024,34.95,62.0403094769844,0
-5.87,5.519862,34.97,63.41135544995076,0
5.61,5.514745,34.97,63.41135544995076,0
-22.13,5.512186,34.97,62.0403094769844,0
0.35,5.50579,34.97,62.65780079128216,0
-0.36,5.499394,34.95,62.65780079128216,0
-20.82,5.499394,34.95,62.80127387243033,0
9.25,5.490439,34.95,61.91930232165088,0
0.23,5.490439,34.95,62.68173577685928,0
-18.47,5.496835,34.95,61.78996682310163,0
4.52,5.490439,34.95,62.433965115151864,0
-12.18,5.462296,34.95,62.433965115151864,0
-6.84,5.477646,34.95,61.22907805936653,0
12.31,5.480205,34.95,61.514225996918796,0
-4.97,5.490439,34.95,62.07253821135398,0
22.25,5.510907,34.95,61.22907805936653,0
13.11,5.531375,34.95,62.36184731067546,0
-15.4,5.558239,34.93,62.27358990776106,0
2.1,5.568473,34.93,62.80127387243033,0
-14.28,5.576149,34.93,62.5859409132754,0
12.34,5.581266,34.93,62.44197306299666,0
16.7,5.586383,34.95,62.65780079128216,0
-12.79,5.594059,34.95,62.8728876384726,0
23.55,5.588941,34.95,63.4428877022476,0
-2.78,5.59022,34.95,62.44197306299666,0
-4.28,5.579987,34.95,62.44197306299666,0
-10.44,5.585104,34.95,62.44197306299666,0
-21.32,5.55696,34.95,63.071388124885914,0
-16.18,5.559518,34.95,62.32976816898969,0
-46.22,5.541609,34.93,62.976185975335156,0
33.7,5.549284,34.93,62.976185975335156,0
95.32,5.54033,34.93,62.32976816898969,0
7.18,5.542888,34.93,62.8728876384726,0
-13.63,5.533934,34.93,62.68971207462992,0
-21.22,5.532654,34.93,62.76145313805282,0
-2.75,5.524979,34.93,61.95159400693416,0
8.8,5.517303,34.93,63.25345840347388,0
-3.78,5.503232,34.93,62.68173577685928,0
17.48,5.500673,34.93,62.88083968904996,0
-15.35,5.498115,34.93,62.77738446287803,0
-6.66,5.494277,34.93,62.545983084447556,0
7.9,5.491718,34.93,63.28506932918696,0
-24.44,5.485322,34.93,63.190189111918315,0
-68.84,5.485322,34.93,62.77738446287803,0
39.58,5.477646,34.93,64.82283548256741,0
27.06,5.473809,34.95,61.91122676865643,0
-34.83,5.47125,34.95,63.41135544995076,0
21.4,5.466133,34.95,62.80127387243033,0
25.53,5.459737,34.95,62.80127387243033,0
-22.71,5.453657,34.93,62.80127387243033,0
16.4,5.456215,34.93,62.80127387243033,0
13.16,5.451098,34.93,63.41135544995076,0
-27.27,5.44982,34.93,62.65780079128216,0
23.89,5.44982,34.91,62.65780079128216,0
15.25,5.437027,34.91,63.41135544995076,0
-26.79,5.445982,34.91,62.80127387243033,0
13.71,5.442144,34.91,62.80127387243033,0
4.31,5.440865,34.93,62.80127387243033,0
-28.49,5.433189,34.93,62.80127387243033,0
7.05,5.434468,34.93,62.80127387243033,0
-1.16,5.420397,34.93,62.80127387243033,0
-15.46,5.426793,34.95,62.80127387243033,0
4.03,5.422955,34.95,62.80127387243033,0
-10.39,5.426793,34.95,62.80127387243033,0
8.77,5.415279,34.95,62.80127387243033,0
6.91,5.414001,34.95,62.80127387243033,0
-21.42,5.408883,34.95,62.80127387243033,0
14.28,5.406325,34.95,62.80127387243033,0
-1.69,5.405046,34.95,62.80127387243033,0
-15.49,5.399929,34.93,62.80127387243033,0
3.44,5.398649,34.93,62.80127387243033,0
-8.12,5.389695,34.93,63.41135544995076,0
11.92,5.388415,34.93,62.65780079128216,0
12.73,5.389695,34.93,62.65780079128216,0
-21.62,5.396091,34.93,63.41135544995076,0
12.18,5.389695,34.93,62.0403094769844,0
10.13,5.390974,34.93,62.0403094769844,0
-24.68,5.387136,34.93,63.41135544995076,0
16.32,5.392253,34.93,62.80127387243033,0
11.2,5.388415,34.93,62.65780079128216,0
-26.11,5.385857,34.93,62.80127387243033,0
7.99,5.37946,34.93,63.15853069855251,0
13.23,5.38074,34.93,63.15853069855251,0
-24.87,5.37946,34.93,62.976185975335156,0
5.51,5.378181,34.93,61.40032573203501,0
-6.06,5.382019,34.91,61.48170459575759,0
-4.3,5.394812,34.91,61.587336360651285,0
13.89,5.405046,34.91,63.63961030678928,0
24.22,5.414001,34.91,63.14269553954757,0
23.81,5.406325,34.93,62.36184731067546,0
180.83,5.390974,34.93,62.39390995922599,0
218.59,5.366668,34.93,62.96824596572466,0
-160.5,5.378181,34.93,62.76145313805282,0
-471.87,5.38074,34.91,62.976185975335156,0
-90.32,5.399929,34.91,63.41135544995076,0
19.91,5.405046,34.91,62.68173577685928,0
0.82,5.410162,34.91,63.0317380372777,0
40.72,5.412721,34.93,62.433965115151864,0
27.17,5.398649,34.93,63.2771680782255,0
-4.21,5.405046,34.93,62.433965115151864,0
14.44,5.39737,34.93,62.27358990776106,0
-19.03,5.39737,34.93,63.0317380372777,0
24.44,5.387136,34.93,62.65780079128216,0
9.71,5.385857,34.93,62.65780079128216,0
-16.84,5.369226,34.93,62.65780079128216,0
28.71,5.373064,34.93,62.8887907341205,0
-18.18,5.36283,34.93,62.8887907341205,0
-70.95,5.36283,34.93,62.8887907341205,0
87.99,5.352596,34.93,62.8887907341205,0
62.42,5.355155,34.93,63.51377803280167,0
-18.77,5.347479,34.93,62.65780079128216,0
-19.83,5.347479,34.93,62.14499175315739,0
43.86,5.3462,34.93,62.8887907341205,0
18.59,5.339804,34.93,62.14499175315739,0
-41.05,5.338524,34.93,62.14499175315739,0
29.38,5.327011,34.93,62.14499175315739,0
34.61,5.32957,34.93,63.51377803280167,0
-19.29,5.325732,34.91,62.8887907341205,0
-10.8,5.324453,34.91,61.91122676865643,0
34.94,5.320615,34.91,63.28506932918696,0
11.31,5.319336,34.91,62.8887907341205,0
-44.98,5.318057,34.93,62.14499175315739,0
19.27,5.31166,34.93,62.545983084447556,0
21.25,5.315498,34.93,62.545983084447556,0
-17.89,5.310381,34.93,63.190189111918315,0
1.56,5.306543,34.95,62.545983084447556,0
16.02,5.301426,34.95,63.12685640834652,0
-5.78,5.291192,34.95,63.43500610861482,0
-6.86,5.298868,34.95,62.91263784010332,0
12.66,5.296309,34.93,63.12685640834652,0
-5.68,5.298868,34.93,62.07253821135398,0
-7.9,5.292471,34.93,62.0403094769844,0
11.56,5.292471,34.93,62.112800613078136,0
-12.8,5.289913,34.93,61.62791575252241,0
-18.09,5.296309,34.93,63.45864795282043,0
-15.39,5.284796,34.93,62.40192304729078,0
-43.45,5.292471,34.93,62.625873247404705,0
-12.39,5.280958,34.93,62.93647591023825,0
84.49,5.29503,34.93,62.177166226839255,0
185.0,5.300147,34.93,62.6418390534633,0
310.29,5.307822,34.93,62.93647591023825,0
-6.38,5.292471,34.91,61.87891401761993,0
-375.2,5.300147,34.91,61.87891401761993,0
-689.08,5.287354,34.91,62.93647591023825,0
-149.67,5.291192,34.91,61.87891401761993,0
153.26,5.292471,34.93,61.87891401761993,0
224.7,5.291192,34.93,62.177166226839255,0
140.6,5.284796,34.93,62.6418390534633,0
106.21,5.278399,34.93,62.6418390534633,0
5.03,5.280958,34.93,62.6418390534633,0
95.99,5.278399,34.93,62.93647591023825,0
67.92,5.270724,34.93,62.6418390534633,0
-35.4,5.273283,34.93,62.177166226839255,0
64.46,5.268166,34.93,62.93647591023825,0
35.07,5.269445,34.93,62.177166226839255,0
-44.04,5.263049,34.93,62.177166226839255,0
44.35,5.265607,34.93,62.177166226839255,0
46.21,5.259211,34.91,62.177166226839255,0
-7.63,5.263049,34.91,62.68173577685928,0
-78.21,5.251535,34.91,61.91930232165088,0
40.61,5.254094,34.91,61.59545437773797,0
36.18,5.255373,34.93,61.45730225123781,0
-10.0,5.263049,34.93,61.814237842102365,0
-60.0,5.252815,34.93,62.52199612936234,0
43.2,5.241302,34.93,62.297672508690084,0
31.42,5.231067,34.93,61.927376821564145,0
6.97,5.22723,34.93,63.48228099241551,0
-33.54,5.22723,34.93,62.89674077406555,0
-20.47,5.219554,34.93,62.64982043070834,0
-43.26,5.214437,34.93,62.64982043070834,0
-81.02,5.200366,34.93,61.98386886924694,0
9.54,5.17478,34.93,63.60031446463138,0
13.84,5.188852,34.93,62.94441992742486,0
-13.7,5.188852,34.91,62.297672508690084,0
29.07,5.185014,34.91,62.94441992742486,0
1.21,5.188852,34.91,61.98386886924694,0
-14.71,5.185014,34.91,63.35613624582863,0
7.12,5.183735,34.93,62.64982043070834,0
-25.41,5.181177,34.93,62.64982043070834,0
12.64,5.17606,34.93,64.02343321003646,0
-2.24,5.164546,34.93,62.94441992742486,0
-67.78,5.169663,34.93,62.49799996799898,0
10.73,5.173501,34.93,63.60031446463138,0
-19.09,5.167105,34.93,63.60031446463138,0
-28.22,5.165825,34.93,64.31174076325411,0
37.0,5.161988,34.91,63.60031446463138,0
12.7,5.159429,34.91,63.60031446463138,0
62.56,5.169663,34.91,62.23343153000644,0
36.55,5.188852,34.91,62.94441992742486,0
-18.38,5.231067,34.87,62.89674077406555,0
33.94,5.274562,34.87,62.89674077406555,0
-14.83,5.327011,34.87,62.49799996799898,0
-23.25,5.356434,34.87,63.20601237224193,0
35.65,5.388415,34.91,63.20601237224193,0
-18.29,5.415279,34.91,62.49799996799898,0
21.17,5.44982,34.91,62.23343153000644,0
8.51,5.479242,34.91,62.23343153000644,0
-37.76,5.504827,34.89,62.49799996799898,0
13.82,5.508665,34.89,62.49799996799898,0
-5.11,5.506106,34.89,63.15853069855251,0
0.32,5.489476,34.89,62.23343153000644,0
13.94,5.463891,34.91,62.49799996799898,0
-35.33,5.435748,34.91,62.23343153000644,0
8.69,5.402487,34.91,63.20601237224193,0
35.39,5.384578,34.91,62.14499175315739,0
-38.73,5.361551,34.91,61.71709649683789,0
-13.3,5.342362,34.91,61.741396161732524,0
-32.5,5.325732,34.91,63.53739056650029,0
8.85,5.319336,34.91,61.741396161732524,0
-3.06,5.307822,34.91,63.53739056650029,0
-47.07,5.303985,34.91,63.221831672294975,0
20.86,5.327011,34.91,60.959002616512684,0
9.86,5.358993,34.91,62.3377895020348,0
46.38,5.406325,34.91,63.33245613427605,0
29.59,5.453657,34.91,63.150613615387776,0
-30.23,5.513782,34.91,60.67948582511226,0
13.83,5.532971,34.91,63.0317380372777,0
-16.85,5.531692,34.91,63.796551630946325,0
-109.52,5.544484,34.91,62.76145313805282,0
130.94,5.538088,34.91,62.185207244167,0
61.7,5.526575,34.91,62.8887907341205,0
-2.49,5.506106,34.89,62.65780079128216,0
-3.86,5.515061,34.89,62.8887907341205,0
-40.7,5.526575,34.89,62.39390995922599,0
8.5,5.564952,34.89,63.51377803280167,0
-10.45,5.587978,34.89,62.39390995922599,0
-9.82,5.632752,34.89,62.14499175315739,0
2.04,5.641707,34.89,62.39390995922599,0
-49.23,5.65322,34.89,62.77738446287803,0
26.66,5.641707,34.91,62.8887907341205,0
-5.62,5.626356,34.91,62.14499175315739,0
8.16,5.591816,34.91,62.77738446287803,0
20.18,5.577744,34.91,62.14499175315739,0
-48.44,5.552159,34.91,62.77738446287803,0
31.56,5.535529,34.91,62.14499175315739,0
10.03,5.509944,34.91,62.77738446287803,0
-35.87,5.486917,34.91,62.14499175315739,0
31.37,5.474125,34.91,62.14499175315739,0
-0.64,5.458774,34.91,62.14499175315739,0
-29.36,5.438306,34.91,62.14499175315739,0
28.34,5.426793,34.91,62.14499175315739,0
0.86,5.416559,34.87,62.77738446287803,0
-32.46,5.428072,34.87,62.14499175315739,0
20.98,5.421676,34.87,62.14499175315739,0
5.06,5.414001,34.87,62.14499175315739,0
-26.08,5.407604,34.89,62.14499175315739,0
10.64,5.402487,34.89,62.77738446287803,0
-1.92,5.392253,34.89,62.14499175315739,0
-16.31,5.387136,34.89,62.14499175315739,0
6.46,5.389695,34.89,62.77738446287803,0
-7.8,5.385857,34.89,62.77738446287803,0
3.46,5.351317,34.89,62.77738446287803,0
6.97,5.356434,34.89,62.77738446287803,0
-21.08,5.353876,34.87,62.77738446287803,0
11.21,5.344921,34.87,62.14499175315739,0
2.06,5.342362,34.87,62.14499175315739,0
-29.24,5.334687,34.87,62.77738446287803,0
7.73,5.333407,34.91,65.49045732013177,0
-6.48,5.319336,34.91,62.056425936400814,0
0.92,5.321894,34.91,66.16645675869307,0
13.45,5.309102,34.91,80.7031597894407,0
-26.01,5.301426,34.91,47.634021455258214,0
24.07,5.255373,34.91,77.4919350642375,0
-17.03,5.248977,34.91,68.51277253184256,0
-76.63,5.292471,34.91,64.15605972938177,0
-178.0,5.297588,34.91,75.79577824654879,0
100.33,5.309102,34.91,65.03076195155643,0
112.86,5.318057,34.91,62.056425936400814,0
69.35,5.330849,34.91,60.71243694664216,0
-177.64,5.343641,34.91,72.64296249465602,0
-203.1,5.393532,34.91,89.53211714239757,0
41.72,5.421676,34.91,44.11349000022555,0
197.41,5.435748,34.91,58.463663928973865,0
41.09,5.433189,34.89,59.312730505347666,0
74.85,5.515061,34.89,61.30252849597641,0
311.64,5.497152,34.89,62.10475022089695,0
-80.37,5.485639,34.89,62.0403094769844,0
-199.58,5.472846,34.89,63.52164985262898,0
108.78,5.475404,34.89,61.7980582219215,0
-70.67,5.461333,34.89,62.65780079128216,0
-107.66,5.44982,34.89,63.15853069855251,0
112.4,5.454937,34.91,63.2771680782255,0
-4.05,5.461333,34.91,63.15853069855251,0
-178.09,5.454937,34.91,63.05553108173778,0
-35.89,5.458774,34.91,62.30569797378086,0
14.11,5.451098,34.91,62.30569797378086,0
72.92,5.454937,34.91,62.30569797378086,0
-10.58,5.437027,34.91,63.15853069855251,0
-17.92,5.435748,34.91,63.15853069855251,0
-14.83,5.424234,34.89,63.15853069855251,0
-9.64,5.426793,34.89,63.15853069855251,0
-1.11,5.405046,34.89,64.07807737440318,0
-0.7,5.410162,34.89,61.66036003787198,0
-7.61,5.430631,34.89,95.2732911156112,0
17.54,5.416559,34.89,88.23831367382311,0
63.47,5.38074,34.89,36.565010597564445,0
382.35,5.394812,34.89,57.60208329565867,0
84.16,5.387136,34.89,53.75872022286245,0
-764.97,5.38074,34.89,63.35613624582863,0
-279.27,5.39737,34.89,63.03967004989794,0
485.04,5.392253,34.89,62.849025449882674,0
278.97,5.376902,34.91,61.69278726074872,0
49.81,5.38074,34.91,61.26173356998641,0
-185.37,5.388415,34.91,61.68468205316454,0
-244.9,5.403766,34.91,63.20601237224193,0
-28.25,5.398649,34.89,62.94441992742486,0
91.88,5.411442,34.89,61.7980582219215,0
59.9,5.396091,34.89,62.89674077406555,0
4.14,5.39737,34.89,62.23343153000644,0
57.89,5.392253,34.89,63.60031446463138,0
37.14,5.39737,34.89,62.89674077406555,0
37.46,5.37946,34.89,62.89674077406555,0
10.19,5.378181,34.89,62.49799996799898,0
-50.93,5.369226,34.91,62.94441992742486,0
11.94,5.374343,34.91,63.35613624582863,0
56.55,5.358993,34.91,62.94441992742486,0
-6.56,5.358993,34.91,62.69768735766894,0
19.29,5.356434,34.91,62.69768735766894,0
-16.8,5.353876,34.91,62.23343153000644,0
15.78,5.353876,34.91,62.89674077406555,0
-5.04,5.351317,34.91,62.23343153000644,0
-83.85,5.348759,34.93,63.60031446463138,0
44.28,5.342362,34.93,62.64982043070834,0
20.81,5.338524,34.93,62.89674077406555,0
-6.54,5.325732,34.93,62.89674077406555,0
41.48,5.324453,34.91,62.64982043070834,0
2.36,5.320615,34.91,62.89674077406555,0
17.29,5.309102,34.91,62.89674077406555,0
13.3,5.305264,34.91,62.89674077406555,0
-29.55,5.302705,34.87,62.89674077406555,0
19.22,5.297588,34.87,62.89674077406555,0
8.01,5.263049,34.87,62.89674077406555,0
-32.41,5.284796,34.87,62.89674077406555,0
9.89,5.279679,34.91,62.89674077406555,0
-18.87,5.275841,34.91,62.20128616033595,0
-5.7,5.269445,34.91,62.89674077406555,0
6.96,5.270724,34.91,62.89674077406555,0
-38.61,5.266886,34.89,62.20128616033595,0
23.83,5.268166,34.89,62.20128616033595,0
7.34,5.263049,34.89,62.20128616033595,0
-48.66,5.263049,34.89,62.20128616033595,0
4.34,5.264328,34.89,62.94441992742486,0
1.53,5.261769,34.89,60.96720429870473,0
44.4,5.256652,34.89,61.53048025166064,0
61.8,5.252815,34.89,62.89674077406555,0
83.49,5.252815,34.91,62.49799996799898,0
-54.64,5.250256,34.91,62.89674077406555,0
-97.88,5.252815,34.91,62.89674077406555,0
-75.49,5.245139,34.91,62.89674077406555,0
94.75,5.257932,34.93,62.94441992742486,0
1.33,5.251535,34.93,62.94441992742486,0
-15.75,5.265607,34.93,62.94441992742486,0
5.71,5.259211,34.93,62.94441992742486,0
-69.36,5.272004,34.91,62.94441992742486,0
17.44,5.261769,34.91,62.23343153000644,0
2.99,5.268166,34.91,63.60031446463138,0
-17.46,5.263049,34.91,62.89674077406555,0
37.76,5.254094,34.91,62.23343153000644,0
-17.86,5.26049,34.91,62.94441992742486,0
44.18,5.254094,34.91,62.94441992742486,0
23.09,5.247698,34.91,63.60031446463138,0
-42.92,5.24386,34.93,62.49799996799898,0
18.94,5.237463,34.93,62.49799996799898,0
-17.68,5.232347,34.93,62.49799996799898,0
6.27,5.22595,34.93,60.868711174132805,0
37.62,5.229788,34.91,64.15605972938177,0
-16.74,5.219554,34.91,72.11102550927978,0
27.9,5.222113,34.91,53.23532661682466,0
10.77,5.204203,34.91,83.57032966310472,0
-6.54,5.183735,34.93,36.89173349139343,0
-0.35,5.190131,34.93,39.92492955535426,0
13.85,5.218275,34.93,85.71464285639881,0
-309.55,5.231067,34.93,100.44401425669923,0
129.06,5.22723,34.89,59.51470406546604,0
113.09,5.297588,34.89,58.008620049092706,0
19.21,5.453657,34.89,49.0,0
29.78,5.741488,34.89,64.07027391856539,0
12.1,5.866855,34.91,77.93587107359485,0
163.61,5.758119,34.91,55.86591089385369,0
228.49,5.74021,34.91,66.15889962809237,0
-91.26,5.744047,34.91,64.43601477434805,0
-262.43,5.728696,34.91,62.88083968904996,0
-563.79,5.706949,34.91,61.1310068623117,0
-58.46,5.705669,34.91,62.71363488110062,0
84.38,5.731255,34.91,63.592452382338585,0
129.03,5.784983,34.91,58.69412236331676,0
130.95,5.846387,34.91,73.824115301167,0
45.54,5.889882,34.91,64.15605972938177,0
92.2,5.907791,34.91,62.68173577685928,0
53.92,5.914187,34.91,60.94259594077036,0
-16.39,5.888603,34.91,62.94441992742486,0
42.09,5.868134,34.91,63.63961030678928,0
-5.77,5.82464,34.91,62.94441992742486,0
-27.32,5.792659,34.91,62.94441992742486,0
8.63,5.742768,34.91,62.24949798994366,0
-21.62,5.712066,34.91,62.27358990776106,0
-12.17,5.681364,34.91,62.23343153000644,0
6.77,5.67113,34.91,62.94441992742486,0
-13.3,5.659616,34.91,63.733821476512766,0
16.06,5.645545,34.91,62.93647591023825,0
23.36,5.631473,34.91,62.24146527838174,0
-54.05,5.61868,34.93,62.23343153000644,0
5.61,5.617401,34.93,62.94441992742486,0
8.63,5.616122,34.93,62.93647591023825,0
-39.95,5.604609,34.93,61.53048025166064,0
11.59,5.604609,34.93,62.94441992742486,0
0.04,5.596933,34.93,91.15920140062659,0
-34.24,5.582861,34.93,39.66106403010388,0
-0.44,5.576465,34.93,50.039984012787215,0
-9.5,5.596933,34.91,67.86015030929418,0
15.88,5.616122,34.91,59.62382074305537,0
-19.26,5.576465,34.91,64.68384651518491,0
-133.92,5.587978,34.91,62.40192304729078,0
205.45,5.591816,34.91,60.77005841695399,0
-15.86,5.586699,34.91,64.93843238021688,0
-185.21,5.596933,34.91,63.72597586541927,0
62.34,5.596933,34.91,72.2841614740048,0
35.86,5.594375,34.91,63.166446789415026,0
81.32,5.594375,34.91,59.472682804797024,0
6.68,5.591816,34.91,71.40728254176881,0
-15.1,5.586699,34.91,70.16409338115899,0
21.22,5.580303,34.89,58.497863208838666,0
-43.27,5.575186,34.89,56.22277118748239,0
53.09,5.559835,34.89,58.728187440104094,0
19.84,5.557276,34.89,56.1159513863928,0
33.01,5.552159,34.93,68.76045375068433,0
3.47,5.544484,34.93,53.291650377896914,0
-73.4,5.529133,34.93,55.308227236099334,0
40.8,5.522737,34.93,68.76045375068433,0
47.98,5.51634,34.93,57.532599454570104,0
87.76,5.524016,34.93,69.0,0
-0.29,5.532971,34.93,59.43904440685432,0
-133.3,5.53425,34.93,56.60388679233962,0
-68.4,5.518899,34.91,57.63679380395825,0
15.01,5.518899,34.91,69.98571282769076,0
-20.22,5.525295,34.91,65.87867636800242,0
151.29,6.015248,34.91,80.67217612039482,0
167.56,5.875494,34.91,61.652250567193406,0
-222.83,5.604292,34.91,61.54673021371647,0
-65.53,5.646508,34.91,64.38167441127949,0
384.31,5.645228,34.91,63.05553108173778,0
302.04,5.576149,34.91,60.53924347066124,0
-22.69,5.576149,34.91,112.3120652467935,0
-19.14,5.59022,34.91,53.03772242470448,0
-79.79,5.610689,34.91,69.94998213009065,0
-402.94,5.541609,34.93,63.25345840347388,0
-227.83,5.544168,34.93,67.49814812274482,0
176.34,5.536492,34.93,63.631753079732135,0
-237.81,5.535213,34.93,53.19774431308154,0
-208.92,5.521141,34.91,53.9351462406472,0
22.51,5.548005,34.91,83.21057625085888,0
13.44,5.548005,34.91,53.79591062525106,0
85.3,5.553122,34.91,72.26340706055866,0
477.19,5.553122,34.91,70.08566187174092,0
149.34,5.585104,34.91,62.65780079128216,0
-111.76,5.64267,34.91,64.42049363362563,0
-78.63,5.614526,34.91,56.859475903318,0
310.69,5.548005,34.91,65.58200972827838,0
-15.62,5.50579,34.91,64.91532946846992,0
-158.88,5.393216,34.91,61.97580172938467,0
-141.22,5.424234,34.91,59.90826320300064,0
-25.86,5.509944,34.93,60.35726965329032,0
510.36,5.479242,34.93,76.22335600063802,0
-54.7,5.462612,34.93,88.58893836140041,0
-198.39,5.452378,34.93,75.52483035399682,0
63.28,5.462612,34.93,65.7723346096214,0
57.68,5.463891,34.93,60.909769331364245,0
7.21,5.44982,34.93,64.73020933072904,0
-130.5,5.456215,34.93,61.54673021371647,0
-128.48,5.445982,34.91,62.609903369994115,0
-14.65,5.46645,34.91,45.79301256742124,0
3.67,5.410162,34.91,73.86474125047755,0
-9.4,5.490756,34.91,59.715994507334464,0
-19.31,5.504827,34.91,61.72519744804386,0
-42.47,5.525295,34.91,55.910642993977454,0
109.83,5.535529,34.91,61.032778078668514,0
8.59,5.511223,34.91,62.27358990776106,0
6.3,5.558556,34.93,64.38167441127949,0
-18.26,5.604609,34.93,66.35510530471637,0
-297.22,5.639149,34.93,62.10475022089695,0
206.92,5.667292,34.93,63.39558344238185,0
254.62,5.680085,34.93,62.32976816898969,0
-35.02,5.695436,34.93,64.01562309311689,0
-16.78,5.680085,34.93,61.98386886924694,0
-15.6,5.686481,34.93,63.671029518926424,0
-78.29,5.68776,34.91,61.09828148156051,0
-8.89,5.694156,34.91,62.89674077406555,0
-55.61,5.677526,34.91,62.30569797378086,0
13.17,5.668571,34.91,60.96720429870473,0
-2.42,5.642986,34.95,63.3798075099633,0
79.55,5.648103,34.95,55.226805085936306,0
62.3,5.600771,34.95,49.47726750741192,0
-31.05,5.581582,34.95,61.35959582656978,0
-19.19,5.594375,34.93,61.27805479941412,0
-34.26,5.589258,34.93,63.26136261573884,0
17.19,5.594375,34.93,59.09314681077663,0
115.97,5.582861,34.93,62.83311228962003,0
-19.19,5.580303,34.91,66.85057965343307,0
-118.21,5.58542,34.91,54.31390245600108,0
87.55,5.584141,34.91,62.76941930590086,0
-110.49,5.593095,34.91,62.24949798994366,0
-82.63,5.623797,34.93,62.77738446287803,0
51.08,5.637869,34.93,60.00833275470999,0
8.71,5.641707,34.93,62.64982043070834,0
140.96,5.649383,34.93,62.65780079128216,0
101.81,5.658337,34.91,63.52952069707436,0
85.89,5.67113,34.91,63.53739056650029,0
-49.73,5.662175,34.91,62.64982043070834,0
-215.39,5.660896,34.91,63.13477647065839,0
-153.15,5.664733,34.95,56.22277118748239,0
-48.67,5.695436,34.95,63.0,0
39.53,5.718462,34.95,61.1310068623117,0
1.01,5.741488,34.95,62.77738446287803,0
70.33,5.764515,34.93,63.190189111918315,0
115.07,5.781146,34.93,63.56886030125127,0
-36.58,5.774749,34.93,63.166446789415026,0
-62.08,5.754281,34.93,62.24949798994366,0
-25.98,5.745327,34.93,62.27358990776106,0
-27.97,5.708228,34.93,63.166446789415026,0
52.67,5.695436,34.93,62.64982043070834,0
33.15,5.67113,34.93,61.87891401761993,0
-35.82,5.658337,34.95,61.497967446087195,0
40.89,5.63659,34.95,63.103090257134,0
-33.36,5.657058,34.95,63.984373092185564,0
-125.91,5.648103,34.95,62.0403094769844,0
16.46,5.634032,34.93,64.8459713474939,0
-101.65,5.604609,34.93,62.77738446287803,0
92.22,5.599492,34.93,62.77738446287803,0
412.39,5.591816,34.93,62.77738446287803,0
94.88,5.60205,34.93,62.77738446287803,0
-189.75,5.599492,34.93,62.77738446287803,0
-65.73,5.600771,34.93,62.77738446287803,0
-47.88,5.598213,34.93,62.77738446287803,0
-21.8,5.589258,34.93,62.77738446287803,0
18.09,5.589258,34.93,62.77738446287803,0
-39.75,5.582861,34.93,62.77738446287803,0
39.1,5.567511,34.93,62.77738446287803,0
7.31,5.562394,34.91,62.77738446287803,0
-33.81,5.555997,34.91,62.77738446287803,0
36.94,5.547042,34.91,62.77738446287803,0
-13.37,5.539367,34.91,62.77738446287803,0
-0.35,5.55088,34.93,63.166446789415026,0
23.2,5.567511,34.93,62.65780079128216,0
-19.89,5.590537,34.93,62.40192304729078,0
26.16,5.58542,34.93,62.42595614005443,0
79.44,5.608447,34.93,58.94913061275798,0
8.8,5.637869,34.93,63.166446789415026,0
14.6,5.686481,34.93,55.04543577809154,0
-56.38,5.758119,34.93,67.67569726275453,0
-133.81,5.905233,34.93,63.190189111918315,0
-130.7,6.001177,34.93,64.35060217278468,0
-64.16,6.095525,34.93,63.7102817447859,0
-173.2,6.112155,34.93,62.41794613730894,0
208.69,6.096804,34.93,62.71363488110062,0
214.23,6.060985,34.93,79.46068210127572,0
21.91,6.026445,34.93,56.52433104425032,0
-57.65,5.988068,34.93,66.88796603276258,0
8.71,5.966321,34.91,63.06346010171025,0
-44.24,5.929222,34.91,61.84658438426491,0
109.55,5.892124,34.91,63.33245613427605,0
-64.21,5.84735,34.91,62.77738446287803,0
-88.33,5.805135,34.93,62.77738446287803,0
156.35,5.788505,34.93,63.166446789415026,0
74.44,5.780829,34.93,63.166446789415026,0
-16.56,5.769316,34.93,63.57672530100933,0
-63.72,5.768036,34.91,62.77738446287803,0
-46.86,5.751406,34.91,63.15853069855251,0
40.88,5.751406,34.91,63.56886030125127,0
13.02,5.743731,34.91,63.15853069855251,0
17.13,5.737334,34.91,63.15853069855251,0
3.31,5.736055,34.91,62.76941930590086,0
-68.73,5.701515,34.91,62.77738446287803,0
7.41,5.716866,34.91,62.77738446287803,0
37.18,5.702795,34.91,62.77738446287803,0
-31.9,5.718146,34.91,62.0403094769844,0
-36.79,5.705353,34.91,62.40192304729078,0
47.02,5.702795,34.91,62.77738446287803,0
9.34,5.687444,34.91,62.40192304729078,0
-37.83,5.698957,34.91,62.77738446287803,0
48.69,5.686164,34.91,62.40192304729078,0
12.17,5.69384,34.91,62.40192304729078,0
-52.96,5.684885,34.91,62.40192304729078,0
1.95,5.683606,34.91,62.77738446287803,0
19.54,5.675931,34.91,62.77738446287803,0
-13.51,5.673372,34.91,62.40192304729078,0
-15.53,5.672092,34.91,62.77738446287803,0
16.0,5.668255,34.91,62.77738446287803,0
-14.51,5.663138,34.91,62.77738446287803,0
-42.1,5.655462,34.91,62.40192304729078,0
16.46,5.655462,34.93,62.77738446287803,0
7.8,5.654183,34.93,62.40192304729078,0
-22.23,5.651625,34.93,62.40192304729078,0
32.92,5.647787,34.93,62.40192304729078,0
8.02,5.645228,34.91,62.77738446287803,0
-34.2,5.64267,34.91,62.40192304729078,0
25.35,5.638832,34.91,62.40192304729078,0
-5.26,5.641391,34.91,63.324560795950255,0
-2.52,5.637553,34.93,62.40192304729078,0
7.5,5.622202,34.93,62.77738446287803,0
-12.96,5.620923,34.93,62.40192304729078,0
47.76,5.622202,34.93,62.77738446287803,0
-19.18,5.619643,34.93,63.33245613427605,0
-75.87,5.611968,34.93,62.40192304729078,0
-3.43,5.610689,34.93,62.40192304729078,0
-5.48,5.604292,34.93,62.40192304729078,0
-31.55,5.604292,34.93,62.40192304729078,0
13.22,5.595337,34.93,62.40192304729078,0
-10.02,5.603013,34.93,62.77738446287803,0
26.31,5.5915,34.93,62.40192304729078,0
32.81,5.594059,34.93,62.77738446287803,0
-28.16,5.586383,34.93,62.77738446287803,0
33.62,5.596617,34.93,62.77738446287803,0
14.14,5.595337,34.93,63.15853069855251,0
-39.23,5.610689,34.89,63.56886030125127,0
28.29,5.620923,34.89,62.24949798994366,0
3.46,5.651625,34.89,62.24949798994366,0
-44.4,5.660579,34.89,62.24949798994366,0
-85.6,5.665696,34.89,63.56886030125127,0
87.76,5.661859,34.89,62.24146527838174,0
16.41,5.652904,34.89,62.24949798994366,0
15.77,5.647787,34.89,62.40192304729078,0
61.43,5.632436,34.91,62.76941930590086,0
-19.61,5.628598,34.91,63.702433234531945,0
-35.02,5.617085,34.91,62.0403094769844,0
25.78,5.60813,34.91,62.40192304729078,0
71.03,5.600454,34.91,63.33245613427605,0
-28.74,5.592779,34.91,62.40192304729078,0
-95.36,5.59022,34.91,62.40192304729078,0
6.09,5.5915,34.91,62.976185975335156,0
9.07,5.595337,34.89,63.33245613427605,0
12.28,5.601734,34.89,63.694583757176716,0
-31.62,5.592779,34.89,63.33245613427605,0
-38.57,5.582545,34.89,62.40192304729078,0
39.53,5.582545,34.91,62.40192304729078,0
96.16,5.586383,34.91,62.77738446287803,0
-75.85,5.576149,34.91,62.77738446287803,0
-61.77,5.57359,34.91,62.0644825967316,0
5.34,5.567194,34.91,62.617888817813075,0
-16.62,5.57487,34.91,63.06346010171025,0
22.79,5.564636,34.91,63.52952069707436,0
14.53,5.568473,34.91,63.06346010171025,0
36.66,5.564636,34.91,62.617888817813075,0
6.25,5.577428,34.91,63.071388124885914,0
-60.83,5.564636,34.91,63.071388124885914,0
-28.69,5.592779,34.91,62.617888817813075,0
-15.41,5.622202,34.91,62.617888817813075,0
-6.09,5.704074,34.91,62.617888817813075,0
9.71,5.785946,34.91,62.609903369994115,0
-7.72,5.894682,34.91,62.177166226839255,0
27.55,5.982951,34.91,62.617888817813075,0
18.49,6.044355,34.91,62.617888817813075,0
-26.94,6.027725,34.91,62.617888817813075,0
29.18,6.037959,34.91,63.079315151640635,0
7.39,6.016211,34.89,63.079315151640635,0
-46.58,5.975275,34.89,63.079315151640635,0
46.14,5.947132,34.89,61.35959582656978,0
22.06,5.907475,34.89,62.65780079128216,0
-63.11,5.875494,34.91,63.06346010171025,0
7.82,5.839674,34.91,62.64982043070834,0
19.99,5.833278,34.91,63.079315151640635,0
21.95,5.808972,34.91,62.65780079128216,0
5.44,5.803855,34.91,62.65780079128216,0
26.14,5.79618,34.91,62.65780079128216,0
-23.45,5.79618,34.91,62.65780079128216,0
-41.52,5.784667,34.91,62.24949798994366,0
7.28,5.782108,34.89,63.166446789415026,0
-2.78,5.775712,34.89,63.166446789415026,0
-12.75,5.768036,34.89,63.166446789415026,0
-25.93,5.751406,34.89,63.166446789415026,0
21.41,5.743731,34.87,63.166446789415026,0
18.12,5.737334,34.87,63.166446789415026,0
-21.68,5.741172,34.87,62.77738446287803,0
8.64,5.748847,34.87,63.166446789415026,0
16.25,5.760361,34.89,62.77738446287803,0
-7.4,5.771874,34.89,63.166446789415026,0
-39.36,5.785946,34.89,63.166446789415026,0
24.03,5.789784,34.89,63.166446789415026,0
27.07,5.810252,34.91,62.24949798994366,0
-7.54,5.816648,34.91,63.166446789415026,0
-13.39,5.815369,34.91,63.166446789415026,0
30.3,5.810252,34.91,62.24949798994366,0
11.96,5.791063,34.89,63.166446789415026,0
-27.83,5.793622,34.89,62.24949798994366,0
11.9,5.784667,34.89,63.166446789415026,0
12.67,5.793622,34.89,63.166446789415026,0
-23.3,5.807693,34.89,63.166446789415026,0
7.09,5.851188,34.89,63.166446789415026,0
22.23,5.870377,34.89,63.166446789415026,0
-11.64,5.920268,34.89,62.24949798994366,0
11.08,5.972717,34.87,63.166446789415026,0
22.04,6.032842,34.87,62.24949798994366,0
-19.13,6.062264,34.87,63.166446789415026,0
14.33,6.076336,34.87,62.24949798994366,0
19.68,6.063543,34.91,63.166446789415026,0
-30.33,6.05203,34.91,63.166446789415026,0
24.44,6.023887,34.91,62.24949798994366,0
14.73,5.993185,34.91,63.166446789415026,0
-31.65,5.963762,34.91,63.166446789415026,0
16.68,5.939456,34.91,63.166446789415026,0
1.78,5.920268,34.91,63.166446789415026,0
-15.82,5.899799,34.91,63.166446789415026,0
11.64,5.884449,34.89,63.166446789415026,0
-9.16,5.867818,34.89,62.24949798994366,0
9.27,5.86398,34.89,62.24949798994366,0
9.72,5.851188,34.89,62.24949798994366,0
-20.71,5.84735,34.87,62.24949798994366,0
15.84,5.84735,34.87,63.166446789415026,0
12.12,5.839674,34.87,63.166446789415026,0
-32.49,5.831999,34.87,63.166446789415026,0
11.78,5.823044,34.87,62.24949798994366,0
-3.12,5.821765,34.87,63.166446789415026,0
-9.02,5.823044,34.87,63.166446789415026,0
9.64,5.83072,34.87,63.166446789415026,0
-9.39,5.839674,34.89,63.166446789415026,0
16.39,5.844791,34.89,62.24949798994366,0
11.76,5.851188,34.89,63.166446789415026,0
-28.9,5.857584,34.89,63.166446789415026,0
16.88,5.871656,34.89,63.166446789415026,0
3.54,5.912592,34.89,63.166446789415026,0
-11.68,5.998302,34.89,63.166446789415026,0
8.45,6.133903,34.89,63.166446789415026,0
-10.83,6.278458,34.89,62.24949798994366,0
7.31,6.402545,34.89,63.56886030125127,0
10.33,6.469066,34.89,62.24949798994366,0
-21.18,6.547938,34.89,61.87891401761993,0
12.85,6.602946,34.89,63.57672530100933,0
19.62,6.718078,34.89,63.33245613427605,0
-1.71,6.898453,34.89,62.40192304729078,0
144.81,6.999514,34.89,62.40192304729078,0
8.67,7.079535,34.89,62.77738446287803,0
-198.72,7.121751,34.89,64.48255578061404,0
-41.64,7.121751,34.89,62.40192304729078,0
21.67,7.148615,34.89,64.10928169929842,0
4.21,7.135823,34.87,62.77738446287803,0
52.02,7.153732,34.87,62.77738446287803,0
-11.22,7.169083,34.87,62.77738446287803,0
14.5,7.152453,34.87,62.40192304729078,0
-49.74,7.105121,34.87,62.40192304729078,0
-29.88,7.061626,34.87,62.77738446287803,0
12.71,7.033483,34.87,62.77738446287803,0
10.52,7.05523,34.87,62.77738446287803,0
-32.03,7.147336,34.87,62.77738446287803,0
15.47,7.198506,34.87,62.76941930590086,0
-10.16,7.213857,34.87,62.77738446287803,0
8.95,7.178038,34.87,61.47357155721473,0
8.05,7.147336,34.87,61.106464469808756,0
-68.77,7.070581,34.87,62.40192304729078,0
-39.97,7.011735,34.87,61.85466837676846,0
84.59,6.945214,34.87,63.103090257134,0
77.69,6.955448,34.89,62.68173577685928,0
-185.3,6.904278,34.89,63.103090257134,0
-193.46,6.863342,34.89,63.51377803280167,0
-73.68,6.847991,34.89,62.617888817813075,0
250.45,6.835199,34.87,63.079315151640635,0
378.48,6.841595,34.87,63.53739056650029,0
45.72,6.836478,34.87,62.177166226839255,0
162.05,6.830081,34.87,61.335144900782616,0
-127.74,6.821127,34.87,62.65780079128216,0
-146.03,6.823686,34.87,62.65780079128216,0
-27.74,6.803217,34.87,63.56886030125127,0
-1.54,6.786587,34.87,62.65780079128216,0
-34.41,6.778912,34.89,62.24949798994366,0
-67.36,6.76484,34.89,63.079315151640635,0
-8.24,6.725183,34.89,63.071388124885914,0
-1.99,6.691923,34.89,62.65780079128216,0
-78.62,6.693202,34.84,63.079315151640635,0
-67.94,6.729021,34.84,62.65780079128216,0
-83.26,6.743093,34.84,63.079315151640635,0
-99.91,6.772515,34.84,62.65780079128216,0
-58.66,6.787867,34.87,63.079315151640635,0
-58.94,6.81601,34.87,63.079315151640635,0
147.61,6.804497,34.87,62.65780079128216,0
231.91,6.814731,34.87,63.079315151640635,0
-44.73,6.864622,34.89,62.65780079128216,0
39.34,6.973358,34.89,62.65780079128216,0
77.11,7.061626,34.89,62.65780079128216,0
-68.36,7.151174,34.89,62.20128616033595,0
127.62,7.207461,34.84,62.65780079128216,0
103.79,7.204902,34.84,62.65780079128216,0
19.87,7.176759,34.84,63.071388124885914,0
111.05,7.114076,34.84,62.65780079128216,0
6.55,7.061626,34.87,62.64982043070834,0
-192.52,7.015573,34.87,62.65780079128216,0
94.08,6.975916,34.87,62.64982043070834,0
114.3,6.943935,34.87,62.65780079128216,0
-62.38,6.919629,34.87,62.65780079128216,0
-28.67,6.897882,34.87,62.24949798994366,0
4.44,6.886369,34.87,62.65780079128216,0
-36.99,6.868459,34.87,62.65780079128216,0
18.17,6.851829,34.84,62.65780079128216,0
7.78,6.847991,34.84,62.64982043070834,0
-54.86,6.859505,34.84,62.65780079128216,0
20.12,6.888927,34.84,62.65780079128216,0
-0.37,6.929863,34.84,62.65780079128216,0
-59.91,6.949052,34.84,61.47357155721473,0
14.79,6.978475,34.84,64.41273166075166,0
-12.12,6.970799,34.84,66.89544080129826,0
-31.88,6.98743,34.84,57.148928248918196,0
20.67,6.965683,34.84,60.83584469702052,0
-13.71,6.924747,34.84,62.0644825967316,0
-27.49,6.894044,34.84,61.326992425847855,0
55.35,6.878693,34.84,62.625873247404705,0
78.49,6.86718,34.84,65.22269543648132,0
-39.41,6.877414,34.84,75.51158851461145,0
16.1,6.896603,34.84,72.15261603018979,0
-50.99,6.902999,34.87,69.63476143421474,0
-125.5,6.887648,34.87,61.18823416311342,0
77.34,7.029645,34.87,76.55716818169282,0
68.61,7.080815,34.87,70.71774883294857,0
-23.69,7.000222,34.84,58.154965394194846,0
10.12,6.926025,34.84,63.7102817447859,0
-96.72,6.856946,34.84,62.26556030423239,0
186.23,6.844153,34.84,63.0158710167526,0
74.9,6.826244,34.84,63.3798075099633,0
-72.61,6.81601,34.84,62.81719509815764,0
-79.38,6.805776,34.84,62.96824596572466,0
-46.18,6.79938,34.84,62.78534860936905,0
102.9,6.795542,34.87,63.4428877022476,0
57.88,6.83264,34.87,63.4428877022476,0
-12.54,6.822406,34.87,61.05735008989499,0
-32.5,6.840316,34.87,63.387695966961914,0
-64.09,6.814731,34.84,66.73080248281148,0
-18.33,6.821127,34.84,65.18435395092905,0
55.42,6.836478,34.84,58.88972745734183,0
55.79,6.905558,34.84,84.29709366283039,0
-67.72,6.964403,34.84,66.76076692189807,0
-47.19,7.00278,34.84,64.18722614352485,0
22.32,7.018132,34.84,63.52952069707436,0
-28.01,6.98743,34.84,62.3377895020348,0
-10.05,6.995105,34.84,75.18643494673756,0
31.52,7.033483,34.84,54.57105459856901,0
15.8,7.042438,34.84,57.30619512757761,0
-184.31,6.828803,34.84,76.68767828015137,0
-4.16,6.894044,34.83,54.2125446737192,0
370.83,7.162687,34.83,82.17663901620703,0
89.39,7.080815,34.83,63.39558344238185,0
-323.65,6.98743,34.83,61.53048025166064,0
-73.05,6.905558,34.84,62.056425936400814,0
-291.74,6.885089,34.84,60.51446108162907,0
49.56,6.86718,34.84,60.51446108162907,0
80.12,6.864622,34.84,62.16912416947821,0
82.45,6.858225,34.84,63.13477647065839,0
48.15,6.859505,34.84,62.16912416947821,0
13.86,6.856946,34.84,62.71363488110062,0
-17.28,6.842874,34.84,62.39390995922599,0
-46.67,6.842874,34.81,62.433965115151864,0
-4.51,6.835199,34.81,63.671029518926424,0
6.8,6.831361,34.81,63.35613624582863,0
-2.65,6.818568,34.81,63.39558344238185,0
-19.33,6.81601,34.83,63.13477647065839,0
11.11,6.807055,34.83,63.13477647065839,0
-0.14,6.808334,34.83,63.39558344238185,0
-9.31,6.801938,34.83,63.13477647065839,0
23.73,6.807055,34.84,63.39558344238185,0
-3.99,6.800659,34.84,63.13477647065839,0
1.83,6.804497,34.84,63.39558344238185,0
40.46,6.795542,34.84,63.13477647065839,0
16.05,6.792984,34.83,63.39558344238185,0
-31.57,6.787867,34.83,62.16912416947821,0
19.95,6.782749,34.83,63.13477647065839,0
27.54,6.778912,34.83,62.16912416947821,0
-0.21,6.763561,34.83,63.13477647065839,0
-34.94,6.772515,34.83,64.10148204214939,0
22.81,6.737976,34.83,63.671029518926424,0
17.62,6.762281,34.83,62.16912416947821,0
-12.92,6.753326,34.81,63.96092557178953,0
29.02,6.752048,34.81,63.631753079732135,0
77.16,6.741813,34.81,62.16912416947821,0
-13.79,6.746931,34.81,63.095166217389426,0
-43.51,6.734138,34.83,63.13477647065839,0
-18.86,6.732859,34.83,63.13477647065839,0
9.27,6.736696,34.83,62.8887907341205,0
-40.95,6.740534,34.83,62.8887907341205,0
13.29,6.735417,34.83,62.8887907341205,0
-17.2,6.739255,34.83,62.8887907341205,0
-21.29,6.744372,34.83,62.65780079128216,0
7.06,6.744372,34.83,62.65780079128216,0
1.25,6.766119,34.83,62.65780079128216,0
-7.89,6.805776,34.83,62.8887907341205,0
-0.08,6.830081,34.83,62.65780079128216,0
-25.66,6.854387,34.83,62.65780079128216,0
-16.84,6.869739,34.84,62.8887907341205,0
13.36,6.879972,34.84,62.65780079128216,0
-22.72,6.869739,34.84,62.65780079128216,0
30.92,6.844153,34.84,62.44197306299666,0
22.06,6.83392,34.83,62.65780079128216,0
-37.91,6.823686,34.83,62.65780079128216,0
26.84,6.804497,34.83,63.631753079732135,0
15.41,6.782749,34.83,62.65780079128216,0
-34.24,6.771236,34.83,62.65780079128216,0
39.42,6.753326,34.83,62.65780079128216,0
13.04,6.71239,34.83,62.44197306299666,0
-22.71,6.721345,34.83,62.44197306299666,0
24.19,6.722625,34.83,62.44197306299666,0
0.78,6.71239,34.83,62.65780079128216,0
-22.02,6.714949,34.83,62.65780079128216,0
23.63,6.705994,34.83,62.44197306299666,0
-0.38,6.726462,34.81,62.65780079128216,0
-17.3,6.735417,34.81,62.65780079128216,0
10.33,6.777632,34.81,62.65780079128216,0
-13.97,6.827523,34.81,62.65780079128216,0
-7.6,6.899161,34.83,62.65780079128216,0
10.93,6.949052,34.83,62.65780079128216,0
-16.02,6.972079,34.83,62.65780079128216,0
2.42,6.978475,34.83,62.65780079128216,0
15.24,6.96952,34.83,62.44197306299666,0
-18.96,6.95289,34.83,65.06919393998976,0
26.52,6.908116,34.83,62.71363488110062,0
31.5,6.895324,34.83,63.419239982831705,0
8.71,6.906837,34.83,62.65780079128216,0
106.56,6.895324,34.83,62.44197306299666,0
-72.15,6.876135,34.83,62.65780079128216,0
-73.17,6.84927,34.83,62.44197306299666,0
3.15,6.835199,34.83,63.419239982831705,0
9.01,6.818568,34.83,63.419239982831705,0
-37.38,6.817289,34.83,63.474404290233394,0
-14.54,6.801938,34.83,63.419239982831705,0
-13.84,6.805776,34.81,63.419239982831705,0
-51.84,6.782749,34.81,62.297672508690084,0
-15.09,6.786587,34.81,62.297672508690084,0
-12.61,6.773795,34.81,63.419239982831705,0
-10.92,6.772515,34.83,63.2771680782255,0
47.23,6.759723,34.83,63.2771680782255,0
5.9,6.759723,34.83,62.297672508690084,0
46.18,6.745651,34.83,63.474404290233394,0
64.21,6.744372,34.83,63.474404290233394,0
40.17,6.745651,34.83,63.3798075099633,0
104.39,6.722625,34.83,62.65780079128216,0
-114.04,6.716228,34.83,62.65780079128216,0
13.85,6.707273,34.83,63.85922016435841,0
17.25,6.709832,34.83,62.8887907341205,0
-33.47,6.707273,34.83,63.914004725099176,0
-35.57,6.711112,34.83,58.45511098270193,0
22.92,6.731579,34.83,44.9221548904324,0
-52.24,6.796821,34.83,69.23871749245504,0
-186.14,6.862063,34.83,60.207972893961475,0
-20.88,6.917071,34.83,64.50581369148055,0
275.35,6.873576,34.81,61.886993787063204,0
21.75,6.837757,34.81,62.112800613078136,0
-21.89,6.803217,34.81,62.112800613078136,0
-84.87,6.777632,34.81,63.221831672294975,0
-36.04,6.776353,34.81,63.03967004989794,0
38.16,6.776353,34.81,63.095166217389426,0
8.93,6.79938,34.81,63.095166217389426,0
-21.12,6.810893,34.81,64.02343321003646,0
32.81,6.807055,34.81,64.02343321003646,0
45.39,6.801938,34.81,63.03967004989794,0
-36.35,6.78147,34.81,63.03967004989794,0
-6.48,6.782749,34.81,63.221831672294975,0
-83.19,6.759723,34.79,63.03967004989794,0
-2.99,6.753326,34.79,63.03967004989794,0
24.0,6.722625,34.79,63.03967004989794,0
-16.99,6.7303,34.79,63.03967004989794,0
5.33,6.71239,34.79,63.2771680782255,0
23.57,6.71367,34.79,62.112800613078136,0
-14.06,6.705994,34.79,63.03967004989794,0
10.78,6.702157,34.79,63.095166217389426,0
29.19,6.69704,34.79,62.928530890209096,0
-2.38,6.69704,34.79,63.095166217389426,0
20.19,6.699598,34.79,62.297672508690084,0
5.63,6.703436,34.79,65.00769185258002,0
-30.17,6.707273,34.79,62.056425936400814,0
0.83,6.707273,34.79,63.095166217389426,0
22.42,6.717507,34.79,63.095166217389426,0
4.07,6.71367,34.79,63.03967004989794,0
-9.41,6.708553,34.79,62.8728876384726,0
11.82,6.698319,34.79,63.095166217389426,0
-27.9,6.691923,34.79,63.095166217389426,0
10.46,6.677851,34.79,63.095166217389426,0
12.85,6.670175,34.79,63.095166217389426,0
-21.21,6.649707,34.79,63.03967004989794,0
14.11,6.619005,34.79,63.03967004989794,0
-5.6,6.630518,34.79,64.07807737440318,0
-37.58,6.622843,34.79,63.03967004989794,0
24.16,6.621564,34.79,63.03967004989794,0
6.49,6.615168,34.79,63.03967004989794,0
-4.95,6.606213,34.79,63.03967004989794,0
44.18,6.606213,34.77,62.928530890209096,0
1.83,6.601096,34.77,62.112800613078136,0
-37.09,6.601096,34.77,64.02343321003646,0
-4.4,6.589582,34.77,64.02343321003646,0
-8.13,6.59342,34.77,64.02343321003646,0
-91.37,6.579349,34.77,63.03967004989794,0
32.22,6.589582,34.77,62.8728876384726,0
129.35,6.579349,34.77,62.8728876384726,0
-34.32,6.592141,34.77,62.928530890209096,0
-2.46,6.588303,34.77,62.8728876384726,0
-3.03,6.59342,34.77,62.112800613078136,0
-45.93,6.587024,34.77,63.2771680782255,0
-2.52,6.583186,34.77,63.095166217389426,0
0.66,6.579349,34.77,63.095166217389426,0
-49.66,6.574232,34.77,63.03967004989794,0
23.27,6.569114,34.77,63.095166217389426,0
10.06,6.56016,34.79,64.20280367709809,0
-49.81,6.547367,34.79,63.03967004989794,0
46.8,6.537133,34.79,63.03967004989794,0
25.56,6.54353,34.79,64.39720490828775,0
-45.89,6.535854,34.79,63.57672530100933,0
10.53,6.535854,34.79,62.8728876384726,0
12.15,6.532016,34.79,62.77738446287803,0
-42.01,6.530737,34.79,62.72160712226688,0
18.4,6.519224,34.79,62.77738446287803,0
9.58,6.528178,34.79,62.72160712226688,0
-35.87,6.523061,34.79,62.928530890209096,0
24.8,6.52562,34.79,63.914004725099176,0
-2.09,6.514107,34.79,62.928530890209096,0
-32.82,6.511548,34.79,62.928530890209096,0
21.55,6.502594,34.79,62.8728876384726,0
-4.26,6.500035,34.79,62.77738446287803,0
-30.0,6.489801,34.77,62.928530890209096,0
22.86,6.488522,34.77,62.928530890209096,0
2.09,6.487242,34.77,62.928530890209096,0
-41.72,6.480846,34.77,63.914004725099176,0
24.37,6.473171,34.77,62.928530890209096,0
5.96,6.471891,34.77,62.928530890209096,0
-40.6,6.465495,34.77,62.928530890209096,0
24.64,6.461658,34.77,63.914004725099176,0
14.88,6.455261,34.79,62.928530890209096,0
-38.78,6.464787,34.79,62.928530890209096,0
9.55,6.45967,34.79,62.928530890209096,0
1.96,6.449435,34.79,62.928530890209096,0
-48.09,6.449435,34.77,62.8728876384726,0
26.17,6.445598,34.77,62.928530890209096,0
9.26,6.445598,34.77,62.928530890209096,0
-44.14,6.435364,34.77,63.095166217389426,0
23.91,6.436643,34.75,62.928530890209096,0
15.03,6.435364,34.75,62.928530890209096,0
-37.46,6.44176,34.75,62.928530890209096,0
20.17,6.431526,34.75,63.095166217389426,0
13.61,6.44176,34.77,62.928530890209096,0
-33.39,6.440481,34.77,62.8728876384726,0
20.42,6.440481,34.77,63.7102817447859,0
10.33,6.435364,34.77,62.928530890209096,0
-44.75,6.432805,34.75,62.8728876384726,0
7.84,6.428967,34.75,62.928530890209096,0
-17.94,6.421292,34.75,63.85922016435841,0
-10.28,6.417454,34.75,62.928530890209096,0
33.98,6.412337,34.79,63.914004725099176,0
7.81,6.411058,34.79,63.85922016435841,0
-13.24,6.386752,34.79,62.928530890209096,0
10.39,6.403382,34.79,62.928530890209096,0
-16.41,6.395707,34.75,62.8728876384726,0
0.76,6.400824,34.75,62.928530890209096,0
31.27,6.386752,34.75,62.928530890209096,0
-7.53,6.389311,34.75,62.928530890209096,0
12.96,6.384193,34.75,62.928530890209096,0
9.56,6.398265,34.75,62.928530890209096,0
-25.16,6.399545,34.75,63.914004725099176,0
15.98,6.40722,34.75,62.928530890209096,0
11.99,6.400824,34.77,62.928530890209096,0
-38.48,6.403382,34.77,61.53048025166064,0
21.57,6.367563,34.77,63.51377803280167,0
9.82,6.377798,34.77,63.51377803280167,0
-37.01,6.368843,34.79,63.631753079732135,0
30.05,6.371401,34.79,63.41135544995076,0
26.58,6.357329,34.79,63.41135544995076,0
-37.52,6.354771,34.79,63.631753079732135,0
21.36,6.35605,34.79,64.56779382943171,0
24.78,6.354771,34.79,63.631753079732135,0
-49.78,6.348374,34.79,62.52199612936234,0
-17.51,6.343257,34.79,63.51377803280167,0
-5.89,6.327907,34.75,63.631753079732135,0
-26.43,6.333024,34.75,63.631753079732135,0
15.2,6.327907,34.75,62.41794613730894,0
20.37,6.324069,34.75,62.41794613730894,0
-28.62,6.32279,34.75,63.51377803280167,0
29.19,6.318952,34.75,62.52199612936234,0
21.27,6.315114,34.75,63.41135544995076,0
-22.63,6.307438,34.75,62.41794613730894,0
24.96,6.306159,34.75,63.324560795950255,0
27.74,6.302321,34.75,63.631753079732135,0
-23.08,6.298484,34.75,63.51377803280167,0
-0.56,6.278016,34.75,62.5939294181153,0
-18.92,6.293367,34.75,60.315835400000886,0
-32.82,6.299763,34.75,62.185207244167,0
-17.04,6.327907,34.75,62.185207244167,0
-44.57,6.32279,34.75,62.49799996799898,0
-122.51,6.317673,34.75,60.77005841695399,0
-66.88,6.293367,34.75,63.2771680782255,0
34.0,6.281854,34.75,62.297672508690084,0
95.99,6.276737,34.75,63.2771680782255,0
98.24,6.274178,34.75,63.34824385884742,0
226.19,6.27034,34.75,62.297672508690084,0
16.16,6.274178,34.75,62.44197306299666,0
-38.82,6.266502,34.75,62.24146527838174,0
-58.49,6.274178,34.73,62.297672508690084,0
10.74,6.260106,34.73,63.2771680782255,0
64.29,6.262665,34.73,63.2771680782255,0
-60.83,6.256269,34.73,63.2771680782255,0
0.04,6.262665,34.75,62.297672508690084,0
-42.29,6.263944,34.75,63.2771680782255,0
-3.09,6.263944,34.75,62.297672508690084,0
-14.16,6.257548,34.75,63.419239982831705,0
-19.94,6.260106,34.75,63.2771680782255,0
54.72,6.251152,34.75,63.2771680782255,0
8.36,6.254989,34.75,63.2771680782255,0
-54.52,6.251152,34.75,62.297672508690084,0
34.91,6.249872,34.73,63.095166217389426,0
-49.5,6.243476,34.73,63.095166217389426,0
-45.39,6.239638,34.73,62.77738446287803,0
23.31,6.234521,34.73,63.914004725099176,0
14.78,6.226846,34.75,62.41794613730894,0
-16.15,6.217891,34.75,63.41135544995076,0
53.03,6.214053,34.75,63.41135544995076,0
21.29,6.212774,34.75,63.41135544995076,0
-36.75,6.198702,34.75,63.51377803280167,0
18.08,6.212774,34.75,62.41794613730894,0
1.55,6.201261,34.75,63.51377803280167,0
-35.18,6.198702,34.75,62.52199612936234,0
-10.26,6.194864,34.75,62.41794613730894,0
0.39,6.199981,34.75,63.41135544995076,0
-13.07,6.188468,34.75,63.41135544995076,0
15.4,6.187189,34.75,63.51377803280167,0
19.4,6.183351,34.73,63.51377803280167,0
-3.98,6.187189,34.73,63.51377803280167,0
11.83,6.171838,34.73,63.51377803280167,0
-4.3,6.165442,34.73,63.51377803280167,0
-31.12,6.162883,34.73,62.41794613730894,0
17.01,6.161604,34.73,63.51377803280167,0
7.87,6.155208,34.73,62.52199612936234,0
-9.33,6.159045,34.73,62.52199612936234,0
6.06,6.152649,34.73,63.51377803280167,0
-7.26,6.160325,34.73,63.51377803280167,0
4.08,6.157766,34.73,63.51377803280167,0
14.81,6.155208,34.73,63.51377803280167,0
-7.93,6.152649,34.73,62.57795138864806,0
10.87,6.148811,34.73,62.52199612936234,0
0.3,6.138577,34.73,63.51377803280167,0
-33.33,6.143694,34.73,63.631753079732135,0
3.44,6.139857,34.73,63.631753079732135,0
70.82,6.133461,34.73,63.51377803280167,0
-66.38,6.098921,34.73,64.89992295835181,0
23.26,6.11683,34.73,63.51377803280167,0
5.58,6.11683,34.71,62.52199612936234,0
-20.03,6.114272,34.71,63.51377803280167,0
25.35,6.114272,34.71,63.51377803280167,0
20.64,6.110434,34.71,62.52199612936234,0
-26.86,6.114272,34.71,62.52199612936234,0
1.14,6.104038,34.71,63.51377803280167,0
-6.26,6.111713,34.71,63.51377803280167,0
-25.88,6.1002,34.71,63.702433234531945,0
19.28,6.101479,34.73,63.631753079732135,0
17.42,6.092525,34.73,63.631753079732135,0
-45.65,6.092525,34.73,62.52199612936234,0
10.54,6.087407,34.73,62.6418390534633,0
3.42,6.092525,34.75,62.6418390534633,0
-16.64,6.1002,34.75,63.631753079732135,0
11.7,6.109155,34.75,62.6418390534633,0
11.68,6.098921,34.75,63.631753079732135,0
-16.44,6.097641,34.73,62.52199612936234,0
17.65,6.104038,34.73,63.51377803280167,0
7.65,6.092525,34.73,63.631753079732135,0
-15.07,6.08229,34.73,63.51377803280167,0
40.14,6.079732,34.71,63.631753079732135,0
-5.14,6.069498,34.71,62.52199612936234,0
-38.75,6.066939,34.71,63.51377803280167,0
17.02,6.066939,34.71,61.603571325045756,0
-5.66,6.061822,34.73,68.4470598345904,0
-18.34,6.070777,34.73,56.7626637852735,0
-2.85,6.069498,34.73,60.481402100149765,0
-19.71,6.101479,34.73,67.96322535018479,0
-47.1,6.105317,34.71,63.419239982831705,0
197.22,6.104038,34.71,62.49799996799898,0
-201.88,6.1002,34.71,66.35510530471637,0
-64.96,6.089966,34.71,61.862751312886175,0
68.61,6.097641,34.71,62.77738446287803,0
38.96,6.098921,34.71,62.112800613078136,0
49.57,6.08357,34.71,68.68769904429759,0
26.72,6.097641,34.71,62.056425936400814,0
-39.26,6.096362,34.68,63.095166217389426,0
7.6,6.112992,34.68,63.095166217389426,0
-10.04,6.1002,34.68,63.095166217389426,0
-25.7,6.110434,34.68,63.2771680782255,0
14.82,6.109155,34.68,63.03967004989794,0
-10.8,6.133461,34.68,63.2771680782255,0
0.71,6.132181,34.68,63.2771680782255,0
-8.59,6.137298,34.68,63.095166217389426,0
-55.09,6.130902,34.71,63.2771680782255,0
38.01,6.137298,34.71,63.2771680782255,0
1.63,6.127064,34.71,63.095166217389426,0
11.36,6.118109,34.71,63.2771680782255,0
15.95,6.104038,34.71,63.2771680782255,0
-24.66,6.098921,34.71,63.2771680782255,0
24.84,6.087407,34.71,62.112800613078136,0
11.77,6.079732,34.71,63.2771680782255,0
-46.98,6.069498,34.68,63.2771680782255,0
12.96,6.072056,34.68,62.297672508690084,0
30.57,6.055426,34.68,63.2771680782255,0
-8.39,6.061822,34.68,63.2771680782255,0
16.49,6.04775,34.68,63.2771680782255,0
20.69,6.054147,34.68,63.2771680782255,0
-5.36,6.038796,34.68,63.2771680782255,0
-5.25,6.046471,34.68,62.297672508690084,0
8.31,6.026003,34.66,63.2771680782255,0
-13.6,6.038796,34.66,63.095166217389426,0
4.1,6.023445,34.66,63.2771680782255,0
10.14,6.024724,34.66,63.2771680782255,0
-18.49,6.01449,34.71,63.2771680782255,0
15.8,6.022165,34.71,62.297672508690084,0
14.31,6.009373,34.71,63.2771680782255,0
-26.64,6.008094,34.71,63.2771680782255,0
19.37,6.008094,34.68,62.112800613078136,0
14.16,6.004256,34.68,63.095166217389426,0
-29.68,5.994022,34.68,63.2771680782255,0
17.19,5.987626,34.68,63.095166217389426,0
5.93,5.986346,34.71,63.095166217389426,0
-22.44,5.983788,34.71,63.095166217389426,0
7.21,5.977392,34.71,63.095166217389426,0
-6.46,5.978671,34.71,63.2771680782255,0
-0.74,5.969716,34.68,63.2771680782255,0
15.26,5.972275,34.68,63.095166217389426,0
-10.05,5.937735,34.68,63.2771680782255,0
12.69,5.965041,34.68,63.095166217389426,0
18.18,5.963762,34.68,63.095166217389426,0
-12.2,5.962483,34.68,62.112800613078136,0
15.95,5.953528,34.68,63.095166217389426,0
13.55,5.958645,34.68,63.095166217389426,0
-17.53,5.956087,34.71,62.24146527838174,0
11.25,5.952249,34.71,62.24146527838174,0
9.83,5.944573,34.71,63.221831672294975,0
-17.05,5.942015,34.71,63.221831672294975,0
16.12,5.935618,34.68,63.221831672294975,0
5.08,5.936898,34.68,62.71363488110062,0
-42.86,5.935618,34.68,63.3798075099633,0
39.21,5.930501,34.68,63.419239982831705,0
22.24,5.929222,34.66,62.44197306299666,0
-38.37,5.910033,34.66,63.419239982831705,0
12.06,5.925385,34.66,62.44197306299666,0
-0.87,5.91515,34.66,62.65780079128216,0
-25.17,5.917709,34.68,62.65780079128216,0
16.26,5.910033,34.68,62.65780079128216,0
17.73,5.918988,34.68,62.65780079128216,0
-31.89,5.911313,34.68,62.8887907341205,0
-11.58,5.911313,34.68,62.8887907341205,0
-22.18,5.906196,34.68,62.8887907341205,0
-34.83,5.903637,34.68,62.8887907341205,0
12.57,5.894682,34.68,62.65780079128216,0
10.48,5.888286,34.71,62.8887907341205,0
1.81,5.889565,34.71,62.8887907341205,0
33.86,5.889565,34.71,62.8887907341205,0
7.41,5.88061,34.71,62.8887907341205,0
-3.78,5.88061,34.71,62.65780079128216,0
10.92,5.879332,34.71,62.8887907341205,0
-5.1,5.876773,34.71,62.65780079128216,0
-7.76,5.878052,34.71,63.631753079732135,0
-18.68,5.875494,34.66,63.85922016435841,0
-19.67,5.870377,34.66,62.65780079128216,0
28.47,5.869097,34.66,62.8887907341205,0
19.89,5.856305,34.66,62.8887907341205,0
-11.58,5.861422,34.66,62.8887907341205,0
8.25,5.867818,34.66,62.65780079128216,0
8.0,5.858863,34.66,62.8887907341205,0
-21.16,5.858863,34.66,62.8887907341205,0
19.84,5.844791,34.66,62.8887907341205,0
15.79,5.857584,34.66,62.8887907341205,0
-18.5,5.843513,34.66,62.8887907341205,0
13.66,5.855026,34.66,62.8887907341205,0
7.0,5.851188,34.68,62.49799996799898,0
-25.07,5.857584,34.68,57.253820833198546,0
10.29,5.837116,34.68,67.11929677819934,0
2.28,5.866539,34.68,55.14526271584895,0
-26.82,5.862701,34.66,52.65928218272634,0
-26.93,5.875494,34.66,62.52199612936234,0
-61.89,5.889565,34.66,62.68173577685928,0
95.56,5.879332,34.66,56.31163290120435,0
184.5,5.876773,34.66,56.61271941887264,0
-67.62,5.875494,34.66,67.47592163134935,0
-92.23,5.88061,34.66,63.33245613427605,0
-19.21,5.884449,34.66,63.190189111918315,0
-84.2,5.901079,34.68,64.00781202322104,0
-10.13,5.939456,34.68,63.190189111918315,0
-43.24,5.970158,34.68,60.61352984276695,0
-245.18,5.980392,34.68,62.0644825967316,0
294.15,5.986788,34.68,61.106464469808756,0
-28.32,5.985509,34.68,63.0,0
4.64,5.971437,34.68,62.01612693485461,0
201.1,5.940735,34.68,63.671029518926424,0
126.28,5.917709,34.68,62.71363488110062,0
-111.63,5.904916,34.68,62.71363488110062,0
56.04,5.894682,34.68,62.433965115151864,0
-68.03,5.88189,34.68,62.433965115151864,0
-34.45,5.870377,34.66,63.39558344238185,0
-40.8,5.869097,34.66,62.433965115151864,0
-66.5,5.86398,34.66,62.433965115151864,0
21.06,5.860143,34.66,63.39558344238185,0
1.63,5.857584,34.68,63.39558344238185,0
-54.52,5.846071,34.68,62.433965115151864,0
31.1,5.846071,34.68,63.39558344238185,0
0.18,5.823044,34.68,62.433965115151864,0
-86.65,5.834558,34.68,62.433965115151864,0
-1.55,5.83072,34.68,63.39558344238185,0
70.36,5.797459,34.68,62.16912416947821,0
-68.05,5.800018,34.68,63.13477647065839,0
47.0,5.819207,34.68,63.13477647065839,0
71.86,5.806414,34.68,63.13477647065839,0
-60.67,5.814089,34.68,63.13477647065839,0
14.02,5.801297,34.68,62.94441992742486,0
3.98,5.803855,34.68,62.94441992742486,0
-53.81,5.802576,34.68,62.94441992742486,0
8.93,5.801297,34.68,63.13477647065839,0
-0.91,5.801297,34.68,63.39558344238185,0
-6.0,5.79618,34.66,62.8887907341205,0
37.26,5.788505,34.66,60.77005841695399,0
-5.35,5.783388,34.66,62.8887907341205,0
-73.51,5.783388,34.66,62.8887907341205,0
-21.25,5.77955,34.66,62.8887907341205,0
34.2,5.787225,34.66,63.39558344238185,0
50.87,5.788505,34.66,62.16912416947821,0
21.43,5.789784,34.66,63.13477647065839,0
-118.31,5.787225,34.66,63.13477647065839,0
-33.85,5.787225,34.66,63.13477647065839,0
148.79,5.784667,34.66,62.433965115151864,0
14.02,5.778271,34.66,63.39558344238185,0
44.98,5.776991,34.68,62.8887907341205,0
-6.21,5.769316,34.68,63.39558344238185,0
-13.32,5.771874,34.68,63.31666447310692,0
-21.47,5.778271,34.68,64.2339474110069,0
-14.63,5.79618,34.68,62.93647591023825,0
-23.84,5.741172,34.68,63.35613624582863,0
-160.66,5.759082,34.68,63.35613624582863,0
-20.6,5.774433,34.68,62.457985878508765,0
108.15,5.769316,34.66,63.35613624582863,0
119.21,5.787225,34.66,63.26926584053272,0
63.09,5.783388,34.66,62.849025449882674,0
-94.68,5.784667,34.66,63.26926584053272,0
114.05,5.771874,34.68,63.26926584053272,0
92.19,5.788505,34.68,62.849025449882674,0
-40.4,5.775712,34.68,62.93647591023825,0
-67.46,5.778271,34.68,62.93647591023825,0
71.11,5.771874,34.68,62.93647591023825,0
18.17,5.782108,34.68,62.93647591023825,0
-131.19,5.769316,34.68,62.93647591023825,0
86.57,5.769316,34.68,62.457985878508765,0
70.2,5.764199,34.71,65.16133823057964,0
-56.16,5.628598,34.71,62.68173577685928,0
4.36,5.756523,34.71,69.63476143421474,0
65.96,5.748847,34.71,63.190189111918315,0
-154.01,5.738614,34.68,62.22539674441618,0
84.46,5.730938,34.68,62.489999199871974,0
75.32,5.719425,34.68,63.45076831686122,0
-138.49,5.716866,34.68,63.45076831686122,0
-41.29,5.707911,34.68,63.45076831686122,0
-8.05,5.707911,34.68,62.489999199871974,0
-10.2,5.705353,34.68,63.45076831686122,0
-34.22,5.702795,34.68,62.489999199871974,0
0.32,5.700236,34.71,62.489999199871974,0
3.12,5.702795,34.71,63.45076831686122,0
-38.28,5.686164,34.71,63.45076831686122,0
11.24,5.690002,34.71,62.489999199871974,0
-5.08,5.687444,34.68,62.489999199871974,0
-44.24,5.691281,34.68,63.45076831686122,0
17.09,5.684885,34.68,63.45076831686122,0
-8.19,5.681047,34.68,62.489999199871974,0
-0.13,5.679768,34.66,62.489999199871974,0
24.53,5.665696,34.66,62.76941930590086,0
-21.87,5.675931,34.66,62.76941930590086,0
21.35,5.666975,34.66,62.76941930590086,0
36.19,5.668255,34.66,62.76941930590086,0
-9.26,5.654183,34.66,62.76941930590086,0
-27.22,5.661859,34.66,62.76941930590086,0
41.25,5.652904,34.66,62.76941930590086,0
16.0,5.655462,34.68,62.76941930590086,0
-58.23,5.647787,34.68,62.76941930590086,0
27.19,5.650345,34.68,62.76941930590086,0
18.67,5.64267,34.68,62.76941930590086,0
-34.43,5.645228,34.66,62.76941930590086,0
32.73,5.645228,34.66,62.76941930590086,0
19.14,5.641391,34.66,63.06346010171025,0
-38.9,5.633715,34.66,63.06346010171025,0
28.29,5.628598,34.68,63.06346010171025,0
12.08,5.628598,34.68,63.06346010171025,0
-55.25,5.599175,34.68,62.42595614005443,0
42.02,5.610689,34.68,62.42595614005443,0
27.07,5.619643,34.66,62.42595614005443,0
-48.5,5.62604,34.66,63.37191807101944,0
36.33,5.629878,34.66,63.37191807101944,0
33.79,5.627319,34.66,62.42595614005443,0
-37.6,5.632436,34.66,62.42595614005443,0
38.73,5.633715,34.66,62.42595614005443,0
26.15,5.629878,34.66,63.37191807101944,0
-36.26,5.622202,34.66,63.37191807101944,0
18.62,5.62476,34.66,62.112800613078136,0
23.57,5.619643,34.66,62.25752966509352,0
-41.6,5.595337,34.66,64.77653896280658,0
-20.04,5.57487,34.66,50.78385570237849,0
-181.15,5.568473,34.68,60.959002616512684,0
-276.69,5.578707,34.68,65.22269543648132,0
25.4,5.559518,34.68,71.72865536171719,0
155.65,5.510907,34.68,58.008620049092706,0
430.03,5.513465,34.71,55.65968020030299,0
568.08,5.586383,34.71,63.198101237299845,0
-163.53,5.57359,34.71,90.49309365912958,0
-144.51,5.597896,34.71,40.66939881532551,0
-111.96,5.581266,34.66,91.27978965795221,0
-42.55,5.533934,34.66,66.59579566308972,0
-45.16,5.443107,34.66,63.773035054010094,0
-155.72,5.456215,34.66,61.163714733492114,0
-144.44,5.447261,34.71,64.20280367709809,0
-36.16,5.451098,34.71,76.909037180295,0
129.99,5.484359,34.71,48.88762624632127,0
107.85,5.582861,34.71,72.11795892841117,0
105.5,5.572628,34.68,58.728187440104094,0
119.15,5.571348,34.68,57.0701322935211,0
42.72,5.56879,34.68,54.75399528801528,0
-37.65,5.567511,34.68,73.74279625834649,0
16.66,5.554718,34.68,61.30252849597641,0
-111.35,5.547042,34.68,72.3671196055225,0
-56.64,5.545763,34.68,61.644140029689765,0
-4.12,5.548322,34.68,64.38167441127949,0
-98.99,5.548322,34.66,69.92138442565336,0
169.68,5.564952,34.66,63.29296959378664,0
21.36,5.567511,34.66,52.78257288158659,0
-63.93,5.563673,34.66,70.63285354564121,0
4.22,5.557276,34.68,60.091596750294464,0
124.14,5.570069,34.68,61.04096984812741,0
5.9,5.571348,34.68,54.96362433464518,0
-20.27,5.584141,34.68,54.817880294662984,0
-94.59,5.591816,34.71,78.39642849007855,0
-33.65,5.593095,34.71,70.34912934784623,0
102.19,5.591816,34.71,69.31810730249349,0
-69.19,5.598213,34.71,60.802960454241045,0
145.56,5.573907,34.71,65.72670690061993,0
9.87,5.417838,34.71,63.079315151640635,0
-76.7,5.641707,34.71,63.13477647065839,0
-97.26,5.727417,34.71,63.51377803280167,0
-152.04,5.745327,34.71,70.37044834303673,0
-27.29,5.787542,34.71,60.340699366182356,0
267.61,5.91035,34.71,69.14477565225012,0
109.46,5.851504,34.71,59.033888572581766,0
-152.93,5.668571,34.71,60.802960454241045,0
-53.69,5.822082,34.71,60.315835400000886,0
-260.48,5.732534,34.71,55.641710972974224,0
109.92,5.67113,34.71,81.20344820264715,0
61.68,5.530412,34.68,61.05735008989499,0
-50.27,5.576465,34.68,76.53757247260981,0
-72.22,5.630194,34.68,120.5197079319395,0
-298.81,5.655779,34.68,64.20280367709809,0
-0.03,5.644266,34.66,45.661800227323496,0
236.52,5.658337,34.66,68.57113095173507,0
171.56,5.673688,34.66,59.88321968631947,0
-88.97,5.729975,34.66,64.83054835492293,0
75.27,5.80673,34.68,58.25804665451803,0
61.66,5.804172,34.68,72.2357252334328,0
-280.76,5.900116,34.68,52.952809179494906,0
74.39,5.951286,34.68,61.106464469808756,0
79.45,5.950969,34.71,62.01612693485461,0
30.92,5.982951,34.71,62.545983084447556,0
188.29,5.995743,34.71,66.88796603276258,0
-276.87,5.970158,34.71,57.39337940912697,0
-96.27,5.963762,34.71,62.77738446287803,0
-15.49,5.910033,34.71,62.07253821135398,0
-13.32,5.875494,34.71,63.0,0
-66.75,5.875494,34.71,62.20128616033595,0
34.86,5.860143,34.71,62.77738446287803,0
139.17,5.852467,34.71,63.103090257134,0
14.81,5.828161,34.71,62.75348595894893,0
-121.44,5.814089,34.71,63.03967004989794,0
62.44,5.789784,34.68,62.77738446287803,0
34.08,5.783388,34.68,60.860496218811754,0
99.66,5.764199,34.68,62.88083968904996,0
39.98,5.76164,34.68,62.99206299209449,0
-80.93,5.747569,34.71,62.76145313805282,0
102.69,5.747569,34.71,62.90468980926621,0
65.32,5.733497,34.71,62.41794613730894,0
-18.57,5.7271,34.71,62.65780079128216,0
-6.71,5.721983,34.68,62.849025449882674,0
-55.02,5.715587,34.68,62.849025449882674,0
34.76,5.713029,34.68,62.65780079128216,0
-3.56,5.701515,34.68,62.90468980926621,0
-54.77,5.702795,34.71,63.13477647065839,0
21.93,5.700236,34.71,62.90468980926621,0
-26.48,5.692561,34.71,70.75309180523492,0
36.26,5.684885,34.71,57.879184513951124,0
-1.66,5.723263,34.73,72.3118247591637,0
-82.47,5.719425,34.73,66.17401302626281,0
27.51,5.701515,34.73,58.90670590009256,0
-68.72,5.706633,34.73,62.56196927846821,0
60.16,5.702795,34.75,63.29296959378664,0
140.1,5.701515,34.75,63.25345840347388,0
-45.86,5.695119,34.75,63.773035054010094,0
23.9,5.690002,34.75,63.7102817447859,0
-34.77,5.684885,34.77,63.3798075099633,0
-24.27,5.675931,34.77,63.29296959378664,0
64.07,5.675931,34.77,60.481402100149765,0
19.71,5.669534,34.77,63.686733312362634,0
14.66,5.668255,34.73,62.56196927846821,0
-80.07,5.663138,34.73,62.56196927846821,0
-66.16,5.664417,34.73,62.91263784010332,0
40.2,5.658021,34.73,62.489999199871974,0
-52.27,5.6593,34.73,63.28506932918696,0
53.09,5.646508,34.73,64.1404708432983,0
0.55,5.651625,34.73,64.10928169929842,0
-81.26,5.640111,34.73,63.34824385884742,0
94.76,5.641391,34.73,61.78187436457395,0
12.09,5.637553,34.73,63.25345840347388,0
-16.74,5.638832,34.73,62.048368229954285,0
24.6,5.629878,34.73,63.796551630946325,0
-29.21,5.62604,34.73,62.93647591023825,0
-36.65,5.634995,34.73,62.52999280345393,0
82.26,5.623481,34.73,62.52999280345393,0
27.05,5.627319,34.73,62.49799996799898,0
-78.88,5.609409,34.71,61.106464469808756,0
21.03,5.623481,34.71,65.58200972827838,0
65.83,5.615806,34.71,54.92722457943783,0
-54.51,5.599175,34.71,61.91122676865643,0
-4.51,5.57487,34.75,46.78675026115834,0
20.06,5.605572,34.75,63.54525946126902,0
-124.97,5.587662,34.75,62.465990746965666,0
-221.57,5.587662,34.75,62.72160712226688,0
112.15,5.586383,34.73,63.03967004989794,0
7.58,5.59022,34.73,62.64982043070834,0
28.65,5.579987,34.73,63.25345840347388,0
22.63,5.578707,34.73,62.80127387243033,0
-45.13,5.581266,34.73,64.03124237432849,0
60.66,5.586383,34.73,63.15853069855251,0
5.95,5.582545,34.73,62.369864518050704,0
-9.47,5.586383,34.73,63.03967004989794,0
40.39,5.579987,34.73,63.03967004989794,0
-54.45,5.586383,34.73,62.64982043070834,0
68.04,5.581266,34.73,62.76145313805282,0
21.24,5.578707,34.73,67.21606950722423,0
-67.95,5.586383,34.75,62.01612693485461,0
41.92,5.601734,34.75,62.44197306299666,0
-11.91,5.60813,34.75,62.77738446287803,0
32.49,5.609409,34.75,61.75759062657804,0
-82.19,5.611968,34.75,65.52098900352466,0
-123.32,5.60813,34.75,63.796551630946325,0
154.45,5.588941,34.75,61.5223536610881,0
102.66,5.57487,34.75,59.84981202978001,0
-18.29,5.585104,34.73,63.96092557178953,0
70.34,5.586383,34.73,61.26173356998641,0
21.07,5.535213,34.73,58.360945845659494,0
205.34,5.555681,34.73,64.5600495662759,0
93.07,5.560798,34.73,62.94441992742486,0
-328.64,5.548005,34.73,62.94441992742486,0
-157.98,5.554401,34.73,63.25345840347388,0
23.32,5.542888,34.73,63.25345840347388,0
-6.06,5.541609,34.75,63.25345840347388,0
65.28,5.533934,34.75,62.94441992742486,0
47.13,5.533934,34.75,62.94441992742486,0
-46.06,5.533934,34.75,63.25345840347388,0
53.62,5.531375,34.73,63.25345840347388,0
15.75,5.528817,34.73,62.94441992742486,0
-64.9,5.524979,34.73,63.25345840347388,0
31.91,5.516024,34.73,63.25345840347388,0
5.01,5.512186,34.73,62.94441992742486,0
-66.34,5.52242,34.73,63.25345840347388,0
26.76,5.507069,34.73,63.25345840347388,0
3.36,5.516024,34.73,62.94441992742486,0
-58.98,5.512186,34.77,63.33245613427605,0
16.46,5.52242,34.77,63.03967004989794,0
-6.49,5.512186,34.77,63.190189111918315,0
-2.97,5.52242,34.77,66.76076692189807,0
16.06,5.519862,34.75,63.40346993658943,0
-29.36,5.514745,34.75,62.297672508690084,0
45.52,5.504511,34.75,62.297672508690084,0
22.65,5.496835,34.75,62.16912416947821,0
-65.88,5.495556,34.77,62.68173577685928,0
78.07,5.500673,34.77,63.20601237224193,0
17.56,5.495556,34.77,62.465990746965666,0
-27.97,5.48788,34.77,63.25345840347388,0
24.58,5.48916,34.75,63.25345840347388,0
-34.13,5.492998,34.75,63.25345840347388,0
-17.65,5.481484,34.75,63.25345840347388,0
-10.06,5.48916,34.75,63.25345840347388,0
-52.41,5.485322,34.77,63.25345840347388,0
42.88,5.48916,34.77,63.25345840347388,0
-3.85,5.478926,34.77,63.25345840347388,0
-3.9,5.472529,34.77,62.94441992742486,0
24.24,5.478926,34.77,62.94441992742486,0
-30.26,5.480205,34.77,63.45076831686122,0
53.02,5.476367,34.77,74.59892760623305,0
37.28,5.494277,34.77,55.90169943749474,0
-36.22,5.491718,34.75,57.01754116059373,0
-5.41,5.508348,34.75,60.844062980705026,0
51.36,5.516024,34.75,63.72597586541927,0
125.67,5.503232,34.75,61.56297588648554,0
187.12,5.509628,34.77,61.53048025166064,0
-114.16,5.50579,34.77,61.95159400693416,0
-232.61,5.510907,34.77,64.35837163881635,0
-74.36,5.523699,34.77,61.99193495931547,0
-3.43,5.545447,34.79,61.87891401761993,0
20.68,5.539051,34.79,65.88626564011653,0
-44.68,5.492998,34.79,57.645468165329355,0
42.55,5.509628,34.79,85.77878525602937,0
35.32,5.501952,34.77,57.02630971753301,0
-16.83,5.501952,34.77,86.1974477580398,0
46.46,5.484043,34.77,57.245087125446844,0
30.17,5.485322,34.77,64.95382975621992,0
42.21,5.482763,34.77,61.97580172938467,0
-78.4,5.492998,34.77,65.52098900352466,0
-130.62,5.478926,34.77,56.00892785976178,0
91.55,5.478926,34.77,64.95382975621992,0
-27.09,5.468692,34.77,68.01470429252781,0
-63.78,5.47125,34.77,65.03076195155643,0
36.83,5.458457,34.77,63.50590523722971,0
32.14,5.467729,34.77,67.72001181334805,0
74.92,5.462612,34.79,61.554853586049575,0
45.04,5.461333,34.79,62.99206299209449,0
-80.85,5.44982,34.79,63.079315151640635,0
20.65,5.439585,34.79,63.15853069855251,0
75.58,5.443423,34.77,62.52199612936234,0
-62.28,5.442144,34.77,63.03967004989794,0
22.05,5.43191,34.77,63.324560795950255,0
-0.97,5.43191,34.77,63.25345840347388,0
24.57,5.429351,34.79,62.88083968904996,0
0.29,5.433189,34.79,63.15853069855251,0
-52.22,5.428072,34.79,63.25345840347388,0
18.85,5.428072,34.79,63.52952069707436,0
-0.81,5.422955,34.79,63.25345840347388,0
5.56,5.420397,34.79,62.88083968904996,0
11.54,5.383298,34.79,62.88083968904996,0
-28.97,5.398649,34.79,63.25345840347388,0
23.55,5.398649,34.79,62.88083968904996,0
-0.63,5.390974,34.79,62.88083968904996,0
-24.08,5.38074,34.79,62.88083968904996,0
10.94,5.383298,34.79,63.773035054010094,0
-22.45,5.384578,34.79,66.15889962809237,0
27.48,5.376902,34.79,59.371710435189584,0
9.5,5.426793,34.79,73.22567855609124,0
-46.68,5.398649,34.79,59.04235767650204,0
19.53,5.392253,34.77,63.15853069855251,0
-30.78,5.385857,34.77,62.90468980926621,0
-50.78,5.389695,34.77,63.474404290233394,0
50.03,5.385857,34.77,63.41135544995076,0
-3.13,5.384578,34.79,62.90468980926621,0
-27.84,5.383298,34.79,62.90468980926621,0
23.09,5.38074,34.79,62.90468980926621,0
-16.38,5.38074,34.79,63.03967004989794,0
21.82,5.369226,34.77,62.90468980926621,0
14.66,5.384578,34.77,62.90468980926621,0
-41.06,5.375623,34.77,63.03967004989794,0
42.28,5.376902,34.77,63.41135544995076,0
0.73,5.370506,34.79,63.41135544995076,0
-14.26,5.392253,34.79,62.49799996799898,0
3.66,5.389695,34.79,63.41135544995076,0
-38.09,5.405046,34.79,62.49799996799898,0
42.66,5.399929,34.79,62.49799996799898,0
-5.39,5.407604,34.79,62.49799996799898,0
-14.02,5.398649,34.79,63.41135544995076,0
8.59,5.398649,34.79,63.41135544995076,0
-39.34,5.39737,34.77,63.41135544995076,0
54.19,5.390974,34.77,63.41135544995076,0
16.03,5.378181,34.77,63.41135544995076,0
-64.83,5.369226,34.77,63.41135544995076,0
57.0,5.374343,34.79,63.03967004989794,0
38.82,5.366668,34.79,63.03967004989794,0
-7.25,5.36411,34.79,63.03967004989794,0
-58.14,5.358993,34.79,63.03967004989794,0
15.07,5.356434,34.77,63.03967004989794,0
46.24,5.352596,34.77,63.03967004989794,0
9.27,5.351317,34.77,63.03967004989794,0
-47.93,5.350038,34.77,63.03967004989794,0
37.05,5.3462,34.81,63.03967004989794,0
36.72,5.338524,34.81,63.03967004989794,0
-3.56,5.330849,34.81,63.03967004989794,0
-56.45,5.330849,34.81,62.90468980926621,0
51.14,5.330849,34.79,63.41135544995076,0
31.52,5.321894,34.79,63.41135544995076,0
-19.7,5.321894,34.79,63.41135544995076,0
-62.32,5.324453,34.79,63.03967004989794,0
20.54,5.323174,34.79,63.03967004989794,0
8.92,5.321894,34.79,63.03967004989794,0
-50.62,5.320615,34.79,63.03967004989794,0
37.04,5.319336,34.79,63.03967004989794,0
13.42,5.319336,34.79,63.03967004989794,0
-54.49,5.319336,34.79,63.03967004989794,0
46.45,5.320615,34.79,63.03967004989794,0
13.01,5.318057,34.79,63.03967004989794,0
-66.62,5.307822,34.79,63.03967004989794,0
50.82,5.321894,34.79,62.90468980926621,0
22.25,5.309102,34.79,63.03967004989794,0
-63.03,5.309102,34.79,63.41135544995076,0
53.02,5.301426,34.77,63.41135544995076,0
26.71,5.307822,34.77,63.41135544995076,0
-47.74,5.296309,34.77,63.41135544995076,0
53.03,5.298868,34.77,63.41135544995076,0
31.83,5.282238,34.79,62.120849961989414,0
-29.34,5.289913,34.79,63.03967004989794,0
25.0,5.279679,34.79,63.03967004989794,0
23.17,5.282238,34.79,63.03967004989794,0
-20.77,5.275841,34.79,63.03967004989794,0
-6.16,5.277121,34.79,63.03967004989794,0
22.1,5.274562,34.79,63.03967004989794,0
-13.53,5.272004,34.79,63.03967004989794,0
-58.86,5.273283,34.81,63.03967004989794,0
35.21,5.274562,34.81,63.03967004989794,0
6.72,5.264328,34.81,63.03967004989794,0
-63.15,5.257932,34.81,63.03967004989794,0
50.19,5.257932,34.79,63.03967004989794,0
30.39,5.255373,34.79,63.41135544995076,0
-33.14,5.229788,34.79,63.2771680782255,0
9.88,5.241302,34.79,63.41135544995076,0
25.07,5.24386,34.75,63.03967004989794,0
-6.96,5.24258,34.75,63.41135544995076,0
-60.52,5.24386,34.75,63.41135544995076,0
28.63,5.246418,34.75,63.03967004989794,0
13.83,5.24258,34.79,63.03967004989794,0
-38.37,5.246418,34.79,63.41135544995076,0
35.24,5.237463,34.79,63.03967004989794,0
13.15,5.240022,34.79,63.41135544995076,0
-40.4,5.238743,34.79,63.03967004989794,0
36.92,5.229788,34.79,63.03967004989794,0
15.32,5.238743,34.79,63.03967004989794,0
-39.16,5.233626,34.79,63.03967004989794,0
36.63,5.233626,34.77,63.41135544995076,0
23.91,5.22723,34.77,63.41135544995076,0
-37.3,5.231067,34.77,63.03967004989794,0
42.42,5.223392,34.77,63.03967004989794,0
32.22,5.223392,34.79,63.41135544995076,0
-31.37,5.211879,34.79,63.03967004989794,0
38.13,5.218275,34.79,63.41135544995076,0
30.82,5.210599,34.79,63.41135544995076,0
-24.9,5.213158,34.77,63.41135544995076,0
26.32,5.208041,34.77,63.41135544995076,0
26.17,5.210599,34.77,63.41135544995076,0
-23.64,5.201644,34.77,63.03967004989794,0
27.61,5.205482,34.79,63.41135544995076,0
22.23,5.205482,34.79,63.03967004989794,0
-26.57,5.202924,34.79,63.03967004989794,0
20.92,5.196527,34.79,63.03967004989794,0
29.53,5.196527,34.79,63.03967004989794,0
-15.51,5.193969,34.79,63.03967004989794,0
-63.1,5.19269,34.79,63.03967004989794,0
37.83,5.187573,34.79,63.03967004989794,0
17.99,5.186294,34.77,63.03967004989794,0
-37.1,5.182456,34.77,63.03967004989794,0
-0.01,5.185014,34.77,63.03967004989794,0
35.41,5.179897,34.77,63.03967004989794,0
4.71,5.178618,34.79,63.03967004989794,0
-46.54,5.17478,34.79,63.41135544995076,0
39.67,5.177339,34.79,63.41135544995076,0
32.77,5.169663,34.79,63.41135544995076,0
-9.55,5.17478,34.79,63.41135544995076,0
-57.93,5.172222,34.79,63.41135544995076,0
36.69,5.172222,34.79,63.41135544995076,0
25.76,5.170943,34.79,63.41135544995076,0
-25.48,5.169663,34.81,63.41135544995076,0
-2.93,5.169663,34.81,63.03967004989794,0
12.92,5.164546,34.81,63.03967004989794,0
-11.03,5.159429,34.81,63.41135544995076,0
-44.19,5.160708,34.79,63.03967004989794,0
14.47,5.155591,34.79,63.03967004989794,0
-2.74,5.150475,34.79,63.03967004989794,0
-62.3,5.155591,34.79,63.03967004989794,0
26.37,5.153033,34.79,63.03967004989794,0
2.4,5.161988,34.79,63.03967004989794,0
-62.06,5.161988,34.79,63.03967004989794,0
32.77,5.169663,34.79,63.03967004989794,0
2.47,5.172222,34.79,63.03967004989794,0
-70.52,5.17606,34.79,63.03967004989794,0
41.31,5.172222,34.79,63.03967004989794,0
17.49,5.178618,34.79,63.03967004989794,0
-51.2,5.165825,34.79,63.41135544995076,0
52.19,5.172222,34.79,63.03967004989794,0
39.55,5.159429,34.79,63.03967004989794,0
-21.44,5.159429,34.79,62.49799996799898,0
-41.56,5.160708,34.79,63.03967004989794,0
26.33,5.161988,34.79,63.03967004989794,0
5.35,5.153033,34.79,63.03967004989794,0
-55.35,5.153033,34.79,63.41135544995076,0
33.14,5.144078,34.79,63.03967004989794,0
14.97,5.150475,34.79,63.03967004989794,0
-49.76,5.138961,34.79,63.03967004989794,0
38.3,5.138961,34.79,63.03967004989794,0
14.86,5.127448,34.77,63.03967004989794,0
-59.8,5.140241,34.77,63.03967004989794,0
36.43,5.126169,34.77,63.03967004989794,0
13.21,5.131286,34.77,63.03967004989794,0
-68.3,5.124889,34.79,63.03967004989794,0
34.24,5.130006,34.79,63.03967004989794,0
9.48,5.098025,34.79,63.03967004989794,0
-70.1,5.114655,34.79,63.03967004989794,0
36.44,5.114655,34.79,63.03967004989794,0
16.01,5.117214,34.79,63.03967004989794,0
-55.08,5.108259,34.79,63.03967004989794,0
41.07,5.109539,34.79,63.03967004989794,0
25.32,5.105701,34.79,63.03967004989794,0
-33.45,5.108259,34.79,63.03967004989794,0
34.83,5.100584,34.79,63.03967004989794,0
19.26,5.101863,34.79,63.41135544995076,0
-29.07,5.096746,34.79,63.03967004989794,0
34.18,5.096746,34.79,63.03967004989794,0
16.21,5.091629,34.79,63.03967004989794,0
-36.77,5.095467,34.79,63.03967004989794,0
42.36,5.08907,34.79,63.03967004989794,0
21.95,5.091629,34.79,63.03967004989794,0
-38.71,5.080116,34.79,63.03967004989794,0
45.53,5.086512,34.79,63.03967004989794,0
26.99,5.078836,34.79,63.03967004989794,0
-33.53,5.082674,34.79,63.03967004989794,0
34.7,5.076278,34.79,63.03967004989794,0
30.72,5.081395,34.79,63.03967004989794,0
-20.19,5.074999,34.81,63.03967004989794,0
-31.84,5.081395,34.81,63.03967004989794,0
28.31,5.078836,34.81,63.03967004989794,0
1.96,5.077557,34.81,63.03967004989794,0
-65.49,5.076278,34.79,63.41135544995076,0
35.19,5.069882,34.79,63.41135544995076,0
16.94,5.076278,34.79,63.03967004989794,0
-46.58,5.07244,34.79,63.41135544995076,0
36.04,5.07244,34.77,63.56099432828282,0
11.72,5.074999,34.77,63.41135544995076,0
-57.06,5.066044,34.77,63.03967004989794,0
26.97,5.064764,34.77,63.03967004989794,0
3.18,5.066044,34.79,63.03967004989794,0
-49.02,5.064764,34.79,63.03967004989794,0
19.21,5.063486,34.79,63.03967004989794,0
-15.42,5.059648,34.79,63.03967004989794,0
5.57,5.054531,34.81,63.03967004989794,0
21.48,5.057089,34.81,63.03967004989794,0
-27.81,5.05581,34.81,63.03967004989794,0
34.59,5.045576,34.81,63.03967004989794,0
32.39,5.054531,34.79,63.03967004989794,0
-25.58,5.053251,34.79,63.03967004989794,0
-27.14,5.048134,34.79,63.03967004989794,0
41.5,5.043017,34.79,63.03967004989794,0
16.54,5.045576,34.79,63.03967004989794,0
-31.15,5.044297,34.79,63.03967004989794,0
-64.36,5.044297,34.79,63.03967004989794,0
40.58,5.031504,34.79,63.03967004989794,0
20.52,5.041738,34.79,63.03967004989794,0
-30.59,5.031504,34.79,63.190189111918315,0
-2.93,5.034063,34.79,63.03967004989794,0
27.88,5.026387,34.79,63.41135544995076,0
2.77,5.028945,34.79,63.56099432828282,0
-44.17,5.028945,34.79,63.41135544995076,0
37.04,5.027667,34.79,63.56099432828282,0
20.93,5.027667,34.79,63.41135544995076,0
-28.63,5.026387,34.81,63.41135544995076,0
27.78,5.018712,34.81,63.41135544995076,0
15.01,5.014874,34.81,63.56099432828282,0
-29.11,5.016153,34.81,63.03967004989794,0
15.62,5.014874,34.77,63.03967004989794,0
14.78,5.014874,34.77,63.03967004989794,0
-26.46,5.013595,34.77,63.03967004989794,0
27.58,5.014874,34.77,63.03967004989794,0
15.93,5.012315,34.79,63.03967004989794,0
-34.96,5.012315,34.79,63.03967004989794,0
42.27,5.016153,34.79,63.03967004989794,0
19.64,5.007198,34.79,63.03967004989794,0
-43.1,5.008478,34.79,63.03967004989794,0
49.29,5.002081,34.79,63.03967004989794,0
33.74,5.005919,34.79,63.03967004989794,0
-31.48,5.002081,34.79,63.03967004989794,0
-13.65,5.003361,34.77,63.03967004989794,0
38.34,5.008478,34.77,63.03967004989794,0
5.31,4.999523,34.77,63.03967004989794,0
-58.79,4.996964,34.77,63.03967004989794,0
51.93,4.986731,34.79,63.03967004989794,0
36.08,5.003361,34.79,63.03967004989794,0
-22.07,4.9701,34.79,63.03967004989794,0
-48.11,4.985451,34.79,63.03967004989794,0
23.04,4.975217,34.81,63.190189111918315,0
2.51,4.988009,34.81,63.03967004989794,0
-59.12,4.977776,34.81,63.41135544995076,0
24.01,4.986731,34.81,62.64982043070834,0
5.67,4.977776,34.79,63.41135544995076,0
-61.16,4.984172,34.79,62.64982043070834,0
20.07,4.973938,34.79,62.64982043070834,0
-3.17,4.976496,34.79,63.03967004989794,0
-34.69,4.977776,34.81,63.03967004989794,0
16.95,4.980334,34.81,63.56099432828282,0
-16.74,4.981613,34.81,63.03967004989794,0
9.4,4.986731,34.81,63.41135544995076,0
24.27,4.999523,34.79,63.03967004989794,0
-25.71,5.016153,34.79,63.03967004989794,0
26.38,5.02127,34.79,63.190189111918315,0
28.0,5.026387,34.79,63.03967004989794,0
-26.52,5.028945,34.77,63.03967004989794,0
18.5,5.034063,34.77,63.03967004989794,0
31.08,5.023829,34.77,63.03967004989794,0
-14.68,5.025108,34.77,63.03967004989794,0
-69.02,5.017432,34.79,63.03967004989794,0
37.9,5.014874,34.79,63.03967004989794,0
18.09,5.005919,34.79,63.03967004989794,0
-41.29,5.002081,34.79,63.03967004989794,0
22.15,4.996964,34.79,63.190189111918315,0
35.37,4.990568,34.79,63.03967004989794,0
-4.5,4.989289,34.79,63.03967004989794,0
-69.76,4.981613,34.79,63.56099432828282,0
39.28,4.985451,34.79,63.56099432828282,0
20.96,4.976496,34.79,63.56099432828282,0
-38.55,4.977776,34.79,63.03967004989794,0
39.33,4.9701,34.79,63.03967004989794,0
15.87,4.9701,34.79,63.03967004989794,0
-47.62,4.963704,34.79,63.03967004989794,0
36.87,4.967542,34.79,63.03967004989794,0
11.8,4.968821,34.79,63.190189111918315,0
-62.16,4.968821,34.77,63.03967004989794,0
28.42,4.975217,34.77,63.190189111918315,0
1.29,4.973938,34.77,63.03967004989794,0
-42.38,4.975217,34.77,63.190189111918315,0
21.69,4.962425,34.79,63.03967004989794,0
-13.26,4.988641,34.79,63.190189111918315,0
-7.98,4.980966,34.79,63.03967004989794,0
24.35,4.978407,34.79,63.03967004989794,0
-17.18,4.963056,34.79,63.03967004989794,0
-34.49,4.974569,34.79,63.03967004989794,0
31.45,4.964335,34.79,63.03967004989794,0
0.97,4.965615,34.79,63.03967004989794,0
-65.2,4.957939,34.81,63.03967004989794,0
49.91,4.964335,34.81,63.03967004989794,0
33.07,4.954102,34.81,63.190189111918315,0
-28.92,4.959219,34.81,63.03967004989794,0
-14.84,4.95666,34.81,63.56099432828282,0
26.97,4.95666,34.81,63.56099432828282,0
-5.2,4.946426,34.81,63.41135544995076,0
-56.65,4.942588,34.81,62.64982043070834,0
20.2,4.943867,34.77,63.56099432828282,0
3.18,4.947705,34.77,63.190189111918315,0
-53.72,4.937471,34.77,63.03967004989794,0
15.81,4.93875,34.77,63.190189111918315,0
-5.55,4.933633,34.77,63.03967004989794,0
-32.87,4.932354,34.77,63.190189111918315,0
16.89,4.929796,34.77,63.190189111918315,0
-20.29,4.932354,34.77,63.03967004989794,0
22.62,4.931075,34.77,62.120849961989414,0
19.76,4.929796,34.77,63.190189111918315,0
-34.8,4.920841,34.77,63.03967004989794,0
48.75,4.925958,34.77,63.03967004989794,0
21.4,4.924679,34.77,63.190189111918315,0
-48.07,4.927237,34.77,63.03967004989794,0
53.78,4.919562,34.77,63.03967004989794,0
29.43,4.920841,34.77,63.190189111918315,0
-40.94,4.920841,34.79,63.03967004989794,0
42.57,4.918283,34.79,63.03967004989794,0
35.81,4.919562,34.79,63.03967004989794,0
-18.17,4.915724,34.79,63.03967004989794,0
-60.02,4.915724,34.79,63.190189111918315,0
32.32,4.896535,34.79,63.190189111918315,0
10.53,4.88758,34.79,63.190189111918315,0
-42.39,4.897814,34.79,63.41135544995076,0
44.81,4.899094,34.77,63.41135544995076,0
26.33,4.897814,34.77,63.56099432828282,0
-24.62,4.897814,34.77,63.41135544995076,0
25.85,4.893977,34.77,63.03967004989794,0
11.84,4.895256,34.75,63.190189111918315,0
-26.88,4.891418,34.75,63.03967004989794,0
32.93,4.892697,34.75,63.190189111918315,0
11.1,4.886301,34.75,63.190189111918315,0
-41.6,4.882463,34.77,63.190189111918315,0
41.17,4.883743,34.77,63.03967004989794,0
10.88,4.88886,34.77,63.03967004989794,0
-61.89,4.879905,34.77,63.190189111918315,0
35.27,4.882463,34.77,63.03967004989794,0
10.88,4.877347,34.77,63.03967004989794,0
-72.33,4.879905,34.77,63.03967004989794,0
39.91,4.873508,34.77,62.27358990776106,0
13.98,4.873508,34.79,63.190189111918315,0
-73.52,4.87095,34.79,62.83311228962003,0
50.16,4.873508,34.79,64.10928169929842,0
37.16,4.868392,34.79,63.182275995725256,0
-35.39,4.869671,34.77,62.83311228962003,0
14.35,4.869671,34.77,63.190189111918315,0
34.4,4.867112,34.77,61.91122676865643,0
-13.28,4.865833,34.77,63.0,0
-18.55,4.867112,34.77,63.0,0
67.81,4.865833,34.77,63.0,0
28.07,4.863275,34.77,63.0,0
-25.71,4.864554,34.77,63.0,0
19.78,4.858158,34.77,63.0,0
-8.2,4.864554,34.77,63.35613624582863,0
-28.46,4.849203,34.77,63.35613624582863,0
-50.28,4.860716,34.77,63.35613624582863,0
13.51,4.850482,34.77,63.35613624582863,0
-6.45,4.858158,34.77,62.44197306299666,0
-25.47,4.849203,34.77,63.190189111918315,0
5.68,4.849203,34.77,62.44197306299666,0
-15.39,4.844086,34.79,63.190189111918315,0
22.32,4.846644,34.79,63.35613624582863,0
3.96,4.844086,34.79,63.190189111918315,0
-46.31,4.845365,34.79,63.190189111918315,0
41.05,4.844086,34.77,63.35613624582863,0
6.75,4.842806,34.77,63.190189111918315,0
-44.95,4.846644,34.77,63.35613624582863,0
24.19,4.841527,34.77,63.190189111918315,0
-17.6,4.841527,34.79,63.35613624582863,0
36.77,4.831293,34.79,63.190189111918315,0
26.06,4.838969,34.79,63.35613624582863,0
-37.02,4.831293,34.79,63.35613624582863,0
53.41,4.835131,34.79,63.190189111918315,0
37.19,4.830014,34.79,63.190189111918315,0
-23.73,4.830014,34.79,63.190189111918315,0
-62.43,4.826176,34.79,63.35613624582863,0
37.63,4.821059,34.77,63.190189111918315,0
15.65,4.822339,34.77,63.190189111918315,0
-39.24,4.822339,34.77,63.190189111918315,0
38.94,4.817222,34.77,63.35613624582863,0
34.23,4.818501,34.77,63.190189111918315,0
-6.58,4.814663,34.77,63.190189111918315,0
-63.8,4.817222,34.77,63.35613624582863,0
26.31,4.812105,34.77,63.190189111918315,0
13.65,4.813384,34.79,63.190189111918315,0
-38.23,4.813384,34.79,63.35613624582863,0
27.84,4.810825,34.79,63.190189111918315,0
8.4,4.805708,34.79,63.190189111918315,0
-48.98,4.809546,34.81,63.190189111918315,0
29.49,4.809546,34.81,63.35613624582863,0
6.33,4.808267,34.81,63.190189111918315,0
-58.49,4.809546,34.81,63.190189111918315,0
23.29,4.809546,34.79,63.190189111918315,0
-0.45,4.806987,34.79,63.190189111918315,0
-54.53,4.794195,34.79,63.190189111918315,0
23.57,4.804429,34.79,63.35613624582863,0
-5.03,4.80187,34.79,63.190189111918315,0
-44.52,4.808267,34.79,63.190189111918315,0
27.65,4.792916,34.79,63.190189111918315,0
-2.72,4.799312,34.79,63.190189111918315,0
-45.93,4.78652,34.79,63.35613624582863,0
31.93,4.800591,34.79,63.190189111918315,0
2.51,4.76861,34.79,63.190189111918315,0
-64.41,4.789078,34.79,63.35613624582863,0
33.21,4.781403,34.79,63.190189111918315,0
10.02,4.787799,34.79,63.190189111918315,0
-60.38,4.78524,34.79,63.35613624582863,0
33.61,4.783961,34.79,63.35613624582863,0
11.64,4.776286,34.79,63.190189111918315,0
-57.18,4.775006,34.79,63.35613624582863,0
23.74,4.775006,34.79,63.190189111918315,0
-0.12,4.775006,34.79,63.35613624582863,0
-46.67,4.776286,34.79,63.190189111918315,0
20.84,4.773727,34.79,63.190189111918315,0
-12.68,4.776286,34.79,63.190189111918315,0
-17.1,4.775006,34.79,63.190189111918315,0
25.97,4.76861,34.79,63.190189111918315,0
-16.23,4.772448,34.79,63.190189111918315,0
-16.05,4.771169,34.79,63.190189111918315,0
30.55,4.767331,34.79,63.35613624582863,0
-3.71,4.763493,34.81,63.35613624582863,0
-73.97,4.755817,34.81,63.190189111918315,0
37.02,4.763493,34.81,63.35613624582863,0
18.92,4.763493,34.81,63.35613624582863,0
-40.9,4.764772,34.81,63.190189111918315,0
42.54,4.757097,34.81,63.35613624582863,0
25.67,4.759655,34.81,63.35613624582863,0
-23.48,4.754538,34.81,63.35613624582863,0
25.06,4.755817,34.79,63.35613624582863,0
10.86,4.75198,34.79,63.35613624582863,0
-27.46,4.758376,34.79,63.35613624582863,0
32.88,4.744304,34.79,63.190189111918315,0
8.76,4.7507,34.79,63.190189111918315,0
-45.3,4.745584,34.79,63.190189111918315,0
39.48,4.746863,34.79,63.35613624582863,0
9.88,4.743025,34.79,63.35613624582863,0
-68.13,4.745584,34.81,63.35613624582863,0
31.94,4.744304,34.81,63.35613624582863,0
1.54,4.743025,34.81,63.35613624582863,0
-59.15,4.740467,34.81,63.35613624582863,0
28.3,4.740467,34.77,63.35613624582863,0
-4.87,4.741745,34.77,63.35613624582863,0
-41.31,4.73407,34.77,63.35613624582863,0
34.23,4.739187,34.77,63.190189111918315,0
0.1,4.73407,34.79,63.35613624582863,0
-66.8,4.741745,34.79,63.35613624582863,0
33.55,4.73407,34.79,63.35613624582863,0
10.32,4.73535,34.79,63.35613624582863,0
-59.74,4.732791,34.81,63.35613624582863,0
47.74,4.73407,34.81,63.35613624582863,0
27.55,4.736629,34.81,63.35613624582863,0
-37.76,4.73407,34.81,63.35613624582863,0
34.1,4.722557,34.83,63.35613624582863,0
31.4,4.728953,34.83,62.44197306299666,0
-17.19,4.730232,34.83,63.35613624582863,0
-36.76,4.727674,34.83,63.35613624582863,0
19.38,4.722557,34.79,63.35613624582863,0
-1.75,4.728953,34.79,63.35613624582863,0
-44.71,4.718719,34.79,62.44197306299666,0
10.86,4.721278,34.79,63.35613624582863,0
-6.84,4.714881,34.77,63.35613624582863,0
-39.16,4.723836,34.77,63.190189111918315,0
12.53,4.714881,34.77,63.35613624582863,0
-13.93,4.714881,34.77,63.35613624582863,0
-6.58,4.704648,34.77,63.35613624582863,0
17.23,4.712323,34.77,62.44197306299666,0
-20.61,4.704648,34.77,63.35613624582863,0
16.89,4.707206,34.77,63.35613624582863,0
21.35,4.704648,34.77,63.35613624582863,0
-26.52,4.705927,34.77,63.35613624582863,0
13.39,4.705927,34.77,63.35613624582863,0
27.92,4.704648,34.77,63.190189111918315,0
-20.93,4.707206,34.79,63.190189111918315,0
-20.4,4.708485,34.79,63.35613624582863,0
33.4,4.700809,34.79,63.35613624582863,0
-0.71,4.695693,34.79,63.35613624582863,0
-71.22,4.700809,34.79,63.35613624582863,0
46.07,4.702089,34.79,63.35613624582863,0
26.76,4.699531,34.79,63.35613624582863,0
-35.61,4.686738,34.79,63.35613624582863,0
37.66,4.696972,34.77,63.35613624582863,0
25.72,4.695693,34.77,63.35613624582863,0
-28.22,4.672666,34.77,63.35613624582863,0
34.35,4.686738,34.77,63.35613624582863,0
14.16,4.686738,34.79,63.35613624582863,0
-38.32,4.686738,34.79,63.35613624582863,0
44.52,4.684179,34.79,63.35613624582863,0
16.32,4.681621,34.79,63.35613624582863,0
-60.16,4.6829,34.77,63.35613624582863,0
44.78,4.6829,34.77,63.35613624582863,0
16.21,4.681621,34.77,63.190189111918315,0
-72.23,4.676504,34.77,63.35613624582863,0
44.12,4.679062,34.79,63.35613624582863,0
16.32,4.672666,34.79,63.190189111918315,0
-66.62,4.675225,34.79,63.35613624582863,0
53.26,4.676504,34.79,63.35613624582863,0
36.09,4.673945,34.77,63.35613624582863,0
-32.26,4.667549,34.77,63.35613624582863,0
-27.36,4.672666,34.77,63.35613624582863,0
37.48,4.671387,34.77,63.35613624582863,0
8.86,4.670108,34.79,63.35613624582863,0
-44.61,4.670108,34.79,63.190189111918315,0
42.69,4.667549,34.79,63.35613624582863,0
30.12,4.668828,34.79,62.44197306299666,0
-17.44,4.66627,34.75,63.35613624582863,0
-20.81,4.670108,34.75,63.35613624582863,0
9.05,4.66627,34.75,63.35613624582863,0
-7.61,4.66627,34.75,63.190189111918315,0
-18.34,4.653477,34.77,63.35613624582863,0
8.87,4.66499,34.77,63.35613624582863,0
-21.48,4.657315,34.77,63.35613624582863,0
11.2,4.657315,34.77,63.35613624582863,0
13.68,4.652198,34.77,63.35613624582863,0
-29.47,4.659873,34.77,63.35613624582863,0
27.37,4.654757,34.77,63.35613624582863,0
20.15,4.653477,34.77,63.35613624582863,0
-31.0,4.654757,34.77,63.35613624582863,0
38.76,4.657315,34.77,63.35613624582863,0
23.52,4.653477,34.77,63.35613624582863,0
-30.44,4.647081,34.77,63.35613624582863,0
38.83,4.650919,34.79,63.35613624582863,0
25.83,4.650919,34.79,63.35613624582863,0
-30.6,4.64964,34.79,63.35613624582863,0
35.78,4.636847,34.79,63.35613624582863,0
18.18,4.647081,34.79,63.35613624582863,0
-34.94,4.645802,34.79,63.35613624582863,0
47.42,4.644523,34.79,63.35613624582863,0
15.28,4.644523,34.79,63.35613624582863,0
-66.52,4.641964,34.79,63.35613624582863,0
37.86,4.635568,34.79,63.35613624582863,0
4.56,4.634289,34.79,63.35613624582863,0
-52.35,4.633009,34.79,63.35613624582863,0
29.17,4.63173,34.79,62.44197306299666,0
-9.72,4.626613,34.79,63.35613624582863,0
-18.66,4.63173,34.79,63.35613624582863,0
25.31,4.630451,34.79,62.44197306299666,0
-17.78,4.629171,34.77,63.35613624582863,0
-3.34,4.629171,34.77,63.35613624582863,0
22.49,4.634289,34.77,63.35613624582863,0
-18.79,4.627892,34.77,63.35613624582863,0
18.13,4.625334,34.79,63.35613624582863,0
12.79,4.624054,34.79,63.35613624582863,0
-30.29,4.616379,34.79,63.35613624582863,0
44.25,4.617658,34.79,63.35613624582863,0
15.18,4.613821,34.81,63.35613624582863,0
-60.12,4.625334,34.81,63.35613624582863,0
39.13,4.622776,34.81,63.35613624582863,0
4.79,4.621496,34.81,63.35613624582863,0
-48.25,4.6151,34.79,63.35613624582863,0
26.27,4.622776,34.79,63.35613624582863,0
-14.37,4.612541,34.79,63.35613624582863,0
-4.87,4.612541,34.79,63.35613624582863,0
25.99,4.602307,34.77,63.35613624582863,0
-20.25,4.613821,34.77,63.35613624582863,0
2.84,4.603587,34.77,63.35613624582863,0
25.07,4.607424,34.77,63.35613624582863,0
-18.72,4.601028,34.81,63.35613624582863,0
-21.53,4.603587,34.81,63.35613624582863,0
20.71,4.59719,34.81,63.35613624582863,0
-8.4,4.599749,34.81,63.35613624582863,0
-54.6,4.595911,34.77,62.44197306299666,0
15.62,4.601028,34.77,62.44197306299666,0
-0.66,4.572885,34.77,63.35613624582863,0
-50.58,4.583118,34.77,62.44197306299666,0
12.32,4.588235,34.79,63.35613624582863,0
-9.69,4.585677,34.79,63.35613624582863,0
-19.09,4.586957,34.79,63.35613624582863,0
10.62,4.588235,34.79,63.35613624582863,0
-25.38,4.581839,34.79,63.35613624582863,0
40.42,4.581839,34.79,63.35613624582863,0
18.59,4.585677,34.79,63.35613624582863,0
-56.41,4.589515,34.79,63.35613624582863,0
49.62,4.584398,34.79,63.35613624582863,0
15.48,4.584398,34.79,63.35613624582863,0
-71.9,4.576722,34.79,63.35613624582863,0
40.14,4.570326,34.79,63.35613624582863,0
7.25,4.579281,34.81,63.35613624582863,0
-72.9,4.570326,34.81,63.35613624582863,0
42.12,4.576722,34.81,63.35613624582863,0
11.39,4.576722,34.81,62.44197306299666,0
-57.22,4.576722,34.77,63.35613624582863,0
52.82,4.579281,34.77,63.35613624582863,0
32.33,4.575443,34.77,63.35613624582863,0
-29.06,4.572885,34.77,63.35613624582863,0
2.39,4.572885,34.77,63.35613624582863,0
21.43,4.570326,34.77,63.35613624582863,0
-11.92,4.571605,34.77,63.35613624582863,0
-23.83,4.567768,34.77,63.35613624582863,0
12.7,4.567768,34.77,63.35613624582863,0
-13.77,4.565209,34.77,63.35613624582863,0
-38.74,4.561371,34.77,63.35613624582863,0
16.57,4.561371,34.77,63.35613624582863,0
-9.15,4.561371,34.79,63.35613624582863,0
-34.59,4.566488,34.79,62.44197306299666,0
15.83,4.562651,34.79,63.35613624582863,0
-13.13,4.558813,34.79,62.44197306299666,0
-22.35,4.560092,34.79,63.35613624582863,0
8.52,4.558813,34.79,62.44197306299666,0
-21.09,4.554975,34.79,63.35613624582863,0
31.9,4.554975,34.79,63.35613624582863,0
13.3,4.554975,34.79,63.35613624582863,0
-52.42,4.553696,34.79,62.44197306299666,0
44.49,4.551137,34.79,63.35613624582863,0
10.52,4.551137,34.79,62.44197306299666,0
-54.63,4.551137,34.79,63.35613624582863,0
31.22,4.549858,34.79,63.35613624582863,0
-14.38,4.548579,34.79,63.35613624582863,0
13.69,4.543462,34.79,63.35613624582863,0
35.68,4.54602,34.79,63.35613624582863,0
-23.94,4.539624,34.79,63.35613624582863,0
-9.97,4.540903,34.79,63.35613624582863,0
38.95,4.539624,34.79,63.35613624582863,0
-1.9,4.539624,34.79,63.35613624582863,0
-73.32,4.538345,34.79,63.35613624582863,0
47.58,4.538345,34.79,63.35613624582863,0
30.16,4.542182,34.79,62.44197306299666,0
-28.52,4.534507,34.79,62.44197306299666,0
16.26,4.535786,34.79,63.35613624582863,0
22.23,4.530669,34.79,63.35613624582863,0
-17.58,4.531949,34.79,62.44197306299666,0
-3.02,4.530669,34.79,63.35613624582863,0
12.87,4.531949,34.79,63.35613624582863,0
-22.26,4.531949,34.79,63.35613624582863,0
13.82,4.519156,34.79,63.35613624582863,0
14.24,4.530669,34.79,63.35613624582863,0
-28.17,4.528111,34.79,63.35613624582863,0
35.19,4.52939,34.79,63.35613624582863,0
17.11,4.522994,34.79,63.35613624582863,0
-37.3,4.525552,34.79,63.35613624582863,0
41.92,4.515318,34.79,63.35613624582863,0
24.08,4.521715,34.79,63.35613624582863,0
-39.06,4.514039,34.79,63.35613624582863,0
34.06,4.517877,34.79,63.35613624582863,0
31.59,4.519156,34.79,63.35613624582863,0
-20.79,4.516597,34.79,63.35613624582863,0
-42.19,4.510201,34.79,63.35613624582863,0
33.23,4.517877,34.81,63.35613624582863,0
5.38,4.510201,34.81,63.35613624582863,0
-63.72,4.51148,34.81,63.72597586541927,0
47.73,4.506363,34.81,62.44197306299666,0
25.76,4.502526,34.81,62.44197306299666,0
-34.98,4.507643,34.81,62.44197306299666,0
42.01,4.483337,34.81,63.35613624582863,0
19.49,4.492292,34.81,62.44197306299666,0
-31.13,4.49613,34.83,63.35613624582863,0
41.78,4.49485,34.83,62.81719509815764,0
8.97,4.497409,34.83,63.72597586541927,0
-53.88,4.493571,34.83,63.35613624582863,0
38.56,4.497409,34.79,62.81719509815764,0
4.79,4.492292,34.79,63.35613624582863,0
-56.91,4.493571,34.79,62.44197306299666,0
21.2,4.484616,34.79,63.35613624582863,0
-17.21,4.493571,34.81,62.44197306299666,0
28.33,4.485896,34.81,63.35613624582863,0
23.77,4.489733,34.81,63.35613624582863,0
-36.33,4.492292,34.81,63.35613624582863,0
55.54,4.492292,34.79,62.44197306299666,0
28.95,4.489733,34.79,63.35613624582863,0
-41.8,4.489733,34.79,63.35613624582863,0
50.78,4.491013,34.79,63.35613624582863,0
37.6,4.488454,34.77,63.35613624582863,0
-21.36,4.492292,34.77,63.35613624582863,0
-77.16,4.484616,34.77,63.35613624582863,0
41.86,4.488454,34.77,63.35613624582863,0
22.56,4.479499,34.77,63.35613624582863,0
-36.04,4.491013,34.77,63.35613624582863,0
-0.67,4.485896,34.77,63.35613624582863,0
33.48,4.487175,34.77,63.35613624582863,0
1.07,4.480778,34.81,63.35613624582863,0
-59.32,4.488454,34.81,63.35613624582863,0
42.95,4.484616,34.81,63.35613624582863,0
25.4,4.483337,34.81,63.35613624582863,0
-30.18,4.476941,34.81,63.35613624582863,0
12.42,4.476941,34.81,62.44197306299666,0
20.62,4.474382,34.81,63.35613624582863,0
-10.75,4.474382,34.81,62.44197306299666,0
-52.25,4.470544,34.79,62.44197306299666,0
16.09,4.474382,34.79,62.44197306299666,0
2.25,4.467986,34.79,62.81719509815764,0
-51.61,4.470544,34.79,62.81719509815764,0
23.13,4.470544,34.79,62.81719509815764,0
3.73,4.475661,34.79,62.81719509815764,0
-49.74,4.469265,34.79,62.81719509815764,0
10.16,4.464148,34.79,63.72597586541927,0
-17.43,4.465968,34.81,62.44197306299666,0
8.34,4.471085,34.81,63.72597586541927,0
12.71,4.468526,34.81,62.44197306299666,0
-43.98,4.468526,34.81,62.44197306299666,0
55.33,4.468526,34.79,63.72597586541927,0
20.16,4.457013,34.79,62.44197306299666,0
-72.09,4.465968,34.79,63.35613624582863,0
47.66,4.464689,34.79,63.35613624582863,0
15.65,4.464689,34.79,63.35613624582863,0
-71.15,4.463409,34.79,63.35613624582863,0
58.72,4.460851,34.79,62.44197306299666,0
41.11,4.449338,34.79,63.190189111918315,0
-19.21,4.455734,34.79,63.35613624582863,0
-90.05,4.455734,34.79,63.35613624582863,0
49.65,4.454455,34.79,63.35613624582863,0
35.26,4.449338,34.79,63.35613624582863,0
-25.84,4.451896,34.83,63.35613624582863,0
-58.66,4.4455,34.83,63.35613624582863,0
35.39,4.450617,34.83,63.35613624582863,0
14.99,4.446779,34.83,63.35613624582863,0
-37.92,4.446779,34.77,63.190189111918315,0
32.43,4.442942,34.77,63.35613624582863,0
27.65,4.437825,34.77,62.44197306299666,0
-9.27,4.442942,34.77,63.35613624582863,0
-65.28,4.440383,34.81,63.35613624582863,0
25.06,4.439104,34.81,62.44197306299666,0
12.55,4.437825,34.81,62.81719509815764,0
-36.35,4.436545,34.81,62.81719509815764,0
34.07,4.437825,34.79,62.81719509815764,0
15.38,4.437825,34.79,62.81719509815764,0
-32.26,4.441662,34.79,62.81719509815764,0
32.02,4.439104,34.79,62.81719509815764,0
10.14,4.437825,34.81,62.81719509815764,0
-44.84,4.432707,34.81,62.81719509815764,0
43.03,4.42759,34.81,62.81719509815764,0
11.59,4.435266,34.81,63.35613624582863,0
-68.99,4.425032,34.81,62.81719509815764,0
34.81,4.437825,34.81,62.81719509815764,0
2.79,4.413519,34.81,62.44197306299666,0
-35.67,4.42759,34.81,62.44197306299666,0
29.79,4.423753,34.79,63.35613624582863,0
-13.35,4.430149,34.79,63.35613624582863,0
2.26,4.422473,34.79,63.35613624582863,0
33.79,4.425032,34.79,63.35613624582863,0
-7.12,4.413519,34.79,63.35613624582863,0
-79.21,4.426311,34.79,63.35613624582863,0
45.17,4.417356,34.79,63.35613624582863,0
27.09,4.419915,34.79,63.35613624582863,0
-33.12,4.416077,34.81,62.44197306299666,0
-52.19,4.422473,34.81,63.35613624582863,0
37.63,4.413519,34.81,62.44197306299666,0
16.05,4.417356,34.81,63.35613624582863,0
-40.29,4.417356,34.79,63.35613624582863,0
24.09,4.414798,34.79,63.35613624582863,0
34.74,4.409681,34.79,62.44197306299666,0
-2.57,4.405843,34.79,63.35613624582863,0
-58.36,4.407123,34.81,63.35613624582863,0
45.46,4.402006,34.81,62.81719509815764,0
29.95,4.402006,34.81,62.81719509815764,0
-24.39,4.404564,34.81,62.81719509815764,0
-26.52,4.404564,34.81,62.81719509815764,0
15.75,4.403285,34.81,62.81719509815764,0
-1.86,4.403285,34.81,62.81719509815764,0
-54.31,4.403285,34.81,62.81719509815764,0
17.21,4.402006,34.81,62.81719509815764,0
4.4,4.402006,34.81,63.72597586541927,0
-61.52,4.391771,34.81,62.81719509815764,0
23.97,4.396888,34.81,62.81719509815764,0
0.73,4.395609,34.79,62.81719509815764,0
-55.31,4.396888,34.79,62.81719509815764,0
18.78,4.396888,34.79,62.81719509815764,0
-13.34,4.395609,34.79,62.81719509815764,0
12.68,4.396888,34.81,62.81719509815764,0
26.18,4.391771,34.81,62.81719509815764,0
-28.3,4.393051,34.81,62.81719509815764,0
50.45,4.382817,34.81,62.81719509815764,0
33.82,4.391771,34.79,62.81719509815764,0
-28.67,4.382817,34.79,62.81719509815764,0
31.52,4.387934,34.79,62.81719509815764,0
36.8,4.382817,34.79,62.81719509815764,0
-11.43,4.385375,34.79,62.81719509815764,0
-75.26,4.381537,34.79,63.72597586541927,0
40.47,4.384096,34.79,62.44197306299666,0
21.71,4.3777,34.79,63.35613624582863,0
-41.12,4.385375,34.81,62.81719509815764,0
17.77,4.378979,34.81,62.81719509815764,0
35.68,4.384096,34.81,62.44197306299666,0
-2.98,4.375141,34.81,62.81719509815764,0
-65.4,4.37642,34.79,63.72597586541927,0
48.34,4.375141,34.79,62.81719509815764,0
27.52,4.375141,34.79,62.81719509815764,0
-26.54,4.368745,34.79,62.81719509815764,0
-36.5,4.371304,34.81,62.81719509815764,0
26.59,4.371304,34.81,62.81719509815764,0
6.58,4.368745,34.81,62.81719509815764,0
-43.97,4.363628,34.81,62.81719509815764,0
38.06,4.367465,34.81,62.81719509815764,0
22.32,4.362349,34.81,62.81719509815764,0
-23.1,4.366187,34.81,62.81719509815764,0
7.75,4.354673,34.81,62.81719509815764,0
7.97,4.363628,34.79,62.81719509815764,0
-23.36,4.358511,34.79,62.81719509815764,0
12.76,4.361069,34.79,63.72597586541927,0
7.1,4.362349,34.79,63.72597586541927,0
-37.09,4.361069,34.81,62.81719509815764,0
42.1,4.35979,34.81,62.81719509815764,0
17.81,4.35979,34.81,62.81719509815764,0
-64.02,4.361069,34.81,63.35613624582863,0
51.16,4.358511,34.83,63.72597586541927,0
16.25,4.353394,34.83,62.44197306299666,0
-69.56,4.348277,34.83,62.81719509815764,0
44.12,4.357232,34.83,62.44197306299666,0
11.36,4.349556,34.81,62.44197306299666,0
-76.96,4.358511,34.81,63.35613624582863,0
54.06,4.353394,34.81,63.72597586541927,0
34.16,4.354673,34.81,62.44197306299666,0
-27.47,4.352115,34.83,62.44197306299666,0
-68.8,4.352115,34.83,63.35613624582863,0
39.81,4.325251,34.83,62.44197306299666,0
21.56,4.345718,34.83,63.72597586541927,0
-33.32,4.344439,34.81,62.81719509815764,0
6.31,4.345718,34.81,62.81719509815764,0
32.36,4.341881,34.81,62.81719509815764,0
-0.83,4.341881,34.81,62.81719509815764,0
-57.42,4.338043,34.81,62.81719509815764,0
35.09,4.340601,34.81,62.81719509815764,0
19.33,4.336764,34.81,62.81719509815764,0
-31.92,4.338043,34.81,62.81719509815764,0
35.76,4.334205,34.81,62.81719509815764,0
8.8,4.344439,34.81,62.81719509815764,0
-40.13,4.335485,34.81,62.81719509815764,0
38.25,4.335485,34.81,62.81719509815764,0
8.26,4.325251,34.79,62.81719509815764,0
-64.38,4.334205,34.79,62.81719509815764,0
33.19,4.327809,34.79,62.81719509815764,0
0.6,4.332926,34.79,63.72597586541927,0
-42.91,4.32653,34.81,62.44197306299666,0
26.88,4.329088,34.81,62.44197306299666,0
-18.29,4.323971,34.81,62.44197306299666,0
15.26,4.325251,34.81,62.44197306299666,0
29.5,4.325251,34.81,63.35613624582863,0
-23.34,4.330368,34.81,63.35613624582863,0
21.11,4.321413,34.81,63.35613624582863,0
36.08,4.317575,34.81,62.81719509815764,0
-14.13,4.317575,34.81,62.44197306299666,0
-68.09,4.320133,34.81,63.35613624582863,0
37.73,4.318854,34.81,63.72597586541927,0
12.66,4.318854,34.81,62.81719509815764,0
-53.69,4.317575,34.83,62.81719509815764,0
52.55,4.317575,34.83,62.81719509815764,0
33.63,4.316296,34.83,62.81719509815764,0
-27.42,4.316296,34.83,62.81719509815764,0
-3.34,4.316296,34.81,62.81719509815764,0
17.78,4.315016,34.81,62.81719509815764,0
-11.33,4.30862,34.81,62.81719509815764,0
-25.25,4.313737,34.81,62.81719509815764,0
4.55,4.311179,34.79,62.81719509815764,0
-17.05,4.312458,34.79,62.81719509815764,0
12.05,4.30862,34.79,63.20601237224193,0
4.11,4.311179,34.79,63.20601237224193,0
-39.06,4.30862,34.81,63.20601237224193,0
49.39,4.313737,34.81,63.20601237224193,0
13.52,4.311179,34.81,63.20601237224193,0
-68.61,4.30862,34.81,63.608175575157006,0
33.13,4.306062,34.83,62.71363488110062,0
-2.15,4.302224,34.83,62.71363488110062,0
-18.68,4.304782,34.83,62.71363488110062,0
21.57,4.303503,34.83,62.71363488110062,0
-15.96,4.303503,34.81,62.71363488110062,0
11.6,4.307341,34.81,62.71363488110062,0
24.16,4.304782,34.81,62.71363488110062,0
-12.49,4.293269,34.81,63.608175575157006,0
-37.22,4.302224,34.81,62.30569797378086,0
20.2,4.302224,34.81,63.20601237224193,0
18.45,4.302224,34.81,63.20601237224193,0
-17.71,4.294549,34.81,63.20601237224193,0
-71.35,4.29199,34.81,63.20601237224193,0
38.9,4.297107,34.81,63.20601237224193,0
32.04,4.297107,34.81,63.20601237224193,0
-13.42,4.289432,34.81,63.20601237224193,0
-56.6,4.29199,34.79,63.20601237224193,0
17.15,4.288152,34.79,63.20601237224193,0
11.45,4.288152,34.79,62.81719509815764,0
-31.48,4.288152,34.79,62.81719509815764,0
25.06,4.289432,34.81,62.81719509815764,0
8.28,4.288152,34.81,62.81719509815764,0
-13.21,4.285594,34.81,63.72597586541927,0
-48.21,4.277918,34.81,62.81719509815764,0
15.92,4.281756,34.84,62.64982043070834,0
9.21,4.281756,34.84,62.27358990776106,0
-29.22,4.280477,34.84,63.56099432828282,0
28.2,4.279197,34.84,63.72597586541927,0
17.02,4.270243,34.81,62.27358990776106,0
-13.24,4.280477,34.81,63.56099432828282,0
-34.61,4.277918,34.81,62.27358990776106,0
5.48,4.279197,34.81,62.81719509815764,0
-1.76,4.271522,34.83,63.35613624582863,0
-33.17,4.279197,34.83,63.190189111918315,0
25.8,4.247216,34.83,63.190189111918315,0
23.11,4.266405,34.83,63.190189111918315,0
-14.02,4.260008,34.79,63.35613624582863,0
-29.34,4.270243,34.79,63.35613624582863,0
14.62,4.263846,34.79,63.35613624582863,0
6.77,4.265126,34.79,63.35613624582863,0
-45.44,4.261288,34.81,63.56099432828282,0
36.26,4.267684,34.81,63.35613624582863,0
28.23,4.265126,34.81,62.27358990776106,0
-26.45,4.263846,34.81,63.190189111918315,0
36.82,4.25745,34.79,63.190189111918315,0
27.02,4.260008,34.79,63.35613624582863,0
-16.59,4.256171,34.79,63.35613624582863,0
-5.34,4.25745,34.79,63.190189111918315,0
22.21,4.253613,34.81,63.35613624582863,0
-3.37,4.260008,34.81,63.35613624582863,0
-44.38,4.252333,34.81,62.64982043070834,0
19.0,4.253613,34.81,63.72597586541927,0
3.07,4.253613,34.79,63.72597586541927,0
-52.24,4.258729,34.79,62.81719509815764,0
21.94,4.248495,34.79,62.81719509815764,0
5.51,4.252333,34.79,62.81719509815764,0
-55.0,4.24082,34.81,62.81719509815764,0
20.71,4.252333,34.81,62.81719509815764,0
7.67,4.248495,34.81,62.81719509815764,0
-46.9,4.245937,34.81,62.81719509815764,0
9.4,4.243378,34.81,62.81719509815764,0
-5.54,4.249774,34.81,62.81719509815764,0
-16.36,4.236982,34.81,62.81719509815764,0
6.79,4.245937,34.81,62.81719509815764,0
-24.47,4.24082,34.81,63.20601237224193,0
37.8,4.245937,34.81,63.20601237224193,0
16.29,4.243378,34.81,62.81719509815764,0
-48.84,4.24082,34.81,62.81719509815764,0
48.6,4.242099,34.79,62.81719509815764,0
20.19,4.239541,34.79,62.81719509815764,0
-60.76,4.24082,34.79,62.81719509815764,0
45.74,4.24082,34.79,62.81719509815764,0
33.1,4.230586,34.81,62.81719509815764,0
-22.26,4.244658,34.81,62.81719509815764,0
-72.74,4.235703,34.81,62.81719509815764,0
34.51,4.236982,34.81,62.81719509815764,0
21.37,4.233144,34.81,62.81719509815764,0
-27.35,4.238261,34.81,62.81719509815764,0
-32.14,4.226748,34.81,62.81719509815764,0
26.38,4.233144,34.81,62.81719509815764,0
10.87,4.226748,34.81,62.81719509815764,0
-37.3,4.234424,34.81,62.81719509815764,0
32.69,4.228027,34.81,62.81719509815764,0
28.38,4.229307,34.81,62.81719509815764,0
-6.94,4.221631,34.81,62.81719509815764,0
-68.08,4.229307,34.81,62.81719509815764,0
36.69,4.228027,34.81,62.81719509815764,0
24.52,4.230586,34.81,63.72597586541927,0
-35.38,4.221631,34.81,62.81719509815764,0
7.56,4.22291,34.81,62.81719509815764,0
27.12,4.220352,34.81,62.44197306299666,0
-4.93,4.219072,34.81,62.81719509815764,0
-65.79,4.216514,34.81,62.44197306299666,0
42.76,4.215235,34.81,63.35613624582863,0
31.59,4.213955,34.81,63.72597586541927,0
-24.88,4.216514,34.81,62.44197306299666,0
-21.44,4.211397,34.81,62.44197306299666,0
26.99,4.220352,34.81,63.35613624582863,0
4.23,4.215235,34.81,62.81719509815764,0
-51.33,4.215235,34.81,62.44197306299666,0
40.52,4.208838,34.83,62.81719509815764,0
25.89,4.216514,34.83,62.44197306299666,0
-28.96,4.212676,34.83,63.35613624582863,0
23.87,4.213955,34.83,62.44197306299666,0
18.24,4.213955,34.81,62.44197306299666,0
-15.12,4.215235,34.81,62.44197306299666,0
-13.74,4.211397,34.81,62.81719509815764,0
11.96,4.199884,34.81,62.44197306299666,0
-12.45,4.210118,34.83,62.81719509815764,0
-17.49,4.208838,34.83,62.81719509815764,0
10.16,4.207559,34.83,62.81719509815764,0
-14.55,4.198605,34.83,63.72597586541927,0
14.49,4.205001,34.79,62.81719509815764,0
10.12,4.198605,34.79,62.81719509815764,0
-24.56,4.181974,34.79,62.81719509815764,0
38.69,4.190929,34.79,62.81719509815764,0
10.13,4.196046,34.81,62.81719509815764,0
-52.7,4.190929,34.81,62.81719509815764,0
20.08,4.194767,34.81,62.81719509815764,0
-8.57,4.196046,34.81,62.81719509815764,0
7.92,4.194767,34.83,62.81719509815764,0
9.66,4.18965,34.83,62.81719509815764,0
-41.73,4.188371,34.83,62.44197306299666,0
45.87,4.188371,34.83,62.44197306299666,0
10.78,4.18965,34.83,62.44197306299666,0
-46.42,4.190929,34.83,63.35613624582863,0
31.11,4.187091,34.83,63.72597586541927,0
-12.0,4.18965,34.83,63.35613624582863,0
-6.38,4.18965,34.83,62.44197306299666,0
36.14,4.18965,34.83,63.72597586541927,0
5.98,4.188371,34.83,63.35613624582863,0
-52.65,4.187091,34.83,62.44197306299666,0
47.56,4.187091,34.81,62.81719509815764,0
42.01,4.183253,34.81,62.81719509815764,0
-7.61,4.184533,34.81,62.81719509815764,0
-71.64,4.183253,34.81,62.44197306299666,0
39.22,4.184533,34.81,62.44197306299666,0
24.69,4.183253,34.81,63.72597586541927,0
-29.11,4.180695,34.81,62.44197306299666,0
7.68,4.181974,34.81,62.81719509815764,0
20.47,4.178136,34.83,63.35613624582863,0
-6.69,4.183253,34.83,63.72597586541927,0
-57.03,4.176857,34.83,62.81719509815764,0
26.19,4.176857,34.83,63.72597586541927,0
13.36,4.169182,34.79,62.81719509815764,0
-33.49,4.179416,34.79,62.81719509815764,0
30.17,4.162786,34.79,62.81719509815764,0
15.25,4.174299,34.79,62.81719509815764,0
-23.08,4.170461,34.81,62.81719509815764,0
-2.05,4.176857,34.81,63.72597586541927,0
6.3,4.167902,34.81,62.81719509815764,0
-21.66,4.170461,34.81,62.81719509815764,0
21.13,4.17174,34.81,62.81719509815764,0
4.75,4.170461,34.81,63.72597586541927,0
-41.64,4.169182,34.81,62.81719509815764,0
40.39,4.164065,34.81,62.81719509815764,0
7.29,4.17174,34.83,62.81719509815764,0
-52.01,4.17174,34.83,62.81719509815764,0
19.91,4.164065,34.83,62.81719509815764,0
-15.43,4.164065,34.83,62.81719509815764,0
37.78,4.166623,34.83,63.20601237224193,0
23.5,4.169182,34.83,62.81719509815764,0
-41.57,4.167902,34.83,62.81719509815764,0
61.84,4.161506,34.83,62.81719509815764,0
24.4,4.166623,34.84,62.81719509815764,0
-45.07,4.164065,34.84,62.81719509815764,0
56.71,4.161506,34.84,62.81719509815764,0
41.81,4.160227,34.84,62.81719509815764,0
-11.81,4.160227,34.81,62.81719509815764,0
-72.23,4.161506,34.81,62.81719509815764,0
50.43,4.160227,34.81,62.81719509815764,0
34.18,4.15511,34.81,62.81719509815764,0
-25.38,4.161506,34.81,62.81719509815764,0
-30.59,4.153831,34.81,62.81719509815764,0
25.93,4.15511,34.81,62.81719509815764,0
2.49,4.151272,34.81,62.81719509815764,0
-45.55,4.153831,34.81,62.81719509815764,0
44.48,4.144876,34.81,62.81719509815764,0
22.01,4.144876,34.81,62.81719509815764,0
-23.37,4.13848,34.81,62.81719509815764,0
-35.61,4.148714,34.83,62.81719509815764,0
21.48,4.149993,34.83,62.81719509815764,0
-1.41,4.148714,34.83,62.81719509815764,0
-57.72,4.147434,34.83,62.81719509815764,0
42.56,4.148714,34.79,62.81719509815764,0
27.22,4.146155,34.79,63.72597586541927,0
-28.75,4.143597,34.79,62.81719509815764,0
-23.95,4.147434,34.79,62.81719509815764,0
28.26,4.141038,34.81,62.81719509815764,0
5.57,4.144876,34.81,62.81719509815764,0
-67.2,4.142317,34.81,62.81719509815764,0
36.06,4.143597,34.81,63.72597586541927,0
18.45,4.13848,34.81,62.81719509815764,0
-36.71,4.143597,34.81,63.72597586541927,0
47.15,4.118011,34.81,62.81719509815764,0
24.4,4.132083,34.81,62.81719509815764,0
-27.48,4.133363,34.81,63.72597586541927,0
13.71,4.1372,34.81,62.81719509815764,0
20.7,4.130804,34.81,62.81719509815764,0
-13.06,4.128246,34.81,62.81719509815764,0
-5.63,4.128246,34.81,62.81719509815764,0
11.6,4.133363,34.81,62.81719509815764,0
-14.68,4.129525,34.81,62.81719509815764,0
9.2,4.128246,34.81,62.81719509815764,0
9.31,4.129525,34.81,62.81719509815764,0
-27.01,4.133363,34.81,62.81719509815764,0
41.03,4.130804,34.81,62.81719509815764,0
4.24,4.134642,34.81,62.81719509815764,0
-56.84,4.130804,34.81,62.81719509815764,0
17.71,4.128246,34.81,62.81719509815764,0
-12.56,4.124408,34.81,62.81719509815764,0
26.13,4.128246,34.81,62.81719509815764,0
14.33,4.125687,34.81,62.81719509815764,0
-57.17,4.128246,34.81,63.72597586541927,0
42.87,4.125687,34.81,62.81719509815764,0
10.51,4.123129,34.81,62.81719509815764,0
-47.91,4.124408,34.83,62.81719509815764,0
31.02,4.123129,34.83,62.81719509815764,0
2.98,4.126966,34.83,62.81719509815764,0
-64.3,4.119291,34.83,62.44197306299666,0
38.95,4.12057,34.81,62.81719509815764,0
20.3,4.115453,34.81,63.72597586541927,0
-42.41,4.12057,34.81,62.81719509815764,0
23.86,4.112895,34.81,62.81719509815764,0
39.26,4.116733,34.81,62.81719509815764,0
-1.89,4.107778,34.81,62.44197306299666,0
-61.65,4.115453,34.81,62.81719509815764,0
46.26,4.112895,34.81,62.81719509815764,0
28.82,4.112895,34.81,62.81719509815764,0
-27.53,4.111615,34.81,62.81719509815764,0
-2.97,4.111615,34.81,62.81719509815764,0
18.64,4.111615,34.81,62.81719509815764,0
-4.76,4.106498,34.81,62.81719509815764,0
-55.19,4.115453,34.81,62.81719509815764,0
17.42,4.105219,34.81,62.81719509815764,0
7.43,4.109057,34.81,62.81719509815764,0
-49.04,4.105219,34.81,62.81719509815764,0
14.29,4.111615,34.81,62.81719509815764,0
-5.15,4.105219,34.81,62.81719509815764,0
-36.37,4.106498,34.81,62.81719509815764,0
5.15,4.10394,34.83,62.81719509815764,0
-24.66,4.109057,34.83,62.81719509815764,0
28.37,4.106498,34.83,62.81719509815764,0
14.16,4.102661,34.83,62.81719509815764,0
-59.57,4.105219,34.83,62.81719509815764,0
48.41,4.105219,34.83,62.81719509815764,0
13.16,4.102661,34.83,62.81719509815764,0
-54.03,4.102661,34.83,62.81719509815764,0
40.42,4.102661,34.81,62.81719509815764,0
5.28,4.100102,34.81,62.81719509815764,0
-74.55,4.101381,34.81,62.81719509815764,0
51.43,4.105219,34.81,62.81719509815764,0
34.64,4.101381,34.81,62.81719509815764,0
-13.47,4.100102,34.81,62.81719509815764,0
-65.63,4.094985,34.81,62.81719509815764,0
48.13,4.094985,34.81,62.81719509815764,0
45.73,4.094985,34.83,62.81719509815764,0
-7.08,4.093706,34.83,62.81719509815764,0
-69.42,4.091147,34.83,62.81719509815764,0
45.52,4.088589,34.83,62.81719509815764,0
30.04,4.094985,34.81,62.81719509815764,0
-18.56,4.088589,34.81,62.81719509815764,0
-63.11,4.088589,34.81,62.81719509815764,0
29.7,4.084751,34.81,62.81719509815764,0
14.27,4.08603,34.81,63.35613624582863,0
-36.14,4.082192,34.81,63.182275995725256,0
23.22,4.083472,34.81,61.22907805936653,0
22.92,4.088589,34.81,63.74950980203691,0
-16.67,4.118011,34.83,64.25729530566937,0
-78.06,4.105219,34.83,65.0384501660364,0
121.63,4.093706,34.83,65.49045732013177,0
143.47,4.096264,34.83,63.53739056650029,0
-253.8,4.08731,34.83,64.68384651518491,0
-72.72,4.094985,34.83,63.0,0
255.39,4.074517,34.83,63.35613624582863,0
-107.72,4.08603,34.83,63.190189111918315,0
-74.67,4.078355,34.83,63.56099432828282,0
40.79,4.088589,34.83,62.64982043070834,0
-72.94,4.079634,34.83,63.56099432828282,0
23.53,4.082192,34.83,62.64982043070834,0
0.15,4.077075,34.81,62.64982043070834,0
41.05,4.079634,34.81,62.64982043070834,0
26.97,4.074517,34.81,62.64982043070834,0
-44.84,4.078355,34.81,62.64982043070834,0
31.6,4.077075,34.83,63.56099432828282,0
-7.05,4.083472,34.83,63.56099432828282,0
51.35,4.075797,34.83,63.56099432828282,0
14.46,4.0694,34.83,63.190189111918315,0
-46.22,4.075797,34.83,63.190189111918315,0
27.98,4.068121,34.83,63.190189111918315,0
-21.64,4.074517,34.83,63.190189111918315,0
51.13,4.070679,34.83,63.190189111918315,0
30.15,4.073238,34.83,63.190189111918315,0
-31.87,4.0694,34.83,63.190189111918315,0
-0.07,4.0694,34.83,63.190189111918315,0
30.24,4.070679,34.83,63.190189111918315,0
7.02,4.0694,34.81,63.190189111918315,0
-25.22,4.0694,34.81,63.190189111918315,0
-79.77,4.068121,34.81,63.190189111918315,0
31.42,4.065562,34.81,63.190189111918315,0
21.75,4.063004,34.83,63.190189111918315,0
-18.74,4.061725,34.83,63.190189111918315,0
-63.53,4.061725,34.83,62.27358990776106,0
21.89,4.057887,34.83,63.190189111918315,0
13.99,4.063004,34.81,63.56099432828282,0
-30.9,4.063004,34.81,63.56099432828282,0
19.04,4.061725,34.81,62.64982043070834,0
21.5,4.061725,34.81,62.64982043070834,0
-9.14,4.057887,34.81,63.56099432828282,0
-47.05,4.055328,34.81,63.56099432828282,0
8.67,4.057887,34.81,63.56099432828282,0
0.11,4.055328,34.81,62.64982043070834,0
-44.88,4.056608,34.83,62.27358990776106,0
7.87,4.061725,34.83,63.190189111918315,0
-16.37,4.047653,34.83,63.190189111918315,0
14.47,4.055328,34.83,63.190189111918315,0
12.61,4.05277,34.81,63.190189111918315,0
-44.36,4.060445,34.81,63.190189111918315,0
57.81,4.050211,34.81,63.190189111918315,0
20.32,4.051491,34.81,63.190189111918315,0
-73.07,4.042536,34.83,63.190189111918315,0
46.04,4.054049,34.83,62.27358990776106,0
12.74,4.045094,34.83,63.190189111918315,0
-68.88,4.048932,34.83,63.190189111918315,0
38.92,4.041256,34.81,63.190189111918315,0
13.59,4.046373,34.81,63.190189111918315,0
-55.25,4.041256,34.81,63.190189111918315,0
53.47,4.045094,34.81,63.190189111918315,0
33.59,4.042536,34.81,63.190189111918315,0
-28.46,4.047653,34.81,63.190189111918315,0
8.79,4.039978,34.81,63.190189111918315,0
27.18,4.037419,34.81,63.190189111918315,0
-6.76,4.036139,34.81,63.190189111918315,0
-67.76,4.041256,34.81,63.190189111918315,0
25.84,4.038698,34.81,63.190189111918315,0
13.13,4.038698,34.81,63.190189111918315,0
-42.92,4.039978,34.81,63.190189111918315,0
41.01,4.038698,34.81,63.56099432828282,0
16.56,4.042536,34.81,62.64982043070834,0
-41.61,4.039978,34.81,62.64982043070834,0
36.89,4.039978,34.83,62.64982043070834,0
10.65,4.042536,34.83,62.64982043070834,0
-51.08,4.032302,34.83,62.64982043070834,0
15.65,4.037419,34.83,62.64982043070834,0
-6.32,4.03486,34.83,62.64982043070834,0
-7.35,4.036139,34.83,62.64982043070834,0
2.91,4.036139,34.83,62.64982043070834,0
-40.49,4.03486,34.83,62.64982043070834,0
45.85,4.033581,34.83,63.56099432828282,0
9.28,4.024626,34.83,62.64982043070834,0
-38.03,4.03486,34.83,62.64982043070834,0
24.69,4.031023,34.83,62.64982043070834,0
-17.66,4.032302,34.83,63.56099432828282,0
47.35,4.028464,34.83,62.27358990776106,0
44.53,4.011834,34.83,63.56099432828282,0
5.88,4.01823,34.83,63.56099432828282,0
-44.12,4.024626,34.84,62.64982043070834,0
-30.91,4.016951,34.84,63.190189111918315,0
42.94,4.023347,34.84,63.190189111918315,0
14.03,4.01823,34.84,63.190189111918315,0
-43.1,4.022068,34.84,63.190189111918315,0
33.14,4.023347,34.84,63.190189111918315,0
38.73,4.024626,34.84,63.190189111918315,0
-2.01,4.015672,34.84,63.190189111918315,0
-56.07,4.013113,34.83,62.27358990776106,0
46.18,4.014392,34.83,63.190189111918315,0
33.41,4.015672,34.83,63.56099432828282,0
-12.11,4.011834,34.83,63.72597586541927,0
-67.71,4.011834,34.83,63.56099432828282,0
35.84,4.014392,34.83,63.56099432828282,0
24.86,4.013113,34.83,62.27358990776106,0
-22.88,4.009275,34.83,63.56099432828282,0
-45.15,4.013113,34.87,62.64982043070834,0
18.71,4.007996,34.87,63.56099432828282,0
8.34,4.009275,34.87,62.27358990776106,0
-38.27,4.002879,34.87,63.190189111918315,0
35.42,4.009275,34.84,63.56099432828282,0
22.75,4.006717,34.84,63.56099432828282,0
-16.98,4.009275,34.84,62.27358990776106,0
-38.02,4.010555,34.84,62.81719509815764,0
19.02,4.007996,34.84,62.64982043070834,0
4.72,4.006717,34.84,63.35613624582863,0
-62.7,4.007996,34.84,63.03967004989794,0
27.94,4.009275,34.84,62.64982043070834,0
10.69,4.006717,34.84,62.64982043070834,0
-58.6,4.002879,34.84,62.64982043070834,0
32.46,3.999041,34.84,62.81719509815764,0
-16.2,4.00032,34.84,62.64982043070834,0
4.23,4.00032,34.84,63.72597586541927,0
11.7,4.0016,34.84,62.64982043070834,0
-39.1,3.997762,34.84,63.56099432828282,0
45.52,3.995203,34.84,62.64982043070834,0
12.28,3.999041,34.83,63.190189111918315,0
-53.69,3.999041,34.83,63.190189111918315,0
31.09,4.002879,34.83,62.27358990776106,0
-5.37,3.996483,34.83,63.190189111918315,0
11.16,3.996483,34.83,63.56099432828282,0
25.82,3.988807,34.83,62.27358990776106,0
-10.72,3.995203,34.83,63.190189111918315,0
-78.41,3.993924,34.83,63.190189111918315,0
44.19,3.995203,34.83,63.190189111918315,0
27.85,3.996483,34.83,63.56099432828282,0
-28.96,3.995203,34.83,63.190189111918315,0
-26.33,3.996483,34.83,62.64982043070834,0
32.37,3.995203,34.83,63.190189111918315,0
7.54,4.00032,34.83,62.64982043070834,0
-40.13,3.995203,34.83,63.35613624582863,0
43.01,3.995203,34.83,63.35613624582863,0
25.4,3.988807,34.83,63.190189111918315,0
-23.11,3.997762,34.83,63.190189111918315,0
-34.63,3.991366,34.83,63.56099432828282,0
26.38,3.992645,34.83,61.98386886924694,0
0.13,3.991366,34.83,61.91122676865643,0
-63.06,3.995203,34.83,63.190189111918315,0
14.8,3.988807,34.83,63.35613624582863,0
21.22,3.990087,34.83,63.190189111918315,0
-69.97,3.992645,34.83,63.190189111918315,0
28.55,3.991366,34.83,63.190189111918315,0
7.36,3.988807,34.83,63.190189111918315,0
-56.79,3.98497,34.83,63.56099432828282,0
17.96,3.986249,34.84,63.56099432828282,0
-13.84,3.986249,34.84,62.64982043070834,0
-13.85,3.976015,34.84,63.56099432828282,0
18.86,3.982411,34.84,62.64982043070834,0
-22.56,3.986249,34.84,62.64982043070834,0
45.15,3.98497,34.84,63.56099432828282,0
17.38,3.974735,34.84,63.190189111918315,0
-58.48,3.98369,34.84,62.27358990776106,0
32.98,3.973456,34.83,63.190189111918315,0
-4.03,3.987528,34.83,63.190189111918315,0
-7.6,3.977294,34.83,63.190189111918315,0
16.15,3.981132,34.83,63.190189111918315,0
-35.02,3.978573,34.83,63.190189111918315,0
56.01,3.98369,34.83,63.190189111918315,0
22.41,3.959384,34.83,63.190189111918315,0
-62.28,3.98378,34.83,63.190189111918315,0
58.43,3.981222,34.84,63.190189111918315,0
33.49,3.988897,34.84,63.190189111918315,0
-40.83,3.98506,34.84,63.190189111918315,0
20.8,3.98506,34.84,63.190189111918315,0
37.56,3.981222,34.83,63.190189111918315,0
-4.53,3.982501,34.83,63.190189111918315,0
-73.08,3.979943,34.83,63.190189111918315,0
46.88,3.979943,34.83,63.56099432828282,0
28.47,3.977384,34.83,63.190189111918315,0
-34.27,3.982501,34.83,63.190189111918315,0
25.4,3.974826,34.83,63.190189111918315,0
18.06,3.974826,34.83,63.190189111918315,0
-19.79,3.973546,34.84,63.190189111918315,0
19.76,3.981222,34.84,63.190189111918315,0
10.29,3.972267,34.84,63.190189111918315,0
-29.78,3.974826,34.84,63.56099432828282,0
32.49,3.969709,34.81,62.27358990776106,0
13.91,3.974826,34.81,63.190189111918315,0
-32.09,3.974826,34.81,63.190189111918315,0
41.56,3.972267,34.81,63.190189111918315,0
16.31,3.973546,34.83,63.190189111918315,0
-39.11,3.976105,34.83,63.190189111918315,0
47.08,3.970988,34.83,63.190189111918315,0
16.99,3.970988,34.83,62.27358990776106,0
-47.68,3.973546,34.83,63.190189111918315,0
45.62,3.969709,34.83,63.190189111918315,0
16.18,3.969709,34.83,63.190189111918315,0
-60.59,3.962033,34.83,63.190189111918315,0
34.7,3.968429,34.83,63.56099432828282,0
9.13,3.965871,34.83,63.56099432828282,0
-54.39,3.965871,34.83,62.64982043070834,0
21.28,3.956916,34.83,63.56099432828282,0
-6.43,3.964592,34.83,62.64982043070834,0
-15.53,3.964592,34.83,63.56099432828282,0
10.58,3.964592,34.83,62.64982043070834,0
-18.58,3.96715,34.83,62.64982043070834,0
35.95,3.965871,34.83,62.64982043070834,0
8.83,3.963312,34.83,63.56099432828282,0
-51.22,3.958195,34.83,62.64982043070834,0
32.59,3.958195,34.83,63.56099432828282,0
-1.73,3.959475,34.83,62.64982043070834,0
-14.47,3.964592,34.83,63.56099432828282,0
10.87,3.962033,34.83,62.64982043070834,0
-36.32,3.951799,34.83,63.56099432828282,0
52.32,3.959475,34.83,62.64982043070834,0
19.78,3.95052,34.83,63.56099432828282,0
-72.59,3.962033,34.83,63.56099432828282,0
41.22,3.959475,34.83,62.64982043070834,0
9.61,3.959475,34.84,63.56099432828282,0
-78.16,3.953078,34.84,63.56099432828282,0
49.87,3.958195,34.84,63.56099432828282,0
27.28,3.951799,34.84,62.64982043070834,0
-35.34,3.953078,34.83,62.64982043070834,0
-26.46,3.947961,34.83,63.56099432828282,0
41.45,3.951799,34.83,63.56099432828282,0
12.17,3.947961,34.83,63.56099432828282,0
-39.85,3.947961,34.83,63.56099432828282,0
26.52,3.946682,34.83,62.64982043070834,0
34.01,3.946682,34.83,63.56099432828282,0
-5.54,3.942844,34.83,63.56099432828282,0
-58.84,3.940286,34.83,62.64982043070834,0
39.74,3.945403,34.83,62.64982043070834,0
21.46,3.944124,34.83,62.64982043070834,0
-28.91,3.939007,34.83,63.56099432828282,0
19.71,3.941565,34.84,63.56099432828282,0
11.91,3.939007,34.84,62.64982043070834,0
-22.11,3.941565,34.84,63.56099432828282,0
-4.16,3.937727,34.84,63.190189111918315,0
10.47,3.941565,34.83,62.64982043070834,0
-20.25,3.940286,34.83,63.56099432828282,0
-14.96,3.941565,34.83,63.56099432828282,0
13.43,3.93261,34.83,62.64982043070834,0
-18.53,3.939007,34.83,62.64982043070834,0
-4.01,3.936448,34.83,62.64982043070834,0
20.08,3.936448,34.83,62.64982043070834,0
-18.0,3.937727,34.83,63.56099432828282,0
29.28,3.936448,34.83,63.56099432828282,0
14.71,3.935169,34.83,62.64982043070834,0
-30.24,3.910863,34.83,62.64982043070834,0
47.8,3.93261,34.83,62.64982043070834,0
19.19,3.928773,34.83,62.64982043070834,0
-51.03,3.936448,34.83,62.64982043070834,0
28.9,3.926214,34.83,62.64982043070834,0
0.01,3.93261,34.83,62.64982043070834,0
-13.17,3.926214,34.83,62.64982043070834,0
8.13,3.935169,34.83,63.56099432828282,0
-34.37,3.926214,34.83,62.64982043070834,0
48.56,3.930052,34.83,62.64982043070834,0
14.94,3.926214,34.87,62.64982043070834,0
-63.31,3.93261,34.87,63.56099432828282,0
34.26,3.931331,34.87,62.64982043070834,0
-7.47,3.93389,34.87,62.64982043070834,0
-10.29,3.928773,34.84,62.64982043070834,0
38.91,3.927493,34.84,62.64982043070834,0
1.72,3.926214,34.84,63.56099432828282,0
-61.28,3.930052,34.84,62.64982043070834,0
51.2,3.924935,34.87,62.64982043070834,0
45.29,3.931331,34.87,63.56099432828282,0
-11.09,3.923656,34.87,63.56099432828282,0
-73.29,3.930052,34.87,62.64982043070834,0
51.06,3.923656,34.84,62.64982043070834,0
37.13,3.931331,34.84,63.56099432828282,0
-16.44,3.923656,34.84,62.64982043070834,0
-75.85,3.924935,34.84,62.64982043070834,0
29.54,3.914701,34.83,62.64982043070834,0
15.91,3.922376,34.83,62.64982043070834,0
-38.5,3.918539,34.83,62.64982043070834,0
40.46,3.923656,34.83,62.64982043070834,0
13.21,3.917259,34.83,63.56099432828282,0
-36.29,3.924935,34.83,63.56099432828282,0
45.54,3.914701,34.83,62.64982043070834,0
14.13,3.919818,34.83,62.64982043070834,0
-53.27,3.919818,34.84,62.64982043070834,0
42.7,3.919818,34.84,62.64982043070834,0
15.68,3.91598,34.84,63.56099432828282,0
-59.64,3.913422,34.84,62.64982043070834,0
56.07,3.917259,34.84,62.64982043070834,0
26.66,3.919818,34.84,62.81719509815764,0
-54.52,3.917259,34.84,62.64982043070834,0
51.73,3.907025,34.84,62.64982043070834,0
29.4,3.917259,34.83,62.64982043070834,0
-39.68,3.913422,34.83,62.64982043070834,0
45.71,3.91598,34.83,62.64982043070834,0
31.41,3.914701,34.83,62.81719509815764,0
-28.91,3.914701,34.84,62.64982043070834,0
29.8,3.910863,34.84,62.64982043070834,0
23.81,3.907025,34.84,62.64982043070834,0
-24.59,3.908304,34.84,62.64982043070834,0
26.66,3.908304,34.83,62.64982043070834,0
6.86,3.905746,34.83,62.64982043070834,0
-35.3,3.909584,34.83,63.35613624582863,0
46.12,3.908304,34.83,62.545983084447556,0
7.69,3.909584,34.83,62.177166226839255,0
-65.59,3.914701,34.83,62.94441992742486,0
10.81,3.924935,34.83,68.9492567037528,0
-41.29,3.922376,34.83,62.75348595894893,0
66.32,3.886557,34.87,67.60917097554147,0
-70.34,3.947961,34.87,62.313722405261586,0
24.13,3.959475,34.87,63.48228099241551,0
129.47,3.976105,34.87,60.241181927316134,0
-149.25,3.944124,34.83,62.88083968904996,0
-47.34,3.962033,34.83,63.20601237224193,0
57.49,3.963312,34.83,63.190189111918315,0
-73.97,3.965871,34.83,63.190189111918315,0
39.47,3.960754,34.83,63.190189111918315,0
36.85,3.96715,34.83,63.190189111918315,0
-26.9,3.956916,34.83,63.190189111918315,0
39.61,3.956916,34.83,63.190189111918315,0
14.52,3.946682,34.87,63.190189111918315,0
-50.01,3.956916,34.87,63.190189111918315,0
20.06,3.949241,34.87,63.190189111918315,0
-17.96,3.951799,34.87,63.190189111918315,0
41.18,3.945403,34.83,62.849025449882674,0
16.13,3.949241,34.83,62.849025449882674,0
-61.95,3.949241,34.83,62.849025449882674,0
55.17,3.947961,34.83,62.849025449882674,0
17.54,3.949241,34.83,62.849025449882674,0
-74.15,3.946682,34.83,62.849025449882674,0
49.41,3.923656,34.83,62.849025449882674,0
32.09,3.93389,34.83,62.849025449882674,0
-7.64,3.937727,34.83,62.849025449882674,0
-53.89,3.936448,34.83,62.849025449882674,0
27.19,3.936448,34.83,62.505999712027645,0
33.63,3.937727,34.83,62.849025449882674,0
-0.44,3.93389,34.84,62.505999712027645,0
-45.06,3.935169,34.84,62.849025449882674,0
31.21,3.935169,34.84,62.849025449882674,0
28.24,3.939007,34.84,62.849025449882674,0
-8.79,3.936448,34.81,62.849025449882674,0
-56.34,3.935169,34.81,63.190189111918315,0
37.64,3.928773,34.81,62.849025449882674,0
27.74,3.93261,34.81,63.190189111918315,0
-20.08,3.93261,34.83,63.190189111918315,0
-41.18,3.93261,34.83,63.190189111918315,0
15.53,3.93261,34.83,63.190189111918315,0
2.49,3.930052,34.83,62.849025449882674,0
-66.98,3.930052,34.84,62.849025449882674,0
29.62,3.93389,34.84,63.190189111918315,0
8.24,3.930052,34.84,62.849025449882674,0
-79.06,3.930052,34.84,62.849025449882674,0
38.28,3.930052,34.83,62.849025449882674,0
8.14,3.922376,34.83,62.849025449882674,0
-76.25,3.927493,34.83,62.505999712027645,0
44.2,3.927493,34.83,62.505999712027645,0
3.76,3.926214,34.83,62.505999712027645,0
-68.58,3.926214,34.83,62.505999712027645,0
45.04,3.926214,34.83,63.190189111918315,0
7.32,3.926214,34.83,62.505999712027645,0
-84.0,3.924935,34.83,63.190189111918315,0
51.84,3.91598,34.83,62.849025449882674,0
29.62,3.923656,34.83,62.849025449882674,0
-42.13,3.921097,34.83,62.849025449882674,0
46.25,3.917259,34.84,62.849025449882674,0
32.03,3.91598,34.84,63.20601237224193,0
-26.06,3.91598,34.84,62.849025449882674,0
1.59,3.914701,34.84,63.20601237224193,0
12.99,3.917259,34.84,62.849025449882674,0
-21.0,3.917259,34.84,63.20601237224193,0
30.2,3.918539,34.84,62.849025449882674,0
0.85,3.914701,34.84,63.20601237224193,0
-56.13,3.918539,34.83,62.849025449882674,0
50.08,3.910863,34.83,62.849025449882674,0
8.1,3.912142,34.83,62.849025449882674,0
-70.51,3.904467,34.83,62.849025449882674,0
30.54,3.910863,34.84,62.849025449882674,0
-10.74,3.909584,34.84,62.849025449882674,0
-8.99,3.910863,34.84,62.849025449882674,0
28.65,3.905746,34.84,62.849025449882674,0
-27.5,3.907025,34.84,62.849025449882674,0
24.5,3.904467,34.84,62.505999712027645,0
37.63,3.905746,34.84,62.849025449882674,0
-22.45,3.907025,34.84,62.505999712027645,0
-37.81,3.907025,34.84,62.849025449882674,0
37.32,3.905746,34.84,62.505999712027645,0
3.9,3.898071,34.84,62.849025449882674,0
-73.2,3.89935,34.84,62.849025449882674,0
57.51,3.901908,34.84,62.849025449882674,0
39.23,3.901908,34.84,62.849025449882674,0
-30.44,3.89935,34.84,62.849025449882674,0
20.41,3.903188,34.84,62.849025449882674,0
20.18,3.89935,34.83,63.54525946126902,0
-14.4,3.905746,34.83,63.20601237224193,0
-9.79,3.903188,34.83,63.20601237224193,0
8.52,3.901908,34.83,63.20601237224193,0
-21.62,3.898071,34.84,62.3377895020348,0
29.12,3.898071,34.84,63.20601237224193,0
1.81,3.898071,34.84,62.849025449882674,0
-53.18,3.898071,34.84,63.20601237224193,0
46.31,3.895512,34.84,62.849025449882674,0
5.37,3.896791,34.84,62.849025449882674,0
-65.27,3.894233,34.84,62.849025449882674,0
28.25,3.895512,34.84,62.849025449882674,0
-13.14,3.891674,34.84,62.849025449882674,0
10.71,3.895512,34.84,62.849025449882674,0
26.07,3.896791,34.84,62.849025449882674,0
-29.68,3.894233,34.84,62.849025449882674,0
35.99,3.886557,34.81,62.849025449882674,0
35.59,3.892954,34.81,62.849025449882674,0
-29.2,3.873765,34.81,62.849025449882674,0
-6.68,3.878882,34.81,62.849025449882674,0
41.77,3.889116,34.81,62.849025449882674,0
3.9,3.885278,34.81,62.849025449882674,0
-76.73,3.886557,34.81,62.849025449882674,0
58.82,3.885278,34.81,62.849025449882674,0
40.01,3.890395,34.81,62.849025449882674,0
-27.53,3.883999,34.81,62.849025449882674,0
-40.35,3.886557,34.81,62.849025449882674,0
25.57,3.877603,34.81,63.20601237224193,0
7.27,3.885278,34.83,63.20601237224193,0
-60.72,3.885278,34.83,63.20601237224193,0
29.79,3.885278,34.83,63.20601237224193,0
10.14,3.88144,34.83,62.3377895020348,0
-62.24,3.886557,34.83,62.71363488110062,0
33.79,3.890395,34.83,62.71363488110062,0
5.76,3.877603,34.83,62.71363488110062,0
-64.12,3.887836,34.83,63.103090257134,0
20.57,3.886557,34.84,63.4428877022476,0
-9.97,3.889116,34.84,62.71363488110062,0
-15.66,3.877603,34.84,63.103090257134,0
18.38,3.883999,34.84,62.71363488110062,0
-10.39,3.880161,34.83,63.05553108173778,0
33.75,3.886557,34.83,62.71363488110062,0
7.59,3.880161,34.83,63.57672530100933,0
-46.82,3.880161,34.83,63.20601237224193,0
41.67,3.876323,34.84,63.20601237224193,0
36.84,3.88144,34.84,63.20601237224193,0
-6.61,3.880161,34.84,63.20601237224193,0
-75.6,3.878882,34.84,63.20601237224193,0
50.84,3.877603,34.81,62.849025449882674,0
32.0,3.873765,34.81,63.190189111918315,0
-33.74,3.876323,34.81,62.849025449882674,0
29.97,3.876323,34.81,62.849025449882674,0
30.05,3.875044,34.83,62.849025449882674,0
-3.74,3.872486,34.83,62.849025449882674,0
-57.51,3.873765,34.83,62.849025449882674,0
26.76,3.868648,34.83,62.849025449882674,0
13.23,3.876323,34.83,62.849025449882674,0
-38.06,3.872486,34.83,62.849025449882674,0
36.15,3.872486,34.83,62.849025449882674,0
16.18,3.867368,34.83,62.849025449882674,0
-17.21,3.86481,34.83,62.52199612936234,0
9.77,3.867368,34.83,62.52199612936234,0
6.12,3.867368,34.83,63.40346993658943,0
-16.11,3.862252,34.83,61.1310068623117,0
-37.89,3.890395,34.83,63.15853069855251,0
12.39,3.917259,34.83,62.99206299209449,0
9.69,3.909584,34.83,65.55150646628954,0
-9.13,3.905746,34.83,64.68384651518491,0
-35.96,3.859693,34.81,86.59676668328905,0
-21.91,3.74456,34.81,48.641546028061235,0
-21.24,3.889116,34.81,74.41102068914255,0
75.11,3.91598,34.81,63.56886030125127,0
93.83,3.921097,34.81,61.91930232165088,0
228.94,3.923656,34.81,58.08614292583042,0
-127.99,3.91598,34.81,58.728187440104094,0
-34.94,3.912142,34.81,57.15767664977295,0
-115.79,3.912142,34.83,62.20128616033595,0
-92.29,3.914701,34.83,63.4428877022476,0
-25.85,3.907025,34.83,63.84355879804947,0
51.82,3.913422,34.83,62.27358990776106,0
43.59,3.909584,34.81,64.73020933072904,0
0.39,3.898071,34.81,59.42221806698232,0
20.66,3.901908,34.81,57.584720195551874,0
-6.41,3.903188,34.81,78.95568377260753,0
35.0,3.905746,34.83,63.75735251718032,0
11.98,3.903188,34.83,53.24471804789655,0
28.47,3.912142,34.83,61.61980201201558,0
190.34,3.928773,34.83,62.8410693734599,0
256.86,3.930052,34.83,66.35510530471637,0
-328.86,3.93389,34.83,58.42944463196617,0
-195.46,3.939007,34.83,74.09453421137081,0
-1.04,3.917259,34.83,46.195237849804386,0
11.73,3.880161,34.84,59.1100668245266,0
34.68,3.858414,34.84,63.8200595424354,0
-6.62,3.849459,34.84,66.27216610312357,0
111.94,3.850738,34.84,64.03124237432849,0
-247.23,3.860972,34.83,59.53990258641679,0
136.85,3.859693,34.83,62.297672508690084,0
-59.82,3.84818,34.83,66.34003316248794,0
-93.17,3.921097,34.83,63.94528911499267,0
28.39,3.866089,34.83,62.617888817813075,0
6.11,3.862252,34.83,62.71363488110062,0
59.67,3.860972,34.83,62.617888817813075,0
349.04,3.866089,34.83,62.71363488110062,0
-84.49,3.863531,34.84,62.71363488110062,0
-154.8,3.886557,34.84,62.71363488110062,0
21.41,3.894233,34.84,62.71363488110062,0
-5.55,3.910863,34.84,61.69278726074872,0
30.95,3.927493,34.84,62.80127387243033,0
6.47,3.941565,34.84,63.85138996137829,0
-51.13,3.937727,34.84,62.8410693734599,0
45.6,3.939007,34.84,62.44197306299666,0
4.94,3.937727,34.83,62.625873247404705,0
-36.69,3.939007,34.83,62.625873247404705,0
9.83,3.928773,34.83,63.03967004989794,0
-16.44,3.924935,34.83,59.08468498688979,0
42.37,3.923656,34.81,69.0724257573165,0
-0.64,3.930052,34.81,61.35959582656978,0
-53.89,3.907025,34.81,62.5939294181153,0
44.86,3.905746,34.81,63.095166217389426,0
-62.63,3.900629,34.84,62.52199612936234,0
-56.05,3.901908,34.84,63.39558344238185,0
11.84,3.898071,34.84,62.42595614005443,0
-31.02,3.89935,34.84,62.42595614005443,0
70.49,3.892954,34.83,62.42595614005443,0
12.02,3.894233,34.83,63.39558344238185,0
13.93,3.886557,34.83,63.03967004989794,0
13.23,3.889116,34.83,62.80127387243033,0
-44.58,3.885278,34.84,100.86624807139403,0
46.47,3.887836,34.84,49.77951385861457,0
1.56,3.912142,34.84,58.56620185738529,0
37.31,3.959475,34.84,65.39877674696982,0
106.65,3.95052,34.83,65.58963332722634,0
252.64,3.940286,34.83,63.245553203367585,0
-107.51,3.942844,34.83,63.14269553954757,0
-313.85,3.941565,34.83,63.51377803280167,0
-108.16,3.942844,34.84,65.92419889539804,0
78.69,3.940286,34.84,61.032778078668514,0
-5.65,3.947961,34.84,63.56886030125127,0
1.87,3.949241,34.84,62.13694553162394,0
-15.03,3.949241,34.84,62.64982043070834,0
-14.69,3.95052,34.84,60.69596362197407,0
7.49,3.951799,34.84,62.64982043070834,0
-41.56,3.95052,34.84,62.64982043070834,0
37.76,3.95052,34.83,64.59876159803684,0
27.89,3.951799,34.83,60.11655346075655,0
-50.0,3.951799,34.83,62.27358990776106,0
44.87,3.951799,34.83,63.56099432828282,0
34.27,3.946682,34.84,76.16429609731846,0
-2.42,3.960754,34.84,72.2841614740048,0
59.52,3.944124,34.84,56.05354582896607,0
11.14,3.918539,34.84,56.61271941887264,0
-28.95,3.935169,34.83,62.22539674441618,0
-18.55,3.937727,34.83,65.31462317123173,0
57.09,3.946682,34.83,63.229739838148944,0
2.93,3.947961,34.83,60.07495318350236,0
-11.15,3.945403,34.83,60.53924347066124,0
-13.97,3.928773,34.83,64.50581369148055,0
89.27,3.926214,34.83,60.29096117993144,0
112.0,3.923656,34.83,59.30430001273095,0
168.35,3.878882,34.84,61.59545437773797,0
-226.53,3.931331,34.84,61.84658438426491,0
-581.86,3.922376,34.84,64.6297145282261,0
413.14,3.896791,34.84,86.35971282953643,0
-190.35,3.88144,34.84,52.96225070746144,0
-156.33,3.88144,34.84,57.645468165329355,0
180.66,3.907025,34.84,63.51377803280167,0
-26.04,3.928773,34.84,60.67948582511226,0
89.52,3.940286,34.84,63.686733312362634,0
319.01,3.941565,34.84,64.25729530566937,0
-63.09,3.935169,34.84,64.7533782902483,0
-37.42,3.937727,34.84,64.07807737440318,0
58.09,3.941565,34.83,62.77738446287803,0
-3.56,3.942844,34.83,62.49799996799898,0
-50.42,3.946682,34.83,63.474404290233394,0
1.8,3.937727,34.83,62.49799996799898,0
12.95,3.944124,34.81,62.49799996799898,0
-49.31,3.936448,34.81,63.474404290233394,0
-86.43,3.924935,34.81,62.49799996799898,0
19.09,3.928773,34.81,62.49799996799898,0
5.44,3.931331,34.83,62.49799996799898,0
8.71,3.923656,34.83,62.56996084384263,0
16.37,3.930052,34.83,63.2771680782255,0
-1.76,3.923656,34.83,63.54525946126902,0
-6.12,3.926214,34.84,63.2771680782255,0
9.63,3.922376,34.84,62.78534860936905,0
-6.3,3.921097,34.84,61.39218191268331,0
1.88,3.919818,34.84,64.88451279003334,0
-7.66,3.931331,34.83,63.474404290233394,0
30.95,3.930052,34.83,62.297672508690084,0
37.44,3.927493,34.83,63.2771680782255,0
-65.23,3.919818,34.83,62.112800613078136,0
-36.41,3.917259,34.87,63.095166217389426,0
1.49,3.922376,34.87,63.2771680782255,0
13.5,3.919818,34.87,62.112800613078136,0
-11.4,3.918539,34.87,63.2771680782255,0
-11.73,3.917259,34.83,62.297672508690084,0
-9.64,3.921097,34.83,63.095166217389426,0
4.46,3.922376,34.83,63.095166217389426,0
8.26,3.921097,34.83,63.2771680782255,0
-15.38,3.922376,34.87,64.45153217728807,0
-14.19,3.919818,34.87,63.2771680782255,0
-3.03,3.919818,34.87,62.297672508690084,0
-12.1,3.912142,34.87,63.095166217389426,0
54.55,3.919818,34.84,67.3349834781297,0
19.35,3.926214,34.84,62.6418390534633,0
-12.93,3.917259,34.84,63.03967004989794,0
-5.54,3.922376,34.84,63.221831672294975,0
-21.51,3.921097,34.84,63.095166217389426,0
-26.69,3.919818,34.84,63.095166217389426,0
119.78,3.907025,34.84,63.095166217389426,0
-61.91,3.91598,34.84,63.095166217389426,0
-103.73,3.905746,34.84,62.928530890209096,0
-15.2,3.91598,34.84,64.07807737440318,0
15.61,3.908304,34.84,63.095166217389426,0
44.34,3.913422,34.84,63.095166217389426,0
25.09,3.907025,34.87,62.928530890209096,0
-14.38,3.913422,34.87,62.928530890209096,0
23.68,3.905746,34.87,62.928530890209096,0
8.95,3.905746,34.87,62.928530890209096,0
-7.87,3.901908,34.84,62.928530890209096,0
20.2,3.908304,34.84,62.928530890209096,0
-5.51,3.905746,34.84,62.928530890209096,0
-0.05,3.896791,34.84,63.914004725099176,0
25.8,3.89935,34.87,62.928530890209096,0
0.6,3.898071,34.87,63.914004725099176,0
-37.0,3.898071,34.87,62.928530890209096,0
24.5,3.89935,34.87,62.928530890209096,0
20.77,3.895512,34.87,63.166446789415026,0
-21.28,3.896791,34.87,62.928530890209096,0
5.17,3.892954,34.87,62.928530890209096,0
26.02,3.894233,34.87,62.928530890209096,0
9.34,3.894233,34.83,63.095166217389426,0
-27.77,3.89935,34.83,64.07807737440318,0
15.65,3.892954,34.83,63.914004725099176,0
19.98,3.894233,34.83,62.928530890209096,0
4.71,3.887836,34.84,63.095166217389426,0
27.62,3.896791,34.84,65.80273550544841,0
20.67,3.894233,34.84,62.112800613078136,0
-15.45,3.896791,34.84,63.419239982831705,0
-26.2,3.898071,34.87,63.221831672294975,0
12.74,3.890395,34.87,62.056425936400814,0
-69.55,3.891674,34.87,63.03967004989794,0
52.44,3.887836,34.87,63.221831672294975,0
-20.85,3.892954,34.84,62.928530890209096,0
-59.97,3.889116,34.84,63.095166217389426,0
-38.57,3.890395,34.84,64.07807737440318,0
15.81,3.88272,34.84,63.095166217389426,0
5.85,3.890395,34.87,62.928530890209096,0
-9.56,3.887836,34.87,63.095166217389426,0
-16.47,3.889116,34.87,63.095166217389426,0
-27.42,3.885278,34.87,63.095166217389426,0
-16.39,3.887836,34.87,63.095166217389426,0
17.97,3.885278,34.87,62.112800613078136,0
5.69,3.885278,34.87,62.928530890209096,0
6.8,3.887836,34.87,62.928530890209096,0
19.55,3.886557,34.87,63.095166217389426,0
8.1,3.885278,34.87,63.095166217389426,0
44.72,3.86481,34.87,62.8728876384726,0
22.22,3.876323,34.87,62.928530890209096,0
2.29,3.878882,34.87,63.03967004989794,0
-25.68,3.875044,34.87,64.02343321003646,0
-4.38,3.876323,34.87,62.8728876384726,0
-9.73,3.876323,34.87,63.095166217389426,0
-7.11,3.877603,34.84,61.94352266379432,0
19.08,3.876323,34.84,63.03967004989794,0
-8.22,3.878882,34.84,63.03967004989794,0
-12.04,3.875044,34.84,63.03967004989794,0
12.53,3.877603,34.84,63.03967004989794,0
-0.2,3.867368,34.84,63.03967004989794,0
-28.77,3.876323,34.84,63.85922016435841,0
12.3,3.871206,34.84,63.631753079732135,0
6.43,3.875044,34.84,63.914004725099176,0
-22.05,3.876323,34.84,62.8728876384726,0
7.87,3.877603,34.84,62.72160712226688,0
5.24,3.876323,34.84,62.72160712226688,0
-26.15,3.876323,34.87,62.8728876384726,0
59.27,3.877603,34.87,62.928530890209096,0
34.61,3.876323,34.87,63.914004725099176,0
-39.83,3.872486,34.87,62.8728876384726,0
-25.0,3.867368,34.87,63.914004725099176,0
-17.93,3.873765,34.87,62.928530890209096,0
-49.17,3.872486,34.87,62.928530890209096,0
24.31,3.871206,34.87,62.928530890209096,0
34.02,3.871206,34.87,62.928530890209096,0
-23.35,3.871206,34.87,62.928530890209096,0
25.08,3.867368,34.87,62.928530890209096,0
0.64,3.869927,34.87,62.928530890209096,0
-15.27,3.869927,34.84,62.928530890209096,0
12.47,3.867368,34.84,63.85922016435841,0
-9.13,3.868648,34.84,62.928530890209096,0
7.96,3.866089,34.84,62.8728876384726,0
13.7,3.871206,34.87,62.8728876384726,0
-28.25,3.869927,34.87,62.8728876384726,0
30.17,3.868648,34.87,62.8728876384726,0
-0.69,3.862252,34.87,62.928530890209096,0
-46.71,3.867368,34.84,62.77738446287803,0
28.05,3.863531,34.84,62.8728876384726,0
25.35,3.863531,34.84,62.8728876384726,0
-19.52,3.866089,34.84,63.85922016435841,0
26.72,3.867368,34.83,62.8728876384726,0
19.39,3.866089,34.83,62.928530890209096,0
-15.18,3.860972,34.83,62.8728876384726,0
14.09,3.866089,34.83,62.8728876384726,0
18.38,3.86481,34.87,62.8728876384726,0
-13.62,3.863531,34.87,62.8728876384726,0
21.3,3.854576,34.87,62.928530890209096,0
1.61,3.863531,34.87,62.8728876384726,0
-26.25,3.862252,34.84,62.8728876384726,0
16.37,3.868648,34.84,62.8728876384726,0
-6.26,3.86481,34.84,62.8728876384726,0
-24.96,3.86481,34.84,62.8728876384726,0
35.64,3.860972,34.84,62.928530890209096,0
9.68,3.860972,34.84,62.8728876384726,0
-29.58,3.859693,34.84,63.8200595424354,0
27.37,3.859693,34.84,62.928530890209096,0
8.37,3.855855,34.87,64.07807737440318,0
-27.62,3.859693,34.87,62.8728876384726,0
13.74,3.854576,34.87,61.94352266379432,0
14.11,3.855855,34.87,63.095166217389426,0
-25.28,3.852017,34.84,63.03967004989794,0
7.25,3.857135,34.84,63.095166217389426,0
-10.77,3.852017,34.84,62.8728876384726,0
-15.68,3.857135,34.84,62.8728876384726,0
13.51,3.849459,34.87,62.8728876384726,0
9.21,3.860972,34.87,62.928530890209096,0
3.7,3.855855,34.87,62.928530890209096,0
-0.43,3.855855,34.87,62.8728876384726,0
-16.19,3.852017,34.84,64.02343321003646,0
8.13,3.857135,34.84,62.928530890209096,0
8.02,3.852017,34.84,62.8728876384726,0
-14.42,3.855855,34.84,62.928530890209096,0
14.38,3.854576,34.87,62.928530890209096,0
5.88,3.862252,34.87,62.8728876384726,0
-25.03,3.860972,34.87,62.928530890209096,0
12.45,3.860972,34.87,62.928530890209096,0
6.96,3.863531,34.83,62.928530890209096,0
-23.26,3.869927,34.83,62.928530890209096,0
11.46,3.84818,34.83,62.8728876384726,0
9.34,3.858414,34.83,63.85922016435841,0
-16.87,3.854576,34.87,63.095166217389426,0
15.43,3.863531,34.87,58.68560300448484,0
8.68,3.857135,34.87,62.71363488110062,0
-23.64,3.835387,34.87,59.312730505347666,0
-31.61,3.837946,34.84,66.49060083951716,0
-140.75,3.827712,34.84,54.817880294662984,0
-160.81,3.823874,34.84,61.0163912403872,0
326.34,3.831549,34.84,62.13694553162394,0
27.54,3.841784,34.84,63.57672530100933,0
15.41,3.86481,34.84,63.671029518926424,0
-48.15,3.871206,34.84,62.68173577685928,0
43.81,3.867368,34.84,62.465990746965666,0
147.84,3.863531,34.87,63.57672530100933,0
44.45,3.871206,34.87,63.57672530100933,0
-78.48,3.873765,34.87,62.5859409132754,0
-70.48,3.875044,34.87,63.7102817447859,0
-20.05,3.877603,34.84,60.37383539249432,0
-26.02,3.875044,34.84,63.7102817447859,0
6.37,3.873765,34.84,63.7102817447859,0
2.86,3.875044,34.84,62.72160712226688,0
4.64,3.871206,34.84,63.7102817447859,0
-63.28,3.86481,34.84,62.72160712226688,0
-2.08,3.859693,34.84,62.5859409132754,0
37.62,3.860972,34.84,63.7102817447859,0
-24.13,3.855855,34.87,63.7102817447859,0
-30.36,3.860972,34.87,63.7102817447859,0
27.61,3.852017,34.87,62.72160712226688,0
9.24,3.854576,34.87,62.5859409132754,0
0.47,3.845621,34.84,63.7102817447859,0
17.25,3.850738,34.84,62.5859409132754,0
0.21,3.839225,34.84,63.7102817447859,0
-32.63,3.849459,34.84,62.5859409132754,0
8.57,3.845621,34.84,62.5859409132754,0
3.06,3.845621,34.84,62.72160712226688,0
-22.93,3.843063,34.84,62.5859409132754,0
13.07,3.844342,34.84,62.5859409132754,0
5.52,3.841784,34.84,63.7102817447859,0
-16.04,3.844342,34.84,62.5859409132754,0
11.46,3.839225,34.84,63.57672530100933,0
0.9,3.836667,34.84,62.72160712226688,0
-22.33,3.837946,34.83,63.7102817447859,0
11.74,3.840504,34.83,62.5859409132754,0
6.83,3.839225,34.83,63.7102817447859,0
-18.33,3.841784,34.83,62.72160712226688,0
15.61,3.843063,34.84,62.72160712226688,0
23.38,3.841784,34.84,62.8728876384726,0
-3.61,3.841784,34.84,63.7102817447859,0
12.13,3.841784,34.84,62.5859409132754,0
-6.85,3.837946,34.84,63.57672530100933,0
-23.75,3.840504,34.84,63.57672530100933,0
-3.08,3.831549,34.84,63.57672530100933,0
-5.47,3.836667,34.84,63.57672530100933,0
-21.64,3.835387,34.84,63.57672530100933,0
14.09,3.840504,34.84,63.57672530100933,0
-14.44,3.834108,34.84,64.69930447848725,0
-33.99,3.836667,34.84,63.45864795282043,0
28.54,3.835387,34.84,62.5859409132754,0
6.64,3.837946,34.84,62.72160712226688,0
6.0,3.836667,34.84,62.72160712226688,0
37.81,3.834108,34.84,62.72160712226688,0
8.98,3.834108,34.84,62.72160712226688,0
16.5,3.831549,34.84,63.7102817447859,0
15.94,3.832829,34.84,62.72160712226688,0
-17.24,3.83027,34.84,63.7102817447859,0
15.35,3.831549,34.84,62.72160712226688,0
8.72,3.835387,34.84,62.72160712226688,0
-30.55,3.832829,34.84,63.7102817447859,0
28.23,3.831549,34.84,62.72160712226688,0
4.15,3.825153,34.84,62.72160712226688,0
-40.56,3.827712,34.84,62.72160712226688,0
10.05,3.822595,34.84,62.72160712226688,0
-21.86,3.822595,34.84,62.5859409132754,0
-45.04,3.818757,34.84,63.7102817447859,0
3.92,3.822595,34.84,63.7102817447859,0
-25.32,3.821316,34.84,62.5859409132754,0
0.7,3.821316,34.84,62.72160712226688,0
72.95,3.821316,34.84,63.7102817447859,0
18.74,3.825153,34.84,63.7102817447859,0
-2.46,3.803406,34.84,63.7102817447859,0
18.29,3.814919,34.84,62.5859409132754,0
-12.38,3.817478,34.84,62.5859409132754,0
10.52,3.820036,34.84,62.77738446287803,0
6.09,3.818757,34.84,62.72160712226688,0
-33.87,3.811081,34.84,62.8728876384726,0
23.83,3.817478,34.83,63.7102817447859,0
12.06,3.818757,34.83,63.85922016435841,0
-52.51,3.817478,34.83,64.02343321003646,0
34.09,3.814919,34.83,63.85922016435841,0
20.22,3.820036,34.83,62.72160712226688,0
-27.0,3.822595,34.83,62.72160712226688,0
41.06,3.818757,34.83,62.72160712226688,0
-10.65,3.821316,34.83,62.72160712226688,0
-51.0,3.818757,34.84,62.72160712226688,0
19.73,3.821316,34.84,63.7102817447859,0
9.87,3.812361,34.84,62.72160712226688,0
-23.14,3.814919,34.84,63.7102817447859,0
14.41,3.81364,34.84,62.72160712226688,0
-0.03,3.814919,34.84,62.5859409132754,0
-23.5,3.816198,34.84,62.5859409132754,0
15.48,3.81364,34.84,63.7102817447859,0
4.54,3.814919,34.84,63.76519426771944,0
4.43,3.803406,34.84,63.57672530100933,0
-1.26,3.811081,34.84,62.5859409132754,0
-16.47,3.802127,34.84,63.7102817447859,0
-20.73,3.809802,34.84,63.7102817447859,0
3.26,3.803406,34.84,62.5859409132754,0
0.99,3.809802,34.84,62.5859409132754,0
-0.85,3.807244,34.84,64.69930447848725,0
12.5,3.805964,34.84,63.57672530100933,0
2.97,3.811081,34.84,63.57672530100933,0
26.88,3.808523,34.84,62.72160712226688,0
19.95,3.804685,34.84,62.72160712226688,0
-17.26,3.805964,34.84,62.5859409132754,0
5.23,3.805964,34.84,62.5859409132754,0
0.23,3.804685,34.84,63.57672530100933,0
-25.12,3.800848,34.84,62.72160712226688,0
8.0,3.79701,34.84,62.72160712226688,0
-0.69,3.798289,34.84,62.72160712226688,0
-13.07,3.799568,34.84,63.85922016435841,0
11.9,3.79701,34.84,63.7102817447859,0
-3.74,3.79701,34.84,63.7102817447859,0
-7.47,3.804685,34.84,62.72160712226688,0
25.9,3.802127,34.84,62.5859409132754,0
30.21,3.799568,34.84,63.7102817447859,0
-43.2,3.800848,34.84,63.7102817447859,0
-21.11,3.799568,34.84,62.72160712226688,0
-5.99,3.799568,34.84,62.72160712226688,0
14.65,3.794451,34.84,63.7102817447859,0
16.81,3.79701,34.83,62.5859409132754,0
-12.11,3.798289,34.83,63.7102817447859,0
15.56,3.798289,34.83,63.7102817447859,0
20.37,3.79573,34.83,62.77738446287803,0
-8.43,3.79701,34.84,61.59545437773797,0
20.12,3.798289,34.84,62.5859409132754,0
6.42,3.79573,34.84,62.5859409132754,0
-22.62,3.79701,34.84,63.7102817447859,0
21.94,3.79701,34.87,62.5859409132754,0
10.87,3.791893,34.87,62.5859409132754,0
-27.11,3.790613,34.87,62.5859409132754,0
8.33,3.791893,34.87,62.72160712226688,0
1.19,3.791893,34.84,63.57672530100933,0
-7.89,3.789334,34.84,63.57672530100933,0
13.82,3.793172,34.84,62.5859409132754,0
-27.59,3.790613,34.84,62.5859409132754,0
12.77,3.791893,34.83,63.7102817447859,0
21.44,3.790613,34.83,63.57672530100933,0
-7.77,3.79573,34.83,63.57672530100933,0
17.27,3.790613,34.83,62.72160712226688,0
11.19,3.791893,34.83,62.72160712226688,0
-13.45,3.782938,34.83,63.7102817447859,0
-0.16,3.793172,34.83,63.7102817447859,0
1.78,3.785496,34.83,63.7102817447859,0
-6.82,3.789334,34.84,63.57672530100933,0
8.37,3.781659,34.84,63.57672530100933,0
-0.69,3.785496,34.84,63.7102817447859,0
-16.42,3.784217,34.84,63.7102817447859,0
11.21,3.785496,34.84,63.7102817447859,0
8.57,3.782938,34.84,63.7102817447859,0
-20.23,3.765028,34.84,63.7102817447859,0
15.9,3.775262,34.84,63.57672530100933,0
9.17,3.776542,34.84,63.7102817447859,0
-18.8,3.782938,34.84,62.36184731067546,0
30.78,3.777821,34.84,62.5859409132754,0
12.88,3.7791,34.84,62.5859409132754,0
-36.38,3.78038,34.84,63.57672530100933,0
-25.04,3.7791,34.84,63.7102817447859,0
-6.31,3.7791,34.84,61.497967446087195,0
-6.71,3.781659,34.84,63.198101237299845,0
3.91,3.784217,34.83,65.6505902486794,0
-19.81,3.784217,34.83,58.90670590009256,0
-34.57,3.771425,34.83,69.49100661236676,0
117.87,3.754794,34.83,61.814237842102365,0
16.98,3.765028,34.84,63.25345840347388,0
-47.4,3.771425,34.84,63.43500610861482,0
-0.13,3.772704,34.84,62.10475022089695,0
-2.25,3.772704,34.84,63.25345840347388,0
83.8,3.772704,34.83,63.08724118235002,0
-37.64,3.771425,34.83,63.08724118235002,0
-38.71,3.771425,34.83,62.27358990776106,0
19.92,3.771425,34.83,63.76519426771944,0
9.3,3.771425,34.83,63.34824385884742,0
18.85,3.775262,34.83,63.166446789415026,0
24.92,3.757353,34.83,63.166446789415026,0
-9.59,3.771425,34.83,63.166446789415026,0
8.71,3.766308,34.84,62.185207244167,0
-33.87,3.772704,34.84,63.166446789415026,0
7.17,3.763749,34.84,63.25345840347388,0
-4.22,3.770145,34.84,63.166446789415026,0
-22.84,3.763749,34.83,63.0,0
19.95,3.768866,34.83,63.0,0
-19.43,3.767587,34.83,63.08724118235002,0
21.34,3.771425,34.83,63.25345840347388,0
6.39,3.763749,34.83,63.166446789415026,0
-54.36,3.765028,34.83,63.25345840347388,0
30.34,3.76247,34.83,63.166446789415026,0
23.12,3.761191,34.83,63.166446789415026,0
-42.43,3.759911,34.84,63.166446789415026,0
53.42,3.761191,34.84,63.166446789415026,0
28.72,3.757353,34.84,63.166446789415026,0
-36.19,3.761191,34.84,63.166446789415026,0
-13.15,3.756074,34.83,63.84355879804947,0
7.12,3.757353,34.83,62.10475022089695,0
-0.26,3.752236,34.83,63.25345840347388,0
-23.97,3.757353,34.83,63.25345840347388,0
22.82,3.752236,34.84,63.03967004989794,0
38.5,3.757353,34.84,63.03967004989794,0
-41.25,3.754794,34.84,63.190189111918315,0
-18.58,3.754794,34.84,63.190189111918315,0
-3.37,3.754794,34.84,63.190189111918315,0
-28.51,3.754794,34.84,62.20932405998316,0
3.16,3.748398,34.84,63.92182725798755,0
-3.0,3.753515,34.84,63.35613624582863,0
-7.17,3.754794,34.84,62.78534860936905,0
3.91,3.759911,34.84,62.90468980926621,0
-4.1,3.758632,34.84,62.90468980926621,0
2.34,3.750957,34.84,62.90468980926621,0
27.72,3.753515,34.84,62.78534860936905,0
-15.14,3.757353,34.84,63.89053137985315,0
-18.69,3.753515,34.84,63.89053137985315,0
0.51,3.750957,34.84,62.90468980926621,0
-9.88,3.753515,34.84,63.773035054010094,0
7.1,3.753515,34.84,62.90468980926621,0
-4.58,3.753515,34.84,63.89053137985315,0
-0.28,3.754794,34.84,62.90468980926621,0
2.88,3.753515,34.83,62.90468980926621,0
-8.39,3.752236,34.83,62.90468980926621,0
9.69,3.748398,34.83,62.90468980926621,0
3.96,3.750957,34.83,63.89053137985315,0
-11.44,3.749677,34.84,63.89053137985315,0
10.26,3.748398,34.84,63.788713735268246,0
3.35,3.743281,34.84,64.35837163881635,0
-10.18,3.743281,34.84,57.0701322935211,0
5.62,3.748398,34.83,74.97332859090625,0
-8.95,3.776542,34.83,64.63745044476924,0
-90.93,3.680598,34.83,60.50619802962338,0
-86.06,3.603843,34.83,57.7408001330082,0
341.92,3.619194,34.83,67.3349834781297,0
-306.25,3.623032,34.83,65.86349520030045,0
-130.85,3.612797,34.83,60.530983801686226,0
402.44,3.655013,34.83,62.41794613730894,0
209.67,3.675481,34.84,62.78534860936905,0
-230.31,3.703624,34.84,64.20280367709809,0
-204.06,3.742002,34.84,61.72519744804386,0
-52.26,3.743281,34.84,66.04543890383347,0
63.64,3.748398,34.84,63.03967004989794,0
196.48,3.754794,34.84,62.77738446287803,0
38.82,3.752236,34.84,62.77738446287803,0
21.6,3.750957,34.84,63.76519426771944,0
1.28,3.74584,34.84,62.77738446287803,0
-67.84,3.753515,34.84,62.77738446287803,0
-8.27,3.748398,34.84,62.52199612936234,0
-33.53,3.749677,34.84,63.51377803280167,0
-8.23,3.748398,34.84,62.6418390534633,0
-6.16,3.74584,34.84,63.76519426771944,0
-15.31,3.74456,34.84,62.6418390534633,0
4.83,3.743281,34.84,63.76519426771944,0
-11.2,3.743281,34.84,63.631753079732135,0
-23.74,3.742002,34.84,62.6418390534633,0
-3.02,3.740723,34.84,62.6418390534633,0
-20.62,3.735606,34.84,62.6418390534633,0
-19.05,3.739443,34.84,63.631753079732135,0
8.29,3.736885,34.84,62.6418390534633,0
-7.34,3.736885,34.84,62.6418390534633,0
-2.77,3.735606,34.84,63.631753079732135,0
17.63,3.735606,34.87,63.631753079732135,0
-10.91,3.735606,34.87,63.631753079732135,0
20.97,3.735606,34.87,63.631753079732135,0
19.69,3.735606,34.87,62.6418390534633,0
-17.58,3.734326,34.84,63.51377803280167,0
21.45,3.731768,34.84,61.862751312886175,0
28.02,3.725372,34.84,58.9406481131655,0
-9.89,3.734326,34.84,61.59545437773797,0
-57.88,3.735606,34.83,63.095166217389426,0
36.72,3.736885,34.83,63.095166217389426,0
-48.54,3.72793,34.83,63.095166217389426,0
48.58,3.72793,34.83,63.2771680782255,0
75.17,3.721534,34.84,62.56996084384263,0
-11.09,3.725372,34.84,62.49799996799898,0
-61.58,3.717696,34.84,62.56996084384263,0
-125.66,3.717696,34.84,62.112800613078136,0
59.14,3.712579,34.83,63.54525946126902,0
128.04,3.710021,34.83,63.54525946126902,0
-5.94,3.713858,34.83,62.369864518050704,0
38.79,3.7113,34.83,63.34824385884742,0
29.05,3.708741,34.84,55.66866263886712,0
-42.63,3.708741,34.84,72.5741000633146,0
-10.9,3.684436,34.84,60.93439094632849,0
6.21,3.606401,34.84,64.04685784642366,0
-41.77,3.580816,34.83,66.30987860040162,0
-9.72,3.541159,34.83,60.572270883631234,0
175.27,3.475918,34.83,73.11634564172364,0
-155.92,3.461846,34.83,45.880278987817846,0
-37.79,3.482167,34.84,58.94913061275798,0
-69.43,3.466816,34.84,62.433965115151864,0
-47.13,3.51159,34.84,76.03288762108144,0
171.92,3.564039,34.84,53.76802023508026,0
29.88,3.635677,34.83,73.00684899377592,0
111.36,3.612651,34.83,62.489999199871974,0
106.19,3.585786,34.83,62.80127387243033,0
-254.46,3.593462,34.83,74.3706931526122,0
-251.78,3.608813,34.83,57.982756057296896,0
50.02,3.534616,34.83,63.788713735268246,0
132.16,3.479609,34.83,56.929781309961136,0
-108.52,3.470654,34.83,64.31174076325411,0
-234.05,3.469374,34.84,63.631753079732135,0
-118.64,3.553805,34.84,63.75735251718032,0
3.08,3.515428,34.84,63.26136261573884,0
155.77,3.510311,34.84,57.723478758647246,0
34.41,3.530779,34.84,60.96720429870473,0
145.25,3.549967,34.84,62.27358990776106,0
100.71,3.532058,34.84,62.56996084384263,0
60.66,3.542292,34.84,63.2771680782255,0
223.27,3.537175,34.84,64.1482657598785,0
113.08,3.548688,34.84,64.69157595854347,0
12.06,3.542292,34.84,73.44385610791416,0
-63.78,3.547409,34.84,55.25395913416522,0
-154.77,3.537175,34.87,51.42956348249516,0
-27.7,3.446348,34.87,54.79963503528103,0
-81.03,3.422042,34.87,83.33066662399864,0
-3.99,3.430997,34.87,64.47480127925948,0
-26.71,3.422042,34.84,62.55397669213365,0
-106.13,3.428438,34.84,63.324560795950255,0
41.56,3.424601,34.84,63.324560795950255,0
-20.06,3.473212,34.84,62.55397669213365,0
-11.41,3.475771,34.87,67.59437846448475,0
58.28,3.497518,34.87,49.61854492022111,0
-44.98,3.534616,34.87,59.0,0
87.16,3.616488,34.87,60.67948582511226,0
17.38,3.663821,34.87,61.07372593840988,0
-25.08,3.679172,34.87,62.71363488110062,0
225.8,3.666379,34.87,67.38694235532579,0
57.9,3.668938,34.87,62.321745803531535,0
-119.96,3.676613,34.84,63.48228099241551,0
-70.31,3.695802,34.84,63.56886030125127,0
-100.41,3.691964,34.84,63.56886030125127,0
-150.93,3.694523,34.84,63.671029518926424,0
6.3,3.685568,34.84,63.56886030125127,0
-5.4,3.69836,34.84,63.41135544995076,0
-1.14,3.690685,34.84,55.90169943749474,0
-9.3,3.690685,34.84,64.319514923544,0
-4.18,3.679172,34.84,63.00793600809346,0
5.93,3.676613,34.84,62.71363488110062,0
51.05,3.666379,34.84,62.489999199871974,0
166.62,3.667659,34.84,62.76941930590086,0
-299.37,3.668938,34.84,63.45076831686122,0
-70.25,3.671496,34.84,62.71363488110062,0
19.13,3.6651,34.84,63.97655820689325,0
-13.63,3.661262,34.84,27.80287754891569,0
43.3,3.676613,34.84,127.30278865759382,0
17.88,3.686847,34.84,66.30987860040162,0
57.55,3.703477,34.84,63.914004725099176,0
84.1,3.69964,34.84,50.3189825016365,0
18.34,3.691964,34.87,55.52476924760696,0
-98.23,3.685568,34.87,62.52199612936234,0
-11.43,3.675334,34.87,61.47357155721473,0
144.56,3.667659,34.87,62.177166226839255,0
84.76,3.651028,34.87,60.44832503882965,0
-41.59,3.606254,34.87,66.76076692189807,0
-329.51,4.091091,34.87,48.590122453025366,0
-396.82,4.114264,34.87,65.3834841531101,0
45.14,3.630707,34.87,88.73556220591607,0
86.94,3.640941,34.87,44.98888751680797,0
154.83,3.708741,34.87,78.55571271397135,0
241.11,3.639662,34.87,64.72248450113763,0
282.24,3.486152,34.89,77.85884663928692,0
165.71,3.594888,34.89,67.5721836261046,0
-142.27,3.629428,34.89,65.92419889539804,0
-144.93,3.619194,34.89,61.71709649683789,0
-181.85,3.690832,34.89,65.45991139621256,0
24.27,3.679319,34.89,57.619441163551734,0
-309.61,3.644779,34.89,98.93937537704592,0
-103.75,3.621752,34.89,64.77653896280658,0
-127.97,3.614077,34.89,53.1224999411737,0
-197.91,3.612797,34.89,85.38149682454625,0
-8.11,3.603843,34.89,63.608175575157006,0
70.77,3.600005,34.89,68.7749954561976,0
164.23,3.588492,34.89,87.49857141690943,0
389.67,3.597446,34.89,50.93132631298737,0
134.13,3.585933,34.89,77.62087348130012,0
52.83,3.597446,34.89,77.27871634544663,0
-63.71,3.588492,34.89,69.45502141674135,0
41.2,3.610239,34.89,58.63446085707619,0
12.3,3.610239,34.89,82.15838362577492,0
-3.61,3.623032,34.89,64.7533782902483,0
-24.07,3.620473,34.89,60.149812967290266,0
-71.21,3.640941,34.89,79.25906888173743,0
2.88,3.648617,34.89,60.70420084310476,0
-40.58,3.679319,34.89,71.04927867332644,0
76.83,3.702345,34.89,54.01851534427802,0
-11.33,3.710021,34.89,55.731499172371095,0
-45.82,3.715138,34.89,57.55866572463264,0
-5.97,3.731768,34.89,61.14736298484179,0
-50.27,3.76247,34.89,65.76473218982953,0
30.57,3.784217,34.89,65.62011886609167,0
-13.59,3.793172,34.89,66.53570470055908,0
30.19,3.802127,34.89,49.25444142409901,0
-4.06,3.794451,34.89,58.532042506647585,0
-38.6,3.671643,34.89,75.02666192761077,0
73.24,3.639662,34.89,52.94336596779619,0
44.73,3.794451,34.89,75.59100475585703,0
98.89,3.78038,34.91,68.60757975617562,0
113.35,3.788055,34.91,59.262129560116215,0
83.01,3.831549,34.91,55.37147279962851,0
-146.69,3.844342,34.91,51.86520991955976,0
-112.08,3.858414,34.91,67.4166151627327,0
137.07,3.895512,34.91,72.2357252334328,0
-161.96,3.887836,34.91,74.02702209328699,0
-85.54,3.873765,34.91,62.55397669213365,0
-25.25,3.837946,34.91,61.97580172938467,0
-485.32,3.834108,34.91,62.080592780675026,0
-156.89,3.837946,34.91,62.048368229954285,0
171.88,3.845621,34.91,62.68173577685928,0
116.76,3.858414,34.91,62.297672508690084,0
107.33,3.863531,34.91,65.3834841531101,0
96.74,3.885278,34.91,59.481089431852205,0
58.41,3.896791,34.91,74.64583042608609,0
61.16,3.913422,34.91,59.715994507334464,0
-4.2,3.914701,34.91,63.7102817447859,0
32.77,3.918539,34.91,64.38167441127949,0
10.17,3.912142,34.91,63.00793600809346,0
62.59,3.907025,34.91,62.44197306299666,0
19.06,3.900629,34.91,62.321745803531535,0
39.53,3.895512,34.91,63.773035054010094,0
-15.12,3.885278,34.91,62.40192304729078,0
-70.06,3.877603,34.91,62.297672508690084,0
10.62,3.872486,34.91,62.40192304729078,0
-0.66,3.869927,34.91,62.297672508690084,0
2.2,3.86481,34.91,62.40192304729078,0
8.12,3.866089,34.93,63.06346010171025,0
-30.49,3.858414,34.93,62.321745803531535,0
-6.23,3.858414,34.93,62.321745803531535,0
23.84,3.841784,34.93,63.06346010171025,0
-8.52,3.852017,34.93,63.103090257134,0
-30.36,3.845621,34.93,62.321745803531535,0
25.35,3.8469,34.93,62.321745803531535,0
7.63,3.836667,34.93,62.321745803531535,0
-44.26,3.844342,34.93,63.06346010171025,0
16.94,3.840504,34.93,62.40192304729078,0
31.43,3.841784,34.93,62.321745803531535,0
-15.84,3.839225,34.93,63.0,0
-25.72,3.845621,34.91,62.321745803531535,0
26.58,3.841784,34.91,63.06346010171025,0
2.54,3.845621,34.91,62.40192304729078,0
-49.88,3.850738,34.91,62.40192304729078,0
26.9,3.850738,34.95,62.44197306299666,0
14.58,3.844342,34.95,62.44197306299666,0
-36.03,3.850738,34.95,64.66065264130884,0
30.16,3.849459,34.95,67.03730304837748,0
31.25,3.880161,34.91,56.674509261219015,0
-32.31,3.910863,34.91,53.97221507405454,0
26.96,3.88144,34.91,65.49045732013177,0
86.29,3.887836,34.91,57.436921923097515,0
12.35,3.88272,34.93,53.04714883949938,0
75.41,3.883999,34.93,72.34638899074369,0
34.8,3.88272,34.93,62.75348595894893,0
-619.72,3.872486,34.93,61.5223536610881,0
-94.52,3.886557,34.93,62.65780079128216,0
236.72,3.886557,34.93,65.91661399070799,0
268.65,3.928773,34.93,62.96824596572466,0
88.12,3.945403,34.93,63.03967004989794,0
4.11,3.986339,34.95,62.36184731067546,0
5.04,4.014482,34.95,62.321745803531535,0
-27.65,4.073328,34.95,63.0,0
32.55,4.12066,34.95,62.321745803531535,0
-5.21,4.1552,34.91,63.0,0
-27.94,4.166713,34.91,62.27358990776106,0
25.32,4.159038,34.91,62.27358990776106,0
-1.23,4.13857,34.91,62.27358990776106,0
-36.16,4.132174,34.93,62.27358990776106,0
21.47,4.134732,34.93,62.27358990776106,0
2.43,4.148804,34.93,62.96824596572466,0
-42.71,4.169272,34.93,62.27358990776106,0
16.28,4.199974,34.95,63.0,0
7.1,4.223001,34.95,62.976185975335156,0
-26.28,4.271612,34.95,62.976185975335156,0
14.54,4.331737,34.95,62.297672508690084,0
8.86,4.390583,34.95,62.297672508690084,0
-19.48,4.436635,34.95,62.976185975335156,0
-7.8,4.466058,34.95,62.976185975335156,0
5.37,4.53121,34.95,62.27358990776106,0
-10.81,4.575984,34.95,63.0,0
2.07,4.56575,34.95,63.0,0
4.54,4.586218,34.95,62.27358990776106,0
-19.92,4.596452,34.95,62.976185975335156,0
15.74,4.624595,34.95,63.0,0
6.02,4.628433,34.95,63.0,0
-35.36,4.619478,34.95,62.976185975335156,0
15.23,4.610523,34.95,62.976185975335156,0
-0.68,4.573425,34.95,62.976185975335156,0
-17.84,4.544003,34.95,62.976185975335156,0
10.52,4.512021,34.95,62.976185975335156,0
-6.54,4.503067,34.95,62.976185975335156,0
25.63,4.499228,34.95,62.24949798994366,0
14.3,4.515859,34.95,62.24949798994366,0
-42.78,4.551678,34.95,63.0,0
10.42,4.619478,34.95,62.321745803531535,0
-5.91,4.689837,34.95,63.0,0
9.14,4.760196,34.95,63.0,0
8.99,4.816483,34.95,63.0,0
-26.86,4.868932,34.95,62.321745803531535,0
18.47,4.921381,34.95,63.03967004989794,0
2.26,4.968714,34.95,61.85466837676846,0
2.61,5.079468,34.95,60.473134530963414,0
7.37,5.102495,34.95,61.82232606429493,0
-32.05,5.087143,34.93,66.73080248281148,0
2.74,5.043649,34.93,63.03967004989794,0
-3.54,4.997596,34.93,62.8728876384726,0
-18.58,4.947705,34.93,59.33801479658719,0
206.09,4.933633,34.95,61.95159400693416,0
200.42,5.006551,34.95,63.631753079732135,0
-281.09,5.060279,34.95,64.08587988004847,0
-210.22,5.117846,34.95,66.96267617113283,0
-366.49,5.154944,34.97,62.44197306299666,0
102.74,5.17797,34.97,62.976185975335156,0
94.66,5.16134,34.97,62.25752966509352,0
130.15,5.171574,34.97,62.36184731067546,0
57.24,5.176691,34.95,63.0,0
23.5,5.171574,34.95,62.25752966509352,0
8.7,5.138314,34.95,62.25752966509352,0
-39.19,5.119125,34.95,62.27358990776106,0
21.8,5.103774,34.93,62.36184731067546,0
-5.22,5.102495,34.93,62.96824596572466,0
20.73,5.111449,34.93,62.313722405261586,0
15.96,5.112729,34.93,63.72597586541927,0
-31.31,5.135755,34.95,62.313722405261586,0
30.99,5.139593,34.95,62.489999199871974,0
14.4,5.151106,34.95,63.7808748764079,0
-32.66,5.153665,34.95,62.56196927846821,0
16.54,5.149827,34.97,64.63745044476924,0
20.28,5.143431,34.97,62.96824596572466,0
-10.99,5.122962,34.97,62.96824596572466,0
-13.47,5.119125,34.97,62.36184731067546,0
15.59,5.119125,34.95,62.25752966509352,0
0.51,5.137034,34.95,63.0,0
-10.75,5.157502,34.95,76.22335600063802,0
-5.94,5.199718,34.95,25.573423705088842,0
-17.65,5.235537,34.95,101.62676812730001,0
21.84,5.313571,34.95,67.66830868286867,0
13.61,5.321247,34.95,54.415071441651165,0
36.39,5.29822,34.95,75.19308478842984,0
-19.78,5.303337,34.95,63.89053137985315,0
75.02,5.250888,34.95,62.8887907341205,0
35.91,5.24705,34.95,62.0403094769844,0
-54.07,5.261122,34.95,63.57672530100933,0
95.55,5.31613,34.95,63.02380502635492,0
71.25,5.355786,34.95,63.02380502635492,0
-50.1,5.396722,34.95,63.387695966961914,0
-27.09,5.428704,34.95,62.42595614005443,0
-8.07,5.442775,34.93,75.09993342207434,0
-29.9,5.450451,34.93,59.84981202978001,0
33.13,5.456215,34.93,67.0,0
-7.68,5.435748,34.93,59.2452529743945,0
-19.7,5.415279,34.93,62.8728876384726,0
-83.36,5.428072,34.93,63.733821476512766,0
51.55,5.444702,34.93,63.63961030678928,0
0.62,5.471567,34.93,62.24146527838174,0
79.38,5.500989,34.93,62.76145313805282,0
-0.87,5.549601,34.93,62.112800613078136,0
-30.85,5.563673,34.93,62.36184731067546,0
23.37,5.614843,34.93,62.49799996799898,0
12.79,5.635311,34.93,62.36184731067546,0
-20.64,5.659616,34.93,62.369864518050704,0
-38.06,5.683922,34.93,62.49799996799898,0
-18.97,5.689039,34.93,62.49799996799898,0
9.66,5.695436,34.93,62.49799996799898,0
6.94,5.696715,34.93,61.73329733620261,0
-1.42,5.690319,34.93,62.99206299209449,0
-15.83,5.673688,34.93,62.36184731067546,0
-11.84,5.68776,34.97,62.36184731067546,0
22.25,5.719741,34.97,62.36184731067546,0
3.11,5.749164,34.97,62.36184731067546,0
-23.85,5.774749,34.97,62.36184731067546,0
12.1,5.787542,34.93,62.36184731067546,0
-2.72,5.787542,34.93,62.36184731067546,0
-20.36,5.783704,34.93,62.36184731067546,0
4.59,5.777308,34.93,62.24146527838174,0
0.88,5.760677,34.95,62.13694553162394,0
-8.2,5.750443,34.95,63.28506932918696,0
4.69,5.721021,34.95,69.03622237637282,0
6.54,5.732534,34.95,82.05485969764375,0
28.1,5.696715,34.95,66.40783086353596,0
108.8,5.80801,34.95,46.411205543489174,0
235.32,5.880927,34.95,56.22277118748239,0
-391.88,5.89372,34.95,61.065538563088104,0
-452.42,5.91035,34.95,63.96092557178953,0
-2.71,5.918025,34.95,59.782940710540494,0
398.77,5.94489,34.95,62.849025449882674,0
264.14,6.003735,34.95,66.03786792439622,0
117.48,6.105759,34.95,62.82515419798029,0
-165.73,6.118551,34.95,62.625873247404705,0
-216.48,6.128785,34.95,62.65780079128216,0
58.08,6.12111,34.95,66.55824516917495,0
108.58,6.133903,34.95,56.4003546088143,0
141.21,6.135181,34.95,68.65857557508748,0
-3.4,6.194027,34.95,72.74613391789285,0
-67.03,6.117272,34.95,60.174745533321534,0
30.0,6.057148,34.93,55.5517776493246,0
-24.89,6.05203,34.93,70.66823897621902,0
190.35,6.067381,34.93,62.07253821135398,0
-156.76,6.026445,34.93,61.212743771211564,0
-156.83,6.032842,34.95,60.340699366182356,0
36.8,6.055868,34.95,62.177166226839255,0
313.46,6.06994,34.95,62.07253821135398,0
-258.41,6.091687,34.95,63.324560795950255,0
-69.82,6.144136,34.95,63.4428877022476,0
6.04,6.217054,34.95,62.73754856543249,0
-18.35,6.300205,34.95,62.8728876384726,0
-44.61,6.346258,34.95,62.177166226839255,0
-15.39,6.361609,34.95,62.32976816898969,0
-6.7,6.346258,34.95,63.02380502635492,0
6.2,6.327069,34.95,62.32976816898969,0
18.03,6.287413,34.95,62.32976816898969,0
23.0,6.261827,34.93,62.32976816898969,0
-1.13,6.219612,34.93,62.8728876384726,0
-7.28,6.195306,34.93,63.02380502635492,0
15.07,6.162046,34.93,61.644140029689765,0
6.33,6.150533,34.93,63.20601237224193,0
50.94,6.142857,34.93,63.51377803280167,0
54.74,6.136461,34.93,65.37583651472461,0
9.67,6.127506,34.93,62.41794613730894,0
-60.0,6.107038,34.95,65.24568951279464,0
-305.09,6.095525,34.95,61.886993787063204,0
190.85,6.077615,34.95,62.297672508690084,0
311.48,6.080174,34.95,61.554853586049575,0
70.43,6.082732,34.97,60.88513775955508,0
-194.55,6.078895,34.97,55.695601262577284,0
-106.36,6.073778,34.97,66.25707509390978,0
-101.85,6.055868,34.97,69.99285677838846,0
-13.21,6.059706,34.93,58.12916651733448,0
-121.34,6.080174,34.93,65.09224224129939,0
138.73,6.095525,34.93,62.24146527838174,0
43.96,6.110876,34.93,63.0158710167526,0
-13.64,6.135181,34.97,61.61980201201558,0
-51.44,6.144136,34.97,62.24146527838174,0
-11.61,6.169722,34.97,63.53739056650029,0
5.19,6.246477,34.97,62.048368229954285,0
14.38,6.332186,34.95,62.82515419798029,0
20.97,6.380798,34.95,61.97580172938467,0
13.41,6.392311,34.95,62.82515419798029,0
-4.28,6.457553,34.95,62.82515419798029,0
21.18,6.524911,34.95,62.82515419798029,0
11.89,6.537704,34.95,62.91263784010332,0
-2.79,6.57864,34.95,62.297672508690084,0
-28.21,6.604225,34.95,62.297672508690084,0
-20.96,6.622134,34.93,62.297672508690084,0
8.75,6.638765,34.93,62.297672508690084,0
-4.61,6.623414,34.93,62.297672508690084,0
-7.56,6.590153,34.93,62.40192304729078,0
10.6,6.567127,34.93,63.08724118235002,0
2.65,6.524911,34.93,61.514225996918796,0
9.0,6.505723,34.93,62.82515419798029,0
11.17,6.4763,34.93,62.20932405998316,0
-21.26,6.455832,34.93,62.82515419798029,0
33.41,6.435364,34.93,62.82515419798029,0
11.14,6.42513,34.93,62.048368229954285,0
20.61,6.416175,34.93,62.82515419798029,0
0.64,6.449435,34.95,62.82515419798029,0
-10.95,6.505723,34.95,62.91263784010332,0
-27.43,6.569685,34.95,62.91263784010332,0
-25.42,6.620855,34.95,62.82515419798029,0
-13.09,6.647719,34.93,62.297672508690084,0
-5.29,6.652836,34.93,62.297672508690084,0
15.38,6.643882,34.93,62.297672508690084,0
24.1,6.632369,34.93,62.91263784010332,0
0.96,6.601666,34.93,63.608175575157006,0
2.48,6.591433,34.93,60.266076693277455,0
13.62,6.546659,34.93,86.22064717919949,0
14.05,6.542821,34.93,66.2117814289874,0
19.77,6.857517,34.95,56.43580423808985,0
20.54,6.909966,34.95,62.80127387243033,0
-72.97,6.849841,34.95,63.12685640834652,0
-471.7,6.848562,34.95,64.389440128021,0
-206.86,6.959857,34.93,63.50590523722971,0
120.78,7.213857,34.93,74.60562981437795,0
230.71,7.385277,34.93,59.782940710540494,0
127.35,7.56821,34.93,63.245553203367585,0
71.58,7.814559,34.95,62.80923498976882,0
239.36,7.82863,34.95,62.03224967708329,0
44.66,7.774902,34.95,63.94528911499267,0
-179.91,7.796649,34.95,55.80322571321482,0
30.64,7.800487,34.97,66.70832032063167,0
109.04,7.794091,34.97,59.91660871578097,0
123.52,7.817117,34.97,64.68384651518491,0
-53.61,7.840144,34.97,63.45076831686122,0
-20.64,7.732687,34.95,63.75735251718032,0
42.78,7.810721,34.95,62.93647591023825,0
50.01,7.946321,34.95,64.47480127925948,0
97.7,7.953647,34.95,65.26101439603893,0
-191.23,7.879451,34.97,64.22616289332565,0
-333.96,7.779669,34.97,65.26101439603893,0
135.71,7.660698,34.97,62.94441992742486,0
61.17,7.558359,34.97,63.15853069855251,0
50.16,7.426596,34.95,63.26136261573884,0
47.88,7.378334,34.95,62.37788069500277,0
31.03,7.251688,34.95,63.079315151640635,0
73.77,7.325884,34.95,63.13477647065839,0
75.42,7.35147,34.99,62.74551776820397,0
-191.66,7.332281,34.99,64.17164482853778,0
-254.63,7.244012,34.99,61.61980201201558,0
79.05,7.222265,34.99,69.18814927427962,0
-18.02,7.241454,34.95,29.899832775452108,0
108.21,7.360425,34.95,84.7938677028003,0
-4.36,7.311813,34.95,36.55133376499413,0
-142.0,7.347632,34.95,87.06893820416096,0
-61.38,7.348911,34.95,56.43580423808985,0
70.03,7.259364,34.95,50.28916384272063,0
7.22,7.483232,34.95,66.24952830020754,0
-206.22,7.362983,34.95,73.45066371381542,0
139.37,7.479395,34.95,56.43580423808985,0
244.13,7.652093,34.95,65.12296062065974,0
-203.18,7.691751,34.95,74.02702209328699,0
9.98,7.644418,34.95,56.824290580701486,0
-7.92,7.676399,34.95,49.52776998815917,0
216.51,7.698147,34.95,55.94640292279746,0
-123.62,7.69303,34.95,54.415071441651165,0
-43.2,7.630346,34.95,67.03730304837748,0
106.98,7.654652,34.93,78.49203781276162,0
24.76,7.792811,34.93,65.49045732013177,0
105.51,7.663607,34.93,61.43289021363068,0
-75.06,7.831189,34.93,47.18050444834179,0
-319.13,7.910502,34.95,62.369864518050704,0
-100.69,7.939925,34.95,59.04235767650204,0
-204.62,7.991095,34.95,65.6505902486794,0
262.25,7.976674,34.95,68.96375859826666,0
136.51,7.824443,34.95,63.655321851358195,0
86.51,7.668374,34.95,65.33758489567853,0
140.75,7.609529,34.95,62.27358990776106,0
154.89,7.567313,34.95,64.87680633323437,0
-90.46,7.613366,34.95,59.36328831862332,0
-57.33,7.686284,34.95,66.37017402418047,0
-60.99,7.733616,34.95,64.60650122085238,0
-106.81,7.731058,34.95,61.773780845922005,0
-19.22,7.736175,34.95,59.74110812497538,0
60.48,7.734895,34.95,56.19608527290847,0
-41.08,7.761759,34.95,58.40376700179535,0
12.17,7.805254,34.95,64.91532946846992,0
65.26,7.821884,34.95,63.45864795282043,0
-78.44,7.841073,34.95,63.34824385884742,0
-13.92,7.838515,34.95,63.655321851358195,0
-78.34,7.806533,34.95,62.56996084384263,0
-143.88,7.787344,34.93,62.112800613078136,0
74.03,7.734895,34.93,62.68971207462992,0
25.85,7.714427,34.93,62.68971207462992,0
-8.22,7.67477,34.93,62.56996084384263,0
-54.57,7.699076,34.95,62.56996084384263,0
-82.69,7.688842,34.95,62.56996084384263,0
14.0,7.69268,34.95,62.93647591023825,0
11.67,7.669653,34.95,63.03967004989794,0
48.6,7.651744,34.95,62.93647591023825,0
40.12,7.62488,34.95,62.112800613078136,0
-15.81,7.594178,34.95,62.24146527838174,0
62.5,7.573709,34.95,64.34283176858165,0
137.64,7.568593,34.95,59.23681287847955,0
263.31,7.596736,34.95,67.48333127521195,0
-185.34,7.633834,34.95,63.984373092185564,0
-98.22,7.644068,34.95,60.51446108162907,0
-62.76,7.636393,34.95,61.171888968708494,0
16.36,7.645348,34.95,64.82283548256741,0
43.97,7.660698,34.95,62.65780079128216,0
62.08,7.682446,34.95,65.79513659838392,0
-26.11,7.766877,34.93,68.70953354520753,0
-158.01,7.866658,34.93,66.76076692189807,0
-74.54,7.9997,34.93,63.43500610861482,0
53.57,7.970277,34.93,65.4828221749796,0
50.65,7.833397,34.95,69.18814927427962,0
-38.05,7.873055,34.95,49.82971001320397,0
134.57,8.03552,34.95,64.89992295835181,0
65.96,8.224849,34.95,50.24937810560445,0
-77.99,8.246595,34.93,71.69379331573968,0
-189.12,8.226128,34.93,59.0,0
-127.75,8.20566,34.93,56.621550667568265,0
42.68,8.233803,34.93,69.83552104767315,0
19.38,8.412898,34.91,64.51356446515724,0
-24.32,8.528031,34.91,63.812224534175265,0
5.03,8.627392,34.91,57.66281297335398,0
10.75,8.73357,34.91,64.69157595854347,0
100.76,8.80137,34.93,62.68971207462992,0
267.66,8.921619,34.93,62.433965115151864,0
-48.89,8.966393,34.93,53.86093203798092,0
-106.81,8.984241,34.93,62.27358990776106,0
6.31,8.884459,34.93,53.34791467339656,0
205.09,8.842243,34.93,77.6273147803014,0
93.27,8.74502,34.93,64.45153217728807,0
-303.55,8.661869,34.93,62.24146527838174,0
200.07,8.604302,34.93,61.72519744804386,0
248.66,8.541619,34.93,65.30696746902278,0
-287.73,8.541619,34.93,59.983331017875294,0
-495.47,8.564646,34.93,70.2922470831599,0
-111.96,8.5058,34.95,61.09828148156051,0
87.64,8.555691,34.95,66.53570470055908,0
273.28,8.486611,34.95,58.83026432033091,0
156.72,8.423928,34.95,59.67411499134277,0
-26.5,8.380496,34.93,65.30696746902278,0
189.05,8.160465,34.93,62.91263784010332,0
-164.51,7.986487,34.93,62.68971207462992,0
146.75,7.890543,34.93,61.25357132445422,0
36.73,7.870496,34.93,59.74110812497538,0
-65.13,7.865379,34.93,61.14736298484179,0
22.36,7.823164,34.93,61.74949392505172,0
-30.57,7.878171,34.93,61.87083319303208,0
-37.6,7.907594,34.91,61.61980201201558,0
-27.87,7.976674,34.91,66.37770710110436,0
-36.89,8.039357,34.91,63.85922016435841,0
-26.02,8.126347,34.91,62.71363488110062,0
-52.14,8.186471,34.93,70.15696686716153,0
3.18,8.217173,34.93,59.177698502053964,0
41.46,8.240199,34.93,68.47627326307996,0
52.14,8.191588,34.93,64.10148204214939,0
-24.93,8.107158,34.93,61.97580172938467,0
-101.05,8.0675,34.93,62.76941930590086,0
-17.34,8.107158,34.93,62.49799996799898,0
98.89,8.132742,34.93,63.166446789415026,0
-43.33,8.130184,34.91,63.166446789415026,0
-14.51,8.126347,34.91,63.166446789415026,0
17.0,8.108437,34.91,63.166446789415026,0
32.19,8.094365,34.91,63.166446789415026,0
20.08,8.06878,34.93,58.283788483591216,0
27.18,8.064942,34.93,62.625873247404705,0
0.12,8.049591,34.93,61.603571325045756,0
49.08,8.098203,34.93,63.773035054010094,0
96.85,8.149373,34.91,67.36467917239716,0
47.09,8.213335,34.91,61.27805479941412,0
-435.1,8.237641,34.91,62.048368229954285,0
-90.31,8.231245,34.91,63.25345840347388,0
130.82,8.245317,34.91,62.8728876384726,0
160.62,8.246595,34.91,64.32728814430156,0
-72.37,8.208219,34.91,61.45730225123781,0
-240.39,8.20438,34.91,64.88451279003334,0
62.05,8.130184,34.93,65.08456038109192,0
151.95,8.104599,34.93,66.24952830020754,0
223.12,8.064942,34.93,76.87002016391045,0
117.81,8.343819,34.93,54.92722457943783,0
-29.85,8.350215,34.89,69.17369442208505,0
95.34,8.305441,34.89,72.15261603018979,0
-279.15,8.368125,34.89,54.67174773134658,0
-12.82,8.331026,34.89,81.51073548925933,0
132.77,8.278577,34.95,56.753854494650845,0
100.46,8.297766,34.95,62.40192304729078,0
36.95,8.327188,34.95,67.63135367564367,0
-222.12,7.637672,34.95,58.146367040426526,0
-257.41,7.554521,34.91,56.05354582896607,0
72.79,8.244038,34.91,65.13831437794502,0
269.18,8.267064,34.91,62.30569797378086,0
10.44,8.331026,34.91,67.21606950722423,0
1.54,8.331026,34.93,67.11929677819934,0
-365.09,8.370683,34.93,59.38013135721409,0
68.45,8.384755,34.93,60.06662967072483,0
74.99,8.433367,34.93,64.91532946846992,0
-152.75,8.448717,34.95,62.6418390534633,0
-15.27,8.505863,34.95,76.11832893594026,0
99.55,8.567267,34.95,63.071388124885914,0
78.12,8.548079,34.95,63.071388124885914,0
142.38,8.518656,34.93,62.82515419798029,0
-178.85,8.498187,34.93,63.071388124885914,0
-103.82,8.468764,34.93,63.071388124885914,0
152.4,8.448297,34.93,63.071388124885914,0
98.27,8.420153,34.93,63.071388124885914,0
4.86,8.412477,34.93,63.071388124885914,0
72.3,8.380496,34.93,63.06346010171025,0
2.6,8.367703,34.93,63.06346010171025,0
47.16,8.342118,34.93,63.788713735268246,0
21.06,8.345957,34.93,62.81719509815764,0
-52.61,8.367703,34.93,64.32728814430156,0
45.95,8.328047,34.93,62.82515419798029,0
64.89,8.301183,34.93,63.56886030125127,0
164.78,8.311417,34.93,63.56099432828282,0
109.04,8.28839,34.93,62.5859409132754,0
-369.47,8.273039,34.93,63.150613615387776,0
-145.67,8.235941,34.93,63.182275995725256,0
62.7,8.232103,34.93,74.47818472546173,0
61.5,8.196284,34.93,57.436921923097515,0
-60.96,8.206518,34.93,56.293871780150276,0
79.11,8.171978,34.95,51.66236541235796,0
-213.17,8.207797,34.95,65.00769185258002,0
62.36,8.289669,34.95,81.36952746575342,0
-77.18,8.180933,34.95,79.46068210127572,0
73.39,8.338281,34.93,101.89209979188769,0
-55.71,8.175816,34.93,63.48228099241551,0
-262.78,7.820184,34.93,67.19374970932937,0
153.72,8.137859,34.93,73.5187051028512,0
148.71,8.109715,34.91,66.332495807108,0
-39.54,8.094365,34.91,73.22567855609124,0
262.57,8.105878,34.91,55.80322571321482,0
22.95,8.095644,34.91,60.37383539249432,0
-261.13,8.113554,34.93,69.15200647848188,0
-359.5,8.122508,34.93,70.03570517957252,0
-19.68,8.121229,34.93,64.28841264178172,0
8.63,8.158327,34.93,59.42221806698232,0
126.92,8.226128,34.95,60.4979338490167,0
58.41,8.332306,34.95,63.198101237299845,0
182.79,8.40906,34.95,64.03905058634146,0
237.35,8.473023,34.95,63.72597586541927,0
-25.77,8.548079,34.93,63.0158710167526,0
-55.46,8.560871,34.93,64.97691897897283,0
-120.77,8.548079,34.93,62.76941930590086,0
22.74,8.532727,34.93,61.78996682310163,0
26.26,8.508421,34.95,63.12685640834652,0
-67.19,8.493071,34.95,63.7102817447859,0
46.02,8.494349,34.95,60.07495318350236,0
-1.34,8.472603,34.95,65.49045732013177,0
-82.79,8.411199,34.93,62.91263784010332,0
4.03,8.370262,34.93,64.10148204214939,0
-9.92,8.321651,34.93,67.65352910233139,0
-77.99,8.292228,34.93,65.22269543648132,0
-83.36,8.278156,34.93,68.65129277733959,0
-31.58,8.28839,34.93,67.17142249498666,0
22.1,8.273039,34.93,63.198101237299845,0
132.37,8.25513,34.93,81.55366331440912,0
130.39,8.163024,34.91,75.35250493513803,0
309.69,8.147673,34.91,53.094255809833136,0
143.29,8.180933,34.91,48.25971404805462,0
-262.92,8.215473,34.91,72.17340230306452,0
-345.53,8.027423,34.95,49.05099387372289,0
-138.44,8.08499,34.95,69.13754406977442,0
148.81,8.308858,34.95,65.95452979136459,0
286.12,8.330606,34.95,62.3377895020348,0
-354.13,8.243616,34.93,63.788713735268246,0
226.8,8.225707,34.93,62.63385665915839,0
52.33,8.193726,34.93,62.27358990776106,0
-292.63,8.177095,34.93,62.01612693485461,0
-9.49,8.178374,34.95,62.20128616033595,0
31.33,8.15151,34.95,63.29296959378664,0
-6.04,8.150231,34.95,63.85922016435841,0
-27.05,8.182212,34.95,63.0,0
44.38,8.197563,34.95,62.65780079128216,0
34.66,8.22059,34.95,62.080592780675026,0
-69.97,8.274319,34.95,62.51399843235114,0
-15.94,8.376658,34.95,62.32976816898969,0
-15.17,8.383055,34.91,63.15853069855251,0
0.99,8.454693,34.91,62.42595614005443,0
-2.49,8.47644,34.91,62.36184731067546,0
31.67,8.516097,34.91,62.90468980926621,0
175.77,8.521214,34.95,62.90468980926621,0
-57.54,8.540402,34.95,63.66317616958802,0
-102.65,8.537845,34.95,61.065538563088104,0
52.15,8.516097,34.95,64.10148204214939,0
-39.42,8.472603,34.93,62.76941930590086,0
-49.32,8.430387,34.93,63.06346010171025,0
-128.98,8.412477,34.93,62.297672508690084,0
2.9,8.389451,34.93,61.814237842102365,0
249.18,8.362587,34.93,62.81719509815764,0
61.06,8.333164,34.93,63.0,0
-13.49,8.352353,34.93,60.94259594077036,0
94.1,8.316534,34.93,64.63745044476924,0
-182.32,8.445738,34.91,61.35959582656978,0
-12.66,8.439342,34.91,63.324560795950255,0
43.29,8.430387,34.91,61.09009739720506,0
-215.4,8.420153,34.91,62.00806399170998,0
57.85,8.315254,34.91,64.56779382943171,0
227.16,8.296065,34.91,64.37390775772433,0
231.69,8.283273,34.91,63.13477647065839,0
-345.59,8.280715,34.91,63.13477647065839,0
-209.02,8.280715,34.93,62.40192304729078,0
56.58,8.303741,34.93,63.4428877022476,0
57.23,8.315254,34.93,63.03967004989794,0
36.39,8.325488,34.93,63.03967004989794,0
-5.08,8.326768,34.95,62.40192304729078,0
17.92,8.317813,34.95,63.33245613427605,0
15.23,8.25513,34.95,62.20128616033595,0
-23.85,8.265364,34.95,62.40192304729078,0
28.99,8.25385,34.91,62.40192304729078,0
29.31,8.239779,34.91,62.40192304729078,0
-8.65,8.22059,34.91,63.63961030678928,0
4.84,8.198843,34.91,62.76145313805282,0
30.28,8.203959,34.91,63.33245613427605,0
6.29,8.198843,34.91,62.321745803531535,0
-25.62,8.201401,34.91,62.40192304729078,0
21.79,8.202681,34.91,63.03967004989794,0
3.0,8.205239,34.91,63.85138996137829,0
-13.99,8.229545,34.91,62.8410693734599,0
46.46,8.258967,34.91,62.20128616033595,0
114.37,8.296065,34.91,62.20128616033595,0
174.89,8.330606,34.89,69.03622237637282,0
-85.97,8.365146,34.89,63.686733312362634,0
-132.27,8.368983,34.89,63.079315151640635,0
-80.29,8.358749,34.89,62.56996084384263,0
2.72,8.333164,34.91,62.20932405998316,0
30.19,8.325488,34.91,62.57795138864806,0
99.78,8.339561,34.91,62.91263784010332,0
-98.28,8.352353,34.91,62.91263784010332,0
-39.26,8.363866,34.89,61.35959582656978,0
-85.44,8.371542,34.89,62.37788069500277,0
-60.04,8.360028,34.89,62.56196927846821,0
29.18,8.353632,34.89,62.0403094769844,0
3.25,8.352353,34.91,62.56196927846821,0
22.07,8.347236,34.91,63.229739838148944,0
19.52,8.366425,34.91,63.88270501473775,0
-85.62,8.372821,34.91,62.65780079128216,0
51.45,8.371542,34.91,62.77738446287803,0
35.58,8.362587,34.91,62.77738446287803,0
56.48,8.349794,34.91,62.505999712027645,0
90.93,8.342118,34.91,62.65780079128216,0
-36.15,8.32293,34.91,62.10475022089695,0
-49.42,8.312696,34.91,62.10475022089695,0
22.04,8.302462,34.91,62.65780079128216,0
6.68,8.28839,34.91,61.73329733620261,0
-23.68,8.270481,34.89,62.77738446287803,0
9.73,8.267922,34.89,64.1404708432983,0
39.07,8.257689,34.89,64.83054835492293,0
11.11,8.290949,34.89,60.844062980705026,0
37.54,8.224427,34.89,62.26556030423239,0
-90.24,8.192447,34.89,63.15853069855251,0
-273.58,8.171978,34.89,62.52199612936234,0
-127.54,8.251292,34.89,64.72248450113763,0
60.41,8.345957,34.91,64.20280367709809,0
98.46,8.386892,34.91,64.76109943476871,0
298.53,8.356191,34.91,63.72597586541927,0
-105.98,8.360028,34.91,62.91263784010332,0
-283.73,8.366425,34.91,62.76941930590086,0
71.34,8.365146,34.91,62.8728876384726,0
102.54,8.347236,34.91,62.8728876384726,0
168.85,8.344677,34.91,62.8728876384726,0
70.3,8.334443,34.91,63.41135544995076,0
75.85,8.334443,34.91,63.41135544995076,0
42.96,8.316534,34.91,63.41135544995076,0
-33.55,8.310138,34.91,62.65780079128216,0
33.64,8.294786,34.89,62.76941930590086,0
-25.19,8.298624,34.89,62.68173577685928,0
43.99,8.267922,34.89,62.76941930590086,0
5.02,8.273039,34.89,63.324560795950255,0
-36.79,8.25513,34.91,57.4543296888929,0
27.26,8.270481,34.91,64.22616289332565,0
-10.33,8.260246,34.91,53.27288240746881,0
50.64,8.280715,34.91,63.7102817447859,0
195.95,8.310138,34.89,63.03967004989794,0
79.69,8.376658,34.89,63.97655820689325,0
-312.5,8.411199,34.89,61.84658438426491,0
-128.19,8.411199,34.89,64.16385275215322,0
-34.21,8.452134,34.87,63.419239982831705,0
-15.45,8.52889,34.87,62.68173577685928,0
30.89,8.59669,34.87,62.68173577685928,0
61.88,8.655536,34.87,62.63385665915839,0
-16.66,8.678562,34.89,62.63385665915839,0
0.33,8.727174,34.89,61.91930232165088,0
-25.02,8.722056,34.89,62.63385665915839,0
4.4,8.711823,34.89,63.221831672294975,0
-0.16,8.677282,34.89,63.35613624582863,0
-1.96,8.677282,34.89,63.35613624582863,0
-2.62,8.591573,34.89,63.35613624582863,0
-26.35,8.572384,34.89,64.389440128021,0
0.94,8.531448,34.89,63.53739056650029,0
-6.81,8.553195,34.89,61.644140029689765,0
8.61,8.495629,34.89,66.6783323126786,0
38.81,8.487953,34.89,61.862751312886175,0
66.51,8.448297,34.89,66.52067347825036,0
65.05,8.438063,34.89,58.73670062235365,0
-53.84,8.37538,34.89,63.387695966961914,0
-94.3,8.368983,34.89,62.68173577685928,0
-27.39,8.37538,34.89,62.52999280345393,0
-18.57,8.381776,34.89,63.92182725798755,0
-19.33,8.368983,34.89,63.37191807101944,0
-7.75,8.365146,34.89,62.49799996799898,0
-0.16,8.368983,34.89,63.190189111918315,0
6.33,8.385613,34.89,62.52999280345393,0
-4.7,8.376658,34.89,62.49799996799898,0
-9.61,8.381776,34.89,63.20601237224193,0
28.46,8.37538,34.89,63.20601237224193,0
20.73,8.386892,34.89,62.49799996799898,0
-12.53,8.371542,34.89,62.5939294181153,0
4.18,8.377937,34.89,60.21627686929839,0
1.85,8.400965,34.89,63.75735251718032,0
-9.91,8.406081,34.89,62.056425936400814,0
-17.48,8.385613,34.89,63.592452382338585,0
41.58,8.429108,34.89,63.592452382338585,0
72.23,8.432945,34.87,63.592452382338585,0
-30.26,8.461089,34.87,64.38167441127949,0
-48.98,8.468764,34.87,63.0,0
-7.55,8.47644,34.87,62.41794613730894,0
-21.82,8.470044,34.89,62.849025449882674,0
-6.96,8.464927,34.89,63.0,0
0.53,8.463648,34.89,63.0,0
-20.11,8.439342,34.89,63.796551630946325,0
16.86,8.423991,34.89,63.0,0
6.71,8.404802,34.89,63.0,0
-23.67,8.404802,34.89,61.465437442517235,0
15.17,8.398406,34.89,62.41794613730894,0
-3.24,8.393289,34.91,63.647466563878254,0
-21.2,8.386892,34.91,62.12889826803627,0
16.99,8.380496,34.91,63.387695966961914,0
3.59,8.376658,34.91,61.71709649683789,0
-12.93,8.376658,34.89,63.0,0
17.55,8.371542,34.89,64.28063471995279,0
-6.34,8.367703,34.89,59.715994507334464,0
3.48,8.388172,34.89,64.17164482853778,0
26.85,8.385613,34.91,61.07372593840988,0
-30.18,8.404802,34.91,62.80127387243033,0
-24.58,8.421432,34.91,62.77738446287803,0
18.39,8.495629,34.91,62.24949798994366,0
71.86,8.585176,34.89,62.976185975335156,0
-68.08,8.684958,34.89,62.69768735766894,0
-208.13,8.764272,34.89,63.12685640834652,0
-72.93,8.803928,34.89,63.12685640834652,0
-65.25,8.805207,34.91,62.64982043070834,0
-68.21,8.797532,34.91,62.64982043070834,0
140.3,8.773227,34.91,62.41794613730894,0
0.21,8.736128,34.91,63.095166217389426,0
123.88,8.723335,34.87,63.095166217389426,0
88.24,8.692634,34.87,63.095166217389426,0
10.86,8.673445,34.87,63.095166217389426,0
91.59,8.64786,34.87,63.095166217389426,0
-59.79,8.636347,34.87,62.40192304729078,0
101.57,8.61332,34.87,63.7808748764079,0
12.5,8.597969,34.87,60.67124524847005,0
28.53,8.535286,34.87,62.849025449882674,0
71.46,8.553195,34.89,62.976185975335156,0
-46.87,8.536565,34.89,62.976185975335156,0
179.75,8.514817,34.89,62.976185975335156,0
-188.64,8.505863,34.89,62.625873247404705,0
-30.79,8.496908,34.91,62.0966987850401,0
100.37,8.485394,34.91,62.625873247404705,0
38.44,8.480278,34.91,62.625873247404705,0
-52.33,8.473882,34.91,62.056425936400814,0
-7.38,8.481557,34.89,62.056425936400814,0
-9.37,8.477719,34.89,62.625873247404705,0
-54.67,8.478998,34.89,62.30569797378086,0
8.19,8.467485,34.89,62.849025449882674,0
-4.43,8.462368,34.89,62.30569797378086,0
-27.0,8.439342,34.89,62.056425936400814,0
3.08,8.409919,34.89,62.8728876384726,0
-20.76,8.418874,34.89,63.095166217389426,0
5.4,8.435504,34.87,63.095166217389426,0
4.52,8.427829,34.87,61.74949392505172,0
-41.81,8.4419,34.87,61.74949392505172,0
11.21,8.427829,34.87,62.30569797378086,0
-7.27,8.427829,34.91,62.30569797378086,0
-35.58,8.426549,34.91,62.30569797378086,0
12.59,8.420153,34.91,62.30569797378086,0
-26.36,8.40736,34.91,62.545983084447556,0
27.03,8.393289,34.87,63.095166217389426,0
-3.34,8.388172,34.87,63.095166217389426,0
-38.83,8.379217,34.87,62.545983084447556,0
20.64,8.37538,34.87,62.30569797378086,0
-34.06,8.377937,34.89,62.80923498976882,0
40.51,8.376658,34.89,62.27358990776106,0
11.11,8.37538,34.89,63.984373092185564,0
-42.66,8.386892,34.89,62.63385665915839,0
39.02,8.393289,34.87,62.94441992742486,0
6.45,8.376658,34.87,61.25357132445422,0
19.59,8.380496,34.87,61.66036003787198,0
19.05,8.37538,34.87,61.69278726074872,0
-65.44,8.430387,34.89,63.8200595424354,0
-50.35,8.470044,34.89,62.80923498976882,0
55.82,8.521214,34.89,64.01562309311689,0
51.94,8.516097,34.89,60.40695324215582,0
-28.9,8.537845,34.87,64.38167441127949,0
-110.72,8.558312,34.87,62.625873247404705,0
118.39,8.56215,34.87,62.297672508690084,0
43.31,8.560871,34.87,62.39390995922599,0
-61.21,8.522493,34.84,62.40192304729078,0
10.38,8.502026,34.84,62.96824596572466,0
-6.73,8.462368,34.84,63.182275995725256,0
47.05,8.452134,34.84,63.182275995725256,0
-19.3,8.431666,34.87,63.182275995725256,0
7.12,8.421432,34.87,62.297672508690084,0
11.64,8.413756,34.87,62.39390995922599,0
-22.06,8.400965,34.87,61.82232606429493,0
31.24,8.393289,34.87,63.20601237224193,0
-22.38,8.39201,34.87,62.849025449882674,0
39.02,8.376658,34.87,62.96824596572466,0
21.78,8.362587,34.87,62.39390995922599,0
-37.59,8.354911,34.87,63.41135544995076,0
36.36,8.338281,34.87,62.625873247404705,0
21.01,8.352353,34.87,62.625873247404705,0
-27.11,8.354911,34.87,62.617888817813075,0
13.59,8.347236,34.87,62.056425936400814,0
18.63,8.362587,34.87,62.625873247404705,0
-18.08,8.348515,34.87,62.39390995922599,0
6.24,8.349794,34.87,63.182275995725256,0
10.25,8.338281,34.87,62.39390995922599,0
-23.1,8.348515,34.87,62.39390995922599,0
13.31,8.334443,34.87,62.177166226839255,0
10.68,8.339561,34.87,62.177166226839255,0
-28.45,8.321651,34.84,62.625873247404705,0
24.7,8.326768,34.84,62.96824596572466,0
15.76,8.311417,34.84,62.96824596572466,0
-36.86,8.308858,34.84,62.40192304729078,0
13.23,8.293508,34.87,62.40192304729078,0
-2.48,8.293508,34.87,62.96824596572466,0
-47.26,8.280715,34.87,62.40192304729078,0
16.25,8.283273,34.87,62.96824596572466,0
-10.05,8.283273,34.87,62.0644825967316,0
-4.92,8.289669,34.87,62.96824596572466,0
14.94,8.275598,34.87,62.96824596572466,0
-23.58,8.265364,34.87,62.40192304729078,0
25.38,8.261526,34.84,62.96824596572466,0
13.17,8.266643,34.84,62.96824596572466,0
-50.41,8.247454,34.84,62.40192304729078,0
33.95,8.251292,34.84,62.617888817813075,0
6.07,8.257689,34.83,62.96824596572466,0
-20.28,8.303741,34.83,62.40192304729078,0
24.17,8.340839,34.83,62.40192304729078,0
-14.84,8.403522,34.83,62.40192304729078,0
22.98,8.427829,34.84,62.96824596572466,0
20.2,8.457252,34.84,62.40192304729078,0
-41.19,8.440621,34.84,62.96824596572466,0
29.4,8.457252,34.84,62.96824596572466,0
4.42,8.427829,34.84,62.0644825967316,0
-28.89,8.430387,34.84,62.96824596572466,0
20.73,8.37538,34.84,62.96824596572466,0
-16.47,8.412477,34.84,62.40192304729078,0
17.28,8.404802,34.84,62.96824596572466,0
18.26,8.420153,34.84,62.96824596572466,0
-40.97,8.413756,34.84,62.40192304729078,0
25.47,8.40736,34.84,62.96824596572466,0
7.07,8.393289,34.89,62.96824596572466,0
-20.52,8.39073,34.89,62.40192304729078,0
15.64,8.380496,34.89,62.96824596572466,0
-19.42,8.376658,34.89,62.617888817813075,0
25.04,8.363866,34.84,62.96824596572466,0
15.22,8.365146,34.84,62.39390995922599,0
-44.5,8.347236,34.84,62.617888817813075,0
26.93,8.338281,34.84,62.617888817813075,0
-0.57,8.319092,34.84,62.96824596572466,0
-20.58,8.325488,34.84,64.33506042586733,0
21.42,8.307579,34.84,63.57672530100933,0
-1.74,8.316534,34.84,62.51399843235114,0
23.72,8.290949,34.83,55.04543577809154,0
120.89,8.244896,34.83,59.648973168026956,0
234.83,8.283273,34.83,61.85466837676846,0
-290.87,8.289669,34.83,61.47357155721473,0
-147.15,8.298624,34.84,65.46754921333164,0
-122.09,8.356191,34.84,58.90670590009256,0
20.05,8.397126,34.84,61.326992425847855,0
27.63,8.464927,34.84,63.631753079732135,0
-23.25,8.519935,34.84,61.25357132445422,0
229.83,8.554475,34.84,63.0,0
69.24,8.580059,34.84,63.03967004989794,0
4.13,8.585176,34.84,62.297672508690084,0
-0.21,8.585176,34.87,63.095166217389426,0
-88.42,8.568546,34.87,63.06346010171025,0
-139.13,8.56215,34.87,63.324560795950255,0
-150.9,8.553195,34.87,62.49799996799898,0
110.89,8.531448,34.84,62.609903369994115,0
82.91,8.507142,34.84,62.75348595894893,0
-90.82,8.491791,34.84,62.75348595894893,0
-61.67,8.47644,34.84,62.75348595894893,0
-1.77,8.472603,34.83,62.75348595894893,0
37.83,8.463648,34.83,62.75348595894893,0
-71.74,8.450855,34.83,63.3798075099633,0
26.12,8.457252,34.83,63.3798075099633,0
21.1,8.447018,34.83,61.97580172938467,0
-97.12,8.434225,34.83,63.3798075099633,0
96.44,8.417595,34.83,62.75348595894893,0
11.47,8.40864,34.83,63.3798075099633,0
-16.6,8.394568,34.83,63.3798075099633,0
76.42,8.383055,34.83,63.3798075099633,0
1.14,8.371542,34.83,63.3798075099633,0
-91.77,8.361307,34.83,62.75348595894893,0
74.89,8.352353,34.84,63.3798075099633,0
40.05,8.344677,34.84,62.82515419798029,0
-64.84,8.361307,34.84,63.45076831686122,0
57.25,8.371542,34.84,62.609903369994115,0
56.01,8.377937,34.83,61.91930232165088,0
-24.7,8.376658,34.83,63.221831672294975,0
36.86,8.372821,34.83,62.52999280345393,0
18.99,8.383055,34.83,62.68173577685928,0
-7.3,8.39201,34.84,62.65780079128216,0
76.25,8.39201,34.84,63.31666447310692,0
-18.1,8.395847,34.84,67.47592163134935,0
-70.87,8.388172,34.84,45.727453460694704,0
8.41,8.338281,34.83,63.474404290233394,0
-28.86,8.307579,34.83,63.35613624582863,0
29.61,8.338281,34.83,62.75348595894893,0
24.16,8.321651,34.83,62.75348595894893,0
-138.65,8.319092,34.83,62.75348595894893,0
49.43,8.30502,34.83,62.75348595894893,0
-16.19,8.307579,34.83,63.324560795950255,0
3.06,8.3063,34.83,62.73754856543249,0
17.1,8.315254,34.81,62.73754856543249,0
-51.48,8.307579,34.81,62.75348595894893,0
44.51,8.308858,34.81,63.4428877022476,0
6.53,8.289669,34.81,62.0403094769844,0
-23.7,8.311417,34.83,62.75348595894893,0
14.28,8.293508,34.83,62.75348595894893,0
-64.99,8.303741,34.83,62.8887907341205,0
49.78,8.284553,34.83,62.75348595894893,0
2.78,8.28839,34.83,62.75348595894893,0
-44.68,8.28839,34.83,62.75348595894893,0
37.47,8.250012,34.83,62.75348595894893,0
-8.64,8.290949,34.83,62.75348595894893,0
10.76,8.303741,34.79,62.75348595894893,0
32.11,8.319092,34.79,62.75348595894893,0
-33.74,8.324209,34.79,62.75348595894893,0
36.09,8.349794,34.79,62.73754856543249,0
30.61,8.367703,34.83,63.4428877022476,0
-52.41,8.363866,34.83,62.8887907341205,0
43.32,8.385613,34.83,62.8887907341205,0
22.0,8.384334,34.83,62.8887907341205,0
-69.34,8.379217,34.81,62.75348595894893,0
31.43,8.372821,34.81,62.75348595894893,0
0.26,8.358749,34.81,62.75348595894893,0
-16.49,8.342118,34.81,62.8887907341205,0
26.01,8.331884,34.79,63.474404290233394,0
-35.62,8.32293,34.79,62.93647591023825,0
37.07,8.325488,34.79,62.80127387243033,0
12.0,8.319092,34.79,62.93647591023825,0
-71.52,8.320372,34.83,62.93647591023825,0
28.32,8.325488,34.83,63.08724118235002,0
6.05,8.334443,34.83,62.93647591023825,0
-3.46,8.338281,34.83,62.93647591023825,0
29.44,8.329327,34.83,62.80127387243033,0
-17.0,8.330606,34.83,62.80127387243033,0
14.51,8.312696,34.83,62.93647591023825,0
23.44,8.307579,34.83,62.93647591023825,0
-30.29,8.284553,34.81,62.80127387243033,0
22.29,8.299904,34.81,62.80127387243033,0
16.54,8.284553,34.81,62.80127387243033,0
-45.01,8.285831,34.81,62.80127387243033,0
31.92,8.274319,34.81,62.93647591023825,0
16.22,8.283273,34.81,62.93647591023825,0
-62.19,8.270481,34.81,62.93647591023825,0
32.15,8.266643,34.81,62.93647591023825,0
4.99,8.27176,34.81,62.88083968904996,0
-64.99,8.267922,34.81,62.80127387243033,0
26.83,8.266643,34.81,62.93647591023825,0
-3.03,8.25513,34.81,63.0158710167526,0
-9.36,8.269201,34.79,62.80127387243033,0
17.9,8.27176,34.79,62.93647591023825,0
-41.82,8.276876,34.79,62.93647591023825,0
42.76,8.279435,34.79,63.608175575157006,0
11.12,8.280715,34.81,62.13694553162394,0
-47.84,8.270481,34.81,62.93647591023825,0
26.22,8.27176,34.81,62.80127387243033,0
-18.75,8.270481,34.81,62.13694553162394,0
44.04,8.265364,34.81,62.93647591023825,0
17.74,8.25513,34.81,62.27358990776106,0
-56.45,8.256409,34.81,63.20601237224193,0
19.39,8.258967,34.81,69.0,0
-15.05,8.192447,34.81,56.69215113223346,0
78.34,8.2385,34.81,65.71149062378664,0
160.09,8.267922,34.81,84.4393273303382,0
301.25,8.244896,34.81,55.65968020030299,0
50.75,8.242337,34.79,63.97655820689325,0
-57.31,8.223148,34.79,56.07138307550475,0
-381.36,8.218031,34.79,63.25345840347388,0
-291.22,8.23722,34.79,66.70082458260917,0
-17.07,8.265364,34.81,64.18722614352485,0
258.33,8.28839,34.81,63.76519426771944,0
114.92,8.32293,34.81,63.914004725099176,0
20.9,8.328047,34.81,64.389440128021,0
-63.57,8.339561,34.81,61.862751312886175,0
-102.79,8.337002,34.81,60.21627686929839,0
18.93,8.335723,34.81,58.44655678480983,0
-13.27,8.331884,34.81,45.0111097397076,0
-80.71,8.344677,34.81,84.90583018850944,0
-156.72,8.347236,34.81,67.1863081289633,0
-141.3,8.365146,34.81,66.94027188471824,0
140.71,8.370262,34.81,62.99206299209449,0
353.4,8.347236,34.79,61.0,0
-103.99,8.351073,34.79,67.7421582177598,0
88.87,8.326768,34.79,56.04462507680822,0
51.51,8.368983,34.79,69.49100661236676,0
-6.47,8.267922,34.79,63.76519426771944,0
105.74,8.330606,34.79,62.56196927846821,0
256.78,8.343398,34.79,63.58458932791813,0
-156.47,8.368983,34.79,62.56196927846821,0
-334.81,8.386892,34.79,62.5859409132754,0
31.54,8.39073,34.79,62.385895841928885,0
44.43,8.340839,34.79,63.15853069855251,0
-92.89,8.358749,34.79,62.56196927846821,0
82.89,8.363866,34.79,62.56196927846821,0
0.15,8.37538,34.79,61.78187436457395,0
69.55,8.352353,34.79,62.5859409132754,0
17.25,8.344677,34.79,63.15853069855251,0
-78.76,8.320372,34.79,63.15853069855251,0
66.69,8.316534,34.79,62.56196927846821,0
-6.59,8.285831,34.79,63.15853069855251,0
49.85,8.274319,34.79,62.5859409132754,0
27.55,8.252571,34.77,63.76519426771944,0
-75.36,8.256409,34.77,63.15853069855251,0
22.48,8.230824,34.77,62.5859409132754,0
-53.18,8.2385,34.77,62.385895841928885,0
48.66,8.247454,34.75,62.385895841928885,0
9.64,8.285831,34.75,62.5859409132754,0
-24.35,8.308858,34.75,62.385895841928885,0
44.12,8.330606,34.75,62.5859409132754,0
-65.92,8.344677,34.77,62.385895841928885,0
53.88,8.347236,34.77,62.5859409132754,0
-2.99,8.338281,34.77,62.385895841928885,0
19.91,8.321651,34.77,61.98386886924694,0
15.52,8.297345,34.77,62.5859409132754,0
-73.12,8.258967,34.77,63.0,0
38.62,8.251292,34.77,62.5859409132754,0
-24.03,8.226986,34.77,61.98386886924694,0
55.71,8.219311,34.79,62.385895841928885,0
22.48,8.202681,34.79,63.35613624582863,0
-76.41,8.196284,34.79,62.5859409132754,0
41.93,8.182212,34.79,61.98386886924694,0
-3.58,8.189888,34.75,62.5859409132754,0
31.39,8.193726,34.75,62.5859409132754,0
23.53,8.193726,34.75,62.5859409132754,0
-66.43,8.184771,34.75,62.5859409132754,0
31.69,8.177095,34.73,62.5859409132754,0
-16.53,8.174537,34.73,62.385895841928885,0
16.64,8.171978,34.73,62.385895841928885,0
18.94,8.16814,34.73,62.76145313805282,0
-75.71,8.166862,34.75,62.5859409132754,0
46.04,8.146393,34.75,62.5859409132754,0
-17.06,8.155348,34.75,63.15853069855251,0
8.4,8.150231,34.75,63.198101237299845,0
25.7,8.146393,34.75,62.76145313805282,0
-58.95,8.138718,34.75,62.5859409132754,0
48.71,8.124646,34.75,62.5859409132754,0
15.65,8.109295,34.75,61.98386886924694,0
-82.01,8.109295,34.77,62.5859409132754,0
36.97,8.104178,34.77,62.5859409132754,0
-8.11,8.10034,34.77,61.98386886924694,0
2.82,8.099061,34.77,61.98386886924694,0
22.25,8.104178,34.75,62.5859409132754,0
-68.97,8.104178,34.75,62.76145313805282,0
14.05,8.108016,34.75,62.0403094769844,0
-70.35,8.109295,34.75,61.5223536610881,0
51.26,8.105457,34.75,63.079315151640635,0
55.02,8.120809,34.75,61.98386886924694,0
-76.48,7.870075,34.75,60.41522986797286,0
-51.99,8.029123,34.75,72.69800547470336,0
41.78,8.08541,34.75,61.204574992397426,0
380.63,8.11867,34.75,62.10475022089695,0
250.84,8.159607,34.75,64.79197481170026,0
-148.35,8.177516,34.75,63.57672530100933,0
-208.77,8.169841,34.75,63.788713735268246,0
-57.57,8.208219,34.75,62.27358990776106,0
65.36,8.245317,34.75,64.90762667052309,0
-36.64,8.258109,34.75,63.095166217389426,0
10.25,8.224849,34.75,62.78534860936905,0
-92.76,8.20566,34.75,62.37788069500277,0
-32.35,8.195426,34.75,59.648973168026956,0
-30.81,8.183912,34.75,64.1404708432983,0
-180.11,8.155769,34.73,62.63385665915839,0
-126.11,8.194146,34.73,62.32976816898969,0
116.64,8.214615,34.73,63.3798075099633,0
12.91,8.235083,34.73,65.12296062065974,0
59.42,8.287532,34.75,64.52131430775415,0
94.51,8.373241,34.75,62.52199612936234,0
-28.84,8.365566,34.75,62.93647591023825,0
-292.63,8.3758,34.75,61.1310068623117,0
2.15,8.34254,34.73,61.61980201201558,0
126.24,8.331026,34.73,63.13477647065839,0
-2.44,8.264505,34.73,62.849025449882674,0
-173.41,8.27346,34.73,65.03076195155643,0
109.72,8.252992,34.75,64.51356446515724,0
70.64,8.240199,34.75,57.57603668193913,0
-56.81,8.20438,34.75,62.49799996799898,0
183.36,8.1724,34.75,63.15853069855251,0
162.53,8.151931,34.73,62.89674077406555,0
42.06,8.146814,34.73,64.91532946846992,0
-78.8,8.144256,34.73,62.65780079128216,0
22.19,8.145535,34.73,62.95236294214857,0
-37.69,8.159607,34.71,62.20128616033595,0
-45.71,8.163445,34.71,62.01612693485461,0
-39.61,8.164723,34.71,62.95236294214857,0
-33.88,8.155769,34.71,62.78534860936905,0
-11.69,8.155769,34.73,62.161081071680215,0
4.95,8.144256,34.73,63.095166217389426,0
-20.56,8.140418,34.73,63.095166217389426,0
4.96,8.134022,34.73,62.78534860936905,0
10.95,8.123788,34.73,63.095166217389426,0
-29.8,8.110995,34.73,63.095166217389426,0
11.44,8.098203,34.73,62.161081071680215,0
1.94,8.095644,34.73,63.095166217389426,0
-26.72,8.093085,34.73,63.095166217389426,0
20.38,8.079014,34.73,63.095166217389426,0
-0.17,8.077735,34.73,62.161081071680215,0
-15.67,8.070059,34.73,62.01612693485461,0
31.21,8.081573,34.71,61.84658438426491,0
8.68,8.077735,34.71,63.26136261573884,0
-3.47,8.075176,34.71,62.32976816898969,0
18.51,8.064942,34.71,62.32976816898969,0
2.52,8.066221,34.68,62.32976816898969,0
8.79,8.045753,34.68,62.32976816898969,0
1.65,8.058546,34.68,62.32976816898969,0
-14.98,8.049591,34.68,62.32976816898969,0
6.01,8.059825,34.71,63.095166217389426,0
-0.53,8.055987,34.71,62.32976816898969,0
-15.32,8.08541,34.71,62.32976816898969,0
6.34,8.095644,34.71,63.26136261573884,0
-7.78,8.104599,34.68,63.26136261573884,0
-7.26,8.105878,34.68,62.65780079128216,0
9.13,8.098203,34.68,62.32976816898969,0
-5.93,8.095644,34.68,63.095166217389426,0
-2.85,8.073896,34.68,63.26136261573884,0
9.49,8.079014,34.68,61.40032573203501,0
-11.1,8.071339,34.68,62.32976816898969,0
2.16,8.066221,34.68,63.095166217389426,0
8.97,8.061105,34.66,62.32976816898969,0
-14.75,8.055987,34.66,62.95236294214857,0
7.38,8.055987,34.66,62.65780079128216,0
3.73,8.054708,34.66,61.08191221630181,0
-18.77,8.058546,34.68,62.01612693485461,0
8.97,8.063663,34.68,62.65780079128216,0
9.37,8.049591,34.68,62.32976816898969,0
-1.82,8.039357,34.68,62.32976816898969,0
6.05,8.038077,34.68,62.32976816898969,0
-7.27,8.044474,34.68,62.32976816898969,0
4.72,8.025286,34.68,63.095166217389426,0
7.58,8.03424,34.68,62.161081071680215,0
-15.36,8.020168,34.68,63.095166217389426,0
-9.55,8.036798,34.68,62.161081071680215,0
-7.31,8.040636,34.68,63.095166217389426,0
18.84,8.062384,34.68,63.095166217389426,0
5.42,8.071339,34.68,62.161081071680215,0
-14.0,8.094365,34.68,62.161081071680215,0
4.5,8.081573,34.68,62.161081071680215,0
-5.47,8.089248,34.68,62.32976816898969,0
13.33,8.080293,34.65,62.65780079128216,0
7.78,8.080293,34.65,62.65780079128216,0
-15.93,8.05087,34.65,62.161081071680215,0
6.09,8.055987,34.65,62.83311228962003,0
4.14,8.031681,34.66,71.14773362518304,0
-8.44,8.004817,34.66,66.85057965343307,0
-20.43,7.839794,34.66,62.5939294181153,0
-120.18,8.008655,34.66,66.06814663663572,0
-257.4,8.080293,34.63,59.447455790807396,0
147.84,8.086689,34.63,57.227615711297986,0
480.78,7.981791,34.63,63.76519426771944,0
-55.94,7.779669,34.63,68.1615727518079,0
-341.57,7.892243,34.66,60.74537019394976,0
70.32,8.213335,34.66,54.120236510939236,0
108.96,8.23892,34.66,71.26008700527947,0
126.41,8.117392,34.66,61.85466837676846,0
257.84,7.956206,34.65,63.06346010171025,0
294.52,7.929341,34.65,66.60330322138685,0
-248.15,7.939576,34.65,50.85272854036448,0
-383.01,8.011213,34.65,79.328431221095,0
-115.29,8.094365,34.66,65.18435395092905,0
78.0,8.167282,34.66,48.95916665957459,0
-125.5,8.208219,34.66,81.11103500757464,0
-1.29,8.196705,34.66,59.80802621722272,0
-69.07,8.201822,34.63,61.04096984812741,0
33.07,8.276018,34.63,80.30566605165541,0
173.52,8.297766,34.63,59.14389233048498,0
249.01,8.34254,34.63,64.10928169929842,0
215.24,8.421853,34.65,69.41901756723442,0
-120.3,8.493491,34.65,70.5620294492725,0
-141.84,8.599248,34.65,60.94259594077036,0
-68.61,8.646581,34.65,62.64982043070834,0
145.35,8.741245,34.65,59.9749947894954,0
-115.77,8.823117,34.65,64.21059102671458,0
73.08,8.896034,34.65,63.31666447310692,0
32.84,8.921619,34.65,60.423505360083176,0
-84.4,8.945926,34.63,64.62197768561404,0
-83.5,9.01878,34.63,61.78187436457395,0
-53.52,9.059716,34.63,64.60650122085238,0
-101.29,9.130075,34.63,54.18486873657626,0
106.11,9.20683,34.65,70.01428425685718,0
130.38,9.090418,34.65,53.600373133029585,0
-89.0,9.071229,34.65,48.518037882832814,0
-40.98,9.314287,34.65,99.2169340384997,0
81.3,9.460122,34.63,80.2122185206219,0
12.75,9.701797,34.63,51.980765673468106,0
-112.77,9.76576,34.63,83.28865468957942,0
-23.92,9.788787,34.63,93.73899935459093,0
100.74,9.619925,34.61,26.28687885618983,0
461.56,10.036962,34.61,64.5600495662759,0
115.61,10.326682,34.61,68.06614430096654,0
-129.61,10.426464,34.61,59.77457653551382,0
-809.52,10.484031,34.63,98.85342685005918,0
-278.2,10.563674,34.63,72.48448109768049,0
22.47,10.589258,34.63,64.40496875241847,0
123.38,10.591817,34.63,66.2268827591938,0
189.45,10.572628,34.61,81.17265549432271,0
60.31,10.56879,34.61,64.73020933072904,0
208.97,10.417839,34.61,57.82732917920384,0
40.4,10.301427,34.61,95.0420959364849,0
110.09,9.912535,34.61,67.83067152844649,0
-23.17,9.771487,34.61,53.94441583704471,0
79.26,9.793235,34.61,74.51845409024533,0
152.23,9.776605,34.61,58.249463516842795,0
-149.33,9.799631,34.61,60.67124524847005,0
-113.46,9.976168,34.61,61.66846844214635,0
-79.58,10.037572,34.61,56.32938842203065,0
61.32,9.864873,34.61,71.92357054540605,0
38.95,9.729272,34.65,58.31809324729333,0
158.98,9.68066,34.65,65.46754921333164,0
187.98,9.735668,34.65,57.52390807307862,0
-18.38,9.753578,34.65,61.08191221630181,0
-95.41,9.756136,34.61,61.497967446087195,0
-82.54,9.729272,34.61,62.10475022089695,0
50.27,9.704967,34.61,62.0966987850401,0
-225.2,9.609022,34.61,62.0966987850401,0
-185.77,9.524591,34.63,64.6297145282261,0
4.98,9.432486,34.63,62.489999199871974,0
135.92,9.420362,34.63,62.89674077406555,0
1.99,9.401174,34.63,65.7723346096214,0
-83.48,9.380706,34.61,60.01666435249463,0
-52.16,9.360238,34.61,53.72150407425317,0
-1.84,9.341049,34.61,76.43951857514541,0
7.19,9.28732,34.61,64.9307323229917,0
116.39,9.220799,34.63,58.01723881744115,0
24.89,9.232312,34.63,72.64296249465602,0
-130.45,9.210566,34.63,66.47555941848101,0
36.8,9.28732,34.63,39.30648801406709,0
-50.39,9.30523,34.63,86.4060183089118,0
-32.67,9.362796,34.63,53.907327887774215,0
-278.56,9.318023,34.63,94.26027795418386,0
64.24,9.28732,34.63,61.98386886924694,0
155.01,9.289879,34.63,98.97979591815695,0
-47.04,9.002048,34.63,49.34571916590131,0
-238.13,8.99821,34.63,63.92182725798755,0
-128.22,9.202889,34.63,53.67494760127857,0
-85.39,9.506072,34.61,81.7312669668102,0
88.41,9.504793,34.61,98.48350115628506,0
69.56,9.520144,34.61,37.69615364994153,0
170.68,9.538054,34.61,100.09995004993759,0
45.01,9.554684,34.61,97.47307320486001,0
37.55,9.522702,34.61,65.56675987114203,0
17.06,9.559801,34.61,50.28916384272063,0
65.7,9.625043,34.61,55.44366510251645,0
57.83,9.599458,34.61,56.2672195865408,0
260.73,9.628881,34.61,95.23654760647301,0
-54.19,9.61225,34.61,55.812185049503306,0
-334.15,9.71459,34.61,57.087651904768336,0
78.46,9.694122,34.63,61.69278726074872,0
92.52,9.186259,34.63,63.75735251718032,0
-311.74,9.641673,34.63,46.92547282660026,0
50.81,9.773436,34.63,110.09995458672996,0
180.39,9.772157,34.61,53.907327887774215,0
360.15,9.760643,34.61,60.14149981501958,0
10.47,9.775994,34.61,63.53739056650029,0
-60.03,9.770878,34.61,62.6418390534633,0
-195.35,9.773436,34.61,61.91930232165088,0
-191.05,9.768319,34.61,62.80127387243033,0
-23.45,9.742734,34.61,61.47357155721473,0
7.02,9.719707,34.61,62.185207244167,0
-13.19,9.71587,34.63,59.74110812497538,0
16.46,9.735059,34.63,71.92357054540605,0
11.32,9.729941,34.63,62.81719509815764,0
34.06,9.728662,34.63,63.15853069855251,0
6.84,9.705636,34.61,63.51377803280167,0
-25.65,9.710752,34.61,81.62107570964744,0
9.13,9.696681,34.61,43.197222132910355,0
-39.91,9.687726,34.61,63.2771680782255,0
35.95,9.793904,34.61,60.844062980705026,0
5.47,9.842515,34.61,63.914004725099176,0
176.84,9.813092,34.61,64.60650122085238,0
-183.88,9.521423,34.61,63.31666447310692,0
-51.32,9.191377,34.59,48.98979485566356,0
31.56,9.572594,34.59,61.56297588648554,0
-38.66,9.534216,34.59,70.69653456853455,0
204.52,9.502234,34.59,64.27285585688566,0
283.99,9.543171,34.61,62.849025449882674,0
96.57,9.572594,34.61,63.13477647065839,0
-259.53,9.627602,34.61,60.67948582511226,0
-191.46,9.665978,34.61,60.778285596090974,0
-146.8,9.71587,34.61,59.54829972383762,0
8.57,9.728662,34.61,59.665735560705194,0
47.55,9.76576,34.61,62.88083968904996,0
117.34,9.751689,34.61,68.1248853210044,0
81.11,9.754247,34.59,67.70524351924303,0
55.31,9.704356,34.59,64.91532946846992,0
-107.68,9.809255,34.59,61.73329733620261,0
-229.96,9.728662,34.59,64.47480127925948,0
-119.2,9.828444,34.59,62.55397669213365,0
-514.45,9.864263,34.59,62.369864518050704,0
289.19,9.871939,34.59,62.55397669213365,0
186.02,9.88601,34.59,62.55397669213365,0
-40.55,9.894965,34.59,62.55397669213365,0
-53.48,9.919271,34.59,62.55397669213365,0
36.46,9.933342,34.59,62.55397669213365,0
-26.58,9.934622,34.59,62.55397669213365,0
34.92,9.923108,34.59,62.55397669213365,0
-26.02,9.912874,34.59,62.55397669213365,0
29.2,9.889848,34.59,62.55397669213365,0
-23.92,9.891127,34.59,62.55397669213365,0
21.11,9.861704,34.59,62.55397669213365,0
-25.21,9.880893,34.59,62.55397669213365,0
18.26,9.870659,34.59,62.55397669213365,0
-20.27,9.85147,34.59,62.55397669213365,0
16.71,9.850191,34.57,62.55397669213365,0
-17.13,9.839957,34.57,62.369864518050704,0
19.83,9.829723,34.57,63.51377803280167,0
-15.52,9.825885,34.57,62.369864518050704,0
19.52,9.824606,34.57,62.369864518050704,0
-18.47,9.827165,34.57,62.369864518050704,0
18.69,9.825885,34.57,63.166446789415026,0
-19.19,9.831002,34.57,62.20128616033595,0
22.47,9.83612,34.59,63.166446789415026,0
-11.51,9.857866,34.59,63.166446789415026,0
27.69,9.819489,34.59,63.166446789415026,0
-8.26,9.877055,34.59,63.166446789415026,0
21.43,9.903919,34.57,63.166446789415026,0
-2.91,9.909037,34.57,63.0158710167526,0
20.89,9.915433,34.57,63.0158710167526,0
-1.65,9.915433,34.57,63.0158710167526,0
4.61,9.926946,34.57,63.0158710167526,0
-5.23,9.951252,34.57,63.0158710167526,0
-1.04,10.045247,34.57,63.0158710167526,0
1.01,10.086184,34.57,63.655321851358195,0
-7.69,10.114326,34.55,62.20128616033595,0
9.11,10.141191,34.55,62.49799996799898,0
-19.88,10.147587,34.55,61.57921727336261,0
49.74,10.152704,34.55,51.94227565288221,0
14.97,10.087462,34.61,61.91930232165088,0
43.07,10.10793,34.61,66.85057965343307,0
196.12,10.116885,34.61,62.369864518050704,0
23.88,10.119444,34.61,61.237243569579455,0
-149.77,10.134794,34.59,64.52131430775415,0
-112.1,10.138633,34.59,63.4428877022476,0
-16.24,10.242251,34.59,62.95236294214857,0
-119.3,10.265278,34.59,62.78534860936905,0
17.74,10.226901,34.59,63.26136261573884,0
95.71,10.215387,34.59,62.32976816898969,0
-41.82,10.180848,34.59,62.95236294214857,0
-76.66,10.147587,34.59,63.26136261573884,0
38.39,10.120723,34.59,63.26136261573884,0
-3.45,10.105371,34.59,61.862751312886175,0
56.37,10.087462,34.59,63.387695966961914,0
22.55,10.073391,34.59,55.72252686302013,0
30.96,10.047806,34.61,70.2780193232564,0
8.67,9.981284,34.61,65.0384501660364,0
57.78,9.949304,34.61,69.55573304911681,0
264.91,9.905808,34.61,63.4428877022476,0
123.16,9.958258,34.59,62.80923498976882,0
-233.85,10.063156,34.59,65.27633568147036,0
-285.93,10.020942,34.59,63.773035054010094,0
-12.77,9.995357,34.59,61.644140029689765,0
10.0,10.197478,34.59,62.01612693485461,0
41.89,10.257603,34.59,64.5445582524197,0
111.76,10.315169,34.59,58.31809324729333,0
97.76,10.238414,34.59,70.37755323965163,0
-12.71,10.029896,34.59,66.94774081326419,0
23.26,9.81754,34.59,62.457985878508765,0
-47.15,9.724155,34.59,65.45991139621256,0
-130.38,9.665309,34.59,68.97825744392213,0
88.02,9.635886,34.57,68.13222438758329,0
14.53,9.661471,34.57,63.15853069855251,0
189.89,9.69729,34.57,61.0,0
405.25,9.898133,34.57,69.63476143421474,0
20.63,10.035013,34.57,45.14421336118285,0
-310.75,9.967213,34.57,60.149812967290266,0
-403.13,9.910926,34.57,65.98484674529449,0
153.79,9.9557,34.57,62.68971207462992,0
-43.57,9.95442,34.59,60.58052492344384,0
-170.26,9.935231,34.59,70.09279563550022,0
91.97,9.928835,34.59,55.362442142665635,0
46.02,9.922439,34.59,61.886993787063204,0
59.5,9.968492,34.57,58.677082408722406,0
72.36,10.009428,34.57,98.76234100101111,0
-268.4,10.003032,34.57,64.38167441127949,0
-309.77,10.041409,34.57,73.55949972641196,0
468.35,10.077229,34.57,64.19501538281614,0
257.17,10.008149,34.57,58.0430874437258,0
-181.13,9.923718,34.57,61.40846847137616,0
-24.56,9.991518,34.57,63.06346010171025,0
-344.83,10.052922,34.59,66.58828725834597,0
91.36,10.104093,34.59,67.60177512462228,0
562.41,10.096417,34.59,62.25752966509352,0
-388.59,10.043968,34.59,61.74949392505172,0
-180.7,10.059319,34.57,76.11832893594026,0
-115.34,9.997914,34.57,61.424750711744856,0
439.46,9.974888,34.57,61.171888968708494,0
-96.35,9.981284,34.57,62.20128616033595,0
92.23,9.924997,34.57,60.108235708594876,0
21.14,9.905808,34.57,65.45991139621256,0
68.14,9.878944,34.57,68.76772498781678,0
-114.77,9.912205,34.57,62.52199612936234,0
-160.32,9.92116,34.55,65.36818798161687,0
39.72,9.876386,34.55,65.71149062378664,0
62.88,9.849522,34.55,64.70703207534712,0
69.75,9.873827,34.55,81.6333265278342,0
-39.79,9.896853,34.53,51.58488150611572,0
181.67,10.043968,34.53,43.93176527297759,0
-44.13,10.059319,34.53,60.149812967290266,0
-126.47,10.090021,34.53,64.10928169929842,0
-122.57,10.248648,34.53,61.1310068623117,0
-96.57,10.350988,34.53,62.77738446287803,0
143.26,10.340755,34.53,61.43289021363068,0
-102.6,10.335637,34.53,69.28924880528002,0
51.92,10.34843,34.53,64.6297145282261,0
71.16,10.356105,34.53,63.39558344238185,0
-43.84,10.31389,34.53,60.81940479813988,0
99.79,10.283188,34.53,60.991802727907626,0
347.54,10.280629,34.55,65.00769185258002,0
-51.2,10.253765,34.55,65.66582063752801,0
-2.26,10.252486,34.55,58.557663887829406,0
84.96,10.207712,34.55,62.81719509815764,0
-74.5,10.166776,34.53,62.44197306299666,0
-112.12,10.160379,34.53,67.21606950722423,0
-16.25,10.192361,34.53,63.20601237224193,0
118.26,10.152704,34.53,62.81719509815764,0
-193.3,10.152704,34.53,59.53990258641679,0
-37.33,10.133515,34.53,64.06246951218786,0
17.26,10.182127,34.53,63.419239982831705,0
0.5,10.133515,34.53,64.64518543557594,0
-191.99,10.219225,34.55,63.45076831686122,0
-33.56,9.890457,34.55,67.45368781616021,0
18.16,10.437977,34.55,70.94363960215179,0
-121.06,10.477634,34.55,62.40192304729078,0
61.73,10.506107,34.55,80.15609770940699,0
187.98,10.503549,34.55,63.796551630946325,0
322.73,10.490756,34.55,63.324560795950255,0
6.3,10.529134,34.55,62.91263784010332,0
-364.64,10.520179,34.53,85.88364221433555,0
-145.58,10.480522,34.53,46.75467891024384,0
293.34,10.454937,34.53,40.162171256046406,0
388.91,10.435748,34.53,85.0235261559999,0
134.84,10.397371,34.53,68.06614430096654,0
-31.61,10.407605,34.53,63.25345840347388,0
-455.69,10.411443,34.53,83.62415918859813,0
-168.57,10.439587,34.53,59.23681287847955,0
43.44,10.352597,34.53,143.8401890988746,0
228.63,10.320616,34.53,73.41661937191061,0
309.89,10.284797,34.53,62.369864518050704,0
235.46,10.292472,34.53,59.16079783099616,0
123.3,10.320616,34.5,64.35060217278468,0
-159.07,10.34876,34.5,66.19667665374146,0
-585.25,10.333408,34.5,61.814237842102365,0
-114.6,10.339805,34.5,67.65352910233139,0
-135.65,10.356435,34.53,67.47592163134935,0
-69.95,10.338526,34.53,62.42595614005443,0
13.79,10.352597,34.53,64.69157595854347,0
302.54,10.385858,34.53,62.489999199871974,0
377.81,10.410164,34.53,63.13477647065839,0
-329.98,10.438307,34.53,62.01612693485461,0
103.33,10.470288,34.53,62.74551776820397,0
90.41,10.511225,34.53,61.7980582219215,0
-15.58,10.571349,34.53,63.13477647065839,0
2.79,10.622519,34.53,60.29925372672534,0
-75.36,10.676248,34.53,60.909769331364245,0
-6.74,10.695436,34.53,63.58458932791813,0
-121.68,10.697995,34.5,64.53681120105021,0
72.21,10.671131,34.5,66.51315659326356,0
-67.79,10.658339,34.5,56.868268832451726,0
5.65,10.526575,34.5,56.16938667993447,0
-43.52,10.453658,34.5,106.7941945987702,0
-60.29,10.402488,34.5,64.31174076325411,0
92.46,10.351318,34.5,62.40192304729078,0
-129.78,10.334687,34.5,62.24146527838174,0
-45.49,10.306544,34.49,62.77738446287803,0
-13.17,10.315499,34.49,63.45864795282043,0
60.31,10.293752,34.49,68.78226515607058,0
40.24,10.310382,34.49,77.84600182411425,0
-54.03,10.29631,34.49,34.84250278036869,0
-27.36,10.357714,34.49,81.7129120763665,0
-61.14,10.356435,34.49,68.46897107449476,0
143.77,10.328291,34.49,66.007575322837,0
-24.59,10.321895,34.49,61.886993787063204,0
-27.7,10.312941,34.49,58.68560300448484,0
-125.48,10.251536,34.49,69.03622237637282,0
45.69,10.286077,34.49,45.727453460694704,0
103.02,10.503549,34.53,136.36348484840067,0
70.18,10.764516,34.53,72.06247289678588,0
50.39,10.813128,34.53,60.43177971895251,0
-207.28,10.846388,34.53,73.64781055808787,0
173.08,10.956404,34.49,62.10475022089695,0
69.59,10.751723,34.49,64.96922348312314,0
-540.54,10.971755,34.49,63.25345840347388,0
159.72,10.905922,34.49,62.75348595894893,0
-196.09,10.836843,34.47,86.51589449343976,0
50.69,10.825329,34.47,61.22907805936653,0
71.99,10.941741,34.47,51.07837115648854,0
251.46,11.067107,34.47,47.05316142407437,0
443.89,11.045361,34.47,63.28506932918696,0
34.58,10.962209,34.47,62.177166226839255,0
-305.6,10.866265,34.47,62.68173577685928,0
-135.15,10.799744,34.47,46.861498055439924,0
-56.89,10.699963,34.5,58.01723881744115,0
-7.27,10.683332,34.5,58.60034129593445,0
25.83,10.655189,34.5,63.7102817447859,0
61.74,10.692286,34.5,62.07253821135398,0
59.09,10.641117,34.47,62.928530890209096,0
-211.22,10.628325,34.47,62.07253821135398,0
83.69,10.607857,34.47,62.20128616033595,0
87.67,10.629603,34.47,62.457985878508765,0
22.43,10.636,34.49,64.10148204214939,0
-38.96,10.625766,34.49,60.01666435249463,0
-19.67,10.642396,34.49,59.06775770248944,0
-23.21,10.628325,34.49,62.96824596572466,0
-5.48,10.605298,34.47,63.88270501473775,0
27.39,10.587388,34.47,65.49045732013177,0
84.09,10.541335,34.47,58.18934610390462,0
29.5,10.492723,34.47,69.6993543729065,0
-31.21,10.483769,34.47,61.35959582656978,0
-162.84,10.548323,34.47,67.7421582177598,0
-124.41,10.63915,34.47,64.1404708432983,0
-22.53,10.79138,34.47,64.27285585688566,0
59.59,10.937215,34.45,63.97655820689325,0
18.73,11.077932,34.45,62.10475022089695,0
-8.64,11.399713,34.45,58.73670062235365,0
-86.21,11.517404,34.45,65.94694837519019,0
-309.43,11.644484,34.47,67.06713054842886,0
41.72,11.592034,34.47,60.876925020897694,0
11.4,11.479461,34.47,51.710733895391584,0
210.04,11.336185,34.47,52.87721626560914,0
361.54,11.181395,34.47,54.96362433464518,0
207.33,11.117433,34.47,65.94694837519019,0
-25.78,11.076496,34.47,62.24146527838174,0
-700.26,11.107199,34.47,62.056425936400814,0
-15.84,11.096965,34.47,53.75872022286245,0
-320.65,11.12127,34.47,63.15853069855251,0
-40.6,11.047073,34.47,64.19501538281614,0
111.61,10.974156,34.47,56.929781309961136,0
457.46,10.87394,34.49,57.358521598799946,0
181.53,10.902084,34.49,64.52131430775415,0
-100.8,10.908481,34.49,76.89603370785778,0
-407.47,10.914877,34.49,62.489999199871974,0
68.16,10.913597,34.47,67.59437846448475,0
-16.87,10.871382,34.47,63.13477647065839,0
35.9,10.866265,34.47,61.318838867023565,0
-98.69,10.884174,34.47,62.24146527838174,0
32.77,10.871382,34.47,63.53739056650029,0
-35.2,10.830446,34.47,63.53739056650029,0
62.38,10.799744,34.47,81.83520025025906,0
94.79,10.793347,34.47,69.83552104767315,0
52.71,10.872662,34.47,52.81098370604357,0
151.13,10.886733,34.47,52.44044240850758,0
345.28,10.766483,34.47,60.14149981501958,0
24.12,10.753691,34.47,64.5832795698701,0
-121.11,10.815095,34.47,73.63423117002037,0
-65.84,10.877778,34.47,73.87827826905551,0
-273.05,10.998028,34.47,62.44197306299666,0
-133.15,11.021054,34.47,62.177166226839255,0
-4.76,11.118278,34.47,60.315835400000886,0
111.57,11.123395,34.47,63.30876716537765,0
-277.3,11.16561,34.47,66.29479617586888,0
-60.33,11.191195,34.47,71.95832127002409,0
118.1,11.247482,34.47,42.59107887809371,0
134.45,11.215501,34.47,57.89645930452051,0
-38.77,11.058153,34.47,53.376024580330075,0
162.3,11.050477,34.47,60.14149981501958,0
-26.62,10.986515,34.47,64.10148204214939,0
-164.86,10.987794,34.47,61.48983655857283,0
-17.93,10.975001,34.47,63.13477647065839,0
-118.71,11.005704,34.47,80.51086883148137,0
-92.42,11.041523,34.45,85.84287972802403,0
49.77,11.065828,34.45,79.26537705707328,0
-38.45,11.058153,34.45,59.10160742314882,0
86.02,11.006983,34.45,67.08949247087803,0
182.13,10.96093,34.45,57.56735185849702,0
-101.45,10.9443,34.45,62.20932405998316,0
-71.04,10.935345,34.45,63.96092557178953,0
-87.58,10.919993,34.45,64.10928169929842,0
-205.76,10.916156,34.47,64.73020933072904,0
-203.05,10.939182,34.47,62.112800613078136,0
96.36,10.973722,34.47,62.01612693485461,0
129.53,11.003145,34.47,65.95452979136459,0
158.43,11.000587,34.45,62.80923498976882,0
53.58,10.99419,34.45,65.62773803811922,0
71.91,10.954534,34.45,65.1536645170477,0
-15.52,10.928948,34.45,63.694583757176716,0
82.51,10.967326,34.45,69.7853852894716,0
0.33,10.991632,34.45,73.27346040688948,0
74.3,10.919993,34.45,62.465990746965666,0
-11.94,10.968605,34.45,62.52199612936234,0
71.85,11.022334,34.41,62.52199612936234,0
-224.26,11.088855,34.41,64.6297145282261,0
-26.91,11.09653,34.41,63.671029518926424,0
-98.68,11.113161,34.41,63.7102817447859,0
46.74,11.108044,34.43,64.13267497929586,0
2.74,11.073503,34.43,66.76076692189807,0
66.61,11.119556,34.43,60.51446108162907,0
-21.81,11.093972,34.43,67.23094525588644,0
72.76,11.065828,34.41,64.66065264130884,0
69.83,11.013379,34.41,60.54750201288241,0
-108.68,11.008262,34.41,69.05794668247819,0
-89.35,10.972443,34.41,71.66589146867567,0
70.53,11.054315,34.41,61.94352266379432,0
-43.7,11.050477,34.41,65.33758489567853,0
140.39,11.067107,34.41,55.0,0
95.7,11.053036,34.41,58.66856057549052,0
84.84,11.0121,34.45,62.01612693485461,0
-31.39,10.981398,34.45,65.42935121182236,0
71.01,10.97756,34.45,63.229739838148944,0
-109.21,10.963489,34.45,61.07372593840988,0
34.23,10.95965,34.45,61.07372593840988,0
-85.86,10.969885,34.45,62.37788069500277,0
-63.52,10.995469,34.45,63.30876716537765,0
-3.91,11.019775,34.45,61.1310068623117,0
-279.64,11.090134,34.45,65.19202405202648,0
103.59,11.11444,34.45,62.63385665915839,0
-21.51,11.134908,34.45,58.90670590009256,0
139.8,11.146421,34.45,62.93647591023825,0
78.75,11.16433,34.45,57.15767664977295,0
-115.46,11.198871,34.45,66.83561924602779,0
73.17,11.285859,34.45,55.46169849544819,0
-248.42,11.30249,34.45,70.14983962918234,0
-209.72,11.334471,34.41,61.204574992397426,0
241.03,11.354939,34.41,65.09224224129939,0
77.87,11.377966,34.41,56.19608527290847,0
-41.25,11.363894,34.41,63.631753079732135,0
122.13,11.224456,34.41,50.32891812864648,0
155.77,11.363894,34.41,54.378304497290095,0
98.79,11.246202,34.41,75.69015788066504,0
-290.18,11.42146,34.41,53.79591062525106,0
73.74,11.569854,34.45,67.50555532695068,0
12.71,11.739148,34.45,64.28841264178172,0
41.3,11.829975,34.45,52.53570214625479,0
158.67,11.897776,34.45,51.31276644267,0
-194.29,11.847885,34.45,64.20280367709809,0
103.57,11.631692,34.45,56.929781309961136,0
113.11,11.49737,34.45,58.42944463196617,0
148.82,11.444921,34.45,68.21290200541243,0
-105.99,11.355373,34.41,52.009614495783374,0
-76.82,11.27478,34.41,75.02666192761077,0
-46.11,11.226169,34.41,24.779023386727733,0
218.8,11.30932,34.41,32.264531609803356,0
-120.06,11.372004,34.45,57.148928248918196,0
-101.75,11.447479,34.45,64.88451279003334,0
-44.15,11.567729,34.45,61.163714733492114,0
61.82,11.858119,34.45,63.72597586541927,0
-45.77,12.018025,34.45,64.83054835492293,0
90.47,12.243503,34.45,68.89121859859934,0
-196.92,12.33433,34.45,35.185224171518364,0
19.55,12.393175,34.45,66.40783086353596,0
-16.33,12.21536,34.43,65.12296062065974,0
91.32,12.151397,34.43,70.59745037889117,0
42.96,12.050336,34.43,58.31809324729333,0
90.46,11.898106,34.43,66.49060083951716,0
12.19,11.794486,34.39,70.09279563550022,0
-36.83,11.736919,34.39,57.79273310719956,0
-13.9,12.136045,34.39,64.1482657598785,0
-44.31,12.193612,34.39,61.45730225123781,0
-276.7,12.179541,34.43,63.25345840347388,0
191.04,12.093831,34.43,62.78534860936905,0
19.39,12.0772,34.43,51.07837115648854,0
379.29,12.015797,34.43,44.14748010928823,0
237.79,11.903222,34.43,61.204574992397426,0
-350.99,11.896826,34.43,64.07027391856539,0
-200.65,11.949275,34.43,64.68384651518491,0
384.69,11.978698,34.43,62.71363488110062,0
-43.0,11.990211,34.41,65.12296062065974,0
-519.32,11.933924,34.41,64.31174076325411,0
28.88,11.876358,34.41,63.631753079732135,0
125.83,11.765063,34.41,66.55073252789934,0
315.54,11.726686,34.41,63.2771680782255,0
-247.67,11.675515,34.41,61.69278726074872,0
-297.1,11.655047,34.41,62.489999199871974,0
18.55,11.621787,34.41,61.90315016216864,0
221.8,11.591084,34.43,66.2117814289874,0
84.45,11.478511,34.43,63.34824385884742,0
72.99,11.444921,34.43,63.0317380372777,0
124.02,11.432128,34.43,59.80802621722272,0
144.46,11.448758,34.43,62.01612693485461,0
20.25,11.471785,34.43,62.37788069500277,0
-167.4,11.487136,34.43,63.06346010171025,0
-309.43,11.499928,34.43,65.94694837519019,0
54.07,11.56517,34.43,56.43580423808985,0
137.13,11.657276,34.43,45.46427168667722,0
0.28,11.645763,34.43,72.80109889280519,0
78.56,11.501208,34.43,64.9307323229917,0
120.82,11.512721,34.43,59.69087032369355,0
268.39,11.499928,34.43,63.0,0
-116.5,11.494812,34.43,61.78996682310163,0
-431.79,11.462831,34.43,63.631753079732135,0
-40.93,11.493532,34.39,61.35144660071187,0
22.04,11.648322,34.39,66.29479617586888,0
50.35,11.792877,34.39,75.23961722390672,0
15.29,11.913127,34.39,43.18564576337837,0
11.63,12.033377,34.41,91.72785836374901,0
53.61,12.228152,34.41,66.2872536767062,0
216.11,12.266529,34.41,63.166446789415026,0
150.09,12.173144,34.41,64.70703207534712,0
-37.3,12.020913,34.41,62.42595614005443,0
88.84,11.891709,34.41,61.538605769061746,0
-29.58,11.761226,34.41,65.72670690061993,0
-286.64,11.690866,34.41,63.095166217389426,0
-157.7,11.621787,34.41,63.51377803280167,0
-11.28,11.574454,34.41,64.02343321003646,0
-25.38,11.556545,34.41,61.72519744804386,0
42.29,11.551428,34.41,63.89053137985315,0
3.25,11.553987,34.41,67.00746227100382,0
-127.18,11.543753,34.41,62.82515419798029,0
-133.83,11.537356,34.41,62.80127387243033,0
-5.2,11.49642,34.41,61.69278726074872,0
111.91,11.522005,34.39,66.97014260101288,0
109.3,11.550149,34.39,59.841457201508724,0
46.99,11.351865,34.39,63.4428877022476,0
-70.62,11.465389,34.39,64.8074069840786,0
-327.28,11.763454,34.39,65.29931086925804,0
-234.4,11.760896,34.39,62.625873247404705,0
36.22,11.87219,34.39,66.06814663663572,0
404.42,11.911847,34.39,63.06346010171025,0
634.21,11.936153,34.39,64.57553716385176,0
-162.44,11.99244,34.39,66.67083320313314,0
-126.99,12.133488,34.39,63.74950980203691,0
-184.27,12.166748,34.39,61.212743771211564,0
-355.04,11.589806,34.37,61.59545437773797,0
30.47,11.571896,34.37,53.150729063673246,0
-187.73,11.9416,34.37,68.61486719363377,0
-53.49,11.947996,34.37,63.0317380372777,0
70.95,11.935204,34.34,63.45076831686122,0
270.81,12.013238,34.34,62.24146527838174,0
517.01,12.051616,34.34,62.75348595894893,0
-105.68,12.038823,34.34,62.177166226839255,0
-374.47,12.022193,34.34,64.66838485689897,0
102.37,11.983815,34.34,61.065538563088104,0
-5.68,11.919852,34.34,32.31098884280702,0
14.52,11.936482,34.34,68.37397165588672,0
47.46,11.805999,34.34,57.52390807307862,0
259.15,11.875078,34.34,57.34980383575867,0
208.28,11.90834,34.34,64.08587988004847,0
-21.34,11.979978,34.34,64.76109943476871,0
-109.26,12.0094,34.34,36.08323710533743,0
-92.39,12.068246,34.34,64.02343321003646,0
-175.91,12.100226,34.34,57.62811813689564,0
195.47,12.193612,34.34,68.33739825307956,0
157.67,12.147559,34.33,59.312730505347666,0
-523.04,12.081038,34.33,88.67919710958145,0
-156.34,12.09511,34.33,66.51315659326356,0
74.61,12.082317,34.33,40.45985664828782,0
314.9,12.150118,34.34,34.713109915419565,0
240.77,12.151397,34.34,61.106464469808756,0
-15.6,12.286998,34.34,62.01612693485461,0
-534.8,12.382941,34.34,63.72597586541927,0
-136.72,12.395734,34.34,56.57738063926254,0
-287.52,12.297232,34.34,62.91263784010332,0
-100.9,12.454579,34.34,62.369864518050704,0
351.95,12.501912,34.34,63.31666447310692,0
263.14,12.640527,34.33,63.35613624582863,0
-288.7,12.517719,34.33,51.92301994298868,0
-169.31,12.408982,34.33,68.27151675479314,0
139.32,12.497251,34.33,62.609903369994115,0
264.86,12.548421,34.34,58.51495535331117,0
153.92,12.515161,34.34,63.57672530100933,0
-607.43,12.675067,34.34,61.75759062657804,0
-138.14,12.813226,34.34,62.42595614005443,0
206.7,12.677626,34.33,62.385895841928885,0
-168.46,12.46527,34.33,68.7386354243376,0
46.29,12.334786,34.33,63.85138996137829,0
410.65,12.316876,34.33,67.07458535093602,0
255.35,12.258031,34.37,68.53466276272175,0
-244.19,12.172321,34.37,64.47480127925948,0
-329.91,12.196627,34.37,63.796551630946325,0
-129.35,12.137781,34.37,62.49799996799898,0
226.31,11.949732,34.33,58.82176467941097,0
-133.13,12.051616,34.33,54.08326913195984,0
0.71,11.965905,34.33,69.03622237637282,0
97.44,11.969743,34.33,72.00694410957877,0
216.55,12.0094,34.31,90.86253353280438,0
-10.12,11.967185,34.31,47.44470465710583,0
-321.93,11.965905,34.31,131.829435256319,0
29.54,12.046498,34.31,55.14526271584895,0
711.51,11.903222,34.31,67.43144666993287,0
-403.58,11.968464,34.31,60.61352984276695,0
-330.26,11.972301,34.31,54.8270006474912,0
-63.37,11.996608,34.31,68.33008122342603,0
32.05,11.92369,34.33,48.83646178829912,0
14.58,11.886592,34.33,60.091596750294464,0
295.07,11.950555,34.33,68.22023160324215,0
309.99,12.065687,34.33,69.06518659932803,0
-7.21,12.153955,34.31,62.321745803531535,0
-304.7,12.292114,34.31,63.06346010171025,0
-195.59,12.432832,34.31,63.7102817447859,0
411.49,12.48912,34.31,61.35144660071187,0
-51.72,12.518998,34.29,67.63135367564367,0
-406.94,12.472945,34.29,62.545983084447556,0
91.32,12.538187,34.29,81.36952746575342,0
314.08,12.458874,34.29,64.5445582524197,0
-99.74,12.318156,34.29,63.66317616958802,0
-359.64,12.245238,34.29,64.77653896280658,0
-24.86,12.235004,34.29,62.68173577685928,0
19.4,12.232446,34.29,63.773035054010094,0
287.6,12.368047,34.27,63.15853069855251,0
228.07,12.492134,34.27,62.68173577685928,0
189.57,12.586799,34.27,63.06346010171025,0
-56.94,12.632852,34.27,62.03224967708329,0
25.78,12.613663,34.31,63.796551630946325,0
-102.03,12.609825,34.31,57.34980383575867,0
9.68,12.574006,34.31,65.49045732013177,0
-6.02,12.65204,34.31,60.67124524847005,0
65.4,12.678905,34.29,70.78135347674555,0
-18.74,12.654599,34.29,71.2460525222275,0
71.95,12.470387,34.29,64.28063471995279,0
-53.34,12.412821,34.29,56.929781309961136,0
-45.96,12.394911,34.33,61.326992425847855,0
-57.37,12.34374,34.33,67.4166151627327,0
264.49,12.337344,34.33,65.97726881282674,0
-490.17,12.341183,34.33,63.52952069707436,0
-207.33,12.272102,34.27,62.49799996799898,0
-106.85,12.237563,34.27,63.4428877022476,0
-74.66,12.231167,34.27,61.163714733492114,0
-162.97,12.205582,34.27,66.94774081326419,0
162.29,12.227329,34.27,62.080592780675026,0
118.88,12.213257,34.27,64.22616289332565,0
167.71,12.226049,34.27,61.56297588648554,0
17.85,12.197906,34.27,61.237243569579455,0
55.78,12.203023,34.27,63.00793600809346,0
41.11,12.145457,34.27,63.89053137985315,0
26.24,12.153132,34.27,62.69768735766894,0
16.92,11.98683,34.27,61.71709649683789,0
27.32,11.852509,34.29,65.03076195155643,0
-54.38,11.561662,34.29,63.4428877022476,0
-2.69,11.539915,34.29,75.2994023880668,0
40.31,12.312583,34.29,58.52349955359813,0
-48.33,12.28316,34.29,63.25345840347388,0
166.02,12.33433,34.29,62.94441992742486,0
187.72,12.335609,34.29,64.20280367709809,0
-253.17,12.335609,34.29,62.56196927846821,0
-56.09,12.280602,34.27,63.20601237224193,0
14.94,12.256295,34.27,61.26989472816156,0
125.84,12.28316,34.27,62.56196927846821,0
207.31,12.40213,34.27,62.56196927846821,0
-84.86,12.434112,34.27,59.80802621722272,0
-591.14,12.437949,34.27,61.47357155721473,0
-110.15,12.434112,34.27,63.52952069707436,0
28.81,12.408526,34.27,63.54525946126902,0
152.6,12.394455,34.27,63.31666447310692,0
78.43,12.427715,34.27,62.8410693734599,0
119.71,12.405968,34.27,63.095166217389426,0
-14.43,12.411085,34.27,73.5187051028512,0
-40.85,12.376545,34.31,51.12729212465687,0
-42.03,12.342006,34.31,26.343879744638983,0
32.37,12.362473,34.31,67.60177512462228,0
-149.68,12.340726,34.31,53.1883445878888,0
146.9,12.389338,34.27,53.08483775994799,0
31.88,12.35224,34.27,64.19501538281614,0
201.17,12.324096,34.27,81.4186710773395,0
-30.62,12.321537,34.27,53.76802023508026,0
-39.56,12.317699,34.25,42.44997055358225,0
192.95,12.372707,34.25,135.94851966829208,0
-178.39,12.405968,34.25,70.77428911688199,0
-168.93,12.393175,34.25,64.22616289332565,0
-92.94,12.399571,34.27,62.01612693485461,0
-124.57,12.400851,34.27,65.0384501660364,0
149.12,12.391896,34.27,60.81118318204309,0
-177.55,12.400851,34.27,62.75348595894893,0
-8.04,12.399571,34.25,73.43704787094863,0
124.97,12.380383,34.25,63.608175575157006,0
301.9,12.454579,34.25,63.52952069707436,0
271.56,12.507029,34.25,60.489668539346454,0
-137.45,12.589357,34.27,62.37788069500277,0
-376.89,12.61878,34.27,63.150613615387776,0
-38.44,12.574006,34.27,61.1310068623117,0
185.39,12.515161,34.27,63.984373092185564,0
89.1,12.522836,34.25,66.34756966159348,0
-132.31,12.581681,34.25,71.53320907103218,0
146.07,12.503647,34.25,65.7875368135941,0
174.7,12.581681,34.25,61.424750711744856,0
330.33,12.609825,34.25,65.07687761409578,0
-25.74,12.643085,34.25,104.52272480183436,0
-469.76,12.531791,34.25,13.416407864998739,0
-60.34,12.521557,34.25,44.328320518603,0
377.0,12.6175,34.23,103.0,0
-18.67,12.611104,34.23,69.95712972957081,0
-234.53,12.554817,34.23,65.89385403814228,0
-121.19,12.549701,34.23,62.24146527838174,0
164.56,12.540746,34.23,64.03124237432849,0
86.16,12.536908,34.23,52.04805471869242,0
-129.83,12.547142,34.23,55.50675634551167,0
-33.85,12.589357,34.23,63.60031446463138,0
-131.96,12.745426,34.23,62.51399843235114,0
-8.38,12.933475,34.23,61.5223536610881,0
94.6,12.966736,34.23,58.497863208838666,0
-218.18,12.983366,34.23,62.14499175315739,0
-37.24,13.066357,34.21,62.24146527838174,0
-62.93,13.029258,34.21,63.15853069855251,0
-45.68,13.040771,34.21,62.489999199871974,0
94.09,12.988322,34.21,64.01562309311689,0
76.48,12.952503,34.21,61.26173356998641,0
79.94,12.891099,34.21,63.54525946126902,0
11.48,12.800272,34.21,63.095166217389426,0
70.45,12.767012,34.21,60.241181927316134,0
-23.99,12.697932,34.21,64.01562309311689,0
57.36,12.686419,34.21,60.6217782649107,0
-36.5,12.626294,34.21,85.37564055396598,0
42.6,12.58152,34.21,27.730849247724095,0
-35.15,12.37684,34.21,46.65833258915282,0
63.59,12.552258,34.21,71.40728254176881,0
64.82,12.435847,34.21,70.95068710026705,0
-39.15,12.39619,34.21,64.35060217278468,0
-62.79,12.339903,34.21,64.17164482853778,0
-7.53,12.319435,34.21,62.321745803531535,0
307.55,12.423055,34.21,64.89221833163049,0
61.07,12.508764,34.21,69.46941773183363,0
-79.97,12.586799,34.23,62.75348595894893,0
-436.99,12.60215,34.23,65.40642170307133,0
-275.18,12.607266,34.23,61.163714733492114,0
117.96,12.640527,34.23,63.592452382338585,0
183.47,12.607266,34.23,60.572270883631234,0
-205.04,12.591915,34.23,61.1228271597445,0
-69.85,12.467828,34.23,64.47480127925948,0
33.16,11.893444,34.23,57.67148342118486,0
-149.54,12.454579,34.21,60.03332407921454,0
198.69,12.568433,34.21,63.20601237224193,0
-47.8,12.718561,34.21,65.42935121182236,0
-138.28,12.847766,34.21,66.89544080129826,0
90.47,12.878468,34.23,61.644140029689765,0
122.15,13.047329,34.23,68.14690014960328,0
126.98,13.324765,34.23,60.440052945046304,0
-12.74,13.35035,34.23,59.16924876994806,0
127.56,13.410475,34.16,83.95832299420945,0
42.8,13.294064,34.16,65.27633568147036,0
7.6,13.169976,34.16,61.61168720299745,0
39.1,13.102176,34.16,57.619441163551734,0
342.64,13.058681,34.18,61.99193495931547,0
103.4,13.065077,34.18,63.4428877022476,0
-121.42,13.036934,34.18,63.76519426771944,0
-327.89,13.019024,34.18,63.06346010171025,0
-155.48,13.022861,34.18,61.69278726074872,0
46.79,13.02542,34.18,67.32013071882734,0
82.67,13.0267,34.18,62.44197306299666,0
16.51,13.004952,34.18,63.914004725099176,0
-56.06,12.932035,34.18,66.55073252789934,0
54.21,12.883424,34.18,63.90618123468183,0
98.11,12.90517,34.18,64.03124237432849,0
169.19,12.87191,34.18,64.69157595854347,0
-142.64,12.790038,34.21,60.663003552412405,0
-199.53,12.790038,34.21,57.697486947006624,0
86.72,12.765733,34.21,62.68173577685928,0
206.49,12.750381,34.21,54.4426303552648,0
-153.82,12.733751,34.18,61.87891401761993,0
-57.53,12.695374,34.18,71.56116265125938,0
-65.43,12.625014,34.18,65.26101439603893,0
81.2,12.587916,34.18,68.8839603971781,0
151.98,12.669788,34.21,59.6992462263972,0
-102.58,12.866794,34.21,62.89674077406555,0
-25.45,12.937152,34.21,60.868711174132805,0
-338.89,12.728634,34.21,85.95929269136641,0
-220.96,12.529071,34.18,85.63877626402656,0
79.42,12.70177,34.18,44.384682042344295,0
104.67,12.534188,34.18,78.3007024234138,0
257.57,12.920522,34.18,90.80748867797193,0
249.78,13.088103,34.16,68.45436436049933,0
-281.69,13.184048,34.16,62.01612693485461,0
177.56,13.17893,34.16,55.80322571321482,0
299.31,13.143111,34.16,63.229739838148944,0
-65.72,13.240335,34.18,59.48949487094339,0
-132.15,13.319648,34.18,79.95623803056269,0
16.27,13.358026,34.18,29.223278392404914,0
-44.07,13.172534,34.18,61.72519744804386,0
211.41,13.324765,34.16,52.69724850502159,0
-106.63,13.28255,34.16,60.07495318350236,0
-183.29,13.246731,34.16,73.17103251970687,0
96.46,13.198119,34.16,60.71243694664216,0
174.54,13.062519,34.16,65.55913361233506,0
-87.05,12.958899,34.16,64.03905058634146,0
-52.42,13.047168,34.16,63.72597586541927,0
339.87,13.107292,34.16,62.39390995922599,0
-64.22,13.109851,34.16,63.14269553954757,0
-285.91,13.123922,34.16,63.7102817447859,0
44.39,13.125202,34.16,60.67124524847005,0
-23.1,13.127761,34.16,65.07687761409578,0
201.56,13.024141,34.16,57.706152185014034,0
235.43,12.90517,34.16,57.62811813689564,0
-136.46,12.897495,34.16,59.30430001273095,0
-36.09,12.898774,34.16,64.20280367709809,0
106.88,12.912847,34.16,58.66856057549052,0
-304.31,12.898774,34.16,60.21627686929839,0
-146.8,12.879585,34.16,64.41273166075166,0
-154.38,12.834812,34.16,60.423505360083176,0
127.91,12.846325,34.16,63.3798075099633,0
24.93,12.832253,34.16,64.33506042586733,0
23.45,12.805389,34.16,63.474404290233394,0
-99.9,12.781083,34.16,62.44197306299666,0
-20.1,12.76957,34.18,62.44197306299666,0
24.35,12.841208,34.18,62.49799996799898,0
-38.49,12.902613,34.18,61.465437442517235,0
8.99,12.979367,34.18,63.150613615387776,0
-33.93,13.02542,34.13,56.302753041036986,0
-41.14,12.956341,34.13,53.79591062525106,0
-191.45,13.16358,34.13,59.57348403442592,0
106.32,13.11113,34.13,63.2771680782255,0
-138.4,13.089383,34.16,65.11528238439882,0
239.97,13.127761,34.16,58.32666628567074,0
-20.14,13.089383,34.16,59.36328831862332,0
-27.95,13.031816,34.16,64.60650122085238,0
-36.72,12.988322,34.15,64.28063471995279,0
256.41,13.053564,34.15,66.76076692189807,0
-82.16,13.044609,34.15,64.45153217728807,0
60.88,13.024141,34.15,65.7875368135941,0
199.02,12.942269,34.15,58.146367040426526,0
-349.33,12.934593,34.15,66.27971031922213,0
-286.77,12.898774,34.15,70.34912934784623,0
100.46,12.829695,34.15,64.5445582524197,0
230.18,12.894937,34.13,62.369864518050704,0
462.91,12.887261,34.13,62.49799996799898,0
141.09,12.894937,34.13,63.095166217389426,0
-519.99,12.866794,34.13,64.19501538281614,0
-303.72,12.915404,34.15,62.81719509815764,0
-34.21,13.01007,34.15,63.773035054010094,0
91.59,13.086824,34.15,64.45153217728807,0
75.18,13.158463,34.15,64.56779382943171,0
71.46,12.997277,34.11,61.326992425847855,0
24.34,13.080428,34.11,63.48228099241551,0
24.24,13.181489,34.11,63.655321851358195,0
70.21,13.175093,34.11,62.52199612936234,0
-137.85,13.085546,34.13,64.68384651518491,0
26.69,13.045888,34.13,63.92182725798755,0
13.91,13.016465,34.13,62.23343153000644,0
34.07,12.949944,34.13,64.19501538281614,0
18.84,12.900054,34.13,59.06775770248944,0
-3.26,12.965296,34.13,63.0,0
80.59,12.914125,34.13,67.36467917239716,0
83.4,12.946107,34.13,63.0,0
228.14,12.915404,34.11,40.91454509095757,0
-205.0,12.875748,34.11,68.99275324264136,0
-190.1,12.862955,34.11,62.0403094769844,0
-37.19,12.352534,34.11,66.2117814289874,0
134.54,12.831136,34.13,57.56735185849702,0
75.47,12.804272,34.13,64.6297145282261,0
-31.21,12.868234,34.13,70.68946173228369,0
281.58,12.946268,34.13,62.88083968904996,0
-212.27,12.974412,34.13,67.08203932499369,0
-162.13,13.054843,34.13,58.31809324729333,0
-243.17,13.121365,34.13,72.2357252334328,0
74.09,13.173814,34.13,62.20932405998316,0
5.9,13.273595,34.13,50.17967716117751,0
26.62,13.291505,34.13,64.5832795698701,0
45.67,13.227542,34.13,59.38013135721409,0
68.35,13.279991,34.13,59.39696961966999,0
86.67,13.434781,34.09,69.41901756723442,0
275.49,13.406637,34.09,59.51470406546604,0
-278.76,13.430943,34.09,62.27358990776106,0
-92.24,13.455249,34.09,64.25729530566937,0
237.49,13.425826,34.13,64.13267497929586,0
-399.49,13.4028,34.13,65.12296062065974,0
-138.9,13.366981,34.13,64.68384651518491,0
-42.32,13.328603,34.13,60.61352984276695,0
114.36,13.271037,34.09,76.49182962905255,0
27.82,13.263361,34.09,62.8728876384726,0
95.33,13.203237,34.09,65.62773803811922,0
27.3,13.175093,34.09,65.95452979136459,0
197.61,13.154625,34.07,62.112800613078136,0
187.16,13.161021,34.07,66.94027188471824,0
28.12,13.14567,34.07,59.74110812497538,0
-100.61,13.114968,34.07,58.90670590009256,0
-168.71,13.127761,34.11,60.69596362197407,0
-280.64,13.18021,34.11,60.868711174132805,0
68.34,13.153345,34.11,61.587336360651285,0
-63.06,13.201957,34.11,86.44073113989724,0
115.7,13.214749,34.07,74.56540752922899,0
21.94,13.260802,34.07,54.57105459856901,0
80.58,13.253127,34.07,74.16872656315464,0
47.34,13.24801,34.07,63.35613624582863,0
-21.87,13.24801,34.09,62.37788069500277,0
148.51,13.239056,34.09,64.6297145282261,0
103.48,13.204515,34.09,61.814237842102365,0
-88.6,13.181489,34.09,68.62943974709395,0
-166.19,13.176372,34.09,65.31462317123173,0
-56.7,13.175093,34.09,63.166446789415026,0
218.09,13.158463,34.09,65.09992319503918,0
-142.75,13.139274,34.09,62.24146527838174,0
38.36,13.143111,34.09,61.1310068623117,0
-38.89,12.985764,34.09,62.76145313805282,0
-415.8,13.036934,34.09,64.91532946846992,0
-24.01,13.0267,34.09,62.41794613730894,0
20.35,13.113688,34.07,62.0,0
117.15,13.051005,34.07,62.465990746965666,0
90.6,12.944827,34.07,65.28399497579785,0
65.49,12.972971,34.07,62.056425936400814,0
64.35,13.205795,34.07,68.8040696470783,0
93.95,13.256965,34.07,90.52071586106685,0
116.94,13.292784,34.07,68.33739825307956,0
397.16,13.322206,34.07,65.39877674696982,0
-186.47,13.320928,34.09,61.644140029689765,0
16.96,13.334999,34.09,69.95712972957081,0
150.09,13.338837,34.09,63.29296959378664,0
-55.83,13.006231,34.09,61.29437168288782,0
-252.77,12.353813,34.07,62.49799996799898,0
-34.29,12.545862,34.07,62.63385665915839,0
58.11,12.75438,34.07,68.044103344816,0
86.03,13.048609,34.07,101.3015300970326,0
-36.94,13.342674,34.07,73.62744053679987,0
113.82,13.311973,34.07,50.1398045468867,0
210.3,13.259523,34.07,49.84977432245807,0
116.54,13.262082,34.07,62.617888817813075,0
206.3,13.29918,34.09,62.63385665915839,0
-73.89,13.334999,34.09,63.608175575157006,0
-354.29,13.369539,34.09,62.32976816898969,0
-148.0,13.366981,34.09,63.75735251718032,0
-103.83,13.378493,34.09,71.28113354878694,0
-127.79,13.395124,34.09,67.60917097554147,0
-9.63,13.342674,34.09,59.87486951969081,0
31.06,13.24801,34.09,64.69157595854347,0
59.32,13.175093,34.07,66.06814663663572,0
-32.34,13.134157,34.07,66.37770710110436,0
-23.6,13.143111,34.07,59.61543424315552,0
133.86,13.11113,34.07,70.90839160494335,0
63.16,13.14567,34.09,63.474404290233394,0
18.56,13.24801,34.09,64.1404708432983,0
34.5,13.311973,34.09,59.632206063502295,0
8.2,13.373377,34.09,62.56196927846821,0
-47.71,13.393845,34.05,63.0,0
33.7,13.415592,34.05,61.644140029689765,0
-45.15,13.405358,34.05,67.77905281132217,0
29.78,13.390007,34.05,63.796551630946325,0
18.12,13.387448,34.07,62.24146527838174,0
-8.38,13.397682,34.07,60.473134530963414,0
20.71,13.306856,34.07,41.48493702538308,0
27.66,13.322206,34.07,83.916625289629,0
-27.1,13.223704,34.03,63.8200595424354,0
71.46,13.148229,34.03,63.66317616958802,0
178.09,13.158463,34.03,62.23343153000644,0
42.28,13.149508,34.03,61.78996682310163,0
-184.98,13.134157,34.05,70.97182539571601,0
-180.78,13.16358,34.05,59.54829972383762,0
-2.85,13.148229,34.05,61.84658438426491,0
-6.04,13.18021,34.05,62.76941930590086,0
36.02,13.204515,34.05,64.13267497929586,0
27.08,13.250568,34.05,73.83088784512888,0
11.24,13.253127,34.05,59.77457653551382,0
-35.42,13.31581,34.05,78.7210264160726,0
-0.32,13.363143,34.07,52.96225070746144,0
31.33,13.461645,34.07,61.00819617067857,0
62.92,13.478275,34.07,60.440052945046304,0
13.32,13.578329,34.07,63.03967004989794,0
32.18,13.584725,34.03,62.23343153000644,0
16.37,13.62694,34.03,63.8200595424354,0
-23.81,13.690903,34.03,64.85368146836385,0
-330.37,13.785567,34.03,62.20128616033595,0
-117.87,13.873836,34.05,62.68173577685928,0
87.86,13.932681,34.05,62.77738446287803,0
98.59,13.945474,34.05,64.07807737440318,0
22.51,13.908376,34.05,62.90468980926621,0
-21.83,13.884069,34.05,63.7102817447859,0
6.6,13.822665,34.05,63.52164985262898,0
8.48,13.79836,34.05,62.52199612936234,0
4.06,13.799639,34.05,62.52199612936234,0
67.16,13.84953,34.03,62.52199612936234,0
48.49,13.857205,34.03,63.45076831686122,0
61.23,13.878953,34.03,62.465990746965666,0
12.77,13.862323,34.03,61.59545437773797,0
45.25,13.836738,34.05,62.89674077406555,0
10.28,13.808594,34.05,63.52164985262898,0
110.78,13.71265,34.05,62.68173577685928,0
70.77,13.675551,34.05,63.7102817447859,0
9.88,13.647408,33.99,62.5939294181153,0
-75.72,13.612868,33.99,62.78534860936905,0
26.6,13.579608,33.99,63.52164985262898,0
116.37,13.552744,33.99,62.23343153000644,0
71.89,13.530996,34.03,63.166446789415026,0
-122.41,13.534834,34.03,62.68173577685928,0
-168.3,13.518204,34.03,63.608175575157006,0
-43.73,13.501574,34.03,68.36665854054884,0
-50.14,13.497736,34.03,51.96152422706632,0
96.25,13.522041,34.03,53.225933528685054,0
-45.94,13.533555,34.03,72.67048919609665,0
-60.58,13.530996,34.03,62.81719509815764,0
-11.19,13.562978,34.03,58.008620049092706,0
-136.08,13.589842,34.03,64.82283548256741,0
-107.71,13.625661,34.03,58.855755878248644,0
-82.28,13.630778,34.03,65.64297372910524,0
-9.35,13.676831,34.0,61.886993787063204,0
-23.91,13.758703,34.0,58.728187440104094,0
19.69,13.800919,34.0,36.138621999185304,0
23.73,13.880232,34.0,59.9749947894954,0
-7.54,13.854647,34.0,62.16912416947821,0
76.78,13.869998,34.0,63.198101237299845,0
332.55,13.853368,34.0,63.85138996137829,0
-216.13,13.818828,34.0,61.163714733492114,0
-155.29,13.817549,34.0,60.67124524847005,0
-73.62,13.78173,34.0,61.78996682310163,0
5.9,13.7651,34.0,63.41135544995076,0
35.81,13.715209,34.0,59.715994507334464,0
253.74,13.600076,34.0,63.15853069855251,0
470.82,13.617986,34.0,62.048368229954285,0
-149.84,13.538671,34.0,62.112800613078136,0
-166.35,13.509249,34.0,63.0,0
187.65,13.514366,33.99,50.950956811427986,0
-332.72,13.533555,33.99,64.38167441127949,0
121.67,13.5246,33.99,63.88270501473775,0
-30.34,13.629498,33.99,55.44366510251645,0
2.69,13.71137,34.0,62.00806399170998,0
-26.32,13.846972,34.0,69.94998213009065,0
-108.39,13.916051,34.0,61.69278726074872,0
33.95,13.779171,34.0,62.313722405261586,0
-68.67,13.568094,34.0,65.06919393998976,0
-121.11,13.533555,34.0,62.465990746965666,0
-14.31,13.363415,34.0,63.592452382338585,0
94.13,13.365973,34.0,61.335144900782616,0
189.74,13.364694,33.97,62.78534860936905,0
49.57,13.372369,33.97,62.63385665915839,0
126.86,13.40563,33.97,63.608175575157006,0
44.62,13.436332,33.97,61.652250567193406,0
52.25,13.423539,33.97,62.71363488110062,0
46.65,13.571933,33.97,63.631753079732135,0
95.59,13.504132,33.97,63.29296959378664,0
112.98,13.488781,33.97,61.106464469808756,0
9.2,13.566815,33.97,63.26926584053272,0
-127.0,13.588563,33.97,61.73329733620261,0
-67.15,13.61031,33.97,61.73329733620261,0
144.52,13.560419,33.97,62.88083968904996,0
-24.54,13.574491,33.97,63.4428877022476,0
-155.21,13.564257,33.97,64.03124237432849,0
11.37,13.603913,33.97,63.57672530100933,0
-7.71,13.519484,33.97,61.44916598294886,0
139.66,13.479826,33.99,64.66838485689897,0
-28.48,13.401792,33.99,63.095166217389426,0
62.34,13.403071,33.99,63.85138996137829,0
104.14,13.378765,33.99,60.440052945046304,0
-92.49,13.294334,33.99,62.80127387243033,0
-100.67,13.359576,33.99,76.74633541739958,0
-232.97,13.664039,33.99,46.486557196677836,0
-65.86,13.588563,33.99,67.64613810115105,0
-109.66,13.571933,33.97,62.37788069500277,0
48.03,13.722884,33.97,62.01612693485461,0
-77.89,13.722884,33.97,63.35613624582863,0
-153.86,13.762541,33.97,66.40783086353596,0
118.58,13.7651,33.97,57.15767664977295,0
-2.41,13.758703,33.97,65.54387843269576,0
231.75,13.74719,33.97,53.68426212587819,0
162.84,13.739514,33.97,65.58200972827838,0
40.32,13.78173,33.95,61.84658438426491,0
-72.81,13.761262,33.95,62.625873247404705,0
55.86,13.754866,33.95,63.324560795950255,0
182.15,13.738235,33.95,64.96922348312314,0
-150.03,13.735677,33.99,63.53739056650029,0
-100.81,13.635895,33.99,61.26173356998641,0
-18.22,13.812431,33.99,63.0158710167526,0
280.1,13.738235,33.99,62.5859409132754,0
-247.21,13.762541,33.97,63.52952069707436,0
31.24,13.743352,33.97,63.4428877022476,0
-68.93,13.707533,33.97,62.8410693734599,0
0.85,13.745911,33.97,63.00793600809346,0
-19.61,13.789405,33.97,64.69157595854347,0
18.43,13.767658,33.97,51.59457335805772,0
30.52,13.783009,33.97,68.93475175845634,0
-11.34,13.719047,33.97,60.489668539346454,0
21.72,13.726722,33.95,58.66856057549052,0
-93.46,13.770216,33.95,62.75348595894893,0
-49.83,13.83162,33.95,59.665735560705194,0
179.31,13.853368,33.95,40.718546143004666,0
-53.95,13.754866,33.95,48.25971404805462,0
-37.74,13.890466,33.95,78.28793010419933,0
236.03,13.922447,33.95,64.82283548256741,0
-161.97,13.923726,33.95,66.70832032063167,0
-49.92,13.863602,33.95,60.29925372672534,0
-29.28,13.844413,33.95,64.10148204214939,0
12.76,13.83162,33.95,63.53739056650029,0
-48.93,13.818828,33.95,62.465990746965666,0
-104.09,13.809874,33.97,64.50581369148055,0
7.49,13.809874,33.97,63.4428877022476,0
67.85,13.794522,33.97,61.204574992397426,0
57.27,13.7651,33.97,63.03967004989794,0
54.78,13.715209,33.95,63.3798075099633,0
18.89,13.692182,33.95,62.465990746965666,0
52.3,13.660201,33.95,63.94528911499267,0
-65.29,13.698578,33.95,62.82515419798029,0
-31.34,13.675551,33.95,62.82515419798029,0
13.67,13.690903,33.95,63.3798075099633,0
1.45,13.702416,33.95,62.82515419798029,0
5.29,13.728001,33.95,62.82515419798029,0
-8.69,13.736956,33.95,61.554853586049575,0
41.94,13.752307,33.95,62.82515419798029,0
-91.93,13.728001,33.95,62.465990746965666,0
28.71,13.716488,33.95,61.91930232165088,0
-13.09,13.76382,33.95,62.465990746965666,0
64.08,13.863602,33.95,62.297672508690084,0
-115.78,13.898142,33.95,63.41135544995076,0
60.99,13.995364,33.95,63.198101237299845,0
-39.17,14.149487,33.93,63.796551630946325,0
61.78,14.172513,33.93,58.42088667591412,0
-8.0,14.086803,33.93,64.50581369148055,0
-19.75,13.353792,33.93,61.36774397026503,0
77.07,13.770216,33.93,65.24568951279464,0
211.01,13.95187,33.93,90.27735042633894,0
-289.64,13.855927,33.93,62.64982043070834,0
289.55,13.844413,33.93,61.465437442517235,0
41.73,13.846972,33.93,66.61080993352356,0
3.21,13.896862,33.93,65.68104749469211,0
-422.28,13.862323,33.93,60.315835400000886,0
-478.14,13.687065,33.93,62.49799996799898,0
36.81,13.706254,33.93,62.37788069500277,0
118.01,13.825224,33.93,60.67948582511226,0
108.75,13.600076,33.93,68.27151675479314,0
201.12,13.667876,33.93,62.68173577685928,0
9.34,13.757423,33.93,62.78534860936905,0
-152.22,13.779171,33.93,60.08327554319921,0
-141.35,13.835458,33.93,56.471231613982,0
138.07,13.81499,33.93,97.98469268207153,0
270.88,13.809874,33.91,64.52906321960671,0
-8.64,13.841854,33.91,63.89053137985315,0
-94.71,13.84953,33.91,59.941638282582836,0
-2.7,13.872557,33.91,65.00769185258002,0
12.21,13.857205,33.93,51.55579501860097,0
-164.8,13.878953,33.93,62.65780079128216,0
-20.48,13.875115,33.93,66.03786792439622,0
166.97,13.86616,33.93,63.0,0
93.87,13.827783,33.91,59.80802621722272,0
-429.87,13.882791,33.91,48.54894437575342,0
-82.58,13.846972,33.91,46.79743582719036,0
52.42,13.846972,33.91,68.03675477269621,0
347.6,13.813711,33.91,64.19501538281614,0
263.66,13.830341,33.91,48.062459362791664,0
-9.16,13.830341,33.91,74.39085965358916,0
-387.96,13.721604,33.91,61.56297588648554,0
-216.05,13.71137,33.91,62.10475022089695,0
-246.11,13.720325,33.91,62.52199612936234,0
-722.67,13.775333,33.91,62.10475022089695,0
491.19,13.775333,33.91,62.976185975335156,0
145.12,13.83162,33.87,62.52199612936234,0
16.82,13.841854,33.87,62.976185975335156,0
-22.03,13.862323,33.87,62.52199612936234,0
32.52,13.867439,33.87,61.73329733620261,0
-3.33,13.880232,33.84,85.30533394811839,0
47.5,13.965941,33.84,63.03967004989794,0
6.29,14.017112,33.84,63.15853069855251,0
67.48,14.167396,33.84,62.0403094769844,0
-122.24,14.232637,33.87,61.204574992397426,0
-47.1,14.267178,33.87,58.83026432033091,0
127.67,14.247989,33.87,62.52199612936234,0
184.04,14.247989,33.87,63.33245613427605,0
-107.85,14.209611,33.84,65.00769185258002,0
-16.65,14.195539,33.84,66.47555941848101,0
55.74,14.145649,33.84,58.56620185738529,0
10.09,13.696631,33.84,63.15853069855251,0
123.11,14.146928,33.84,60.81118318204309,0
-48.55,14.231359,33.84,61.326992425847855,0
-27.84,14.247989,33.84,65.42935121182236,0
-7.12,14.213449,33.84,74.26977851050857,0
34.76,14.191702,33.87,54.91812087098393,0
16.03,14.155883,33.87,70.03570517957252,0
40.36,14.168675,33.87,60.40695324215582,0
43.32,14.192981,33.87,61.26989472816156,0
116.94,14.152045,33.83,62.3377895020348,0
-163.37,14.134135,33.83,59.64059020499378,0
-63.76,14.053543,33.83,62.465990746965666,0
-16.67,14.067615,33.83,63.33245613427605,0
35.14,14.131577,33.84,63.419239982831705,0
-77.92,14.168675,33.84,64.88451279003334,0
155.05,14.180188,33.84,61.73329733620261,0
161.93,14.221125,33.84,54.817880294662984,0
118.96,14.242872,33.83,60.73713855624086,0
-45.7,14.281249,33.83,57.67148342118486,0
-206.8,13.978066,33.83,45.92385001282014,0
-91.56,14.030516,33.83,62.120849961989414,0
-165.63,14.057381,33.84,110.65712810298305,0
-169.67,14.057381,33.84,64.83054835492293,0
120.23,13.988301,33.84,64.19501538281614,0
373.07,14.026678,33.84,62.16912416947821,0
-22.83,14.081686,33.84,66.52067347825036,0
-293.96,13.653137,33.84,68.47627326307996,0
206.67,13.868052,33.84,66.94027188471824,0
265.99,13.581499,33.84,63.57672530100933,0
-307.42,13.630111,33.83,66.60330322138685,0
-281.5,13.775945,33.83,71.0,0
-116.68,14.196818,33.83,61.43289021363068,0
202.39,14.195539,33.83,79.42921376924235,0
175.58,13.905149,33.81,64.08587988004847,0
204.32,13.51242,33.81,64.8459713474939,0
225.97,13.481717,33.81,64.69157595854347,0
190.18,13.603913,33.81,63.06346010171025,0
-74.64,13.9685,33.81,75.17313349861105,0
-292.28,14.00176,33.81,61.22907805936653,0
-214.64,14.162279,33.81,61.29437168288782,0
-38.86,14.237755,33.81,61.1228271597445,0
150.65,14.282529,33.83,60.049979184009715,0
-43.9,13.915383,33.83,61.66036003787198,0
-129.09,14.026678,33.83,61.82232606429493,0
-49.28,13.8527,33.83,66.4981202741852,0
-80.89,13.882123,33.81,62.40192304729078,0
32.37,14.027958,33.81,73.98648525237566,0
114.73,14.012607,33.81,51.31276644267,0
356.23,14.117505,33.81,142.46754016266303,0
103.84,14.175072,33.81,78.49203781276162,0
-120.86,14.208332,33.81,57.879184513951124,0
-270.51,14.145649,33.81,72.01388754955533,0
-50.2,14.056101,33.81,62.88083968904996,0
-45.69,14.016444,33.83,63.66317616958802,0
38.93,13.967833,33.83,63.94528911499267,0
198.34,13.821999,33.83,60.340699366182356,0
82.29,14.053543,33.83,63.071388124885914,0
10.11,14.098316,33.79,65.39877674696982,0
16.0,13.860375,33.79,59.648973168026956,0
37.55,13.873168,33.79,81.24653838779841,0
-11.03,13.749081,33.79,57.55866572463264,0
26.98,13.853979,33.79,62.76145313805282,0
104.79,13.896194,33.79,57.463031594234565,0
141.2,13.837349,33.79,69.55573304911681,0
-94.78,13.889798,33.79,63.88270501473775,0
-71.62,13.914104,33.79,65.99242380758567,0
60.78,13.946086,33.79,63.52952069707436,0
-184.38,13.984463,33.79,63.221831672294975,0
-239.51,14.020282,33.79,63.00793600809346,0
-220.52,14.043308,33.79,62.96824596572466,0
23.74,14.062497,33.79,62.96824596572466,0
10.0,14.068893,33.79,62.64982043070834,0
50.83,14.042029,33.79,62.369864518050704,0
-5.02,14.077848,33.79,62.369864518050704,0
64.82,14.063777,33.79,63.35613624582863,0
59.36,14.07657,33.79,62.369864518050704,0
48.72,14.062497,33.79,62.39390995922599,0
64.41,14.081686,33.77,60.382116557802114,0
-20.44,14.088082,33.77,62.489999199871974,0
84.73,14.141811,33.77,62.433965115151864,0
32.89,14.15972,33.77,62.433965115151864,0
190.98,14.199377,33.79,62.71363488110062,0
301.93,14.233917,33.79,63.671029518926424,0
-151.1,14.272295,33.79,62.76941930590086,0
-129.07,14.308114,33.79,62.489999199871974,0
-135.56,14.329861,33.79,62.489999199871974,0
-79.38,14.345212,33.79,62.489999199871974,0
-41.13,14.328582,33.79,61.53048025166064,0
-49.3,14.287645,33.79,62.64982043070834,0
7.87,14.290204,33.79,62.75348595894893,0
-26.96,14.24543,33.79,62.64982043070834,0
-62.73,14.251826,33.79,61.14736298484179,0
-52.85,14.23008,33.79,64.8459713474939,0
-33.55,14.195539,33.77,62.457985878508765,0
46.44,14.079127,33.77,63.984373092185564,0
-112.77,14.157162,33.77,62.81719509815764,0
-186.29,14.153324,33.77,60.67124524847005,0
90.03,14.148208,33.73,63.40346993658943,0
-16.74,14.132856,33.73,65.0,0
130.22,14.145649,33.73,63.33245613427605,0
91.58,14.134135,33.73,64.63745044476924,0
34.11,14.150765,33.75,61.22907805936653,0
73.65,14.158442,33.75,62.457985878508765,0
-23.11,14.09192,33.75,63.85138996137829,0
51.42,14.167396,33.75,62.928530890209096,0
6.0,14.166117,33.73,61.78996682310163,0
0.04,14.286366,33.73,63.26136261573884,0
30.29,14.364401,33.73,62.71363488110062,0
-17.46,14.434759,33.73,61.54673021371647,0
7.41,14.473137,33.73,64.27285585688566,0
-14.71,14.585121,33.73,67.72739475278819,0
14.07,14.62222,33.73,61.53048025166064,0
31.89,14.594076,33.73,67.38694235532579,0
93.95,14.577446,33.73,63.13477647065839,0
280.95,14.626058,33.73,65.09224224129939,0
-38.0,14.599194,33.73,64.07027391856539,0
-268.7,14.560816,33.73,61.26173356998641,0
-314.21,14.464871,33.71,70.24243731534378,0
-21.92,14.582563,33.71,65.58963332722634,0
-6.53,14.58896,33.71,60.340699366182356,0
56.82,13.891768,33.71,66.96267617113283,0
28.06,13.461249,33.71,63.28506932918696,0
85.34,12.983477,33.71,88.6904729945669,0
34.82,13.59085,33.71,40.01249804748511,0
37.02,14.073399,33.71,81.20960534321048,0
30.94,14.405336,33.71,76.909037180295,0
-89.5,14.474417,33.71,63.41135544995076,0
165.58,14.493015,33.71,63.82789358893179,0
66.26,14.444404,33.71,63.474404290233394,0
-98.88,14.513483,33.71,54.433445601027316,0
79.67,14.591517,33.71,50.457903246171455,0
53.24,14.635013,33.71,57.8013840664737,0
-32.5,14.728397,33.71,64.13267497929586,0
-165.34,14.766775,33.71,63.655321851358195,0
-55.53,14.782126,33.71,62.0,0
-242.43,14.738631,33.71,63.13477647065839,0
-72.45,14.693858,33.71,56.444663166680336,0
27.73,14.631174,33.68,59.262129560116215,0
84.78,14.516042,33.68,61.59545437773797,0
115.05,14.325434,33.68,62.56196927846821,0
171.21,14.207743,33.68,62.457985878508765,0
-39.99,14.124591,33.71,62.457985878508765,0
-126.22,14.120753,33.71,62.56196927846821,0
26.82,14.083655,33.71,62.56196927846821,0
-23.54,14.077259,33.71,62.56196927846821,0
60.58,14.065745,33.71,62.56196927846821,0
-8.1,14.068304,33.71,63.655321851358195,0
49.53,14.05807,33.71,63.788713735268246,0
3.5,14.055511,33.71,63.655321851358195,0
29.2,14.018414,33.68,63.655321851358195,0
-7.82,14.036323,33.68,62.56196927846821,0
13.61,14.022251,33.68,62.56196927846821,0
-1.38,14.028647,33.68,62.56196927846821,0
-4.11,14.123312,33.71,63.0158710167526,0
1.28,13.913514,33.71,57.4978260458602,0
-23.27,13.352513,33.71,57.56735185849702,0
12.46,13.880232,33.71,63.26926584053272,0
-30.97,14.081075,33.71,61.84658438426491,0
61.73,14.255665,33.71,63.26926584053272,0
111.97,14.315789,33.71,64.26507605223851,0
54.55,14.305555,33.71,63.984373092185564,0
-149.79,14.391265,33.73,59.81638571495272,0
-15.48,14.430922,33.73,60.41522986797286,0
-62.82,14.424525,33.73,63.39558344238185,0
-15.92,14.420688,33.73,63.53739056650029,0
-59.17,14.410454,33.71,63.51377803280167,0
-14.65,14.375914,33.71,64.38167441127949,0
-36.52,14.326023,33.71,63.419239982831705,0
-61.08,14.2966,33.71,62.545983084447556,0
12.57,14.247989,33.71,63.58458932791813,0
-7.64,14.242872,33.71,63.788713735268246,0
29.81,14.182747,33.71,65.31462317123173,0
26.5,14.198098,33.71,62.80127387243033,0
7.76,14.173792,33.71,62.78534860936905,0
35.49,14.191702,33.71,61.7980582219215,0
-30.24,14.172513,33.71,62.78534860936905,0
-1.51,14.172513,33.71,63.773035054010094,0
-26.77,14.168675,33.68,62.0403094769844,0
34.09,14.207053,33.68,63.35613624582863,0
-14.71,14.254385,33.68,62.20932405998316,0
34.09,14.311952,33.68,62.40192304729078,0
-11.59,14.372076,33.71,61.7980582219215,0
68.26,14.39894,33.71,62.90468980926621,0
8.91,14.346491,33.71,63.773035054010094,0
42.05,14.374635,33.71,62.90468980926621,0
-16.36,14.381031,33.68,62.52199612936234,0
5.03,14.377193,33.68,61.91930232165088,0
0.36,14.429643,33.68,63.74950980203691,0
1.23,14.442435,33.68,60.44832503882965,0
-4.69,14.484651,33.68,62.52999280345393,0
-63.17,14.565932,33.68,62.96824596572466,0
-96.09,14.559536,33.68,62.81719509815764,0
-159.9,14.516042,33.68,64.16385275215322,0
172.99,14.496853,33.68,61.71709649683789,0
-4.47,14.445683,33.68,62.10475022089695,0
4.38,14.43417,33.68,63.85138996137829,0
48.62,14.406026,33.68,62.00806399170998,0
12.77,14.384279,33.68,63.90618123468183,0
46.88,14.377883,33.68,61.47357155721473,0
-7.69,14.431611,33.68,56.25833271614081,0
38.83,14.342064,33.68,61.35144660071187,0
21.67,13.891768,33.66,56.293871780150276,0
-71.3,13.599408,33.66,59.53990258641679,0
383.33,14.209611,33.66,54.72659317004851,0
-13.27,13.535446,33.66,93.83496150156401,0
-260.96,14.080407,33.66,69.42621983083913,0
119.46,14.081686,33.66,63.2771680782255,0
99.24,14.086803,33.66,65.12296062065974,0
9.53,14.137973,33.66,63.7102817447859,0
132.78,14.155883,33.66,63.2771680782255,0
-199.18,14.218566,33.66,60.37383539249432,0
41.27,14.288925,33.66,63.26136261573884,0
-3.02,14.487209,33.66,62.12889826803627,0
-261.36,13.885371,33.66,63.953107821277925,0
-132.18,14.55373,33.66,65.97726881282674,0
277.25,14.773171,33.66,63.72597586541927,0
8.86,14.764216,33.66,63.198101237299845,0
-105.43,14.803873,33.66,62.13694553162394,0
11.53,14.783405,33.66,62.625873247404705,0
3.9,14.737352,33.66,62.625873247404705,0
185.32,14.787243,33.66,63.190189111918315,0
-21.38,14.714326,33.66,62.78534860936905,0
50.37,14.837134,33.66,63.89053137985315,0
3.27,14.8269,33.66,63.35613624582863,0
76.51,14.79236,33.66,63.75735251718032,0
51.23,14.745028,33.66,63.75735251718032,0
15.97,14.693858,33.66,62.849025449882674,0
-62.69,14.677228,33.66,62.849025449882674,0
6.83,14.651643,33.66,62.849025449882674,0
16.45,14.63757,33.65,62.36184731067546,0
1.3,14.65548,33.65,62.81719509815764,0
23.92,14.675948,33.65,63.90618123468183,0
-57.15,14.696416,33.65,63.53739056650029,0
-13.82,14.714326,33.65,63.35613624582863,0
3.5,14.756541,33.65,56.19608527290847,0
83.59,14.833296,33.65,65.0384501660364,0
24.7,14.780847,33.65,61.54673021371647,0
96.1,14.718163,33.65,63.387695966961914,0
308.0,14.693858,33.65,86.07554821202127,0
-205.27,14.661877,33.65,62.63385665915839,0
-118.47,14.633733,33.65,62.36184731067546,0
16.55,14.628616,33.63,62.63385665915839,0
44.93,14.669552,33.63,63.29296959378664,0
-103.63,14.764216,33.63,62.52999280345393,0
-202.49,14.784685,33.63,62.849025449882674,0
-598.11,14.835855,33.63,66.73829485385434,0
-173.47,14.843531,33.63,63.03967004989794,0
2.2,14.851206,33.63,61.97580172938467,0
259.66,14.866557,33.63,64.31174076325411,0
516.01,14.917727,33.65,64.20280367709809,0
-86.67,14.849927,33.65,63.103090257134,0
-291.88,14.806432,33.65,62.0403094769844,0
174.77,14.752704,33.65,60.90155991434045,0
397.73,14.851206,33.63,60.860496218811754,0
-57.07,14.872953,33.63,63.25345840347388,0
-460.11,14.947149,33.63,62.23343153000644,0
26.17,14.989365,33.63,63.45076831686122,0
23.39,15.123225,33.61,63.34824385884742,0
-292.04,15.14881,33.61,63.45076831686122,0
-285.43,15.11555,33.61,63.34824385884742,0
-43.66,15.11555,33.61,62.56996084384263,0
93.34,15.09892,33.63,62.56996084384263,0
146.34,15.091244,33.63,62.465990746965666,0
146.22,14.953085,33.63,63.45076831686122,0
88.58,14.988904,33.63,62.00806399170998,0
71.75,14.981229,33.61,60.54750201288241,0
52.21,14.97867,33.61,65.71149062378664,0
55.19,14.997859,33.61,60.663003552412405,0
90.94,14.96076,33.61,65.62011886609167,0
243.52,14.947968,33.61,63.4428877022476,0
287.44,14.941571,33.61,62.25752966509352,0
-19.33,14.950526,33.61,63.29296959378664,0
-257.2,14.959481,33.61,63.15853069855251,0
-765.64,14.942851,33.59,62.75348595894893,0
-117.49,14.97867,33.59,63.57672530100933,0
23.49,14.958202,33.59,63.03967004989794,0
100.51,14.992742,33.59,63.15853069855251,0
97.97,14.967156,33.59,63.03967004989794,0
-20.76,15.008093,33.59,63.15853069855251,0
105.6,14.983787,33.59,63.03967004989794,0
59.42,15.004255,33.59,63.03967004989794,0
18.43,14.986345,33.57,62.63385665915839,0
73.04,15.038795,33.57,63.03967004989794,0
9.79,15.002975,33.57,63.03967004989794,0
33.71,15.028561,33.57,63.03967004989794,0
19.11,15.027282,33.57,63.03967004989794,0
-37.56,15.052867,33.57,63.03967004989794,0
27.16,15.033678,33.57,63.03967004989794,0
-4.25,15.040074,33.57,63.03967004989794,0
-21.69,15.056705,33.57,63.03967004989794,0
4.61,15.04775,33.57,63.03967004989794,0
-29.05,15.045191,33.57,63.03967004989794,0
21.88,15.015768,33.57,63.03967004989794,0
-7.21,15.045191,33.55,63.03967004989794,0
-22.12,15.052867,33.55,63.57672530100933,0
3.78,15.054146,33.55,46.486557196677836,0
-32.27,15.046471,33.55,69.72087205421343,0
29.48,15.032398,33.55,92.9623579735368,0
33.66,15.105316,33.55,67.39436178197698,0
164.06,15.152648,33.55,61.40032573203501,0
-61.65,15.174396,33.55,63.82789358893179,0
-131.3,15.182071,33.55,62.505999712027645,0
-43.83,15.191026,33.55,61.497967446087195,0
-143.69,15.146252,33.55,62.41794613730894,0
48.65,15.105316,33.55,63.0,0
-24.08,15.09764,33.53,62.27358990776106,0
-46.5,15.120667,33.53,62.27358990776106,0
69.15,15.144973,33.53,62.27358990776106,0
-4.87,15.144973,33.53,62.27358990776106,0
15.43,15.162882,33.5,62.27358990776106,0
-12.13,15.142414,33.5,63.0,0
12.27,15.155207,33.5,61.39218191268331,0
-2.97,15.143693,33.5,63.324560795950255,0
-15.21,15.159044,33.53,65.4828221749796,0
15.73,15.178233,33.53,63.31666447310692,0
-3.14,15.20126,33.53,62.976185975335156,0
90.61,15.133459,33.53,61.97580172938467,0
-62.3,15.182071,33.55,62.63385665915839,0
-113.23,15.174396,33.55,62.63385665915839,0
55.18,15.184629,33.55,62.03224967708329,0
-89.98,15.196143,33.55,63.52952069707436,0
35.15,15.211493,33.53,62.77738446287803,0
-5.88,15.228124,33.53,62.03224967708329,0
-7.06,15.214052,33.53,60.44832503882965,0
51.48,15.243475,33.53,63.56886030125127,0
-14.79,15.321509,33.53,69.28924880528002,0
78.87,15.376517,33.53,60.753600716336145,0
191.61,15.205097,33.53,62.161081071680215,0
135.38,14.726658,33.53,63.0,0
-312.47,14.712585,33.5,63.03967004989794,0
-169.84,14.857141,33.5,63.095166217389426,0
-110.08,14.942851,33.5,62.23343153000644,0
52.68,14.869934,33.5,63.0,0
46.39,14.816205,33.5,62.976185975335156,0
18.17,14.864817,33.5,62.82515419798029,0
-78.74,14.758638,33.5,62.69768735766894,0
37.8,14.67037,33.5,62.976185975335156,0
43.97,14.716423,33.5,65.45991139621256,0
105.19,14.881447,33.5,62.23343153000644,0
39.41,15.04775,33.5,62.976185975335156,0
30.17,14.91087,33.5,62.0644825967316,0
3.28,14.967156,33.53,64.10148204214939,0
8.14,14.935176,33.53,63.095166217389426,0
311.73,14.749684,33.53,63.39558344238185,0
-150.38,14.812367,33.53,63.35613624582863,0
-181.58,14.703631,33.53,62.42595614005443,0
-232.17,14.900636,33.53,62.42595614005443,0
-90.17,14.859699,33.53,62.42595614005443,0
48.88,14.853303,33.53,62.42595614005443,0
-87.67,14.859699,33.5,62.40192304729078,0
-25.42,14.809809,33.5,61.47357155721473,0
65.34,14.926221,33.5,62.42595614005443,0
116.4,14.904473,33.5,62.42595614005443,0
59.86,14.947968,33.49,63.35613624582863,0
-174.54,14.955644,33.49,62.42595614005443,0
57.05,14.94541,33.49,63.35613624582863,0
43.58,14.935176,33.49,62.976185975335156,0
88.5,15.151369,33.49,61.71709649683789,0
3.07,15.420012,33.49,62.96824596572466,0
23.99,15.443038,33.49,63.90618123468183,0
194.86,15.451993,33.49,62.63385665915839,0
-53.09,15.454552,33.49,62.10475022089695,0
-91.31,15.472461,33.49,62.65780079128216,0
-158.7,15.472461,33.49,62.65780079128216,0
-23.25,15.475019,33.49,63.60031446463138,0
182.16,15.563284,33.5,62.65780079128216,0
-81.78,15.581193,33.5,62.63385665915839,0
-88.84,15.574797,33.5,63.0,0
-41.3,15.599103,33.5,64.8459713474939,0
11.35,15.582473,33.5,61.30252849597641,0
7.58,15.363721,33.5,62.68173577685928,0
-86.06,15.316388,33.5,62.26556030423239,0
-54.26,15.509555,33.5,63.53739056650029,0
31.48,15.613174,33.5,63.53739056650029,0
0.66,15.53514,33.5,62.625873247404705,0
8.31,15.522347,33.5,62.13694553162394,0
14.36,15.573518,33.5,63.733821476512766,0
24.56,15.645156,33.53,62.625873247404705,0
-23.39,15.636201,33.53,62.26556030423239,0
51.88,15.631084,33.53,65.36818798161687,0
0.69,15.5684,33.53,63.53739056650029,0
33.87,15.53642,33.49,62.080592780675026,0
6.72,15.450709,33.49,63.35613624582863,0
-5.4,15.441755,33.49,63.190189111918315,0
11.25,15.394423,33.49,63.190189111918315,0
-31.64,15.304875,33.5,63.03967004989794,0
32.19,15.292083,33.5,63.03967004989794,0
-6.14,15.347091,33.5,62.90468980926621,0
17.26,15.356045,33.5,62.120849961989414,0
13.04,15.324063,33.47,63.03967004989794,0
-5.65,15.339415,33.47,62.120849961989414,0
17.31,15.308713,33.47,62.545983084447556,0
-39.96,15.334298,33.47,62.545983084447556,0
26.84,15.311272,33.49,63.03967004989794,0
-2.37,15.325343,33.49,61.66846844214635,0
-28.88,15.083565,33.49,63.97655820689325,0
15.72,15.015764,33.49,61.497967446087195,0
-39.04,15.133455,33.49,63.03967004989794,0
30.12,15.283128,33.49,62.78534860936905,0
26.35,15.289524,33.49,62.120849961989414,0
-22.75,15.24475,33.49,62.90468980926621,0
-6.8,15.315109,33.49,59.77457653551382,0
-4.4,15.290803,33.49,63.82789358893179,0
-30.16,15.298479,33.49,62.90468980926621,0
6.15,15.321506,33.49,63.03967004989794,0
-8.16,15.304875,33.49,63.03967004989794,0
2.03,15.240912,33.49,63.03967004989794,0
-4.5,15.356045,33.49,63.75735251718032,0
-55.64,15.570959,33.49,60.81940479813988,0
-23.71,15.629805,33.49,62.51399843235114,0
6.03,15.514672,33.49,63.51377803280167,0
35.46,15.514672,33.49,63.03967004989794,0
52.37,15.512114,33.49,63.03967004989794,0
34.35,15.510835,33.49,63.03967004989794,0
-27.82,15.538978,33.49,63.26926584053272,0
-36.42,15.577355,33.49,63.51377803280167,0
38.99,15.618292,33.49,62.88083968904996,0
-23.7,15.632363,33.47,62.07253821135398,0
-27.75,15.619571,33.47,62.94441992742486,0
-8.58,15.611896,33.47,62.385895841928885,0
-56.01,15.633642,33.47,63.57672530100933,0
84.06,15.645156,33.47,62.94441992742486,0
5.57,15.656669,33.47,64.41273166075166,0
-37.49,15.413611,33.47,62.64982043070834,0
-5.82,15.329181,33.47,59.94997914928745,0
-35.03,15.359882,33.49,63.52952069707436,0
60.12,15.500601,33.49,62.385895841928885,0
-15.49,15.554329,33.49,62.07253821135398,0
-49.02,15.593986,33.49,63.914004725099176,0
42.22,15.56968,33.49,63.52952069707436,0
-3.21,15.533861,33.49,62.07253821135398,0
19.8,15.562004,33.49,62.369864518050704,0
16.3,15.541536,33.49,64.1404708432983,0
-55.4,15.307433,33.49,62.617888817813075,0
32.01,15.133455,33.49,65.1536645170477,0
-10.62,15.503159,33.49,63.702433234531945,0
-5.16,15.560725,33.49,62.489999199871974,0
-36.8,15.527465,33.47,60.340699366182356,0
24.23,15.373955,33.47,61.40032573203501,0
-33.73,15.267776,33.47,62.75348595894893,0
-37.16,15.24603,33.47,65.12296062065974,0
-21.2,15.298479,33.47,57.39337940912697,0
-10.71,15.444313,33.47,62.5859409132754,0
66.45,15.490366,33.47,63.7102817447859,0
92.69,15.494205,33.47,62.42595614005443,0
38.41,15.487808,33.49,63.166446789415026,0
8.84,15.473736,33.49,61.1310068623117,0
-34.38,15.48525,33.49,62.81719509815764,0
8.63,15.481412,33.49,63.3798075099633,0
-33.07,15.458385,33.47,60.340699366182356,0
-20.83,15.473736,33.47,63.702433234531945,0
-23.21,15.407215,33.47,62.489999199871974,0
40.73,15.231957,33.47,62.080592780675026,0
39.79,15.198697,33.47,62.976185975335156,0
-38.55,15.274173,33.47,61.603571325045756,0
-30.63,15.39826,33.47,62.65780079128216,0
-71.04,15.359882,33.47,62.976185975335156,0
2.2,15.272894,33.47,62.52199612936234,0
-4.68,15.220445,33.47,62.976185975335156,0
50.41,15.180788,33.47,61.87891401761993,0
-1.43,15.237075,33.47,63.06346010171025,0
-51.93,15.303596,33.47,63.06346010171025,0
41.93,15.38291,33.47,63.84355879804947,0
-29.32,15.38163,33.47,63.54525946126902,0
50.88,15.352207,33.47,63.54525946126902,0
-6.87,15.368837,33.47,62.369864518050704,0
39.07,15.425124,33.47,63.06346010171025,0
34.26,15.394423,33.47,60.440052945046304,0
-28.52,15.281849,33.47,64.50581369148055,0
-8.54,15.21149,33.47,63.03967004989794,0
18.89,15.229399,33.47,62.465990746965666,0
26.08,15.208931,33.47,62.77738446287803,0
13.62,15.112988,33.47,62.112800613078136,0
5.95,15.22812,33.47,62.89674077406555,0
-20.81,15.265218,33.47,62.465990746965666,0
40.78,15.270335,33.47,63.29296959378664,0
64.03,15.302317,33.47,62.8887907341205,0
-218.38,15.322784,33.45,62.52199612936234,0
-23.52,15.361162,33.45,61.40032573203501,0
46.65,15.404656,33.45,65.00769185258002,0
5.37,15.503159,33.45,65.30696746902278,0
-90.33,15.513393,33.47,63.63961030678928,0
18.28,15.505717,33.47,62.8728876384726,0
29.3,15.556888,33.47,61.87891401761993,0
66.34,15.53642,33.47,62.112800613078136,0
-30.72,15.522347,33.45,62.63385665915839,0
16.82,15.53514,33.45,62.369864518050704,0
8.42,15.559446,33.45,67.54257916307313,0
1.04,15.547933,33.45,62.01612693485461,0
19.92,15.48525,33.43,63.788713735268246,0
-17.06,15.464782,33.43,62.63385665915839,0
3.52,15.540257,33.43,63.14269553954757,0
-59.51,15.489087,33.43,62.112800613078136,0
8.42,15.480132,33.45,62.8728876384726,0
5.24,15.524906,33.45,63.96092557178953,0
41.24,15.524906,33.45,63.63961030678928,0
-26.94,15.477574,33.45,61.35959582656978,0
25.2,15.480132,33.45,62.75348595894893,0
-0.05,15.55177,33.45,62.65780079128216,0
22.65,15.487808,33.45,62.369864518050704,0
-24.16,15.462223,33.45,62.8728876384726,0
21.22,15.491646,33.41,58.32666628567074,0
19.23,15.527465,33.41,63.2771680782255,0
-35.01,15.339415,33.41,62.8728876384726,0
18.77,15.446872,33.41,63.4428877022476,0
28.92,15.423845,33.45,60.844062980705026,0
-27.36,15.423845,33.45,63.63961030678928,0
-40.56,15.441755,33.45,63.84355879804947,0
25.96,15.304875,33.45,61.30252849597641,0
-52.24,15.293362,33.41,65.64297372910524,0
-10.33,15.395701,33.41,63.31666447310692,0
-43.56,15.315109,33.41,63.74950980203691,0
200.19,15.217886,33.41,63.324560795950255,0
265.38,15.333018,33.41,62.12889826803627,0
153.4,15.252425,33.41,63.773035054010094,0
38.67,15.212769,33.41,59.371710435189584,0
-37.68,15.238354,33.41,60.6217782649107,0
-91.3,15.38163,33.41,62.8887907341205,0
-139.73,15.41617,33.41,64.10928169929842,0
-381.17,15.464782,33.41,62.8887907341205,0
-497.14,15.513393,33.41,63.28506932918696,0
-220.16,15.544095,33.43,70.37044834303673,0
151.33,15.540257,33.43,63.28506932918696,0
91.26,15.4328,33.43,62.52199612936234,0
114.94,15.55305,33.43,64.1404708432983,0
55.54,15.56968,33.43,63.29296959378664,0
84.92,15.481412,33.43,63.29296959378664,0
9.72,15.417449,33.43,63.29296959378664,0
118.09,15.445593,33.43,64.93843238021688,0
33.69,15.459664,33.43,62.465990746965666,0
32.79,15.441755,33.43,62.8887907341205,0
51.73,15.380351,33.43,62.8887907341205,0
108.77,15.391864,33.43,55.37147279962851,0
26.73,15.434079,33.41,61.652250567193406,0
15.3,15.395701,33.41,68.68769904429759,0
-9.26,15.547933,33.41,43.18564576337837,0
61.21,15.487808,33.41,66.37017402418047,0
34.76,15.147527,33.39,60.94259594077036,0
236.38,15.347091,33.39,62.27358990776106,0
-101.93,15.466061,33.39,62.74551776820397,0
-50.42,15.446872,33.39,63.324560795950255,0
34.8,15.44943,33.37,62.89674077406555,0
-29.43,14.908307,33.37,64.13267497929586,0
-13.61,14.355675,33.37,64.27285585688566,0
-33.86,13.967243,33.37,55.82114294781145,0
43.74,14.598504,33.39,66.52067347825036,0
-32.41,14.931799,33.39,61.09828148156051,0
-41.45,15.107056,33.39,60.149812967290266,0
-78.16,15.485253,33.39,68.30812543175226,0
62.89,15.583752,33.39,63.03967004989794,0
60.89,15.615733,33.39,62.489999199871974,0
89.4,15.62085,33.39,61.40032573203501,0
185.47,15.593986,33.39,62.68971207462992,0
152.45,15.634922,33.39,70.178344238091,0
-1.37,15.633642,33.39,64.69157595854347,0
-164.77,15.659227,33.39,64.41273166075166,0
-42.78,15.715514,33.39,59.81638571495272,0
-94.81,15.72191,33.37,65.58963332722634,0
18.35,15.780756,33.37,62.10475022089695,0
-204.16,15.725749,33.37,63.733821476512766,0
-300.93,14.85202,33.37,64.47480127925948,0
-181.51,14.354395,33.39,64.33506042586733,0
251.89,14.060629,33.39,66.5432190384565,0
117.52,15.091705,33.39,63.41135544995076,0
-9.8,15.531306,33.39,63.51377803280167,0
-55.38,15.572239,33.37,63.51377803280167,0
-57.08,15.354766,33.37,62.617888817813075,0
55.92,15.266498,33.37,63.51377803280167,0
115.71,15.24475,33.37,63.41135544995076,0
152.99,15.230679,33.33,64.08587988004847,0
4.73,14.853299,33.33,63.3798075099633,0
4.85,14.354395,33.33,60.909769331364245,0
30.48,14.556978,33.33,63.72597586541927,0
44.8,15.021346,33.37,64.52131430775415,0
1.55,15.412336,33.37,64.20280367709809,0
11.77,15.446876,33.37,62.42595614005443,0
19.16,15.35477,33.37,64.18722614352485,0
-42.28,15.345815,33.34,63.953107821277925,0
39.52,15.363725,33.34,62.91263784010332,0
8.07,15.240916,33.34,63.75735251718032,0
-7.05,15.260105,33.34,63.419239982831705,0
-10.32,15.517235,33.34,56.621550667568265,0
71.93,15.679696,33.34,65.19969325081216,0
151.78,15.014485,33.34,60.241181927316134,0
132.45,14.85202,33.34,63.25345840347388,0
-145.8,14.354395,33.34,63.57672530100933,0
-197.61,13.854669,33.34,62.94441992742486,0
-259.54,13.558473,33.34,63.33245613427605,0
-84.35,14.007489,33.34,64.56779382943171,0
4.0,14.52047,33.34,67.0,0
131.29,15.107056,33.34,63.00793600809346,0
92.5,15.357328,33.34,63.25345840347388,0
306.85,15.345815,33.34,63.0158710167526,0
55.77,15.28569,33.37,61.54673021371647,0
-300.04,15.4392,33.37,64.319514923544,0
-178.33,15.476298,33.37,66.34756966159348,0
138.98,15.39954,33.37,64.41273166075166,0
42.62,15.492925,33.34,63.166446789415026,0
98.28,15.53514,33.34,62.20932405998316,0
-291.37,15.513393,33.34,61.40846847137616,0
-178.72,15.508276,33.34,63.52952069707436,0
64.52,15.555608,33.34,62.78534860936905,0
185.92,15.542816,33.34,64.28841264178172,0
100.95,15.55305,33.34,64.41273166075166,0
-63.58,15.574797,33.34,66.24952830020754,0
-80.59,15.559446,33.37,61.22907805936653,0
60.59,15.593986,33.37,56.88585061331157,0
-68.92,15.582473,33.37,60.83584469702052,0
-86.47,15.622129,33.37,61.91930232165088,0
-6.21,15.597823,33.37,63.02380502635492,0
21.83,15.615733,33.37,61.40846847137616,0
-83.97,15.546654,33.37,63.0158710167526,0
-59.69,15.526185,33.37,57.91372894228103,0
25.33,15.499321,33.34,62.56196927846821,0
-2.06,15.43152,33.34,63.796551630946325,0
10.83,15.413611,33.34,64.63745044476924,0
-55.55,15.427683,33.34,61.163714733492114,0
51.93,15.069492,33.34,60.64651680022522,0
-52.58,14.913424,33.34,64.53681120105021,0
40.89,15.119388,33.34,71.19691004531025,0
44.67,15.143693,33.34,60.61352984276695,0
4.06,15.017048,33.33,60.728905802755904,0
57.25,15.396985,33.33,63.39558344238185,0
18.89,15.510839,33.33,59.08468498688979,0
75.85,15.632363,33.33,63.56886030125127,0
-0.15,15.642597,33.33,63.03967004989794,0
95.7,15.624688,33.33,60.687725282795036,0
44.78,15.648993,33.33,64.89992295835181,0
35.21,15.623408,33.33,61.22907805936653,0
-44.65,15.646435,33.33,63.0158710167526,0
21.59,15.642597,33.33,59.88321968631947,0
-14.46,15.608058,33.33,62.78534860936905,0
6.48,15.605499,33.33,43.68065933568311,0
-7.7,15.631084,33.33,68.51277253184256,0
19.56,15.68865,33.33,63.96092557178953,0
2.67,15.678416,33.33,62.112800613078136,0
171.99,15.677137,33.33,63.00793600809346,0
118.61,15.67202,33.33,63.796551630946325,0
-239.13,15.68865,33.33,61.43289021363068,0
-153.69,15.682254,33.33,63.00793600809346,0
-61.07,15.697605,33.33,62.37788069500277,0
-24.77,15.70528,33.34,63.150613615387776,0
57.65,15.738542,33.34,62.95236294214857,0
73.44,15.716794,33.34,63.13477647065839,0
70.25,15.70656,33.34,63.33245613427605,0
-68.26,15.729587,33.34,63.25345840347388,0
-49.85,15.735983,33.34,63.33245613427605,0
-41.73,15.735983,33.34,63.33245613427605,0
31.78,15.732145,33.34,63.33245613427605,0
-38.46,15.738542,33.34,62.8410693734599,0
17.11,15.725749,33.34,63.245553203367585,0
1.96,15.719353,33.34,63.89053137985315,0
23.83,15.729587,33.34,63.57672530100933,0
-93.83,15.730865,33.34,63.13477647065839,0
-54.47,15.724469,33.34,61.91930232165088,0
-66.95,15.711677,33.34,63.26926584053272,0
-28.43,15.707839,33.34,63.13477647065839,0
11.35,15.733424,33.33,63.13477647065839,0
110.19,15.719353,33.33,63.13477647065839,0
84.99,15.732145,33.33,63.13477647065839,0
-5.32,15.733424,33.33,59.16079783099616,0
-45.88,15.737262,33.33,63.26926584053272,0
-42.94,15.737262,33.33,63.13477647065839,0
79.15,15.606778,33.33,61.87083319303208,0
58.41,15.663065,33.33,62.94441992742486,0
98.6,15.684813,33.33,62.94441992742486,0
-26.24,15.692488,33.33,62.94441992742486,0
16.02,15.692488,33.33,62.94441992742486,0
-72.11,15.704001,33.33,63.095166217389426,0
42.6,15.692488,33.31,63.095166217389426,0
-3.96,15.738542,33.31,62.94441992742486,0
45.27,15.72319,33.31,62.94441992742486,0
0.66,15.73982,33.31,61.74949392505172,0
16.44,15.737262,33.31,62.63385665915839,0
-4.51,15.75773,33.31,62.49799996799898,0
4.24,15.751333,33.31,62.75348595894893,0
27.08,15.762847,33.31,63.63961030678928,0
-21.76,15.73982,33.33,67.23094525588644,0
33.4,15.755172,33.33,63.52952069707436,0
-65.32,15.756451,33.33,62.80923498976882,0
1.79,15.724469,33.33,64.47480127925948,0
51.82,15.744938,33.31,60.753600716336145,0
91.45,15.453268,33.31,64.73020933072904,0
-292.32,14.899352,33.31,69.98571282769076,0
-196.01,15.179512,33.31,63.984373092185564,0
11.44,15.240916,33.29,62.505999712027645,0
107.64,15.075893,33.29,59.38013135721409,0
8.14,15.159044,33.29,63.06346010171025,0
76.3,15.194863,33.29,63.984373092185564,0
26.08,15.233241,33.33,64.87680633323437,0
119.4,15.276735,33.33,61.00819617067857,0
9.83,15.2358,33.33,62.3377895020348,0
66.2,15.202539,33.33,62.91263784010332,0
-0.07,15.143693,33.31,62.68173577685928,0
26.05,15.11555,33.31,59.55669567731239,0
0.83,15.120667,33.31,64.01562309311689,0
46.83,15.549216,33.31,59.135437767890075,0
-24.82,15.718073,33.31,62.01612693485461,0
127.76,15.755172,33.31,61.97580172938467,0
-46.41,15.709119,33.31,61.554853586049575,0
-190.42,15.730865,33.31,63.324560795950255,0
-220.81,15.732145,33.29,63.13477647065839,0
-68.22,15.744938,33.29,63.31666447310692,0
57.83,15.765406,33.29,62.369864518050704,0
26.88,15.782036,33.29,63.31666447310692,0
4.49,15.780756,33.29,61.424750711744856,0
47.19,15.788432,33.29,63.31666447310692,0
-2.73,15.780756,33.29,63.2771680782255,0
3.79,15.779477,33.29,61.69278726074872,0
-37.67,15.801225,33.27,62.976185975335156,0
-19.79,15.779477,33.27,63.0,0
-37.27,15.822971,33.27,63.33245613427605,0
13.04,15.82681,33.27,63.97655820689325,0
-0.07,15.816575,33.29,63.2771680782255,0
2.81,15.799945,33.29,63.41135544995076,0
0.74,15.797387,33.29,63.190189111918315,0
15.41,15.783315,33.29,63.190189111918315,0
6.24,15.782036,33.31,63.190189111918315,0
23.76,15.77564,33.31,63.182275995725256,0
29.37,15.761568,33.31,63.48228099241551,0
-21.02,15.779477,33.31,63.72597586541927,0
23.38,15.728307,33.29,62.81719509815764,0
-28.73,15.767964,33.29,63.48228099241551,0
32.85,15.725749,33.29,62.81719509815764,0
7.0,15.725749,33.29,62.56996084384263,0
-38.3,15.714235,33.27,55.90169943749474,0
-17.2,15.72191,33.27,62.32976816898969,0
2.6,15.735983,33.27,62.71363488110062,0
8.06,15.741099,33.27,62.32976816898969,0
22.01,15.746217,33.29,58.360945845659494,0
37.56,15.756451,33.29,64.69157595854347,0
-26.68,15.636201,33.29,62.27358990776106,0
-6.34,15.56968,33.29,62.49799996799898,0
53.22,15.613174,33.31,63.52952069707436,0
76.23,15.624688,33.31,63.85138996137829,0
-125.64,15.567122,33.31,67.91906948714772,0
-83.86,15.320226,33.31,63.15853069855251,0
-62.46,15.041349,33.29,61.53048025166064,0
-35.89,14.895514,33.29,62.465990746965666,0
61.39,14.716423,33.29,120.38687636117153,0
19.55,14.708748,33.29,60.50619802962338,0
-34.57,15.52619,33.27,60.091596750294464,0
-10.81,15.701443,33.27,62.63385665915839,0
-66.55,15.583752,33.27,63.079315151640635,0
24.27,15.668182,33.27,64.7688196588451,0
51.1,15.701443,33.27,65.33758489567853,0
30.05,15.669461,33.27,63.773035054010094,0
29.69,15.675858,33.27,58.412327466040935,0
13.57,15.6733,33.27,66.55824516917495,0
29.38,15.6733,33.25,57.436921923097515,0
-5.84,15.702723,33.25,88.80315309717331,0
-99.1,15.684813,33.25,74.4983221287567,0
0.96,15.656669,33.25,64.57553716385176,0
92.66,15.67202,33.29,63.03967004989794,0
72.25,15.72191,33.29,60.83584469702052,0
-118.22,15.698884,33.29,100.1998003990028,0
-81.99,15.793549,33.29,46.88283267892417,0
63.64,15.767964,33.27,106.29675441893792,0
91.88,15.53514,33.27,71.47726911403373,0
-182.05,15.63876,33.27,63.4428877022476,0
-107.57,15.684813,33.27,62.161081071680215,0
175.51,14.882722,33.29,66.10597552415364,0
-91.96,14.356954,33.29,59.42221806698232,0
27.29,14.459755,33.29,63.733821476512766,0
-45.96,15.109614,33.29,62.88083968904996,0
23.08,15.434084,33.27,62.0403094769844,0
22.22,15.459668,33.27,64.17164482853778,0
27.59,15.489091,33.27,63.45076831686122,0
48.48,15.665624,33.27,63.13477647065839,0
10.89,15.647715,33.25,60.21627686929839,0
74.69,15.636201,33.25,64.07027391856539,0
6.45,15.821692,33.25,59.53990258641679,0
62.26,15.902286,33.25,64.88451279003334,0
-8.95,15.890772,33.27,61.69278726074872,0
36.19,15.86007,33.27,62.928530890209096,0
-20.22,15.857512,33.27,64.27285585688566,0
79.7,15.848557,33.27,62.0966987850401,0
-26.8,15.814017,33.27,60.340699366182356,0
15.91,15.796107,33.27,96.77809669548166,0
-23.43,15.835764,33.27,50.20956084253277,0
55.42,15.765406,33.27,54.589376255824725,0
169.9,15.704001,33.27,52.48809388804284,0
236.87,15.712956,33.27,64.89221833163049,0
9.13,15.684813,33.27,70.68946173228369,0
-310.69,15.670741,33.27,134.61797799699713,0
-316.41,15.728307,33.25,61.91122676865643,0
-17.85,15.751333,33.25,62.93647591023825,0
-55.18,15.693768,33.25,63.984373092185564,0
-456.36,15.368837,33.25,61.94352266379432,0
391.12,14.923658,33.25,66.88049042882386,0
90.24,15.215331,33.25,62.048368229954285,0
114.14,15.572243,33.25,56.22277118748239,0
-0.04,15.5684,33.25,64.41273166075166,0
-16.19,15.679696,33.27,64.68384651518491,0
131.02,15.684813,33.27,62.5859409132754,0
-125.85,15.696326,33.27,54.653453687758834,0
-183.51,15.686091,33.27,64.41273166075166,0
1.75,15.72191,33.27,64.17164482853778,0
147.89,15.72191,33.27,60.35726965329032,0
37.61,15.730865,33.27,62.42595614005443,0
41.39,15.715514,33.27,64.10928169929842,0
-39.17,15.68865,33.25,56.515484603779164,0
31.91,15.659227,33.25,63.324560795950255,0
-21.32,15.651552,33.25,62.24949798994366,0
22.72,15.633642,33.25,62.81719509815764,0
-37.96,15.619571,33.27,56.444663166680336,0
8.3,15.628526,33.27,67.03730304837748,0
-41.02,15.587589,33.27,63.419239982831705,0
27.22,15.574797,33.27,64.28841264178172,0
-17.44,15.515951,33.27,56.789083458002736,0
5.05,15.555608,33.27,62.489999199871974,0
-11.12,15.517231,33.27,63.608175575157006,0
16.92,15.526185,33.27,72.04165461731151,0
-5.15,15.486528,33.29,62.297672508690084,0
19.39,15.517231,33.29,61.652250567193406,0
-30.71,15.494205,33.29,59.94997914928745,0
34.43,15.494205,33.29,62.52999280345393,0
-29.56,15.512114,33.25,61.237243569579455,0
36.4,15.500601,33.25,65.76473218982953,0
-0.45,15.55305,33.25,65.86349520030045,0
17.68,15.577355,33.25,61.48170459575759,0
7.73,15.611896,33.29,62.26556030423239,0
97.69,15.609337,33.29,62.88083968904996,0
-115.98,15.478853,33.29,61.40846847137616,0
45.17,15.554329,33.29,63.474404290233394,0
-28.6,15.622129,33.25,64.10928169929842,0
13.15,15.680975,33.25,63.608175575157006,0
18.67,15.707839,33.25,69.92138442565336,0
31.66,15.641318,33.25,62.56996084384263,0
-6.35,15.686091,33.27,61.644140029689765,0
32.4,15.733424,33.27,63.40346993658943,0
-2.93,15.728307,33.27,62.849025449882674,0
-53.63,15.732145,33.27,63.72597586541927,0
36.53,15.742379,33.27,64.07807737440318,0
-7.49,15.737262,33.27,64.6297145282261,0
48.81,15.72319,33.27,62.93647591023825,0
-1.62,15.748775,33.27,60.50619802962338,0
76.25,15.734703,33.29,62.465990746965666,0
-40.65,15.783315,33.29,62.13694553162394,0
-94.89,15.794828,33.29,60.149812967290266,0
40.4,15.807621,33.29,61.72519744804386,0
-31.08,15.814017,33.25,62.5939294181153,0
-17.35,15.815296,33.25,62.52199612936234,0
-55.5,15.814017,33.25,63.28506932918696,0
63.64,15.81018,33.25,63.686733312362634,0
-42.62,15.81018,33.27,62.465990746965666,0
1.61,15.79227,33.27,62.8728876384726,0
-16.13,15.799945,33.27,62.8728876384726,0
54.19,15.785873,33.27,62.8728876384726,0
-31.97,15.812737,33.29,62.8728876384726,0
43.33,15.779477,33.29,62.8728876384726,0
17.7,15.779477,33.29,62.8728876384726,0
-25.29,15.744938,33.29,62.465990746965666,0
20.69,15.741099,33.29,66.61080993352356,0
-47.12,15.769243,33.29,62.465990746965666,0
35.77,15.738542,33.29,62.8728876384726,0
-6.47,15.732145,33.29,62.8728876384726,0
4.26,15.725749,33.27,62.465990746965666,0
20.12,15.714235,33.27,62.465990746965666,0
-60.33,15.696326,33.27,63.7102817447859,0
41.27,15.70528,33.27,61.26173356998641,0
-7.65,15.70528,33.27,62.056425936400814,0
-4.45,15.704001,33.27,65.7723346096214,0
18.38,15.669461,33.27,62.88083968904996,0
-28.39,15.629805,33.27,62.88083968904996,0
26.18,15.604219,33.27,63.324560795950255,0
-7.51,15.628526,33.27,64.29618962271404,0
-31.13,15.544095,33.27,62.36184731067546,0
35.76,15.631084,33.27,66.85057965343307,0
40.27,15.719353,33.29,62.00806399170998,0
180.44,15.729587,33.29,59.91660871578097,0
27.35,15.647715,33.29,59.91660871578097,0
-106.22,15.303596,33.29,63.96092557178953,0
-86.82,14.854578,33.25,67.15653356152326,0
-67.9,14.354395,33.25,65.19202405202648,0
87.92,15.118569,33.25,67.08203932499369,0
-82.82,15.551775,33.25,68.36665854054884,0
56.69,15.013206,33.27,57.4543296888929,0
-55.4,15.098915,33.27,62.545983084447556,0
1.45,15.53514,33.27,64.27285585688566,0
201.82,15.55177,33.27,62.63385665915839,0
20.34,15.724469,33.27,63.94528911499267,0
-62.73,15.839602,33.27,63.28506932918696,0
-15.1,15.844719,33.27,62.72160712226688,0
117.44,15.833206,33.27,62.72160712226688,0
76.69,15.845999,33.25,62.72160712226688,0
-220.61,15.8089,33.25,62.65780079128216,0
-137.59,15.85879,33.25,62.849025449882674,0
62.72,15.86007,33.25,64.91532946846992,0
22.47,15.912519,33.29,60.90155991434045,0
48.27,15.907402,33.29,62.289646009589745,0
-31.9,15.854953,33.29,63.84355879804947,0
12.12,15.822971,33.29,63.324560795950255,0
62.38,15.854953,33.27,63.28506932918696,0
70.12,15.921474,33.27,63.31666447310692,0
-53.6,15.884376,33.27,62.89674077406555,0
-27.82,15.851115,33.27,61.69278726074872,0
-31.44,15.692488,33.27,63.72597586541927,0
-2.76,15.495483,33.27,62.24949798994366,0
-22.64,15.269056,33.27,63.41135544995076,0
-2.42,15.299758,33.27,63.52164985262898,0
-18.68,15.496762,33.27,64.50581369148055,0
24.94,15.604219,33.27,56.43580423808985,0
-23.65,15.446872,33.27,58.25804665451803,0
-11.44,15.556888,33.27,61.862751312886175,0
69.13,15.77564,33.25,57.175169435691224,0
176.45,15.751333,33.25,58.625932828399414,0
202.19,15.743658,33.25,63.03967004989794,0
39.05,15.611896,33.25,64.69930447848725,0
-94.07,15.605499,33.27,61.72519744804386,0
-322.03,15.642597,33.27,63.914004725099176,0
-238.17,15.592707,33.27,64.35060217278468,0
-240.28,15.730865,33.27,65.5286197016235,0
71.05,15.728307,33.27,66.12866246946176,0
209.81,15.734703,33.27,60.778285596090974,0
295.24,15.223002,33.27,61.163714733492114,0
-83.77,15.160319,33.27,64.47480127925948,0
-359.32,15.025998,33.27,62.3377895020348,0
-139.0,15.123221,33.27,63.85138996137829,0
9.62,15.086123,33.27,61.26989472816156,0
86.98,15.082285,33.27,62.69768735766894,0
-28.68,14.976108,33.27,63.914004725099176,0
53.17,14.953085,33.27,62.10475022089695,0
38.89,14.996579,33.27,63.03967004989794,0
107.47,15.092524,33.27,60.67124524847005,0
45.58,15.192305,33.29,63.15853069855251,0
37.56,15.207656,33.29,64.00781202322104,0
-9.6,14.440105,33.29,64.32728814430156,0
-11.18,14.278101,33.29,62.24949798994366,0
37.84,14.389396,33.27,64.48255578061404,0
67.43,14.528834,33.27,76.2954782408499,0
5.65,15.114732,33.27,63.84355879804947,0
-19.38,15.441759,33.27,62.71363488110062,0
109.32,15.362446,33.27,63.26926584053272,0
244.01,15.489091,33.27,61.56297588648554,0
-103.01,15.537699,33.27,63.095166217389426,0
-238.03,14.890397,33.27,60.83584469702052,0
24.97,14.804692,33.25,65.5286197016235,0
-90.38,15.311275,33.25,62.10475022089695,0
-34.58,15.434084,33.25,65.7875368135941,0
-8.38,15.193584,33.25,63.3798075099633,0
-26.44,15.455831,33.25,63.419239982831705,0
-17.45,15.540261,33.25,62.81719509815764,0
77.75,15.716794,33.25,62.20932405998316,0
-9.16,15.707839,33.25,62.5939294181153,0
-67.23,15.730865,33.27,63.953107821277925,0
16.93,15.72319,33.27,63.76519426771944,0
-4.4,15.711677,33.27,62.369864518050704,0
-70.47,15.625967,33.27,63.57672530100933,0
22.54,15.453268,33.25,63.0,0
117.1,15.629805,33.25,63.0,0
-45.73,15.734703,33.25,63.03967004989794,0
-10.68,15.720632,33.25,61.71709649683789,0
-61.4,15.714235,33.25,61.75759062657804,0
59.56,15.711677,33.25,63.76519426771944,0
-1.29,15.700164,33.25,62.23343153000644,0
57.77,15.711677,33.25,62.23343153000644,0
-102.51,15.737262,33.27,62.5939294181153,0
36.51,15.756451,33.27,62.5939294181153,0
-10.59,15.784595,33.27,63.52164985262898,0
9.18,15.801225,33.27,63.608175575157006,0
37.06,15.782036,33.23,61.66846844214635,0
-0.53,15.748775,33.23,62.5939294181153,0
27.4,15.72319,33.23,64.39720490828775,0
-10.83,15.801225,33.23,60.95079983068311,0
47.84,15.647715,33.25,63.190189111918315,0
66.84,15.428963,33.25,62.03224967708329,0
273.85,14.933892,33.25,62.976185975335156,0
-75.27,14.447781,33.25,62.40192304729078,0
-269.79,14.503249,33.25,64.25729530566937,0
-11.48,14.934357,33.25,62.96824596572466,0
21.92,15.114732,33.25,62.39390995922599,0
81.72,15.35477,33.25,63.33245613427605,0
188.38,15.322788,33.25,62.96824596572466,0
147.26,15.281853,33.25,62.976185975335156,0
52.42,15.216611,33.25,62.0644825967316,0
-83.64,15.160324,33.25,59.472682804797024,0
-261.38,15.216611,33.27,63.914004725099176,0
-155.54,15.321509,33.27,62.976185975335156,0
-56.57,15.35477,33.27,61.68468205316454,0
-7.99,15.313834,33.27,63.245553203367585,0
-12.33,15.289528,33.23,62.625873247404705,0
-55.39,15.288249,33.23,62.625873247404705,0
-59.83,15.155207,33.23,61.69278726074872,0
-37.71,15.101479,33.23,62.03224967708329,0
-175.0,15.023444,33.25,63.57672530100933,0
86.47,15.023444,33.25,62.625873247404705,0
-24.52,14.996579,33.25,62.63385665915839,0
226.47,14.923662,33.25,66.40783086353596,0
172.28,15.09764,33.27,64.29618962271404,0
-10.95,15.32023,33.27,61.644140029689765,0
-53.26,15.440479,33.27,61.82232606429493,0
-267.48,15.446876,33.27,65.28399497579785,0
-156.36,15.468623,33.25,63.76519426771944,0
61.18,15.494208,33.25,62.369864518050704,0
29.73,15.605499,33.25,62.32976816898969,0
204.91,15.572239,33.25,63.60031446463138,0
107.63,15.591427,33.23,63.37191807101944,0
31.96,15.587589,33.23,62.75348595894893,0
65.91,15.601662,33.23,63.095166217389426,0
-151.48,15.615733,33.23,62.161081071680215,0
-28.54,15.636201,33.23,62.69768735766894,0
96.52,15.642597,33.23,63.76519426771944,0
56.1,15.628526,33.23,62.91263784010332,0
30.41,15.632363,33.23,62.91263784010332,0
-21.07,15.618292,33.23,63.13477647065839,0
73.75,15.652831,33.23,63.15853069855251,0
-8.07,15.605499,33.23,62.75348595894893,0
4.68,15.625967,33.23,62.489999199871974,0
-91.29,15.609337,33.21,63.66317616958802,0
-86.12,15.605499,33.21,62.24146527838174,0
-25.1,15.593986,33.21,63.26136261573884,0
51.26,15.604219,33.21,64.37390775772433,0
-11.54,15.622129,33.25,63.26926584053272,0
-51.99,15.640038,33.25,63.74950980203691,0
97.48,15.643877,33.25,60.63827174318213,0
17.92,15.643877,33.25,63.3798075099633,0
-52.01,15.610616,33.25,57.697486947006624,0
-89.79,15.498042,33.25,61.66846844214635,0
-1.99,15.444313,33.25,63.0158710167526,0
17.45,15.372675,33.25,62.3377895020348,0
-54.57,15.366279,33.21,62.03224967708329,0
7.88,15.34837,33.21,61.35959582656978,0
81.24,15.331739,33.21,62.71363488110062,0
100.41,15.306154,33.21,61.35959582656978,0
19.45,15.302317,33.21,62.03224967708329,0
-72.62,15.288244,33.21,62.03224967708329,0
-64.06,15.26266,33.21,62.03224967708329,0
-40.94,15.285686,33.21,63.35613624582863,0
4.51,15.253705,33.21,63.40346993658943,0
3.85,15.333018,33.21,61.00819617067857,0
-15.93,15.297199,33.21,63.40346993658943,0
14.21,15.321506,33.21,62.71363488110062,0
0.54,15.311272,33.21,61.39218191268331,0
4.94,15.313829,33.21,63.071388124885914,0
4.59,15.304875,33.21,59.447455790807396,0
-8.79,15.280569,33.21,63.3798075099633,0
8.7,15.320226,33.21,63.914004725099176,0
-16.26,15.41617,33.21,63.74950980203691,0
10.58,15.4328,33.21,66.55073252789934,0
2.98,15.405936,33.21,60.41522986797286,0
25.8,15.409774,33.21,61.27805479941412,0
-54.54,15.24603,33.21,64.07807737440318,0
-121.01,15.180788,33.21,64.17164482853778,0
-95.26,14.895514,33.21,62.95236294214857,0
-35.06,14.800854,33.18,63.631753079732135,0
226.78,15.152648,33.18,62.65780079128216,0
-72.2,15.127063,33.18,62.625873247404705,0
10.9,15.303599,33.18,62.63385665915839,0
-42.3,15.459668,33.18,63.63961030678928,0
-193.59,15.489091,33.18,63.85138996137829,0
22.27,15.615733,33.18,62.75348595894893,0
168.7,15.702723,33.18,62.0644825967316,0
177.56,15.710398,33.18,62.976185975335156,0
222.2,15.698884,33.18,62.03224967708329,0
70.04,15.679696,33.18,63.914004725099176,0
103.13,15.679696,33.18,62.10475022089695,0
16.02,15.63876,33.21,61.75759062657804,0
25.22,15.627246,33.21,63.97655820689325,0
-2.41,15.600382,33.21,64.45153217728807,0
-38.69,15.576077,33.21,64.38167441127949,0
0.76,15.427683,33.18,62.465990746965666,0
-29.12,15.372675,33.18,63.03967004989794,0
52.25,15.272894,33.18,63.39558344238185,0
-18.27,15.478853,33.18,64.28841264178172,0
-19.13,15.562004,33.15,63.474404290233394,0
-62.81,15.588869,33.15,63.474404290233394,0
-90.62,15.56968,33.15,63.474404290233394,0
38.02,15.572239,33.15,63.35613624582863,0
5.29,15.578635,33.18,62.91263784010332,0
11.43,15.562004,33.18,63.25345840347388,0
-54.61,15.564563,33.18,63.25345840347388,0
6.55,15.542816,33.18,63.25345840347388,0
-10.76,15.550491,33.16,62.23343153000644,0
-7.04,15.531302,33.16,63.166446789415026,0
4.82,15.537699,33.16,63.52164985262898,0
-38.05,15.55305,33.16,63.35613624582863,0
25.93,15.533861,33.18,62.465990746965666,0
-25.37,15.528744,33.18,63.095166217389426,0
20.71,15.533861,33.18,62.03224967708329,0
-95.06,15.587589,33.18,62.96824596572466,0
-3.48,15.622129,33.18,62.96824596572466,0
50.27,15.611896,33.18,62.976185975335156,0
-111.75,15.622129,33.18,62.0403094769844,0
56.47,15.610616,33.18,62.96824596572466,0
61.96,15.634922,33.18,62.976185975335156,0
88.44,15.65539,33.18,62.976185975335156,0
-13.99,15.637481,33.18,63.60031446463138,0
-56.71,15.657948,33.18,62.69768735766894,0
-35.4,15.642597,33.16,62.82515419798029,0
-28.11,15.652831,33.16,65.33758489567853,0
20.47,15.674579,33.16,57.358521598799946,0
6.02,15.68865,33.16,60.50619802962338,0
105.7,15.258821,33.21,49.02040391510457,0
328.85,14.914703,33.21,61.27805479941412,0
32.95,14.761197,33.21,61.40032573203501,0
-460.79,15.367562,33.21,62.65780079128216,0
-180.0,15.367562,33.18,62.545983084447556,0
158.48,15.340698,33.18,63.608175575157006,0
85.47,15.334302,33.18,62.24146527838174,0
-108.0,15.345815,33.18,63.82789358893179,0
-115.48,15.25243,33.18,64.19501538281614,0
1.07,15.221727,33.18,62.78534860936905,0
99.4,15.260105,33.18,62.26556030423239,0
-54.86,15.49165,33.18,57.879184513951124,0
93.6,15.668182,33.21,62.69768735766894,0
60.34,15.625967,33.21,63.474404290233394,0
103.58,15.619571,33.21,62.080592780675026,0
60.29,15.58631,33.21,62.321745803531535,0
65.51,15.597823,33.18,64.07027391856539,0
-385.7,15.617012,33.18,61.886993787063204,0
43.06,15.611896,33.18,62.321745803531535,0
-239.71,15.341973,33.18,63.92182725798755,0
-78.27,15.156482,33.18,68.7386354243376,0
-81.78,15.096357,33.18,64.87680633323437,0
-159.03,15.123221,33.18,63.60031446463138,0
112.7,14.854578,33.18,64.03124237432849,0
51.66,14.355675,33.18,63.45076831686122,0
52.55,13.85339,33.18,63.095166217389426,0
131.71,13.376819,33.18,62.10475022089695,0
21.15,13.419702,33.18,63.03967004989794,0
99.42,13.573212,33.16,63.57672530100933,0
65.43,14.058048,33.16,64.70703207534712,0
143.26,14.579315,33.16,62.91263784010332,0
61.46,14.636292,33.16,62.321745803531535,0
147.57,14.677228,33.16,62.5939294181153,0
-1.08,14.8269,33.16,62.78534860936905,0
41.84,14.816666,33.16,63.7102817447859,0
-67.38,14.771893,33.16,62.321745803531535,0
-254.58,14.765496,33.18,62.42595614005443,0
-49.81,14.745028,33.18,62.42595614005443,0
80.1,14.733515,33.18,63.35613624582863,0
78.03,14.74119,33.18,62.321745803531535,0
-38.97,14.75782,33.16,63.35613624582863,0
-32.63,14.504529,33.16,63.35613624582863,0
-59.8,13.978756,33.16,62.68173577685928,0
-121.38,13.898753,33.16,63.608175575157006,0
-234.91,13.967833,33.16,62.68173577685928,0
-355.13,13.987021,33.16,62.545983084447556,0
-79.19,14.021562,33.16,63.474404290233394,0
110.54,14.066335,33.16,62.20128616033595,0
273.21,14.071452,33.16,63.13477647065839,0
178.27,14.077848,33.16,61.61980201201558,0
87.0,13.980625,33.16,63.474404290233394,0
86.38,13.999814,33.16,63.608175575157006,0
2.23,14.011328,33.13,62.545983084447556,0
75.2,13.981905,33.13,62.68173577685928,0
19.68,13.994698,33.13,63.474404290233394,0
-10.17,13.988301,33.13,63.474404290233394,0
33.96,13.975509,33.15,63.474404290233394,0
-3.26,13.948644,33.15,63.26926584053272,0
5.74,13.923059,33.15,63.474404290233394,0
-4.17,13.944806,33.15,63.474404290233394,0
-23.89,13.970391,33.15,62.545983084447556,0
-22.67,13.994698,33.15,62.545983084447556,0
-7.42,13.979346,33.15,63.26926584053272,0
-1.33,13.916663,33.15,62.3377895020348,0
35.7,13.884682,33.15,63.26926584053272,0
9.08,13.926897,33.15,63.13477647065839,0
-4.21,13.916663,33.15,62.545983084447556,0
11.16,13.935851,33.15,62.545983084447556,0
-30.95,13.907708,33.16,63.474404290233394,0
8.22,13.960157,33.16,63.474404290233394,0
-11.72,13.930735,33.16,62.545983084447556,0
2.95,13.949924,33.16,62.545983084447556,0
8.14,13.943527,33.16,62.545983084447556,0
-24.39,13.946086,33.16,62.20128616033595,0
5.79,13.934572,33.16,63.474404290233394,0
-9.74,13.953761,33.16,62.545983084447556,0
11.61,13.961436,33.16,61.61980201201558,0
13.96,13.985743,33.16,62.20128616033595,0
-35.03,13.963995,33.16,63.13477647065839,0
8.26,13.934572,33.16,63.26926584053272,0
-4.66,13.957599,33.16,63.13477647065839,0
4.59,14.590828,33.16,63.25345840347388,0
32.07,15.029021,33.16,63.35613624582863,0
46.18,15.146252,33.16,63.35613624582863,0
116.82,15.193584,33.16,58.44655678480983,0
-60.22,15.197422,33.16,62.321745803531535,0
173.4,15.208935,33.16,63.0158710167526,0
23.2,15.215331,33.16,63.0158710167526,0
-102.36,15.220448,33.15,63.0158710167526,0
-428.17,15.246034,33.15,63.13477647065839,0
-129.0,15.226845,33.15,63.13477647065839,0
62.22,15.221727,33.15,63.0158710167526,0
49.93,15.248592,33.16,63.13477647065839,0
61.15,15.247313,33.16,63.13477647065839,0
55.56,15.249871,33.16,63.13477647065839,0
-14.29,15.247313,33.16,63.13477647065839,0
-2.67,15.247313,33.18,62.20128616033595,0
-32.7,15.242196,33.18,63.26926584053272,0
92.55,15.228124,33.18,63.26926584053272,0
65.11,15.23452,33.18,63.095166217389426,0
-24.07,15.233241,33.18,62.20128616033595,0
103.48,15.207656,33.18,62.00806399170998,0
106.43,15.226845,33.18,62.94441992742486,0
-25.25,15.216611,33.18,62.161081071680215,0
-22.1,15.196143,33.18,63.095166217389426,0
-19.0,15.215331,33.18,62.3377895020348,0
-53.4,15.21789,33.18,63.26926584053272,0
25.18,15.239637,33.18,62.94441992742486,0
28.74,15.2358,33.15,62.489999199871974,0
-69.97,15.271619,33.15,62.545983084447556,0
-46.76,15.249871,33.15,61.59545437773797,0
-48.58,15.25243,33.15,64.89992295835181,0
-9.8,15.199981,33.16,67.97058187186572,0
16.56,15.127063,33.16,62.617888817813075,0
-61.15,14.354395,33.16,62.73754856543249,0
-65.08,14.26403,33.16,61.91930232165088,0
-134.33,14.5186,33.16,64.47480127925948,0
-276.45,14.810269,33.16,63.35613624582863,0
-36.64,15.075075,33.16,53.88877434122992,0
99.73,15.281853,33.16,65.62011886609167,0
369.23,15.246034,33.16,66.82813778641449,0
381.67,15.443038,33.16,64.31174076325411,0
174.29,14.355675,33.16,49.040799340956916,0
-261.99,14.92924,33.16,67.77905281132217,0
-261.2,15.110894,33.15,62.5939294181153,0
-176.3,15.467344,33.15,62.42595614005443,0
-175.09,15.501884,33.15,60.51446108162907,0
157.74,15.613174,33.15,60.69596362197407,0
111.75,15.619571,33.15,64.03124237432849,0
143.39,15.547933,33.15,61.59545437773797,0
33.92,15.39826,33.15,63.76519426771944,0
-100.13,15.39826,33.15,58.29236656715869,0
42.19,15.390585,33.15,67.7421582177598,0
32.26,15.298479,33.15,62.77738446287803,0
76.18,14.853299,33.15,62.42595614005443,0
21.91,14.355675,33.15,63.095166217389426,0
-78.37,13.852111,33.15,63.03967004989794,0
70.33,13.568707,33.15,63.03967004989794,0
-85.75,13.603246,33.15,63.03967004989794,0
-7.4,13.595571,33.15,62.69768735766894,0
-1.93,13.607084,33.16,62.10475022089695,0
-6.82,13.576382,33.16,63.03967004989794,0
21.24,13.580219,33.16,63.03967004989794,0
-33.23,13.546959,33.16,62.75348595894893,0
28.47,13.83479,33.15,65.83312236253116,0
1.69,14.378472,33.15,64.25729530566937,0
26.05,14.584432,33.15,62.68173577685928,0
91.71,15.009833,33.15,58.73670062235365,0
35.0,15.089965,33.16,63.103090257134,0
127.62,15.059263,33.16,61.97580172938467,0
-37.18,15.061821,33.16,61.29437168288782,0
-62.39,15.057983,33.16,62.457985878508765,0
-132.28,15.08101,33.16,62.56996084384263,0
-80.54,15.133459,33.16,61.00819617067857,0
-46.54,15.167999,33.16,63.079315151640635,0
-53.72,15.194863,33.16,62.81719509815764,0
-98.76,15.193584,33.15,62.81719509815764,0
-108.93,15.230682,33.15,63.72597586541927,0
2.68,15.197422,33.15,62.81719509815764,0
13.75,15.193584,33.15,63.419239982831705,0
17.23,15.159044,33.16,62.91263784010332,0
16.85,15.164162,33.16,63.15853069855251,0
11.84,15.116829,33.16,66.17401302626281,0
10.34,15.056705,33.16,62.68173577685928,0
-25.41,14.355675,33.15,62.82515419798029,0
27.57,13.854669,33.15,62.75348595894893,0
-115.87,13.456132,33.15,62.928530890209096,0
41.31,13.720325,33.15,67.83804242458652,0
-98.0,14.124569,33.15,65.80273550544841,0
76.51,14.615134,33.15,60.41522986797286,0
187.55,14.950988,33.15,64.29618962271404,0
347.14,14.94587,33.15,61.62791575252241,0
156.9,14.956104,33.15,63.20601237224193,0
-93.64,14.966338,33.15,63.20601237224193,0
-145.79,14.99832,33.15,63.20601237224193,0
-88.73,15.147532,33.15,64.60650122085238,0
-7.72,15.16672,33.13,62.849025449882674,0
6.58,15.159044,33.13,63.06346010171025,0
-26.96,15.146252,33.13,62.80127387243033,0
-76.52,15.144973,33.13,63.419239982831705,0
8.09,15.143693,33.16,62.80127387243033,0
10.22,15.101479,33.16,63.095166217389426,0
-3.67,15.107874,33.16,62.91263784010332,0
-21.37,15.086127,33.16,62.8410693734599,0
18.75,15.057983,33.15,61.91930232165088,0
-2.18,15.046471,33.15,62.120849961989414,0
-109.45,15.045191,33.15,62.51399843235114,0
3.1,15.033678,33.15,63.48228099241551,0
80.43,15.033678,33.15,63.40346993658943,0
30.59,15.026002,33.15,62.52199612936234,0
-21.4,15.023444,33.15,62.52199612936234,0
-1.62,15.034957,33.15,62.52199612936234,0
41.99,15.015768,33.15,62.52199612936234,0
-39.09,15.051587,33.15,62.321745803531535,0
33.0,15.023444,33.15,62.52199612936234,0
10.39,15.027282,33.15,61.326992425847855,0
4.06,15.002975,33.13,62.52199612936234,0
-15.13,15.027282,33.13,62.52199612936234,0
-96.04,14.988904,33.13,63.419239982831705,0
70.26,14.990183,33.13,61.91122676865643,0
34.15,14.959481,33.13,63.419239982831705,0
-25.27,14.979949,33.13,63.419239982831705,0
14.3,14.965878,33.13,62.25752966509352,0
0.24,14.942851,33.13,62.52199612936234,0
-6.04,14.942851,33.11,63.419239982831705,0
15.25,14.94541,33.11,61.62791575252241,0
-27.2,14.940292,33.11,62.80127387243033,0
0.12,14.942851,33.11,63.419239982831705,0
-4.18,14.940292,33.11,62.25752966509352,0
-47.12,14.941571,33.11,63.079315151640635,0
5.74,14.820043,33.11,63.419239982831705,0
-11.71,14.844349,33.11,63.419239982831705,0
75.39,14.881447,33.13,62.177166226839255,0
43.21,14.868654,33.13,62.81719509815764,0
-7.52,14.909591,33.13,63.15853069855251,0
14.64,14.881447,33.13,63.15853069855251,0
-40.44,14.891681,33.13,63.419239982831705,0
7.97,14.91087,33.13,63.15853069855251,0
-4.73,14.904473,33.13,63.419239982831705,0
20.15,14.918545,33.13,63.079315151640635,0
2.75,14.905753,33.13,63.419239982831705,0
-33.75,14.896798,33.13,63.079315151640635,0
18.3,14.853303,33.13,63.079315151640635,0
-33.3,14.873772,33.13,63.079315151640635,0
27.42,14.875051,33.13,63.079315151640635,0
7.71,14.868654,33.13,62.25752966509352,0
-71.01,14.868654,33.13,62.64982043070834,0
-0.39,14.866096,33.13,62.94441992742486,0
-28.74,14.848186,33.11,63.03967004989794,0
-37.68,14.857141,33.11,62.27358990776106,0
118.38,14.859699,33.11,63.15853069855251,0
60.26,14.859699,33.11,63.52952069707436,0
11.86,14.836673,33.11,63.52952069707436,0
-62.15,14.839231,33.11,61.773780845922005,0
-61.17,14.836673,33.11,63.095166217389426,0
71.96,14.849465,33.11,61.69278726074872,0
22.19,14.849465,33.09,100.94552986635911,0
-121.63,14.854583,33.09,35.07135583350036,0
5.04,14.84179,33.09,77.01947805587882,0
64.9,14.82516,33.09,59.91660871578097,0
134.49,14.794457,33.11,52.23983154643591,0
108.61,14.794457,33.11,67.23094525588644,0
-144.02,14.852024,33.11,66.1362230551458,0
-76.54,14.853303,33.11,64.76109943476871,0
32.57,14.831556,33.11,61.95159400693416,0
-57.78,14.882726,33.11,61.68468205316454,0
55.51,14.908311,33.11,61.75759062657804,0
38.36,14.881447,33.11,88.66791979064357,0
131.88,14.950526,33.09,66.85057965343307,0
47.98,14.967156,33.09,33.25657829663178,0
51.76,15.006813,33.09,72.15261603018979,0
17.63,14.94413,33.09,100.12492197250393,0
94.65,14.701073,33.07,64.93843238021688,0
18.63,14.666533,33.07,59.16924876994806,0
-339.64,14.988904,33.07,61.61980201201558,0
112.12,15.167999,33.07,62.82515419798029,0
-111.33,15.14881,33.09,63.166446789415026,0
-109.07,15.147532,33.09,63.48228099241551,0
-3.16,15.014489,33.09,61.39218191268331,0
344.99,14.918545,33.09,63.835726674018524,0
190.45,14.836673,33.09,63.387695966961914,0
-250.88,14.852024,33.09,62.185207244167,0
-190.95,14.80725,33.09,62.20128616033595,0
-28.1,14.798296,33.09,63.41135544995076,0
60.11,14.747126,33.09,62.20128616033595,0
-25.24,14.683163,33.09,63.05553108173778,0
-104.03,14.593616,33.09,63.05553108173778,0
-82.73,14.601291,33.09,60.663003552412405,0
-66.23,14.527094,33.07,64.77653896280658,0
-21.38,14.621758,33.07,63.324560795950255,0
-15.24,14.722819,33.07,63.13477647065839,0
-16.15,14.680604,33.07,61.72519744804386,0
-38.98,14.648623,33.07,63.03967004989794,0
-36.08,14.647344,33.07,63.592452382338585,0
-95.87,14.640947,33.07,62.81719509815764,0
-12.77,14.646065,33.07,63.229739838148944,0
43.84,14.633272,33.07,62.52199612936234,0
20.32,14.62048,33.07,63.835726674018524,0
69.42,14.633272,33.07,62.52199612936234,0
-2.47,14.603849,33.07,63.00793600809346,0
49.48,14.616642,33.09,61.652250567193406,0
63.96,14.642227,33.09,64.60650122085238,0
22.48,14.626876,33.09,64.16385275215322,0
38.89,14.62048,33.09,62.489999199871974,0
53.01,14.65374,33.09,60.4979338490167,0
190.95,14.623038,33.09,61.48983655857283,0
94.4,14.639668,33.09,63.3798075099633,0
-100.98,14.615362,33.09,64.26507605223851,0
-90.88,14.610246,33.07,63.4428877022476,0
-108.42,14.689559,33.07,62.20128616033595,0
-127.72,14.593616,33.07,63.41135544995076,0
-39.46,14.676766,33.07,63.05553108173778,0
106.41,14.67037,33.07,64.82283548256741,0
-26.51,14.708748,33.07,63.4428877022476,0
52.64,14.707469,33.07,63.41135544995076,0
-29.45,14.718982,33.07,60.83584469702052,0
-5.37,14.740729,33.05,62.95236294214857,0
-28.34,14.784224,33.05,63.41135544995076,0
-64.42,14.770152,33.05,62.56196927846821,0
-96.69,14.766315,33.05,62.56196927846821,0
-17.52,14.775269,33.05,62.71363488110062,0
59.96,14.805971,33.05,63.05553108173778,0
-33.09,14.771431,33.05,62.56196927846821,0
72.72,14.780386,33.05,63.796551630946325,0
-99.86,14.753522,33.07,64.07807737440318,0
118.77,14.781665,33.07,62.71363488110062,0
64.87,14.738171,33.07,62.20128616033595,0
19.66,14.743288,33.07,62.5939294181153,0
-4.12,14.70491,33.07,62.5939294181153,0
-5.07,14.722819,33.07,62.385895841928885,0
44.39,14.68828,33.07,62.385895841928885,0
78.64,14.672929,33.07,63.33245613427605,0
-12.4,14.680604,33.07,63.33245613427605,0
-26.61,14.675488,33.07,63.8200595424354,0
82.99,14.675488,33.07,62.77738446287803,0
-4.49,14.663974,33.07,62.94441992742486,0
-123.37,14.652461,33.05,62.56996084384263,0
-28.34,14.634551,33.05,62.617888817813075,0
103.37,14.626876,33.05,61.497967446087195,0
-62.19,14.424754,33.05,61.66036003787198,0
-110.85,13.873857,33.05,62.82515419798029,0
-210.2,14.030516,33.05,62.81719509815764,0
-200.13,14.291484,33.05,61.1310068623117,0
89.86,14.421968,33.05,58.86425061104575,0
-31.62,14.583153,33.09,61.71709649683789,0
118.61,14.753983,33.09,62.5939294181153,0
403.71,14.746307,33.09,62.93647591023825,0
129.9,14.729677,33.09,63.324560795950255,0
70.78,14.716885,33.05,62.489999199871974,0
-49.19,14.718163,33.05,62.20128616033595,0
40.48,14.730956,33.05,64.1248781675256,0
-84.98,14.746307,33.05,62.465990746965666,0
-17.45,14.738631,33.07,63.8200595424354,0
43.31,14.756541,33.07,62.64982043070834,0
6.51,14.746307,33.07,63.33245613427605,0
-22.71,14.74247,33.07,62.64982043070834,0
-55.3,14.709208,33.05,63.52952069707436,0
-20.99,14.710488,33.05,62.64982043070834,0
-82.81,14.665714,33.05,62.64982043070834,0
-51.94,14.663156,33.05,61.48983655857283,0
-17.3,14.668273,33.07,62.369864518050704,0
-30.02,14.656759,33.07,63.25345840347388,0
1.15,14.643967,33.07,63.52952069707436,0
-19.84,14.609427,33.07,63.25345840347388,0
6.39,14.624778,33.05,62.369864518050704,0
2.78,14.62222,33.05,63.25345840347388,0
-33.21,14.624778,33.05,63.25345840347388,0
18.34,14.624778,33.05,63.25345840347388,0
-21.34,14.618382,33.03,62.99206299209449,0
-0.17,14.600472,33.03,63.25345840347388,0
12.06,14.603031,33.03,63.25345840347388,0
-45.3,14.601751,33.03,62.88083968904996,0
-4.27,14.618382,33.03,63.25345840347388,0
49.55,14.580005,33.03,62.617888817813075,0
12.38,14.558257,33.03,61.72519744804386,0
-2.1,14.578725,33.03,62.88083968904996,0
34.25,14.580005,33.07,62.99206299209449,0
3.84,14.586401,33.07,62.88083968904996,0
0.51,14.594076,33.07,62.617888817813075,0
30.77,14.591517,33.07,62.617888817813075,0
-25.28,14.596635,33.07,63.773035054010094,0
13.52,14.58768,33.07,63.51377803280167,0
39.33,14.590239,33.07,62.617888817813075,0
-30.62,14.549302,33.07,62.99206299209449,0
12.09,14.513483,33.03,62.617888817813075,0
-24.94,14.504529,33.03,62.617888817813075,0
53.85,14.512204,33.03,62.74551776820397,0
33.38,14.541627,33.03,62.74551776820397,0
-43.34,14.503249,33.05,62.369864518050704,0
2.26,14.522438,33.05,63.03967004989794,0
-21.02,14.361253,33.05,62.625873247404705,0
19.32,14.316479,33.05,62.83311228962003,0
7.4,14.267867,33.05,62.3377895020348,0
-41.6,14.289615,33.05,63.26926584053272,0
-7.55,14.198788,33.05,62.3377895020348,0
-39.53,14.075979,33.05,62.120849961989414,0
61.26,14.136105,33.03,63.631753079732135,0
30.08,14.138662,33.03,64.57553716385176,0
-27.59,14.252516,33.03,64.10148204214939,0
-67.58,14.370207,33.03,63.8200595424354,0
-190.53,14.461034,33.05,62.52199612936234,0
-10.05,14.473826,33.05,63.419239982831705,0
338.56,14.494294,33.05,63.419239982831705,0
-67.11,14.48406,33.05,63.694583757176716,0
-42.15,14.516042,33.03,62.27358990776106,0
-14.54,14.48406,33.03,62.52199612936234,0
108.16,14.496853,33.03,62.80127387243033,0
120.74,14.471268,33.03,64.04685784642366,0
-92.47,14.505808,33.0,62.56996084384263,0
-114.1,14.495574,33.0,62.00806399170998,0
37.25,14.493015,33.0,63.45076831686122,0
8.1,14.491736,33.0,62.88083968904996,0
110.23,14.494294,33.03,62.27358990776106,0
-26.22,14.48534,33.03,62.52199612936234,0
-115.91,14.489178,33.03,62.88083968904996,0
27.85,14.486619,33.03,62.849025449882674,0
-8.15,14.478944,33.0,61.45730225123781,0
72.73,14.505808,33.0,62.88083968904996,0
-78.26,14.449521,33.0,65.68865959965997,0
-110.86,14.46871,33.0,78.7210264160726,0
112.24,14.370207,33.03,47.59201613716318,0
47.4,14.413702,33.03,62.8728876384726,0
-150.96,14.377883,33.03,62.928530890209096,0
40.18,14.413702,33.03,38.01315561749642,0
179.87,14.50069,33.05,85.63293758829018,0
-9.4,14.532672,33.05,63.103090257134,0
-119.03,14.532672,33.05,39.496835316262995,0
-88.66,14.48534,33.05,61.163714733492114,0
92.45,14.503249,33.0,49.9799959983992,0
-83.93,14.445683,33.0,41.14608122288197,0
85.21,14.503249,33.0,52.744667976962376,0
-23.12,14.521159,33.0,95.68698971124549,0
21.32,14.493015,33.03,32.4037034920393,0
-23.52,13.854669,33.03,103.19399207318224,0
-10.09,14.007489,33.03,63.51377803280167,0
32.39,14.300438,33.03,62.90468980926621,0
-538.38,14.355446,33.03,63.631753079732135,0
85.49,14.418129,33.03,61.814237842102365,0
100.28,14.443714,33.03,65.46754921333164,0
-83.88,14.430922,33.03,63.166446789415026,0
212.44,14.413013,33.03,62.81719509815764,0
70.26,14.443714,33.03,61.91122676865643,0
31.61,14.478254,33.03,62.93647591023825,0
-63.17,14.613265,33.03,64.28841264178172,0
41.47,14.645247,33.0,62.90468980926621,0
57.67,14.670832,33.0,60.991802727907626,0
-4.77,14.646525,33.0,65.67343450741707,0
94.67,14.656759,33.0,61.91122676865643,0
-33.01,14.663156,33.0,62.20128616033595,0
40.35,14.674669,33.0,62.5939294181153,0
0.06,14.646525,33.0,63.28506932918696,0
4.87,14.643967,33.0,64.69157595854347,0
-20.21,14.623499,33.0,63.20601237224193,0
-22.24,14.631174,33.0,62.5939294181153,0
25.81,14.582563,33.0,60.166435825965294,0
-26.28,14.574887,33.0,61.237243569579455,0
11.88,14.559536,33.03,62.13694553162394,0
-8.32,14.574887,33.03,72.09715667070374,0
-1.46,14.55442,33.03,62.49799996799898,0
7.1,14.532672,33.03,62.5939294181153,0
-44.38,14.516042,32.99,62.93647591023825,0
13.36,14.513483,32.99,61.87083319303208,0
11.75,14.475106,32.99,62.321745803531535,0
-59.88,14.486619,32.99,62.080592780675026,0
34.57,14.471268,32.99,62.080592780675026,0
-27.12,14.46743,32.99,62.74551776820397,0
-37.85,14.462314,32.99,62.080592780675026,0
-4.46,14.441845,32.99,62.74551776820397,0
-57.08,14.448241,33.0,62.74551776820397,0
37.67,14.431611,33.0,62.74551776820397,0
-23.16,14.34718,33.0,62.74551776820397,0
51.9,14.397072,33.0,61.40846847137616,0
9.17,14.453359,32.99,59.824744044584094,0
-0.96,14.461034,32.99,62.36184731067546,0
30.65,14.482781,32.99,63.324560795950255,0
-66.39,14.477664,32.99,62.90468980926621,0
77.44,14.480223,33.0,63.608175575157006,0
81.65,14.495574,33.0,59.84981202978001,0
-126.87,14.493015,33.0,60.975404877704584,0
48.69,14.55442,33.0,68.30080526611674,0
26.61,14.615824,33.0,63.14269553954757,0
17.22,14.705371,33.0,62.048368229954285,0
12.06,14.722001,33.0,63.14269553954757,0
-11.04,14.750145,33.0,61.71709649683789,0
35.92,14.734794,33.05,62.49799996799898,0
-22.11,14.747586,33.05,62.27358990776106,0
-20.51,14.725839,33.05,61.652250567193406,0
1.84,14.700254,33.05,67.36467917239716,0
-32.19,14.688741,33.0,62.25752966509352,0
-26.48,14.679786,33.0,63.324560795950255,0
-43.83,14.687462,33.0,61.87083319303208,0
23.46,14.70793,33.0,58.47221562417487,0
-1.91,14.718163,33.05,62.65780079128216,0
-40.97,14.710488,33.05,62.056425936400814,0
6.61,14.714326,33.05,62.056425936400814,0
-20.06,14.665714,33.05,62.80127387243033,0
-16.19,14.692578,33.03,62.16912416947821,0
-42.62,14.663156,33.03,60.93439094632849,0
52.39,14.636292,33.03,62.048368229954285,0
-45.36,14.583842,33.03,62.080592780675026,0
24.53,14.572329,33.03,62.90468980926621,0
52.43,14.527555,33.03,66.19667665374146,0
-19.57,14.544186,33.03,61.61980201201558,0
76.81,14.549302,33.03,68.51277253184256,0
25.79,14.513483,33.05,62.27358990776106,0
-37.62,14.505808,33.05,64.82283548256741,0
4.2,14.48534,33.05,61.44916598294886,0
0.46,14.503249,33.05,62.89674077406555,0
-79.8,14.487899,33.05,63.39558344238185,0
-85.85,14.480223,33.05,62.63385665915839,0
28.51,14.445683,33.05,63.53739056650029,0
125.21,14.435449,33.05,65.1536645170477,0
116.05,14.416261,33.03,61.886993787063204,0
5.33,14.429052,33.03,61.5223536610881,0
-132.0,14.412422,33.03,59.53990258641679,0
-2.16,14.481503,33.03,61.39218191268331,0
112.77,14.436728,33.03,62.5859409132754,0
82.54,14.432891,33.03,63.85138996137829,0
268.17,14.466151,33.03,61.14736298484179,0
-11.8,14.496853,33.03,63.608175575157006,0
-263.39,14.532672,33.05,63.190189111918315,0
-242.43,14.559536,33.05,63.190189111918315,0
68.77,14.573608,33.05,62.64982043070834,0
25.88,14.568491,33.05,63.56099432828282,0
22.71,14.585121,33.05,63.56099432828282,0
20.59,14.574887,33.05,63.190189111918315,0
3.21,14.582563,33.05,61.98386886924694,0
32.2,14.550582,33.05,63.608175575157006,0
-17.2,14.513483,33.03,62.5939294181153,0
30.48,14.482781,33.03,62.68173577685928,0
-14.21,14.514763,33.03,62.68173577685928,0
27.87,14.503249,33.03,62.78534860936905,0
-59.68,14.493015,33.03,63.25345840347388,0
5.09,14.503249,33.03,63.166446789415026,0
47.45,14.490457,33.03,62.321745803531535,0
24.39,14.473826,33.03,63.25345840347388,0
-4.9,14.473826,33.0,62.321745803531535,0
12.21,14.457196,33.0,61.61980201201558,0
-0.21,14.438007,33.0,62.90468980926621,0
172.24,14.438007,33.0,62.68173577685928,0
25.58,14.184716,33.05,63.095166217389426,0
51.31,14.14378,33.05,62.321745803531535,0
68.78,14.308804,33.05,64.10148204214939,0
-515.66,14.196229,33.05,63.35613624582863,0
-22.92,14.02353,33.03,62.23343153000644,0
292.54,14.042719,33.03,64.03124237432849,0
-50.88,14.019692,33.03,63.694583757176716,0
-186.45,14.234607,33.03,63.35613624582863,0
111.59,14.116916,33.03,62.369864518050704,0
174.83,14.150176,33.03,62.489999199871974,0
156.55,14.242282,33.03,62.369864518050704,0
-136.3,14.427773,33.03,52.49761899362675,0
-94.38,14.436728,33.03,62.185207244167,0
41.57,14.444404,33.03,62.369864518050704,0
135.32,14.449521,33.03,63.92182725798755,0
274.62,14.449521,33.03,61.71709649683789,0
142.12,14.46743,33.03,62.93647591023825,0
-311.1,14.462314,33.03,63.03967004989794,0
-187.8,14.402188,33.03,63.03967004989794,0
-22.35,14.357415,33.03,63.03967004989794,0
397.85,14.384279,33.03,60.83584469702052,0
-333.39,14.235886,33.03,62.976185975335156,0
-19.98,13.940379,33.03,63.166446789415026,0
132.2,14.004931,33.03,63.419239982831705,0
-544.93,14.081686,33.05,63.75735251718032,0
-167.27,14.089362,33.05,63.419239982831705,0
375.98,14.07657,33.05,63.92182725798755,0
152.25,14.057381,33.05,63.92182725798755,0
63.39,14.026678,33.03,63.0,0
-116.83,13.948644,33.03,62.90468980926621,0
-192.88,13.897474,33.03,63.166446789415026,0
-6.56,13.93841,33.03,62.321745803531535,0
52.05,13.901312,33.05,63.25345840347388,0
119.57,13.944806,33.05,62.161081071680215,0
147.79,13.942247,33.05,62.65780079128216,0
-64.07,13.949924,33.05,62.23343153000644,0
64.69,13.979346,33.05,64.85368146836385,0
202.32,14.145649,33.05,62.0966987850401,0
-69.95,14.301718,33.05,62.65780079128216,0
-48.76,14.347771,33.05,62.8728876384726,0
-79.09,14.378472,33.05,63.2771680782255,0
-159.27,14.377193,33.05,62.8728876384726,0
28.3,14.374635,33.05,62.369864518050704,0
35.94,14.347771,33.05,62.65780079128216,0
95.08,14.372076,33.03,62.65780079128216,0
39.38,14.373356,33.03,65.03076195155643,0
-48.74,14.378472,33.03,62.976185975335156,0
32.72,14.375914,33.03,62.976185975335156,0
8.1,14.397661,33.03,62.976185975335156,0
112.17,14.39894,33.03,62.976185975335156,0
97.1,14.411733,33.03,62.976185975335156,0
-323.06,14.427084,33.03,62.976185975335156,0
-16.49,14.419409,33.05,63.74950980203691,0
33.93,14.406616,33.05,63.324560795950255,0
-32.94,14.379752,33.05,63.31666447310692,0
87.99,14.377193,33.05,62.89674077406555,0
148.31,14.360563,33.03,63.28506932918696,0
229.86,14.352887,33.03,62.88083968904996,0
-126.72,14.311952,33.03,62.88083968904996,0
-343.27,14.305555,33.03,63.28506932918696,0
-200.31,14.27997,33.03,63.7102817447859,0
7.95,14.290204,33.03,63.28506932918696,0
40.77,14.2966,33.03,62.56196927846821,0
256.18,14.273574,33.03,62.0966987850401,0
233.43,14.254385,33.05,62.93647591023825,0
-43.24,14.256944,33.05,62.95236294214857,0
-231.68,14.267178,33.05,81.10487038396646,0
131.03,14.113667,33.05,50.1398045468867,0
153.18,14.250547,33.03,25.768197453450252,0
-65.85,14.256944,33.03,44.553338819890925,0
31.98,14.320907,33.03,57.96550698475775,0
-231.61,14.268456,33.03,63.166446789415026,0
-59.5,14.254385,33.03,59.69087032369355,0
94.23,14.258223,33.03,61.652250567193406,0
55.82,14.256944,33.03,60.572270883631234,0
-22.54,14.253106,33.03,63.76519426771944,0
-44.36,14.268456,33.05,63.25345840347388,0
3.58,14.336257,33.05,62.48199740725323,0
84.12,14.421968,33.05,62.90468980926621,0
32.19,14.469299,33.05,60.876925020897694,0
59.65,14.534541,33.05,62.51399843235114,0
61.18,14.730956,33.05,62.52999280345393,0
-49.61,14.727118,33.05,62.369864518050704,0
-111.13,14.725839,33.05,62.10475022089695,0
-186.84,14.710488,33.05,62.52999280345393,0
41.85,14.674669,33.05,88.77499647986475,0
35.97,14.672111,33.05,69.9714227381436,0
102.05,14.618382,33.05,44.48595283907045,0
88.66,14.542906,33.03,58.532042506647585,0
141.82,14.531393,33.03,99.72963451251589,0
110.83,14.370207,33.03,62.465990746965666,0
-208.32,14.356135,33.03,49.01020301937138,0
-49.11,14.173203,33.05,57.02630971753301,0
71.74,14.212859,33.05,61.862751312886175,0
-227.97,14.527555,33.05,72.34638899074369,0
183.33,14.701533,33.05,137.87675656179326,0
-87.32,14.765496,33.05,61.30252849597641,0
186.61,14.834576,33.05,64.03905058634146,0
286.84,14.801315,33.05,62.49799996799898,0
79.51,14.828179,33.05,66.7757440991862,0
-119.46,14.819224,33.03,62.00806399170998,0
-349.3,14.472548,33.03,63.8200595424354,0
-532.42,14.385558,33.03,62.617888817813075,0
-58.31,14.33055,33.03,62.71363488110062,0
397.79,14.284497,33.03,61.45730225123781,0
197.98,14.206463,33.03,64.50581369148055,0
33.27,14.10924,33.03,63.72597586541927,0
-102.02,13.932703,33.03,62.01612693485461,0
-46.33,13.792576,33.05,63.28506932918696,0
-187.41,13.695353,33.05,62.41794613730894,0
-87.43,13.710703,33.05,61.97580172938467,0
22.56,13.697911,33.05,62.41794613730894,0
45.19,13.659534,33.03,63.071388124885914,0
98.9,13.645461,33.03,63.071388124885914,0
-21.8,13.614759,33.03,62.120849961989414,0
117.86,13.627552,33.03,62.76145313805282,0
13.76,13.701749,33.03,62.76145313805282,0
77.16,13.678722,33.03,62.40192304729078,0
65.95,13.641623,33.03,63.702433234531945,0
-24.14,13.636507,33.03,63.03967004989794,0
-10.55,13.561031,33.03,63.03967004989794,0
-33.15,13.610922,33.03,63.4428877022476,0
72.42,13.536725,33.03,63.51377803280167,0
-3.68,13.536725,33.03,62.048368229954285,0
-31.43,13.612201,33.03,62.88083968904996,0
117.53,13.672326,33.03,63.0158710167526,0
126.4,13.688956,33.03,64.13267497929586,0
241.96,13.655696,33.03,65.54387843269576,0
-205.93,13.671046,33.03,64.60650122085238,0
-269.42,13.662092,33.03,59.15234568468101,0
-14.0,13.788737,33.03,60.67124524847005,0
-2.88,14.107271,33.03,63.984373092185564,0
45.6,14.224962,33.03,62.27358990776106,0
110.66,14.2288,33.03,62.77738446287803,0
193.37,14.241592,33.03,60.778285596090974,0
67.41,14.236476,33.03,61.40846847137616,0
-207.82,14.224962,33.03,62.77738446287803,0
-292.75,14.222404,33.03,62.77738446287803,0
-118.24,14.226242,33.03,61.91122676865643,0
138.49,14.223683,33.03,60.53924347066124,0
27.49,14.210891,33.03,62.69768735766894,0
-54.64,14.218566,33.03,60.37383539249432,0
-52.33,14.187864,33.03,68.25686778632608,0
-63.58,14.231359,33.03,63.095166217389426,0
-38.22,14.184027,33.03,73.03423854604085,0
-99.21,14.185306,33.03,62.24949798994366,0
108.16,14.012607,33.03,60.778285596090974,0
67.19,13.946086,33.03,61.40846847137616,0
-68.84,13.8527,33.03,62.64982043070834,0
-243.42,13.83479,33.03,62.00806399170998,0
29.76,13.810485,33.03,62.976185975335156,0
6.85,13.809206,33.03,62.976185975335156,0
-18.24,13.804089,33.03,63.103090257134,0
80.98,13.774666,33.03,63.20601237224193,0
-0.52,13.83607,33.03,63.20601237224193,0
85.61,13.814322,33.03,63.20601237224193,0
25.83,13.833511,33.03,51.70106381884226,0
95.77,14.103434,33.03,59.62382074305537,0
77.36,14.216007,33.03,72.02083032012335,0
291.12,14.205773,33.03,64.53681120105021,0
696.02,14.131577,33.0,63.75735251718032,0
-592.79,14.072731,33.0,63.84355879804947,0
-304.48,13.987021,33.0,62.8728876384726,0
-695.48,13.728613,33.0,67.05221845696084,0
-21.36,13.356351,33.0,63.245553203367585,0
106.52,12.851714,33.0,63.245553203367585,0
168.59,12.61606,33.0,63.0,0
168.22,13.027979,33.0,63.0,0
-47.65,13.189164,33.03,62.81719509815764,0
-8.64,13.28255,33.03,63.0,0
-4.17,13.19684,33.03,62.81719509815764,0
52.08,13.168696,33.03,62.41794613730894,0
25.53,13.068915,33.0,63.3798075099633,0
-53.14,13.040771,33.0,63.608175575157006,0
40.37,13.031816,33.0,62.8728876384726,0
8.53,12.770849,33.0,62.71363488110062,0
-50.96,12.728634,33.0,63.592452382338585,0
29.74,12.566169,33.0,62.5939294181153,0
4.34,12.485577,33.0,62.5939294181153,0
-45.82,12.782524,33.0,62.849025449882674,0
29.52,12.936034,33.03,64.56779382943171,0
-6.5,12.60087,33.03,64.53681120105021,0
-58.34,12.856721,33.03,62.5859409132754,0
29.49,12.782524,33.03,62.65780079128216,0
12.55,12.44736,33.0,63.8200595424354,0
-55.48,12.405145,33.0,63.8200595424354,0
28.77,12.77229,33.0,63.914004725099176,0
0.43,12.701931,33.0,66.06814663663572,0
-8.82,12.701931,32.99,64.50581369148055,0
51.54,12.524116,32.99,60.93439094632849,0
119.62,12.516439,32.99,62.00806399170998,0
-9.44,12.63541,32.99,62.976185975335156,0
-234.73,12.489575,33.03,63.103090257134,0
-21.49,12.56761,33.03,63.0158710167526,0
82.73,12.588078,33.03,62.13694553162394,0
-62.27,12.419217,33.03,63.0158710167526,0
-29.93,12.44736,33.05,64.07027391856539,0
71.8,12.211978,33.05,105.61249926026748,0
-8.78,12.08917,33.05,60.207972893961475,0
70.4,12.970574,33.05,75.18643494673756,0
169.7,13.271037,33.0,58.855755878248644,0
-24.72,13.144391,33.0,62.76145313805282,0
-29.54,12.375561,33.0,101.96568050084302,0
-56.83,11.89984,33.0,59.94997914928745,0
-139.95,12.473768,33.0,44.955533585978046,0
-87.41,12.456315,33.0,59.88321968631947,0
129.76,12.597033,33.0,45.39823785126467,0
406.37,12.60087,33.0,112.1918000568669,0
-139.58,12.639248,33.03,38.48376280978771,0
-61.96,12.914287,33.03,66.10597552415364,0
-84.19,12.968016,33.03,89.00561780022652,0
-11.12,13.108733,33.03,52.61178575186362,0
-17.21,13.406637,33.03,39.11521443121589,0
166.32,13.340117,33.03,92.233399590387,0
85.71,13.428385,33.03,62.00806399170998,0
-46.69,13.464204,33.03,79.93122043357026,0
-119.76,13.489789,33.03,43.87482193696061,0
30.47,13.396675,33.03,93.02150289046077,0
-7.1,13.681948,33.03,65.37583651472461,0
17.44,13.876394,33.03,47.81213235152768,0
-39.53,13.71137,33.0,56.66568626602876,0
128.45,13.493898,33.0,74.90660852021001,0
-301.24,13.506691,33.0,68.09552114493287,0
-11.61,13.620543,33.0,38.63935817272331,0
-34.27,13.372369,33.03,78.94935085230277,0
75.15,13.149779,33.03,62.68971207462992,0
-83.53,12.851714,33.03,72.18725649309579,0
-27.8,12.352534,33.03,68.31544481301428,0
-6.0,12.933475,33.03,55.92852581643825,0
69.95,13.118967,33.03,61.78187436457395,0
130.21,13.517932,33.03,57.62811813689564,0
7.64,13.611589,33.03,63.071388124885914,0
-134.77,13.611589,33.03,73.41661937191061,0
-234.31,13.666597,33.03,79.60527620704548,0
-36.6,13.397954,33.03,46.10856753359401,0
145.83,13.518204,33.03,64.6297145282261,0
313.36,13.630778,33.0,54.378304497290095,0
-150.74,13.676831,33.0,59.715994507334464,0
21.51,13.649967,33.0,59.67411499134277,0
-133.46,13.602634,33.0,56.7626637852735,0
-51.56,13.597517,33.0,58.68560300448484,0
116.98,13.603913,33.0,75.61745830163825,0
62.27,13.624382,33.0,65.7875368135941,0
-7.48,13.625661,33.0,61.71709649683789,0
150.92,13.606472,33.0,56.938563381947034,0
-97.06,13.62822,33.0,57.175169435691224,0
-112.7,13.591121,33.0,62.03224967708329,0
-97.28,13.584725,33.0,58.63446085707619,0
21.85,13.597517,33.0,65.57438524302,0
59.82,13.54123,33.0,67.02984409947557,0
343.48,13.451683,33.0,68.00735254367721,0
-64.28,13.502852,33.0,61.69278726074872,0
-303.85,13.516925,32.99,55.31726674375732,0
-352.07,13.587283,32.99,75.93418202627852,0
165.5,13.656363,32.99,64.72248450113763,0
270.54,13.689624,32.99,65.87108622149782,0
-71.61,13.713929,33.0,82.42572413997951,0
-160.5,13.72928,33.0,71.17583859709698,0
69.01,12.850434,33.0,48.104053883222775,0
-61.51,12.546981,33.0,53.03772242470448,0
201.79,12.978088,33.0,75.69676347110224,0
-576.57,13.075312,33.0,69.476614770727,0
421.96,13.099617,33.0,60.340699366182356,0
187.17,13.024141,33.0,68.1248853210044,0
77.59,13.11241,32.99,55.04543577809154,0
21.88,13.365702,32.99,52.73518749374084,0
78.17,13.451411,32.99,63.54525946126902,0
242.57,13.342674,32.99,47.54997371187496,0
264.79,12.384516,32.99,68.5638388656878,0
459.19,11.851229,32.99,59.70762095411272,0
-500.15,11.483627,32.99,64.45153217728807,0
-286.88,11.453876,32.99,61.59545437773797,0
-162.84,11.393751,32.99,65.03076195155643,0
-103.69,11.375841,32.99,85.59205570612264,0
-6.54,11.989882,32.99,51.45872132107443,0
-60.49,12.124533,32.99,73.79024325749306,0
82.82,12.125812,32.99,34.79942528261063,0
293.13,12.056732,32.99,136.52106064633398,0
-114.59,12.208963,32.99,65.19202405202648,0
3.17,12.349681,32.99,63.190189111918315,0
-63.15,12.36887,32.97,62.94441992742486,0
189.46,12.371428,32.97,62.8887907341205,0
-120.53,12.362473,32.97,64.95382975621992,0
-4.06,12.359915,32.97,86.3365507765975,0
-31.46,12.53901,32.97,58.008620049092706,0
-27.01,12.547142,32.97,62.161081071680215,0
-19.03,12.525394,32.97,89.1010662113535,0
56.0,12.39619,32.97,29.816103031751148,0
-105.05,12.205582,32.99,93.22016949137134,0
-124.66,12.319435,32.99,77.110310594628,0
37.92,11.851229,32.99,55.362442142665635,0
125.44,11.349306,32.99,74.2563128629479,0
-280.87,10.850069,32.99,66.82813778641449,0
-168.61,10.421085,32.99,63.20601237224193,0
174.2,11.093284,32.99,49.90991885387112,0
118.13,11.622303,32.99,81.19729059519166,0
44.93,12.122924,32.99,64.28841264178172,0
471.7,12.610648,32.99,61.39218191268331,0
-125.71,12.808109,32.99,64.59876159803684,0
-205.97,12.575285,32.99,63.686733312362634,0
54.08,12.456315,32.99,63.57672530100933,0
-11.07,12.306643,32.99,62.77738446287803,0
25.69,12.529232,32.99,62.72160712226688,0
5.95,12.599591,32.99,62.77738446287803,0
17.77,12.632852,33.0,62.77738446287803,0
-79.38,12.637969,33.0,62.72160712226688,0
67.41,12.644365,33.0,62.72160712226688,0
43.16,12.666112,33.0,62.72160712226688,0
-75.74,12.699372,32.99,62.313722405261586,0
57.47,12.695535,32.99,62.72160712226688,0
14.41,12.701931,32.99,62.77738446287803,0
79.62,12.68786,32.99,62.77738446287803,0
-5.62,12.700652,32.99,62.72160712226688,0
-56.05,12.668671,32.99,62.313722405261586,0
51.48,12.659716,32.99,62.369864518050704,0
-16.29,12.641807,32.99,62.72160712226688,0
2.68,12.649482,32.99,62.313722405261586,0
37.16,12.657157,32.99,62.313722405261586,0
-13.02,12.623897,32.99,63.229739838148944,0
64.05,12.657157,32.99,62.313722405261586,0
28.41,12.653319,33.0,63.229739838148944,0
-16.8,12.718561,33.0,63.28506932918696,0
106.51,12.765894,33.0,63.229739838148944,0
12.93,12.782524,33.0,62.313722405261586,0
62.76,12.764614,32.99,62.313722405261586,0
57.66,12.778687,32.99,62.313722405261586,0
-75.81,12.773569,32.99,59.941638282582836,0
-134.03,12.84137,32.99,62.69768735766894,0
-55.74,12.84137,32.99,63.694583757176716,0
20.47,12.837532,32.99,62.056425936400814,0
112.44,12.783803,32.99,62.42595614005443,0
-137.84,12.82346,32.99,63.37191807101944,0
-123.76,12.826018,33.0,63.37191807101944,0
-15.04,12.827298,33.0,63.31666447310692,0
4.52,12.834973,33.0,62.69768735766894,0
12.13,12.836252,33.0,62.69768735766894,0
20.31,12.832415,33.03,62.69768735766894,0
-1.1,12.82346,33.03,62.75348595894893,0
29.55,12.827298,33.03,62.69768735766894,0
12.92,12.815784,33.03,62.75348595894893,0
-9.9,12.808109,33.0,62.69768735766894,0
21.65,12.810668,33.0,62.75348595894893,0
-1.15,12.815784,33.0,62.69768735766894,0
-26.9,12.818343,33.0,62.69768735766894,0
21.0,12.82346,33.0,63.37191807101944,0
4.82,12.819622,33.0,62.71363488110062,0
-24.94,12.843928,33.0,62.489999199871974,0
19.45,12.882306,33.0,64.01562309311689,0
26.59,12.877189,32.99,64.26507605223851,0
21.3,12.87591,32.99,63.4428877022476,0
-45.99,12.850325,32.99,63.13477647065839,0
-71.63,12.842649,32.99,64.01562309311689,0
-37.28,12.858,33.0,64.01562309311689,0
-87.2,12.873351,33.0,63.06346010171025,0
140.22,12.840091,33.0,63.13477647065839,0
113.75,12.863117,33.0,63.06346010171025,0
6.92,12.855441,33.0,63.13477647065839,0
-72.3,12.845207,33.0,63.06346010171025,0
3.83,12.846487,33.0,63.06346010171025,0
7.48,12.854162,33.0,63.06346010171025,0
12.82,12.850325,33.0,63.13477647065839,0
4.38,12.836252,33.0,63.06346010171025,0
-11.97,12.82346,33.0,63.37191807101944,0
8.03,12.828577,33.0,62.185207244167,0
4.18,12.854162,33.0,63.06346010171025,0
-11.26,12.84137,33.0,63.13477647065839,0
2.74,12.851604,33.0,62.112800613078136,0
3.06,12.832415,33.0,62.112800613078136,0
-9.84,12.854162,33.0,63.06346010171025,0
8.88,12.864396,33.0,62.42595614005443,0
-2.27,12.859279,33.0,62.112800613078136,0
-8.48,12.852882,33.0,63.4428877022476,0
8.36,12.854162,33.0,63.37191807101944,0
-6.69,12.850325,33.0,63.06346010171025,0
-13.51,12.845207,33.0,63.37191807101944,0
9.22,12.846487,33.0,62.42595614005443,0
-0.08,12.832415,33.03,62.49799996799898,0
-16.79,12.858,33.03,63.4428877022476,0
9.02,12.842649,33.03,62.112800613078136,0
10.2,12.852882,33.03,63.06346010171025,0
-4.57,12.831136,32.99,63.06346010171025,0
29.07,12.850325,32.99,63.37191807101944,0
19.32,12.843928,32.99,63.37191807101944,0
-18.55,12.832415,32.99,63.37191807101944,0
-15.63,12.819622,33.03,63.37191807101944,0
-8.14,12.837532,33.03,62.42595614005443,0
12.94,12.837532,33.03,62.112800613078136,0
16.53,12.826018,33.03,63.37191807101944,0
-31.31,12.840091,33.03,63.06346010171025,0
1.06,12.834973,33.03,63.37191807101944,0
6.58,12.842649,33.03,62.465990746965666,0
-22.54,12.847766,33.03,63.0,0
-2.28,12.850325,33.0,65.0,0
-1.43,12.719841,33.0,63.631753079732135,0
-16.02,12.680184,33.0,65.06919393998976,0
-86.33,12.639248,33.0,65.55913361233506,0
-156.91,12.672508,33.03,64.28841264178172,0
-9.23,12.759498,33.03,63.229739838148944,0
30.3,12.745426,33.03,62.0644825967316,0
-20.28,12.694256,33.03,62.30569797378086,0
73.04,12.423055,33.05,76.19055059520177,0
79.07,12.58552,33.05,33.12099032335839,0
41.28,12.565051,33.05,73.824115301167,0
145.08,12.881026,33.05,64.22616289332565,0
127.14,12.884864,33.03,62.96824596572466,0
11.96,12.901494,33.03,63.00793600809346,0
-44.7,12.87591,33.03,62.96824596572466,0
-14.94,12.895098,33.03,62.96824596572466,0
16.18,12.89126,33.03,62.96824596572466,0
2.67,12.888701,33.03,62.71363488110062,0
-32.58,12.814506,33.03,63.96092557178953,0
-22.09,12.84137,33.03,62.67375846396959,0
-34.82,12.851604,33.0,62.71363488110062,0
-45.7,12.84137,33.0,62.67375846396959,0
3.9,12.850325,33.0,62.96824596572466,0
-42.45,12.838811,33.0,62.71363488110062,0
7.79,12.845207,33.03,63.671029518926424,0
3.53,12.828577,33.03,62.67375846396959,0
-20.55,12.847766,33.03,62.67375846396959,0
37.78,12.843928,33.03,62.67375846396959,0
5.63,12.842649,33.0,62.71363488110062,0
-28.79,12.845207,33.0,62.71363488110062,0
34.33,12.834973,33.0,62.39390995922599,0
25.97,12.849045,33.0,62.67375846396959,0
7.89,12.840091,33.03,63.35613624582863,0
26.65,12.860559,33.03,62.71363488110062,0
167.19,12.836252,33.03,62.433965115151864,0
-52.53,12.837532,33.03,63.39558344238185,0
-99.59,12.822181,33.03,62.39390995922599,0
-56.5,12.842649,33.03,62.433965115151864,0
0.63,12.837532,33.03,63.35613624582863,0
29.46,12.833694,33.03,63.35613624582863,0
-12.68,12.829856,33.0,62.67375846396959,0
-25.48,12.819622,33.0,62.39390995922599,0
-28.69,12.829856,33.0,62.39390995922599,0
-10.68,12.820902,33.0,62.39390995922599,0
-3.51,12.831136,33.0,63.35613624582863,0
-11.7,12.833694,33.0,63.35613624582863,0
-9.61,12.829856,33.0,63.35613624582863,0
3.0,12.817064,33.0,62.433965115151864,0
-8.42,12.84137,33.0,62.39390995922599,0
2.87,12.833694,33.0,63.631753079732135,0
8.5,12.820902,33.0,62.39390995922599,0
-2.7,12.831136,33.0,63.35613624582863,0
6.58,12.827298,33.0,63.631753079732135,0
6.03,12.831136,33.0,63.39558344238185,0
-2.42,12.828577,33.0,63.39558344238185,0
10.08,12.831136,33.0,63.35613624582863,0
24.54,12.828577,33.0,62.39390995922599,0
8.18,12.820902,33.0,62.16912416947821,0
-16.76,12.815784,33.0,63.631753079732135,0
1.63,12.819622,33.0,63.631753079732135,0
25.05,12.826018,33.03,62.433965115151864,0
1.76,12.82346,33.03,62.67375846396959,0
-24.92,12.824739,33.03,63.35613624582863,0
-26.2,12.82346,33.03,62.39390995922599,0
-9.6,12.827298,33.0,63.35613624582863,0
6.26,12.82346,33.0,62.433965115151864,0
-0.81,12.826018,33.0,63.39558344238185,0
1.67,12.82346,33.0,62.433965115151864,0
-1.01,12.814506,32.99,62.71363488110062,0
-0.54,12.819622,32.99,62.39390995922599,0
4.01,12.815784,32.99,63.35613624582863,0
-2.5,12.82346,32.99,62.433965115151864,0
2.4,12.811947,32.99,62.433965115151864,0
8.64,12.831136,32.99,63.35613624582863,0
-1.96,12.822181,32.99,62.433965115151864,0
7.71,12.827298,32.99,62.39390995922599,0
3.88,12.820902,32.99,62.433965115151864,0
-5.82,12.822181,32.99,63.35613624582863,0
3.21,12.818343,32.99,61.47357155721473,0
9.79,12.826018,32.99,62.489999199871974,0
8.41,12.804272,32.99,62.8887907341205,0
16.7,12.811947,32.99,63.095166217389426,0
56.43,12.820902,32.99,63.095166217389426,0
-47.48,12.796596,32.99,63.13477647065839,0
-5.46,12.801713,32.99,62.39390995922599,0
-16.1,12.794037,32.99,63.095166217389426,0
8.98,12.804272,32.99,63.13477647065839,0
2.74,12.796596,32.99,63.095166217389426,0
-12.33,12.787641,32.99,63.13477647065839,0
2.93,12.800433,32.99,63.13477647065839,0
-5.78,12.794037,32.99,63.095166217389426,0
-7.5,12.77229,32.99,63.39558344238185,0
4.04,12.774849,32.97,63.095166217389426,0
3.37,12.777407,32.97,63.13477647065839,0
-10.83,12.762056,32.97,63.13477647065839,0
5.08,12.768453,32.97,63.095166217389426,0
5.63,12.760777,33.0,62.12889826803627,0
-9.13,12.787641,33.0,63.13477647065839,0
5.76,12.698093,33.0,62.849025449882674,0
-7.8,12.744146,33.0,62.8887907341205,0
-2.9,12.745426,32.99,62.8887907341205,0
17.38,12.767173,32.99,63.8200595424354,0
-10.11,12.745426,32.99,64.35837163881635,0
-15.94,12.774849,32.99,62.8887907341205,0
19.66,12.767173,32.99,61.91930232165088,0
28.75,12.745426,32.99,62.8887907341205,0
-2.76,12.762056,32.99,62.8887907341205,0
-24.96,12.749264,32.99,63.13477647065839,0
5.42,12.773569,32.99,63.13477647065839,0
-13.79,12.767173,32.99,63.13477647065839,0
-37.77,12.77101,32.99,63.13477647065839,0
42.29,12.765894,32.99,63.35613624582863,0
-31.98,12.759498,33.0,62.39390995922599,0
32.37,12.731354,33.0,62.433965115151864,0
5.77,12.730075,33.0,63.35613624582863,0
-19.09,12.728795,33.0,63.35613624582863,0
-21.46,12.727516,32.99,63.35613624582863,0
-6.21,12.731354,32.99,62.39390995922599,0
16.92,12.73775,32.99,63.35613624582863,0
12.88,12.736471,32.99,63.095166217389426,0
-3.39,12.727516,32.97,63.35613624582863,0
10.97,12.749264,32.97,63.095166217389426,0
-5.79,12.728795,32.97,63.13477647065839,0
-15.45,12.733912,32.97,63.13477647065839,0
10.5,12.699372,32.99,62.39390995922599,0
6.21,12.740309,32.99,63.35613624582863,0
-6.23,12.724957,32.99,63.35613624582863,0
14.45,12.718561,32.99,63.35613624582863,0
19.06,12.714724,32.99,63.39558344238185,0
-30.18,12.716003,32.99,63.095166217389426,0
6.08,12.712165,32.99,62.39390995922599,0
9.93,12.699372,32.99,62.433965115151864,0
-9.33,12.703211,33.0,62.39390995922599,0
-8.21,12.691697,33.0,62.39390995922599,0
0.42,12.698093,33.0,63.35613624582863,0
-5.22,12.668671,33.0,63.13477647065839,0
-10.85,12.70449,32.99,63.095166217389426,0
22.26,12.708327,32.99,62.39390995922599,0
46.43,12.707048,32.99,62.16912416947821,0
22.32,12.699372,32.99,63.095166217389426,0
-17.44,12.699372,32.97,62.39390995922599,0
-37.01,12.708327,32.97,63.35613624582863,0
-30.78,12.700652,32.97,62.16912416947821,0
14.92,12.705769,32.97,63.095166217389426,0
9.25,12.698093,32.97,65.32227797620043,0
0.76,12.709607,32.97,62.16912416947821,0
14.79,12.662274,32.97,62.16912416947821,0
-10.67,12.699372,32.97,63.35613624582863,0
-12.37,12.675067,32.99,63.35613624582863,0
-49.75,12.696815,32.99,63.35613624582863,0
-10.94,12.666112,32.99,62.16912416947821,0
-8.26,12.684022,32.99,62.12889826803627,0
20.44,12.676346,32.99,63.35613624582863,0
-7.89,12.667392,32.99,63.35613624582863,0
9.43,12.664833,32.99,63.35613624582863,0
9.11,12.666112,32.99,63.13477647065839,0
-19.55,12.662274,32.97,63.35613624582863,0
14.3,12.630293,32.97,63.35613624582863,0
10.98,12.65204,32.97,63.35613624582863,0
-23.89,12.639248,32.97,61.53048025166064,0
14.4,12.691697,32.97,67.3721010508059,0
-4.61,12.462711,32.97,46.62617290749907,0
-21.63,12.245238,32.97,65.00769185258002,0
-11.64,12.090449,32.97,66.47555941848101,0
-138.56,12.374443,32.99,65.23802572120036,0
235.5,12.653319,32.99,64.25729530566937,0
-107.33,12.722399,32.99,63.85922016435841,0
63.08,12.700652,32.99,61.59545437773797,0
163.91,12.639248,32.99,65.70388116390082,0
21.91,12.695535,32.99,61.886993787063204,0
-88.59,12.703211,32.99,64.25729530566937,0
-15.08,12.699372,32.99,63.03967004989794,0
46.26,12.696815,32.99,64.02343321003646,0
-22.76,12.695535,32.99,63.03967004989794,0
-21.08,12.680184,32.99,62.8728876384726,0
-24.67,12.685301,32.99,63.03967004989794,0
-17.71,12.68786,32.99,62.928530890209096,0
7.8,12.691697,32.99,62.928530890209096,0
-14.18,12.599591,32.99,62.928530890209096,0
-2.27,12.629014,32.99,62.928530890209096,0
-8.16,12.649482,32.99,62.928530890209096,0
-32.88,12.678905,32.99,63.914004725099176,0
23.0,12.663553,32.99,62.77738446287803,0
6.73,12.672508,32.99,63.914004725099176,0
6.44,12.680184,32.97,61.78996682310163,0
23.21,12.68658,32.97,62.928530890209096,0
7.04,12.682742,32.97,62.8728876384726,0
2.45,12.684022,32.97,62.8728876384726,0
3.2,12.677626,32.97,62.928530890209096,0
-31.36,12.663553,32.97,62.8728876384726,0
-9.58,12.646923,32.97,62.928530890209096,0
-4.7,12.65204,32.97,62.928530890209096,0
-8.94,12.66995,32.99,62.928530890209096,0
42.8,12.659716,32.99,62.8728876384726,0
-1.74,12.659716,32.99,62.928530890209096,0
-5.15,12.643085,32.99,62.928530890209096,0
10.31,12.649482,33.0,62.928530890209096,0
-28.19,12.630293,33.0,62.928530890209096,0
16.04,12.654599,33.0,62.928530890209096,0
13.23,12.649482,33.0,62.928530890209096,0
-29.66,12.641807,32.99,62.928530890209096,0
20.29,12.623897,32.99,62.928530890209096,0
5.46,12.644365,32.99,62.928530890209096,0
-31.49,12.639248,32.99,62.928530890209096,0
18.62,12.636689,32.99,62.928530890209096,0
7.51,12.649482,32.99,62.928530890209096,0
-35.26,12.627734,32.99,62.8728876384726,0
15.12,12.631573,32.99,62.928530890209096,0
7.95,12.614943,32.97,62.8728876384726,0
-35.43,12.644365,32.97,62.8728876384726,0
17.43,12.61878,32.97,62.928530890209096,0
13.88,12.622618,32.97,63.914004725099176,0
-28.05,12.589357,32.97,62.928530890209096,0
13.36,12.631573,32.97,62.928530890209096,0
11.78,12.614943,32.97,61.94352266379432,0
-24.45,12.612384,32.97,62.928530890209096,0
12.84,12.609825,32.99,63.0,0
7.68,12.598311,32.99,63.631753079732135,0
-18.53,12.604708,32.99,62.77738446287803,0
17.08,12.61878,32.99,63.76519426771944,0
12.16,12.609825,32.99,62.77738446287803,0
-52.69,12.594474,32.99,62.77738446287803,0
19.17,12.597033,32.99,63.76519426771944,0
-8.31,12.56761,32.99,62.77738446287803,0
-23.9,12.589357,32.99,62.77738446287803,0
17.66,12.572727,32.99,62.77738446287803,0
6.98,12.582961,32.99,62.77738446287803,0
0.03,12.570168,32.99,62.77738446287803,0
12.52,12.579123,32.99,62.77738446287803,0
-16.04,12.56761,32.99,62.77738446287803,0
10.91,12.575285,32.99,62.77738446287803,0
8.05,12.571447,32.99,62.77738446287803,0
-30.94,12.58552,32.99,62.77738446287803,0
16.41,12.580402,32.99,62.77738446287803,0
3.58,12.563772,32.99,63.76519426771944,0
-9.93,12.580402,32.99,62.77738446287803,0
22.66,12.580402,32.99,62.77738446287803,0
1.77,12.576565,32.99,62.77738446287803,0
-34.28,12.561213,32.99,62.77738446287803,0
20.63,12.56761,32.99,62.77738446287803,0
12.85,12.554817,32.99,62.77738446287803,0
-31.01,12.580402,32.99,62.77738446287803,0
11.18,12.572727,32.99,62.77738446287803,0
20.29,12.566331,32.99,62.77738446287803,0
-8.69,12.542025,32.99,62.77738446287803,0
-14.99,12.545862,32.99,62.77738446287803,0
17.25,12.558655,32.99,62.77738446287803,0
6.08,12.557376,32.99,62.928530890209096,0
-35.89,12.553538,33.0,62.77738446287803,0
18.74,12.554817,33.0,63.76519426771944,0
10.58,12.548421,33.0,63.76519426771944,0
-28.3,12.55098,33.0,62.928530890209096,0
12.68,12.544583,32.99,62.77738446287803,0
17.88,12.530512,32.99,62.928530890209096,0
-21.95,12.538187,32.99,63.914004725099176,0
8.07,12.527953,32.99,62.77738446287803,0
10.83,12.515161,32.99,62.77738446287803,0
-38.1,12.535628,32.99,63.76519426771944,0
-66.39,12.443522,32.99,63.76519426771944,0
78.62,12.479342,32.99,62.77738446287803,0
74.75,12.494693,33.0,62.77738446287803,0
-5.35,12.512602,33.0,62.77738446287803,0
1.81,12.513882,33.0,62.928530890209096,0
-20.36,12.511323,33.0,62.928530890209096,0
-4.27,12.517719,33.0,62.928530890209096,0
22.96,12.527953,33.0,62.928530890209096,0
-12.0,12.522836,33.0,62.77738446287803,0
2.3,12.495972,33.0,62.77738446287803,0
7.78,12.512602,32.99,62.928530890209096,0
-20.81,12.522836,32.99,62.77738446287803,0
6.61,12.506206,32.99,62.77738446287803,0
5.2,12.502368,32.99,62.52199612936234,0
-32.79,12.503647,33.0,63.7102817447859,0
10.17,12.504927,33.0,62.77738446287803,0
3.52,12.504927,33.0,62.77738446287803,0
-17.99,12.522836,33.0,62.928530890209096,0
14.32,12.506206,32.99,62.77738446287803,0
-4.74,12.529232,32.99,62.928530890209096,0
11.83,12.485738,32.99,62.77738446287803,0
-18.81,12.506206,32.99,62.849025449882674,0
-6.88,12.49853,33.0,62.77738446287803,0
-35.98,12.522836,33.0,62.77738446287803,0
23.58,12.515161,33.0,63.76519426771944,0
18.3,12.516439,33.0,63.76519426771944,0
-26.97,12.515161,32.99,62.77738446287803,0
19.42,12.516439,32.99,62.77738446287803,0
7.96,12.508764,32.99,62.928530890209096,0
-26.26,12.495972,32.99,62.77738446287803,0
14.02,12.501089,33.0,62.849025449882674,0
19.56,12.46527,33.0,63.631753079732135,0
-28.2,12.490854,33.0,63.76519426771944,0
14.49,12.471666,33.0,63.835726674018524,0
4.42,12.48062,33.0,62.849025449882674,0
-46.51,12.467828,33.0,63.76519426771944,0
29.54,12.474224,33.0,62.849025449882674,0
22.5,12.458874,33.0,62.77738446287803,0
-36.9,12.471666,33.0,62.77738446287803,0
17.62,12.449919,33.0,62.77738446287803,0
14.83,12.471666,33.0,62.77738446287803,0
-38.35,12.470387,33.0,60.876925020897694,0
24.25,12.451198,33.0,63.702433234531945,0
17.99,12.476783,33.0,63.51377803280167,0
-29.83,12.48062,33.0,63.702433234531945,0
34.51,12.484459,33.0,62.71363488110062,0
18.33,12.478063,33.0,62.71363488110062,0
-61.02,12.489575,33.0,63.702433234531945,0
8.59,12.478063,33.0,62.71363488110062,0
36.18,12.471666,33.0,62.71363488110062,0
-6.25,12.472945,33.0,62.71363488110062,0
8.47,12.470387,33.0,63.702433234531945,0
19.86,12.452477,33.0,63.702433234531945,0
-16.06,12.456315,33.0,62.71363488110062,0
-5.83,12.451198,32.99,62.71363488110062,0
22.34,12.472945,32.99,62.71363488110062,0
-16.18,12.443522,32.99,62.71363488110062,0
3.71,12.466549,32.99,62.71363488110062,0
14.05,12.458874,33.0,62.71363488110062,0
-27.56,12.451198,33.0,62.80127387243033,0
17.02,12.452477,33.0,63.702433234531945,0
17.53,12.46399,33.0,62.928530890209096,0
-40.34,12.475504,33.0,63.76519426771944,0
-9.21,12.449919,33.0,62.77738446287803,0
-45.38,12.429451,33.0,63.095166217389426,0
96.47,12.426892,33.0,62.928530890209096,0
-22.19,12.43073,33.0,63.095166217389426,0
-52.71,12.408982,33.0,63.095166217389426,0
-19.58,12.420496,33.0,63.095166217389426,0
50.18,12.407703,33.0,62.928530890209096,0
7.25,12.416658,32.99,63.095166217389426,0
-36.17,12.415379,32.99,63.095166217389426,0
21.98,12.417937,32.99,62.928530890209096,0
-5.83,12.412821,32.99,62.928530890209096,0
-28.7,12.415379,33.0,62.928530890209096,0
15.47,12.388515,33.0,63.0,0
-2.5,12.392352,33.0,63.984373092185564,0
-7.82,12.393632,33.0,63.0,0
11.82,12.374443,32.99,63.914004725099176,0
-30.61,12.403866,32.99,62.928530890209096,0
15.39,12.31048,32.99,63.76519426771944,0
23.84,12.356533,32.99,63.0,0
-37.11,12.355254,32.99,63.984373092185564,0
27.13,12.357813,32.99,63.0,0
31.38,12.357813,32.99,63.835726674018524,0
-33.15,12.365488,32.99,63.0,0
19.19,12.346299,33.0,62.849025449882674,0
19.9,12.368047,33.0,63.0,0
-25.43,12.382118,33.0,63.0,0
-13.34,12.359092,33.0,63.984373092185564,0
28.38,12.365488,33.0,62.849025449882674,0
0.25,12.36165,33.0,62.849025449882674,0
-41.95,12.352695,33.0,63.0,0
19.72,12.34374,33.0,63.0,0
10.77,12.346299,33.0,63.0,0
-39.77,12.350137,33.0,62.849025449882674,0
24.68,12.334786,33.0,63.0,0
8.2,12.323273,33.0,63.0,0
-47.41,12.329669,32.99,63.0,0
14.35,12.337344,32.99,63.0,0
15.33,12.337344,32.99,63.0,0
-38.69,12.341183,32.99,61.862751312886175,0
22.37,12.339903,33.0,63.984373092185564,0
14.05,12.341183,33.0,63.0,0
-41.49,12.360371,33.0,63.984373092185564,0
24.06,12.348858,33.0,63.0,0
10.89,12.34502,33.0,63.0,0
-39.47,12.341183,33.0,63.08724118235002,0
24.68,12.302805,33.0,63.08724118235002,0
1.26,12.315598,33.0,63.835726674018524,0
-20.77,12.334786,32.97,63.0,0
22.88,12.353975,32.97,63.0,0
-12.18,12.323273,32.97,63.0,0
-11.72,12.32839,32.97,63.914004725099176,0
14.52,12.315598,32.99,63.0,0
-23.38,12.353975,32.99,62.849025449882674,0
20.63,12.34374,32.99,62.849025449882674,0
54.07,12.353975,32.99,64.1482657598785,0
-6.71,12.350137,32.97,62.849025449882674,0
6.05,12.332228,32.97,63.166446789415026,0
9.13,12.357813,32.97,63.095166217389426,0
-29.18,12.356533,32.97,63.984373092185564,0
10.26,12.357813,32.99,63.0,0
6.21,12.336065,32.99,64.1482657598785,0
-18.22,12.338624,32.99,63.0,0
-4.34,12.321994,32.99,63.166446789415026,0
16.61,12.332228,33.0,62.849025449882674,0
-4.89,12.332228,33.0,63.166446789415026,0
-8.09,12.336065,33.0,63.0,0
22.01,12.329669,33.0,63.0,0
-10.78,12.313039,32.99,63.0,0
-13.01,12.34374,32.99,63.0,0
8.7,12.313039,32.99,63.0,0
-38.83,12.319435,32.99,63.0,0
6.36,12.305364,32.97,63.0,0
29.2,12.329669,32.97,62.01612693485461,0
-5.4,12.300246,32.97,63.0,0
25.47,12.321994,32.97,63.0,0
23.5,12.336065,33.0,63.0,0
-37.36,12.32711,33.0,63.0,0
20.41,12.320714,33.0,63.0,0
8.02,12.301525,33.0,63.0,0
-32.27,12.332228,32.99,62.112800613078136,0
27.95,12.32839,32.99,62.928530890209096,0
22.92,12.32711,32.99,62.928530890209096,0
-44.34,12.31176,32.99,63.0,0
24.8,12.321994,33.0,62.928530890209096,0
-18.26,12.316876,33.0,62.928530890209096,0
-20.05,12.32839,33.0,61.94352266379432,0
10.99,12.339903,33.0,62.928530890209096,0
-10.88,12.329669,32.97,62.928530890209096,0
-15.75,12.324552,32.97,63.0,0
18.6,12.287454,32.97,62.928530890209096,0
-1.21,12.314318,32.97,62.928530890209096,0
-6.98,12.297688,32.99,62.928530890209096,0
18.1,12.324552,32.99,61.72519744804386,0
-11.03,12.291291,32.99,62.849025449882674,0
-3.71,12.301525,32.99,62.928530890209096,0
6.51,12.298967,32.99,63.0,0
-52.28,12.302805,32.99,62.849025449882674,0
33.95,12.213257,32.99,62.849025449882674,0
51.0,12.251635,32.99,62.849025449882674,0
-31.72,12.269545,32.99,62.849025449882674,0
15.06,12.243959,32.99,62.849025449882674,0
17.17,12.270823,32.99,62.849025449882674,0
-33.5,12.252914,32.99,63.0,0
17.25,12.275941,32.99,63.835726674018524,0
0.13,12.274661,32.99,62.849025449882674,0
-13.93,12.27722,32.99,63.0,0
12.53,12.272102,32.99,62.849025449882674,0
-19.88,12.261868,32.99,62.849025449882674,0
7.76,12.291291,32.99,62.849025449882674,0
27.76,12.266986,32.99,63.835726674018524,0
-27.69,12.275941,32.99,63.984373092185564,0
23.25,12.256752,32.99,62.849025449882674,0
21.81,12.263148,32.99,63.0,0
-41.23,12.26059,32.99,62.849025449882674,0
18.09,12.26059,32.99,63.0,0
25.24,12.25931,32.99,63.0,0
-24.15,12.246518,32.99,63.0,0
3.45,12.254193,32.99,62.849025449882674,0
28.08,12.231167,32.99,63.0,0
-4.95,12.254193,32.99,61.862751312886175,0
-28.64,12.251635,32.99,63.984373092185564,0
22.75,12.252914,32.99,62.849025449882674,0
-4.62,12.231167,32.99,63.0,0
-15.73,12.233726,32.99,62.849025449882674,0
10.97,12.254193,32.99,63.984373092185564,0
-8.36,12.226049,32.99,62.849025449882674,0
-7.81,12.236283,32.99,62.849025449882674,0
15.2,12.214537,33.0,62.849025449882674,0
-18.72,12.241401,33.0,62.849025449882674,0
16.16,12.238842,33.0,62.849025449882674,0
12.51,12.238842,33.0,63.835726674018524,0
-34.01,12.232446,33.03,62.849025449882674,0
21.47,12.235004,33.03,62.849025449882674,0
9.79,12.213257,33.03,63.984373092185564,0
-53.3,12.219653,33.03,63.0,0
23.31,12.243959,32.99,62.849025449882674,0
7.67,12.220933,32.99,62.849025449882674,0
-37.64,12.229887,32.99,62.849025449882674,0
27.44,12.224771,32.99,62.849025449882674,0
0.73,12.229887,33.0,63.835726674018524,0
-16.03,12.226049,33.0,62.849025449882674,0
14.8,12.228608,33.0,63.984373092185564,0
-13.42,12.228608,33.0,62.849025449882674,0
-3.06,12.211978,33.0,62.849025449882674,0
26.93,12.197906,33.0,62.77738446287803,0
-20.78,12.204303,33.0,60.876925020897694,0
7.66,12.246518,33.0,65.37583651472461,0
27.23,12.204303,33.0,63.095166217389426,0
-10.58,12.223491,33.0,64.66065264130884,0
-2.05,12.199185,33.0,62.297672508690084,0
21.22,12.199185,33.0,62.49799996799898,0
-1.03,12.183834,33.0,63.54525946126902,0
-62.45,12.169763,33.0,63.75735251718032,0
43.62,12.164645,33.0,62.49799996799898,0
9.1,12.165925,33.0,62.78534860936905,0
-36.98,12.144177,32.99,62.49799996799898,0
17.84,12.144177,32.99,62.49799996799898,0
2.46,12.149295,32.99,62.49799996799898,0
2.89,12.136502,32.99,62.56996084384263,0
14.32,12.165925,33.0,62.56996084384263,0
-30.8,12.162087,33.0,62.49799996799898,0
23.89,12.158249,33.0,63.54525946126902,0
24.52,12.150574,33.0,62.56996084384263,0
-45.69,12.15697,33.0,62.78534860936905,0
24.48,12.171041,33.0,62.49799996799898,0
18.79,12.145457,33.0,62.49799996799898,0
-42.25,12.127547,33.0,62.49799996799898,0
27.38,12.148015,33.0,62.56996084384263,0
24.26,12.155691,33.0,62.56996084384263,0
-32.66,12.12371,33.0,62.56996084384263,0
16.11,12.130106,33.0,62.49799996799898,0
24.62,12.116035,32.99,63.686733312362634,0
-18.32,12.141619,32.99,62.369864518050704,0
5.9,12.114755,32.99,62.49799996799898,0
21.42,12.121151,32.99,62.49799996799898,0
-29.72,12.117313,33.0,62.71363488110062,0
-22.25,12.110917,33.0,62.49799996799898,0
33.8,12.016253,33.0,63.686733312362634,0
-8.91,12.098125,33.0,63.686733312362634,0
-34.89,12.093007,33.0,62.49799996799898,0
-22.37,12.081494,33.0,63.474404290233394,0
-3.32,12.08917,33.0,62.49799996799898,0
95.05,12.078936,33.0,62.71363488110062,0
23.66,12.086612,33.0,62.71363488110062,0
-26.7,12.10708,33.0,62.71363488110062,0
14.41,12.100683,33.0,62.71363488110062,0
19.97,12.095566,33.0,62.49799996799898,0
-26.62,12.094287,33.0,62.49799996799898,0
25.42,12.072539,33.0,62.49799996799898,0
-0.26,12.073819,33.0,62.49799996799898,0
-34.9,12.061027,33.0,62.49799996799898,0
14.03,12.062305,32.99,62.49799996799898,0
-18.74,12.091728,32.99,63.474404290233394,0
19.29,12.044396,32.99,62.49799996799898,0
21.51,12.069981,32.99,62.49799996799898,0
-48.04,12.049513,32.99,62.49799996799898,0
36.07,12.078936,32.99,62.49799996799898,0
15.5,12.059747,32.99,62.49799996799898,0
-55.08,12.062305,32.99,62.49799996799898,0
33.94,12.03672,33.0,62.49799996799898,0
20.4,12.034162,33.0,63.474404290233394,0
-32.09,12.034162,33.0,62.49799996799898,0
14.07,12.035441,33.0,64.66065264130884,0
26.3,12.045675,33.0,78.12809993849844,0
-14.27,12.030324,33.0,56.22277118748239,0
-24.65,12.062305,33.0,64.389440128021,0
21.39,12.164645,33.0,60.315835400000886,0
-8.58,11.851229,32.99,66.9776081985614,0
12.14,11.350586,32.99,82.04267182387468,0
-31.16,10.850069,32.99,55.65069631190611,0
-192.52,10.941741,32.99,58.47221562417487,0
-43.03,11.426578,32.99,61.7980582219215,0
129.33,11.499495,32.99,63.13477647065839,0
577.6,11.71996,32.99,65.64297372910524,0
-246.96,11.786481,32.99,61.1228271597445,0
-74.59,11.783922,32.99,62.457985878508765,0
58.82,11.796715,32.99,63.43500610861482,0
-23.41,11.790318,32.99,62.457985878508765,0
-83.45,11.80567,32.99,63.25345840347388,0
-18.67,11.813345,33.0,62.27358990776106,0
19.69,11.826138,33.0,62.27358990776106,0
-9.78,11.818462,33.0,63.34824385884742,0
12.43,11.823579,33.0,63.25345840347388,0
4.21,11.833814,33.0,62.27358990776106,0
-39.07,11.826138,33.0,63.25345840347388,0
23.27,11.835093,33.0,62.457985878508765,0
-10.77,11.847885,33.0,63.43500610861482,0
14.15,11.868353,32.99,62.457985878508765,0
24.39,11.923361,32.99,62.457985878508765,0
-29.03,11.969414,32.99,62.457985878508765,0
33.8,12.082317,32.99,64.41273166075166,0
21.62,12.096389,32.99,62.56196927846821,0
-38.47,12.088714,32.99,62.457985878508765,0
20.31,12.102785,32.99,63.25345840347388,0
-0.88,12.091272,32.99,62.457985878508765,0
-77.86,12.051616,33.0,63.25345840347388,0
72.28,12.049057,33.0,63.25345840347388,0
64.71,11.988932,33.0,62.27358990776106,0
-42.99,11.983815,33.0,63.25345840347388,0
-18.91,11.951834,32.99,62.27358990776106,0
37.44,11.933924,32.99,63.25345840347388,0
-12.55,11.912177,32.99,63.35613624582863,0
6.14,11.904501,32.99,62.20932405998316,0
29.38,11.900663,32.99,64.51356446515724,0
-21.77,11.90706,32.99,63.25345840347388,0
33.75,11.892988,32.99,63.25345840347388,0
67.63,11.857169,32.99,62.27358990776106,0
-18.37,11.859728,32.99,64.33506042586733,0
-34.85,11.83798,32.99,63.30876716537765,0
-8.68,11.862287,32.99,63.03967004989794,0
-47.93,11.85461,32.99,63.190189111918315,0
14.83,11.880196,32.99,63.03967004989794,0
28.88,11.892988,32.99,63.190189111918315,0
-19.62,11.890429,32.99,63.03967004989794,0
20.31,11.861007,32.99,63.773035054010094,0
7.9,11.869962,32.99,62.32976816898969,0
-33.14,11.887871,32.99,63.29296959378664,0
20.37,11.77146,32.99,66.10597552415364,0
-14.69,11.83798,32.99,63.30876716537765,0
-41.83,11.830305,32.99,63.15853069855251,0
21.99,11.85589,32.99,63.15853069855251,0
66.67,11.841818,32.99,63.15853069855251,0
-12.5,11.843098,32.99,64.42049363362563,0
22.56,11.822629,33.0,83.73768566183328,0
-9.93,11.864844,33.0,55.072679252057455,0
9.81,11.721568,33.0,67.30527468185537,0
-11.65,11.660165,33.0,58.137767414994535,0
-118.47,11.626904,32.99,60.728905802755904,0
-84.18,11.648651,32.99,62.65780079128216,0
42.25,11.675515,32.99,62.65780079128216,0
-16.03,11.697263,32.99,62.42595614005443,0
-20.08,11.689588,32.99,63.7808748764079,0
5.25,11.640976,32.99,62.80127387243033,0
-41.21,11.637137,32.99,62.63385665915839,0
75.38,11.652489,32.99,62.625873247404705,0
23.29,11.754829,33.0,63.60031446463138,0
269.4,11.822629,33.0,60.61352984276695,0
344.97,11.921132,33.0,62.433965115151864,0
-32.7,11.9416,33.0,63.51377803280167,0
-329.06,11.927528,32.99,62.976185975335156,0
-8.5,11.912177,32.99,63.28506932918696,0
108.33,11.971023,32.99,62.76941930590086,0
-50.87,11.928807,32.99,62.77738446287803,0
17.45,11.909618,32.99,62.64982043070834,0
-69.38,11.903222,32.99,63.13477647065839,0
-69.88,11.918573,32.99,62.64982043070834,0
32.96,11.904501,32.99,62.64982043070834,0
1.06,11.866124,32.99,62.64982043070834,0
-62.99,11.90706,32.99,62.64982043070834,0
-25.87,11.875078,32.99,62.64982043070834,0
5.77,11.878917,32.99,62.64982043070834,0
-2.84,11.87252,32.99,62.64982043070834,0
6.7,11.873799,32.99,62.64982043070834,0
12.69,11.863565,32.99,62.64982043070834,0
1.25,11.858448,32.99,63.13477647065839,0
3.12,11.850773,32.99,63.13477647065839,0
-7.24,11.848214,32.99,62.64982043070834,0
-3.79,11.841818,32.99,62.64982043070834,0
-4.57,11.809836,32.99,62.64982043070834,0
-1.16,11.826468,32.99,62.64982043070834,0
-0.33,11.829025,32.99,63.13477647065839,0
-3.93,11.826468,32.99,62.64982043070834,0
0.52,11.820071,32.99,63.13477647065839,0
-5.93,11.82135,32.97,62.64982043070834,0
-1.32,11.831584,32.97,62.64982043070834,0
2.48,11.80472,32.97,63.13477647065839,0
-1.78,11.805999,32.97,63.13477647065839,0
2.45,11.805999,32.99,63.13477647065839,0
-0.22,11.814954,32.99,63.13477647065839,0
-0.85,11.775297,32.99,63.13477647065839,0
3.81,11.795765,32.99,63.13477647065839,0
-3.58,11.780414,32.99,63.13477647065839,0
-2.19,11.82135,32.99,63.13477647065839,0
10.51,11.798324,32.99,62.64982043070834,0
38.46,11.809836,32.99,62.64982043070834,0
68.48,11.820071,32.99,62.609903369994115,0
-44.23,11.869962,32.99,62.609903369994115,0
-16.67,11.881474,32.99,63.071388124885914,0
9.94,11.87252,32.99,62.64982043070834,0
-42.45,11.859728,32.99,62.64982043070834,0
-59.3,11.839259,32.99,63.071388124885914,0
-3.04,11.853332,32.99,62.36184731067546,0
9.77,11.846935,32.99,77.02596964660685,0
12.42,11.552708,33.0,41.24318125460256,0
-20.8,11.373612,33.0,67.23094525588644,0
-31.24,11.561333,33.0,69.72087205421343,0
-41.54,11.676465,33.0,64.90762667052309,0
-35.48,11.737869,32.99,63.06346010171025,0
72.39,11.725077,32.99,63.324560795950255,0
59.42,11.704609,32.99,63.06346010171025,0
45.84,11.682861,32.99,63.324560795950255,0
-35.28,11.675186,32.97,62.112800613078136,0
-15.82,11.695654,32.97,62.64982043070834,0
6.98,11.699492,32.97,62.89674077406555,0
5.02,11.714843,32.97,62.89674077406555,0
-14.1,11.71868,32.99,62.89674077406555,0
-8.5,11.711005,32.99,62.64982043070834,0
-7.0,11.622737,32.99,62.89674077406555,0
-6.43,11.66879,32.99,62.89674077406555,0
3.57,11.671349,32.99,62.89674077406555,0
1.88,11.689258,32.99,63.85138996137829,0
-0.89,11.664952,32.99,62.89674077406555,0
-1.49,11.699492,32.99,62.89674077406555,0
1.1,11.762176,32.99,62.89674077406555,0
1.1,11.772409,32.99,62.89674077406555,0
-1.09,11.773688,32.99,62.89674077406555,0
3.77,11.77113,32.99,62.89674077406555,0
-1.15,11.774967,32.99,62.89674077406555,0
2.36,11.776247,32.99,62.89674077406555,0
-1.32,11.780085,32.99,62.89674077406555,0
9.76,11.780085,32.99,62.89674077406555,0
0.68,11.772409,33.0,62.89674077406555,0
-1.6,11.767292,33.0,62.89674077406555,0
-0.2,11.768571,33.0,62.89674077406555,0
6.41,11.759617,33.0,62.89674077406555,0
-5.8,11.767292,32.99,62.89674077406555,0
2.7,11.780085,32.99,62.89674077406555,0
5.44,11.768571,32.99,62.89674077406555,0
-0.09,11.764733,32.99,63.85138996137829,0
1.65,11.762176,33.0,62.89674077406555,0
9.22,11.751941,33.0,62.89674077406555,0
0.93,11.759617,33.0,63.85138996137829,0
-3.0,11.753221,33.0,63.324560795950255,0
-1.23,11.730194,33.0,61.91930232165088,0
-3.96,11.708447,33.0,61.0,0
-1.37,11.624016,33.0,63.53739056650029,0
-16.33,11.618899,33.0,64.03124237432849,0
-37.14,11.636808,33.0,64.66838485689897,0
-29.46,11.698213,33.0,62.94441992742486,0
71.11,11.667511,33.0,63.88270501473775,0
135.83,11.663672,33.0,62.94441992742486,0
-11.01,11.63425,33.03,62.94441992742486,0
-63.74,11.655997,33.03,62.94441992742486,0
-34.7,11.648322,33.03,62.94441992742486,0
-1.9,11.645763,33.03,62.94441992742486,0
-17.18,11.629133,33.0,62.00806399170998,0
5.09,11.645763,33.0,62.94441992742486,0
1.35,11.641926,33.0,62.94441992742486,0
-17.46,11.63553,33.0,62.94441992742486,0
16.35,11.636808,32.99,62.94441992742486,0
-0.5,11.63553,32.99,62.94441992742486,0
-29.35,11.631692,32.99,62.94441992742486,0
12.63,11.611223,32.99,62.94441992742486,0
15.84,11.612503,33.0,62.94441992742486,0
-13.62,11.595873,33.0,62.94441992742486,0
5.25,11.604827,33.0,62.94441992742486,0
15.17,11.58308,33.0,62.94441992742486,0
-4.07,11.598431,33.03,62.94441992742486,0
-34.14,11.611223,33.03,62.94441992742486,0
14.54,11.586918,33.03,62.94441992742486,0
15.74,11.585638,33.03,62.94441992742486,0
-15.08,11.586918,33.05,62.94441992742486,0
-3.43,11.584359,33.05,62.94441992742486,0
19.88,11.567729,33.05,62.94441992742486,0
-3.4,11.571567,33.05,62.94441992742486,0
-27.79,11.558774,33.03,62.94441992742486,0
14.18,11.579242,33.03,62.94441992742486,0
8.47,11.535748,33.03,62.94441992742486,0
-23.54,11.560054,33.03,62.94441992742486,0
12.83,11.538306,33.03,62.94441992742486,0
12.32,11.554936,33.03,62.94441992742486,0
-18.88,11.551099,33.03,62.94441992742486,0
9.81,11.538306,33.03,62.94441992742486,0
16.52,11.534469,33.05,62.94441992742486,0
-18.33,11.539585,33.05,62.94441992742486,0
11.64,11.534469,33.05,62.94441992742486,0
13.57,11.533189,33.05,62.94441992742486,0
-25.86,11.529351,33.03,62.94441992742486,0
12.23,11.512721,33.03,62.94441992742486,0
11.21,11.522955,33.03,62.94441992742486,0
-28.77,11.510162,33.03,62.94441992742486,0
16.42,11.514,33.05,62.94441992742486,0
7.9,11.494812,33.05,62.94441992742486,0
-29.29,11.505046,33.05,62.94441992742486,0
15.47,11.499928,33.05,62.94441992742486,0
6.74,11.501208,33.05,62.94441992742486,0
-27.49,11.49865,33.05,62.94441992742486,0
16.62,11.416778,33.05,62.94441992742486,0
8.41,11.458993,33.05,62.94441992742486,0
-24.51,11.437245,33.05,63.88270501473775,0
11.15,11.457713,33.05,62.94441992742486,0
17.85,11.439804,33.05,62.94441992742486,0
-20.52,11.461551,33.05,63.88270501473775,0
-6.62,11.450038,33.07,62.94441992742486,0
-1.73,11.473064,33.07,62.94441992742486,0
17.87,11.462831,33.07,62.94441992742486,0
1.33,11.467947,33.07,62.94441992742486,0
17.99,11.48074,33.07,62.94441992742486,0
-2.25,11.474343,33.07,62.63385665915839,0
-19.39,11.469227,33.07,62.94441992742486,0
13.65,11.438524,33.07,62.94441992742486,0
2.14,11.458993,33.07,62.94441992742486,0
-29.13,11.447479,33.07,62.94441992742486,0
15.68,11.453876,33.07,63.88270501473775,0
1.43,11.465389,33.07,62.63385665915839,0
-23.37,11.490973,33.05,62.63385665915839,0
20.17,11.492253,33.05,62.94441992742486,0
-17.72,11.464109,33.05,63.26926584053272,0
-27.75,11.458993,33.05,62.489999199871974,0
12.02,11.455154,33.07,63.26926584053272,0
2.74,11.467947,33.07,63.75735251718032,0
-14.72,11.416778,33.07,62.83311228962003,0
29.68,11.410381,33.07,62.83311228962003,0
-0.64,11.423174,33.07,62.83311228962003,0
-14.37,11.447479,33.07,62.83311228962003,0
5.98,11.421894,33.07,63.608175575157006,0
20.56,11.42957,33.07,62.3377895020348,0
7.92,11.430849,33.09,62.94441992742486,0
16.69,11.460272,33.09,62.80923498976882,0
-4.4,11.457713,33.09,62.27358990776106,0
-27.26,11.423174,33.09,62.83311228962003,0
-4.05,11.420615,33.09,62.83311228962003,0
-16.63,11.405264,33.09,62.489999199871974,0
-56.78,11.420615,33.09,63.419239982831705,0
55.32,11.405264,33.09,62.3377895020348,0
22.0,11.412939,33.09,63.26926584053272,0
-22.68,11.410381,33.09,62.3377895020348,0
19.78,11.415498,33.09,62.3377895020348,0
7.19,11.369445,33.09,60.93439094632849,0
-31.57,11.37712,33.09,63.13477647065839,0
-32.02,11.397589,33.09,62.3377895020348,0
-0.18,11.392471,33.09,63.26926584053272,0
4.99,11.391192,33.09,62.00806399170998,0
40.23,11.366886,33.09,62.00806399170998,0
3.14,11.384796,33.09,63.26926584053272,0
-37.14,11.388634,33.09,63.419239982831705,0
8.12,11.382237,33.09,65.55150646628954,0
15.8,11.373282,33.11,68.00735254367721,0
-6.97,11.057307,33.11,58.73670062235365,0
-25.97,10.850069,33.11,52.354560450833695,0
-101.85,10.710196,33.11,72.67048919609665,0
-347.77,10.459463,33.11,66.18912297349165,0
85.73,10.593097,33.11,64.5445582524197,0
419.66,10.667293,33.11,61.99193495931547,0
-262.18,10.602051,33.11,66.9776081985614,0
30.91,10.09035,33.09,62.99206299209449,0
36.43,10.004641,33.09,63.15853069855251,0
-52.59,9.907417,33.09,62.89674077406555,0
199.49,9.78428,33.09,62.89674077406555,0
8.24,9.763812,33.09,63.15853069855251,0
35.72,9.743343,33.09,61.78996682310163,0
63.58,9.649959,33.09,63.94528911499267,0
-62.2,9.730551,33.09,65.3299318842443,0
93.62,9.774046,33.11,64.72248450113763,0
77.48,10.322845,33.11,65.22269543648132,0
-127.67,10.613235,33.11,63.72597586541927,0
-89.23,10.87709,33.11,62.74551776820397,0
-109.81,10.897558,33.09,63.48228099241551,0
-16.22,10.897558,33.09,62.42595614005443,0
55.3,10.898837,33.09,64.41273166075166,0
-226.94,10.889883,33.09,62.185207244167,0
40.03,10.938495,33.09,63.13477647065839,0
103.52,10.961521,33.09,63.39558344238185,0
112.26,10.964079,33.09,68.60029154456998,0
450.91,10.960241,33.09,74.94664769020693,0
-49.11,10.896279,33.09,70.68946173228369,0
-161.94,11.077932,33.09,75.05331438384317,0
62.37,11.178403,33.09,75.7495874576225,0
136.13,11.06327,33.09,61.424750711744856,0
-280.43,10.682053,33.09,64.2339474110069,0
-291.23,10.644955,33.09,62.20932405998316,0
-137.55,10.650072,33.09,62.63385665915839,0
-129.24,10.643676,33.09,60.95079983068311,0
-4.39,10.667981,33.11,84.61678320522472,0
34.47,10.699963,33.11,79.68688725254614,0
208.08,10.812536,33.11,55.90169943749474,0
120.69,10.414689,33.11,55.74047003748713,0
229.69,10.863018,33.09,114.24972647669665,0
153.97,10.970475,33.09,79.91245209602819,0
-285.18,10.792068,33.09,58.625932828399414,0
231.39,10.642396,33.09,52.21110992882645,0
100.22,10.761367,33.11,59.824744044584094,0
-77.08,10.923831,33.11,66.06814663663572,0
-8.41,10.969885,33.11,62.56196927846821,0
-250.36,10.987794,33.11,63.671029518926424,0
24.06,11.0121,33.11,68.53466276272175,0
57.18,11.033847,33.11,63.190189111918315,0
-29.76,11.09781,33.11,96.8039255402383,0
86.3,11.247482,33.11,61.71709649683789,0
-13.67,11.1477,33.11,64.63745044476924,0
-79.93,11.09653,33.11,62.489999199871974,0
273.89,10.724268,33.11,61.45730225123781,0
-296.83,10.400618,33.11,66.4304147209695,0
-202.35,10.472847,33.11,59.16079783099616,0
104.92,9.967543,33.11,50.93132631298737,0
14.43,9.981284,33.11,79.012657213892,0
113.56,10.235855,33.11,64.20280367709809,0
126.6,10.366339,33.13,62.489999199871974,0
60.54,10.299818,33.13,62.37788069500277,0
92.92,10.248648,33.13,66.27216610312357,0
-263.96,10.238414,33.13,63.15853069855251,0
-44.3,10.230739,33.11,64.41273166075166,0
-27.24,10.263999,33.11,87.3269717784832,0
-199.67,10.284467,33.11,92.15204826806618,0
15.5,10.185965,33.11,61.56297588648554,0
54.01,9.913485,33.11,63.4428877022476,0
79.55,9.930115,33.11,67.07458535093602,0
13.54,10.022221,33.11,60.83584469702052,0
14.71,10.019662,33.11,65.55150646628954,0
-19.66,10.023499,33.11,63.15853069855251,0
16.67,9.98896,33.11,63.76519426771944,0
36.33,10.001753,33.11,66.64082832618455,0
60.13,10.151425,33.11,62.14499175315739,0
-32.98,10.439257,33.11,64.26507605223851,0
58.47,10.490426,33.11,62.52199612936234,0
69.11,10.611006,33.11,62.928530890209096,0
116.27,10.616123,33.11,61.62791575252241,0
-114.76,10.65578,33.11,67.14908785679818,0
-109.69,10.668572,33.11,75.13321502504735,0
8.22,10.067324,33.11,78.13449942247023,0
63.7,10.591817,33.11,73.49829930005184,0
23.71,10.50099,33.13,60.44832503882965,0
-126.78,10.555998,33.13,63.97655820689325,0
288.96,10.536809,33.13,54.00925846556311,0
-84.34,10.609727,33.13,65.49809157525127,0
-142.83,10.56879,33.13,63.914004725099176,0
-60.9,10.738931,33.13,63.387695966961914,0
53.18,10.699274,33.13,57.83597496368502,0
-56.77,10.653221,33.13,67.66091929614909,0
69.52,10.636591,33.11,74.81978348003956,0
52.66,10.295031,33.11,54.97272050753901,0
-147.08,10.031505,33.11,92.04890004774636,0
-42.29,10.504828,33.11,62.68971207462992,0
-65.06,10.554719,33.13,60.83584469702052,0
91.87,10.539368,33.13,77.22693830523129,0
68.54,10.479243,33.13,69.16646586316233,0
-48.6,10.160709,33.13,66.40030120413611,0
41.86,9.943236,33.13,64.76109943476871,0
-125.92,10.111768,33.13,59.54829972383762,0
-104.81,10.127119,33.13,75.67033764957046,0
37.38,10.255044,33.13,66.31741852635702,0
130.94,10.333078,33.11,62.369864518050704,0
-46.71,10.446932,33.11,63.63961030678928,0
-39.39,10.594046,33.11,66.47555941848101,0
195.84,10.718463,33.11,62.69768735766894,0
154.38,10.694158,33.13,62.75348595894893,0
88.74,10.667293,33.13,63.694583757176716,0
-232.5,10.591817,33.13,63.03967004989794,0
-194.98,10.625077,33.13,63.57672530100933,0
-16.81,10.659617,33.13,62.69768735766894,0
17.52,10.727418,33.13,66.79820356865893,0
131.49,10.699274,33.13,62.369864518050704,0
281.83,10.67241,33.13,62.369864518050704,0
92.01,10.67241,33.11,63.31666447310692,0
-217.18,10.649384,33.11,63.31666447310692,0
-216.14,10.659617,33.11,62.69768735766894,0
-17.88,10.653221,33.11,63.0,0
-24.37,10.63787,33.13,65.3299318842443,0
9.76,10.67241,33.13,61.1310068623117,0
87.46,10.681365,33.13,62.8410693734599,0
84.25,10.690319,33.13,62.42595614005443,0
225.26,10.680085,33.15,62.80127387243033,0
14.31,10.687761,33.15,62.8410693734599,0
-166.21,10.657059,33.15,61.87891401761993,0
19.06,10.658339,33.15,63.56099432828282,0
-104.55,10.674969,33.13,63.984373092185564,0
-88.73,10.746607,33.13,61.87891401761993,0
46.3,10.694158,33.13,63.229739838148944,0
156.51,10.678806,33.13,63.229739838148944,0
-43.45,10.662176,33.13,63.166446789415026,0
-61.4,10.667293,33.13,63.14269553954757,0
-88.91,10.671131,33.13,62.72160712226688,0
1.85,10.662176,33.13,63.788713735268246,0
8.95,10.662176,33.15,64.10148204214939,0
-10.41,10.644266,33.15,62.6418390534633,0
-2.44,10.650662,33.15,63.56099432828282,0
-43.32,10.62124,33.15,63.56099432828282,0
110.89,10.642987,33.15,62.72160712226688,0
5.61,10.631474,33.15,62.72160712226688,0
27.19,10.63915,33.15,64.03905058634146,0
-1.44,10.634032,33.15,62.68173577685928,0
-45.78,10.627636,33.16,62.24949798994366,0
-15.65,10.618682,33.16,63.20601237224193,0
-34.11,10.619961,33.16,63.166446789415026,0
-36.26,10.613564,33.16,62.68173577685928,0
-11.28,10.599493,33.16,63.166446789415026,0
-11.27,10.605889,33.16,62.68173577685928,0
14.28,10.580304,33.16,62.3377895020348,0
-18.53,10.607168,33.16,63.20601237224193,0
35.89,10.602051,33.15,63.166446789415026,0
17.56,10.607168,33.15,62.89674077406555,0
8.06,10.607168,33.15,62.68173577685928,0
17.5,10.611006,33.15,62.68173577685928,0
-27.68,10.617402,33.15,62.72160712226688,0
35.06,10.622519,33.15,63.095166217389426,0
22.84,10.628916,33.15,62.68173577685928,0
-21.47,10.607168,33.15,62.20932405998316,0
9.41,10.609727,33.15,62.72160712226688,0
4.61,10.581583,33.15,63.20601237224193,0
-14.85,10.609727,33.15,62.68173577685928,0
-43.66,10.602051,33.15,62.68173577685928,0
37.27,10.580304,33.15,62.68173577685928,0
13.18,10.595654,33.15,63.166446789415026,0
-36.06,10.587979,33.15,63.166446789415026,0
4.74,10.580304,33.15,62.68173577685928,0
-3.93,10.572628,33.15,62.68173577685928,0
24.08,10.594376,33.15,63.20601237224193,0
18.28,10.57007,33.15,62.68173577685928,0
-35.22,10.580304,33.15,62.68173577685928,0
29.82,10.541926,33.15,62.68173577685928,0
-9.47,10.581583,33.15,62.68173577685928,0
4.71,10.573908,33.15,62.68173577685928,0
16.92,10.571349,33.15,62.68173577685928,0
-38.15,10.567512,33.16,62.68173577685928,0
28.02,10.557278,33.16,63.20601237224193,0
18.8,10.562394,33.16,63.166446789415026,0
-44.48,10.554719,33.16,62.68173577685928,0
26.31,10.559835,33.15,63.166446789415026,0
7.56,10.555998,33.15,63.20601237224193,0
-51.45,10.559835,33.15,63.166446789415026,0
18.45,10.543205,33.15,63.166446789415026,0
20.4,10.561115,33.15,63.166446789415026,0
-29.54,10.554719,33.15,63.702433234531945,0
22.27,10.538089,33.15,63.702433234531945,0
15.07,10.540648,33.15,63.166446789415026,0
-27.52,10.531693,33.15,63.166446789415026,0
9.82,10.564953,33.15,62.297672508690084,0
17.24,10.488197,33.15,63.20601237224193,0
-9.39,10.534251,33.15,62.297672508690084,0
37.67,10.53553,33.16,63.166446789415026,0
7.33,10.540648,33.16,63.166446789415026,0
-36.63,10.524016,33.16,63.20601237224193,0
6.57,10.545764,33.16,63.166446789415026,0
-8.2,10.540648,33.15,62.72160712226688,0
-8.12,10.526575,33.15,66.30987860040162,0
16.55,10.559835,33.15,64.35837163881635,0
-7.46,10.562394,33.15,64.60650122085238,0
23.7,9.847293,33.16,65.49045732013177,0
-66.74,9.37364,33.16,63.75735251718032,0
-143.99,9.86938,33.16,63.984373092185564,0
-215.31,10.001143,33.16,61.34329629226001,0
218.81,10.260161,33.16,62.6418390534633,0
648.98,10.395761,33.16,62.20932405998316,0
-150.28,10.441815,33.16,62.24949798994366,0
-455.25,10.426464,33.16,63.095166217389426,0
-114.77,10.50194,33.16,63.095166217389426,0
108.51,10.585421,33.16,62.6418390534633,0
-0.69,10.557278,33.16,62.6418390534633,0
296.71,10.548323,33.16,63.095166217389426,0
65.92,10.536809,33.15,62.6418390534633,0
-63.15,10.534251,33.15,62.6418390534633,0
-36.89,10.526575,33.15,62.6418390534633,0
-21.66,10.524016,33.15,62.6418390534633,0
17.13,10.50099,33.16,63.095166217389426,0
-26.13,10.506107,33.16,62.6418390534633,0
-5.94,10.521459,33.16,63.095166217389426,0
-5.63,10.499711,33.16,62.6418390534633,0
-43.06,10.515062,33.15,63.095166217389426,0
20.97,10.499711,33.15,62.6418390534633,0
3.34,10.524016,33.15,62.6418390534633,0
-28.05,10.521459,33.15,62.6418390534633,0
20.24,10.525296,33.16,63.095166217389426,0
14.88,10.522738,33.16,62.6418390534633,0
-24.67,10.520179,33.16,62.6418390534633,0
-26.83,10.50099,33.16,62.6418390534633,0
32.69,10.50099,33.16,62.6418390534633,0
7.98,10.495873,33.16,62.6418390534633,0
-48.39,10.477963,33.16,63.095166217389426,0
22.02,10.48436,33.16,62.6418390534633,0
19.59,10.470288,33.15,63.095166217389426,0
-25.79,10.490756,33.15,62.6418390534633,0
-3.4,10.480522,33.15,62.6418390534633,0
16.65,10.481802,33.15,62.6418390534633,0
-10.32,10.476685,33.16,62.6418390534633,0
-21.15,10.479243,33.16,62.24146527838174,0
17.47,10.461333,33.16,62.6418390534633,0
-4.95,10.469009,33.16,63.095166217389426,0
-19.63,10.470288,33.16,63.095166217389426,0
31.01,10.451099,33.16,63.095166217389426,0
5.82,10.471567,33.16,62.68173577685928,0
-4.61,10.445983,33.16,62.6418390534633,0
-2.48,10.444703,33.16,62.6418390534633,0
-24.27,10.424235,33.16,63.095166217389426,0
12.56,10.437028,33.16,63.095166217389426,0
-4.07,10.425514,33.16,62.6418390534633,0
-25.49,10.421677,33.16,62.6418390534633,0
18.09,10.39865,33.16,63.095166217389426,0
-13.37,10.414001,33.16,63.095166217389426,0
-1.29,10.405046,33.16,63.095166217389426,0
11.18,10.390975,33.15,63.095166217389426,0
-35.8,10.412722,33.15,63.095166217389426,0
26.64,10.389695,33.15,61.814237842102365,0
-18.92,10.39865,33.15,60.21627686929839,0
29.62,10.41656,33.16,62.89674077406555,0
18.99,10.421677,33.16,63.14269553954757,0
2.45,10.379461,33.16,62.72160712226688,0
16.29,10.389695,33.16,63.14269553954757,0
35.26,10.332129,33.16,62.77738446287803,0
-169.59,10.265608,33.16,62.72160712226688,0
-64.57,10.333408,33.16,63.20601237224193,0
-48.46,10.269445,33.16,62.80127387243033,0
5.66,10.269445,33.18,63.66317616958802,0
407.06,10.273284,33.18,63.20601237224193,0
-52.42,10.24514,33.18,62.13694553162394,0
-102.45,10.236185,33.18,63.8200595424354,0
74.35,10.268167,33.16,63.8200595424354,0
244.57,10.334687,33.16,62.297672508690084,0
88.88,10.306544,33.16,62.80127387243033,0
-337.65,10.323174,33.16,62.80127387243033,0
-301.51,10.343642,33.18,63.66317616958802,0
-8.85,10.338526,33.18,62.80127387243033,0
130.67,10.335967,33.18,63.66317616958802,0
66.5,10.333408,33.18,62.80127387243033,0
2.5,10.325733,33.18,62.80127387243033,0
-6.74,10.333408,33.18,62.297672508690084,0
12.87,10.324453,33.18,63.166446789415026,0
-4.82,10.351318,33.18,63.166446789415026,0
4.9,10.328291,33.16,62.297672508690084,0
-0.62,10.353876,33.16,63.166446789415026,0
-23.56,10.314219,33.16,62.68173577685928,0
14.0,10.346201,33.16,62.68173577685928,0
-4.58,10.343642,33.16,63.166446789415026,0
9.36,10.324453,33.16,63.20601237224193,0
23.97,10.321895,33.16,63.166446789415026,0
3.09,10.324453,33.16,63.166446789415026,0
11.73,10.319337,33.16,62.297672508690084,0
-35.22,10.302707,33.16,62.297672508690084,0
-46.62,10.305264,33.16,63.166446789415026,0
-3.57,10.289914,33.16,62.3377895020348,0
-5.87,10.293752,33.16,63.166446789415026,0
-3.97,10.280959,33.16,63.166446789415026,0
18.25,10.292472,33.16,62.65780079128216,0
-33.25,10.287355,33.16,63.095166217389426,0
26.17,10.295031,33.16,61.34329629226001,0
11.18,10.287355,33.16,62.68173577685928,0
-73.07,10.274563,33.16,63.56099432828282,0
38.98,10.274563,33.16,62.68173577685928,0
56.22,10.275842,33.16,62.68173577685928,0
-53.07,10.275842,33.16,62.68173577685928,0
45.81,10.256653,33.16,62.68173577685928,0
29.52,10.264329,33.16,62.20932405998316,0
-30.39,10.238744,33.18,63.166446789415026,0
24.45,10.283518,33.18,62.68173577685928,0
37.56,10.260491,33.18,62.68173577685928,0
-3.48,10.264329,33.18,62.68173577685928,0
27.63,10.257933,33.18,62.68173577685928,0
31.5,10.260491,33.18,62.68173577685928,0
-35.58,10.257933,33.18,63.166446789415026,0
-13.48,10.246419,33.18,62.68173577685928,0
17.34,10.247699,33.16,62.68173577685928,0
-21.94,10.252815,33.16,62.68173577685928,0
14.63,10.251536,33.16,62.68173577685928,0
7.89,10.222114,33.16,62.68173577685928,0
-43.02,10.246419,33.18,62.68173577685928,0
21.56,10.232347,33.18,62.68173577685928,0
18.31,10.255374,33.18,62.68173577685928,0
-44.66,10.236185,33.18,62.68173577685928,0
22.75,10.24514,33.16,62.65780079128216,0
6.33,10.263049,33.16,62.68173577685928,0
-36.5,10.263049,33.16,62.68173577685928,0
19.32,10.275842,33.16,63.13477647065839,0
-6.02,10.255374,33.16,62.68173577685928,0
-31.16,10.248978,33.16,62.68173577685928,0
20.59,10.24514,33.16,63.095166217389426,0
-11.01,10.266888,33.16,63.56099432828282,0
-16.35,10.251536,33.18,63.56099432828282,0
0.04,10.259212,33.18,63.095166217389426,0
-16.12,10.252815,33.18,61.806148561449774,0
42.84,10.288634,33.18,64.07807737440318,0
28.84,10.263049,33.16,62.68173577685928,0
9.24,10.287355,33.16,63.103090257134,0
54.91,10.260491,33.16,62.68173577685928,0
-107.87,10.243861,33.16,64.02343321003646,0
-36.34,10.178619,33.16,60.50619802962338,0
-51.66,10.197807,33.16,63.13477647065839,0
-188.46,10.265608,33.16,62.72160712226688,0
-150.04,10.218276,33.16,62.20932405998316,0
333.05,10.19525,33.18,62.68173577685928,0
237.5,10.164547,33.18,63.095166217389426,0
-26.73,10.182457,33.18,62.68173577685928,0
-68.82,10.172223,33.18,62.24949798994366,0
24.46,10.19397,33.15,62.20932405998316,0
43.97,10.176061,33.15,64.47480127925948,0
-91.32,10.220835,33.15,63.53739056650029,0
-28.73,10.255374,33.15,62.68173577685928,0
55.32,10.248978,33.15,62.6418390534633,0
10.01,10.256653,33.15,62.6418390534633,0
180.44,10.181177,33.15,62.6418390534633,0
-22.94,10.216996,33.15,62.6418390534633,0
-5.0,10.216996,33.18,62.6418390534633,0
2.64,10.224672,33.18,63.095166217389426,0
-3.59,10.205483,33.18,62.6418390534633,0
-30.4,10.208042,33.18,62.6418390534633,0
-6.92,10.2106,33.16,62.6418390534633,0
14.47,10.219555,33.16,62.6418390534633,0
-24.13,10.19397,33.16,62.6418390534633,0
-6.22,10.182457,33.16,62.68173577685928,0
-2.04,10.17734,33.16,62.6418390534633,0
-39.09,10.197807,33.16,62.6418390534633,0
22.45,10.192691,33.16,62.6418390534633,0
3.46,10.185016,33.16,62.68173577685928,0
-8.6,10.187573,33.16,63.095166217389426,0
21.91,10.190132,33.16,62.68173577685928,0
-10.43,10.188853,33.16,62.6418390534633,0
1.7,10.19525,33.16,62.68173577685928,0
16.96,10.188853,33.18,62.6418390534633,0
-18.36,10.17734,33.18,62.6418390534633,0
1.92,10.183736,33.18,63.095166217389426,0
23.08,10.176061,33.18,62.68173577685928,0
-13.67,10.178619,33.16,62.68173577685928,0
-7.48,10.192691,33.16,63.095166217389426,0
21.6,10.187573,33.16,63.095166217389426,0
-5.05,10.182457,33.16,63.095166217389426,0
-52.6,10.190132,33.16,63.095166217389426,0
3.76,10.183736,33.16,64.56779382943171,0
-7.66,10.19397,33.16,63.655321851358195,0
-53.51,10.161988,33.16,67.06713054842886,0
-50.99,10.138962,33.16,62.82515419798029,0
-30.2,10.09035,33.16,53.04714883949938,0
-262.28,9.994407,33.16,72.3118247591637,0
-30.35,10.204204,33.16,67.23094525588644,0
269.21,10.366669,33.16,60.74537019394976,0
83.78,10.483081,33.16,59.715994507334464,0
212.49,10.445983,33.16,71.30918594402827,0
272.1,10.357714,33.16,53.75872022286245,0
68.83,9.856248,33.16,54.872579673275794,0
-245.44,10.192361,33.16,64.03124237432849,0
-111.05,10.253765,33.16,75.90783885739337,0
-132.82,10.258882,33.16,67.08949247087803,0
365.19,10.004311,33.18,59.06775770248944,0
-156.66,10.013266,33.18,61.47357155721473,0
-66.46,10.240973,33.18,63.00793600809346,0
-54.65,10.212829,33.18,62.71363488110062,0
16.28,10.19364,33.15,62.71363488110062,0
95.85,10.178289,33.15,62.67375846396959,0
-16.02,10.179568,33.15,62.433965115151864,0
-43.65,10.175731,33.15,62.39390995922599,0
24.7,10.196198,33.16,62.39390995922599,0
22.41,10.19492,33.16,63.35613624582863,0
-7.08,10.196198,33.16,63.35613624582863,0
23.62,10.17701,33.16,63.35613624582863,0
30.98,10.19364,33.16,62.433965115151864,0
-37.96,10.183406,33.16,63.35613624582863,0
-12.37,10.179568,33.16,63.35613624582863,0
12.71,10.175731,33.16,63.35613624582863,0
-19.24,10.173172,33.18,63.39558344238185,0
-34.38,10.169334,33.18,63.35613624582863,0
27.04,10.156542,33.18,62.16912416947821,0
20.71,10.159101,33.18,62.39390995922599,0
-23.3,10.148867,33.16,63.39558344238185,0
-9.36,10.169334,33.16,63.35613624582863,0
39.8,10.133515,33.16,63.13477647065839,0
60.38,10.14247,33.16,56.72741841473134,0
-94.13,10.17701,33.15,65.97726881282674,0
-26.38,9.382595,33.15,62.64982043070834,0
-24.52,9.517586,33.15,69.49820141557622,0
-130.91,10.016494,33.15,65.58963332722634,0
-292.54,10.289584,33.18,59.682493245507096,0
195.0,10.312611,33.18,63.56886030125127,0
278.26,10.260161,33.18,61.68468205316454,0
-35.34,10.188523,33.18,62.489999199871974,0
34.81,10.032454,33.16,61.45730225123781,0
-14.43,9.97105,33.16,69.34695379034324,0
-72.49,10.05804,33.16,67.29784543356496,0
19.12,10.079787,33.16,90.54280755532159,0
104.46,10.10793,33.18,62.32976816898969,0
248.67,10.046526,33.18,62.369864518050704,0
-115.83,10.001753,33.18,63.3798075099633,0
111.68,10.05804,33.18,63.08724118235002,0
-305.76,10.070832,33.16,61.66846844214635,0
-88.23,10.120723,33.16,62.65780079128216,0
65.2,10.137353,33.16,63.788713735268246,0
-15.73,10.157821,33.16,48.249352327259274,0
54.98,10.134794,33.18,73.98648525237566,0
76.86,10.239694,33.18,61.204574992397426,0
27.67,10.19492,33.18,62.24949798994366,0
154.06,10.161659,33.18,62.83311228962003,0
-112.0,10.143749,33.18,63.25345840347388,0
-103.08,10.143749,33.18,62.313722405261586,0
-50.42,10.143749,33.18,62.52199612936234,0
-204.87,10.138633,33.18,62.82515419798029,0
38.72,10.151425,33.16,62.24146527838174,0
100.71,10.153983,33.16,63.28506932918696,0
-5.17,10.168056,33.16,62.976185975335156,0
101.48,10.152704,33.16,62.0,0
26.75,10.166776,33.18,63.13477647065839,0
23.37,10.156542,33.18,62.5859409132754,0
51.77,10.132236,33.18,63.984373092185564,0
-30.49,10.134794,33.18,57.8013840664737,0
46.42,10.17701,33.21,57.3410847473258,0
18.73,10.188523,33.21,67.36467917239716,0
-0.51,10.179568,33.21,60.778285596090974,0
191.1,10.234576,33.21,55.695601262577284,0
-122.18,10.173172,33.16,61.237243569579455,0
-126.44,10.148867,33.16,68.7386354243376,0
135.83,10.128398,33.16,64.389440128021,0
-191.78,10.170613,33.16,66.82065548915246,0
36.78,10.192361,33.21,59.51470406546604,0
92.45,10.171893,33.21,62.63385665915839,0
-55.29,10.169334,33.21,63.812224534175265,0
-17.41,10.150146,33.21,62.40192304729078,0
-138.94,10.166776,33.18,61.91122676865643,0
44.94,10.155263,33.18,60.81940479813988,0
25.44,10.159101,33.18,60.73713855624086,0
-54.26,10.208991,33.18,75.55130707009641,0
-31.24,10.174452,33.21,74.2024258363566,0
12.0,10.082345,33.21,66.89544080129826,0
105.06,10.060598,33.21,51.31276644267,0
-71.18,10.164217,33.21,70.51950084905593,0
-217.16,10.22818,33.16,70.32069396699666,0
48.75,10.240973,33.16,67.11184694225007,0
174.83,10.225621,33.16,63.984373092185564,0
3.7,10.192361,33.16,66.70832032063167,0
-16.7,10.220505,33.18,57.7408001330082,0
-51.81,10.24481,33.18,60.60528029800704,0
3.22,10.207712,33.18,67.24581771381771,0
220.31,10.141191,33.18,68.09552114493287,0
-70.51,10.133515,33.16,50.49752469181039,0
-372.51,10.092579,33.16,48.67237409455183,0
-39.99,10.105371,33.16,63.57672530100933,0
286.56,9.619256,33.16,61.1310068623117,0
-11.21,9.6474,33.21,64.41273166075166,0
271.46,9.559132,33.21,63.28506932918696,0
-277.09,9.564248,33.21,63.984373092185564,0
-158.25,9.588554,33.21,62.82515419798029,0
20.68,9.399225,33.18,63.387695966961914,0
-8.28,9.428038,33.18,62.8728876384726,0
112.77,9.493279,33.18,63.474404290233394,0
132.25,9.540612,33.18,61.814237842102365,0
-25.84,9.557242,33.18,64.56779382943171,0
94.5,9.607133,33.18,65.37583651472461,0
19.41,9.640394,33.18,64.10148204214939,0
74.74,9.630159,33.18,63.340350488452465,0
27.91,9.636556,33.18,62.976185975335156,0
2.39,9.644232,33.18,63.20601237224193,0
29.6,9.649348,33.18,63.20601237224193,0
-27.47,9.653186,33.18,62.8728876384726,0
55.5,9.649348,33.16,63.702433234531945,0
9.57,9.644232,33.16,61.74949392505172,0
-60.89,9.648069,33.16,62.77738446287803,0
32.19,9.708194,33.16,62.69768735766894,0
-10.88,9.704356,33.21,62.89674077406555,0
41.54,9.655745,33.21,63.56886030125127,0
72.41,9.644232,33.21,63.56886030125127,0
-47.69,9.632718,33.21,63.56886030125127,0
-0.1,9.628881,33.23,63.56886030125127,0
-8.14,9.619925,33.23,63.56886030125127,0
-59.06,9.555964,33.23,65.74952471311104,0
31.5,9.512468,33.23,63.35613624582863,0
0.67,9.394777,33.21,62.30569797378086,0
-47.47,9.420362,33.21,63.35613624582863,0
3.95,9.508631,33.21,62.89674077406555,0
-26.59,9.589224,33.21,62.89674077406555,0
-21.59,9.584106,33.21,63.02380502635492,0
21.6,9.584106,33.21,63.02380502635492,0
29.15,9.567476,33.21,62.297672508690084,0
36.5,9.567476,33.21,68.79680225126747,0
-27.68,9.559801,33.23,61.48983655857283,0
-67.68,9.502234,33.23,63.7102817447859,0
12.04,9.511189,33.23,63.2771680782255,0
-15.99,9.549567,33.23,63.13477647065839,0
-17.06,9.532937,33.23,65.22269543648132,0
1.92,9.504793,33.23,63.773035054010094,0
-10.86,9.426759,33.23,62.369864518050704,0
49.07,9.394777,33.23,64.1482657598785,0
10.28,9.477929,33.23,63.75735251718032,0
-68.65,9.530378,33.23,63.56886030125127,0
22.45,9.555964,33.23,63.56886030125127,0
-2.18,9.538054,33.23,63.56886030125127,0
-25.45,9.552125,33.25,62.88083968904996,0
48.99,9.543171,33.25,63.56886030125127,0
11.08,9.543171,33.25,61.773780845922005,0
-71.31,9.502234,33.25,63.2771680782255,0
20.8,9.500956,33.25,63.45076831686122,0
6.16,9.486883,33.25,63.45076831686122,0
-65.26,9.470253,33.25,63.7102817447859,0
29.79,9.472812,33.25,62.94441992742486,0
31.01,9.462578,33.25,62.94441992742486,0
-23.1,9.479208,33.25,62.68173577685928,0
20.99,9.461299,33.25,62.68173577685928,0
30.51,9.467695,33.25,62.68173577685928,0
-3.48,9.462578,33.25,62.94441992742486,0
-44.73,9.479208,33.25,62.68173577685928,0
26.72,9.453623,33.25,62.94441992742486,0
7.69,9.465137,33.25,62.68173577685928,0
-45.93,9.45874,33.27,63.13477647065839,0
38.13,9.452344,33.27,63.3798075099633,0
25.73,9.431876,33.27,62.76145313805282,0
-27.45,9.40757,33.27,63.15853069855251,0
10.59,9.415245,33.25,63.324560795950255,0
22.91,9.411407,33.25,62.72160712226688,0
-19.01,9.412687,33.25,66.2872536767062,0
-23.98,9.394777,33.25,73.3621155638249,0
29.45,9.428038,33.27,40.36087214122113,0
10.43,9.549567,33.27,66.89544080129826,0
-7.28,9.677492,33.27,66.30987860040162,0
165.77,9.726104,33.27,68.25686778632608,0
125.89,9.841236,33.27,57.7148161220323,0
-148.87,9.622484,33.27,65.64297372910524,0
-94.81,9.516306,33.27,63.39558344238185,0
19.03,9.523982,33.27,60.6217782649107,0
-151.39,9.625043,33.29,63.03967004989794,0
207.8,9.740175,33.29,63.82789358893179,0
100.85,9.59434,33.29,64.45153217728807,0
-600.9,9.52782,33.29,63.7808748764079,0
-19.4,9.488163,33.25,64.45153217728807,0
115.69,9.504793,33.25,64.41273166075166,0
26.61,9.474092,33.25,63.733821476512766,0
26.09,9.468974,33.25,63.82789358893179,0
25.01,9.376868,33.27,62.96824596572466,0
-1.37,9.4242,33.27,64.389440128021,0
34.58,9.399895,33.27,63.66317616958802,0
31.84,9.393498,33.27,64.41273166075166,0
17.37,9.509911,33.29,65.93178292750773,0
0.43,9.575152,33.29,67.00746227100382,0
-12.75,9.559801,33.29,63.095166217389426,0
-14.24,9.467695,33.29,63.63961030678928,0
-31.23,9.531657,33.29,64.45153217728807,0
-121.93,9.742734,33.29,64.26507605223851,0
-104.75,9.695401,33.29,63.7102817447859,0
130.95,9.644232,33.29,66.75327707311455,0
116.26,9.590503,33.29,65.91661399070799,0
49.05,9.573873,33.29,64.87680633323437,0
-14.54,9.768319,33.29,63.984373092185564,0
-17.7,9.951252,33.29,64.20280367709809,0
-127.55,9.844404,33.29,63.671029518926424,0
-217.42,9.649959,33.29,63.702433234531945,0
136.7,9.907088,33.29,63.7102817447859,0
61.45,10.023499,33.29,63.53739056650029,0
-44.71,9.820099,33.29,64.38167441127949,0
21.43,9.589833,33.29,64.91532946846992,0
97.02,9.387712,33.29,63.00793600809346,0
2.79,9.369192,33.29,64.34283176858165,0
-52.73,9.438272,33.31,62.75348595894893,0
-27.04,9.357679,33.31,64.27285585688566,0
-21.24,9.251501,33.31,63.221831672294975,0
142.76,8.856213,33.31,64.03124237432849,0
177.38,8.469981,33.34,63.03967004989794,0
-99.64,8.316471,33.34,64.27285585688566,0
-158.94,8.638905,33.34,62.048368229954285,0
-182.89,9.078967,33.34,67.56478372643548,0
44.18,9.559903,33.33,64.47480127925948,0
266.05,9.943576,33.33,63.4428877022476,0
171.81,10.098975,33.33,63.702433234531945,0
59.57,10.133515,33.33,62.5939294181153,0
43.26,10.137353,33.34,64.7533782902483,0
-48.72,10.123281,33.34,62.457985878508765,0
-121.02,10.116885,33.34,64.29618962271404,0
-80.48,10.111768,33.34,62.353829072479584,0
-41.53,10.075949,33.34,63.35613624582863,0
-15.49,10.084904,33.34,64.5445582524197,0
-44.15,10.063156,33.34,63.29296959378664,0
-31.81,10.070832,33.34,57.227615711297986,0
-22.88,10.051643,33.33,68.09552114493287,0
20.55,10.054202,33.33,78.34538914320358,0
56.86,9.885341,33.33,45.09988913511872,0
47.38,9.849522,33.33,66.21933252457322,0
-59.6,9.738227,33.34,61.38403701289123,0
55.25,9.528429,33.34,61.99193495931547,0
65.99,9.504124,33.34,63.324560795950255,0
-267.96,9.483656,33.34,63.88270501473775,0
-168.91,9.491331,33.34,63.150613615387776,0
141.61,9.464467,33.34,63.00793600809346,0
43.44,9.461299,33.34,64.31174076325411,0
-7.49,9.448506,33.34,62.89674077406555,0
72.06,9.44083,33.34,62.297672508690084,0
57.29,9.426759,33.34,62.89674077406555,0
-41.86,9.421641,33.34,63.50590523722971,0
74.13,9.413966,33.34,62.81719509815764,0
64.83,9.396057,33.34,63.50590523722971,0
-29.54,9.394777,33.34,63.4428877022476,0
75.62,9.39094,33.34,63.4428877022476,0
68.22,9.4242,33.34,63.4428877022476,0
-3.45,9.410129,33.34,63.4428877022476,0
88.05,9.434434,33.34,64.06246951218786,0
37.51,9.4242,33.34,68.07348970047003,0
-20.84,9.417804,33.34,69.29646455628166,0
-7.35,9.444669,33.37,55.00909015790027,0
-1.95,9.621205,33.37,57.584720195551874,0
-25.49,9.665978,33.37,65.36053855347276,0
54.47,9.692843,33.37,64.57553716385176,0
381.98,9.689005,33.37,62.77738446287803,0
3.79,9.683888,33.37,74.19568720619817,0
-353.5,9.727383,33.37,49.47726750741192,0
-151.68,9.712031,33.37,64.20280367709809,0
-56.89,9.580269,33.34,72.42927584892728,0
8.39,9.190097,33.34,51.09794516416487,0
-83.76,8.815277,33.34,66.85057965343307,0
32.49,9.109607,33.34,74.65252842335616,0
74.07,9.163336,33.34,63.06346010171025,0
-72.2,9.114724,33.34,62.849025449882674,0
-272.78,9.075068,33.34,50.40833264451424,0
-134.11,9.34371,33.34,66.24952830020754,0
250.27,9.041806,33.39,66.07571414672717,0
-4.3,9.451167,33.39,66.1362230551458,0
-347.27,9.007164,33.39,61.91122676865643,0
156.81,8.820394,33.39,59.665735560705194,0
66.13,9.109607,33.37,69.32532004974806,0
-99.25,9.177407,33.37,60.77005841695399,0
118.21,9.076346,33.37,44.69899327725402,0
378.87,9.178686,33.37,65.83312236253116,0
-224.85,9.359061,33.37,64.28841264178172,0
87.21,9.341151,33.37,62.617888817813075,0
-218.42,9.382088,33.37,55.80322571321482,0
-101.45,9.373133,33.37,63.4428877022476,0
59.28,9.428141,33.37,67.23838189605696,0
-17.22,9.435816,33.37,68.15423684555495,0
88.14,9.361517,33.37,51.97114584074513,0
96.6,9.350003,33.37,62.20932405998316,0
-4.2,9.370472,33.37,65.56675987114203,0
81.19,9.406291,33.37,66.47555941848101,0
-41.11,9.362796,33.37,60.83584469702052,0
-88.67,9.344887,33.37,63.89053137985315,0
215.65,9.309068,33.41,64.28063471995279,0
-57.85,9.32058,33.41,64.45153217728807,0
-54.72,9.306509,33.41,63.31666447310692,0
-15.39,9.334653,33.41,63.984373092185564,0
-53.69,9.33849,33.37,63.43500610861482,0
-3.35,9.342328,33.37,64.07027391856539,0
-38.42,9.343608,33.37,62.048368229954285,0
15.45,9.33849,33.37,63.03967004989794,0
-3.06,9.33849,33.39,65.05382386916237,0
-35.87,9.319302,33.39,62.24146527838174,0
18.04,9.318023,33.39,63.2771680782255,0
-6.43,9.301393,33.39,66.6783323126786,0
17.21,9.280924,33.39,63.4428877022476,0
-54.62,9.324419,33.39,68.78226515607058,0
-199.89,9.347445,33.39,61.43289021363068,0
161.39,9.350003,33.39,78.49203781276162,0
259.29,9.376868,33.41,49.4064773081425,0
-70.14,9.465137,33.41,91.05492847726585,0
-68.81,9.250222,33.41,97.02576977277738,0
-81.93,9.417804,33.41,62.77738446287803,0
-172.58,9.165792,33.39,65.55913361233506,0
-256.25,8.82679,33.39,63.34824385884742,0
-16.47,8.77956,33.39,73.68853370776216,0
-49.18,8.316471,33.39,66.58828725834597,0
127.31,8.026144,33.39,30.870698080866262,0
318.68,8.439342,33.39,72.59476565152615,0
202.45,8.517376,33.39,61.603571325045756,0
111.56,8.416315,33.39,58.12056434688156,0
40.89,8.513538,33.37,45.4972526643093,0
34.84,8.551916,33.37,80.00624975587844,0
-12.39,8.76683,33.37,63.60031446463138,0
-65.36,8.80137,33.37,62.5859409132754,0
-120.51,8.820559,33.39,59.841457201508724,0
601.72,8.83591,33.39,73.97972695272672,0
-313.66,8.786019,33.39,57.584720195551874,0
-439.28,8.865333,33.39,61.814237842102365,0
-70.59,9.070013,33.37,63.4428877022476,0
-46.36,9.321962,33.37,67.7421582177598,0
144.91,9.332196,33.37,47.50789408087881,0
121.9,9.293819,33.37,83.2586331859946,0
-109.4,9.043086,33.37,62.52999280345393,0
-130.94,8.940745,33.37,58.31809324729333,0
-81.15,8.710481,33.37,66.35510530471637,0
179.7,8.444396,33.37,69.23871749245504,0
-192.94,8.229545,33.39,60.00833275470999,0
-114.03,8.175816,33.39,61.71709649683789,0
-83.75,8.230824,33.39,54.67174773134658,0
27.14,8.513538,33.39,58.31809324729333,0
105.51,8.645301,33.39,65.62773803811922,0
56.65,8.66577,33.39,55.37147279962851,0
199.81,8.365146,33.39,71.01408311032397,0
116.27,8.530169,33.39,64.00781202322104,0
-137.36,8.771947,33.37,55.65968020030299,0
-308.07,8.74892,33.37,62.080592780675026,0
-86.39,8.713101,33.37,63.788713735268246,0
88.18,8.742524,33.37,64.2339474110069,0
216.2,8.791136,33.37,62.73754856543249,0
12.95,8.832072,33.37,63.190189111918315,0
54.66,8.841026,33.37,63.190189111918315,0
21.82,8.85254,33.37,71.6798437498297,0
27.74,8.815442,33.39,59.16079783099616,0
-34.91,8.303741,33.39,56.43580423808985,0
3.43,8.317813,33.39,63.166446789415026,0
-22.08,8.522493,33.39,75.07329751649384,0
-10.1,8.76683,33.37,50.49752469181039,0
-40.4,8.724615,33.37,64.57553716385176,0
-24.92,8.659373,33.37,61.326992425847855,0
22.58,8.651697,33.37,62.93647591023825,0
-61.89,8.756597,33.37,63.84355879804947,0
24.55,8.811604,33.37,64.79197481170026,0
11.78,8.775784,33.37,63.773035054010094,0
43.81,8.534006,33.37,63.35613624582863,0
6.53,8.439342,33.39,63.592452382338585,0
30.03,8.053008,33.39,62.89674077406555,0
33.85,7.848328,33.39,63.39558344238185,0
-28.03,8.045753,33.39,63.694583757176716,0
-21.2,8.098203,33.37,63.37191807101944,0
20.76,8.158327,33.37,63.13477647065839,0
-92.14,8.182633,33.37,61.71709649683789,0
26.36,8.18775,33.37,75.21303078589507,0
12.8,8.286253,33.39,63.60031446463138,0
-64.98,8.499887,33.39,66.82813778641449,0
38.38,8.601807,33.39,61.87891401761993,0
21.76,8.559591,33.39,60.844062980705026,0
-104.39,8.541682,33.39,64.78425734698207,0
87.61,8.427829,33.39,62.64982043070834,0
30.51,8.351073,33.39,69.33974329343886,0
-59.65,8.397126,33.39,52.78257288158659,0
21.55,8.622274,33.41,66.27216610312357,0
-18.36,8.606924,33.41,65.27633568147036,0
-77.02,8.66449,33.41,66.58077800686922,0
23.0,8.705426,33.41,58.08614292583042,0
9.24,8.422711,33.41,62.185207244167,0
-7.58,8.061963,33.41,60.382116557802114,0
72.69,8.088827,33.41,64.74565622495459,0
104.22,8.248734,33.41,64.69157595854347,0
-70.76,8.25385,33.41,65.12296062065974,0
-11.77,8.265364,33.41,63.229739838148944,0
6.36,8.225707,33.41,64.10928169929842,0
-45.59,8.160465,33.41,62.77738446287803,0
-85.03,8.138718,33.39,63.229739838148944,0
16.14,8.106736,33.39,64.5445582524197,0
5.57,8.111854,33.39,64.04685784642366,0
-56.63,8.109295,33.39,63.103090257134,0
19.73,8.13488,33.41,64.95382975621992,0
-7.39,8.143835,33.41,60.909769331364245,0
-33.8,8.173258,33.41,64.39720490828775,0
33.63,8.264085,33.41,65.26101439603893,0
2.67,8.356191,33.41,63.26926584053272,0
21.32,8.340839,33.41,63.26926584053272,0
9.4,8.293508,33.41,78.16009211867653,0
-114.85,8.312696,33.41,52.81098370604357,0
54.19,8.32293,33.39,68.62215385719105,0
40.04,8.361307,33.39,63.52164985262898,0
-50.58,8.461089,33.39,62.0,0
-2.38,8.549357,33.39,63.474404290233394,0
-46.05,8.551916,33.41,66.85805860178712,0
-31.19,8.597969,33.41,58.73670062235365,0
73.19,8.603086,33.41,60.93439094632849,0
69.19,8.490512,33.41,64.47480127925948,0
-19.8,8.251292,33.41,60.473134530963414,0
-31.97,8.088827,33.41,63.914004725099176,0
100.05,8.174537,33.41,61.53048025166064,0
27.26,8.22059,33.41,48.75448697299562,0
-26.81,8.11697,33.41,62.49799996799898,0
0.23,8.047891,33.41,72.04165461731151,0
-29.36,8.041494,33.41,63.50590523722971,0
36.56,8.040215,33.41,63.63961030678928,0
-78.16,8.136159,33.39,63.796551630946325,0
51.13,8.139997,33.39,63.647466563878254,0
6.5,8.170699,33.39,62.64982043070834,0
-42.31,8.173258,33.39,63.50590523722971,0
-41.91,8.179654,33.39,63.63961030678928,0
40.21,8.18605,33.39,63.647466563878254,0
17.48,8.16942,33.39,62.65780079128216,0
-42.66,8.179654,33.39,63.647466563878254,0
21.29,8.166862,33.39,62.80923498976882,0
-1.63,8.178374,33.39,69.29646455628166,0
-23.73,8.247454,33.39,52.952809179494906,0
19.01,8.435504,33.39,63.103090257134,0
-10.12,8.47644,33.39,64.1404708432983,0
56.62,8.537845,33.39,64.29618962271404,0
30.41,8.485394,33.39,65.26867548832288,0
-177.18,8.52761,33.39,65.56675987114203,0
59.25,8.57878,33.41,64.7533782902483,0
101.84,8.589014,33.41,64.26507605223851,0
-15.24,8.500746,33.41,63.39558344238185,0
-53.73,8.353632,33.41,62.80127387243033,0
49.11,8.368983,33.41,66.30987860040162,0
5.9,8.400965,33.41,55.65968020030299,0
-73.55,8.576221,33.41,64.10928169929842,0
11.03,8.594131,33.41,65.37583651472461,0
29.33,8.604365,33.41,56.089214649520635,0
-12.73,8.505863,33.41,61.14736298484179,0
-24.8,8.453414,33.41,63.88270501473775,0
73.18,8.522493,33.41,68.94200461257273,0
22.3,8.597969,33.39,66.9776081985614,0
-77.96,8.536565,33.39,63.796551630946325,0
-15.76,8.462368,33.39,65.07687761409578,0
19.48,8.383055,33.39,53.842362503887216,0
-18.9,8.352353,33.41,83.26463835266445,0
17.59,8.348515,33.41,65.3834841531101,0
-30.26,8.276876,33.41,61.00819617067857,0
39.41,8.366425,33.41,63.00793600809346,0
29.03,8.40864,33.41,63.0158710167526,0
-49.94,8.39201,33.41,62.0403094769844,0
-7.43,8.383055,33.41,62.01612693485461,0
5.52,8.352353,33.41,63.0158710167526,0
-45.2,8.361307,33.41,63.0,0
46.28,8.354911,33.41,64.0,0
25.65,8.363866,33.41,64.01562309311689,0
-45.54,8.368983,33.41,64.01562309311689,0
36.34,8.376658,33.39,64.00781202322104,0
-1.06,8.37538,33.39,60.03332407921454,0
-34.85,8.384334,33.39,63.00793600809346,0
33.81,8.394568,33.39,64.01562309311689,0
-8.44,8.39201,33.39,63.0,0
-66.43,8.393289,33.39,63.0,0
33.81,8.376658,33.39,64.0,0
9.02,8.393289,33.39,63.0,0
-58.49,8.389451,33.43,63.00793600809346,0
30.43,8.411199,33.43,63.0,0
12.34,8.404802,33.43,63.0158710167526,0
-44.97,8.412477,33.43,63.0,0
31.82,8.411199,33.41,63.00793600809346,0
8.18,8.412477,33.41,63.00793600809346,0
-52.59,8.412477,33.41,63.0158710167526,0
34.79,8.413756,33.41,64.01562309311689,0
15.08,8.409919,33.41,63.0158710167526,0
-37.74,8.395847,33.41,63.0,0
15.3,8.406081,33.41,63.198101237299845,0
26.96,8.383055,33.41,67.17886572427373,0
-11.86,8.320372,33.41,56.515484603779164,0
-59.28,8.42527,33.41,66.47555941848101,0
68.71,8.404802,33.41,62.20128616033595,0
79.38,8.370262,33.41,71.11258679024411,0
-237.5,8.30502,33.39,67.14908785679818,0
-61.89,8.381776,33.39,59.89156868875618,0
139.86,8.449575,33.39,59.2452529743945,0
109.32,8.366425,33.39,61.98386886924694,0
-18.52,8.333164,33.39,62.94441992742486,0
20.48,8.351073,33.39,62.94441992742486,0
15.34,8.348515,33.39,62.94441992742486,0
-64.87,8.3741,33.39,62.94441992742486,0
3.92,8.381776,33.39,62.94441992742486,0
7.6,8.402244,33.39,62.64982043070834,0
-42.34,8.403522,33.39,62.94441992742486,0
25.04,8.411199,33.39,62.94441992742486,0
-0.85,8.429108,33.39,62.94441992742486,0
-50.33,8.438063,33.39,92.01086892318754,0
31.53,8.490512,33.39,40.607881008493905,0
-3.07,8.445738,33.39,70.09992867328754,0
-21.76,8.398406,33.37,66.7233092704491,0
17.67,8.39073,33.37,64.83054835492293,0
42.95,8.40864,33.37,61.538605769061746,0
-69.84,8.389451,33.37,62.64982043070834,0
-8.21,8.362587,33.39,66.87301398920195,0
22.89,8.393289,33.39,63.13477647065839,0
37.4,8.471323,33.39,55.614746245937326,0
55.19,8.480278,33.39,66.64833081180653,0
-34.59,8.430387,33.39,64.2339474110069,0
-29.2,8.45853,33.39,66.11353870426238,0
54.41,8.468764,33.39,60.61352984276695,0
-7.1,8.534006,33.39,63.15853069855251,0
-46.05,8.349794,33.41,68.21290200541243,0
9.25,8.246175,33.41,57.0701322935211,0
-24.07,8.252571,33.41,68.60757975617562,0
-19.09,8.308858,33.41,61.99193495931547,0
21.57,8.206518,33.41,62.63385665915839,0
6.72,8.203959,33.41,63.57672530100933,0
-19.29,8.212914,33.41,63.245553203367585,0
28.11,8.210356,33.41,63.56886030125127,0
-37.87,8.219311,33.39,62.93647591023825,0
-41.75,8.202681,33.39,63.25345840347388,0
10.56,8.16942,33.39,62.93647591023825,0
-18.23,8.193726,33.39,63.25345840347388,0
-4.05,8.210356,33.39,62.93647591023825,0
15.67,8.201401,33.39,63.245553203367585,0
-20.3,8.216752,33.39,63.245553203367585,0
10.89,8.219311,33.39,62.93647591023825,0
18.57,8.219311,33.41,63.245553203367585,0
-27.26,8.233382,33.41,63.245553203367585,0
31.34,8.228266,33.41,62.93647591023825,0
21.81,8.225707,33.41,62.93647591023825,0
-35.65,8.207797,33.39,63.245553203367585,0
33.67,8.2385,33.39,62.93647591023825,0
24.93,8.219311,33.39,63.245553203367585,0
-28.95,8.224427,33.39,62.93647591023825,0
30.34,8.223148,33.41,62.93647591023825,0
29.64,8.218031,33.41,63.245553203367585,0
-22.4,8.215473,33.41,63.25345840347388,0
-6.28,8.221869,33.41,62.94441992742486,0
31.19,8.216752,33.39,64.51356446515724,0
-3.42,8.205239,33.39,62.625873247404705,0
-56.53,8.210356,33.39,63.90618123468183,0
36.42,8.219311,33.39,63.15853069855251,0
3.04,8.317813,33.39,64.10928169929842,0
-58.8,8.325488,33.39,63.15853069855251,0
26.83,8.294786,33.39,63.694583757176716,0
18.93,8.280715,33.39,63.15853069855251,0
-9.11,8.262805,33.41,63.15853069855251,0
30.73,8.232103,33.41,62.77738446287803,0
0.01,8.232103,33.41,63.15853069855251,0
-57.33,8.239779,33.41,63.15853069855251,0
19.09,8.229545,33.41,63.15853069855251,0
-1.8,8.247454,33.41,63.15853069855251,0
-22.27,8.219311,33.41,63.15853069855251,0
25.07,8.232103,33.41,62.39390995922599,0
-24.03,8.242337,33.39,62.77738446287803,0
32.92,8.243616,33.39,63.694583757176716,0
12.06,8.239779,33.39,62.76941930590086,0
-67.49,8.247454,33.39,62.77738446287803,0
46.79,8.243616,33.41,62.77738446287803,0
20.7,8.232103,33.41,62.76941930590086,0
-57.75,8.234662,33.41,63.702433234531945,0
45.23,8.229545,33.41,63.702433234531945,0
30.49,8.232103,33.39,62.77738446287803,0
-27.33,8.214193,33.39,62.40192304729078,0
-42.13,8.221869,33.39,62.03224967708329,0
37.87,8.192447,33.39,62.297672508690084,0
18.42,8.235941,33.39,65.99242380758567,0
-31.39,8.251292,33.39,62.16912416947821,0
-5.46,8.270481,33.39,63.150613615387776,0
40.52,8.262805,33.39,63.150613615387776,0
-1.0,8.247454,33.39,62.976185975335156,0
-23.01,8.266643,33.39,65.22269543648132,0
7.18,8.299904,33.39,62.10475022089695,0
1.53,8.348515,33.39,62.94441992742486,0
-19.49,8.353632,33.39,62.94441992742486,0
-35.58,8.356191,33.39,63.608175575157006,0
13.28,8.351073,33.39,61.68468205316454,0
23.88,8.347236,33.39,62.64982043070834,0
-52.59,8.345957,33.41,61.99193495931547,0
10.85,8.335723,33.41,62.64982043070834,0
-8.19,8.340839,33.41,63.608175575157006,0
-56.34,8.333164,33.41,63.608175575157006,0
27.5,8.335723,33.39,63.33245613427605,0
4.02,8.331884,33.39,66.60330322138685,0
-44.03,8.321651,33.39,62.68971207462992,0
32.44,8.278156,33.39,59.54829972383762,0
6.78,8.539124,33.41,71.53320907103218,0
0.78,8.631229,33.41,62.177166226839255,0
210.21,8.622274,33.41,61.08191221630181,0
143.33,8.636347,33.41,63.0158710167526,0
-476.56,8.660652,33.39,63.50590523722971,0
111.69,8.684958,33.39,63.50590523722971,0
180.63,8.654256,33.39,63.50590523722971,0
-94.72,8.654256,33.39,63.39558344238185,0
-177.02,8.661932,33.37,62.20128616033595,0
-112.66,8.667048,33.37,63.72597586541927,0
-109.28,8.66449,33.37,50.0999001995014,0
-32.31,8.669607,33.37,66.61080993352356,0
137.11,8.617158,33.39,62.03224967708329,0
274.22,8.397126,33.39,63.06346010171025,0
54.26,8.275598,33.39,54.378304497290095,0
-249.67,8.244896,33.39,63.671029518926424,0
-91.12,8.225707,33.37,61.0163912403872,0
-391.61,8.247454,33.37,64.01562309311689,0
-26.21,8.244896,33.37,63.0158710167526,0
113.37,8.233382,33.37,63.0158710167526,0
169.85,8.242337,33.37,63.0158710167526,0
167.04,8.2385,33.37,63.03967004989794,0
20.57,8.233382,33.37,63.03967004989794,0
59.24,8.2385,33.37,64.03905058634146,0
57.73,8.224427,33.37,63.03967004989794,0
-13.12,8.241058,33.37,63.0158710167526,0
49.88,8.241058,33.37,63.03967004989794,0
41.35,8.241058,33.37,63.03967004989794,0
-21.74,8.246175,33.39,63.03967004989794,0
53.18,8.2385,33.39,63.03967004989794,0
36.93,8.241058,33.39,63.03967004989794,0
-22.32,8.235941,33.39,63.03967004989794,0
18.21,8.233382,33.37,64.03905058634146,0
31.09,8.243616,33.37,63.03967004989794,0
-12.68,8.246175,33.37,63.03967004989794,0
-42.34,8.251292,33.37,63.03967004989794,0
28.75,8.25513,33.34,63.03967004989794,0
5.11,8.252571,33.34,63.03967004989794,0
-54.25,8.243616,33.34,63.03967004989794,0
30.77,8.248734,33.34,63.03967004989794,0
18.25,8.250012,33.34,63.03967004989794,0
-30.7,8.258967,33.34,63.03967004989794,0
1.43,8.239779,33.34,63.03967004989794,0
15.63,8.242337,33.34,63.03967004989794,0
-11.38,8.247454,33.37,63.03967004989794,0
-54.92,8.248734,33.37,63.03967004989794,0
19.0,8.246175,33.37,63.03967004989794,0
3.99,8.235941,33.37,63.03967004989794,0
-49.89,8.242337,33.34,63.03967004989794,0
29.29,8.230824,33.34,64.01562309311689,0
8.94,8.247454,33.34,63.00793600809346,0
-39.75,8.2385,33.34,66.03029607687671,0
28.71,8.226986,33.34,61.106464469808756,0
13.94,8.251292,33.34,62.40192304729078,0
-23.8,8.3063,33.34,61.886993787063204,0
56.26,8.340839,33.34,63.953107821277925,0
46.01,8.136159,33.34,62.617888817813075,0
-96.61,8.127205,33.34,63.51377803280167,0
47.58,8.123366,33.34,63.51377803280167,0
-29.0,8.124646,33.34,63.51377803280167,0
-82.33,8.125925,33.33,63.51377803280167,0
48.16,8.138718,33.33,63.079315151640635,0
29.68,8.13488,33.33,63.079315151640635,0
-44.48,8.136159,33.33,63.079315151640635,0
33.35,8.122087,33.37,63.079315151640635,0
4.11,8.124646,33.37,63.079315151640635,0
-30.84,8.128484,33.37,63.079315151640635,0
32.03,8.127205,33.37,63.984373092185564,0
-4.55,8.125925,33.37,64.00781202322104,0
-24.25,8.131042,33.37,62.65780079128216,0
33.35,8.143835,33.37,62.68173577685928,0
-3.76,8.138718,33.37,63.079315151640635,0
-52.03,8.143835,33.34,63.592452382338585,0
30.15,8.141276,33.34,62.68173577685928,0
26.17,8.146393,33.34,62.68173577685928,0
-47.52,8.141276,33.34,63.079315151640635,0
34.2,8.137439,33.34,62.65780079128216,0
18.91,8.142555,33.34,63.103090257134,0
-29.53,8.143835,33.34,62.65780079128216,0
34.39,8.142555,33.34,62.65780079128216,0
9.93,8.143835,33.34,62.65780079128216,0
-49.66,8.141276,33.34,63.079315151640635,0
32.0,8.132321,33.34,62.68173577685928,0
6.22,8.136159,33.34,63.079315151640635,0
-56.34,8.138718,33.37,62.68173577685928,0
36.27,8.143835,33.37,62.65780079128216,0
8.22,8.125925,33.37,63.079315151640635,0
-56.19,8.120809,33.37,62.65780079128216,0
40.07,8.113132,33.34,62.65780079128216,0
16.46,8.124646,33.34,63.984373092185564,0
-32.2,8.120809,33.34,63.079315151640635,0
13.09,8.113132,33.34,63.079315151640635,0
27.86,8.113132,33.34,62.65780079128216,0
-8.38,8.124646,33.34,62.65780079128216,0
-68.53,8.06708,33.34,62.68173577685928,0
37.52,8.091386,33.34,62.68173577685928,0
20.83,8.097782,33.34,62.65780079128216,0
-38.58,8.090106,33.34,63.56886030125127,0
23.43,8.086268,33.34,62.65780079128216,0
29.37,8.086268,33.34,62.65780079128216,0
-11.13,8.088827,33.33,62.65780079128216,0
-18.4,8.091386,33.33,62.65780079128216,0
21.01,8.091386,33.33,62.65780079128216,0
-11.5,8.088827,33.33,63.079315151640635,0
-50.46,8.090106,33.34,62.65780079128216,0
32.23,8.087547,33.34,62.65780079128216,0
-2.33,8.087547,33.34,63.56886030125127,0
-45.79,8.086268,33.34,63.984373092185564,0
30.14,8.074756,33.34,62.65780079128216,0
-2.51,8.078593,33.34,62.65780079128216,0
-51.0,8.074756,33.34,63.56886030125127,0
32.05,8.073476,33.34,62.65780079128216,0
-1.54,8.073476,33.34,62.65780079128216,0
-49.23,8.087547,33.34,62.65780079128216,0
29.78,8.076035,33.34,63.984373092185564,0
-1.75,8.076035,33.34,63.56886030125127,0
-53.79,8.076035,33.34,63.592452382338585,0
29.85,8.077313,33.34,62.65780079128216,0
2.22,8.073476,33.34,63.984373092185564,0
-60.62,8.074756,33.34,62.65780079128216,0
36.1,8.061963,33.37,62.65780079128216,0
11.38,8.059404,33.37,62.65780079128216,0
-51.59,8.060683,33.37,62.65780079128216,0
39.93,8.051728,33.37,63.56886030125127,0
23.99,8.055567,33.34,63.56886030125127,0
-31.51,8.046612,33.34,62.65780079128216,0
24.44,8.054287,33.34,63.56886030125127,0
28.97,8.051728,33.34,62.65780079128216,0
-6.43,8.054287,33.34,63.079315151640635,0
-63.98,8.051728,33.34,63.592452382338585,0
35.76,8.054287,33.34,63.51377803280167,0
23.89,8.028702,33.34,56.72741841473134,0
-27.47,7.955785,33.37,60.489668539346454,0
-21.99,8.148952,33.37,69.85699678629192,0
34.15,8.170699,33.37,75.66372975210778,0
53.41,8.095223,33.37,56.94734409961539,0
-54.5,8.241058,33.33,67.68308503607086,0
91.22,8.235941,33.33,65.1536645170477,0
137.52,8.296065,33.33,63.97655820689325,0
-21.93,8.214193,33.33,75.75618786607468,0
-586.45,8.198843,33.34,68.11754546370561,0
128.06,8.175816,33.34,57.0,0
150.0,8.182212,33.34,58.489315263559035,0
-75.49,8.250012,33.34,70.84490101623405,0
-79.58,8.202681,33.34,66.27216610312357,0
-63.49,8.184771,33.34,49.29503017546495,0
55.07,8.224427,33.34,69.32532004974806,0
43.67,8.207797,33.34,55.65968020030299,0
75.03,8.216752,33.34,70.97887009526144,0
17.09,8.258967,33.34,83.7973746605465,0
-28.78,8.197563,33.34,81.78019320104349,0
-31.07,8.142555,33.34,96.57121724406295,0
62.71,8.161744,33.34,63.96092557178953,0
219.47,8.187329,33.34,61.814237842102365,0
-457.67,8.15151,33.34,62.55397669213365,0
-19.44,8.109295,33.34,62.75348595894893,0
66.02,8.113132,33.34,62.76941930590086,0
21.54,8.110574,33.34,61.59545437773797,0
-13.9,8.105457,33.34,59.23681287847955,0
41.4,8.074756,33.34,62.96824596572466,0
5.27,8.087547,33.34,62.64982043070834,0
14.32,8.099061,33.34,63.51377803280167,0
37.07,8.088827,33.34,63.51377803280167,0
-30.0,8.08371,33.34,62.55397669213365,0
13.36,8.070917,33.34,63.33245613427605,0
41.36,8.08499,33.34,62.16912416947821,0
-31.76,8.065801,33.34,62.96824596572466,0
15.41,8.055567,33.34,63.0158710167526,0
29.52,8.045332,33.37,63.733821476512766,0
-17.7,8.041494,33.37,62.65780079128216,0
-49.77,8.035098,33.37,62.68173577685928,0
30.96,8.033819,33.37,62.68173577685928,0
3.66,8.029982,33.34,62.68173577685928,0
-21.38,8.03126,33.34,62.68173577685928,0
-13.94,7.972415,33.34,62.81719509815764,0
16.34,7.991604,33.34,62.81719509815764,0
-0.56,7.999279,33.37,62.81719509815764,0
-43.21,7.994163,33.37,62.81719509815764,0
18.42,7.994163,33.37,62.81719509815764,0
30.31,7.991604,33.37,62.96824596572466,0
-6.77,7.986487,33.34,62.0,0
-54.6,7.976253,33.34,62.96824596572466,0
30.14,7.98137,33.34,63.13477647065839,0
13.13,7.958344,33.34,63.13477647065839,0
-34.74,7.953226,33.34,63.13477647065839,0
18.61,7.936596,33.34,63.13477647065839,0
32.35,7.967719,33.34,63.13477647065839,0
-3.48,7.972836,33.34,62.96824596572466,0
-63.74,7.970277,33.34,63.13477647065839,0
30.2,7.968998,33.34,62.0,0
18.66,7.954926,33.34,62.96824596572466,0
-34.52,7.957485,33.34,62.96824596572466,0
23.32,7.94853,33.37,62.96824596572466,0
24.88,7.961323,33.37,62.96824596572466,0
-8.58,7.944693,33.37,62.0,0
-45.07,7.952368,33.37,63.13477647065839,0
30.87,7.947251,33.34,63.166446789415026,0
15.09,7.933179,33.34,62.96824596572466,0
-43.09,7.938296,33.34,62.96824596572466,0
33.16,7.929341,33.34,63.13477647065839,0
16.65,7.952368,33.37,63.31666447310692,0
-28.26,7.944693,33.37,62.0,0
18.22,7.9319,33.37,62.16912416947821,0
19.88,7.922945,33.37,62.16912416947821,0
-8.54,7.921666,33.39,63.93746945258312,0
-15.48,7.916549,33.39,60.06662967072483,0
10.79,7.91527,33.39,62.96824596572466,0
-16.24,7.91399,33.39,61.204574992397426,0
-45.64,7.890964,33.37,63.0158710167526,0
25.08,7.901198,33.37,64.06246951218786,0
11.56,7.8641,33.37,63.54525946126902,0
-37.75,7.853866,33.37,60.61352984276695,0
52.76,7.870496,33.34,67.54998149518622,0
22.15,7.937017,33.34,67.00746227100382,0
-7.58,7.91527,33.34,63.93746945258312,0
153.93,7.933179,33.34,63.245553203367585,0
381.94,8.164723,33.37,58.12916651733448,0
91.07,8.003538,33.37,72.73926037567333,0
-144.45,7.832119,33.37,62.74551776820397,0
-357.99,7.908874,33.37,66.55073252789934,0
-587.25,8.110995,33.37,62.99206299209449,0
-74.41,8.089248,33.37,66.34003316248794,0
532.7,7.850028,33.37,61.48983655857283,0
253.24,7.693959,33.37,62.849025449882674,0
-496.36,7.632555,33.34,57.82732917920384,0
-114.77,7.320418,33.34,62.36184731067546,0
5.28,7.084106,33.34,63.41135544995076,0
-4.81,7.07643,33.34,63.2771680782255,0
106.09,7.053404,33.37,62.90468980926621,0
93.11,7.031657,33.37,62.36184731067546,0
-11.01,7.00863,33.37,63.41135544995076,0
41.64,7.021423,33.37,63.796551630946325,0
69.16,7.018864,33.37,63.796551630946325,0
35.67,7.022702,33.37,62.49799996799898,0
79.27,7.023981,33.37,62.49799996799898,0
35.31,7.015027,33.37,63.41135544995076,0
-41.13,7.023981,33.37,62.8887907341205,0
50.32,7.034215,33.37,62.8887907341205,0
22.39,7.048287,33.37,62.49799996799898,0
-49.64,7.035494,33.37,62.8887907341205,0
33.39,7.040611,33.39,62.8887907341205,0
3.23,7.022702,33.39,62.75348595894893,0
-53.49,7.034215,33.39,63.796551630946325,0
26.51,7.027819,33.39,63.41135544995076,0
-1.67,7.02526,33.37,63.796551630946325,0
-53.68,7.020144,33.37,62.36184731067546,0
19.28,7.018864,33.37,63.41135544995076,0
12.09,7.013747,33.37,63.41135544995076,0
-30.9,7.00991,33.37,62.49799996799898,0
1.27,7.00863,33.37,62.49799996799898,0
17.91,6.997117,33.37,62.36184731067546,0
-6.09,6.998396,33.37,62.49799996799898,0
-44.64,6.981766,33.34,63.2771680782255,0
18.93,7.002234,33.34,63.41135544995076,0
12.55,6.947226,33.34,63.66317616958802,0
-32.25,6.984871,33.34,63.41135544995076,0
17.01,6.98743,33.37,63.41135544995076,0
15.84,6.998943,33.37,63.2771680782255,0
-21.68,6.989988,33.37,63.2771680782255,0
-18.47,6.981033,33.37,62.36184731067546,0
16.45,6.983592,33.39,62.545983084447556,0
-10.96,6.982313,33.39,62.20128616033595,0
-57.49,6.968241,33.39,63.13477647065839,0
27.95,6.941377,33.39,63.13477647065839,0
31.65,6.978475,33.39,63.26926584053272,0
-49.67,6.997663,33.39,62.94441992742486,0
31.09,6.997663,33.39,62.80923498976882,0
23.17,6.992547,33.39,62.80923498976882,0
-54.78,6.991267,33.39,62.94441992742486,0
34.98,6.98615,33.39,62.49799996799898,0
20.65,6.974637,33.39,62.49799996799898,0
-36.16,6.982313,33.39,62.94441992742486,0
31.38,6.975916,33.39,63.74950980203691,0
16.14,6.966961,33.39,62.00806399170998,0
-36.96,6.955448,33.39,62.49799996799898,0
28.19,6.960566,33.39,62.63385665915839,0
13.32,6.950331,33.39,62.63385665915839,0
-39.77,6.961844,33.39,62.49799996799898,0
30.36,6.943935,33.39,62.49799996799898,0
8.39,6.941377,33.39,62.49799996799898,0
-45.62,6.93626,33.39,62.49799996799898,0
22.79,6.942656,33.39,63.4428877022476,0
0.47,6.938818,33.39,62.49799996799898,0
-34.98,6.928584,33.39,63.4428877022476,0
22.72,6.922188,33.39,63.4428877022476,0
-7.03,6.90172,33.39,63.74950980203691,0
-33.24,6.908116,33.39,62.94441992742486,0
10.71,6.906837,33.39,61.87083319303208,0
-8.36,6.90172,33.39,63.57672530100933,0
-27.14,6.890206,33.39,63.57672530100933,0
28.9,6.887648,33.39,62.94441992742486,0
-2.28,6.989988,33.39,63.88270501473775,0
-51.05,7.044996,33.39,62.63385665915839,0
18.32,6.902999,33.39,62.63385665915839,0
0.48,6.819848,33.39,62.63385665915839,0
-55.26,6.805776,33.39,62.63385665915839,0
1.05,6.789145,33.41,62.49799996799898,0
25.61,6.808334,33.41,63.57672530100933,0
-22.99,6.807055,33.41,62.63385665915839,0
48.25,6.812172,33.41,62.63385665915839,0
20.38,6.79938,33.37,63.57672530100933,0
-29.01,6.808334,33.37,62.3377895020348,0
34.56,6.7981,33.37,62.489999199871974,0
23.11,6.7981,33.37,62.3377895020348,0
-43.63,6.7981,33.39,63.57672530100933,0
19.69,6.805776,33.39,62.74551776820397,0
7.46,6.792984,33.39,61.94352266379432,0
-44.95,6.773795,33.39,69.49820141557622,0
15.59,6.795542,33.37,64.60650122085238,0
10.23,7.08977,33.37,58.249463516842795,0
-30.5,7.224091,33.37,61.00819617067857,0
42.58,7.308522,33.37,60.96720429870473,0
261.88,7.340503,33.37,55.299186250793966,0
233.31,7.449239,33.37,68.57113095173507,0
-19.44,7.405198,33.37,66.58077800686922,0
-137.99,7.383451,33.37,59.77457653551382,0
-463.26,7.403919,33.39,51.94227565288221,0
-311.65,7.432063,33.39,65.31462317123173,0
141.38,7.33356,33.39,62.49799996799898,0
41.65,7.168537,33.39,64.15605972938177,0
-78.88,7.181329,33.39,62.8728876384726,0
-158.93,7.18005,33.39,62.617888817813075,0
-245.41,7.183887,33.39,62.96824596572466,0
44.18,7.18005,33.39,62.96824596572466,0
64.93,7.168537,33.39,62.96824596572466,0
102.89,7.168537,33.39,62.96824596572466,0
97.79,7.173654,33.39,62.96824596572466,0
15.52,7.194122,33.39,62.96824596572466,0
116.78,7.181329,33.39,62.96824596572466,0
71.74,7.18005,33.39,62.96824596572466,0
-27.11,7.178771,33.39,62.96824596572466,0
53.89,7.171095,33.39,62.96824596572466,0
0.27,7.168537,33.39,62.96824596572466,0
-13.26,7.164699,33.39,62.96824596572466,0
12.46,7.118646,33.39,62.96824596572466,0
-31.56,7.141672,33.39,62.96824596572466,0
40.94,7.139114,33.41,62.96824596572466,0
3.65,7.131438,33.41,62.96824596572466,0
-60.99,7.132718,33.41,62.96824596572466,0
19.81,7.123763,33.41,62.96824596572466,0
-7.74,7.123763,33.39,62.96824596572466,0
-32.92,7.12888,33.39,62.96824596572466,0
11.42,7.119925,33.39,62.96824596572466,0
-18.36,7.118646,33.39,62.96824596572466,0
8.2,7.118646,33.39,62.96824596572466,0
12.08,7.122484,33.39,62.96824596572466,0
-24.3,7.116087,33.39,62.96824596572466,0
24.85,7.109691,33.39,62.96824596572466,0
8.38,7.105853,33.34,62.96824596572466,0
-32.15,7.103295,33.34,62.96824596572466,0
27.78,7.091782,33.34,62.96824596572466,0
9.02,7.093061,33.34,62.96824596572466,0
-43.02,7.085385,33.41,62.96824596572466,0
31.9,7.093061,33.41,62.96824596572466,0
12.18,7.071313,33.41,62.96824596572466,0
-44.32,7.081548,33.41,62.96824596572466,0
28.16,7.07643,33.37,62.96824596572466,0
5.77,7.075151,33.37,62.96824596572466,0
-20.24,7.073872,33.37,62.96824596572466,0
22.39,7.071313,33.37,62.96824596572466,0
-8.87,7.068755,33.39,62.96824596572466,0
-2.72,7.066196,33.39,62.96824596572466,0
15.72,7.052125,33.39,62.96824596572466,0
-14.29,7.052125,33.39,62.96824596572466,0
6.64,7.052125,33.39,62.96824596572466,0
14.6,7.038053,33.39,62.96824596572466,0
-20.01,7.049566,33.39,62.96824596572466,0
10.26,7.045729,33.39,62.96824596572466,0
14.17,7.045729,33.39,62.96824596572466,0
-15.52,7.041891,33.39,62.96824596572466,0
16.19,7.040611,33.39,62.96824596572466,0
10.4,7.034215,33.39,62.72160712226688,0
-27.01,7.023981,33.39,62.96824596572466,0
4.68,7.02654,33.39,62.96824596572466,0
12.1,7.017585,33.39,62.96824596572466,0
-23.49,7.017585,33.39,62.72160712226688,0
39.78,7.003513,33.37,62.72160712226688,0
23.04,7.013747,33.37,62.72160712226688,0
-25.97,7.011189,33.37,62.96824596572466,0
33.3,7.011189,33.37,62.72160712226688,0
9.15,7.007351,33.34,62.72160712226688,0
-32.79,7.003513,33.34,64.04685784642366,0
31.07,6.995838,33.34,63.56886030125127,0
15.88,6.985604,33.34,62.49799996799898,0
-14.9,6.977928,33.39,62.24949798994366,0
24.8,6.980487,33.39,61.61168720299745,0
24.16,6.981766,33.39,60.909769331364245,0
-5.41,6.876867,33.39,61.43289021363068,0
-42.17,6.891486,33.39,62.0644825967316,0
-2.6,6.905558,33.39,62.369864518050704,0
11.53,6.886369,33.39,62.30569797378086,0
-42.99,6.858225,33.39,57.55866572463264,0
20.27,6.923467,33.37,65.0384501660364,0
-12.33,6.974637,33.37,62.8728876384726,0
-90.74,7.108959,33.37,63.914004725099176,0
125.17,7.148615,33.37,62.23343153000644,0
185.01,7.130706,33.37,62.385895841928885,0
124.36,7.107679,33.37,61.45730225123781,0
-120.09,7.204902,33.37,64.76109943476871,0
-394.48,7.202344,33.37,69.40461079784254,0
4.58,7.206182,33.37,66.52067347825036,0
250.04,7.19211,33.37,82.71638289964086,0
-89.41,7.172921,33.37,65.37583651472461,0
-40.31,7.148615,33.37,63.4428877022476,0
49.18,7.12431,33.37,63.0158710167526,0
11.69,7.135823,33.37,63.166446789415026,0
34.48,7.183155,33.37,62.49799996799898,0
50.35,7.203623,33.37,63.2771680782255,0
24.33,7.203623,33.39,63.2771680782255,0
18.87,7.199785,33.39,62.52199612936234,0
-45.29,7.204902,33.39,64.48255578061404,0
-12.52,7.206182,33.39,55.80322571321482,0
26.79,7.201065,33.41,62.13694553162394,0
-6.08,7.197227,33.41,62.52199612936234,0
-12.81,7.169083,33.41,62.99206299209449,0
68.92,7.190831,33.41,62.88083968904996,0
23.42,7.188272,33.37,63.26926584053272,0
-27.73,7.203623,33.37,63.12685640834652,0
68.38,7.198506,33.37,62.49799996799898,0
96.11,7.201065,33.37,62.36184731067546,0
-79.07,7.202344,33.39,63.13477647065839,0
-183.15,7.215137,33.39,62.99206299209449,0
65.63,7.217695,33.39,62.36184731067546,0
59.78,7.22537,33.39,62.13694553162394,0
-0.81,7.22537,33.37,63.631753079732135,0
-59.25,7.229208,33.37,62.36184731067546,0
-10.25,7.244559,33.37,62.36184731067546,0
-54.22,7.239442,33.37,63.13477647065839,0
-112.05,7.234325,33.39,63.12685640834652,0
-38.16,7.240721,33.39,62.36184731067546,0
59.89,7.242001,33.39,61.59545437773797,0
46.66,7.248397,33.39,62.36184731067546,0
-52.47,7.242001,33.43,62.99206299209449,0
-42.41,7.250956,33.43,62.99206299209449,0
38.76,7.252234,33.43,63.75735251718032,0
-4.17,7.248397,33.43,62.99206299209449,0
-54.32,7.242001,33.41,63.75735251718032,0
40.13,7.245838,33.41,62.99206299209449,0
63.38,7.239442,33.41,62.99206299209449,0
0.11,7.234325,33.41,62.99206299209449,0
54.0,7.240721,33.39,63.0158710167526,0
65.93,7.252234,33.39,63.13477647065839,0
-2.46,7.24328,33.39,63.30876716537765,0
-50.54,7.235604,33.39,63.13477647065839,0
44.56,7.236884,33.41,63.30876716537765,0
10.85,7.239442,33.41,62.52199612936234,0
-86.18,7.239442,33.41,62.36184731067546,0
32.7,7.234325,33.41,63.13477647065839,0
30.9,7.238163,33.39,63.75735251718032,0
-33.53,7.230487,33.39,62.056425936400814,0
5.76,7.236884,33.39,62.71363488110062,0
41.7,7.231767,33.39,63.51377803280167,0
-4.63,7.235604,33.41,62.71363488110062,0
-39.86,7.238163,33.41,63.51377803280167,0
37.77,7.240721,33.41,62.93647591023825,0
47.0,7.239442,33.41,63.30876716537765,0
-24.53,7.24328,33.41,61.326992425847855,0
-4.72,7.249676,33.41,62.71363488110062,0
-1.47,7.239442,33.41,62.93647591023825,0
-29.51,7.238163,33.41,62.93647591023825,0
3.1,7.233046,33.39,62.93647591023825,0
12.76,7.236884,33.39,65.88626564011653,0
-23.02,7.235604,33.39,63.190189111918315,0
-72.17,7.235604,33.39,63.74950980203691,0
20.15,7.233046,33.39,63.190189111918315,0
30.84,7.242001,33.39,63.190189111918315,0
-23.08,7.236884,33.39,63.190189111918315,0
-4.28,7.240721,33.39,66.34756966159348,0
34.43,7.240721,33.41,63.190189111918315,0
-4.31,7.233046,33.41,64.01562309311689,0
-19.25,7.233046,33.41,64.01562309311689,0
36.22,7.22665,33.41,63.190189111918315,0
28.59,7.220253,33.39,62.6418390534633,0
-87.82,7.236884,33.39,62.369864518050704,0
32.18,7.231767,33.39,62.369864518050704,0
20.62,7.222812,33.39,63.190189111918315,0
-51.32,7.22537,33.39,62.52199612936234,0
38.52,7.224091,33.39,63.53739056650029,0
28.49,7.227929,33.39,63.190189111918315,0
-13.4,7.22537,33.39,63.190189111918315,0
-21.25,7.224091,33.37,63.324560795950255,0
28.74,7.222812,33.37,62.93647591023825,0
-9.16,7.222812,33.37,63.74950980203691,0
-64.75,7.213857,33.37,63.788713735268246,0
41.35,7.221533,33.39,63.74950980203691,0
58.33,7.229208,33.39,63.51377803280167,0
0.27,7.202344,33.39,63.13477647065839,0
-3.56,7.198506,33.39,62.93647591023825,0
-9.07,7.184434,33.41,62.71363488110062,0
-178.35,7.198506,33.41,62.12889826803627,0
26.71,7.180596,33.41,62.93647591023825,0
85.51,7.189551,33.41,63.071388124885914,0
15.0,7.183155,33.41,62.71363488110062,0
73.62,7.176759,33.41,62.71363488110062,0
60.18,7.12431,33.41,62.77738446287803,0
-12.85,7.152453,33.41,62.505999712027645,0
24.11,7.151174,33.39,63.608175575157006,0
32.5,7.143498,33.39,62.77738446287803,0
-18.87,7.146057,33.39,62.77738446287803,0
16.99,7.13966,33.39,62.369864518050704,0
19.89,7.151174,33.41,63.324560795950255,0
-32.99,7.147336,33.41,63.324560795950255,0
14.59,7.147336,33.41,63.071388124885914,0
-13.55,7.129426,33.41,63.071388124885914,0
-63.97,7.142219,33.41,63.071388124885914,0
71.61,7.130706,33.41,63.071388124885914,0
43.16,7.138381,33.41,63.071388124885914,0
-17.24,7.134543,33.41,63.071388124885914,0
-1.64,7.134543,33.39,63.071388124885914,0
12.3,7.13966,33.39,63.88270501473775,0
-5.94,7.12431,33.39,63.324560795950255,0
-36.9,7.128147,33.39,63.324560795950255,0
16.74,7.120472,33.41,62.77738446287803,0
0.03,7.130706,33.41,63.071388124885914,0
-36.06,7.115355,33.41,64.63745044476924,0
15.31,7.098724,33.41,63.56886030125127,0
20.45,7.052671,33.43,61.69278726074872,0
-10.42,7.068022,33.43,63.0158710167526,0
-50.12,7.059068,33.43,71.31619731870173,0
5.8,7.227929,33.43,54.18486873657626,0
30.61,7.245838,33.41,68.30080526611674,0
81.23,7.032203,33.41,63.72597586541927,0
262.65,7.112796,33.41,64.73020933072904,0
12.48,7.156291,33.41,62.13694553162394,0
-581.74,7.176759,33.41,62.51399843235114,0
23.4,7.153732,33.41,63.51377803280167,0
60.35,7.160129,33.41,62.57795138864806,0
-9.47,7.101283,33.41,77.5306391048081,0
-58.69,7.069302,33.41,51.09794516416487,0
66.54,7.125589,33.41,67.80117993073571,0
27.83,7.153732,33.41,63.56886030125127,0
39.62,7.12431,33.41,63.57672530100933,0
86.38,7.116634,33.43,63.25345840347388,0
-102.5,7.100004,33.43,63.57672530100933,0
-113.53,7.08849,33.43,63.57672530100933,0
25.6,7.092328,33.43,61.71709649683789,0
40.92,7.085932,33.43,63.914004725099176,0
-16.76,7.097445,33.43,63.57672530100933,0
35.24,7.076977,33.43,63.89835678638379,0
25.3,7.094887,33.43,61.741396161732524,0
-28.31,7.098724,33.43,64.50581369148055,0
54.44,7.098724,33.43,63.095166217389426,0
62.81,7.100004,33.43,63.2771680782255,0
-35.02,7.108959,33.43,63.33245613427605,0
-73.57,7.119193,33.41,61.98386886924694,0
40.52,7.111517,33.41,63.84355879804947,0
17.52,7.105121,33.41,63.984373092185564,0
-62.44,7.094887,33.41,62.177166226839255,0
56.41,7.030924,33.43,62.40192304729078,0
47.97,6.956728,33.43,63.33245613427605,0
-28.49,6.958007,33.43,62.76941930590086,0
8.9,6.947773,33.43,62.40192304729078,0
26.44,6.950331,33.43,74.03377607551839,0
2.04,6.988709,33.43,59.04235767650204,0
-61.35,7.125589,33.43,65.0,0
41.57,7.129426,33.43,63.56099432828282,0
62.78,7.115355,33.43,62.617888817813075,0
-1.97,7.152453,33.43,63.071388124885914,0
-140.38,7.15757,33.43,62.617888817813075,0
-14.0,7.176759,33.43,63.56886030125127,0
26.68,7.165246,33.41,62.617888817813075,0
-16.2,7.15757,33.41,63.13477647065839,0
20.44,7.147336,33.41,63.06346010171025,0
26.66,7.14094,33.41,63.06346010171025,0
-58.02,7.13966,33.43,63.53739056650029,0
4.34,7.131985,33.43,62.65780079128216,0
19.71,7.134543,33.43,63.14269553954757,0
-49.12,7.129426,33.43,63.14269553954757,0
27.16,7.135823,33.41,63.63961030678928,0
31.75,7.133264,33.41,63.29296959378664,0
-18.04,7.128147,33.41,61.91930232165088,0
11.25,7.120472,33.41,60.778285596090974,0
29.77,7.126868,33.45,63.53739056650029,0
0.51,7.125589,33.45,63.52164985262898,0
-28.68,7.07186,33.45,63.631753079732135,0
30.59,7.100004,33.45,62.83311228962003,0
-41.28,7.094887,33.45,62.51399843235114,0
-67.87,7.107679,33.45,63.28506932918696,0
45.01,7.103841,33.45,62.5939294181153,0
38.92,7.097445,33.45,63.694583757176716,0
-24.85,7.07186,33.45,62.68971207462992,0
42.55,7.082094,33.45,65.03076195155643,0
51.26,7.069302,33.45,64.41273166075166,0
-67.93,7.043717,33.45,61.538605769061746,0
-21.81,6.981033,33.43,62.369864518050704,0
56.78,6.995105,33.43,58.12916651733448,0
6.3,7.039879,33.43,62.13694553162394,0
79.7,7.044996,33.43,61.08191221630181,0
62.86,7.1064,33.45,62.353829072479584,0
-181.65,7.138381,33.45,60.340699366182356,0
-43.86,7.12431,33.45,63.03967004989794,0
28.32,7.110238,33.45,63.76519426771944,0
-29.47,7.12431,33.45,55.31726674375732,0
-43.26,7.065464,33.45,61.38403701289123,0
27.59,6.961844,33.45,66.73829485385434,0
37.09,6.978475,33.45,64.43601477434805,0
-13.38,7.005339,33.45,64.2339474110069,0
12.61,7.07314,33.45,63.35613624582863,0
-6.62,7.111517,33.45,61.98386886924694,0
-37.27,7.023249,33.45,63.13477647065839,0
37.89,7.028366,33.43,59.77457653551382,0
34.88,6.989988,33.43,63.4428877022476,0
-84.27,7.059068,33.43,65.09224224129939,0
34.25,7.096166,33.43,63.37191807101944,0
49.6,7.126868,33.47,65.26101439603893,0
89.12,7.174201,33.47,61.84658438426491,0
84.27,7.158849,33.47,63.229739838148944,0
74.72,7.149895,33.47,63.7808748764079,0
-213.65,7.143498,33.47,63.166446789415026,0
-196.11,7.142219,33.47,63.166446789415026,0
3.65,7.138381,33.47,63.229739838148944,0
-30.59,7.137102,33.47,63.229739838148944,0
44.06,7.135823,33.45,61.82232606429493,0
37.72,7.137102,33.45,60.315835400000886,0
-22.29,7.156291,33.45,63.08724118235002,0
93.94,7.174201,33.45,66.82813778641449,0
100.33,7.211298,33.47,61.61980201201558,0
46.51,7.184434,33.47,63.51377803280167,0
161.05,6.983592,33.47,64.42049363362563,0
96.73,7.12431,33.47,61.326992425847855,0
-389.63,7.121751,33.47,63.984373092185564,0
-384.05,7.108959,33.47,59.941638282582836,0
193.08,7.085932,33.47,63.8200595424354,0
116.5,7.082094,33.47,66.24952830020754,0
-37.01,7.038599,33.47,62.91263784010332,0
41.68,7.08977,33.47,61.74949392505172,0
7.03,7.105121,33.47,62.20932405998316,0
-106.49,7.129426,33.47,61.82232606429493,0
51.73,7.110238,33.49,62.76941930590086,0
39.82,7.119193,33.49,63.13477647065839,0
11.24,7.107679,33.49,64.32728814430156,0
63.15,7.117913,33.49,63.06346010171025,0
29.26,7.094887,33.49,63.631753079732135,0
-36.92,7.096166,33.49,62.75348595894893,0
31.1,7.110238,33.49,62.080592780675026,0
3.11,7.100004,33.49,63.079315151640635,0
-74.37,7.097445,33.49,62.80923498976882,0
43.48,7.094887,33.49,62.80923498976882,0
8.58,7.112796,33.49,63.20601237224193,0
-54.77,7.111517,33.49,62.625873247404705,0
38.59,7.12303,33.49,64.73020933072904,0
-0.46,7.108959,33.49,63.4428877022476,0
-63.06,7.102562,33.49,63.20601237224193,0
43.38,7.098724,33.49,63.166446789415026,0
17.57,7.116634,33.47,63.796551630946325,0
-58.33,7.131985,33.47,61.163714733492114,0
42.25,7.12303,33.47,73.85120175054702,0
14.43,7.092328,33.47,51.56549233741495,0
-28.54,7.084653,33.47,64.15605972938177,0
95.2,7.1064,33.47,64.35837163881635,0
128.87,7.105121,33.47,61.40032573203501,0
-183.31,7.103841,33.47,62.72160712226688,0
-82.16,7.033483,33.47,65.72670690061993,0
61.35,6.983592,33.47,64.69930447848725,0
-0.79,6.965683,33.47,64.03905058634146,0
-120.46,7.015573,33.47,62.20932405998316,0
36.56,6.966961,33.49,63.00793600809346,0
109.56,7.016852,33.49,62.976185975335156,0
50.39,7.005339,33.49,65.73431371817918,0
-132.66,6.989988,33.49,61.71709649683789,0
27.23,7.009177,33.5,63.0,0
10.94,6.993826,33.5,63.85138996137829,0
-7.87,6.973358,33.5,61.927376821564145,0
49.73,6.974637,33.5,62.369864518050704,0
-111.67,6.996384,33.49,63.15853069855251,0
-58.22,7.023249,33.49,63.45076831686122,0
-51.18,7.046275,33.49,62.91263784010332,0
41.85,7.043717,33.49,62.297672508690084,0
20.59,7.053951,33.5,62.68173577685928,0
-20.28,7.056509,33.5,62.20932405998316,0
61.52,7.032203,33.5,68.93475175845634,0
46.24,7.034762,33.5,65.22269543648132,0
-19.94,7.00278,33.49,63.03967004989794,0
33.55,7.013015,33.49,62.96824596572466,0
23.2,6.988709,33.49,63.06346010171025,0
-37.8,6.989988,33.49,62.55397669213365,0
13.0,6.984871,33.49,63.198101237299845,0
9.1,7.001502,33.49,63.324560795950255,0
-36.14,6.997663,33.49,63.324560795950255,0
47.74,6.991267,33.49,63.324560795950255,0
26.36,6.98743,33.49,63.85138996137829,0
-46.13,6.98615,33.49,60.844062980705026,0
32.81,6.919629,33.49,66.35510530471637,0
23.06,6.842874,33.49,64.25729530566937,0
-34.68,6.902999,33.49,62.80923498976882,0
7.18,6.911954,33.49,61.98386886924694,0
36.94,6.894044,33.49,63.28506932918696,0
-1.77,6.83264,33.49,64.28063471995279,0
7.17,6.812172,33.49,64.19501538281614,0
20.5,6.812172,33.49,63.28506932918696,0
-7.62,6.803217,33.49,63.28506932918696,0
-15.46,6.796821,33.49,63.28506932918696,0
-8.42,6.780191,33.49,63.63961030678928,0
-35.69,6.791704,33.49,63.079315151640635,0
-40.83,6.787867,33.49,63.29296959378664,0
38.82,6.787867,33.49,64.01562309311689,0
31.22,6.778912,33.49,63.079315151640635,0
-3.4,6.824965,33.49,66.007575322837,0
-16.21,6.824965,33.49,58.69412236331676,0
5.81,6.950331,33.49,55.80322571321482,0
-44.68,7.000222,33.5,63.53739056650029,0
29.68,7.001502,33.5,63.35613624582863,0
18.38,6.98615,33.5,65.03076195155643,0
88.71,6.96952,33.5,68.84039511798287,0
-55.43,6.964403,33.49,62.27358990776106,0
-14.71,6.959286,33.49,77.48548251124207,0
-56.49,6.993826,33.49,62.55397669213365,0
-97.08,7.014294,33.49,69.45502141674135,0
202.19,7.001502,33.5,63.419239982831705,0
235.66,6.972079,33.5,60.51446108162907,0
168.62,6.960566,33.5,49.13247398615299,0
-141.23,6.941377,33.5,58.728187440104094,0
-548.18,6.894044,33.49,63.93746945258312,0
-68.88,7.025807,33.49,65.09224224129939,0
-220.38,7.082094,33.49,64.00781202322104,0
32.28,7.079535,33.49,63.29296959378664,0
468.14,7.074419,33.5,62.82515419798029,0
-303.22,7.070581,33.5,63.45076831686122,0
-343.06,7.053951,33.5,61.84658438426491,0
73.25,7.038599,33.5,62.36184731067546,0
160.02,7.001502,33.5,63.15853069855251,0
230.54,7.036041,33.5,63.7808748764079,0
200.65,7.034762,33.5,63.166446789415026,0
-115.6,7.024528,33.5,66.67083320313314,0
-89.72,7.00406,33.53,63.221831672294975,0
21.66,7.00278,33.53,64.15605972938177,0
-61.64,7.00278,33.53,68.85491994040804,0
79.3,7.009177,33.53,65.42935121182236,0
35.68,7.060347,33.53,68.07348970047003,0
29.85,7.07186,33.53,59.28743543112655,0
109.57,7.069302,33.53,58.66003750424986,0
143.01,7.102562,33.53,60.663003552412405,0
-216.21,7.111517,33.5,65.34523701081817,0
189.6,7.093607,33.5,64.38167441127949,0
110.91,7.050113,33.5,62.5939294181153,0
-288.92,7.064185,33.5,64.5445582524197,0
-114.44,7.062905,33.53,63.30876716537765,0
-44.36,7.074419,33.53,65.7419196555744,0
15.17,7.068022,33.53,63.608175575157006,0
-3.88,7.065464,33.53,61.886993787063204,0
-13.08,7.066743,33.53,62.24146527838174,0
17.7,7.066743,33.53,65.73431371817918,0
23.8,7.060347,33.53,64.1404708432983,0
32.16,7.051392,33.53,62.49799996799898,0
0.72,7.047554,33.5,62.8728876384726,0
-63.13,7.048834,33.5,63.324560795950255,0
-12.82,7.032203,33.5,63.4428877022476,0
-30.37,7.02069,33.5,64.25729530566937,0
7.05,7.025807,33.5,62.94441992742486,0
8.04,7.034762,33.5,64.13267497929586,0
-67.36,7.027086,33.5,63.74950980203691,0
22.74,7.025807,33.5,63.74950980203691,0
18.36,7.02069,33.53,63.74950980203691,0
-4.01,7.02069,33.53,63.3798075099633,0
37.71,7.015573,33.53,63.3798075099633,0
-27.17,7.009177,33.53,63.3798075099633,0
59.7,7.009177,33.5,63.3798075099633,0
22.89,7.001502,33.5,62.5859409132754,0
-59.54,6.992547,33.5,64.19501538281614,0
41.77,6.996384,33.5,64.2339474110069,0
9.02,6.995105,33.5,63.4428877022476,0
-40.57,7.000222,33.5,63.387695966961914,0
25.46,6.995105,33.5,61.30252849597641,0
-27.42,6.989988,33.5,65.39877674696982,0
-23.83,6.996384,33.5,64.319514923544,0
22.09,7.00406,33.5,64.26507605223851,0
-43.16,6.997663,33.5,63.592452382338585,0
-69.91,7.000222,33.5,63.96092557178953,0
44.58,6.98615,33.53,63.13477647065839,0
-38.7,6.993826,33.53,63.75735251718032,0
-10.59,6.998943,33.53,63.39558344238185,0
76.56,6.996384,33.53,63.13477647065839,0
67.09,6.995105,33.5,63.13477647065839,0
43.8,6.997663,33.5,63.88270501473775,0
41.07,6.993826,33.5,63.13477647065839,0
-18.84,6.98743,33.5,64.1404708432983,0
15.24,6.979754,33.5,63.53739056650029,0
1.33,6.983592,33.5,63.53739056650029,0
-60.23,6.98743,33.5,63.53739056650029,0
24.27,6.979754,33.5,63.812224534175265,0
16.51,6.973358,33.53,63.221831672294975,0
-66.1,6.982313,33.53,63.221831672294975,0
16.09,6.983592,33.53,63.51377803280167,0
-7.24,6.982313,33.53,63.702433234531945,0
-65.83,6.972079,33.55,63.2771680782255,0
16.99,6.963124,33.55,63.06346010171025,0
-2.26,6.950331,33.55,63.48228099241551,0
-56.89,6.954169,33.55,63.0158710167526,0
18.73,6.954169,33.55,63.48228099241551,0
1.3,6.960566,33.55,63.0158710167526,0
-58.33,6.941377,33.55,63.0158710167526,0
21.88,6.942656,33.55,63.0158710167526,0
3.76,6.950331,33.5,63.0158710167526,0
-46.93,6.947773,33.5,63.914004725099176,0
35.58,6.946494,33.5,63.0158710167526,0
-2.34,6.945214,33.5,63.48228099241551,0
-81.67,6.943935,33.53,62.91263784010332,0
23.75,6.933701,33.53,62.37788069500277,0
34.7,6.93498,33.53,64.53681120105021,0
-63.15,6.93626,33.53,63.60031446463138,0
37.54,6.93498,33.53,63.45076831686122,0
30.92,6.933701,33.53,62.5859409132754,0
-27.56,6.926025,33.53,64.19501538281614,0
-15.03,6.933701,33.53,64.28841264178172,0
77.57,6.929863,33.53,62.80923498976882,0
28.13,6.928584,33.53,62.20128616033595,0
54.56,6.931142,33.53,63.45076831686122,0
-47.08,6.927305,33.53,64.52906321960671,0
-48.93,6.924747,33.53,62.52199612936234,0
-54.2,6.927305,33.53,62.976185975335156,0
-4.44,6.913233,33.53,63.82789358893179,0
-79.58,6.913233,33.53,64.96922348312314,0
-52.75,6.906837,33.5,63.773035054010094,0
68.29,6.905558,33.5,61.97580172938467,0
14.86,6.869739,33.5,63.387695966961914,0
35.39,6.892765,33.5,62.5939294181153,0
-8.78,6.887648,33.53,64.73020933072904,0
-78.9,6.887648,33.53,63.06346010171025,0
25.58,6.88381,33.53,62.976185975335156,0
-74.06,6.882531,33.53,62.976185975335156,0
-63.9,6.878693,33.53,62.976185975335156,0
131.24,6.876135,33.53,63.773035054010094,0
32.15,6.871018,33.53,63.773035054010094,0
19.83,6.860784,33.53,62.976185975335156,0
44.02,6.863342,33.53,64.2339474110069,0
-6.82,6.858225,33.53,62.65780079128216,0
39.15,6.853108,33.53,63.387695966961914,0
27.96,6.873576,33.53,64.2339474110069,0
-28.32,6.858225,33.5,63.773035054010094,0
14.48,6.862063,33.5,63.84355879804947,0
26.99,6.84927,33.5,64.2339474110069,0
-23.07,6.847991,33.5,62.976185975335156,0
4.33,6.847991,33.53,62.976185975335156,0
27.42,6.851829,33.53,62.976185975335156,0
-16.24,6.840316,33.53,62.5859409132754,0
-25.63,6.83392,33.53,62.976185975335156,0
31.18,6.836478,33.53,63.773035054010094,0
4.28,6.844153,33.53,62.5859409132754,0
-54.52,6.83264,33.53,63.773035054010094,0
31.04,6.83392,33.53,63.773035054010094,0
20.88,6.821127,33.5,62.976185975335156,0
-16.31,6.83264,33.5,63.773035054010094,0
-54.99,6.828803,33.5,63.773035054010094,0
25.33,6.831361,33.5,63.773035054010094,0
15.17,6.830081,33.53,63.4428877022476,0
-26.29,6.830081,33.53,62.976185975335156,0
-8.83,6.817289,33.53,63.84355879804947,0
18.66,6.826244,33.53,63.4428877022476,0
-9.44,6.821127,33.53,62.976185975335156,0
-34.13,6.813451,33.53,62.976185975335156,0
16.3,6.814731,33.53,63.4428877022476,0
-5.26,6.809614,33.53,62.976185975335156,0
-45.81,6.814731,33.53,62.976185975335156,0
21.13,6.805776,33.53,62.976185975335156,0
2.63,6.809614,33.53,62.976185975335156,0
-52.95,6.809614,33.53,63.773035054010094,0
26.21,6.810893,33.53,63.773035054010094,0
7.84,6.79938,33.53,62.976185975335156,0
-54.64,6.808334,33.53,62.976185975335156,0
43.29,6.7981,33.53,63.773035054010094,0
8.53,6.801938,33.53,63.773035054010094,0
-48.67,6.808334,33.53,62.976185975335156,0
31.45,6.805776,33.53,62.976185975335156,0
29.76,6.805776,33.53,62.976185975335156,0
-11.86,6.796821,33.55,62.976185975335156,0
15.59,6.800659,33.55,63.773035054010094,0
17.96,6.792984,33.55,62.976185975335156,0
-9.32,6.804497,33.55,62.976185975335156,0
-63.99,6.785308,33.53,62.976185975335156,0
21.7,6.803217,33.53,63.4428877022476,0
23.67,6.786587,33.53,62.976185975335156,0
-21.97,6.79938,33.53,62.976185975335156,0
5.98,6.796821,33.55,62.976185975335156,0
30.36,6.791704,33.55,62.976185975335156,0
2.48,6.792984,33.55,62.976185975335156,0
-43.13,6.795542,33.55,62.976185975335156,0
25.98,6.792984,33.55,62.976185975335156,0
4.42,6.787867,33.55,62.976185975335156,0
-50.68,6.790425,33.55,62.976185975335156,0
20.34,6.778912,33.55,62.976185975335156,0
3.33,6.790425,33.53,62.976185975335156,0
-62.0,6.78147,33.53,63.773035054010094,0
31.07,6.790425,33.53,62.976185975335156,0
22.68,6.789145,33.53,63.773035054010094,0
-24.02,6.792984,33.53,62.976185975335156,0
48.78,6.791704,33.53,62.976185975335156,0
33.41,6.784029,33.53,63.773035054010094,0
-31.56,6.786587,33.53,62.976185975335156,0
-33.1,6.789145,33.53,62.976185975335156,0
33.35,6.794263,33.53,62.976185975335156,0
1.68,6.772515,33.53,63.773035054010094,0
-59.79,6.782749,33.53,62.976185975335156,0
21.5,6.776353,33.53,62.976185975335156,0
24.77,6.789145,33.53,63.773035054010094,0
-23.08,6.741813,33.53,62.976185975335156,0
-37.62,6.767398,33.53,63.773035054010094,0
26.8,6.767398,33.53,62.976185975335156,0
6.09,6.777632,33.53,62.976185975335156,0
-49.9,6.780191,33.53,62.976185975335156,0
25.31,6.773795,33.53,63.0158710167526,0
3.81,6.769957,33.53,63.84355879804947,0
-57.77,6.754606,33.53,63.3798075099633,0
29.8,6.766119,33.53,63.0158710167526,0
-3.66,6.761002,33.53,63.4428877022476,0
-58.75,6.775074,33.57,63.4428877022476,0
63.69,6.763561,33.57,64.319514923544,0
65.47,6.76484,33.57,63.53739056650029,0
-117.87,6.753326,33.57,63.92182725798755,0
1.54,6.767398,33.53,63.4428877022476,0
-4.25,6.767398,33.53,63.4428877022476,0
-51.5,6.767398,33.53,63.4428877022476,0
28.07,6.766119,33.53,62.88083968904996,0
-0.81,6.757164,33.53,64.53681120105021,0
-16.66,6.775074,33.53,62.369864518050704,0
21.69,6.759723,33.53,62.65780079128216,0
-27.59,6.766119,33.53,63.96092557178953,0
-10.78,6.759723,33.53,64.03905058634146,0
36.25,6.769957,33.53,62.185207244167,0
-42.44,6.759723,33.53,63.96092557178953,0
49.69,6.763561,33.53,62.26556030423239,0
53.8,6.757164,33.53,62.976185975335156,0
-31.19,6.762281,33.53,65.71149062378664,0
18.51,6.761002,33.53,62.20932405998316,0
27.57,6.750768,33.53,62.5939294181153,0
-2.02,6.759723,33.53,65.21502894272147,0
-16.92,6.755885,33.53,62.5859409132754,0
23.4,6.752048,33.53,63.3798075099633,0
-14.71,6.752048,33.53,65.30696746902278,0
-68.78,6.749489,33.53,63.54525946126902,0
8.72,6.741813,33.53,63.3798075099633,0
48.75,6.745651,33.53,63.4428877022476,0
-42.8,6.746931,33.53,63.4428877022476,0
54.19,6.748209,33.55,63.84355879804947,0
42.5,6.740534,33.55,63.4428877022476,0
-56.66,6.735417,33.55,63.4428877022476,0
15.92,6.7303,33.55,63.4428877022476,0
8.84,6.740534,33.53,63.4428877022476,0
-47.66,6.748209,33.53,63.84355879804947,0
21.02,6.743093,33.53,63.4428877022476,0
18.37,6.740534,33.53,63.4428877022476,0
-36.66,6.741813,33.55,63.4428877022476,0
29.59,6.740534,33.55,63.4428877022476,0
27.4,6.741813,33.55,63.4428877022476,0
-27.52,6.739255,33.55,63.4428877022476,0
31.68,6.734138,33.55,63.4428877022476,0
23.15,6.729021,33.55,63.4428877022476,0
-28.14,6.731579,33.55,63.4428877022476,0
25.39,6.732859,33.55,63.84355879804947,0
25.21,6.723904,33.53,63.4428877022476,0
-31.02,6.736696,33.53,63.84355879804947,0
20.84,6.726462,33.53,63.84355879804947,0
4.37,6.7303,33.53,63.4428877022476,0
-44.11,6.723904,33.53,63.84355879804947,0
32.15,6.736696,33.53,63.4428877022476,0
26.21,6.731579,33.53,63.4428877022476,0
-37.43,6.734138,33.53,63.4428877022476,0
39.62,6.722625,33.53,63.4428877022476,0
28.92,6.731579,33.53,63.4428877022476,0
-30.34,6.727742,33.53,63.84355879804947,0
24.91,6.726462,33.53,63.4428877022476,0
26.62,6.725183,33.55,63.4428877022476,0
-41.02,6.725183,33.55,63.4428877022476,0
15.55,6.725183,33.55,64.319514923544,0
29.94,6.717507,33.55,64.319514923544,0
-25.57,6.729021,33.57,65.21502894272147,0
20.06,6.725183,33.57,65.30696746902278,0
32.41,6.722625,33.57,62.12889826803627,0
-21.44,6.700877,33.57,66.06814663663572,0
10.17,6.722625,33.53,62.20932405998316,0
36.78,6.723904,33.53,63.48228099241551,0
-24.44,6.71367,33.53,64.03905058634146,0
-42.88,6.71367,33.53,61.40846847137616,0
-6.21,6.716228,33.55,65.1536645170477,0
11.22,6.714949,33.55,61.74949392505172,0
-35.86,6.675292,33.55,63.48228099241551,0
40.08,6.702157,33.55,62.976185975335156,0
47.27,6.69704,33.55,63.3798075099633,0
-70.94,6.71239,33.55,65.63535632568775,0
30.82,6.693202,33.55,61.74949392505172,0
9.02,6.705994,33.55,64.73020933072904,0
-70.97,6.69704,33.53,62.52199612936234,0
38.47,6.709832,33.53,64.25729530566937,0
5.13,6.691923,33.53,63.92182725798755,0
-51.89,6.704715,33.53,62.12889826803627,0
26.9,6.705994,33.53,66.12866246946176,0
10.97,6.699598,33.53,62.20932405998316,0
-41.54,6.702157,33.53,62.928530890209096,0
33.07,6.702157,33.53,64.73020933072904,0
39.65,6.700877,33.53,63.4428877022476,0
-41.02,6.685526,33.53,62.52199612936234,0
28.81,6.69576,33.53,62.976185975335156,0
17.21,6.684247,33.53,62.976185975335156,0
-65.63,6.69576,33.53,62.976185975335156,0
-4.16,6.689364,33.53,63.4428877022476,0
-0.92,6.689364,33.53,63.4428877022476,0
13.47,6.685526,33.53,63.4428877022476,0
-22.71,6.686806,33.55,63.4428877022476,0
59.53,6.685526,33.55,62.976185975335156,0
39.61,6.685526,33.55,63.84355879804947,0
-14.22,6.681688,33.55,62.976185975335156,0
24.79,6.671454,33.53,63.4428877022476,0
30.84,6.67913,33.53,62.976185975335156,0
-5.54,6.675292,33.53,63.4428877022476,0
-32.85,6.675292,33.53,63.4428877022476,0
25.51,6.668896,33.57,63.4428877022476,0
4.03,6.67913,33.57,63.4428877022476,0
-41.31,6.666337,33.57,63.4428877022476,0
28.84,6.671454,33.57,63.4428877022476,0
27.56,6.672734,33.55,63.4428877022476,0
-19.38,6.67913,33.55,63.4428877022476,0
-8.57,6.671454,33.55,63.4428877022476,0
15.59,6.665058,33.55,62.976185975335156,0
-2.61,6.671454,33.55,62.976185975335156,0
-34.56,6.670175,33.55,63.4428877022476,0
13.81,6.668896,33.55,62.976185975335156,0
-8.98,6.668896,33.55,62.976185975335156,0
-61.15,6.668896,33.57,63.4428877022476,0
12.81,6.6625,33.57,63.4428877022476,0
1.14,6.666337,33.57,63.4428877022476,0
-36.47,6.666337,33.57,63.4428877022476,0
30.98,6.663779,33.55,63.4428877022476,0
9.72,6.656104,33.55,63.4428877022476,0
-35.21,6.650987,33.55,63.84355879804947,0
19.56,6.652266,33.55,63.4428877022476,0
20.69,6.652266,33.55,63.4428877022476,0
-31.82,6.648428,33.55,63.84355879804947,0
31.45,6.653545,33.55,63.4428877022476,0
15.4,6.652266,33.55,63.4428877022476,0
-35.91,6.654824,33.57,63.4428877022476,0
26.02,6.652266,33.57,63.4428877022476,0
24.42,6.656104,33.57,63.4428877022476,0
-26.0,6.652266,33.57,63.4428877022476,0
21.17,6.653545,33.55,63.4428877022476,0
25.06,6.653545,33.55,63.4428877022476,0
-14.36,6.654824,33.55,62.976185975335156,0
-15.34,6.650987,33.55,62.976185975335156,0
26.37,6.642032,33.55,62.976185975335156,0
-1.15,6.647149,33.55,62.976185975335156,0
-37.58,6.639473,33.55,63.4428877022476,0
22.38,6.652266,33.55,63.4428877022476,0
3.52,6.643311,33.57,62.976185975335156,0
-51.1,6.653545,33.57,62.976185975335156,0
30.36,6.640752,33.57,63.4428877022476,0
20.42,6.64459,33.57,63.4428877022476,0
-32.23,6.634356,33.55,63.4428877022476,0
22.33,6.652266,33.55,63.4428877022476,0
25.76,6.642032,33.55,63.4428877022476,0
-24.65,6.640752,33.55,63.4428877022476,0
-1.57,6.638194,33.57,62.976185975335156,0
19.08,6.642032,33.57,63.4428877022476,0
-14.77,6.640752,33.57,63.4428877022476,0
-2.03,6.633077,33.57,63.4428877022476,0
15.5,6.636915,33.57,62.976185975335156,0
-12.46,6.631798,33.57,63.3798075099633,0
-15.61,6.607492,33.57,63.53739056650029,0
20.76,6.61133,33.57,63.0158710167526,0
-10.53,6.625401,33.55,61.40846847137616,0
-13.28,6.625401,33.55,65.76473218982953,0
26.19,6.633077,33.55,64.6297145282261,0
-2.2,6.661221,33.55,64.03905058634146,0
-7.92,6.667617,33.55,62.289646009589745,0
47.69,6.671454,33.55,62.39390995922599,0
81.87,6.666337,33.55,62.65780079128216,0
-168.28,6.665058,33.55,61.644140029689765,0
11.09,6.657383,33.57,62.77738446287803,0
6.84,6.666337,33.57,63.198101237299845,0
1.13,6.647149,33.57,62.289646009589745,0
39.73,6.657383,33.57,63.631753079732135,0
4.59,6.64587,33.57,62.8728876384726,0
-54.2,6.661221,33.57,63.2771680782255,0
28.24,6.640752,33.57,63.39558344238185,0
10.69,6.64459,33.57,63.0,0
-48.61,6.634356,33.55,63.0,0
63.04,6.630518,33.55,63.387695966961914,0
34.09,6.625401,33.55,63.15853069855251,0
-49.01,6.620285,33.55,63.387695966961914,0
15.66,6.616446,33.55,62.77738446287803,0
23.64,6.608771,33.55,63.0,0
-21.37,6.621564,33.55,62.40192304729078,0
1.0,6.607492,33.55,63.0,0
21.09,6.61133,33.55,63.52952069707436,0
-6.84,6.606213,33.55,63.39558344238185,0
-47.47,6.610051,33.55,63.387695966961914,0
21.69,6.606213,33.55,63.52952069707436,0
7.37,6.606213,33.53,62.48199740725323,0
-42.85,6.606213,33.53,63.52952069707436,0
21.77,6.594699,33.53,63.39558344238185,0
7.21,6.597258,33.53,63.387695966961914,0
-50.85,6.585745,33.55,63.52952069707436,0
30.0,6.603654,33.55,63.76519426771944,0
13.25,6.594699,33.55,63.52952069707436,0
-40.94,6.597258,33.55,63.0,0
30.02,6.594699,33.55,63.387695966961914,0
17.49,6.595979,33.55,62.625873247404705,0
-37.06,6.59342,33.55,63.76519426771944,0
27.2,6.588303,33.55,63.387695966961914,0
17.22,6.592141,33.57,63.52952069707436,0
-36.18,6.589582,33.57,63.63961030678928,0
31.25,6.590862,33.57,63.52952069707436,0
24.63,6.581907,33.57,63.76519426771944,0
-39.61,6.588303,33.55,63.387695966961914,0
31.45,6.583186,33.55,63.52952069707436,0
28.26,6.575511,33.55,63.0,0
-26.29,6.581907,33.55,63.387695966961914,0
12.19,6.57679,33.57,63.52952069707436,0
29.23,6.588303,33.57,63.25345840347388,0
-16.43,6.581907,33.57,63.0,0
-13.09,6.57679,33.57,64.28841264178172,0
20.14,6.578069,33.57,63.25345840347388,0
-9.14,6.571673,33.57,63.702433234531945,0
-40.36,6.572952,33.57,63.00793600809346,0
26.31,6.579349,33.57,63.34824385884742,0
1.62,6.57679,33.57,63.34824385884742,0
-53.82,6.578069,33.57,63.34824385884742,0
38.29,6.584466,33.57,63.34824385884742,0
13.56,6.584466,33.57,64.1404708432983,0
-34.04,6.578069,33.57,63.733821476512766,0
21.25,6.574232,33.57,64.47480127925948,0
18.64,6.55888,33.57,63.39558344238185,0
-22.08,6.562718,33.57,63.733821476512766,0
23.44,6.555043,33.59,62.76145313805282,0
30.75,6.55888,33.59,63.66317616958802,0
-19.47,6.56016,33.59,63.66317616958802,0
-1.79,6.557601,33.59,62.93647591023825,0
9.83,6.56016,33.57,62.93647591023825,0
-32.06,6.555043,33.57,64.10148204214939,0
23.34,6.55888,33.57,63.51377803280167,0
21.01,6.553763,33.57,63.8200595424354,0
-27.44,6.557601,33.57,63.8200595424354,0
20.62,6.55888,33.57,63.51377803280167,0
14.19,6.556322,33.57,63.245553203367585,0
-38.88,6.553763,33.57,63.8200595424354,0
27.98,6.547367,33.57,63.245553203367585,0
4.51,6.56016,33.57,63.8200595424354,0
-50.95,6.514107,33.57,63.8200595424354,0
33.0,6.547367,33.57,63.245553203367585,0
1.99,6.537133,33.59,63.245553203367585,0
-24.78,6.551205,33.59,63.245553203367585,0
30.91,6.544809,33.59,63.8200595424354,0
3.13,6.546088,33.59,63.8200595424354,0
-52.9,6.546088,33.61,63.8200595424354,0
32.33,6.538413,33.61,63.245553203367585,0
22.42,6.54225,33.61,63.245553203367585,0
-23.57,6.526899,33.61,63.245553203367585,0
-1.19,6.538413,33.59,63.245553203367585,0
24.3,6.535854,33.59,63.56886030125127,0
-5.91,6.535854,33.59,63.245553203367585,0
-38.71,6.534575,33.59,63.245553203367585,0
18.91,6.534575,33.59,63.245553203367585,0
1.07,6.530737,33.59,63.245553203367585,0
-53.39,6.523061,33.59,63.56886030125127,0
26.42,6.523061,33.59,63.56886030125127,0
8.71,6.514107,33.59,63.56886030125127,0
-39.46,6.524341,33.59,63.56886030125127,0
26.37,6.510269,33.59,63.56886030125127,0
18.09,6.517944,33.59,63.56886030125127,0
-24.47,6.512827,33.59,63.56886030125127,0
10.03,6.514107,33.59,63.56886030125127,0
21.45,6.510269,33.59,63.56886030125127,0
-11.31,6.510269,33.59,63.56886030125127,0
-22.96,6.510269,33.59,63.56886030125127,0
21.33,6.510269,33.59,63.56886030125127,0
-0.1,6.510269,33.59,63.56886030125127,0
-44.68,6.503872,33.59,63.56886030125127,0
33.05,6.50771,33.59,63.56886030125127,0
8.94,6.488522,33.59,63.56886030125127,0
-56.05,6.50899,33.59,63.56886030125127,0
29.62,6.505152,33.59,63.56886030125127,0
15.45,6.50771,33.61,63.56886030125127,0
-38.86,6.516665,33.61,63.56886030125127,0
32.9,6.511548,33.61,63.56886030125127,0
15.81,6.50899,33.61,63.56886030125127,0
-38.33,6.503872,33.59,63.00793600809346,0
28.92,6.514107,33.59,63.56886030125127,0
18.66,6.502594,33.59,63.56886030125127,0
-41.61,6.506431,33.59,63.56886030125127,0
36.08,6.498755,33.59,63.56886030125127,0
19.73,6.50771,33.59,63.56886030125127,0
-51.14,6.505152,33.59,63.56886030125127,0
37.55,6.503872,33.59,63.56886030125127,0
25.19,6.503872,33.59,63.56886030125127,0
-37.3,6.500035,33.59,63.56886030125127,0
36.21,6.503872,33.59,63.56886030125127,0
26.79,6.496197,33.59,63.56886030125127,0
-30.82,6.502594,33.61,63.56886030125127,0
21.88,6.501314,33.61,63.56886030125127,0
28.1,6.502594,33.61,63.56886030125127,0
-21.34,6.493639,33.61,63.56886030125127,0
4.28,6.497477,33.61,63.56886030125127,0
27.77,6.502594,33.61,63.56886030125127,0
-11.44,6.500035,33.61,63.00793600809346,0
-46.33,6.500035,33.61,63.56886030125127,0
29.2,6.492359,33.61,63.56886030125127,0
6.26,6.503872,33.61,63.56886030125127,0
-59.31,6.492359,33.61,63.56886030125127,0
34.29,6.496197,33.61,63.56886030125127,0
23.58,6.488522,33.59,63.56886030125127,0
-31.98,6.500035,33.59,63.56886030125127,0
13.73,6.487242,33.59,63.56886030125127,0
30.34,6.494918,33.59,63.56886030125127,0
-11.49,6.489801,33.61,63.56886030125127,0
-17.98,6.49108,33.61,63.56886030125127,0
23.07,6.489801,33.61,63.56886030125127,0
-5.36,6.482125,33.61,63.56886030125127,0
-46.55,6.487242,33.59,63.56886030125127,0
27.15,6.482125,33.59,63.56886030125127,0
9.75,6.485963,33.59,63.56886030125127,0
-61.43,6.479567,33.59,63.56886030125127,0
29.53,6.484684,33.59,63.56886030125127,0
8.53,6.466774,33.59,63.56886030125127,0
-60.88,6.488522,33.59,63.56886030125127,0
28.09,6.484684,33.59,63.56886030125127,0
12.62,6.483405,33.59,63.56886030125127,0
-53.37,6.485963,33.59,63.56886030125127,0
27.4,6.452703,33.59,63.56886030125127,0
5.44,6.482696,33.59,63.56886030125127,0
-61.44,6.480137,33.59,63.56886030125127,0
28.07,6.49293,33.59,63.56886030125127,0
3.09,6.482696,33.59,63.56886030125127,0
-45.76,6.490372,33.59,63.56886030125127,0
32.8,6.478858,33.59,63.56886030125127,0
4.08,6.491651,33.59,63.56886030125127,0
-61.54,6.489092,33.59,63.56886030125127,0
34.83,6.487813,33.59,63.56886030125127,0
18.19,6.486534,33.61,63.56886030125127,0
-52.69,6.481417,33.61,63.56886030125127,0
37.2,6.485254,33.61,63.56886030125127,0
27.79,6.478858,33.61,63.56886030125127,0
-37.28,6.483975,33.59,63.56886030125127,0
34.03,6.483975,33.59,63.00793600809346,0
29.62,6.485254,33.59,63.56886030125127,0
-27.51,6.4763,33.59,63.56886030125127,0
1.9,6.486534,33.61,63.56886030125127,0
34.26,6.489092,33.61,63.56886030125127,0
-2.42,6.483975,33.61,63.56886030125127,0
-69.51,6.482696,33.61,63.56886030125127,0
35.45,6.477579,33.63,63.56886030125127,0
23.7,6.487813,33.63,63.56886030125127,0
-35.67,6.4763,33.63,63.56886030125127,0
22.73,6.480137,33.63,63.56886030125127,0
28.9,6.477579,33.61,63.56886030125127,0
-23.01,6.477579,33.61,63.56886030125127,0
12.33,6.468624,33.61,63.56886030125127,0
21.52,6.477579,33.61,63.56886030125127,0
-24.49,6.473741,33.61,63.56886030125127,0
5.6,6.47502,33.61,63.56886030125127,0
26.69,6.473741,33.61,63.56886030125127,0
-18.91,6.468624,33.61,63.56886030125127,0
-7.18,6.473741,33.61,63.56886030125127,0
26.22,6.478858,33.61,63.56886030125127,0
-14.57,6.477579,33.61,63.56886030125127,0
-22.66,6.47502,33.61,63.56886030125127,0
19.54,6.467345,33.61,63.56886030125127,0
-8.72,6.462228,33.61,63.90618123468183,0
-18.11,6.471183,33.61,63.56886030125127,0
22.62,6.468624,33.61,63.56886030125127,0
-12.7,6.462228,33.61,63.90618123468183,0
-23.16,6.467345,33.61,63.56886030125127,0
31.04,6.464787,33.61,63.56886030125127,0
0.49,6.468624,33.61,63.56886030125127,0
-54.93,6.464787,33.59,63.56886030125127,0
35.27,6.4763,33.59,63.56886030125127,0
15.17,6.471183,33.59,63.56886030125127,0
-59.38,6.472462,33.59,63.56886030125127,0
32.84,6.460949,33.59,63.56886030125127,0
25.67,6.472462,33.59,63.56886030125127,0
-38.03,6.468624,33.59,63.56886030125127,0
32.81,6.460949,33.59,63.56886030125127,0
21.01,6.462228,33.63,63.56886030125127,0
-42.22,6.45967,33.63,63.56886030125127,0
32.49,6.471183,33.63,63.56886030125127,0
27.87,6.462228,33.63,63.56886030125127,0
-33.04,6.467345,33.63,63.56886030125127,0
26.71,6.467345,33.63,63.56886030125127,0
32.23,6.467345,33.63,63.56886030125127,0
-20.8,6.45839,33.63,63.56886030125127,0
-3.06,6.467345,33.61,63.56886030125127,0
26.56,6.463507,33.61,63.56886030125127,0
-10.88,6.462228,33.61,63.56886030125127,0
-9.95,6.460949,33.61,63.56886030125127,0
19.51,6.45839,33.61,63.56886030125127,0
-19.67,6.469903,33.61,63.56886030125127,0
-13.74,6.45839,33.61,63.56886030125127,0
23.84,6.463507,33.61,63.56886030125127,0
-18.85,6.463507,33.61,63.56886030125127,0
-0.32,6.473741,33.61,63.56886030125127,0
28.42,6.45839,33.61,63.56886030125127,0
-16.09,6.462228,33.61,63.56886030125127,0
-7.19,6.462228,33.61,63.56886030125127,0
27.57,6.460949,33.61,63.56886030125127,0
-9.81,6.462228,33.61,63.56886030125127,0
-0.46,6.455832,33.61,63.56886030125127,0
25.3,6.45967,33.63,63.56886030125127,0
-18.91,6.454553,33.63,63.56886030125127,0
-1.57,6.42513,33.63,63.56886030125127,0
28.73,6.446877,33.63,63.56886030125127,0
-17.06,6.451994,33.63,63.56886030125127,0
0.74,6.451994,33.63,63.56886030125127,0
29.97,6.450715,33.63,63.56886030125127,0
-13.63,6.453273,33.63,63.56886030125127,0
-13.95,6.453273,33.61,63.56886030125127,0
28.8,6.454553,33.61,63.56886030125127,0
-7.55,6.446877,33.61,63.56886030125127,0
-26.35,6.451994,33.61,63.56886030125127,0
25.68,6.448156,33.61,63.56886030125127,0
4.06,6.45967,33.61,63.56886030125127,0
-22.19,6.448156,33.61,63.56886030125127,0
8.54,6.454553,33.61,63.56886030125127,0
-7.01,6.444318,33.61,63.56886030125127,0
-47.38,6.462228,33.61,63.56886030125127,0
29.44,6.449435,33.61,64.00781202322104,0
0.64,6.451994,33.61,62.88083968904996,0
-59.41,6.437922,33.63,62.52199612936234,0
34.17,6.427688,33.63,60.55575942881073,0
49.82,6.426409,33.63,62.465990746965666,0
-22.77,6.42513,33.63,63.75735251718032,0
-29.37,6.423851,33.63,63.89053137985315,0
-69.28,6.418734,33.63,61.62791575252241,0
-133.33,6.418734,33.63,72.58787777583802,0
-15.01,6.405941,33.63,64.73020933072904,0
9.64,6.421292,33.61,60.340699366182356,0
18.88,6.455832,33.61,61.30252849597641,0
43.95,6.460949,33.61,61.98386886924694,0
20.75,6.460949,33.61,62.81719509815764,0
132.66,6.453273,33.63,61.886993787063204,0
41.37,6.478858,33.63,64.42049363362563,0
-132.47,6.49293,33.63,63.92182725798755,0
-3.39,6.505723,33.63,62.55397669213365,0
10.79,6.504443,33.61,61.30252849597641,0
8.7,6.500606,33.61,66.46803743153546,0
28.64,6.489092,33.61,54.653453687758834,0
-13.57,6.485254,33.61,64.47480127925948,0
34.15,6.47502,33.61,60.51446108162907,0
3.89,6.481417,33.61,73.47108274688756,0
-43.0,6.503164,33.61,60.50619802962338,0
38.8,6.510839,33.61,63.835726674018524,0
27.1,6.514677,33.59,62.0403094769844,0
-2.07,6.536425,33.59,63.13477647065839,0
9.12,6.52747,33.59,65.91661399070799,0
-38.11,6.52747,33.59,61.652250567193406,0
4.65,6.523632,33.63,63.166446789415026,0
-12.71,6.522353,33.63,63.13477647065839,0
-36.42,6.524911,33.63,62.44197306299666,0
22.61,6.528749,33.63,62.44197306299666,0
-13.25,6.530028,33.61,63.13477647065839,0
-4.99,6.542821,33.61,63.166446789415026,0
19.99,6.536425,33.61,63.13477647065839,0
-20.98,6.536425,33.61,63.166446789415026,0
21.58,6.536425,33.59,63.166446789415026,0
16.94,6.541542,33.59,63.13477647065839,0
-29.1,6.540262,33.59,63.166446789415026,0
9.44,6.537704,33.59,63.85138996137829,0
18.24,6.538983,33.59,62.44197306299666,0
-20.66,6.537704,33.59,63.166446789415026,0
29.56,6.540262,33.59,63.166446789415026,0
5.68,6.541542,33.59,63.166446789415026,0
-41.25,6.542821,33.61,63.166446789415026,0
-13.18,6.546659,33.61,63.229739838148944,0
36.22,6.554334,33.61,63.166446789415026,0
40.84,6.56073,33.61,63.166446789415026,0
55.92,6.565847,33.61,63.166446789415026,0
-22.71,6.574802,33.61,63.85138996137829,0
-21.14,6.567127,33.61,63.25345840347388,0
-128.23,6.565847,33.61,63.166446789415026,0
-78.58,6.573523,33.61,63.324560795950255,0
39.5,6.577361,33.61,64.08587988004847,0
48.04,6.57864,33.61,63.229739838148944,0
-9.85,6.57864,33.61,63.45076831686122,0
90.36,6.586315,33.61,63.31666447310692,0
47.85,6.57864,33.61,63.229739838148944,0
-52.48,6.579919,33.61,63.324560795950255,0
-91.71,6.573523,33.61,63.229739838148944,0
-11.5,6.583757,33.61,63.324560795950255,0
4.17,6.587595,33.61,63.324560795950255,0
72.05,6.547938,33.61,63.324560795950255,0
88.61,6.574802,33.61,62.68173577685928,0
-12.75,6.569685,33.63,62.68173577685928,0
-74.68,6.585036,33.63,62.68173577685928,0
-22.66,6.574802,33.63,63.25345840347388,0
-15.12,6.579919,33.63,61.91930232165088,0
-7.6,6.579919,33.61,63.324560795950255,0
31.33,6.591433,33.61,63.25345840347388,0
0.37,6.591433,33.61,61.91930232165088,0
5.93,6.587595,33.61,63.324560795950255,0
35.44,6.586315,33.61,62.68173577685928,0
-4.07,6.572244,33.61,63.324560795950255,0
-21.35,6.583757,33.61,62.68173577685928,0
34.17,6.57864,33.61,62.68173577685928,0
0.69,6.582478,33.61,62.68173577685928,0
-63.06,6.579919,33.61,62.68173577685928,0
43.29,6.590153,33.61,62.68173577685928,0
15.28,6.587595,33.61,63.324560795950255,0
-55.31,6.588874,33.61,62.68173577685928,0
34.98,6.587595,33.61,62.68173577685928,0
16.08,6.582478,33.61,62.68173577685928,0
-42.87,6.585036,33.61,62.68173577685928,0
27.29,6.563289,33.59,63.45076831686122,0
28.57,6.592711,33.59,63.45076831686122,0
-13.71,6.586315,33.59,63.45076831686122,0
-57.34,6.585036,33.59,62.68173577685928,0
36.32,6.586315,33.63,62.68173577685928,0
14.87,6.581198,33.63,62.68173577685928,0
-36.51,6.586315,33.63,63.45076831686122,0
19.54,6.586315,33.63,62.68173577685928,0
21.33,6.582478,33.59,63.45076831686122,0
-6.36,6.591433,33.59,63.45076831686122,0
-59.72,6.587595,33.59,62.68173577685928,0
29.5,6.579919,33.59,62.68173577685928,0
16.6,6.582478,33.61,62.68173577685928,0
-39.85,6.59527,33.61,63.45076831686122,0
25.78,6.590153,33.61,62.68173577685928,0
16.74,6.591433,33.61,62.82515419798029,0
-25.44,6.592711,33.63,63.45076831686122,0
30.69,6.593991,33.63,62.68173577685928,0
15.23,6.602946,33.63,62.68173577685928,0
-37.2,6.601666,33.63,63.45076831686122,0
38.01,6.600387,33.61,62.68173577685928,0
12.71,6.59655,33.61,63.45076831686122,0
-57.05,6.582478,33.61,62.68173577685928,0
36.14,6.592711,33.61,63.45076831686122,0
19.46,6.591433,33.61,62.68173577685928,0
-54.86,6.599108,33.61,63.45076831686122,0
40.94,6.588874,33.61,62.68173577685928,0
18.29,6.597828,33.61,62.68173577685928,0
-47.42,6.586315,33.59,63.45076831686122,0
37.36,6.597828,33.59,63.45076831686122,0
17.95,6.59655,33.59,62.68173577685928,0
-44.4,6.592711,33.59,63.45076831686122,0
36.6,6.590153,33.59,63.45076831686122,0
29.13,6.582478,33.59,62.68173577685928,0
-21.56,6.588874,33.59,63.45076831686122,0
-48.35,6.579919,33.59,62.68173577685928,0
28.38,6.582478,33.59,62.68173577685928,0
18.7,6.583757,33.59,62.68173577685928,0
-21.48,6.582478,33.59,62.68173577685928,0
11.85,6.583757,33.59,62.68173577685928,0
22.43,6.583757,33.59,62.68173577685928,0
-11.64,6.583757,33.59,63.45076831686122,0
-29.4,6.579919,33.59,63.45076831686122,0
25.22,6.579919,33.59,62.68173577685928,0
3.72,6.564568,33.61,63.45076831686122,0
-42.2,6.583757,33.61,63.45076831686122,0
26.53,6.573523,33.61,63.45076831686122,0
28.6,6.577361,33.61,63.45076831686122,0
-12.28,6.564568,33.59,63.45076831686122,0
-65.48,6.585036,33.59,62.68173577685928,0
32.54,6.579919,33.59,62.68173577685928,0
20.65,6.581198,33.59,62.68173577685928,0
-30.07,6.579919,33.59,62.68173577685928,0
24.68,6.582478,33.59,62.68173577685928,0
19.01,6.588874,33.59,62.68173577685928,0
-25.11,6.567127,33.59,62.68173577685928,0
11.43,6.581198,33.57,62.68173577685928,0
24.16,6.576081,33.57,63.45076831686122,0
-15.79,6.537704,33.57,63.45076831686122,0
-31.1,6.563289,33.57,62.68173577685928,0
31.47,6.567127,33.59,63.45076831686122,0
0.08,6.568406,33.59,62.68173577685928,0
-61.48,6.564568,33.59,63.45076831686122,0
34.28,6.577361,33.59,62.68173577685928,0
20.77,6.567127,33.59,62.68173577685928,0
-46.51,6.577361,33.59,62.68173577685928,0
34.57,6.564568,33.59,62.68173577685928,0
11.42,6.573523,33.59,63.45076831686122,0
-50.8,6.570964,33.61,63.45076831686122,0
37.56,6.570964,33.61,63.45076831686122,0
17.65,6.572244,33.61,63.45076831686122,0
-40.28,6.565847,33.61,62.68173577685928,0
37.81,6.570964,33.59,62.68173577685928,0
25.46,6.565847,33.59,62.68173577685928,0
-29.78,6.570964,33.59,62.68173577685928,0
3.62,6.570964,33.59,63.45076831686122,0
27.11,6.572244,33.61,62.68173577685928,0
-8.68,6.568406,33.61,63.45076831686122,0
-28.87,6.568406,33.61,62.68173577685928,0
20.48,6.568406,33.61,63.45076831686122,0
-6.6,6.567127,33.59,62.68173577685928,0
-53.88,6.567127,33.59,63.45076831686122,0
31.23,6.563289,33.59,62.68173577685928,0
5.93,6.577361,33.59,62.68173577685928,0
-64.15,6.565847,33.59,62.68173577685928,0
38.11,6.577361,33.59,63.45076831686122,0
14.3,6.570964,33.59,62.68173577685928,0
-51.65,6.572244,33.59,63.45076831686122,0
41.75,6.565847,33.61,62.68173577685928,0
22.12,6.572244,33.61,62.68173577685928,0
-33.68,6.569685,33.61,63.45076831686122,0
35.2,6.563289,33.61,62.048368229954285,0
12.45,6.568406,33.61,62.82515419798029,0
-40.96,6.56073,33.61,62.82515419798029,0
36.54,6.573523,33.61,62.82515419798029,0
24.61,6.563289,33.61,63.45076831686122,0
-28.71,6.569685,33.61,62.82515419798029,0
17.55,6.568406,33.61,63.45076831686122,0
24.74,6.563289,33.61,62.68173577685928,0
-15.12,6.556892,33.61,62.82515419798029,0
-24.03,6.568406,33.59,63.45076831686122,0
23.85,6.569685,33.59,63.45076831686122,0
-12.61,6.559451,33.59,63.45076831686122,0
-17.57,6.573523,33.59,62.82515419798029,0
21.66,6.56073,33.61,63.45076831686122,0
-14.2,6.573523,33.61,62.82515419798029,0
-26.43,6.569685,33.61,63.45076831686122,0
30.42,6.564568,33.61,62.82515419798029,0
-5.5,6.565847,33.59,62.82515419798029,0
-57.99,6.568406,33.59,63.45076831686122,0
34.53,6.558172,33.59,62.82515419798029,0
11.72,6.56073,33.59,62.82515419798029,0
-53.43,6.569685,33.61,62.82515419798029,0
36.84,6.56201,33.61,62.048368229954285,0
13.08,6.565847,33.61,62.048368229954285,0
-57.05,6.565847,33.61,63.45076831686122,0
41.36,6.567127,33.59,63.45076831686122,0
21.53,6.565847,33.59,63.45076831686122,0
-44.14,6.567127,33.59,63.45076831686122,0
34.75,6.565847,33.59,62.82515419798029,0
22.11,6.56073,33.61,62.82515419798029,0
-28.49,6.56201,33.61,63.45076831686122,0
23.19,6.567127,33.61,62.82515419798029,0
22.33,6.568406,33.61,63.45076831686122,0
-19.01,6.565847,33.61,63.45076831686122,0
25.22,6.568406,33.61,62.82515419798029,0
14.01,6.564568,33.61,62.82515419798029,0
-33.17,6.565847,33.61,62.82515419798029,0
28.99,6.564568,33.59,62.82515419798029,0
23.89,6.567127,33.59,63.45076831686122,0
-28.53,6.572244,33.59,62.82515419798029,0
25.98,6.559451,33.59,62.82515419798029,0
21.67,6.554334,33.61,62.75348595894893,0
-24.3,6.56201,33.61,62.82515419798029,0
-10.3,6.564568,33.61,63.45076831686122,0
25.93,6.564568,33.61,63.3798075099633,0
-8.86,6.563289,33.61,63.45076831686122,0
-20.19,6.570964,33.61,62.82515419798029,0
17.41,6.52747,33.61,62.82515419798029,0
-11.76,6.550496,33.61,63.45076831686122,0
-52.12,6.556892,33.61,62.82515419798029,0
31.98,6.564568,33.61,62.82515419798029,0
2.31,6.546659,33.61,62.82515419798029,0
-66.98,6.551775,33.61,62.82515419798029,0
39.51,6.56073,33.61,63.45076831686122,0
13.63,6.56073,33.61,62.68173577685928,0
-47.16,6.56201,33.61,63.3798075099633,0
40.97,6.555614,33.61,62.048368229954285,0
26.53,6.56073,33.61,63.45076831686122,0
-30.66,6.555614,33.61,63.45076831686122,0
37.47,6.558172,33.61,62.82515419798029,0
17.9,6.559451,33.61,63.45076831686122,0
-38.02,6.56073,33.61,62.75348595894893,0
31.54,6.565847,33.61,63.45076831686122,0
23.36,6.554334,33.61,63.45076831686122,0
-26.08,6.56201,33.61,62.82515419798029,0
20.99,6.554334,33.59,62.82515419798029,0
23.33,6.559451,33.59,63.45076831686122,0
-20.54,6.554334,33.59,62.82515419798029,0
-5.4,6.559451,33.59,62.82515419798029,0
24.25,6.546659,33.61,63.45076831686122,0
-13.11,6.56073,33.61,62.75348595894893,0
8.59,6.567127,33.61,63.45076831686122,0
13.92,6.56201,33.61,63.3798075099633,0
-26.26,6.559451,33.59,62.82515419798029,0
26.05,6.551775,33.59,62.75348595894893,0
21.1,6.568406,33.59,63.45076831686122,0
-30.39,6.554334,33.59,62.82515419798029,0
32.2,6.558172,33.59,63.45076831686122,0
26.69,6.558172,33.59,63.45076831686122,0
-29.64,6.553055,33.59,62.82515419798029,0
8.64,6.554334,33.59,62.82515419798029,0
28.42,6.558172,33.59,62.82515419798029,0
-7.71,6.564568,33.59,62.82515419798029,0
-48.02,6.554334,33.59,62.048368229954285,0
25.98,6.556892,33.59,64.01562309311689,0
2.47,6.541542,33.61,63.608175575157006,0
-63.77,6.56201,33.61,62.82515419798029,0
35.43,6.556892,33.61,62.82515419798029,0
13.26,6.556892,33.61,63.45076831686122,0
-51.38,6.556892,33.61,62.82515419798029,0
39.7,6.558172,33.61,62.82515419798029,0
17.99,6.556892,33.61,62.82515419798029,0
-35.14,6.550496,33.61,62.82515419798029,0
32.51,6.556892,33.63,62.048368229954285,0
22.63,6.556892,33.63,63.45076831686122,0
-23.69,6.556892,33.63,62.82515419798029,0
33.95,6.547938,33.63,63.45076831686122,0
11.52,6.550496,33.59,62.75348595894893,0
-41.58,6.559451,33.59,63.45076831686122,0
43.7,6.553055,33.59,62.82515419798029,0
18.2,6.554334,33.59,63.45076831686122,0
-54.08,6.549217,33.61,63.608175575157006,0
38.12,6.56073,33.61,63.45076831686122,0
16.5,6.549217,33.61,63.25345840347388,0
-56.02,6.556892,33.61,62.82515419798029,0
44.59,6.558172,33.63,63.608175575157006,0
23.12,6.558172,33.63,63.20601237224193,0
-59.94,6.550496,33.63,64.63745044476924,0
30.43,6.553055,33.63,64.63745044476924,0
11.38,6.556892,33.61,62.77738446287803,0
-74.74,6.547938,33.61,63.2771680782255,0
19.49,6.546659,33.61,63.63961030678928,0
24.83,6.542821,33.61,62.94441992742486,0
-14.43,6.5441,33.63,62.82515419798029,0
11.7,6.5441,33.63,62.82515419798029,0
-33.38,6.545379,33.63,63.15853069855251,0
-80.67,6.541542,33.63,63.35613624582863,0
34.13,6.535145,33.63,63.671029518926424,0
17.54,6.536425,33.63,63.13477647065839,0
-15.84,6.52747,33.63,61.71709649683789,0
19.27,6.526191,33.63,62.89674077406555,0
-7.79,6.526191,33.61,62.849025449882674,0
73.57,6.518515,33.61,62.849025449882674,0
-20.21,6.522353,33.61,63.72597586541927,0
-47.99,6.526191,33.61,62.849025449882674,0
24.92,6.524911,33.63,62.465990746965666,0
8.01,6.524911,33.63,62.465990746965666,0
-29.72,6.495489,33.63,62.96824596572466,0
43.26,6.505723,33.63,62.63385665915839,0
23.33,6.504443,33.61,62.465990746965666,0
-40.28,6.512119,33.61,62.465990746965666,0
37.31,6.514677,33.61,62.465990746965666,0
25.99,6.524911,33.61,63.33245613427605,0
-13.77,6.52747,33.61,62.465990746965666,0
92.42,6.535145,33.61,62.465990746965666,0
-96.92,6.523632,33.61,63.82789358893179,0
-119.31,6.533866,33.61,62.96824596572466,0
49.63,6.530028,33.61,62.96824596572466,0
36.79,6.536425,33.61,62.96824596572466,0
-29.72,6.528749,33.61,62.465990746965666,0
44.22,6.522353,33.61,62.465990746965666,0
25.53,6.52747,33.65,63.33245613427605,0
-29.81,6.52747,33.65,62.465990746965666,0
39.71,6.526191,33.65,62.96824596572466,0
19.52,6.526191,33.65,62.465990746965666,0
-35.76,6.524911,33.61,62.96824596572466,0
37.53,6.523632,33.61,62.465990746965666,0
20.3,6.523632,33.61,62.465990746965666,0
-31.39,6.524911,33.61,62.96824596572466,0
10.84,6.523632,33.63,62.465990746965666,0
29.96,6.517236,33.63,62.465990746965666,0
-7.43,6.514677,33.63,63.82789358893179,0
-67.54,6.522353,33.63,62.96824596572466,0
40.0,6.522353,33.63,63.33245613427605,0
26.79,6.521073,33.63,62.465990746965666,0
-27.55,6.510839,33.63,62.465990746965666,0
11.01,6.517236,33.63,62.465990746965666,0
24.4,6.503164,33.65,63.82789358893179,0
-5.75,6.515956,33.65,63.82789358893179,0
-58.73,6.522353,33.65,62.465990746965666,0
41.61,6.517236,33.65,62.465990746965666,0
24.48,6.515956,33.65,62.96824596572466,0
-29.75,6.505723,33.65,62.465990746965666,0
0.02,6.521073,33.65,62.465990746965666,0
22.01,6.508281,33.65,62.465990746965666,0
-1.43,6.510839,33.65,62.96824596572466,0
-42.93,6.50956,33.65,62.96824596572466,0
20.16,6.504443,33.65,63.82789358893179,0
5.09,6.505723,33.65,63.82789358893179,0
-61.21,6.505723,33.65,62.465990746965666,0
33.43,6.512119,33.65,62.96824596572466,0
5.85,6.501885,33.65,62.96824596572466,0
-66.33,6.505723,33.65,62.96824596572466,0
33.97,6.491651,33.65,62.63385665915839,0
13.3,6.510839,33.65,62.93647591023825,0
-57.81,6.500606,33.65,61.35144660071187,0
36.66,6.504443,33.65,62.39390995922599,0
7.44,6.495489,33.65,64.34283176858165,0
-60.66,6.377798,33.65,61.91930232165088,0
52.52,6.444318,33.65,64.63745044476924,0
33.28,6.49293,33.65,58.9406481131655,0
-92.83,6.50956,33.61,67.00746227100382,0
33.75,6.606783,33.61,62.24146527838174,0
144.68,6.614459,33.61,70.09992867328754,0
125.91,6.472462,33.61,57.02630971753301,0
215.63,6.485254,33.65,61.652250567193406,0
-126.68,6.489092,33.65,63.85922016435841,0
-680.6,6.498047,33.65,62.44197306299666,0
67.03,6.504443,33.65,63.474404290233394,0
19.76,6.503164,33.65,60.481402100149765,0
-16.45,6.490372,33.65,62.25752966509352,0
73.44,6.469903,33.65,63.25345840347388,0
57.27,6.467345,33.65,63.25345840347388,0
-45.16,6.45839,33.65,63.25345840347388,0
76.09,6.467345,33.65,63.25345840347388,0
27.75,6.446877,33.65,63.25345840347388,0
-55.98,6.457111,33.65,63.324560795950255,0
43.06,6.446877,33.65,63.25345840347388,0
1.95,6.466066,33.65,63.324560795950255,0
-9.38,6.45839,33.65,63.324560795950255,0
33.51,6.45839,33.65,63.25345840347388,0
-14.99,6.457111,33.63,63.25345840347388,0
45.15,6.449435,33.63,63.324560795950255,0
21.95,6.451994,33.63,63.324560795950255,0
-41.63,6.446877,33.63,63.324560795950255,0
41.78,6.448156,33.63,63.324560795950255,0
7.96,6.431526,33.63,63.324560795950255,0
-69.7,6.409779,33.63,63.324560795950255,0
38.9,6.427688,33.63,63.324560795950255,0
8.03,6.430247,33.66,63.25345840347388,0
-60.42,6.430247,33.66,62.32976816898969,0
41.56,6.430247,33.66,63.324560795950255,0
25.73,6.430247,33.66,63.324560795950255,0
-20.04,6.422571,33.66,63.25345840347388,0
-71.51,6.427688,33.66,63.324560795950255,0
38.36,6.420012,33.66,63.324560795950255,0
25.62,6.42513,33.66,63.324560795950255,0
-19.61,6.409779,33.66,63.324560795950255,0
-76.66,6.428967,33.66,63.324560795950255,0
36.03,6.417454,33.66,63.324560795950255,0
26.26,6.420012,33.66,62.32976816898969,0
-31.26,6.420012,33.65,63.324560795950255,0
16.56,6.413616,33.65,63.324560795950255,0
24.68,6.417454,33.65,63.324560795950255,0
-16.2,6.409779,33.65,63.324560795950255,0
-48.79,6.413616,33.65,63.324560795950255,0
33.03,6.418734,33.65,63.324560795950255,0
7.03,6.416175,33.65,62.32976816898969,0
-70.31,6.40722,33.65,63.324560795950255,0
43.4,6.416175,33.66,63.39558344238185,0
20.26,6.413616,33.66,62.32976816898969,0
-55.25,6.412337,33.66,63.324560795950255,0
43.76,6.408499,33.66,63.324560795950255,0
27.2,6.409779,33.65,63.324560795950255,0
-23.51,6.420012,33.65,63.324560795950255,0
69.89,6.404662,33.65,63.324560795950255,0
28.59,6.394428,33.65,63.324560795950255,0
-66.46,6.366284,33.66,63.25345840347388,0
34.5,6.354771,33.66,63.25345840347388,0
19.23,6.344537,33.66,63.25345840347388,0
-53.42,6.353492,33.66,63.198101237299845,0
42.64,6.345816,33.66,63.198101237299845,0
28.15,6.333024,33.66,63.198101237299845,0
-37.85,6.330465,33.66,63.25345840347388,0
34.29,6.324069,33.66,63.25345840347388,0
25.84,6.335582,33.65,63.26926584053272,0
-16.78,6.324069,33.65,63.25345840347388,0
-37.5,6.326627,33.65,63.26926584053272,0
33.6,6.320231,33.65,63.198101237299845,0
11.48,6.312556,33.66,63.198101237299845,0
-51.88,6.299763,33.66,63.198101237299845,0
37.84,6.302321,33.66,60.37383539249432,0
11.84,6.307438,33.66,62.27358990776106,0
-56.62,6.352212,33.65,63.41135544995076,0
71.05,6.37268,33.65,63.26926584053272,0
151.09,6.354771,33.65,63.198101237299845,0
-41.07,6.33942,33.65,63.198101237299845,0
-80.45,6.308718,33.65,63.198101237299845,0
-98.09,6.32279,33.65,63.41135544995076,0
-99.81,6.329186,33.65,63.7102817447859,0
46.28,6.33942,33.65,62.928530890209096,0
69.33,6.33942,33.66,63.7102817447859,0
-4.05,6.340699,33.66,60.60528029800704,0
64.83,6.325348,33.66,63.57672530100933,0
-8.71,6.309997,33.66,64.69930447848725,0
-28.84,6.33814,33.66,63.7102817447859,0
59.81,6.330465,33.66,59.61543424315552,0
33.51,6.326627,33.66,61.78996682310163,0
-49.25,6.318952,33.66,62.77738446287803,0
50.11,6.33814,33.65,62.77738446287803,0
58.37,6.335582,33.65,62.72160712226688,0
-58.36,6.32279,33.65,63.76519426771944,0
-136.76,6.301042,33.65,63.57672530100933,0
40.37,6.318952,33.66,64.56779382943171,0
54.48,6.324069,33.66,63.76519426771944,0
-56.85,6.306159,33.66,62.6418390534633,0
-35.28,6.295925,33.66,62.6418390534633,0
70.73,6.307438,33.71,62.72160712226688,0
29.62,6.32151,33.71,63.57672530100933,0
1.83,6.295925,33.71,62.6418390534633,0
-44.83,6.302321,33.71,63.51377803280167,0
-14.54,6.309997,33.66,63.76519426771944,0
-61.28,6.309997,33.66,62.6418390534633,0
32.18,6.281854,33.66,62.6418390534633,0
-20.9,6.292088,33.66,62.6418390534633,0
-45.73,6.294646,33.65,62.6418390534633,0
71.88,6.285691,33.65,63.631753079732135,0
28.39,6.260106,33.65,62.6418390534633,0
-44.35,6.272899,33.65,63.631753079732135,0
62.84,6.265223,33.63,62.5859409132754,0
34.28,6.248593,33.63,62.5859409132754,0
-75.61,6.243476,33.63,63.57672530100933,0
23.29,6.262665,33.63,62.52199612936234,0
68.95,6.275457,33.66,63.631753079732135,0
-19.9,6.265223,33.66,63.631753079732135,0
117.05,6.256269,33.66,63.631753079732135,0
47.62,6.261385,33.66,62.52199612936234,0
-70.79,6.266502,33.68,60.802960454241045,0
4.35,6.262665,33.68,62.6418390534633,0
-36.9,6.256269,33.68,63.57672530100933,0
-41.91,6.266502,33.68,63.631753079732135,0
66.95,6.265223,33.71,62.5859409132754,0
0.45,6.267782,33.71,63.45864795282043,0
-85.02,6.262665,33.71,63.57672530100933,0
25.03,6.2358,33.71,62.5859409132754,0
8.96,6.226846,33.68,64.69930447848725,0
-45.51,6.25371,33.68,63.631753079732135,0
103.63,6.246035,33.68,62.5859409132754,0
-64.76,6.215333,33.68,63.631753079732135,0
-133.66,6.208936,33.68,63.631753079732135,0
92.63,6.201261,33.68,63.57672530100933,0
75.47,6.207657,33.68,63.57672530100933,0
-114.24,6.211495,33.68,63.57672530100933,0
12.22,6.210216,33.66,63.45864795282043,0
-21.81,6.212774,33.66,62.5859409132754,0
-99.19,6.211495,33.66,64.62197768561404,0
34.69,6.212774,33.66,63.57672530100933,0
19.99,6.229404,33.66,63.7102817447859,0
-12.26,6.230683,33.66,63.221831672294975,0
118.68,6.217891,33.66,62.297672508690084,0
59.42,6.229404,33.66,62.928530890209096,0
-67.95,6.221729,33.66,63.095166217389426,0
10.64,6.226846,33.66,62.8728876384726,0
54.57,6.225566,33.66,63.095166217389426,0
-40.51,6.234521,33.66,63.095166217389426,0
-43.78,6.238359,33.66,64.07807737440318,0
-5.67,6.254989,33.66,63.095166217389426,0
19.83,6.251152,33.66,63.03967004989794,0
51.15,6.243476,33.66,62.8728876384726,0
-39.14,6.220449,33.66,62.8728876384726,0
-29.24,6.206378,33.66,62.8728876384726,0
11.48,6.207657,33.66,62.8728876384726,0
9.42,6.198702,33.66,62.8728876384726,0
-19.2,6.199981,33.68,62.928530890209096,0
-15.38,6.193585,33.68,62.8728876384726,0
37.11,6.201261,33.68,62.8728876384726,0
5.46,6.194864,33.68,62.8728876384726,0
-28.14,6.191027,33.68,62.8728876384726,0
30.38,6.180793,33.68,63.85922016435841,0
0.85,6.178234,33.68,62.8728876384726,0
-20.64,6.178234,33.68,62.8728876384726,0
19.31,6.16928,33.65,62.8728876384726,0
-16.85,6.178234,33.65,62.8728876384726,0
-14.66,6.162883,33.65,62.8728876384726,0
21.02,6.165442,33.65,62.8728876384726,0
-17.33,6.161604,33.66,62.8728876384726,0
-17.21,6.170558,33.66,62.928530890209096,0
20.84,6.161604,33.66,62.8728876384726,0
-9.2,6.160325,33.66,62.928530890209096,0
-40.99,6.150091,33.68,62.8728876384726,0
22.74,6.147532,33.68,62.8728876384726,0
-0.16,6.146253,33.68,63.85922016435841,0
-36.2,6.137298,33.68,62.8728876384726,0
14.91,6.139857,33.68,62.8728876384726,0
-10.07,6.133461,33.68,62.8728876384726,0
-32.65,6.136019,33.68,62.8728876384726,0
19.09,6.132181,33.68,63.03967004989794,0
-7.63,6.128344,33.68,62.8728876384726,0
-41.46,6.136019,33.68,62.8728876384726,0
22.62,6.132181,33.68,63.03967004989794,0
-7.16,6.121947,33.68,62.8728876384726,0
-46.1,6.124506,33.68,62.928530890209096,0
27.49,6.129622,33.68,62.8728876384726,0
1.49,6.119389,33.68,62.8728876384726,0
-54.98,6.120668,33.68,62.8728876384726,0
21.84,6.11683,33.66,62.8728876384726,0
18.92,6.111713,33.66,62.8728876384726,0
-45.42,6.078453,33.66,64.25729530566937,0
30.34,6.1002,33.66,63.984373092185564,0
9.19,6.08229,33.66,61.862751312886175,0
-37.07,6.079732,33.66,63.0,0
84.93,6.08229,33.66,63.0,0
164.25,6.079732,33.66,62.928530890209096,0
-172.6,6.084849,33.71,62.928530890209096,0
-86.86,6.084849,33.71,62.928530890209096,0
-34.56,6.084849,33.71,63.914004725099176,0
-89.78,6.084849,33.71,62.928530890209096,0
35.58,6.077173,33.65,62.928530890209096,0
28.86,6.079732,33.65,62.928530890209096,0
-39.68,6.079732,33.65,63.58458932791813,0
40.39,6.070777,33.65,58.9406481131655,0
5.13,6.050309,33.68,69.49100661236676,0
-60.44,6.08357,33.68,59.782940710540494,0
37.37,6.137298,33.68,62.27358990776106,0
61.63,6.098921,33.68,49.01020301937138,0
86.6,6.089966,33.66,64.7533782902483,0
-163.87,6.070777,33.66,64.69930447848725,0
3.69,6.057984,33.66,63.150613615387776,0
43.6,6.034958,33.66,64.06246951218786,0
26.96,6.042634,33.66,66.34756966159348,0
-39.91,6.079732,33.66,57.28874234961002,0
45.97,6.110434,33.66,62.88083968904996,0
87.18,6.127064,33.66,39.230090491866065,0
95.06,6.093803,33.68,55.68662316930342,0
83.05,6.130902,33.68,70.54785609782908,0
104.6,6.142415,33.68,65.49045732013177,0
-366.66,6.150091,33.68,72.48448109768049,0
-39.2,5.951807,33.66,55.47071299343465,0
-3.68,6.045634,33.66,62.8728876384726,0
23.74,6.039238,33.66,56.595052787324086,0
138.56,6.026445,33.66,78.0,0
-440.36,6.064823,33.68,71.81225522151495,0
284.38,5.981671,33.68,41.86884283091664,0
110.15,5.802576,33.68,166.6553329479738,0
-22.77,6.227288,33.68,60.44832503882965,0
-146.53,6.310439,33.68,62.056425936400814,0
-179.02,6.306602,33.68,65.82552696332935,0
90.18,6.305322,33.68,63.89835678638379,0
-137.73,6.301484,33.68,64.28841264178172,0
-16.96,6.295088,33.66,63.39558344238185,0
124.05,6.301484,33.66,62.68173577685928,0
42.76,6.295088,33.66,64.25729530566937,0
-56.35,6.29253,33.66,56.1159513863928,0
29.48,6.284854,33.68,62.849025449882674,0
4.84,6.304043,33.68,63.245553203367585,0
-25.29,6.29125,33.68,63.35613624582863,0
80.51,6.315556,33.68,62.81719509815764,0
52.03,6.30916,33.68,67.23094525588644,0
66.23,6.30916,33.68,60.41522986797286,0
19.04,6.30788,33.68,57.73214009544424,0
-53.13,6.30788,33.68,65.71149062378664,0
32.5,6.310439,33.73,59.87486951969081,0
10.26,6.30916,33.73,71.62401831787993,0
32.45,6.323232,33.73,64.82283548256741,0
149.33,6.321952,33.73,62.81719509815764,0
32.51,6.320673,33.71,57.201398584300364,0
-250.3,6.301484,33.71,65.13831437794502,0
-41.51,6.295088,33.71,63.96092557178953,0
2.98,6.296367,33.71,62.0403094769844,0
15.87,6.295088,33.71,62.20932405998316,0
133.04,6.30788,33.71,62.056425936400814,0
54.65,6.304043,33.71,64.07807737440318,0
17.46,6.300205,33.71,61.644140029689765,0
-107.3,6.297647,33.71,63.079315151640635,0
-92.06,6.302763,33.71,61.196405123176966,0
-81.19,6.305322,33.71,57.07889277132134,0
-5.25,6.300205,33.71,60.802960454241045,0
0.37,6.301484,33.75,63.914004725099176,0
-31.99,6.306602,33.75,55.17245689653489,0
56.59,6.311718,33.75,69.31089380465383,0
34.07,6.311718,33.75,51.42956348249516,0
-50.74,6.32579,33.73,70.27090436304346,0
-93.19,6.312997,33.73,69.66347680097513,0
-62.75,6.293809,33.73,87.04596486914255,0
196.22,6.297647,33.73,66.5432190384565,0
112.06,6.219612,33.73,63.15853069855251,0
-276.86,6.217054,33.73,63.60031446463138,0
193.01,6.183793,33.73,63.4428877022476,0
26.85,6.190189,33.73,63.05553108173778,0
-98.35,6.190189,33.73,63.05553108173778,0
16.65,6.191469,33.73,63.15853069855251,0
-2.6,6.191469,33.73,63.15853069855251,0
59.72,6.18891,33.73,62.78534860936905,0
17.53,6.186352,33.75,62.42595614005443,0
5.49,6.178676,33.75,63.35613624582863,0
48.1,6.185072,33.75,62.42595614005443,0
-8.79,6.18891,33.75,62.68173577685928,0
43.21,6.182514,33.75,63.35613624582863,0
-4.1,6.182514,33.75,62.52999280345393,0
10.24,6.17228,33.75,62.52199612936234,0
-1.62,6.177397,33.75,62.24949798994366,0
-50.31,6.173559,33.73,63.8200595424354,0
41.96,6.182514,33.73,63.13477647065839,0
1.79,6.181235,33.73,63.221831672294975,0
14.73,6.18891,33.73,63.52952069707436,0
12.73,6.186352,33.75,62.82515419798029,0
-58.79,6.194027,33.75,62.69768735766894,0
24.48,6.196586,33.75,62.69768735766894,0
-4.81,6.191469,33.75,62.69768735766894,0
-56.52,6.186352,33.75,62.369864518050704,0
-32.09,6.171,33.75,81.47392220827471,0
-19.11,6.196586,33.75,56.859475903318,0
103.57,6.245197,33.75,58.66856057549052,0
35.51,6.316835,33.75,61.75759062657804,0
-40.72,6.311718,33.75,64.03905058634146,0
95.32,6.283575,33.75,64.63745044476924,0
194.35,6.27462,33.75,61.48170459575759,0
-15.25,6.283575,33.77,62.465990746965666,0
-484.62,6.288692,33.77,63.51377803280167,0
-25.73,6.264386,33.77,48.78524367060187,0
223.25,6.273341,33.77,62.94441992742486,0
110.27,6.261827,33.77,65.83312236253116,0
-340.04,6.208099,33.77,66.76825593049439,0
-50.19,6.141578,33.77,56.515484603779164,0
29.3,6.163325,33.77,63.96092557178953,0
-10.33,6.153091,33.75,61.032778078668514,0
102.83,6.183793,33.75,63.631753079732135,0
71.39,6.181235,33.75,63.25345840347388,0
287.59,6.179955,33.75,61.97580172938467,0
86.19,6.173559,33.77,68.62943974709395,0
-570.68,6.171,33.77,58.54912467321779,0
-185.65,6.153091,33.77,79.05694150420949,0
51.64,6.020049,33.77,52.51666402200353,0
246.56,6.089128,33.75,67.29784543356496,0
-70.19,6.187631,33.75,37.49666651850535,0
-24.67,6.12111,33.75,107.60576192751019,0
246.21,5.950969,33.75,61.69278726074872,0
145.35,6.099362,33.79,126.53458025377884,0
-3.49,6.159487,33.79,58.19793810780585,0
-361.0,6.082732,33.79,63.166446789415026,0
76.39,6.115993,33.79,64.52131430775415,0
14.33,6.1032,33.77,62.42595614005443,0
12.72,6.114714,33.77,62.75348595894893,0
30.6,6.109597,33.77,63.06346010171025,0
42.6,6.115993,33.77,62.73754856543249,0
-15.2,6.109597,33.77,63.06346010171025,0
-35.23,6.108317,33.77,63.06346010171025,0
14.56,6.101921,33.77,63.15853069855251,0
-1.2,6.090408,33.77,63.94528911499267,0
-34.59,6.092967,33.79,66.19667665374146,0
11.01,6.136461,33.79,75.61084578286372,0
19.75,6.163325,33.79,61.30252849597641,0
27.72,6.062264,33.79,58.32666628567074,0
-68.21,6.031562,33.77,63.0158710167526,0
-11.36,6.05203,33.77,67.72001181334805,0
57.11,6.058426,33.77,60.73713855624086,0
18.17,6.062264,33.77,62.056425936400814,0
157.38,6.085291,33.79,59.841457201508724,0
4.71,6.117272,33.79,67.12674578735364,0
-91.14,5.991906,33.79,89.19080670113932,0
-115.53,6.089128,33.79,65.5133574166368,0
34.99,6.105759,33.77,62.72160712226688,0
26.27,6.100642,33.77,62.72160712226688,0
-99.21,6.089128,33.77,62.72160712226688,0
73.92,6.090408,33.77,62.72160712226688,0
49.86,6.078895,33.81,62.72160712226688,0
-40.55,6.090408,33.81,61.106464469808756,0
-30.57,6.059706,33.81,63.06346010171025,0
18.97,6.081453,33.81,63.92182725798755,0
27.36,6.077615,33.79,63.340350488452465,0
-25.21,6.076336,33.79,63.340350488452465,0
27.55,6.094245,33.79,63.631753079732135,0
7.5,6.089128,33.79,63.340350488452465,0
-66.89,6.095525,33.79,63.340350488452465,0
54.2,6.089128,33.79,62.42595614005443,0
44.88,6.095525,33.79,64.25729530566937,0
-29.97,6.087849,33.79,68.49817515817483,0
27.72,6.133903,33.79,58.7962583843564,0
6.66,6.092967,33.79,53.70288632839021,0
-7.57,6.091687,33.79,64.56779382943171,0
-20.72,6.147974,33.79,61.1228271597445,0
99.96,6.215775,33.79,54.35071296680477,0
68.74,6.264386,33.79,67.47592163134935,0
65.48,6.215775,33.79,57.91372894228103,0
-39.82,6.194027,33.79,64.56779382943171,0
-9.47,6.185072,33.77,60.959002616512684,0
-5.2,6.182514,33.77,63.03967004989794,0
-116.75,6.156929,33.77,66.83561924602779,0
-51.65,6.128785,33.77,77.95511529078769,0
-64.88,6.022607,33.81,74.15524256584965,0
-122.24,6.109597,33.81,58.01723881744115,0
-102.96,6.124948,33.81,63.45076831686122,0
27.46,6.112155,33.81,63.079315151640635,0
97.49,6.112155,33.79,62.81719509815764,0
45.92,6.101921,33.79,63.095166217389426,0
2.1,6.107038,33.79,63.984373092185564,0
-32.72,6.100642,33.79,62.24146527838174,0
-44.11,6.105759,33.79,62.91263784010332,0
-48.33,6.101921,33.79,62.68173577685928,0
52.47,6.101921,33.79,62.91263784010332,0
61.07,6.098083,33.79,62.74551776820397,0
38.16,6.092967,33.81,63.15853069855251,0
6.01,6.095525,33.81,63.40346993658943,0
-55.83,6.098083,33.81,63.15853069855251,0
51.68,6.096804,33.81,63.15853069855251,0
15.0,6.091687,33.77,63.15853069855251,0
19.19,6.10448,33.77,63.15853069855251,0
6.58,6.094245,33.77,63.15853069855251,0
-44.28,6.095525,33.77,63.15853069855251,0
24.76,6.08657,33.79,63.15853069855251,0
3.67,6.098083,33.79,63.15853069855251,0
12.98,6.095525,33.79,63.15853069855251,0
18.59,6.089128,33.79,63.15853069855251,0
-31.81,6.091687,33.81,63.15853069855251,0
36.02,6.092967,33.81,63.15853069855251,0
5.65,6.092967,33.81,63.15853069855251,0
-49.72,6.087849,33.81,63.15853069855251,0
29.81,6.091687,33.81,63.15853069855251,0
8.56,6.085291,33.81,62.849025449882674,0
-49.75,6.090408,33.81,63.15853069855251,0
26.1,6.077615,33.81,63.15853069855251,0
9.1,6.089128,33.81,63.15853069855251,0
-52.57,6.08657,33.81,63.15853069855251,0
25.92,6.082732,33.81,63.15853069855251,0
9.03,6.082732,33.81,63.15853069855251,0
-51.5,6.08657,33.81,63.15853069855251,0
25.42,6.094245,33.81,63.40346993658943,0
7.34,6.082732,33.81,63.15853069855251,0
-48.03,6.087849,33.81,63.15853069855251,0
17.65,6.081453,33.81,63.15853069855251,0
7.63,6.091687,33.81,62.489999199871974,0
-39.46,6.066102,33.81,63.40346993658943,0
19.15,6.08657,33.81,62.489999199871974,0
-3.25,6.084012,33.81,62.56996084384263,0
-18.89,6.082732,33.81,63.40346993658943,0
10.11,6.082732,33.81,63.15853069855251,0
-17.52,6.085291,33.81,63.15853069855251,0
22.9,6.082732,33.79,63.40346993658943,0
7.98,6.082732,33.79,63.40346993658943,0
-45.04,6.082732,33.79,63.40346993658943,0
20.53,6.076336,33.79,63.40346993658943,0
-5.77,6.080174,33.81,63.095166217389426,0
-7.02,6.067381,33.81,62.44197306299666,0
22.09,6.085291,33.81,62.24146527838174,0
-17.64,6.081453,33.81,63.40346993658943,0
32.65,6.080174,33.79,62.56996084384263,0
15.35,6.077615,33.79,63.48228099241551,0
13.35,6.045634,33.79,63.48228099241551,0
-7.51,6.063543,33.79,63.984373092185564,0
-54.43,6.060985,33.81,62.56996084384263,0
36.81,6.077615,33.81,62.56996084384263,0
40.76,6.066102,33.81,62.56996084384263,0
-2.81,6.06994,33.81,62.56996084384263,0
-60.14,6.049472,33.84,62.56996084384263,0
27.87,6.06994,33.84,63.48228099241551,0
21.46,6.068661,33.84,63.48228099241551,0
-24.18,6.06994,33.84,63.48228099241551,0
10.52,6.068661,33.79,62.24146527838174,0
28.26,6.072498,33.79,63.773035054010094,0
-7.77,6.072498,33.79,63.15853069855251,0
-53.21,6.067381,33.79,63.15853069855251,0
18.85,6.072498,33.79,63.15853069855251,0
21.46,6.064823,33.79,63.15853069855251,0
-31.04,6.06994,33.79,63.095166217389426,0
11.21,6.060985,33.79,62.24146527838174,0
6.25,6.071219,33.79,62.3377895020348,0
-1.19,6.076336,33.79,63.15853069855251,0
-46.79,6.072498,33.79,63.15853069855251,0
38.44,6.072498,33.79,63.15853069855251,0
2.87,6.064823,33.83,63.15853069855251,0
-44.9,6.081453,33.83,63.15853069855251,0
26.85,6.06994,33.83,63.15853069855251,0
11.35,6.076336,33.83,63.15853069855251,0
-26.82,6.075057,33.81,63.15853069855251,0
24.78,6.06994,33.81,63.48228099241551,0
12.02,6.060985,33.81,63.48228099241551,0
-31.88,6.071219,33.81,62.56996084384263,0
22.93,6.06994,33.81,62.56996084384263,0
0.27,6.062264,33.81,62.56996084384263,0
-17.62,6.066102,33.81,62.56996084384263,0
11.62,6.060985,33.81,62.56996084384263,0
-18.19,6.066102,33.83,62.56996084384263,0
27.0,6.060985,33.83,62.24146527838174,0
5.72,6.071219,33.83,63.48228099241551,0
-44.35,6.06994,33.83,63.15853069855251,0
23.97,6.068661,33.81,63.40346993658943,0
-4.0,6.060985,33.81,63.15853069855251,0
-5.8,6.063543,33.81,63.48228099241551,0
25.86,6.064823,33.81,63.48228099241551,0
-10.64,6.058426,33.81,63.15853069855251,0
-46.78,6.068661,33.81,63.15853069855251,0
33.34,6.058426,33.81,63.15853069855251,0
27.05,6.062264,33.81,63.15853069855251,0
4.0,6.063543,33.81,63.15853069855251,0
-19.87,6.072498,33.81,63.15853069855251,0
-70.81,6.064823,33.81,63.15853069855251,0
29.08,6.066102,33.81,63.15853069855251,0
34.02,6.057148,33.81,63.15853069855251,0
2.65,6.060985,33.81,63.15853069855251,0
-32.21,6.062264,33.81,63.15853069855251,0
-3.9,6.055868,33.81,63.15853069855251,0
29.35,6.060985,33.81,63.15853069855251,0
11.77,6.055868,33.81,63.15853069855251,0
-21.28,6.059706,33.81,63.40346993658943,0
-32.25,6.058426,33.81,63.15853069855251,0
25.45,6.057148,33.81,63.15853069855251,0
15.09,6.059706,33.81,63.15853069855251,0
-24.86,6.060985,33.81,63.15853069855251,0
-0.56,6.053309,33.81,62.56996084384263,0
23.17,6.054589,33.79,63.15853069855251,0
4.46,6.064823,33.79,62.56996084384263,0
-36.77,6.053309,33.79,62.24146527838174,0
23.51,6.058426,33.79,63.15853069855251,0
20.67,6.057148,33.79,63.40346993658943,0
-16.62,6.058426,33.79,63.15853069855251,0
-2.37,6.059706,33.79,63.15853069855251,0
17.17,6.062264,33.79,63.40346993658943,0
-15.76,6.060985,33.79,63.15853069855251,0
-41.84,6.062264,33.79,63.15853069855251,0
22.48,6.053309,33.79,63.15853069855251,0
2.17,6.055868,33.79,63.15853069855251,0
-37.55,6.058426,33.79,63.15853069855251,0
22.46,6.05203,33.79,63.15853069855251,0
3.55,6.063543,33.79,63.15853069855251,0
-45.21,6.053309,33.79,63.15853069855251,0
27.13,6.059706,33.79,63.15853069855251,0
13.98,6.059706,33.79,62.24146527838174,0
-30.31,6.023887,33.79,63.15853069855251,0
28.08,6.046913,33.79,63.15853069855251,0
28.71,6.053309,33.79,62.24146527838174,0
-3.05,6.050751,33.79,63.48228099241551,0
-40.63,6.050751,33.79,63.15853069855251,0
29.5,6.05203,33.79,63.15853069855251,0
23.13,6.046913,33.81,63.15853069855251,0
-10.87,6.057148,33.81,63.15853069855251,0
-43.33,6.041796,33.81,63.15853069855251,0
17.42,6.054589,33.81,63.15853069855251,0
10.27,6.054589,33.81,63.15853069855251,0
-31.1,6.057148,33.81,63.15853069855251,0
16.09,6.054589,33.81,63.15853069855251,0
24.98,6.055868,33.81,63.15853069855251,0
-8.6,6.048193,33.77,63.15853069855251,0
-51.21,6.050751,33.77,63.15853069855251,0
27.61,6.053309,33.77,63.40346993658943,0
16.41,6.046913,33.77,63.15853069855251,0
-25.05,6.05203,33.77,63.15853069855251,0
9.43,6.050751,33.77,63.15853069855251,0
25.57,6.053309,33.77,63.40346993658943,0
-2.04,6.053309,33.77,63.15853069855251,0
-51.13,6.049472,33.81,63.15853069855251,0
30.51,6.05203,33.81,63.15853069855251,0
22.78,6.053309,33.81,63.48228099241551,0
-18.64,6.044355,33.81,63.15853069855251,0
-16.33,6.046913,33.79,63.15853069855251,0
22.49,6.048193,33.79,63.15853069855251,0
1.29,6.041796,33.79,63.15853069855251,0
-44.1,6.045634,33.79,63.15853069855251,0
21.5,6.0354,33.79,63.15853069855251,0
11.82,6.049472,33.79,63.15853069855251,0
-49.59,6.048193,33.79,63.15853069855251,0
30.6,6.050751,33.79,63.15853069855251,0
7.47,6.049472,33.77,63.15853069855251,0
-47.7,6.044355,33.77,63.15853069855251,0
32.14,6.040517,33.77,63.15853069855251,0
15.33,6.044355,33.77,63.15853069855251,0
-40.77,6.046913,33.79,63.15853069855251,0
33.05,6.054589,33.79,63.40346993658943,0
22.25,6.05203,33.79,63.40346993658943,0
-28.01,6.050751,33.79,63.15853069855251,0
18.38,6.048193,33.79,62.24146527838174,0
24.81,6.055868,33.79,63.15853069855251,0
-8.93,6.053309,33.79,63.40346993658943,0
-38.01,6.050751,33.79,63.40346993658943,0
24.36,6.045634,33.77,62.24146527838174,0
3.49,6.039238,33.77,63.15853069855251,0
-43.45,6.041796,33.77,63.15853069855251,0
27.83,6.045634,33.77,63.15853069855251,0
12.2,6.044355,33.77,63.15853069855251,0
-34.24,6.046913,33.77,63.15853069855251,0
29.32,6.046913,33.77,63.15853069855251,0
22.07,6.049472,33.77,63.40346993658943,0
-21.8,6.046913,33.81,63.15853069855251,0
11.76,6.049472,33.81,63.15853069855251,0
23.22,6.048193,33.81,63.40346993658943,0
-11.6,6.043076,33.81,63.15853069855251,0
-31.52,6.044355,33.79,63.40346993658943,0
25.15,6.043076,33.79,63.15853069855251,0
2.3,6.044355,33.79,63.15853069855251,0
-48.15,6.045634,33.79,63.15853069855251,0
24.74,6.044355,33.79,62.489999199871974,0
13.17,6.044355,33.79,63.40346993658943,0
-34.27,6.044355,33.79,63.15853069855251,0
27.04,6.044355,33.79,62.24146527838174,0
14.33,6.044355,33.79,63.15853069855251,0
-36.92,6.044355,33.79,63.15853069855251,0
30.24,6.037959,33.79,63.15853069855251,0
18.2,6.032842,33.79,63.15853069855251,0
-33.99,6.037959,33.79,63.15853069855251,0
31.33,6.048193,33.79,63.40346993658943,0
21.31,6.034121,33.79,63.15853069855251,0
-26.06,6.045634,33.79,63.40346993658943,0
22.97,6.045634,33.79,63.15853069855251,0
22.04,6.046913,33.79,62.24146527838174,0
-19.85,6.044355,33.79,63.15853069855251,0
21.5,6.044355,33.79,63.40346993658943,0
22.27,6.044355,33.79,63.40346993658943,0
-18.88,6.036679,33.79,63.40346993658943,0
6.51,6.00086,33.79,63.15853069855251,0
17.0,6.025166,33.79,63.15853069855251,0
-18.21,6.030283,33.75,63.40346993658943,0
11.48,6.034121,33.75,63.15853069855251,0
21.89,6.034121,33.75,63.15853069855251,0
-18.86,6.034121,33.75,63.15853069855251,0
5.33,6.037959,33.77,63.15853069855251,0
23.17,6.044355,33.77,63.15853069855251,0
-9.16,6.039238,33.77,63.15853069855251,0
-25.15,6.039238,33.77,63.15853069855251,0
21.23,6.032842,33.79,63.15853069855251,0
-1.02,6.034121,33.79,62.24146527838174,0
-48.97,6.032842,33.79,63.15853069855251,0
20.86,6.0354,33.79,63.15853069855251,0
7.77,6.034121,33.79,63.15853069855251,0
-44.89,6.041796,33.79,63.15853069855251,0
23.16,6.037959,33.79,63.40346993658943,0
4.35,6.040517,33.79,63.40346993658943,0
-56.77,6.037959,33.79,63.15853069855251,0
31.01,6.034121,33.79,63.15853069855251,0
12.56,6.037959,33.79,63.15853069855251,0
-52.17,6.034121,33.79,63.15853069855251,0
33.81,6.030283,33.77,62.24146527838174,0
14.94,6.034121,33.77,62.24146527838174,0
-44.24,6.0354,33.77,63.48228099241551,0
35.66,6.0354,33.77,63.40346993658943,0
17.96,6.036679,33.77,62.81719509815764,0
-33.87,6.037959,33.77,63.15853069855251,0
31.0,6.039238,33.77,63.15853069855251,0
12.79,6.036679,33.77,63.15853069855251,0
-37.41,6.036679,33.79,63.40346993658943,0
30.53,6.036679,33.79,63.15853069855251,0
11.29,6.029004,33.79,63.15853069855251,0
-54.05,6.032842,33.79,63.15853069855251,0
29.7,6.030283,33.79,63.15853069855251,0
10.82,6.037959,33.79,62.24146527838174,0
-60.32,6.034121,33.79,63.15853069855251,0
37.59,6.0354,33.79,63.40346993658943,0
17.55,6.032842,33.77,63.40346993658943,0
-45.09,6.031562,33.77,63.15853069855251,0
40.11,6.030283,33.77,63.40346993658943,0
40.06,6.034121,33.77,63.15853069855251,0
2.98,6.032842,33.77,62.24146527838174,0
-39.97,6.027725,33.77,63.72597586541927,0
-12.59,6.021328,33.77,62.24146527838174,0
35.35,6.026445,33.77,62.81719509815764,0
13.14,6.031562,33.77,62.81719509815764,0
-29.88,6.036679,33.77,62.81719509815764,0
4.21,6.034121,33.77,62.81719509815764,0
18.94,6.034121,33.77,62.81719509815764,0
-10.73,6.0354,33.77,62.56996084384263,0
-28.38,6.0354,33.77,62.81719509815764,0
12.06,6.036679,33.77,62.81719509815764,0
-14.41,6.034121,33.77,63.72597586541927,0
-15.31,6.027725,33.77,63.48228099241551,0
16.75,6.023887,33.77,62.81719509815764,0
-19.31,6.026445,33.77,63.72597586541927,0
10.81,6.0354,33.77,63.15853069855251,0
24.78,6.027725,33.77,63.40346993658943,0
-24.03,6.036679,33.77,63.15853069855251,0
18.28,6.032842,33.77,63.15853069855251,0
25.58,6.032842,33.77,63.40346993658943,0
-25.51,6.031562,33.75,63.40346993658943,0
8.07,6.041796,33.75,63.40346993658943,0
30.47,6.032842,33.75,63.15853069855251,0
-6.92,6.031562,33.75,63.15853069855251,0
-65.52,6.020049,33.75,63.40346993658943,0
42.29,6.030283,33.75,63.40346993658943,0
28.77,6.027725,33.75,63.15853069855251,0
-26.17,6.01749,33.75,63.40346993658943,0
-32.22,6.022607,33.77,63.15853069855251,0
32.42,6.01877,33.77,63.40346993658943,0
11.4,6.021328,33.77,63.15853069855251,0
-39.09,6.01749,33.77,63.15853069855251,0
25.92,6.021328,33.77,62.81719509815764,0
30.3,6.021328,33.77,63.48228099241551,0
-6.44,6.022607,33.77,62.56996084384263,0
-58.44,6.014932,33.77,63.72597586541927,0
25.54,6.023887,33.75,63.48228099241551,0
13.17,6.022607,33.75,62.56996084384263,0
-41.26,5.989347,33.75,62.81719509815764,0
27.67,6.009815,33.75,62.81719509815764,0
6.52,6.008536,33.77,63.72597586541927,0
-52.55,6.020049,33.77,62.56996084384263,0
18.93,6.011094,33.77,62.81719509815764,0
-3.6,6.016211,33.77,63.40346993658943,0
-23.81,6.012373,33.77,62.489999199871974,0
17.59,6.022607,33.77,63.15853069855251,0
-16.22,6.009815,33.77,63.15853069855251,0
27.05,6.01877,33.77,63.40346993658943,0
22.24,6.016211,33.75,63.15853069855251,0
-40.04,6.014932,33.75,63.15853069855251,0
42.62,6.014932,33.75,63.15853069855251,0
33.97,6.009815,33.75,63.15853069855251,0
-19.12,6.012373,33.77,63.15853069855251,0
-75.38,6.007257,33.77,63.15853069855251,0
46.76,6.01749,33.77,63.40346993658943,0
31.35,6.007257,33.77,63.15853069855251,0
-5.55,6.009815,33.77,63.15853069855251,0
-50.45,5.997023,33.77,63.15853069855251,0
15.24,6.009815,33.77,63.15853069855251,0
42.17,6.005977,33.77,63.15853069855251,0
9.42,6.011094,33.77,63.40346993658943,0
-38.44,6.011094,33.77,62.489999199871974,0
15.3,6.011094,33.77,62.24146527838174,0
33.66,6.012373,33.77,62.56996084384263,0
0.77,6.013653,33.77,62.81719509815764,0
-44.26,6.014932,33.77,62.81719509815764,0
34.22,6.008536,33.77,62.81719509815764,0
22.69,6.020049,33.77,62.81719509815764,0
-22.5,6.00086,33.77,62.56996084384263,0
4.47,6.021328,33.77,62.81719509815764,0
17.6,6.008536,33.77,63.15853069855251,0
-20.69,6.014932,33.77,62.91263784010332,0
-2.83,6.011094,33.75,62.91263784010332,0
13.79,6.022607,33.75,62.56996084384263,0
-25.25,6.016211,33.75,62.56996084384263,0
27.93,6.016211,33.75,62.81719509815764,0
19.93,6.014932,33.77,62.56996084384263,0
-37.36,6.014932,33.77,62.56996084384263,0
43.66,6.013653,33.77,62.81719509815764,0
22.98,5.999581,33.77,62.56996084384263,0
-43.06,6.011094,33.77,63.48228099241551,0
44.51,6.003419,33.77,62.81719509815764,0
31.13,6.008536,33.77,62.24146527838174,0
-27.39,6.00214,33.77,63.15853069855251,0
-37.8,6.005977,33.75,63.15853069855251,0
32.61,6.00086,33.75,63.15853069855251,0
5.97,6.008536,33.75,63.15853069855251,0
-52.2,6.013653,33.75,63.15853069855251,0
42.33,6.003419,33.77,63.15853069855251,0
31.31,6.003419,33.77,63.40346993658943,0
-13.44,5.995743,33.77,63.15853069855251,0
-74.33,6.003419,33.77,63.15853069855251,0
41.85,5.995743,33.77,63.40346993658943,0
25.46,6.00086,33.77,63.40346993658943,0
-29.6,5.991906,33.77,63.15853069855251,0
-20.77,5.997023,33.77,63.40346993658943,0
29.99,5.989347,33.77,63.40346993658943,0
6.31,6.00086,33.77,63.40346993658943,0
-41.02,5.995743,33.77,63.15853069855251,0
28.63,5.995743,33.77,63.40346993658943,0
29.05,5.993185,33.77,63.15853069855251,0
-10.72,5.986788,33.77,62.489999199871974,0
-62.02,5.993185,33.77,63.72597586541927,0
32.91,5.993185,33.77,63.72597586541927,0
18.65,5.993185,33.77,62.81719509815764,0
-30.36,5.993185,33.77,62.56996084384263,0
20.2,5.993185,33.77,62.81719509815764,0
21.02,5.986788,33.77,62.81719509815764,0
-16.55,5.989347,33.75,62.56996084384263,0
1.4,5.986788,33.75,62.81719509815764,0
8.65,5.994464,33.75,63.15853069855251,0
-22.87,5.985509,33.75,62.56996084384263,0
25.12,5.980392,33.75,63.48228099241551,0
13.75,5.988068,33.75,63.48228099241551,0
-42.56,5.988068,33.75,63.40346993658943,0
43.88,5.988068,33.75,63.40346993658943,0
14.99,5.981671,33.73,63.40346993658943,0
-58.76,5.985509,33.73,63.40346993658943,0
38.85,5.953528,33.73,63.40346993658943,0
13.07,5.972717,33.73,63.15853069855251,0
-64.26,5.976554,33.73,63.15853069855251,0
44.11,5.977834,33.73,63.40346993658943,0
18.93,5.972717,33.73,63.40346993658943,0
-43.28,5.966321,33.73,62.489999199871974,0
36.35,5.970158,33.75,63.40346993658943,0
40.34,5.980392,33.75,63.40346993658943,0
0.61,5.970158,33.75,63.15853069855251,0
-45.57,5.975275,33.75,63.15853069855251,0
18.24,5.972717,33.75,63.40346993658943,0
38.9,5.980392,33.75,63.40346993658943,0
5.61,5.975275,33.75,63.40346993658943,0
-38.45,5.973996,33.75,63.40346993658943,0
23.48,5.972717,33.73,63.40346993658943,0
31.54,5.972717,33.73,63.40346993658943,0
-3.5,5.962483,33.73,63.40346993658943,0
-55.45,5.963762,33.73,63.40346993658943,0
39.03,5.9676,33.73,63.40346993658943,0
27.17,5.961204,33.73,63.40346993658943,0
-23.41,5.970158,33.73,62.24146527838174,0
-24.23,5.962483,33.73,62.489999199871974,0
20.74,5.965041,33.75,62.489999199871974,0
-0.26,5.954807,33.75,63.40346993658943,0
-52.19,5.9676,33.75,63.40346993658943,0
19.28,5.966321,33.75,62.81719509815764,0
6.15,5.961204,33.73,62.489999199871974,0
-51.5,5.962483,33.73,62.81719509815764,0
14.79,5.9676,33.73,62.489999199871974,0
-9.59,5.965041,33.73,63.40346993658943,0
-18.51,5.958645,33.75,63.40346993658943,0
13.77,5.963762,33.75,63.40346993658943,0
-24.33,5.958645,33.75,63.40346993658943,0
32.58,5.962483,33.75,62.489999199871974,0
20.41,5.957366,33.75,63.40346993658943,0
-40.75,5.970158,33.75,63.40346993658943,0
42.08,5.965041,33.75,63.40346993658943,0
24.08,5.965041,33.75,62.489999199871974,0
-51.74,5.956087,33.71,63.40346993658943,0
44.9,5.958645,33.71,63.40346993658943,0
31.19,5.958645,33.71,63.40346993658943,0
-31.79,5.958645,33.71,63.40346993658943,0
-10.02,5.958645,33.75,63.40346993658943,0
44.57,5.959924,33.75,63.40346993658943,0
11.0,5.958645,33.75,63.40346993658943,0
-36.17,5.952249,33.75,63.15853069855251,0
-32.89,5.956087,33.71,63.40346993658943,0
40.93,5.950969,33.71,63.40346993658943,0
13.27,5.961204,33.71,63.40346993658943,0
-35.82,5.943294,33.71,63.40346993658943,0
4.34,5.956087,33.73,63.40346993658943,0
35.65,5.948411,33.73,63.40346993658943,0
2.92,5.953528,33.73,63.40346993658943,0
-38.96,5.942015,33.73,63.40346993658943,0
33.96,5.954807,33.71,63.40346993658943,0
29.96,5.959924,33.71,63.40346993658943,0
-12.6,5.956087,33.71,63.40346993658943,0
-63.76,5.961204,33.71,63.15853069855251,0
31.13,5.957366,33.73,63.40346993658943,0
18.98,5.961204,33.73,63.40346993658943,0
-32.31,5.94969,33.73,63.40346993658943,0
23.85,5.953528,33.73,63.40346993658943,0
21.28,5.947132,33.68,63.40346993658943,0
-12.23,5.952249,33.68,63.40346993658943,0
-50.99,5.945852,33.68,63.40346993658943,0
22.58,5.94969,33.68,63.40346993658943,0
6.43,5.943294,33.73,63.40346993658943,0
-53.3,5.953528,33.73,63.40346993658943,0
35.02,5.950969,33.73,63.40346993658943,0
14.84,5.950969,33.73,63.15853069855251,0
-44.65,5.948411,33.73,63.40346993658943,0
38.31,5.94969,33.73,63.40346993658943,0
15.83,5.94969,33.73,63.40346993658943,0
-49.56,5.94969,33.73,62.489999199871974,0
33.23,5.950969,33.71,63.40346993658943,0
15.32,5.950969,33.71,63.40346993658943,0
-49.38,5.950969,33.71,63.40346993658943,0
21.75,5.94969,33.71,62.489999199871974,0
-3.86,5.94969,33.75,63.40346993658943,0
-29.63,5.945852,33.75,62.489999199871974,0
15.34,5.91515,33.75,63.40346993658943,0
-20.48,5.929222,33.75,62.489999199871974,0
24.69,5.926664,33.73,63.40346993658943,0
21.02,5.93306,33.73,63.40346993658943,0
-37.04,5.934339,33.73,63.40346993658943,0
43.27,5.930501,33.73,63.40346993658943,0
24.75,5.942015,33.71,63.40346993658943,0
-45.0,5.93306,33.71,63.40346993658943,0
44.03,5.935618,33.71,63.40346993658943,0
42.41,5.936898,33.71,63.40346993658943,0
1.22,5.938177,33.71,63.40346993658943,0
-34.04,5.935618,33.71,63.40346993658943,0
-77.06,5.936898,33.71,63.15853069855251,0
44.42,5.926664,33.71,63.40346993658943,0
29.94,5.930501,33.71,63.40346993658943,0
-17.8,5.930501,33.71,63.40346993658943,0
-74.67,5.931781,33.71,63.40346993658943,0
41.25,5.931781,33.71,63.40346993658943,0
27.15,5.934339,33.71,63.40346993658943,0
-24.65,5.939456,33.71,62.489999199871974,0
-46.41,5.929222,33.71,63.40346993658943,0
30.8,5.931781,33.71,63.40346993658943,0
13.04,5.924105,33.66,63.40346993658943,0
-38.76,5.935618,33.66,63.40346993658943,0
27.27,5.918988,33.66,63.40346993658943,0
30.54,5.930501,33.66,63.40346993658943,0
-9.03,5.926664,33.71,63.40346993658943,0
-68.38,5.926664,33.71,63.40346993658943,0
32.86,5.926664,33.71,63.40346993658943,0
23.04,5.922826,33.71,63.40346993658943,0
-34.12,5.924105,33.71,63.40346993658943,0
33.18,5.926664,33.71,63.40346993658943,0
22.46,5.925385,33.71,63.40346993658943,0
-26.95,5.918988,33.71,63.40346993658943,0
-7.77,5.922826,33.68,63.40346993658943,0
23.7,5.917709,33.68,63.40346993658943,0
-14.74,5.924105,33.68,63.40346993658943,0
-10.7,5.917709,33.68,63.40346993658943,0
22.28,5.922826,33.71,62.489999199871974,0
-16.09,5.917709,33.71,63.40346993658943,0
-13.04,5.922826,33.71,62.489999199871974,0
28.32,5.922826,33.71,62.489999199871974,0
-5.11,5.926664,33.71,63.40346993658943,0
-29.98,5.926664,33.71,62.81719509815764,0
17.78,5.927943,33.71,62.81719509815764,0
-13.42,5.925385,33.71,62.81719509815764,0
-2.06,5.920268,33.68,62.489999199871974,0
12.28,5.926664,33.68,62.81719509815764,0
-23.19,5.920268,33.68,62.489999199871974,0
28.78,5.926664,33.68,63.40346993658943,0
18.93,5.920268,33.68,63.40346993658943,0
-39.92,5.931781,33.68,63.40346993658943,0
47.54,5.921546,33.68,63.40346993658943,0
21.73,5.926664,33.68,63.40346993658943,0
-57.59,5.930501,33.71,63.40346993658943,0
49.04,5.927943,33.71,63.40346993658943,0
27.2,5.924105,33.71,63.40346993658943,0
-43.59,5.911313,33.71,63.40346993658943,0
36.29,5.918988,33.73,63.40346993658943,0
41.92,5.920268,33.73,63.40346993658943,0
5.47,5.920268,33.73,63.40346993658943,0
-34.64,5.91515,33.73,63.40346993658943,0
-73.37,5.91643,33.73,63.40346993658943,0
41.07,5.910033,33.73,63.40346993658943,0
20.55,5.913871,33.73,63.40346993658943,0
-30.4,5.91515,33.73,63.40346993658943,0
-26.95,5.913871,33.73,63.40346993658943,0
34.3,5.913871,33.73,63.40346993658943,0
9.06,5.904916,33.73,62.489999199871974,0
-38.01,5.912592,33.73,63.40346993658943,0
27.08,5.912592,33.68,62.489999199871974,0
25.15,5.912592,33.68,63.40346993658943,0
-12.73,5.911313,33.68,63.40346993658943,0
-49.05,5.912592,33.68,63.40346993658943,0
15.39,5.907475,33.71,63.40346993658943,0
-0.85,5.91515,33.71,62.24146527838174,0
-61.19,5.91515,33.71,63.40346993658943,0
30.51,5.911313,33.71,63.40346993658943,0
6.84,5.904916,33.71,63.40346993658943,0
-66.25,5.908754,33.71,63.15853069855251,0
36.14,5.879332,33.71,63.40346993658943,0
3.73,5.89852,33.71,63.15853069855251,0
-61.41,5.899799,33.73,63.40346993658943,0
37.83,5.897241,33.73,63.40346993658943,0
5.41,5.89852,33.73,63.40346993658943,0
-73.58,5.901079,33.73,63.40346993658943,0
47.87,5.899799,33.73,63.40346993658943,0
26.3,5.902358,33.73,63.40346993658943,0
-36.69,5.901079,33.73,63.40346993658943,0
2.36,5.894682,33.73,63.15853069855251,0
41.02,5.890845,33.71,63.15853069855251,0
11.82,5.899799,33.71,63.40346993658943,0
-29.79,5.897241,33.71,63.40346993658943,0
-65.21,5.892124,33.71,63.40346993658943,0
39.74,5.895962,33.68,63.40346993658943,0
20.18,5.895962,33.68,63.40346993658943,0
-24.24,5.892124,33.68,62.24146527838174,0
-34.11,5.893403,33.68,62.489999199871974,0
18.61,5.894682,33.71,63.40346993658943,0
1.89,5.893403,33.71,62.489999199871974,0
-54.7,5.888286,33.71,63.40346993658943,0
27.1,5.883169,33.71,63.40346993658943,0
6.76,5.885727,33.68,63.40346993658943,0
-62.21,5.895962,33.68,63.40346993658943,0
41.61,5.887007,33.68,63.40346993658943,0
20.3,5.888286,33.68,63.40346993658943,0
-53.32,5.888286,33.68,63.40346993658943,0
44.59,5.889565,33.68,63.40346993658943,0
22.22,5.889565,33.68,63.40346993658943,0
-46.07,5.889565,33.68,63.40346993658943,0
44.45,5.888286,33.68,62.489999199871974,0
21.71,5.88189,33.68,62.489999199871974,0
-35.11,5.876773,33.68,63.72597586541927,0
36.7,5.88061,33.68,63.40346993658943,0
23.34,5.883169,33.73,62.81719509815764,0
-27.29,5.876773,33.73,63.40346993658943,0
29.17,5.88189,33.73,62.489999199871974,0
17.23,5.876773,33.73,63.40346993658943,0
-24.36,5.88189,33.68,63.40346993658943,0
34.63,5.869097,33.68,63.40346993658943,0
13.33,5.88189,33.68,63.40346993658943,0
-42.99,5.88189,33.68,63.15853069855251,0
44.38,5.88189,33.71,63.40346993658943,0
19.46,5.879332,33.71,63.40346993658943,0
-49.17,5.883169,33.71,63.15853069855251,0
51.41,5.879332,33.71,63.40346993658943,0
27.69,5.871656,33.68,63.40346993658943,0
-38.98,5.88061,33.68,63.40346993658943,0
32.09,5.870377,33.68,63.15853069855251,0
44.86,5.875494,33.68,63.15853069855251,0
7.41,5.875494,33.68,63.40346993658943,0
-32.89,5.876773,33.68,63.15853069855251,0
-77.8,5.874214,33.68,63.40346993658943,0
44.19,5.869097,33.68,63.15853069855251,0
27.43,5.86398,33.68,62.489999199871974,0
-22.72,5.872935,33.68,62.489999199871974,0
-59.12,5.870377,33.68,62.81719509815764,0
31.86,5.862701,33.68,63.72597586541927,0
16.97,5.866539,33.68,62.81719509815764,0
-32.02,5.870377,33.68,62.56996084384263,0
20.17,5.872935,33.68,62.81719509815764,0
19.22,5.86526,33.68,62.81719509815764,0
-15.73,5.870377,33.68,62.81719509815764,0
-37.75,5.870377,33.68,62.81719509815764,0
9.97,5.871656,33.68,62.81719509815764,0
-12.06,5.861422,33.68,62.81719509815764,0
-24.1,5.871656,33.68,62.81719509815764,0
17.48,5.869097,33.68,62.489999199871974,0
-22.57,5.860143,33.68,63.40346993658943,0
13.1,5.86526,33.68,63.40346993658943,0
22.93,5.860143,33.68,63.40346993658943,0
-25.86,5.870377,33.68,63.15853069855251,0
25.06,5.860143,33.68,63.40346993658943,0
27.29,5.862701,33.68,63.40346993658943,0
-24.66,5.856305,33.68,63.40346993658943,0
-19.82,5.866539,33.68,63.40346993658943,0
42.55,5.855026,33.68,63.15853069855251,0
12.72,5.862701,33.68,63.40346993658943,0
-42.59,5.860143,33.68,62.489999199871974,0
-13.95,5.858863,33.68,63.15853069855251,0
43.35,5.826882,33.68,63.40346993658943,0
15.28,5.84735,33.68,63.40346993658943,0
-41.72,5.848629,33.73,63.40346993658943,0
1.28,5.844791,33.73,63.15853069855251,0
35.27,5.849908,33.73,63.40346993658943,0
6.26,5.843513,33.73,63.40346993658943,0
-44.15,5.853746,33.68,63.15853069855251,0
30.69,5.844791,33.68,63.40346993658943,0
32.71,5.851188,33.68,63.40346993658943,0
-8.57,5.849908,33.68,63.15853069855251,0
-66.36,5.849908,33.68,63.40346993658943,0
35.08,5.84735,33.68,63.40346993658943,0
17.92,5.848629,33.68,63.40346993658943,0
-36.5,5.84735,33.68,63.40346993658943,0
36.74,5.848629,33.71,63.40346993658943,0
26.16,5.849908,33.71,62.489999199871974,0
-25.54,5.840954,33.71,63.15853069855251,0
7.07,5.846071,33.71,63.15853069855251,0
19.55,5.834558,33.71,63.40346993658943,0
-13.75,5.849908,33.71,63.40346993658943,0
-26.57,5.839674,33.71,63.40346993658943,0
18.66,5.843513,33.71,63.40346993658943,0
-6.82,5.842233,33.68,62.489999199871974,0
-48.19,5.842233,33.68,62.24146527838174,0
21.02,5.840954,33.68,63.40346993658943,0
-0.88,5.840954,33.68,63.40346993658943,0
-50.73,5.840954,33.66,62.489999199871974,0
21.19,5.842233,33.66,63.40346993658943,0
-0.76,5.840954,33.66,63.40346993658943,0
-53.53,5.828161,33.66,62.489999199871974,0
22.97,5.838395,33.66,63.40346993658943,0
-3.93,5.831999,33.66,63.40346993658943,0
-42.28,5.838395,33.66,62.489999199871974,0
19.67,5.835837,33.66,63.40346993658943,0
-8.82,5.837116,33.68,63.40346993658943,0
-20.8,5.843513,33.68,63.40346993658943,0
20.82,5.840954,33.68,63.40346993658943,0
-13.81,5.839674,33.68,63.40346993658943,0
-16.7,5.839674,33.68,63.40346993658943,0
24.96,5.838395,33.68,63.40346993658943,0
-12.25,5.824324,33.68,62.24146527838174,0
-32.62,5.835837,33.68,63.40346993658943,0
25.12,5.828161,33.71,63.15853069855251,0
-3.76,5.83072,33.71,63.15853069855251,0
-57.63,5.83072,33.71,63.40346993658943,0
28.18,5.831999,33.71,63.15853069855251,0
6.38,5.831999,33.66,63.40346993658943,0
-56.27,5.833278,33.66,63.40346993658943,0
44.99,5.831999,33.66,63.40346993658943,0
21.81,5.825603,33.66,62.489999199871974,0
-37.52,5.829441,33.68,63.40346993658943,0
45.0,5.824324,33.68,62.489999199871974,0
24.01,5.83072,33.68,62.81719509815764,0
-31.84,5.828161,33.68,62.81719509815764,0
31.62,5.83072,33.68,62.81719509815764,0
17.98,5.829441,33.68,62.81719509815764,0
-30.88,5.83072,33.68,62.81719509815764,0
36.54,5.829441,33.68,62.81719509815764,0
10.78,5.824324,33.68,62.81719509815764,0
-46.19,5.83072,33.68,62.81719509815764,0
36.27,5.824324,33.68,62.81719509815764,0
4.19,5.828161,33.68,62.81719509815764,0
-52.11,5.819207,33.68,62.81719509815764,0
21.28,5.83072,33.68,62.81719509815764,0
-14.85,5.826882,33.68,62.81719509815764,0
10.02,5.828161,33.68,62.81719509815764,0
28.6,5.826882,33.66,62.81719509815764,0
-26.63,5.820486,33.66,62.81719509815764,0
26.83,5.824324,33.66,63.72597586541927,0
42.77,5.819207,33.66,63.40346993658943,0
13.07,5.823044,33.68,63.72597586541927,0
-10.47,5.817927,33.68,63.40346993658943,0
-58.04,5.825603,33.68,62.489999199871974,0
5.64,5.819207,33.68,63.40346993658943,0
45.76,5.825603,33.68,62.489999199871974,0
12.92,5.829441,33.68,63.40346993658943,0
-43.92,5.824324,33.68,62.489999199871974,0
12.2,5.821765,33.68,62.489999199871974,0
42.63,5.816648,33.68,63.40346993658943,0
4.28,5.826882,33.68,63.40346993658943,0
-47.5,5.787225,33.68,63.15853069855251,0
25.19,5.810252,33.68,63.40346993658943,0
39.85,5.800018,33.66,63.40346993658943,0
-3.65,5.814089,33.66,63.40346993658943,0
-60.49,5.805135,33.66,63.15853069855251,0
45.83,5.814089,33.66,63.40346993658943,0
33.5,5.810252,33.68,63.40346993658943,0
-20.88,5.808972,33.68,63.40346993658943,0
-59.78,5.807693,33.68,63.40346993658943,0
30.87,5.803855,33.68,63.40346993658943,0
15.09,5.806414,33.66,63.40346993658943,0
-39.88,5.807693,33.66,63.40346993658943,0
36.51,5.808972,33.66,63.40346993658943,0
25.71,5.806414,33.66,63.40346993658943,0
-15.59,5.806414,33.66,63.40346993658943,0
-54.53,5.805135,33.66,63.40346993658943,0
24.9,5.807693,33.66,63.40346993658943,0
6.92,5.803855,33.66,63.40346993658943,0
-52.83,5.803855,33.68,63.40346993658943,0
44.92,5.810252,33.68,63.40346993658943,0
22.77,5.800018,33.68,62.489999199871974,0
-36.79,5.802576,33.68,62.81719509815764,0
41.23,5.797459,33.66,62.81719509815764,0
14.54,5.810252,33.66,62.56996084384263,0
-37.47,5.803855,33.66,62.81719509815764,0
39.16,5.805135,33.66,62.81719509815764,0
9.81,5.797459,33.66,62.81719509815764,0
-56.79,5.806414,33.66,62.81719509815764,0
17.82,5.802576,33.66,63.72597586541927,0
-11.18,5.803855,33.66,62.81719509815764,0
5.82,5.805135,33.66,62.81719509815764,0
15.49,5.806414,33.66,62.489999199871974,0
-41.95,5.806414,33.66,62.489999199871974,0
51.87,5.802576,33.66,63.40346993658943,0
20.51,5.806414,33.68,62.489999199871974,0
-62.64,5.811531,33.68,62.489999199871974,0
46.59,5.810252,33.68,62.24146527838174,0
22.95,5.800018,33.68,62.489999199871974,0
-40.67,5.800018,33.68,63.40346993658943,0
23.4,5.806414,33.68,62.24146527838174,0
37.53,5.802576,33.68,63.40346993658943,0
18.6,5.802576,33.68,63.40346993658943,0
-25.06,5.793622,33.68,63.40346993658943,0
-94.6,5.805135,33.68,63.40346993658943,0
49.38,5.793622,33.68,63.40346993658943,0
40.81,5.798738,33.68,63.40346993658943,0
-9.88,5.791063,33.68,63.40346993658943,0
-60.23,5.800018,33.68,63.40346993658943,0
47.39,5.788505,33.68,63.15853069855251,0
38.15,5.79618,33.68,62.489999199871974,0
-12.47,5.792342,33.68,62.489999199871974,0
-59.12,5.792342,33.68,63.72597586541927,0
42.14,5.791063,33.68,63.72597586541927,0
29.87,5.792342,33.68,62.81719509815764,0
-22.49,5.792342,33.66,62.81719509815764,0
-50.76,5.793622,33.66,62.81719509815764,0
16.47,5.793622,33.66,62.81719509815764,0
2.42,5.788505,33.66,63.72597586541927,0
-49.24,5.791063,33.68,62.81719509815764,0
22.44,5.789784,33.68,62.81719509815764,0
5.07,5.794901,33.68,63.40346993658943,0
-54.74,5.791063,33.68,62.81719509815764,0
17.43,5.789784,33.66,63.72597586541927,0
-12.38,5.79618,33.66,62.489999199871974,0
-5.96,5.794901,33.66,63.72597586541927,0
23.91,5.792342,33.66,62.81719509815764,0
-27.22,5.785946,33.66,62.489999199871974,0
38.39,5.791063,33.66,62.489999199871974,0
30.71,5.784667,33.66,63.40346993658943,0
-35.48,5.788505,33.66,63.40346993658943,0
37.93,5.774433,33.66,63.72597586541927,0
43.33,5.791063,33.66,62.489999199871974,0
10.41,5.783388,33.66,63.40346993658943,0
-19.49,5.783388,33.66,63.40346993658943,0
-68.71,5.780829,33.68,62.489999199871974,0
42.03,5.782108,33.68,63.40346993658943,0
48.68,5.782108,33.68,62.489999199871974,0
6.28,5.782108,33.68,62.81719509815764,0
-43.41,5.784667,33.68,63.72597586541927,0
17.4,5.783388,33.68,62.81719509815764,0
38.72,5.751406,33.68,62.81719509815764,0
7.38,5.757802,33.68,62.81719509815764,0
-37.47,5.771874,33.66,62.81719509815764,0
27.38,5.770595,33.66,62.81719509815764,0
27.58,5.773153,33.66,63.72597586541927,0
-11.05,5.773153,33.66,62.81719509815764,0
-54.3,5.775712,33.68,62.81719509815764,0
19.85,5.775712,33.68,62.81719509815764,0
3.62,5.776991,33.68,62.489999199871974,0
-58.89,5.776991,33.68,62.81719509815764,0
34.15,5.775712,33.68,63.72597586541927,0
10.73,5.780829,33.68,62.489999199871974,0
-61.01,5.764199,33.68,62.489999199871974,0
35.34,5.774433,33.68,63.40346993658943,0
7.93,5.768036,33.66,63.40346993658943,0
-70.15,5.77955,33.66,63.40346993658943,0
45.1,5.771874,33.66,63.40346993658943,0
25.66,5.775712,33.66,63.40346993658943,0
-28.7,5.770595,33.66,63.40346993658943,0
-67.68,5.765478,33.66,63.15853069855251,0
48.03,5.774433,33.66,63.40346993658943,0
25.14,5.770595,33.66,63.40346993658943,0
-16.68,5.769316,33.66,63.40346993658943,0
-84.42,5.753965,33.66,63.40346993658943,0
43.51,5.766757,33.66,63.40346993658943,0
31.12,5.759082,33.66,63.15853069855251,0
-26.47,5.765478,33.68,63.40346993658943,0
-30.57,5.769316,33.68,63.15853069855251,0
33.49,5.766757,33.68,63.40346993658943,0
5.8,5.764199,33.68,63.40346993658943,0
-51.39,5.756523,33.68,63.40346993658943,0
39.44,5.768036,33.68,63.40346993658943,0
24.81,5.764199,33.68,62.489999199871974,0
-33.77,5.762919,33.68,63.72597586541927,0
20.04,5.750127,33.68,62.81719509815764,0
24.37,5.766757,33.68,63.72597586541927,0
-23.42,5.755244,33.68,62.81719509815764,0
17.85,5.760361,33.68,62.81719509815764,0
12.91,5.760361,33.68,62.81719509815764,0
-26.61,5.769316,33.68,62.81719509815764,0
37.87,5.762919,33.68,63.40346993658943,0
9.02,5.765478,33.68,63.72597586541927,0
-57.89,5.769316,33.68,63.40346993658943,0
31.94,5.765478,33.68,63.40346993658943,0
1.57,5.764199,33.68,63.40346993658943,0
-27.64,5.751406,33.68,63.40346993658943,0
28.74,5.760361,33.68,62.489999199871974,0
-24.43,5.751406,33.68,63.40346993658943,0
20.84,5.755244,33.68,63.40346993658943,0
47.68,5.751406,33.68,63.40346993658943,0
2.06,5.755244,33.66,63.40346993658943,0
-49.62,5.748847,33.66,63.40346993658943,0
5.69,5.751406,33.66,63.40346993658943,0
51.1,5.757802,33.66,62.489999199871974,0
14.59,5.756523,33.68,63.40346993658943,0
-28.86,5.759082,33.68,63.40346993658943,0
-76.72,5.742452,33.68,62.489999199871974,0
46.61,5.750127,33.68,62.489999199871974,0
23.49,5.748847,33.66,62.489999199871974,0
-14.43,5.750127,33.66,62.489999199871974,0
-71.16,5.743731,33.66,63.40346993658943,0
34.93,5.746289,33.66,62.489999199871974,0
22.39,5.742452,33.68,63.40346993658943,0
-33.18,5.751406,33.68,63.40346993658943,0
17.58,5.748847,33.68,63.40346993658943,0
21.85,5.747569,33.68,63.40346993658943,0
-18.08,5.74501,33.68,63.40346993658943,0
-42.61,5.746289,33.68,63.40346993658943,0
26.18,5.748847,33.68,63.40346993658943,0
-0.7,5.74501,33.68,63.40346993658943,0
-65.28,5.74501,33.68,63.40346993658943,0
40.75,5.739893,33.68,63.40346993658943,0
20.24,5.741172,33.68,63.40346993658943,0
-38.56,5.734776,33.68,63.40346993658943,0
31.65,5.739893,33.66,63.40346993658943,0
29.63,5.736055,33.66,63.40346993658943,0
-12.48,5.742452,33.66,63.40346993658943,0
-67.14,5.733497,33.66,63.40346993658943,0
32.56,5.729659,33.71,63.40346993658943,0
14.06,5.736055,33.71,62.489999199871974,0
-42.67,5.705353,33.71,63.40346993658943,0
46.3,5.724542,33.71,63.40346993658943,0
28.51,5.725821,33.68,62.489999199871974,0
-26.37,5.72838,33.68,63.40346993658943,0
-4.23,5.723263,33.68,62.489999199871974,0
20.04,5.7271,33.68,62.489999199871974,0
-6.46,5.729659,33.66,62.81719509815764,0
-41.45,5.736055,33.66,62.81719509815764,0
12.15,5.725821,33.66,62.81719509815764,0
-7.2,5.724542,33.66,62.81719509815764,0
-29.2,5.729659,33.68,62.81719509815764,0
6.83,5.729659,33.68,62.81719509815764,0
-16.73,5.729659,33.68,62.81719509815764,0
17.65,5.730938,33.68,62.81719509815764,0
11.59,5.730938,33.66,62.81719509815764,0
-33.58,5.730938,33.66,62.81719509815764,0
45.24,5.730938,33.66,62.81719509815764,0
15.64,5.725821,33.66,62.81719509815764,0
-57.45,5.729659,33.68,62.81719509815764,0
45.04,5.723263,33.68,62.81719509815764,0
16.43,5.720704,33.68,62.81719509815764,0
-62.33,5.721983,33.68,62.81719509815764,0
49.63,5.724542,33.68,62.81719509815764,0
28.67,5.732217,33.68,62.81719509815764,0
-31.45,5.7271,33.68,62.81719509815764,0
-49.32,5.7271,33.68,63.72597586541927,0
35.24,5.7271,33.66,62.489999199871974,0
14.35,5.724542,33.66,62.489999199871974,0
-40.25,5.725821,33.66,63.40346993658943,0
19.89,5.723263,33.66,63.40346993658943,0
30.49,5.723263,33.66,63.40346993658943,0
-5.59,5.714308,33.66,63.40346993658943,0
-56.77,5.715587,33.66,63.15853069855251,0
46.23,5.715587,33.66,63.40346993658943,0
32.59,5.709191,33.68,63.40346993658943,0
-19.32,5.718146,33.68,63.40346993658943,0
-71.5,5.709191,33.68,63.40346993658943,0
37.76,5.71175,33.68,63.40346993658943,0
22.02,5.71047,33.68,63.40346993658943,0
-33.82,5.707911,33.68,63.40346993658943,0
-7.53,5.707911,33.68,63.40346993658943,0
26.38,5.707911,33.68,62.489999199871974,0
-0.07,5.701515,33.68,63.40346993658943,0
-62.48,5.702795,33.68,63.40346993658943,0
39.1,5.702795,33.68,63.40346993658943,0
20.66,5.696398,33.68,63.40346993658943,0
-41.64,5.702795,33.68,63.40346993658943,0
42.58,5.697678,33.68,62.489999199871974,0
21.76,5.702795,33.68,63.40346993658943,0
-35.2,5.697678,33.68,63.40346993658943,0
43.22,5.702795,33.66,63.40346993658943,0
19.58,5.691281,33.66,62.81719509815764,0
-36.74,5.702795,33.66,62.81719509815764,0
44.07,5.696398,33.66,62.81719509815764,0
14.76,5.697678,33.68,62.81719509815764,0
-51.58,5.697678,33.68,62.81719509815764,0
30.99,5.697678,33.68,62.81719509815764,0
2.04,5.700236,33.68,62.81719509815764,0
-33.39,5.701515,33.66,62.81719509815764,0
6.71,5.707911,33.66,62.81719509815764,0
-24.77,5.697678,33.66,62.81719509815764,0
41.38,5.702795,33.66,62.81719509815764,0
12.65,5.696398,33.68,62.81719509815764,0
-62.33,5.706633,33.68,62.81719509815764,0
37.78,5.691281,33.68,62.81719509815764,0
0.26,5.700236,33.68,62.81719509815764,0
-23.09,5.698957,33.65,62.81719509815764,0
30.72,5.705353,33.65,62.81719509815764,0
-2.5,5.698957,33.65,62.81719509815764,0
-70.64,5.696398,33.65,62.81719509815764,0
39.82,5.697678,33.66,62.81719509815764,0
24.69,5.698957,33.66,63.72597586541927,0
-21.07,5.698957,33.66,62.489999199871974,0
-82.05,5.690002,33.66,63.40346993658943,0
39.66,5.69384,33.65,62.81719509815764,0
27.29,5.688723,33.65,62.489999199871974,0
-26.92,5.695119,33.65,62.489999199871974,0
-50.79,5.686164,33.65,63.40346993658943,0
32.3,5.692561,33.68,62.489999199871974,0
15.64,5.687444,33.68,62.489999199871974,0
-37.63,5.661859,33.68,62.489999199871974,0
11.91,5.669534,33.68,63.40346993658943,0
31.73,5.683606,33.68,63.40346993658943,0
-1.6,5.684885,33.68,62.489999199871974,0
-53.05,5.679768,33.68,63.40346993658943,0
44.63,5.682327,33.68,62.489999199871974,0
30.16,5.679768,33.66,62.489999199871974,0
-19.59,5.682327,33.66,63.40346993658943,0
-60.51,5.675931,33.66,62.489999199871974,0
29.33,5.681047,33.66,62.489999199871974,0
15.41,5.67721,33.65,62.489999199871974,0
-38.89,5.687444,33.65,63.40346993658943,0
39.82,5.675931,33.65,63.40346993658943,0
24.82,5.682327,33.65,62.489999199871974,0
-23.16,5.687444,33.66,63.40346993658943,0
-20.15,5.684885,33.66,63.40346993658943,0
20.08,5.682327,33.66,62.489999199871974,0
-7.66,5.669534,33.66,62.489999199871974,0
-47.39,5.679768,33.66,62.489999199871974,0
18.84,5.679768,33.66,62.489999199871974,0
-2.0,5.679768,33.66,63.40346993658943,0
-50.86,5.678489,33.66,62.489999199871974,0
24.23,5.679768,33.66,62.489999199871974,0
-2.49,5.674651,33.66,62.489999199871974,0
-48.83,5.67721,33.66,62.81719509815764,0
23.26,5.678489,33.66,62.81719509815764,0
-0.37,5.678489,33.66,62.81719509815764,0
-45.14,5.672092,33.66,62.81719509815764,0
22.08,5.670814,33.66,62.81719509815764,0
-5.43,5.665696,33.66,62.81719509815764,0
-36.27,5.67721,33.66,62.81719509815764,0
14.88,5.683606,33.66,63.72597586541927,0
-10.18,5.674651,33.66,62.81719509815764,0
3.38,5.675931,33.66,62.81719509815764,0
7.51,5.678489,33.66,62.81719509815764,0
-29.75,5.67721,33.66,62.81719509815764,0
41.13,5.678489,33.66,62.489999199871974,0
14.99,5.674651,33.66,62.489999199871974,0
-52.04,5.670814,33.71,62.81719509815764,0
42.45,5.675931,33.71,63.40346993658943,0
14.6,5.670814,33.71,62.81719509815764,0
-64.37,5.673372,33.71,63.72597586541927,0
41.92,5.661859,33.66,62.489999199871974,0
15.49,5.675931,33.66,63.40346993658943,0
-44.85,5.674651,33.66,63.40346993658943,0
39.3,5.668255,33.66,62.489999199871974,0
41.07,5.670814,33.68,63.40346993658943,0
6.66,5.673372,33.68,62.489999199871974,0
-26.92,5.669534,33.68,62.81719509815764,0
-85.17,5.664417,33.68,62.489999199871974,0
42.09,5.650345,33.66,62.489999199871974,0
26.38,5.663138,33.66,63.40346993658943,0
-19.17,5.663138,33.66,63.40346993658943,0
-63.53,5.658021,33.66,62.81719509815764,0
34.02,5.663138,33.66,62.81719509815764,0
21.04,5.669534,33.66,62.81719509815764,0
-25.65,5.665696,33.66,63.72597586541927,0
-46.15,5.664417,33.66,63.72597586541927,0
21.9,5.664417,33.66,62.81719509815764,0
9.86,5.663138,33.66,62.489999199871974,0
-28.9,5.663138,33.66,62.489999199871974,0
54.29,5.655462,33.66,62.489999199871974,0
-26.37,5.661859,33.66,62.489999199871974,0
-34.68,5.6593,33.66,62.81719509815764,0
-3.2,5.652904,33.66,62.81719509815764,0
26.72,5.656742,33.66,62.489999199871974,0
-13.83,5.652904,33.68,62.489999199871974,0
-79.08,5.661859,33.68,62.489999199871974,0
44.13,5.652904,33.68,62.81719509815764,0
23.94,5.656742,33.68,62.489999199871974,0
-37.49,5.654183,33.68,62.489999199871974,0
40.05,5.663138,33.68,62.489999199871974,0
35.82,5.650345,33.68,62.489999199871974,0
-17.95,5.658021,33.68,62.489999199871974,0
-56.64,5.652904,33.66,62.81719509815764,0
34.27,5.652904,33.66,62.489999199871974,0
12.2,5.651625,33.66,62.489999199871974,0
-39.01,5.651625,33.66,63.40346993658943,0
43.83,5.651625,33.66,62.489999199871974,0
31.3,5.643949,33.66,62.489999199871974,0
-11.56,5.615806,33.66,62.489999199871974,0
-58.0,5.632436,33.66,62.489999199871974,0
28.27,5.645228,33.71,62.489999199871974,0
11.27,5.636273,33.71,62.489999199871974,0
-39.6,5.641391,33.71,63.40346993658943,0
42.32,5.633715,33.71,62.489999199871974,0
20.98,5.640111,33.71,62.81719509815764,0
-24.6,5.629878,33.71,62.489999199871974,0
-24.17,5.64267,33.71,62.489999199871974,0
23.73,5.640111,33.71,62.489999199871974,0
-1.29,5.636273,33.68,62.489999199871974,0
-58.73,5.641391,33.68,62.489999199871974,0
31.38,5.638832,33.68,62.489999199871974,0
16.35,5.640111,33.68,62.81719509815764,0
-44.38,5.627319,33.68,62.489999199871974,0
36.64,5.637553,33.68,62.489999199871974,0
18.38,5.629878,33.68,62.489999199871974,0
-37.47,5.636273,33.68,63.40346993658943,0
37.83,5.632436,33.68,63.40346993658943,0
19.32,5.64267,33.68,63.40346993658943,0
-42.83,5.633715,33.68,63.40346993658943,0
38.11,5.637553,33.68,63.40346993658943,0
19.9,5.64267,33.66,63.40346993658943,0
-46.2,5.640111,33.66,63.40346993658943,0
45.65,5.637553,33.66,63.40346993658943,0
25.03,5.631156,33.66,63.40346993658943,0
-38.16,5.636273,33.66,63.40346993658943,0
40.18,5.636273,33.66,63.40346993658943,0
30.21,5.636273,33.66,63.40346993658943,0
-24.61,5.636273,33.66,62.489999199871974,0
-8.57,5.634995,33.66,63.40346993658943,0
28.54,5.629878,33.66,63.40346993658943,0
0.46,5.632436,33.66,62.81719509815764,0
-60.63,5.634995,33.66,62.81719509815764,0
38.2,5.632436,33.71,62.81719509815764,0
19.2,5.629878,33.71,62.81719509815764,0
-31.89,5.623481,33.71,62.81719509815764,0
32.26,5.62604,33.71,62.81719509815764,0
23.01,5.628598,33.66,62.81719509815764,0
-25.12,5.619643,33.66,62.81719509815764,0
28.46,5.628598,33.66,62.489999199871974,0
12.45,5.629878,33.66,62.81719509815764,0
-35.77,5.629878,33.66,63.72597586541927,0
37.77,5.634995,33.66,62.489999199871974,0
15.45,5.631156,33.66,63.40346993658943,0
-49.56,5.629878,33.66,63.40346993658943,0
42.28,5.623481,33.66,62.489999199871974,0
17.23,5.619643,33.66,63.40346993658943,0
-56.81,5.619643,33.66,63.40346993658943,0
49.66,5.619643,33.66,63.40346993658943,0
39.81,5.615806,33.68,62.489999199871974,0
1.95,5.62476,33.68,63.40346993658943,0
-27.8,5.615806,33.68,63.40346993658943,0
-89.86,5.619643,33.68,63.40346993658943,0
45.49,5.606851,33.68,63.40346993658943,0
43.97,5.619643,33.68,63.40346993658943,0
-6.62,5.618364,33.68,63.40346993658943,0
-57.16,5.617085,33.68,63.40346993658943,0
42.25,5.610689,33.66,62.489999199871974,0
39.55,5.617085,33.66,62.489999199871974,0
-4.48,5.613247,33.66,62.489999199871974,0
-55.92,5.614526,33.66,63.40346993658943,0
42.65,5.615806,33.66,62.489999199871974,0
28.58,5.614526,33.66,62.489999199871974,0
-28.44,5.611968,33.66,63.40346993658943,0
6.47,5.609409,33.66,62.489999199871974,0
20.47,5.611968,33.68,63.40346993658943,0
-11.76,5.606851,33.68,62.81719509815764,0
-62.1,5.610689,33.68,63.40346993658943,0
32.51,5.5915,33.68,62.489999199871974,0
7.17,5.609409,33.66,63.40346993658943,0
-59.68,5.613247,33.66,62.489999199871974,0
40.6,5.609409,33.66,62.489999199871974,0
19.45,5.615806,33.66,63.40346993658943,0
-44.84,5.615806,33.68,63.40346993658943,0
47.56,5.611968,33.68,63.40346993658943,0
24.31,5.610689,33.68,62.489999199871974,0
-41.66,5.60813,33.68,63.40346993658943,0
33.42,5.601734,33.68,63.40346993658943,0
27.09,5.610689,33.68,63.40346993658943,0
-20.13,5.567194,33.68,63.72597586541927,0
-3.5,5.596617,33.68,63.40346993658943,0
21.2,5.587662,33.68,63.40346993658943,0
-10.84,5.597896,33.68,62.489999199871974,0
-39.22,5.597896,33.68,63.72597586541927,0
18.9,5.592779,33.68,63.40346993658943,0
-8.57,5.595337,33.71,62.489999199871974,0
-47.18,5.596617,33.71,63.40346993658943,0
28.46,5.597896,33.71,63.40346993658943,0
2.08,5.592779,33.71,62.24146527838174,0
-60.21,5.595337,33.66,63.40346993658943,0
24.46,5.588941,33.66,63.40346993658943,0
5.05,5.595337,33.66,63.40346993658943,0
-58.37,5.5915,33.66,63.40346993658943,0
23.57,5.594059,33.68,63.40346993658943,0
8.68,5.592779,33.68,63.72597586541927,0
-57.13,5.594059,33.68,62.489999199871974,0
28.1,5.592779,33.68,63.72597586541927,0
8.67,5.595337,33.71,63.40346993658943,0
-56.14,5.601734,33.71,63.40346993658943,0
20.44,5.595337,33.71,62.489999199871974,0
1.01,5.595337,33.71,63.40346993658943,0
-47.46,5.583824,33.68,62.489999199871974,0
18.97,5.594059,33.68,63.40346993658943,0
-5.81,5.585104,33.68,63.40346993658943,0
-10.82,5.597896,33.68,63.40346993658943,0
19.28,5.586383,33.68,62.489999199871974,0
-22.9,5.597896,33.68,63.40346993658943,0
13.34,5.582545,33.68,63.40346993658943,0
25.81,5.592779,33.68,63.40346993658943,0
-20.42,5.597896,33.66,62.489999199871974,0
1.56,5.594059,33.66,62.489999199871974,0
35.12,5.592779,33.66,63.40346993658943,0
-6.11,5.586383,33.66,62.489999199871974,0
-67.25,5.5915,33.68,62.489999199871974,0
42.51,5.582545,33.68,62.489999199871974,0
30.18,5.586383,33.68,62.489999199871974,0
-24.7,5.581266,33.68,63.40346993658943,0
-75.27,5.583824,33.68,62.489999199871974,0
35.99,5.581266,33.68,63.15853069855251,0
21.18,5.583824,33.68,62.00806399170998,0
-27.12,5.583824,33.68,69.0724257573165,0
-14.49,5.581266,33.68,66.09841147864296,0
24.63,5.587662,33.68,61.78996682310163,0
-21.98,5.585104,33.68,65.00769185258002,0
-75.43,5.582545,33.68,64.8459713474939,0
162.6,5.578707,33.71,62.24146527838174,0
37.39,5.604292,33.71,63.72597586541927,0
-35.3,5.597896,33.71,62.91263784010332,0
93.38,5.594059,33.71,62.68173577685928,0
-167.55,5.587662,33.71,63.03967004989794,0
-153.98,5.594059,33.71,64.06246951218786,0
32.72,5.594059,33.71,62.20932405998316,0
20.86,5.594059,33.71,63.35613624582863,0
-48.68,5.582545,33.68,62.95236294214857,0
17.0,5.583824,33.68,63.8200595424354,0
-35.67,5.586383,33.68,63.25345840347388,0
-116.19,5.59022,33.68,63.26926584053272,0
315.37,5.597896,33.71,63.15853069855251,0
31.9,5.600454,33.71,63.182275995725256,0
-37.66,5.597896,33.71,61.91930232165088,0
-20.92,5.597896,33.71,63.4428877022476,0
14.45,5.594059,33.68,63.03967004989794,0
48.64,5.5915,33.68,63.03967004989794,0
-12.11,5.5915,33.68,63.03967004989794,0
28.81,5.5915,33.68,62.71363488110062,0
-1.04,5.582545,33.68,62.71363488110062,0
-65.09,5.588941,33.68,62.71363488110062,0
45.52,5.578707,33.68,62.71363488110062,0
33.03,5.577428,33.68,62.71363488110062,0
-20.15,5.582545,33.66,62.71363488110062,0
-35.55,5.576149,33.66,62.71363488110062,0
26.0,5.579987,33.66,63.03967004989794,0
1.82,5.57359,33.66,62.71363488110062,0
-37.52,5.578707,33.68,62.71363488110062,0
35.82,5.572311,33.68,62.71363488110062,0
22.91,5.576149,33.68,62.71363488110062,0
-14.01,5.55696,33.68,62.71363488110062,0
-55.66,5.57487,33.71,62.71363488110062,0
21.42,5.571032,33.71,62.71363488110062,0
11.45,5.542888,33.71,62.71363488110062,0
-25.09,5.559518,33.71,62.71363488110062,0
10.74,5.560798,33.71,62.71363488110062,0
19.93,5.560798,33.71,62.71363488110062,0
-17.01,5.563356,33.71,62.71363488110062,0
-48.57,5.564636,33.71,62.71363488110062,0
15.03,5.55696,33.71,62.71363488110062,0
6.71,5.565915,33.71,62.71363488110062,0
-40.0,5.550564,33.71,62.71363488110062,0
31.88,5.560798,33.71,62.71363488110062,0
15.65,5.551843,33.71,62.71363488110062,0
-36.68,5.564636,33.71,62.71363488110062,0
32.81,5.546726,33.71,62.71363488110062,0
11.52,5.558239,33.71,62.71363488110062,0
-40.73,5.558239,33.68,62.71363488110062,0
31.0,5.553122,33.68,62.71363488110062,0
15.0,5.555681,33.68,62.71363488110062,0
-47.89,5.555681,33.68,62.71363488110062,0
28.95,5.554401,33.71,62.71363488110062,0
9.62,5.541609,33.71,62.71363488110062,0
-47.57,5.553122,33.71,62.71363488110062,0
26.24,5.544168,33.71,62.71363488110062,0
7.67,5.549284,33.68,62.71363488110062,0
-49.55,5.545447,33.68,62.71363488110062,0
24.31,5.548005,33.68,62.71363488110062,0
10.08,5.542888,33.68,62.71363488110062,0
-48.4,5.545447,33.71,62.71363488110062,0
23.82,5.551843,33.71,62.71363488110062,0
8.54,5.548005,33.71,62.71363488110062,0
-48.53,5.545447,33.71,62.71363488110062,0
24.21,5.539051,33.71,62.71363488110062,0
11.04,5.545447,33.71,62.71363488110062,0
-50.26,5.542888,33.71,62.71363488110062,0
27.91,5.542888,33.71,62.71363488110062,0
15.07,5.541609,33.73,62.71363488110062,0
-44.59,5.548005,33.73,62.71363488110062,0
32.13,5.536492,33.73,62.71363488110062,0
17.63,5.54033,33.73,62.71363488110062,0
-36.19,5.541609,33.71,62.71363488110062,0
31.64,5.549284,33.71,62.71363488110062,0
20.71,5.537771,33.71,62.71363488110062,0
-33.42,5.533934,33.71,62.71363488110062,0
30.91,5.527537,33.71,62.71363488110062,0
17.78,5.532654,33.71,62.71363488110062,0
-30.0,5.537771,33.71,62.71363488110062,0
33.45,5.531375,33.71,62.71363488110062,0
16.97,5.535213,33.68,62.71363488110062,0
-31.01,5.536492,33.68,62.71363488110062,0
34.14,5.535213,33.68,62.71363488110062,0
18.21,5.536492,33.68,62.71363488110062,0
-28.79,5.535213,33.68,62.71363488110062,0
35.17,5.528817,33.68,62.71363488110062,0
16.24,5.524979,33.68,62.71363488110062,0
-31.62,5.527537,33.68,62.71363488110062,0
33.48,5.528817,33.68,62.71363488110062,0
17.52,5.526258,33.68,62.71363488110062,0
-36.12,5.530096,33.68,62.71363488110062,0
33.45,5.517303,33.68,63.03967004989794,0
18.9,5.530096,33.68,63.03967004989794,0
-34.56,5.535213,33.68,63.03967004989794,0
30.32,5.532654,33.68,63.03967004989794,0
16.12,5.531375,33.68,63.03967004989794,0
-40.55,5.531375,33.68,62.71363488110062,0
14.37,5.524979,33.68,62.71363488110062,0
-8.14,5.524979,33.68,62.71363488110062,0
-16.98,5.524979,33.68,62.71363488110062,0
7.98,5.519862,33.68,62.71363488110062,0
-27.68,5.530096,33.68,62.71363488110062,0
34.86,5.52242,33.68,62.71363488110062,0
16.26,5.524979,33.68,62.71363488110062,0
-55.52,5.519862,33.71,62.71363488110062,0
39.64,5.531375,33.71,62.71363488110062,0
11.47,5.524979,33.71,62.71363488110062,0
-59.22,5.524979,33.71,62.71363488110062,0
42.59,5.517303,33.68,62.71363488110062,0
30.1,5.518582,33.68,62.71363488110062,0
-7.89,5.518582,33.68,62.71363488110062,0
-54.48,5.519862,33.68,62.71363488110062,0
34.52,5.519862,33.71,62.71363488110062,0
37.61,5.519862,33.71,62.71363488110062,0
-4.87,5.491718,33.71,62.71363488110062,0
-51.07,5.503232,33.71,62.71363488110062,0
38.92,5.510907,33.68,62.71363488110062,0
29.19,5.50579,33.68,62.71363488110062,0
-13.05,5.516024,33.68,62.71363488110062,0
-43.48,5.503232,33.68,62.71363488110062,0
20.36,5.512186,33.71,62.71363488110062,0
4.76,5.50579,33.71,62.71363488110062,0
-45.75,5.512186,33.71,62.71363488110062,0
35.53,5.510907,33.71,62.71363488110062,0
20.58,5.513465,33.68,62.71363488110062,0
-20.38,5.513465,33.68,62.71363488110062,0
18.35,5.508348,33.68,62.71363488110062,0
17.93,5.510907,33.68,62.71363488110062,0
-16.11,5.513465,33.68,62.71363488110062,0
3.58,5.512186,33.68,62.51399843235114,0
11.88,5.507069,33.68,65.02307282803544,0
-19.95,5.516024,33.68,62.112800613078136,0
8.69,5.52242,33.73,62.64982043070834,0
8.0,5.549284,33.73,61.38403701289123,0
6.59,5.57359,33.73,62.056425936400814,0
47.04,5.463575,33.73,64.27285585688566,0
96.43,5.343325,33.71,61.99193495931547,0
95.8,5.497152,33.71,62.64982043070834,0
-504.68,5.512503,33.71,63.221831672294975,0
87.22,5.507386,33.71,63.221831672294975,0
3.74,5.502269,33.71,63.221831672294975,0
48.23,5.492034,33.71,63.324560795950255,0
19.31,5.498431,33.71,64.27285585688566,0
19.34,5.494593,33.71,63.221831672294975,0
9.43,5.493314,33.71,63.0317380372777,0
-34.56,5.492034,33.71,62.928530890209096,0
27.76,5.492034,33.71,62.928530890209096,0
-2.18,5.492034,33.71,62.928530890209096,0
22.06,5.492034,33.71,62.928530890209096,0
21.27,5.486917,33.71,62.928530890209096,0
-36.67,5.486917,33.71,62.928530890209096,0
49.21,5.48308,33.71,62.928530890209096,0
17.01,5.477963,33.71,62.928530890209096,0
-45.37,5.48308,33.71,63.0317380372777,0
39.49,5.490756,33.71,62.928530890209096,0
40.67,5.481801,33.71,62.928530890209096,0
6.76,5.485639,33.71,62.64982043070834,0
-55.67,5.481801,33.71,63.88270501473775,0
28.66,5.481801,33.71,63.0317380372777,0
20.0,5.480521,33.71,63.0317380372777,0
-40.09,5.467729,33.73,62.56196927846821,0
-7.07,5.461333,33.73,62.64982043070834,0
44.97,5.467729,33.73,62.928530890209096,0
-3.95,5.447261,33.73,62.8410693734599,0
12.56,5.460053,33.71,62.56196927846821,0
-8.83,5.458774,33.71,62.8410693734599,0
4.83,5.458774,33.71,62.8410693734599,0
-34.98,5.457495,33.71,62.56196927846821,0
-0.36,5.463891,33.71,62.8410693734599,0
16.02,5.46517,33.71,62.8410693734599,0
-41.77,5.462612,33.71,62.8410693734599,0
-7.18,5.472846,33.71,62.8410693734599,0
40.37,5.471567,33.71,62.928530890209096,0
3.28,5.472846,33.71,62.928530890209096,0
36.46,5.467729,33.71,62.8410693734599,0
3.62,5.476684,33.71,62.8410693734599,0
-39.11,5.470287,33.68,62.8410693734599,0
26.01,5.476684,33.68,62.8410693734599,0
30.7,5.470287,33.68,62.8410693734599,0
-31.29,5.474125,33.68,62.8410693734599,0
31.08,5.469008,33.68,62.8410693734599,0
23.85,5.471567,33.68,62.8410693734599,0
-34.18,5.472846,33.68,62.8410693734599,0
36.92,5.471567,33.68,62.8410693734599,0
24.28,5.46645,33.73,62.8410693734599,0
-32.5,5.467729,33.73,62.8410693734599,0
42.95,5.46517,33.73,62.8410693734599,0
23.48,5.467729,33.73,62.8410693734599,0
-31.29,5.467729,33.68,62.8410693734599,0
38.25,5.475404,33.68,62.8410693734599,0
23.69,5.458774,33.68,62.8410693734599,0
-30.39,5.470287,33.68,62.8410693734599,0
32.61,5.467729,33.71,62.8410693734599,0
28.58,5.469008,33.71,62.8410693734599,0
-24.61,5.439585,33.71,62.8410693734599,0
19.66,5.457495,33.71,62.8410693734599,0
25.1,5.451098,33.66,62.8410693734599,0
-19.27,5.461333,33.66,62.8410693734599,0
10.86,5.457495,33.66,62.8410693734599,0
17.27,5.452378,33.66,62.8410693734599,0
-23.47,5.454937,33.71,62.8410693734599,0
9.06,5.457495,33.71,62.8410693734599,0
19.3,5.456215,33.71,62.8410693734599,0
-19.04,5.453657,33.71,62.8410693734599,0
0.56,5.456215,33.71,62.8410693734599,0
19.17,5.456215,33.71,62.8410693734599,0
-22.85,5.460053,33.71,62.8410693734599,0
8.53,5.447261,33.71,62.8410693734599,0
19.84,5.460053,33.71,62.8410693734599,0
-19.88,5.458774,33.71,62.8410693734599,0
8.12,5.460053,33.71,62.8410693734599,0
20.91,5.457495,33.71,62.8410693734599,0
-8.78,5.460053,33.71,62.8410693734599,0
4.65,5.460053,33.71,62.8410693734599,0
21.32,5.462612,33.71,62.8410693734599,0
-22.26,5.46645,33.71,62.8410693734599,0
10.17,5.456215,33.71,62.8410693734599,0
23.65,5.457495,33.71,62.8410693734599,0
-20.06,5.451098,33.71,62.67375846396959,0
-2.38,5.462612,33.71,62.056425936400814,0
30.42,5.515061,33.73,64.27285585688566,0
35.22,5.51634,33.73,58.489315263559035,0
188.44,5.512503,33.73,62.161081071680215,0
-12.57,5.515061,33.73,63.26926584053272,0
-504.13,5.507386,33.73,63.26926584053272,0
122.08,5.508665,33.73,62.94441992742486,0
50.82,5.508665,33.73,62.94441992742486,0
-65.85,5.507386,33.73,63.57672530100933,0
38.75,5.502269,33.71,62.37788069500277,0
34.58,5.504827,33.71,63.4428877022476,0
-42.99,5.500989,33.71,63.57672530100933,0
38.19,5.504827,33.71,62.49799996799898,0
7.04,5.494593,33.71,63.57672530100933,0
18.45,5.506106,33.71,62.49799996799898,0
36.94,5.504827,33.71,62.63385665915839,0
-22.02,5.49971,33.71,62.63385665915839,0
45.43,5.502269,33.71,62.63385665915839,0
52.5,5.503548,33.71,62.63385665915839,0
20.63,5.500989,33.71,62.63385665915839,0
-0.06,5.503548,33.71,62.49799996799898,0
-51.72,5.492034,33.73,62.63385665915839,0
-77.5,5.497152,33.73,62.94441992742486,0
46.27,5.495872,33.73,62.63385665915839,0
23.49,5.492034,33.73,62.94441992742486,0
-22.51,5.498431,33.73,62.94441992742486,0
-12.58,5.49971,33.73,62.94441992742486,0
24.92,5.498431,33.73,62.63385665915839,0
-0.2,5.492034,33.73,62.94441992742486,0
-52.42,5.495872,33.73,62.94441992742486,0
27.1,5.490756,33.73,62.63385665915839,0
9.08,5.493314,33.73,62.63385665915839,0
-44.85,5.474125,33.73,62.63385665915839,0
37.32,5.494593,33.75,63.57672530100933,0
5.4,5.490756,33.75,62.63385665915839,0
-56.36,5.490756,33.75,62.63385665915839,0
42.42,5.490756,33.75,62.63385665915839,0
21.84,5.492034,33.75,62.63385665915839,0
-44.04,5.494593,33.75,62.63385665915839,0
41.36,5.492034,33.75,62.63385665915839,0
40.14,5.490756,33.75,62.63385665915839,0
-9.45,5.492034,33.73,62.63385665915839,0
-74.47,5.495872,33.73,62.94441992742486,0
45.68,5.479242,33.73,62.63385665915839,0
35.45,5.489476,33.73,62.63385665915839,0
-21.75,5.481801,33.75,62.63385665915839,0
-44.78,5.493314,33.75,63.57672530100933,0
22.23,5.485639,33.75,64.68384651518491,0
3.82,5.507386,33.75,61.04096984812741,0
-45.27,5.504827,33.71,62.112800613078136,0
40.75,5.343641,33.71,62.56196927846821,0
33.24,5.396091,33.71,62.65780079128216,0
-24.56,5.648103,33.71,63.60031446463138,0
-204.71,5.659616,33.75,62.056425936400814,0
53.01,5.663455,33.75,67.30527468185537,0
-18.47,5.632752,33.75,63.655321851358195,0
126.09,5.612284,33.75,60.21627686929839,0
199.44,5.604609,33.73,62.00806399170998,0
93.09,5.598213,33.73,63.88270501473775,0
-189.31,5.591816,33.73,63.13477647065839,0
-414.79,5.576465,33.73,63.13477647065839,0
-386.42,5.573907,33.75,63.13477647065839,0
168.15,5.555997,33.75,63.13477647065839,0
0.49,5.547042,33.75,63.13477647065839,0
3.97,5.532971,33.75,63.13477647065839,0
157.28,5.522737,33.75,63.13477647065839,0
91.25,5.524016,33.75,63.13477647065839,0
61.25,5.51762,33.75,63.13477647065839,0
93.21,5.509944,33.75,63.06346010171025,0
21.26,5.509944,33.75,63.13477647065839,0
78.05,5.503548,33.75,63.13477647065839,0
39.21,5.506106,33.75,63.06346010171025,0
-29.09,5.49971,33.75,63.13477647065839,0
28.95,5.503548,33.75,63.13477647065839,0
-10.94,5.490756,33.75,63.13477647065839,0
25.13,5.500989,33.75,63.13477647065839,0
17.33,5.490756,33.75,63.06346010171025,0
-46.93,5.49971,33.79,63.13477647065839,0
37.45,5.495872,33.79,63.13477647065839,0
12.61,5.489476,33.79,63.13477647065839,0
-55.5,5.492034,33.79,63.13477647065839,0
32.43,5.493314,33.79,63.13477647065839,0
15.7,5.490756,33.79,63.13477647065839,0
-39.5,5.492034,33.79,63.06346010171025,0
13.0,5.492034,33.79,63.06346010171025,0
18.51,5.485639,33.77,63.13477647065839,0
-11.92,5.486917,33.77,63.06346010171025,0
-38.86,5.475404,33.77,63.13477647065839,0
12.14,5.485639,33.77,62.8410693734599,0
-9.81,5.480521,33.75,63.13477647065839,0
-67.63,5.489476,33.75,63.13477647065839,0
27.34,5.479242,33.75,63.13477647065839,0
7.15,5.485639,33.75,63.13477647065839,0
-56.22,5.474125,33.77,63.13477647065839,0
41.47,5.486917,33.77,63.13477647065839,0
18.09,5.492034,33.77,63.13477647065839,0
-46.3,5.48308,33.77,63.13477647065839,0
44.03,5.484359,33.77,63.13477647065839,0
20.17,5.476684,33.77,63.13477647065839,0
-35.03,5.48308,33.77,63.13477647065839,0
41.4,5.48308,33.77,63.13477647065839,0
14.66,5.48308,33.75,63.13477647065839,0
-42.27,5.476684,33.75,63.13477647065839,0
32.58,5.479242,33.75,63.13477647065839,0
6.91,5.474125,33.75,63.13477647065839,0
-49.73,5.484359,33.77,63.13477647065839,0
15.38,5.48308,33.77,63.13477647065839,0
-14.8,5.481801,33.77,63.13477647065839,0
-3.85,5.475404,33.77,63.13477647065839,0
18.83,5.470287,33.77,63.13477647065839,0
-24.3,5.477963,33.77,63.13477647065839,0
39.49,5.476684,33.77,63.13477647065839,0
22.07,5.477963,33.77,63.13477647065839,0
-37.39,5.477963,33.77,63.13477647065839,0
46.1,5.484359,33.77,63.13477647065839,0
15.01,5.479242,33.77,63.06346010171025,0
-36.57,5.480521,33.77,63.00793600809346,0
42.73,5.474125,33.77,64.08587988004847,0
21.99,5.477963,33.77,64.93843238021688,0
-30.07,5.485639,33.77,63.221831672294975,0
41.0,5.460053,33.77,62.20128616033595,0
-13.51,5.488197,33.79,62.00806399170998,0
-37.46,5.494593,33.79,64.319514923544,0
141.88,5.500989,33.79,63.45076831686122,0
-20.75,5.538088,33.79,61.032778078668514,0
-166.53,5.575186,33.77,64.01562309311689,0
-8.09,5.58542,33.77,63.72597586541927,0
-64.41,5.577744,33.77,62.36184731067546,0
28.01,5.573907,33.77,61.69278726074872,0
101.92,5.56879,33.75,65.68865959965997,0
0.02,5.557276,33.75,62.177166226839255,0
30.99,5.541925,33.75,62.78534860936905,0
82.84,5.538088,33.75,64.76109943476871,0
200.74,5.531692,33.77,62.00806399170998,0
-44.44,5.529133,33.77,62.71363488110062,0
-298.02,5.513782,33.77,60.0,0
-299.89,5.520178,33.77,63.72597586541927,0
205.44,5.493314,33.77,63.221831672294975,0
59.71,5.484359,33.77,62.27358990776106,0
-15.05,5.485639,33.77,63.324560795950255,0
-88.78,5.48308,33.77,63.324560795950255,0
-48.1,5.484359,33.73,63.324560795950255,0
45.13,5.462612,33.73,63.324560795950255,0
39.52,5.480521,33.73,62.37788069500277,0
-47.74,5.477963,33.73,63.324560795950255,0
57.26,5.477963,33.77,63.324560795950255,0
20.7,5.48308,33.77,63.324560795950255,0
-48.33,5.480521,33.77,63.221831672294975,0
33.8,5.476684,33.77,63.324560795950255,0
1.82,5.477963,33.77,63.324560795950255,0
-48.51,5.484359,33.77,63.324560795950255,0
21.68,5.479242,33.77,63.221831672294975,0
-9.12,5.477963,33.77,63.324560795950255,0
-25.53,5.471567,33.75,63.324560795950255,0
14.94,5.484359,33.75,63.324560795950255,0
-20.45,5.472846,33.75,63.324560795950255,0
28.02,5.476684,33.75,63.324560795950255,0
13.09,5.472846,33.77,62.68971207462992,0
-39.43,5.476684,33.77,62.5859409132754,0
47.82,5.469008,33.77,62.68971207462992,0
12.99,5.472846,33.77,62.68971207462992,0
-47.57,5.475404,33.77,62.5859409132754,0
27.48,5.479242,33.77,62.91263784010332,0
1.56,5.471567,33.77,62.91263784010332,0
-37.48,5.467729,33.77,62.91263784010332,0
2.93,5.469008,33.77,63.0158710167526,0
-23.79,5.477963,33.77,62.91263784010332,0
39.32,5.470287,33.77,62.91263784010332,0
7.22,5.474125,33.77,62.91263784010332,0
-63.35,5.469008,33.79,62.91263784010332,0
34.93,5.477963,33.79,62.91263784010332,0
1.73,5.470287,33.79,63.0158710167526,0
-19.93,5.474125,33.79,62.91263784010332,0
26.12,5.463891,33.75,63.0158710167526,0
-11.09,5.474125,33.75,63.0158710167526,0
-22.87,5.467729,33.75,62.5859409132754,0
27.48,5.475404,33.75,62.68971207462992,0
-0.93,5.471567,33.79,62.68971207462992,0
-58.7,5.467729,33.79,62.68971207462992,0
49.04,5.471567,33.79,62.68971207462992,0
29.3,5.471567,33.79,63.631753079732135,0
-37.28,5.470287,33.77,62.68971207462992,0
32.45,5.472846,33.77,62.68971207462992,0
27.74,5.472846,33.77,63.324560795950255,0
-13.06,5.470287,33.77,62.68971207462992,0
-78.22,5.469008,33.77,62.68971207462992,0
34.7,5.462612,33.77,62.68971207462992,0
20.59,5.469008,33.77,62.68971207462992,0
-38.9,5.461333,33.77,63.324560795950255,0
35.26,5.46645,33.77,62.68971207462992,0
25.95,5.460053,33.77,62.68971207462992,0
-11.99,5.46517,33.77,63.221831672294975,0
-53.99,5.460053,33.77,62.68971207462992,0
23.71,5.46517,33.77,62.68971207462992,0
6.07,5.46645,33.77,62.68971207462992,0
-52.65,5.463891,33.77,63.52952069707436,0
39.71,5.458774,33.77,62.5859409132754,0
17.63,5.454937,33.77,62.5859409132754,0
-38.4,5.460053,33.77,62.5859409132754,0
38.81,5.461333,33.77,62.5859409132754,0
11.81,5.458774,33.77,62.68971207462992,0
-41.76,5.462612,33.79,62.5859409132754,0
29.97,5.467729,33.79,62.91263784010332,0
0.3,5.467729,33.79,62.91263784010332,0
-43.45,5.46645,33.79,63.0158710167526,0
5.77,5.469008,33.77,62.91263784010332,0
-25.9,5.467729,33.77,62.91263784010332,0
40.84,5.461333,33.77,62.91263784010332,0
14.99,5.457495,33.77,62.68971207462992,0
-57.34,5.46645,33.77,62.5859409132754,0
44.72,5.46517,33.77,62.5859409132754,0
16.62,5.46517,33.77,62.5859409132754,0
-62.88,5.46645,33.77,62.68971207462992,0
51.43,5.46645,33.77,62.68971207462992,0
40.0,5.471567,33.77,62.5859409132754,0
4.79,5.437027,33.77,62.68971207462992,0
-34.39,5.457495,33.77,62.68971207462992,0
-94.72,5.453657,33.79,63.52952069707436,0
47.97,5.458774,33.79,62.5859409132754,0
37.68,5.445982,33.79,62.5859409132754,0
-10.6,5.457495,33.79,62.5859409132754,0
-66.31,5.452378,33.79,62.27358990776106,0
47.51,5.463891,33.79,62.27358990776106,0
38.96,5.453657,33.79,63.52952069707436,0
-3.95,5.463891,33.79,63.52952069707436,0
-54.28,5.456215,33.77,63.221831672294975,0
41.16,5.46645,33.77,62.27358990776106,0
36.63,5.462612,33.77,63.52952069707436,0
-4.55,5.461333,33.77,63.52952069707436,0
-50.62,5.454937,33.77,62.5859409132754,0
40.66,5.460053,33.77,62.5859409132754,0
33.36,5.451098,33.77,62.5859409132754,0
-10.94,5.461333,33.77,62.5859409132754,0
-57.07,5.460053,33.79,62.5859409132754,0
38.44,5.46517,33.79,63.631753079732135,0
25.58,5.461333,33.79,63.52952069707436,0
-24.63,5.457495,33.79,62.5859409132754,0
-26.18,5.457495,33.79,63.52952069707436,0
20.5,5.460053,33.79,62.5859409132754,0
-0.17,5.457495,33.79,63.52952069707436,0
-60.13,5.453657,33.79,62.27358990776106,0
41.96,5.447261,33.77,63.52952069707436,0
27.55,5.458774,33.77,62.27358990776106,0
-35.41,5.454937,33.77,63.221831672294975,0
20.03,5.451098,33.77,63.221831672294975,0
25.21,5.456215,33.79,63.52952069707436,0
-14.17,5.461333,33.79,63.631753079732135,0
-31.74,5.457495,33.79,62.5859409132754,0
21.28,5.457495,33.79,63.52952069707436,0
-5.95,5.453657,33.77,62.5859409132754,0
-45.3,5.462612,33.77,62.5859409132754,0
28.19,5.458774,33.77,63.221831672294975,0
3.74,5.44982,33.77,62.27358990776106,0
-60.95,5.452378,33.79,62.5859409132754,0
29.63,5.453657,33.79,62.5859409132754,0
8.09,5.44854,33.79,62.5859409132754,0
-60.8,5.451098,33.79,62.5859409132754,0
37.79,5.447261,33.81,62.27358990776106,0
21.59,5.457495,33.81,63.221831672294975,0
-39.17,5.447261,33.81,63.221831672294975,0
41.33,5.458774,33.81,62.27358990776106,0
30.06,5.44982,33.79,62.27358990776106,0
-21.74,5.458774,33.79,62.27358990776106,0
-24.85,5.443423,33.79,63.52952069707436,0
24.48,5.453657,33.79,62.5859409132754,0
1.03,5.447261,33.79,62.27358990776106,0
-51.87,5.458774,33.79,63.221831672294975,0
44.04,5.444702,33.79,62.5859409132754,0
28.46,5.456215,33.79,63.52952069707436,0
-18.5,5.445982,33.77,63.221831672294975,0
-46.92,5.457495,33.77,63.52952069707436,0
28.58,5.461333,33.77,63.221831672294975,0
6.71,5.460053,33.77,73.17103251970687,0
-35.82,5.462612,33.75,71.81225522151495,0
50.59,5.44854,33.75,68.1615727518079,0
71.0,5.454937,33.75,48.877397639399746,0
-23.7,5.467729,33.75,65.49809157525127,0
90.73,5.497152,33.79,63.14269553954757,0
-5.87,5.504827,33.79,64.56779382943171,0
-164.18,5.500989,33.79,61.45730225123781,0
125.39,5.481801,33.79,62.3377895020348,0
-28.37,5.484359,33.79,75.08661665037252,0
25.11,5.486917,33.79,46.9148164229596,0
5.6,5.476684,33.79,70.80960386840192,0
-166.25,5.22595,33.79,49.457052075512955,0
-180.18,5.282238,33.77,66.21933252457322,0
19.45,5.420397,33.77,58.81326381013045,0
-32.44,5.434468,33.77,59.69087032369355,0
91.51,5.403766,33.77,58.83026432033091,0
-38.25,5.469008,33.79,62.8887907341205,0
-121.75,5.480521,33.79,56.28498911788115,0
102.43,5.472846,33.79,64.7533782902483,0
-232.11,5.44982,33.79,64.5445582524197,0
232.38,5.442144,33.79,62.24146527838174,0
30.58,5.420397,33.79,63.48228099241551,0
31.83,5.411442,33.79,61.97580172938467,0
-23.64,5.426793,33.79,62.75348595894893,0
-28.95,5.447261,33.77,63.29296959378664,0
24.5,5.439585,33.77,62.433965115151864,0
-15.15,5.401208,33.77,62.13694553162394,0
33.89,5.417838,33.77,61.35959582656978,0
45.57,5.440865,33.81,62.77738446287803,0
-54.54,5.454937,33.81,62.52199612936234,0
48.37,5.44982,33.81,63.28506932918696,0
-18.74,5.443423,33.81,63.14269553954757,0
-34.46,5.440865,33.81,62.5859409132754,0
10.79,5.447261,33.81,62.112800613078136,0
-20.17,5.430631,33.81,62.80923498976882,0
47.29,5.440865,33.81,61.26989472816156,0
16.64,5.424234,33.79,62.369864518050704,0
-25.8,5.442144,33.79,62.5859409132754,0
-73.96,5.429351,33.79,63.45864795282043,0
1.95,5.434468,33.79,62.94441992742486,0
16.43,5.412721,33.79,62.01612693485461,0
-5.92,5.429351,33.79,63.03967004989794,0
0.64,5.422955,33.79,63.03967004989794,0
-2.99,5.420397,33.79,63.03967004989794,0
0.06,5.410162,33.77,63.03967004989794,0
29.15,5.415279,33.77,62.297672508690084,0
-21.7,5.420397,33.77,63.03967004989794,0
-14.52,5.420397,33.77,62.52199612936234,0
-32.51,5.421676,33.79,63.03967004989794,0
20.13,5.416559,33.79,63.03967004989794,0
-15.73,5.421676,33.79,62.297672508690084,0
-0.18,5.424234,33.79,62.8728876384726,0
11.27,5.424234,33.79,62.52199612936234,0
-24.31,5.429351,33.79,62.52199612936234,0
31.0,5.428072,33.79,61.773780845922005,0
13.71,5.428072,33.79,62.297672508690084,0
-29.18,5.420397,33.81,63.2771680782255,0
40.14,5.424234,33.81,57.982756057296896,0
14.41,5.422955,33.81,58.872744118140105,0
-32.82,5.402487,33.81,65.31462317123173,0
69.33,5.385857,33.79,65.25335240430181,0
76.45,5.334687,33.79,63.15853069855251,0
-75.97,5.323174,33.79,66.15134163416491,0
60.12,5.318057,33.79,65.02307282803544,0
13.98,5.324453,33.79,62.177166226839255,0
-277.27,5.390974,33.79,60.29925372672534,0
95.91,5.43191,33.79,55.86591089385369,0
285.74,5.442144,33.79,65.33758489567853,0
172.59,5.462612,33.77,63.984373092185564,0
-214.64,5.411442,33.77,61.69278726074872,0
-394.51,5.390974,33.77,63.8200595424354,0
235.89,5.389695,33.77,63.15853069855251,0
340.8,5.389695,33.79,83.73171442171717,0
-215.4,5.385857,33.79,69.6491205974634,0
-58.88,5.408883,33.79,56.1159513863928,0
14.34,5.406325,33.79,66.67083320313314,0
4.37,5.428072,33.79,63.15853069855251,0
-399.66,5.445982,33.79,63.57672530100933,0
67.49,5.440865,33.79,79.52358140828417,0
112.36,5.457495,33.79,75.41883053985921,0
-2.9,5.463891,33.83,80.049984384758,0
56.01,5.46645,33.83,63.39558344238185,0
70.16,5.416559,33.83,62.80923498976882,0
-19.07,5.403766,33.83,59.033888572581766,0
315.7,5.392253,33.81,62.49799996799898,0
-497.12,5.383298,33.81,63.56886030125127,0
-300.55,5.387136,33.81,62.52199612936234,0
50.74,5.37946,33.81,61.806148561449774,0
227.85,5.367947,33.79,66.51315659326356,0
119.14,5.32829,33.79,64.45928947793328,0
99.39,5.307822,33.79,59.43904440685432,0
38.13,5.327011,33.79,55.731499172371095,0
-41.55,5.402487,33.83,66.82065548915246,0
130.71,5.310381,33.83,71.62401831787993,0
133.31,5.147916,33.83,88.70738413458037,0
53.66,4.901021,33.83,36.069377593742864,0
59.83,5.154944,33.81,62.03224967708329,0
-187.35,5.392885,33.81,63.60031446463138,0
13.38,5.4351,33.81,58.249463516842795,0
373.93,5.455568,33.81,62.63385665915839,0
-8.94,5.46645,33.81,62.63385665915839,0
-387.51,5.481801,33.81,62.63385665915839,0
-140.01,5.440865,33.81,62.63385665915839,0
-38.93,5.467729,33.81,62.625873247404705,0
19.83,5.470287,33.81,62.30569797378086,0
8.99,5.471567,33.81,62.30569797378086,0
27.07,5.470287,33.81,62.30569797378086,0
14.62,5.474125,33.81,62.63385665915839,0
2.47,5.480521,33.81,63.57672530100933,0
12.33,5.476684,33.81,62.30569797378086,0
-3.09,5.475404,33.81,62.30569797378086,0
12.96,5.467729,33.81,63.25345840347388,0
-1.07,5.476684,33.81,62.30569797378086,0
-9.79,5.474125,33.81,62.30569797378086,0
3.02,5.474125,33.81,63.25345840347388,0
-12.22,5.46645,33.81,62.63385665915839,0
7.47,5.470287,33.81,62.30569797378086,0
5.34,5.46517,33.81,62.30569797378086,0
-15.35,5.469008,33.81,63.25345840347388,0
12.88,5.469008,33.81,62.30569797378086,0
0.32,5.470287,33.83,62.30569797378086,0
-16.94,5.470287,33.83,62.30569797378086,0
11.49,5.462612,33.83,63.25345840347388,0
-6.39,5.46517,33.83,62.30569797378086,0
-5.86,5.474125,33.83,62.63385665915839,0
12.79,5.469008,33.83,62.63385665915839,0
-3.16,5.469008,33.83,62.63385665915839,0
8.26,5.46517,33.83,62.63385665915839,0
10.04,5.469008,33.81,62.63385665915839,0
-9.23,5.46517,33.81,62.63385665915839,0
12.37,5.469008,33.81,62.63385665915839,0
4.07,5.467729,33.81,62.63385665915839,0
-15.81,5.470287,33.83,62.63385665915839,0
11.35,5.451098,33.83,62.63385665915839,0
0.71,5.471567,33.83,62.63385665915839,0
-25.36,5.460053,33.83,62.63385665915839,0
6.6,5.470287,33.83,62.63385665915839,0
0.39,5.470287,33.83,62.63385665915839,0
-1.17,5.471567,33.83,62.63385665915839,0
7.61,5.469008,33.83,62.63385665915839,0
-16.31,5.472846,33.83,62.63385665915839,0
13.83,5.477963,33.83,62.63385665915839,0
7.8,5.474125,33.83,62.63385665915839,0
-32.04,5.472846,33.83,62.63385665915839,0
22.16,5.46645,33.83,62.63385665915839,0
7.13,5.472846,33.83,62.63385665915839,0
-36.11,5.471567,33.83,62.63385665915839,0
26.13,5.471567,33.83,62.63385665915839,0
12.58,5.471567,33.84,62.30569797378086,0
-34.32,5.477963,33.84,62.63385665915839,0
23.7,5.476684,33.84,62.63385665915839,0
22.98,5.474125,33.84,62.63385665915839,0
-23.51,5.475404,33.84,62.63385665915839,0
8.08,5.472846,33.84,62.30569797378086,0
17.34,5.46645,33.84,62.30569797378086,0
-2.9,5.461333,33.84,62.297672508690084,0
-6.66,5.462612,33.84,62.30569797378086,0
8.79,5.462612,33.84,62.30569797378086,0
-3.49,5.457495,33.84,62.297672508690084,0
-13.34,5.460053,33.84,62.30569797378086,0
4.27,5.452378,33.84,62.30569797378086,0
-0.7,5.46517,33.84,62.30569797378086,0
-15.34,5.454937,33.84,62.30569797378086,0
4.96,5.458774,33.84,62.63385665915839,0
-4.08,5.454937,33.87,62.297672508690084,0
-11.54,5.461333,33.87,62.30569797378086,0
6.68,5.439585,33.87,62.30569797378086,0
-1.39,5.458774,33.87,63.57672530100933,0
-5.44,5.456215,33.84,63.245553203367585,0
5.52,5.460053,33.84,62.625873247404705,0
-4.74,5.456215,33.84,62.30569797378086,0
1.53,5.451098,33.84,62.30569797378086,0
3.9,5.452378,33.84,62.63385665915839,0
-9.53,5.454937,33.84,62.30569797378086,0
7.71,5.453657,33.84,63.245553203367585,0
9.17,5.453657,33.84,62.30569797378086,0
-13.37,5.451098,33.87,63.245553203367585,0
10.83,5.437027,33.87,63.57672530100933,0
13.08,5.44982,33.87,62.625873247404705,0
-11.97,5.445982,33.87,62.625873247404705,0
10.78,5.457495,33.87,63.56886030125127,0
16.0,5.44982,33.87,62.625873247404705,0
-12.51,5.430631,33.87,62.625873247404705,0
10.13,5.442144,33.87,62.625873247404705,0
5.48,5.44982,33.83,62.625873247404705,0
-12.33,5.451098,33.83,62.625873247404705,0
2.21,5.453657,33.83,62.63385665915839,0
5.49,5.453657,33.83,62.625873247404705,0
-7.84,5.44854,33.87,62.625873247404705,0
13.37,5.453657,33.87,62.625873247404705,0
3.96,5.452378,33.87,62.63385665915839,0
-17.98,5.452378,33.87,62.625873247404705,0
10.32,5.447261,33.84,62.625873247404705,0
0.21,5.452378,33.84,62.625873247404705,0
-19.78,5.447261,33.84,62.625873247404705,0
9.23,5.44982,33.84,62.625873247404705,0
-2.17,5.452378,33.87,62.625873247404705,0
-14.54,5.458774,33.87,62.625873247404705,0
10.17,5.44854,33.87,62.625873247404705,0
3.19,5.444702,33.87,62.625873247404705,0
-21.08,5.451098,33.89,62.63385665915839,0
11.76,5.456215,33.89,62.63385665915839,0
4.57,5.451098,33.89,62.63385665915839,0
-17.51,5.452378,33.89,62.63385665915839,0
9.41,5.451098,33.84,62.625873247404705,0
9.97,5.444702,33.84,62.625873247404705,0
-7.04,5.44854,33.84,62.625873247404705,0
7.47,5.44982,33.84,62.63385665915839,0
5.26,5.447261,33.84,62.625873247404705,0
-15.72,5.44982,33.84,62.625873247404705,0
6.87,5.442144,33.84,62.63385665915839,0
4.41,5.442144,33.84,62.625873247404705,0
-23.03,5.445982,33.87,62.625873247404705,0
11.75,5.443423,33.87,62.625873247404705,0
6.67,5.442144,33.87,63.25345840347388,0
-15.99,5.462612,33.87,62.64982043070834,0
24.99,5.484359,33.84,62.6418390534633,0
73.66,5.479242,33.84,62.94441992742486,0
191.69,5.474125,33.84,62.64982043070834,0
-11.87,5.46645,33.84,62.64982043070834,0
-197.34,5.46645,33.84,62.64982043070834,0
-147.86,5.458774,33.84,62.64982043070834,0
-3.89,5.46517,33.84,62.64982043070834,0
42.98,5.452378,33.84,62.64982043070834,0
9.74,5.461333,33.87,62.64982043070834,0
26.88,5.46517,33.87,62.64982043070834,0
7.34,5.462612,33.87,62.64982043070834,0
-14.53,5.460053,33.87,62.64982043070834,0
17.46,5.454937,33.84,62.64982043070834,0
-0.33,5.462612,33.84,62.64982043070834,0
-5.87,5.458774,33.84,62.64982043070834,0
21.39,5.457495,33.84,62.64982043070834,0
0.27,5.447261,33.84,62.64982043070834,0
-2.53,5.453657,33.84,62.64982043070834,0
18.38,5.44982,33.84,62.64982043070834,0
5.57,5.44982,33.84,62.64982043070834,0
-30.7,5.442144,33.87,63.608175575157006,0
11.23,5.444702,33.87,62.64982043070834,0
5.69,5.438306,33.87,62.369864518050704,0
-29.01,5.44854,33.87,62.64982043070834,0
17.3,5.445982,33.89,62.64982043070834,0
2.57,5.44854,33.89,62.369864518050704,0
-34.82,5.440865,33.89,62.369864518050704,0
18.46,5.434468,33.89,62.369864518050704,0
5.93,5.437027,33.87,62.64982043070834,0
-28.33,5.438306,33.87,62.64982043070834,0
19.86,5.438306,33.87,62.64982043070834,0
18.66,5.437027,33.87,62.64982043070834,0
-18.18,5.437027,33.87,62.64982043070834,0
15.29,5.433189,33.87,62.64982043070834,0
15.6,5.433189,33.87,62.64982043070834,0
-13.79,5.437027,33.87,62.64982043070834,0
2.56,5.434468,33.87,62.64982043070834,0
10.29,5.434468,33.87,62.64982043070834,0
-5.34,5.426793,33.87,62.64982043070834,0
4.52,5.426793,33.87,62.64982043070834,0
14.84,5.428072,33.89,62.64982043070834,0
-11.72,5.424234,33.89,62.64982043070834,0
12.82,5.43191,33.89,62.64982043070834,0
9.75,5.424234,33.89,63.608175575157006,0
-18.06,5.428072,33.89,62.64982043070834,0
13.52,5.416559,33.89,63.608175575157006,0
15.25,5.388415,33.89,62.369864518050704,0
-13.55,5.39737,33.89,62.64982043070834,0
9.67,5.410162,33.87,62.64982043070834,0
18.61,5.408883,33.87,62.64982043070834,0
-25.1,5.406325,33.87,62.64982043070834,0
10.56,5.405046,33.87,63.608175575157006,0
14.18,5.403766,33.87,63.608175575157006,0
-13.04,5.406325,33.87,62.369864518050704,0
13.39,5.408883,33.87,62.64982043070834,0
16.85,5.412721,33.87,63.60031446463138,0
3.82,5.411442,33.89,62.64982043070834,0
128.04,5.417838,33.89,62.64982043070834,0
45.92,5.410162,33.89,62.36184731067546,0
-120.98,5.419117,33.89,62.64982043070834,0
-77.98,5.401208,33.87,62.64982043070834,0
-26.67,5.415279,33.87,62.64982043070834,0
-31.01,5.405046,33.87,62.64982043070834,0
-15.53,5.406325,33.87,62.64982043070834,0
-31.66,5.402487,33.89,62.64982043070834,0
-12.27,5.412721,33.89,62.64982043070834,0
44.18,5.406325,33.89,63.33245613427605,0
29.45,5.407604,33.89,62.369864518050704,0
-5.79,5.416559,33.89,62.369864518050704,0
30.12,5.428072,33.89,62.64982043070834,0
57.82,5.429351,33.89,62.36184731067546,0
110.12,5.414001,33.89,63.608175575157006,0
68.22,5.417838,33.87,63.608175575157006,0
-104.55,5.414001,33.87,62.369864518050704,0
-254.49,5.414001,33.87,62.369864518050704,0
-33.58,5.406325,33.87,63.608175575157006,0
53.87,5.407604,33.87,62.369864518050704,0
16.6,5.401208,33.87,62.369864518050704,0
48.94,5.402487,33.87,63.608175575157006,0
11.07,5.403766,33.87,63.33245613427605,0
-2.36,5.402487,33.87,63.608175575157006,0
21.59,5.389695,33.87,63.608175575157006,0
0.2,5.396091,33.87,63.33245613427605,0
2.46,5.398649,33.87,63.33245613427605,0
15.64,5.396091,33.89,62.369864518050704,0
-10.71,5.39737,33.89,63.608175575157006,0
4.29,5.399929,33.89,63.33245613427605,0
33.64,5.401208,33.89,62.369864518050704,0
57.34,5.392253,33.87,62.369864518050704,0
106.69,5.394812,33.87,62.369864518050704,0
-82.02,5.394812,33.87,62.369864518050704,0
-91.91,5.393532,33.87,62.64982043070834,0
-89.53,5.388415,33.89,63.608175575157006,0
22.06,5.388415,33.89,62.369864518050704,0
36.05,5.385857,33.89,62.64982043070834,0
-13.47,5.387136,33.89,62.369864518050704,0
27.07,5.387136,33.87,62.64982043070834,0
9.22,5.384578,33.87,62.369864518050704,0
-22.65,5.384578,33.87,63.33245613427605,0
14.26,5.384578,33.87,62.369864518050704,0
2.67,5.383298,33.87,62.369864518050704,0
-24.32,5.385857,33.87,63.324560795950255,0
4.63,5.384578,33.87,62.36184731067546,0
-28.7,5.378181,33.87,62.36184731067546,0
-25.78,5.371785,33.87,63.608175575157006,0
56.52,5.374343,33.87,62.64982043070834,0
13.53,5.382019,33.87,62.369864518050704,0
-22.39,5.373064,33.87,62.369864518050704,0
15.25,5.375623,33.87,62.64982043070834,0
-3.02,5.38074,33.87,62.369864518050704,0
-13.09,5.378181,33.87,62.36184731067546,0
15.63,5.374343,33.87,62.369864518050704,0
-13.22,5.371785,33.87,63.33245613427605,0
4.89,5.371785,33.87,63.608175575157006,0
7.88,5.370506,33.87,62.369864518050704,0
-20.12,5.36283,33.87,63.33245613427605,0
16.59,5.36411,33.89,62.64982043070834,0
6.63,5.365389,33.89,63.33245613427605,0
-30.28,5.360272,33.89,62.36184731067546,0
22.38,5.36411,33.89,62.64982043070834,0
10.33,5.356434,33.87,62.369864518050704,0
-32.47,5.366668,33.87,62.369864518050704,0
18.47,5.357713,33.87,62.369864518050704,0
9.61,5.360272,33.87,63.33245613427605,0
-23.7,5.360272,33.87,62.36184731067546,0
12.16,5.360272,33.87,62.94441992742486,0
6.79,5.327011,33.87,62.369864518050704,0
-22.77,5.36411,33.87,62.10475022089695,0
37.14,5.371785,33.89,62.0966987850401,0
105.07,5.370506,33.89,62.369864518050704,0
109.22,5.371785,33.89,63.33245613427605,0
-54.65,5.371785,33.89,63.33245613427605,0
-128.87,5.374343,33.89,63.33245613427605,0
-140.95,5.375623,33.89,63.608175575157006,0
-26.5,5.370506,33.89,63.33245613427605,0
0.33,5.365389,33.89,63.33245613427605,0
-54.67,5.365389,33.87,62.369864518050704,0
-42.83,5.352596,33.87,63.608175575157006,0
-21.94,5.361551,33.87,63.071388124885914,0
21.52,5.358993,33.87,63.324560795950255,0
62.1,5.36411,33.87,63.071388124885914,0
86.98,5.358993,33.87,62.6418390534633,0
87.98,5.376902,33.87,63.33245613427605,0
-4.79,5.374343,33.87,62.369864518050704,0
-80.35,5.371785,33.87,63.324560795950255,0
18.88,5.373064,33.87,63.33245613427605,0
-22.79,5.370506,33.87,63.071388124885914,0
-100.93,5.370506,33.87,63.071388124885914,0
-82.53,5.36411,33.87,63.33245613427605,0
17.82,5.369226,33.87,63.33245613427605,0
28.24,5.361551,33.87,63.33245613427605,0
31.74,5.365389,33.87,63.33245613427605,0
11.58,5.358993,33.84,63.33245613427605,0
5.1,5.369226,33.84,63.071388124885914,0
4.08,5.356434,33.84,63.06346010171025,0
-0.73,5.36283,33.84,62.10475022089695,0
9.16,5.367947,33.89,62.369864518050704,0
5.05,5.369226,33.89,62.369864518050704,0
-13.15,5.36411,33.89,63.071388124885914,0
15.78,5.357713,33.89,63.608175575157006,0
3.71,5.365389,33.89,63.324560795950255,0
-11.94,5.366668,33.89,62.64982043070834,0
33.52,5.371785,33.89,63.33245613427605,0
38.67,5.360272,33.89,62.369864518050704,0
19.95,5.36411,33.87,63.071388124885914,0
-24.58,5.356434,33.87,62.369864518050704,0
-83.27,5.357713,33.87,62.369864518050704,0
-33.69,5.36283,33.87,63.33245613427605,0
30.05,5.357713,33.89,62.369864518050704,0
13.74,5.355155,33.89,62.369864518050704,0
0.01,5.347479,33.89,62.10475022089695,0
7.56,5.351317,33.89,63.608175575157006,0
10.3,5.344921,33.89,62.369864518050704,0
2.66,5.350038,33.89,63.33245613427605,0
6.24,5.342362,33.89,63.33245613427605,0
4.15,5.351317,33.89,63.60031446463138,0
-4.38,5.350038,33.87,62.82515419798029,0
10.43,5.370506,33.87,63.071388124885914,0
26.78,5.358993,33.87,63.06346010171025,0
64.48,5.365389,33.87,63.06346010171025,0
-12.09,5.361551,33.87,63.33245613427605,0
-35.19,5.352596,33.87,63.33245613427605,0
42.01,5.357713,33.87,62.369864518050704,0
-40.06,5.355155,33.87,63.608175575157006,0
-33.29,5.353876,33.89,62.369864518050704,0
-39.76,5.353876,33.89,62.369864518050704,0
-10.09,5.352596,33.89,63.324560795950255,0
-1.15,5.3462,33.89,62.369864518050704,0
-2.38,5.348759,33.87,63.33245613427605,0
6.05,5.342362,33.87,62.369864518050704,0
6.43,5.3462,33.87,62.10475022089695,0
2.5,5.3462,33.87,62.369864518050704,0
13.07,5.339804,33.89,62.64982043070834,0
6.51,5.347479,33.89,62.64982043070834,0
25.75,5.3462,33.89,62.64982043070834,0
-16.86,5.3462,33.89,62.64982043070834,0
-24.84,5.3462,33.89,62.369864518050704,0
12.73,5.3462,33.89,62.64982043070834,0
28.14,5.338524,33.89,62.64982043070834,0
-34.68,5.347479,33.89,62.369864518050704,0
-20.74,5.344921,33.87,62.369864518050704,0
10.04,5.347479,33.87,62.369864518050704,0
8.25,5.335966,33.87,63.33245613427605,0
-5.33,5.332128,33.87,63.33245613427605,0
22.22,5.337245,33.89,63.35613624582863,0
5.63,5.348759,33.89,71.5122367151245,0
-11.28,5.323174,33.89,53.009433122794285,0
53.75,5.31166,33.89,78.10889834071403,0
-27.77,5.301426,33.89,51.15662224971465,0
-327.66,5.287354,33.89,74.73285756613352,0
-19.31,5.26049,33.89,65.33758489567853,0
133.29,5.268166,33.89,65.01538279515087,0
81.09,5.305264,33.89,64.07807737440318,0
206.85,5.302705,33.89,64.20280367709809,0
-55.46,5.300147,33.89,63.13477647065839,0
-27.44,5.303985,33.89,63.796551630946325,0
51.33,5.300147,33.91,62.64982043070834,0
188.91,5.291192,33.91,63.788713735268246,0
-64.85,5.302705,33.91,63.647466563878254,0
-21.12,5.29503,33.91,63.13477647065839,0
-15.45,5.307822,33.89,63.20601237224193,0
0.29,5.301426,33.89,63.20601237224193,0
-12.87,5.302705,33.89,63.29296959378664,0
-65.22,5.293751,33.89,63.20601237224193,0
-50.05,5.296309,33.89,62.20932405998316,0
-48.65,5.29503,33.89,63.29296959378664,0
-17.1,5.297588,33.89,62.297672508690084,0
0.9,5.286075,33.89,62.20932405998316,0
3.94,5.29503,33.91,63.29296959378664,0
1.78,5.297588,33.91,63.39558344238185,0
9.05,5.293751,33.91,63.28506932918696,0
3.49,5.293751,33.91,63.39558344238185,0
3.82,5.29503,33.89,63.51377803280167,0
-7.76,5.29503,33.89,63.50590523722971,0
-4.06,5.288634,33.89,63.50590523722971,0
-6.23,5.288634,33.89,63.39558344238185,0
-30.0,5.273283,33.89,63.51377803280167,0
-1.27,5.287354,33.89,62.52199612936234,0
30.83,5.280958,33.89,63.51377803280167,0
7.21,5.283517,33.89,63.51377803280167,0
-20.42,5.279679,33.89,63.647466563878254,0
26.04,5.288634,33.89,63.50590523722971,0
21.25,5.278399,33.89,63.51377803280167,0
-16.82,5.279679,33.89,62.65780079128216,0
-3.01,5.280958,33.89,63.647466563878254,0
26.7,5.284796,33.89,63.647466563878254,0
-21.38,5.277121,33.89,63.796551630946325,0
-24.21,5.273283,33.89,62.52199612936234,0
-5.26,5.277121,33.87,63.647466563878254,0
-10.13,5.274562,33.87,63.63961030678928,0
-17.43,5.274562,33.87,62.65780079128216,0
-0.53,5.268166,33.87,62.65780079128216,0
7.21,5.268166,33.89,63.796551630946325,0
-0.82,5.268166,33.89,62.64982043070834,0
2.96,5.266886,33.89,62.65780079128216,0
4.5,5.265607,33.89,62.65780079128216,0
-0.43,5.264328,33.89,62.65780079128216,0
6.51,5.263049,33.89,62.65780079128216,0
7.06,5.252815,33.89,62.65780079128216,0
2.26,5.255373,33.89,62.52199612936234,0
8.53,5.257932,33.89,62.65780079128216,0
2.68,5.248977,33.89,62.64982043070834,0
-3.0,5.250256,33.89,62.65780079128216,0
6.41,5.248977,33.89,62.64982043070834,0
5.07,5.248977,33.87,62.65780079128216,0
-13.3,5.255373,33.87,62.65780079128216,0
12.14,5.254094,33.87,62.64982043070834,0
6.98,5.238743,33.87,62.64982043070834,0
-17.73,5.251535,33.91,63.796551630946325,0
11.77,5.24258,33.91,62.65780079128216,0
9.07,5.248977,33.91,63.647466563878254,0
-9.12,5.250256,33.91,62.52199612936234,0
21.82,5.261769,33.91,64.1404708432983,0
50.03,5.26049,33.91,62.52199612936234,0
74.66,5.256652,33.91,62.52199612936234,0
-85.57,5.252815,33.91,63.647466563878254,0
-47.55,5.247698,33.89,62.52199612936234,0
-6.05,5.248977,33.89,63.647466563878254,0
-11.16,5.24258,33.89,62.65780079128216,0
-19.28,5.245139,33.89,62.65780079128216,0
-2.12,5.238743,33.89,62.65780079128216,0
-12.75,5.246418,33.89,63.647466563878254,0
13.68,5.24258,33.89,62.80923498976882,0
9.67,5.24258,33.89,63.647466563878254,0
-12.39,5.24386,33.89,62.65780079128216,0
14.8,5.246418,33.89,62.65780079128216,0
7.86,5.210599,33.89,62.65780079128216,0
-17.9,5.231067,33.89,62.65780079128216,0
8.73,5.233626,33.91,62.65780079128216,0
3.96,5.237463,33.91,63.63961030678928,0
-14.26,5.231067,33.91,62.65780079128216,0
8.48,5.233626,33.91,62.64982043070834,0
3.19,5.228509,33.93,62.64982043070834,0
-30.99,5.238743,33.93,62.65780079128216,0
18.24,5.231067,33.93,63.788713735268246,0
9.91,5.231067,33.93,63.796551630946325,0
-14.56,5.232347,33.91,62.65780079128216,0
14.17,5.237463,33.91,63.647466563878254,0
13.3,5.220833,33.91,62.65780079128216,0
-7.48,5.232347,33.91,62.65780079128216,0
-0.46,5.229788,33.91,62.65780079128216,0
6.29,5.233626,33.91,63.63961030678928,0
-12.04,5.219554,33.91,62.65780079128216,0
-6.47,5.222113,33.91,63.39558344238185,0
15.3,5.231067,33.91,63.51377803280167,0
10.93,5.229788,33.91,63.51377803280167,0
38.67,5.232347,33.91,63.51377803280167,0
74.23,5.228509,33.91,63.51377803280167,0
-87.42,5.22595,33.89,63.51377803280167,0
-28.19,5.220833,33.89,62.39390995922599,0
12.53,5.222113,33.89,63.50590523722971,0
-11.1,5.215716,33.89,63.50590523722971,0
-35.01,5.220833,33.89,63.387695966961914,0
9.12,5.20932,33.89,63.387695966961914,0
11.88,5.216996,33.89,63.29296959378664,0
-11.29,5.214437,33.89,63.29296959378664,0
8.68,5.220833,33.91,63.29296959378664,0
6.36,5.214437,33.91,63.29296959378664,0
0.85,5.22595,33.91,62.36184731067546,0
6.54,5.214437,33.91,67.05967491719595,0
-5.26,5.196527,33.91,77.32399368889322,0
-14.99,5.222113,33.91,69.06518659932803,0
-8.79,5.246418,33.91,59.1100668245266,0
-23.49,5.17606,33.91,63.166446789415026,0
3.26,4.829382,33.93,62.20932405998316,0
7.73,4.705927,33.93,65.37583651472461,0
-65.73,4.329827,33.93,63.41135544995076,0
-103.15,4.398168,33.93,58.728187440104094,0
21.56,4.843347,33.91,59.715994507334464,0
-19.54,4.890679,33.91,61.98386886924694,0
-174.96,4.897076,33.91,62.64982043070834,0
50.66,4.898355,33.91,62.80923498976882,0
109.87,4.900914,33.93,62.80923498976882,0
75.97,4.914985,33.93,62.80923498976882,0
87.12,4.934174,33.93,62.976185975335156,0
-20.6,4.946967,33.93,62.80923498976882,0
18.29,4.957201,33.91,62.80923498976882,0
41.98,4.979686,33.91,62.83311228962003,0
-50.08,4.974569,33.91,62.52199612936234,0
79.64,4.93875,33.91,62.52199612936234,0
45.03,4.941309,33.93,63.51377803280167,0
-68.63,4.941309,33.93,63.51377803280167,0
50.15,4.941309,33.93,62.40192304729078,0
-35.64,4.955381,33.93,63.39558344238185,0
-138.94,4.954102,33.89,63.28506932918696,0
47.15,4.963056,33.89,62.297672508690084,0
11.1,4.954102,33.89,62.40192304729078,0
-113.96,4.960498,33.89,63.29296959378664,0
100.69,4.955381,33.89,63.39558344238185,0
67.63,4.963056,33.89,63.28506932918696,0
-39.24,4.954102,33.89,63.39558344238185,0
12.09,4.957939,33.89,63.28506932918696,0
60.36,4.950264,33.93,63.29296959378664,0
-0.98,4.95666,33.93,63.387695966961914,0
-84.63,4.947705,33.93,63.387695966961914,0
47.89,4.951543,33.93,63.387695966961914,0
18.84,4.950264,33.93,63.387695966961914,0
-64.56,4.942588,33.93,63.39558344238185,0
41.78,4.945147,33.93,63.50590523722971,0
40.08,4.950264,33.93,64.6297145282261,0
-11.74,4.964335,33.91,63.647466563878254,0
-82.9,4.966894,33.91,63.51377803280167,0
98.01,4.961777,33.91,62.64982043070834,0
35.29,4.951543,33.91,62.64982043070834,0
-93.09,4.948985,33.89,62.96824596572466,0
-49.26,4.94003,33.89,62.96824596572466,0
-1.78,4.896535,33.89,62.976185975335156,0
-25.54,4.90549,33.89,62.80127387243033,0
0.72,4.897814,33.91,63.788713735268246,0
22.33,4.906769,33.91,62.64982043070834,0
-42.16,4.90549,33.91,62.80923498976882,0
-0.87,4.900373,33.91,62.65780079128216,0
-64.73,4.904211,33.91,63.647466563878254,0
21.42,4.900373,33.91,63.647466563878254,0
57.69,4.900373,33.91,62.65780079128216,0
39.39,4.895256,33.91,62.80127387243033,0
-2.47,4.896535,33.91,63.796551630946325,0
57.06,4.891418,33.91,62.64982043070834,0
19.47,4.892697,33.91,62.80923498976882,0
-66.86,4.87223,33.91,53.16013544000805,0
58.96,4.780123,33.91,58.532042506647585,0
42.58,4.681621,33.91,66.58828725834597,0
-24.08,4.675225,33.91,63.095166217389426,0
160.74,4.658594,33.91,64.69157595854347,0
55.12,4.644523,33.93,58.29236656715869,0
-224.39,4.467986,33.93,77.06490770772389,0
-17.53,4.606145,33.93,53.53503525729669,0
66.35,4.977128,33.93,69.4118145563131,0
98.14,5.060279,33.93,64.90762667052309,0
15.28,5.073072,33.93,62.0,0
-182.27,5.064117,33.93,64.41273166075166,0
-33.86,5.060279,33.93,61.196405123176966,0
38.56,5.046207,33.93,65.33758489567853,0
-105.04,5.039811,33.93,63.592452382338585,0
-125.38,5.032136,33.93,64.60650122085238,0
-11.64,5.032136,33.93,63.150613615387776,0
105.58,5.046207,33.93,67.26812023536856,0
26.95,4.951543,33.93,58.7962583843564,0
79.93,4.618937,33.93,62.976185975335156,0
39.64,4.661153,33.93,65.76473218982953,0
-30.17,4.789078,33.93,63.14269553954757,0
-5.8,4.806987,33.93,63.26926584053272,0
93.16,4.783961,33.93,63.13477647065839,0
57.01,4.777565,33.93,57.4978260458602,0
18.21,4.771169,33.91,64.41273166075166,0
-225.09,4.767331,33.91,65.06919393998976,0
-57.85,4.745584,33.91,57.766772456144714,0
-85.5,4.725115,33.91,62.75348595894893,0
-97.68,4.721278,33.95,61.84658438426491,0
122.92,4.712323,33.95,63.694583757176716,0
179.97,4.700809,33.95,69.18092222571191,0
-49.9,4.699531,33.95,62.976185975335156,0
37.36,4.711044,33.95,45.81484475582123,0
76.75,4.805708,33.95,45.28796749689701,0
46.69,4.902931,33.95,63.45076831686122,0
180.37,4.957939,33.95,53.9351462406472,0
137.68,4.998875,33.93,62.94441992742486,0
-48.48,4.97329,33.93,63.31666447310692,0
60.7,4.977128,33.93,63.39558344238185,0
-37.47,4.968173,33.93,60.199667773169644,0
-364.89,4.934913,33.93,62.96824596572466,0
92.11,4.920841,33.93,62.71363488110062,0
99.61,4.914444,33.93,62.67375846396959,0
-88.66,4.899094,33.93,62.96824596572466,0
-225.06,4.904211,33.97,63.00793600809346,0
-62.15,4.892697,33.97,63.00793600809346,0
-38.03,4.900373,33.97,63.00793600809346,0
7.62,4.895256,33.97,62.96824596572466,0
26.13,4.895256,33.93,62.96824596572466,0
-12.19,4.899094,33.93,63.00793600809346,0
30.15,4.895256,33.93,63.00793600809346,0
9.62,4.895256,33.93,63.92182725798755,0
-37.33,4.88886,33.95,67.29784543356496,0
30.4,4.876067,33.95,45.98912915026767,0
7.92,4.864554,33.95,65.76473218982953,0
-84.55,4.844086,33.95,76.60939890117922,0
-51.54,4.957939,33.97,67.23094525588644,0
-38.49,4.986083,33.97,67.12674578735364,0
-66.27,4.97329,33.97,60.56401571890688,0
276.5,4.972011,33.97,62.6418390534633,0
-217.01,4.957939,33.95,62.77738446287803,0
-52.2,4.95666,33.95,62.42595614005443,0
6.25,4.948985,33.95,62.048368229954285,0
36.98,4.945147,33.95,63.796551630946325,0
60.88,4.93875,33.95,68.76772498781678,0
52.96,4.93875,33.95,67.6904720030818,0
0.84,4.92212,33.95,52.49761899362675,0
49.55,4.924679,33.95,68.8839603971781,0
47.81,4.914444,33.97,63.7808748764079,0
17.88,4.913166,33.97,62.8887907341205,0
233.27,4.906769,33.97,61.40032573203501,0
132.11,4.90549,33.97,63.82789358893179,0
-462.51,4.895256,33.95,61.106464469808756,0
-114.77,4.873508,33.95,63.53739056650029,0
44.77,4.780123,33.95,62.8728876384726,0
66.7,4.629171,33.95,62.20932405998316,0
34.77,4.372042,33.97,65.30696746902278,0
-112.99,4.262567,33.97,64.07807737440318,0
98.82,4.304782,33.97,60.53924347066124,0
60.87,4.293269,33.97,49.17316341257699,0
-22.19,4.572146,33.99,67.3721010508059,0
95.88,4.510742,33.99,77.110310594628,0
238.22,4.510742,33.99,36.72873534441391,0
-160.32,4.459572,33.99,56.79788728465171,0
-220.15,4.403285,33.97,67.4166151627327,0
-40.75,4.311179,33.97,63.72597586541927,0
201.73,4.570867,33.97,59.2452529743945,0
83.8,4.705188,33.97,48.579831205964474,0
-74.69,4.78834,33.99,65.52098900352466,0
46.02,4.762754,33.99,64.42049363362563,0
60.81,4.780664,33.99,50.1398045468867,0
-14.96,4.746124,33.99,59.77457653551382,0
-218.1,4.746124,33.99,63.72597586541927,0
286.53,4.765313,33.99,64.60650122085238,0
-2.0,4.780664,33.99,64.28841264178172,0
-204.99,4.746124,33.99,64.83054835492293,0
-69.8,4.721818,33.99,54.70831746635972,0
134.88,4.687279,33.99,80.26830009412184,0
-242.03,4.510742,33.99,80.38034585643433,0
-82.98,4.588776,33.99,67.59437846448475,0
-65.06,4.341881,34.0,60.74537019394976,0
-63.19,4.560633,34.0,64.47480127925948,0
41.02,4.459572,34.0,58.677082408722406,0
323.29,4.517138,34.0,61.163714733492114,0
-268.05,4.593893,33.99,70.88723439378913,0
-64.35,4.618199,33.99,73.44385610791416,0
316.99,4.666811,33.99,64.1482657598785,0
147.99,4.761475,33.99,66.40783086353596,0
11.3,4.595172,34.0,62.96824596572466,0
2.4,4.162786,34.0,55.235857918565905,0
-24.58,4.468526,34.0,63.75735251718032,0
-525.89,4.687279,34.0,72.20110802473879,0
113.95,4.471085,33.99,66.96267617113283,0
124.31,4.304782,33.99,42.649736224272246,0
-42.2,4.08731,33.99,63.75735251718032,0
-143.7,4.219072,33.99,62.80127387243033,0
76.19,4.298386,34.0,61.98386886924694,0
-6.55,4.283035,34.0,63.198101237299845,0
319.46,4.165344,34.0,64.17164482853778,0
219.25,4.048932,34.0,63.35613624582863,0
-269.69,4.038698,34.03,64.17164482853778,0
-285.49,4.033581,34.03,64.17164482853778,0
46.49,4.029743,34.03,64.17164482853778,0
41.91,4.023347,34.03,63.41135544995076,0
37.98,4.013113,34.0,63.63961030678928,0
13.57,4.014392,34.0,63.0317380372777,0
11.72,4.0016,34.0,63.0317380372777,0
18.67,3.973456,34.0,63.2771680782255,0
-42.97,3.941475,34.05,63.0317380372777,0
49.83,3.93389,34.05,63.2771680782255,0
-15.82,3.909584,34.05,63.2771680782255,0
-77.12,3.88144,34.05,63.2771680782255,0
40.76,3.863531,34.03,63.2771680782255,0
23.65,3.8469,34.03,65.4446330878247,0
-57.94,3.828991,34.03,62.42595614005443,0
47.86,3.804685,34.03,128.44843323295152,0
53.87,3.555231,34.05,142.03520690307738,0
-15.56,3.473359,34.05,61.74949392505172,0
66.96,3.371019,34.05,65.62773803811922,0
216.86,3.317144,34.05,64.1404708432983,0
220.29,3.317144,34.05,62.93647591023825,0
-279.77,3.331215,34.05,62.93647591023825,0
