BVP,EDA,TEMP,ACC_Mag,Label
9.57,5.969716,33.25,186.43497525947217,0
-14.94,6.1002,33.25,85.38735269347563,0
-22.19,6.096362,33.25,56.302753041036986,0
88.7,6.088686,33.25,53.376024580330075,0
153.0,6.114272,33.31,65.63535632568775,0
-5.41,6.136019,33.31,63.56099432828282,0
-121.07,6.148811,33.31,65.11528238439882,0
-376.36,6.212774,33.31,63.35613624582863,0
174.56,6.203819,33.29,64.35837163881635,0
37.13,6.240918,33.29,62.5939294181153,0
38.64,6.297204,33.29,63.56886030125127,0
23.03,6.329186,33.29,63.34824385884742,0
26.19,6.358609,33.27,62.37788069500277,0
13.89,6.358609,33.27,64.32728814430156,0
-16.86,6.357329,33.27,64.33506042586733,0
-1.9,6.340699,33.27,63.56886030125127,0
21.2,6.318952,33.29,62.369864518050704,0
9.2,6.295925,33.29,63.56099432828282,0
-35.51,6.265223,33.29,62.5859409132754,0
22.69,6.261385,33.29,63.34824385884742,0
17.18,6.225566,33.29,59.23681287847955,0
-11.06,6.229404,33.29,23.08679276123039,0
-6.05,6.157766,33.29,74.90660852021001,0
20.9,6.098921,33.29,96.98453484963466,0
-6.17,6.060543,33.29,62.75348595894893,0
-41.29,6.06566,33.29,68.51277253184256,0
-21.29,6.073336,33.29,57.706152185014034,0
-11.88,6.066939,33.29,64.34283176858165,0
-21.26,6.054147,33.31,64.83054835492293,0
41.33,6.059264,33.31,63.15853069855251,0
26.24,6.074615,33.31,67.39436178197698,0
-20.3,6.075894,33.31,59.67411499134277,0
27.68,6.105317,33.31,65.92419889539804,0
14.71,6.106596,33.31,61.98386886924694,0
-23.36,6.127064,33.31,62.27358990776106,0
17.53,6.124506,33.31,61.56297588648554,0
-4.86,6.129622,33.31,64.10928169929842,0
-12.08,6.120668,33.31,63.387695966961914,0
15.94,6.111713,33.31,62.080592780675026,0
-2.4,6.107875,33.31,62.120849961989414,0
3.44,6.091245,33.31,63.20601237224193,0
2.83,6.08229,33.31,62.27358990776106,0
-15.61,6.057984,33.31,62.27358990776106,0
17.37,6.060543,33.31,62.81719509815764,0
4.93,6.045192,33.31,62.27358990776106,0
-29.76,6.051588,33.31,62.81719509815764,0
13.59,6.0324,33.31,63.56099432828282,0
1.11,6.03112,33.31,63.190189111918315,0
-31.35,6.022165,33.31,62.27358990776106,0
12.27,6.026003,33.31,62.44197306299666,0
0.93,6.022165,33.31,62.44197306299666,0
-27.43,6.010652,33.31,62.27358990776106,0
16.11,6.004256,33.31,62.27358990776106,0
9.77,5.982509,33.31,62.27358990776106,0
-14.22,5.988905,33.31,62.27358990776106,0
-15.51,5.97995,33.31,62.64982043070834,0
10.56,5.983788,33.29,62.27358990776106,0
1.15,5.981229,33.29,62.27358990776106,0
-29.82,5.981229,33.29,63.190189111918315,0
18.24,5.976112,33.29,62.27358990776106,0
10.84,5.97995,33.27,62.27358990776106,0
-9.18,5.978671,33.27,63.190189111918315,0
-21.5,5.977392,33.27,62.27358990776106,0
12.24,5.970995,33.27,62.27358990776106,0
8.91,5.960762,33.27,62.27358990776106,0
-15.99,5.965878,33.27,62.27358990776106,0
7.4,5.954365,33.27,63.190189111918315,0
9.38,5.965041,33.27,63.190189111918315,0
-2.11,5.953528,33.23,63.190189111918315,0
-25.87,5.961204,33.23,63.190189111918315,0
12.32,5.94969,33.23,63.03967004989794,0
8.34,5.94969,33.23,63.190189111918315,0
-14.43,5.948411,33.25,62.120849961989414,0
6.74,5.950969,33.25,67.26068688320095,0
8.65,5.944573,33.25,64.68384651518491,0
-2.92,5.935618,33.25,63.3798075099633,0
-26.1,5.943294,33.25,60.29925372672534,0
14.76,5.936898,33.25,61.587336360651285,0
8.89,5.934339,33.25,64.10928169929842,0
-11.98,5.931781,33.25,62.37788069500277,0
10.9,5.929222,33.25,62.080592780675026,0
8.12,5.918988,33.25,64.06246951218786,0
-11.23,5.920268,33.25,62.82515419798029,0
5.24,5.922826,33.25,64.81512169239521,0
10.54,5.926664,33.27,61.73329733620261,0
-8.21,5.921546,33.27,62.51399843235114,0
20.37,5.887007,33.27,59.38013135721409,0
2.83,5.910033,33.27,65.87867636800242,0
-21.75,5.925385,33.25,65.37583651472461,0
14.15,5.943294,33.25,63.25345840347388,0
-2.19,5.936898,33.25,58.283788483591216,0
-3.71,5.944573,33.25,61.56297588648554,0
6.39,5.945852,33.25,67.80855403265875,0
-12.36,5.940735,33.25,62.625873247404705,0
16.6,5.943294,33.25,62.32976816898969,0
4.23,5.938177,33.25,61.204574992397426,0
-13.66,5.930501,33.25,65.09992319503918,0
19.06,5.929222,33.25,62.78534860936905,0
8.32,5.922826,33.25,62.23343153000644,0
-7.39,5.926664,33.25,62.545983084447556,0
4.92,5.918988,33.25,62.13694553162394,0
7.41,5.929222,33.25,63.82789358893179,0
-0.51,5.922826,33.25,62.32976816898969,0
-12.99,5.924105,33.25,64.69157595854347,0
5.44,5.927943,33.25,62.465990746965666,0
7.66,5.948411,33.25,66.12866246946176,0
0.36,5.952249,33.25,58.7962583843564,0
-11.77,5.965041,33.25,64.53681120105021,0
9.4,5.963762,33.27,62.048368229954285,0
2.73,5.979113,33.27,65.81033353509159,0
-7.41,5.982951,33.27,61.554853586049575,0
-13.09,5.972717,33.27,59.371710435189584,0
6.3,5.979113,33.29,64.29618962271404,0
4.14,5.981671,33.29,63.198101237299845,0
-13.02,5.981671,33.29,67.7421582177598,0
8.22,5.980392,33.29,60.29925372672534,0
4.38,5.993185,33.27,61.75759062657804,0
-12.05,5.989347,33.27,63.90618123468183,0
11.67,5.982951,33.27,62.83311228962003,0
5.37,5.961204,33.27,62.68173577685928,0
-16.17,5.972717,33.27,63.56099432828282,0
12.75,5.956087,33.27,62.68173577685928,0
4.92,5.961204,33.27,62.120849961989414,0
-13.49,5.954807,33.27,63.03967004989794,0
12.56,5.956087,33.27,60.29925372672534,0
6.36,5.953528,33.27,59.531504264548865,0
-10.79,5.952249,33.27,62.68971207462992,0
14.3,5.947132,33.27,63.3798075099633,0
4.21,5.948411,33.23,63.28506932918696,0
-11.9,5.945852,33.23,61.30252849597641,0
9.51,5.934339,33.23,63.57672530100933,0
4.88,5.939456,33.23,64.59876159803684,0
-10.49,5.930501,33.25,56.444663166680336,0
15.22,5.936898,33.25,53.749418601506754,0
0.13,5.93306,33.25,70.73188814106408,0
-14.18,5.936898,33.25,53.103672189407014,0
6.55,5.934339,33.27,58.8387627334226,0
-2.79,5.952249,33.27,66.2872536767062,0
-8.85,5.973996,33.27,55.33534132902769,0
-1.7,6.057148,33.27,58.31809324729333,0
23.05,6.117272,33.25,73.5255057786072,0
-10.9,6.171,33.25,64.27285585688566,0
7.29,6.144136,33.25,58.360945845659494,0
51.32,6.151812,33.25,59.07622195096772,0
101.48,6.147974,33.25,62.20128616033595,0
-199.12,6.183793,33.25,63.56886030125127,0
-74.3,6.164604,33.25,63.15853069855251,0
-41.86,6.133903,33.25,64.73020933072904,0
48.63,6.112155,33.21,64.47480127925948,0
-49.72,6.100642,33.21,62.64982043070834,0
-66.24,6.08657,33.21,62.63385665915839,0
-14.26,6.075057,33.21,62.41794613730894,0
21.41,6.062264,33.23,62.64982043070834,0
-4.8,6.062264,33.23,63.324560795950255,0
40.91,6.053309,33.23,62.41794613730894,0
12.82,6.036679,33.23,63.419239982831705,0
-38.64,6.025166,33.21,62.20128616033595,0
12.69,6.013653,33.21,62.64982043070834,0
-2.91,6.023887,33.21,63.324560795950255,0
-35.55,6.0354,33.21,62.63385665915839,0
22.95,6.063543,33.23,63.324560795950255,0
10.92,6.090408,33.23,62.63385665915839,0
-17.96,6.100642,33.23,63.095166217389426,0
12.43,6.084012,33.23,62.63385665915839,0
-3.42,6.12111,33.21,62.40192304729078,0
10.35,6.130064,33.21,62.40192304729078,0
13.31,6.10448,33.21,62.40192304729078,0
-21.3,6.136461,33.21,62.88083968904996,0
17.27,6.136461,33.23,63.095166217389426,0
3.98,6.144136,33.23,62.40192304729078,0
-12.62,6.133903,33.23,62.40192304729078,0
23.09,6.127506,33.23,61.95159400693416,0
-6.73,6.114714,33.21,62.63385665915839,0
-47.23,6.100642,33.21,62.63385665915839,0
1.89,6.067381,33.21,62.63385665915839,0
-6.02,6.064823,33.21,62.63385665915839,0
-10.15,6.041796,33.18,62.40192304729078,0
11.49,6.039238,33.18,62.63385665915839,0
-3.0,6.013653,33.18,62.63385665915839,0
3.61,6.003419,33.18,62.63385665915839,0
12.04,5.981671,33.21,62.63385665915839,0
-13.71,5.98423,33.21,62.63385665915839,0
-26.33,5.982951,33.21,62.63385665915839,0
6.77,5.986788,33.21,62.63385665915839,0
3.84,5.998302,33.21,62.63385665915839,0
-30.67,6.003419,33.21,62.63385665915839,0
13.94,6.01877,33.21,62.63385665915839,0
8.34,6.021328,33.21,62.63385665915839,0
-30.9,6.01877,33.21,62.63385665915839,0
10.52,6.011094,33.21,62.63385665915839,0
0.97,5.997023,33.21,62.63385665915839,0
-19.26,5.973996,33.21,61.95159400693416,0
24.28,5.962483,33.21,62.41794613730894,0
11.29,5.945852,33.21,62.41794613730894,0
-19.47,5.948411,33.21,62.41794613730894,0
29.4,5.931781,33.21,62.41794613730894,0
7.37,5.920268,33.18,62.41794613730894,0
-28.01,5.917709,33.18,62.41794613730894,0
21.95,5.913871,33.18,62.41794613730894,0
12.79,5.913871,33.18,62.41794613730894,0
-7.01,5.917709,33.18,62.64982043070834,0
-44.87,5.922826,33.18,62.64982043070834,0
22.45,5.921546,33.18,62.64982043070834,0
7.29,5.917709,33.18,62.64982043070834,0
-21.78,5.91515,33.16,63.12685640834652,0
-1.0,5.908754,33.16,63.12685640834652,0
16.84,5.89852,33.16,62.89674077406555,0
7.66,5.895962,33.16,62.64982043070834,0
-29.04,5.892124,33.15,63.12685640834652,0
16.71,5.899799,33.15,63.12685640834652,0
-3.73,5.884449,33.15,62.64982043070834,0
-36.86,5.887007,33.15,62.64982043070834,0
29.33,5.883169,33.15,63.35613624582863,0
10.39,5.893403,33.15,63.12685640834652,0
-27.77,5.889565,33.15,62.69768735766894,0
34.49,5.89852,33.15,63.35613624582863,0
19.02,5.902358,33.18,63.095166217389426,0
-17.5,5.918988,33.18,62.64982043070834,0
-17.48,5.913871,33.18,63.12685640834652,0
23.93,5.912592,33.18,62.41794613730894,0
-0.75,5.91643,33.15,62.64982043070834,0
-42.97,5.918988,33.15,62.41794613730894,0
22.14,5.918988,33.15,62.64982043070834,0
-15.64,5.913871,33.15,62.89674077406555,0
-87.45,5.926664,33.15,62.64982043070834,0
34.44,5.931781,33.15,63.324560795950255,0
37.73,5.929222,33.15,62.40192304729078,0
-2.21,5.936898,33.15,66.64833081180653,0
34.07,5.997023,33.15,57.56735185849702,0
38.65,5.93306,33.15,55.44366510251645,0
1.41,5.993185,33.15,50.73460357586329,0
-23.56,5.953528,33.15,63.0158710167526,0
135.24,5.957366,33.15,65.37583651472461,0
-321.05,6.117272,33.15,66.94774081326419,0
37.56,6.144136,33.15,62.849025449882674,0
89.04,6.228567,33.15,61.94352266379432,0
-23.0,6.24136,33.13,59.90826320300064,0
-26.62,6.264386,33.13,71.02816342831905,0
-16.03,6.246477,33.13,60.41522986797286,0
46.66,6.234963,33.13,59.04235767650204,0
-57.36,6.265665,33.13,68.47627326307996,0
3.73,6.328349,33.13,71.89575787207477,0
-17.16,6.141578,33.13,60.40695324215582,0
48.75,6.169722,33.13,90.33825324855468,0
162.05,6.076336,33.15,62.056425936400814,0
-176.93,6.023887,33.15,68.54195795277518,0
101.43,6.059706,33.15,51.51698748956503,0
-3.64,5.995743,33.15,64.17164482853778,0
78.34,5.961204,33.13,62.433965115151864,0
-30.16,5.966321,33.13,63.96092557178953,0
18.53,5.956087,33.13,63.198101237299845,0
26.74,5.925385,33.13,62.56196927846821,0
-30.9,5.93306,33.13,62.56196927846821,0
-19.51,5.931781,33.13,63.0158710167526,0
-8.61,6.060985,33.13,55.08175741568164,0
-17.84,6.140299,33.13,63.03967004989794,0
33.45,6.17228,33.15,66.19667665374146,0
27.73,6.20682,33.15,48.38388161361178,0
-29.79,6.13774,33.15,60.81940479813988,0
-47.25,6.133903,33.15,64.85368146836385,0
-15.12,6.153091,33.13,59.77457653551382,0
14.78,6.242639,33.13,68.62943974709395,0
-58.16,6.254152,33.13,78.99367063252599,0
-16.29,6.293809,33.13,58.27520913733386,0
45.71,6.310439,33.15,63.190189111918315,0
-36.36,6.277178,33.15,57.9396237474839,0
-14.4,6.264386,33.15,62.489999199871974,0
25.48,6.242639,33.15,60.315835400000886,0
-3.81,6.231125,33.13,63.72597586541927,0
-59.27,6.219612,33.13,63.0317380372777,0
42.22,6.228567,33.13,61.69278726074872,0
39.64,6.231125,33.13,62.976185975335156,0
22.38,6.246477,33.15,65.73431371817918,0
11.54,6.168442,33.15,57.06137047074842,0
-31.78,5.986788,33.15,63.72597586541927,0
70.87,5.887007,33.15,61.163714733492114,0
20.48,5.976554,33.13,61.171888968708494,0
-472.76,5.871656,33.13,64.77653896280658,0
116.62,5.808972,33.13,62.321745803531535,0
25.42,5.826882,33.13,61.514225996918796,0
13.74,5.806414,33.13,63.60031446463138,0
-36.35,5.819207,33.13,63.85922016435841,0
-15.19,5.806414,33.13,62.49799996799898,0
1.48,5.810252,33.13,62.49799996799898,0
-3.06,5.791063,33.15,61.84658438426491,0
-20.73,5.788505,33.15,62.12889826803627,0
27.3,5.760361,33.15,62.56196927846821,0
16.45,5.770595,33.15,62.56196927846821,0
-7.72,5.766757,33.13,62.56196927846821,0
-17.12,5.764199,33.13,61.48983655857283,0
9.78,5.759082,33.13,63.02380502635492,0
13.36,5.751406,33.13,62.94441992742486,0
-5.27,5.769316,33.13,61.48983655857283,0
14.38,5.760361,33.13,61.927376821564145,0
2.5,5.773153,33.13,63.419239982831705,0
-10.94,5.766757,33.13,62.94441992742486,0
-2.36,5.774433,33.15,61.84658438426491,0
13.74,5.770595,33.15,62.94441992742486,0
-5.54,5.770595,33.15,61.84658438426491,0
-29.8,5.778271,33.15,63.35613624582863,0
6.85,5.778271,33.16,62.94441992742486,0
8.51,5.792342,33.16,62.56196927846821,0
-2.65,5.776991,33.16,62.94441992742486,0
-11.68,5.776991,33.16,62.297672508690084,0
5.54,5.773153,33.16,62.297672508690084,0
-3.91,5.77955,33.16,63.20601237224193,0
-10.64,5.756523,33.16,62.297672508690084,0
-9.16,5.756523,33.16,62.297672508690084,0
12.21,5.74501,33.13,62.94441992742486,0
3.44,5.723263,33.13,62.94441992742486,0
-13.39,5.691281,33.13,70.03570517957252,0
7.5,5.912592,33.13,28.705400188814647,0
21.33,6.089128,33.15,60.8276253029822,0
-68.23,5.887007,33.15,61.554853586049575,0
28.01,6.068661,33.15,67.65352910233139,0
7.56,6.090408,33.15,62.49799996799898,0
-41.54,6.055868,33.15,62.465990746965666,0
45.27,6.057148,33.15,68.62215385719105,0
4.11,6.044355,33.15,53.94441583704471,0
-0.02,6.050751,33.15,65.13063795173512,0
37.92,6.057148,33.15,64.13267497929586,0
19.88,6.108317,33.15,63.48228099241551,0
139.08,6.141578,33.15,62.8728876384726,0
-0.45,6.192748,33.15,66.97014260101288,0
-326.93,6.208099,33.16,60.481402100149765,0
64.22,6.195306,33.16,62.24146527838174,0
47.93,6.13774,33.16,59.9749947894954,0
89.71,6.15565,33.16,57.97413216254298,0
-147.89,6.119831,33.16,61.74949392505172,0
-133.65,6.13774,33.16,68.42514157822401,0
97.38,6.124948,33.16,61.04096984812741,0
83.0,6.128785,33.16,56.302753041036986,0
25.46,6.150533,33.18,70.34912934784623,0
13.03,6.168442,33.18,97.98469268207153,0
14.31,6.243918,33.18,50.96076922496363,0
4.3,6.169722,33.18,87.41853350405736,0
115.1,6.084012,33.16,72.89032857656768,0
-18.85,6.023887,33.16,53.86093203798092,0
-223.58,6.00086,33.16,61.237243569579455,0
-0.47,6.046913,33.16,64.37390775772433,0
163.1,6.18891,33.15,47.94788837894741,0
109.16,6.135181,33.15,62.048368229954285,0
54.9,6.110876,33.15,64.1482657598785,0
-68.96,6.167163,33.15,71.17583859709698,0
97.19,6.149253,33.15,64.08587988004847,0
-166.44,6.150533,33.15,65.22269543648132,0
19.66,6.146695,33.15,66.34003316248794,0
12.44,6.195306,33.15,54.12947441089743,0
-142.01,6.24136,33.15,66.51315659326356,0
26.02,6.264386,33.15,83.82720322186587,0
60.66,6.250314,33.15,64.35837163881635,0
-1.91,6.260548,33.15,64.76109943476871,0
-81.04,6.246477,33.15,65.52098900352466,0
-16.22,6.249035,33.15,61.68468205316454,0
12.63,6.226008,33.15,63.89053137985315,0
8.62,6.228567,33.15,62.465990746965666,0
-13.38,6.218333,33.15,62.369864518050704,0
20.5,6.218333,33.15,61.62791575252241,0
23.85,6.236242,33.15,72.53275122315436,0
11.22,6.204261,33.15,61.5223536610881,0
-72.48,6.194027,33.13,71.02816342831905,0
32.17,6.17228,33.13,67.58698099486321,0
-11.35,6.195306,33.13,58.26662852782886,0
-2.42,6.186352,33.13,64.45153217728807,0
11.11,6.18891,33.15,65.06150935845248,0
11.68,6.183793,33.15,63.079315151640635,0
118.78,6.199144,33.15,63.51377803280167,0
-54.83,6.199144,33.15,63.51377803280167,0
-47.28,6.199144,33.15,62.64982043070834,0
-5.94,6.196586,33.15,63.28506932918696,0
-9.25,6.192748,33.15,62.849025449882674,0
-18.85,6.191469,33.15,62.849025449882674,0
-5.18,6.181235,33.15,62.849025449882674,0
5.97,6.210658,33.15,63.72597586541927,0
0.66,6.204261,33.15,64.19501538281614,0
-11.44,6.213216,33.15,62.68971207462992,0
25.09,6.214495,33.13,63.58458932791813,0
19.49,6.215775,33.13,63.90618123468183,0
-8.76,6.211936,33.13,63.35613624582863,0
-35.97,6.201703,33.13,63.75735251718032,0
16.87,6.199144,33.11,63.57672530100933,0
16.68,6.194027,33.11,62.75348595894893,0
-3.08,6.192748,33.11,63.103090257134,0
-45.55,6.171,33.11,62.94441992742486,0
-1.25,6.182514,33.11,62.297672508690084,0
-32.93,6.181235,33.11,67.96322535018479,0
-28.86,6.211936,33.11,66.09841147864296,0
-11.28,6.187631,33.11,57.29746940310715,0
74.47,6.089128,33.11,58.86425061104575,0
92.27,6.169722,33.11,64.45153217728807,0
103.07,6.053309,33.11,60.0416522091123,0
-62.32,6.071219,33.11,63.96092557178953,0
-42.89,6.025166,33.11,62.849025449882674,0
-89.89,6.009815,33.11,63.095166217389426,0
-9.86,6.053309,33.11,63.41135544995076,0
-47.04,6.087849,33.11,60.81118318204309,0
51.62,6.041796,33.11,62.65780079128216,0
63.09,6.041796,33.11,62.56996084384263,0
19.68,6.077615,33.11,63.76519426771944,0
4.96,6.107038,33.11,63.20601237224193,0
-3.2,6.132623,33.09,62.617888817813075,0
-26.75,6.15565,33.09,63.419239982831705,0
-37.44,6.159487,33.09,62.617888817813075,0
23.55,6.156929,33.09,62.617888817813075,0
16.18,6.146695,33.11,62.617888817813075,0
-1.91,6.122389,33.11,62.617888817813075,0
9.67,6.080174,33.11,62.617888817813075,0
18.14,6.084012,33.11,62.617888817813075,0
5.27,6.077615,33.11,63.419239982831705,0
-21.28,6.066102,33.11,62.617888817813075,0
10.47,6.054589,33.11,63.419239982831705,0
5.91,6.030283,33.11,62.617888817813075,0
-16.97,6.076336,33.09,62.617888817813075,0
12.24,6.072498,33.09,62.297672508690084,0
6.3,6.05203,33.09,62.297672508690084,0
-15.94,6.045634,33.09,61.48170459575759,0
13.89,5.985509,33.09,63.229739838148944,0
7.98,5.957366,33.09,63.33245613427605,0
-11.12,5.912592,33.09,62.0403094769844,0
23.22,5.917709,33.09,63.229739838148944,0
-4.67,5.936898,33.09,65.87867636800242,0
-31.18,6.031562,33.09,63.89053137985315,0
1.23,6.068661,33.09,63.20601237224193,0
-17.51,6.179955,33.09,60.266076693277455,0
-19.83,6.187631,33.09,63.90618123468183,0
83.83,6.177397,33.09,61.1228271597445,0
100.1,6.168442,33.09,62.20932405998316,0
-129.03,6.150533,33.09,62.40192304729078,0
-13.31,6.145416,33.09,63.190189111918315,0
-0.08,6.13774,33.09,62.20932405998316,0
5.25,6.131344,33.09,60.024994793835674,0
14.3,6.135181,33.09,60.34898507845845,0
28.76,6.153091,33.11,65.46754921333164,0
75.37,6.167163,33.11,58.677082408722406,0
-55.75,6.171,33.11,73.10950690573696,0
9.74,6.186352,33.11,64.07807737440318,0
-79.27,6.174839,33.07,63.52164985262898,0
-54.31,6.202982,33.07,62.56996084384263,0
-71.81,6.195306,33.07,63.103090257134,0
61.69,6.192748,33.07,63.75735251718032,0
-63.36,6.18891,33.11,62.056425936400814,0
-31.77,6.162046,33.11,62.625873247404705,0
90.47,6.183793,33.11,62.849025449882674,0
46.72,6.202982,33.11,63.419239982831705,0
20.56,6.204261,33.07,62.8728876384726,0
25.52,6.210658,33.07,63.474404290233394,0
-1.74,6.211936,33.07,62.3377895020348,0
-7.25,6.220891,33.07,63.419239982831705,0
12.82,6.224729,33.09,62.96824596572466,0
-4.53,6.261827,33.09,63.686733312362634,0
-48.06,6.30916,33.09,62.76145313805282,0
22.27,6.366726,33.09,69.07966415668217,0
-3.9,6.39487,33.07,52.354560450833695,0
-52.06,6.375681,33.07,61.237243569579455,0
67.01,6.365447,33.07,67.45368781616021,0
89.64,6.361609,33.07,61.26173356998641,0
153.65,6.374402,33.07,61.163714733492114,0
-217.76,6.316835,33.07,62.32976816898969,0
-115.97,6.237522,33.07,64.69157595854347,0
32.04,6.22345,33.07,59.21148537234985,0
107.27,6.113434,33.07,65.7419196555744,0
-25.41,6.043076,33.07,64.50581369148055,0
-45.06,6.008536,33.07,66.1362230551458,0
-252.85,6.005977,33.07,60.28266749240614,0
-14.3,6.007257,33.07,64.47480127925948,0
-25.23,6.01749,33.07,63.48228099241551,0
22.49,6.011094,33.07,63.26926584053272,0
20.48,6.078895,33.07,64.51356446515724,0
17.35,6.016211,33.07,62.88083968904996,0
-12.98,5.962483,33.07,66.35510530471637,0
114.77,5.950969,33.07,72.44998274671983,0
-145.72,5.961204,33.07,46.79743582719036,0
-5.11,5.869097,33.09,66.39277069079132,0
26.56,5.870377,33.09,66.79820356865893,0
42.98,5.904916,33.09,61.30252849597641,0
-69.95,6.020049,33.09,68.3593446428504,0
-9.23,6.073778,33.09,60.71243694664216,0
60.07,6.081453,33.09,60.14149981501958,0
-73.36,6.055868,33.09,62.01612693485461,0
-69.15,6.037959,33.09,63.15853069855251,0
37.19,5.939456,33.07,63.953107821277925,0
36.38,5.903637,33.07,63.095166217389426,0
-6.97,5.88061,33.07,63.30876716537765,0
-22.26,5.875494,33.07,62.65780079128216,0
-9.45,5.879332,33.07,62.64982043070834,0
1.78,5.88189,33.07,62.64982043070834,0
0.4,5.838395,33.07,62.64982043070834,0
-13.0,5.857584,33.07,62.64982043070834,0
20.82,5.851188,33.07,62.64982043070834,0
10.99,5.860143,33.07,63.103090257134,0
-12.11,5.851188,33.07,62.849025449882674,0
27.76,5.970158,33.07,61.538605769061746,0
9.41,6.054589,33.07,62.64982043070834,0
-17.63,5.994464,33.07,63.28506932918696,0
21.46,5.966321,33.07,63.28506932918696,0
45.51,5.936898,33.07,63.079315151640635,0
-22.65,5.924105,33.07,63.28506932918696,0
-33.4,5.912592,33.07,62.20932405998316,0
-27.64,5.913871,33.07,63.30876716537765,0
-22.48,5.959924,33.07,63.103090257134,0
15.88,5.910033,33.07,62.42595614005443,0
14.34,5.88061,33.07,62.42595614005443,0
-7.63,5.861422,33.07,63.095166217389426,0
20.1,5.851188,33.07,63.095166217389426,0
28.76,5.844791,33.05,63.30876716537765,0
-24.4,5.844791,33.05,63.30876716537765,0
-21.69,5.840954,33.05,62.42595614005443,0
-0.72,5.834558,33.05,62.42595614005443,0
-2.61,5.820486,33.03,63.30876716537765,0
-19.97,5.825603,33.03,62.42595614005443,0
11.69,5.807693,33.03,63.30876716537765,0
12.34,5.808972,33.03,63.30876716537765,0
-2.57,5.797459,33.05,62.42595614005443,0
-19.78,5.794901,33.05,62.42595614005443,0
16.58,5.785946,33.05,63.30876716537765,0
12.27,5.771874,33.05,63.30876716537765,0
-15.91,5.771874,33.03,63.30876716537765,0
17.15,5.768036,33.03,63.095166217389426,0
13.67,5.768036,33.03,63.30876716537765,0
-9.25,5.764199,33.03,63.095166217389426,0
7.98,5.770595,33.05,63.30876716537765,0
8.73,5.768036,33.05,63.095166217389426,0
-3.06,5.773153,33.05,63.095166217389426,0
-15.13,5.782108,33.05,63.30876716537765,0
14.42,5.77955,33.03,63.30876716537765,0
6.76,5.783388,33.03,62.42595614005443,0
-3.45,5.769316,33.03,62.42595614005443,0
-13.56,5.770595,33.03,62.42595614005443,0
-4.85,5.762919,33.05,62.849025449882674,0
8.67,5.762919,33.05,62.849025449882674,0
4.7,5.746289,33.05,62.42595614005443,0
-5.82,5.743731,33.05,62.65780079128216,0
-21.28,5.750127,33.05,63.51377803280167,0
11.37,5.792342,33.05,61.82232606429493,0
11.38,5.83072,33.05,62.13694553162394,0
-3.27,5.894682,33.05,62.6418390534633,0
-9.91,5.929222,33.03,62.13694553162394,0
-1.72,5.927943,33.03,62.13694553162394,0
31.97,5.944573,33.03,61.644140029689765,0
18.53,5.935618,33.03,62.457985878508765,0
-8.35,5.940735,33.0,62.13694553162394,0
4.06,5.939456,33.0,62.457985878508765,0
-17.05,5.948411,33.0,63.75735251718032,0
-41.77,5.939456,33.0,63.2771680782255,0
8.33,5.938177,33.03,62.96824596572466,0
14.73,5.936898,33.03,62.14499175315739,0
-11.34,5.930501,33.03,62.94441992742486,0
9.89,5.924105,33.03,62.94441992742486,0
4.36,5.913871,33.03,62.94441992742486,0
-22.46,5.920268,33.03,62.96824596572466,0
-3.78,5.91643,33.03,62.96824596572466,0
-10.89,5.921546,33.03,63.45076831686122,0
10.72,5.910033,33.03,62.96824596572466,0
14.81,5.91515,33.03,63.45076831686122,0
-15.98,5.902358,33.03,62.96824596572466,0
9.9,5.904916,33.03,63.45076831686122,0
29.95,5.893403,33.03,63.45076831686122,0
10.14,5.893403,33.03,62.96824596572466,0
-22.59,5.888286,33.03,62.96824596572466,0
5.24,5.879332,33.03,62.96824596572466,0
12.39,5.88061,33.0,63.45076831686122,0
1.6,5.876773,33.0,63.45076831686122,0
-10.29,5.874214,33.0,62.14499175315739,0
-8.75,5.862701,33.0,62.96824596572466,0
12.83,5.86398,33.0,62.96824596572466,0
2.68,5.855026,33.0,62.63385665915839,0
-8.34,5.820486,33.0,62.96824596572466,0
-21.04,5.842233,33.0,62.96824596572466,0
8.36,5.838395,33.03,62.63385665915839,0
7.71,5.835837,33.03,62.96824596572466,0
-8.04,5.821765,33.03,62.96824596572466,0
-4.43,5.83072,33.03,62.96824596572466,0
2.49,5.828161,33.03,62.63385665915839,0
-1.93,5.828161,33.03,63.45076831686122,0
-10.87,5.817927,33.03,63.45076831686122,0
2.04,5.816648,33.03,62.96824596572466,0
2.15,5.810252,33.0,62.14499175315739,0
-17.22,5.820486,33.0,62.14499175315739,0
3.94,5.814089,33.0,63.45076831686122,0
6.37,5.811531,33.0,62.14499175315739,0
-9.38,5.806414,33.03,62.63385665915839,0
7.19,5.792342,33.03,63.45076831686122,0
8.1,5.798738,33.03,63.45076831686122,0
-2.02,5.79618,33.03,62.96824596572466,0
-19.61,5.797459,33.03,62.63385665915839,0
9.2,5.794901,33.03,62.96824596572466,0
7.42,5.793622,33.03,63.45076831686122,0
-10.29,5.783388,33.03,63.45076831686122,0
16.28,5.787225,33.05,62.63385665915839,0
15.41,5.789784,33.05,63.45076831686122,0
1.0,5.782108,33.05,62.63385665915839,0
-15.93,5.778271,33.05,62.63385665915839,0
6.61,5.76164,33.03,63.45076831686122,0
19.56,5.769316,33.03,62.63385665915839,0
13.28,5.766757,33.03,63.45076831686122,0
-5.97,5.766757,33.03,62.96824596572466,0
-29.11,5.759082,33.0,62.63385665915839,0
9.3,5.766757,33.0,62.63385665915839,0
17.57,5.755244,33.0,62.63385665915839,0
-4.2,5.76164,33.0,62.63385665915839,0
-20.81,5.757802,33.0,62.63385665915839,0
12.41,5.769316,33.0,62.96824596572466,0
16.27,5.776991,33.0,62.96824596572466,0
-0.64,5.77955,33.0,62.63385665915839,0
-6.02,5.782108,33.0,62.63385665915839,0
9.98,5.77955,33.0,63.45076831686122,0
9.16,5.776991,33.0,63.45076831686122,0
-19.0,5.765478,33.0,62.96824596572466,0
-25.46,5.766757,32.99,62.96824596572466,0
6.03,5.755244,32.99,62.13694553162394,0
8.96,5.756523,32.99,62.78534860936905,0
-9.65,5.762919,32.99,62.65780079128216,0
-26.21,5.743731,32.99,63.419239982831705,0
11.14,5.706633,32.99,64.26507605223851,0
44.57,5.576149,32.99,64.06246951218786,0
6.8,5.52242,32.99,61.66036003787198,0
-19.85,5.490439,32.99,63.03967004989794,0
-3.96,5.494277,32.99,63.26926584053272,0
-4.31,5.482763,32.99,63.03967004989794,0
-3.56,5.480205,32.99,63.26926584053272,0
2.9,5.464854,32.97,62.91263784010332,0
18.61,5.467412,32.97,62.91263784010332,0
-6.63,5.466133,32.97,62.68173577685928,0
-4.11,5.459737,32.97,62.68173577685928,0
10.88,5.463891,32.97,62.68173577685928,0
-5.98,5.44982,32.97,62.68173577685928,0
17.64,5.452378,32.97,62.68173577685928,0
8.49,5.435748,32.97,62.68173577685928,0
-13.19,5.43191,32.99,62.68173577685928,0
12.84,5.421676,32.99,62.68173577685928,0
1.99,5.424234,32.99,62.68173577685928,0
-20.25,5.408883,32.99,62.68173577685928,0
12.22,5.406325,32.97,62.91263784010332,0
4.43,5.401208,32.97,62.68173577685928,0
-11.21,5.385857,32.97,62.68173577685928,0
8.91,5.384578,32.97,63.03967004989794,0
9.53,5.383298,32.99,63.03967004989794,0
-0.21,5.394812,32.99,63.03967004989794,0
-14.87,5.39737,32.99,63.03967004989794,0
9.95,5.419117,32.99,63.03967004989794,0
8.46,5.429351,32.99,62.74551776820397,0
-2.51,5.463891,32.99,63.13477647065839,0
-8.68,5.474125,32.99,63.13477647065839,0
7.02,5.500989,32.99,62.90468980926621,0
-3.84,5.512503,32.97,63.166446789415026,0
-25.63,5.531692,32.97,62.57795138864806,0
5.03,5.507386,32.97,63.0,0
-1.03,5.518899,32.97,63.43500610861482,0
-8.6,5.536808,32.99,62.88083968904996,0
3.64,5.632752,32.99,62.63385665915839,0
9.94,5.66985,32.99,62.69768735766894,0
0.98,5.683922,32.99,61.59545437773797,0
-19.68,5.686481,33.0,64.27285585688566,0
28.26,5.705669,33.0,63.75735251718032,0
26.53,5.708228,33.0,63.34824385884742,0
5.37,5.705669,33.0,62.72160712226688,0
5.38,5.682643,33.0,66.24952830020754,0
-25.12,5.60205,33.0,67.66091929614909,0
-35.29,5.567511,33.0,57.879184513951124,0
4.76,5.596933,33.0,68.21290200541243,0
26.2,5.593095,32.99,63.30876716537765,0
-10.6,5.595654,32.99,67.6904720030818,0
-29.71,5.567511,32.99,60.481402100149765,0
37.53,5.581582,32.99,61.0,0
-21.64,5.599492,32.99,63.095166217389426,0
35.81,5.604609,32.99,64.60650122085238,0
-20.84,5.590537,32.99,62.88083968904996,0
11.03,5.587978,32.99,62.00806399170998,0
22.9,5.579024,32.99,63.0158710167526,0
12.05,5.563673,32.99,62.78534860936905,0
-30.61,5.55088,32.99,62.489999199871974,0
72.37,5.535529,32.99,63.92182725798755,0
-18.76,5.526575,32.97,65.26867548832288,0
-21.06,5.540646,32.97,62.72160712226688,0
31.58,5.544484,32.97,61.497967446087195,0
46.81,5.536808,32.97,67.21606950722423,0
-25.04,5.548322,32.99,62.56996084384263,0
8.72,5.51762,32.99,60.149812967290266,0
21.77,5.511223,32.99,63.8200595424354,0
18.88,5.51634,32.99,61.886993787063204,0
-53.05,5.51762,32.99,62.80923498976882,0
99.27,5.529133,32.99,63.221831672294975,0
156.29,5.495872,32.99,61.424750711744856,0
-81.61,5.481801,32.99,63.76519426771944,0
-103.06,5.485639,32.97,61.814237842102365,0
31.33,5.498431,32.97,63.84355879804947,0
-81.19,5.522737,32.97,65.68865959965997,0
131.43,5.673688,32.97,65.00769185258002,0
66.34,5.745327,32.97,62.40192304729078,0
-203.12,5.747885,32.97,54.954526656136345,0
-29.55,5.625077,32.97,63.03967004989794,0
-107.83,5.635311,32.97,63.25345840347388,0
114.36,5.705669,32.97,62.68173577685928,0
147.73,5.732534,32.97,59.632206063502295,0
-17.43,5.673688,32.97,62.36184731067546,0
-49.0,5.6545,32.97,61.886993787063204,0
-49.71,5.651941,32.99,63.4428877022476,0
3.27,5.646824,32.99,63.14269553954757,0
39.78,5.637869,32.99,62.32976816898969,0
29.07,5.645545,32.99,62.39390995922599,0
-39.76,5.660896,32.99,63.20601237224193,0
9.83,5.645545,32.99,62.88083968904996,0
11.98,5.644266,32.99,63.45076831686122,0
-12.41,5.645545,32.99,62.49799996799898,0
-10.4,5.646824,32.95,62.20128616033595,0
16.3,5.628914,32.95,62.39390995922599,0
-4.34,5.623797,32.95,62.67375846396959,0
-8.45,5.61996,32.95,63.15853069855251,0
28.82,5.613564,32.95,63.15853069855251,0
21.78,5.607167,32.95,62.88083968904996,0
-3.28,5.607167,32.95,62.39390995922599,0
-15.33,5.596933,32.95,62.39390995922599,0
11.35,5.582861,32.99,62.88083968904996,0
0.37,5.575186,32.99,63.15853069855251,0
-6.05,5.572628,32.99,62.67375846396959,0
12.97,5.576465,32.99,63.15853069855251,0
0.27,5.562394,32.97,62.67375846396959,0
-18.16,5.559835,32.97,62.67375846396959,0
13.73,5.543205,32.97,62.67375846396959,0
17.98,5.544484,32.97,62.67375846396959,0
1.5,5.539367,32.97,62.67375846396959,0
-15.63,5.540646,32.97,62.67375846396959,0
-16.31,5.53425,32.97,63.15853069855251,0
6.42,5.526575,32.97,63.15853069855251,0
3.55,5.51762,32.97,63.15853069855251,0
-8.71,5.526575,32.97,62.67375846396959,0
-27.28,5.493314,32.97,62.67375846396959,0
16.76,5.503548,32.97,62.67375846396959,0
14.38,5.508665,32.95,62.67375846396959,0
-5.39,5.503548,32.95,62.67375846396959,0
-15.89,5.507386,32.95,62.67375846396959,0
13.48,5.497152,32.95,62.67375846396959,0
5.54,5.49971,32.95,62.67375846396959,0
-16.85,5.497152,32.95,62.67375846396959,0
9.74,5.49971,32.95,62.67375846396959,0
11.54,5.486917,32.95,62.67375846396959,0
-3.5,5.497152,32.95,62.67375846396959,0
-20.5,5.490756,32.95,62.39390995922599,0
21.48,5.488197,32.95,62.67375846396959,0
12.7,5.490756,32.95,62.67375846396959,0
-5.42,5.485639,32.95,62.67375846396959,0
-29.0,5.495872,32.95,62.67375846396959,0
11.99,5.481801,32.95,62.67375846396959,0
7.83,5.485639,32.95,62.67375846396959,0
-8.32,5.484359,32.95,62.67375846396959,0
-7.83,5.480521,32.95,62.67375846396959,0
7.77,5.471567,32.95,62.67375846396959,0
1.57,5.477963,32.95,62.67375846396959,0
-19.61,5.474125,32.95,62.67375846396959,0
16.21,5.474125,32.95,62.67375846396959,0
5.85,5.471567,32.95,62.67375846396959,0
-15.83,5.463891,32.95,62.67375846396959,0
12.96,5.467729,32.95,62.67375846396959,0
10.31,5.458774,32.95,63.50590523722971,0
-8.64,5.463891,32.95,62.67375846396959,0
-6.82,5.462612,32.95,62.39390995922599,0
6.55,5.462612,32.97,62.67375846396959,0
2.11,5.452378,32.97,62.67375846396959,0
-18.15,5.458774,32.97,63.15853069855251,0
14.93,5.456215,32.97,62.67375846396959,0
11.84,5.454937,32.95,62.67375846396959,0
-3.83,5.452378,32.95,62.67375846396959,0
-22.98,5.444702,32.95,62.67375846396959,0
11.66,5.445982,32.95,62.39390995922599,0
11.0,5.440865,32.95,62.39390995922599,0
-8.92,5.44982,32.95,62.67375846396959,0
9.4,5.442144,32.95,62.67375846396959,0
9.16,5.442144,32.95,62.67375846396959,0
-6.64,5.429351,32.95,62.67375846396959,0
-20.08,5.430631,32.95,62.67375846396959,0
10.45,5.43191,32.95,62.67375846396959,0
4.14,5.429351,32.95,62.67375846396959,0
-15.48,5.430631,32.95,62.67375846396959,0
5.85,5.424234,32.95,62.67375846396959,0
11.62,5.428072,32.95,62.67375846396959,0
2.31,5.421676,32.95,62.67375846396959,0
-14.89,5.424234,32.99,62.67375846396959,0
7.54,5.422955,32.99,62.39390995922599,0
10.32,5.422955,32.99,62.67375846396959,0
1.79,5.406325,32.99,62.67375846396959,0
-11.76,5.416559,32.95,63.229739838148944,0
15.96,5.412721,32.95,62.67375846396959,0
10.64,5.412721,32.95,62.67375846396959,0
-7.05,5.408883,32.95,62.67375846396959,0
-13.11,5.408883,32.95,63.50590523722971,0
8.89,5.407604,32.95,62.67375846396959,0
-1.46,5.407604,32.95,62.67375846396959,0
-23.03,5.407604,32.95,62.67375846396959,0
13.91,5.399929,32.95,62.67375846396959,0
9.88,5.410162,32.95,62.67375846396959,0
-11.51,5.394812,32.95,62.67375846396959,0
2.84,5.403766,32.95,62.67375846396959,0
9.07,5.393532,32.95,62.67375846396959,0
-3.85,5.403766,32.95,62.67375846396959,0
-25.75,5.399929,32.95,62.67375846396959,0
16.46,5.392253,32.95,62.67375846396959,0
13.37,5.393532,32.99,63.229739838148944,0
-7.57,5.394812,32.99,63.229739838148944,0
11.96,5.393532,32.99,62.39390995922599,0
10.79,5.385857,32.99,63.229739838148944,0
-5.95,5.388415,32.97,63.229739838148944,0
0.04,5.374343,32.97,62.76145313805282,0
7.06,5.392253,32.97,63.229739838148944,0
-6.35,5.375623,32.97,63.229739838148944,0
-17.62,5.37946,32.99,63.229739838148944,0
8.49,5.367947,32.99,63.229739838148944,0
1.26,5.350038,32.99,63.229739838148944,0
-26.25,5.367947,32.99,63.229739838148944,0
11.55,5.365389,32.97,62.20128616033595,0
8.75,5.375623,32.97,62.67375846396959,0
-6.03,5.369226,32.97,61.91930232165088,0
-24.35,5.370506,32.97,63.229739838148944,0
16.01,5.355155,32.99,63.229739838148944,0
11.94,5.366668,32.99,62.76145313805282,0
-11.63,5.357713,32.99,63.229739838148944,0
17.06,5.369226,32.99,62.76145313805282,0
11.8,5.360272,32.99,63.229739838148944,0
-9.0,5.369226,32.99,62.76145313805282,0
-13.8,5.36411,32.99,62.76145313805282,0
9.41,5.365389,32.99,63.229739838148944,0
0.67,5.369226,32.97,63.229739838148944,0
-20.77,5.36283,32.97,63.229739838148944,0
18.51,5.360272,32.97,63.229739838148944,0
9.45,5.352596,32.97,62.39390995922599,0
-10.79,5.357713,32.99,63.229739838148944,0
-21.72,5.353876,32.99,62.76145313805282,0
11.61,5.356434,32.99,62.76145313805282,0
5.56,5.348759,32.99,63.229739838148944,0
-13.45,5.351317,33.0,62.76145313805282,0
16.68,5.343641,33.0,63.229739838148944,0
8.02,5.348759,33.0,62.76145313805282,0
-13.4,5.347479,33.0,63.229739838148944,0
13.06,5.3462,33.0,63.229739838148944,0
7.98,5.333407,33.0,63.229739838148944,0
-12.74,5.335966,33.0,62.76145313805282,0
5.09,5.341083,33.0,62.76145313805282,0
8.88,5.338524,32.99,62.39390995922599,0
-8.12,5.335966,32.99,63.229739838148944,0
-2.39,5.337245,32.99,63.229739838148944,0
8.98,5.334687,32.99,63.229739838148944,0
-7.06,5.333407,32.99,63.229739838148944,0
-11.16,5.339804,32.99,62.39390995922599,0
8.04,5.334687,32.99,62.76145313805282,0
-1.85,5.320615,32.99,63.229739838148944,0
-6.5,5.323174,33.0,63.229739838148944,0
10.01,5.324453,33.0,62.49799996799898,0
-1.73,5.323174,33.0,62.39390995922599,0
3.35,5.323174,33.0,63.229739838148944,0
3.44,5.318057,33.0,63.229739838148944,0
-14.4,5.325732,33.0,62.39390995922599,0
24.78,5.314219,33.0,62.39390995922599,0
-10.23,5.314219,33.0,62.49799996799898,0
-16.7,5.310381,33.0,62.96824596572466,0
14.42,5.321894,33.0,62.96824596572466,0
26.25,5.324453,33.0,62.76145313805282,0
1.51,5.332128,33.0,62.76145313805282,0
-16.03,5.330849,33.03,63.229739838148944,0
-1.13,5.338524,33.03,63.229739838148944,0
-6.06,5.341083,33.03,63.229739838148944,0
-16.36,5.339804,33.03,62.49799996799898,0
12.52,5.338524,33.0,62.49799996799898,0
5.93,5.337245,33.0,62.96824596572466,0
-10.21,5.334687,33.0,62.76145313805282,0
16.39,5.334687,33.0,62.76145313805282,0
-2.53,5.333407,33.05,63.50590523722971,0
-33.87,5.32957,33.05,62.76145313805282,0
11.07,5.327011,33.05,63.50590523722971,0
8.03,5.31294,33.05,62.20128616033595,0
-7.41,5.324453,33.03,62.76145313805282,0
-9.43,5.310381,33.03,63.03967004989794,0
12.0,5.316777,33.03,62.96824596572466,0
5.79,5.301426,33.03,62.76145313805282,0
-8.92,5.302705,33.05,62.49799996799898,0
19.22,5.297588,33.05,63.229739838148944,0
7.35,5.298868,33.05,62.76145313805282,0
-13.83,5.29503,33.05,63.229739838148944,0
-5.87,5.300147,33.05,63.229739838148944,0
-0.89,5.303985,33.05,63.229739838148944,0
-8.37,5.286075,33.05,62.76145313805282,0
4.28,5.292471,33.05,63.229739838148944,0
5.9,5.287354,33.03,63.229739838148944,0
-1.54,5.288634,33.03,63.229739838148944,0
1.38,5.287354,33.03,62.76145313805282,0
4.52,5.287354,33.03,63.229739838148944,0
-8.12,5.280958,33.05,63.229739838148944,0
-8.98,5.283517,33.05,63.229739838148944,0
5.33,5.250256,33.05,63.229739838148944,0
-2.36,5.277121,33.05,63.229739838148944,0
0.42,5.268166,33.05,63.229739838148944,0
8.66,5.272004,33.05,63.229739838148944,0
-3.3,5.269445,33.05,63.229739838148944,0
11.22,5.272004,33.05,62.76145313805282,0
8.2,5.272004,33.07,63.229739838148944,0
-13.21,5.280958,33.07,62.39390995922599,0
17.54,5.274562,33.07,63.229739838148944,0
8.82,5.273283,33.07,62.96824596572466,0
-13.43,5.270724,33.09,62.39390995922599,0
12.41,5.270724,33.09,63.812224534175265,0
4.95,5.268166,33.09,62.76145313805282,0
-13.58,5.266886,33.09,62.49799996799898,0
0.35,5.259211,33.09,63.34824385884742,0
16.42,5.270724,33.09,62.49799996799898,0
-0.95,5.274562,33.09,62.89674077406555,0
-20.22,5.282238,33.09,62.64982043070834,0
9.61,5.287354,33.07,62.0403094769844,0
-0.11,5.284796,33.07,62.89674077406555,0
-32.37,5.286075,33.07,63.34824385884742,0
9.63,5.278399,33.07,63.608175575157006,0
-1.71,5.279679,33.11,62.39390995922599,0
3.27,5.268166,33.11,62.96824596572466,0
-1.21,5.275841,33.11,63.229739838148944,0
-17.18,5.259211,33.11,63.229739838148944,0
-0.85,5.270724,33.13,63.229739838148944,0
8.09,5.278399,33.13,63.229739838148944,0
-14.86,5.280958,33.13,63.03967004989794,0
23.42,5.289913,33.13,63.229739838148944,0
10.66,5.301426,33.11,63.229739838148944,0
-16.04,5.309102,33.11,62.76145313805282,0
8.02,5.314219,33.11,63.229739838148944,0
7.39,5.315498,33.11,62.39390995922599,0
-5.75,5.316777,33.13,62.76145313805282,0
-2.33,5.314219,33.13,63.229739838148944,0
4.89,5.297588,33.13,63.229739838148944,0
-7.57,5.305264,33.13,62.76145313805282,0
-3.72,5.293751,33.11,62.76145313805282,0
8.17,5.302705,33.11,62.76145313805282,0
-9.62,5.291192,33.11,62.76145313805282,0
-3.27,5.289913,33.11,63.229739838148944,0
7.28,5.287354,33.15,63.229739838148944,0
-2.39,5.300147,33.15,62.76145313805282,0
0.91,5.29503,33.15,63.229739838148944,0
3.3,5.305264,33.15,63.229739838148944,0
2.22,5.298868,33.13,63.229739838148944,0
-10.33,5.289913,33.13,63.229739838148944,0
0.98,5.291192,33.13,63.229739838148944,0
-7.2,5.287354,33.13,62.39390995922599,0
-3.03,5.284796,33.16,62.39390995922599,0
1.84,5.277121,33.16,63.229739838148944,0
-10.2,5.282238,33.16,63.229739838148944,0
6.17,5.274562,33.16,63.229739838148944,0
5.01,5.274562,33.15,63.229739838148944,0
-15.56,5.277121,33.15,63.229739838148944,0
18.56,5.274562,33.15,63.229739838148944,0
7.54,5.268166,33.15,63.229739838148944,0
-22.64,5.264328,33.16,62.39390995922599,0
14.16,5.275841,33.16,62.67375846396959,0
4.42,5.273283,33.16,63.50590523722971,0
-21.73,5.270724,33.16,62.67375846396959,0
6.49,5.270724,33.15,62.20128616033595,0
-0.66,5.268166,33.15,63.229739838148944,0
-14.37,5.266886,33.15,63.50590523722971,0
10.91,5.264328,33.15,63.229739838148944,0
-1.12,5.264328,33.15,63.229739838148944,0
-17.21,5.26049,33.15,62.39390995922599,0
11.26,5.252815,33.15,62.39390995922599,0
-2.23,5.248977,33.15,63.229739838148944,0
-16.72,5.248977,33.15,63.229739838148944,0
8.97,5.250256,33.15,63.229739838148944,0
-2.46,5.24258,33.15,62.39390995922599,0
-25.53,5.247698,33.15,62.67375846396959,0
12.32,5.24258,33.16,62.76145313805282,0
5.04,5.251535,33.16,62.39390995922599,0
-21.59,5.238743,33.16,63.50590523722971,0
17.59,5.241302,33.16,62.20128616033595,0
15.9,5.22595,33.15,63.229739838148944,0
-8.3,5.237463,33.15,62.76145313805282,0
-26.05,5.204203,33.15,62.76145313805282,0
15.97,5.228509,33.15,63.229739838148944,0
11.32,5.224671,33.15,63.229739838148944,0
-14.68,5.22595,33.15,63.229739838148944,0
8.2,5.22723,33.15,63.229739838148944,0
9.67,5.224671,33.15,62.39390995922599,0
-8.72,5.229788,33.15,63.229739838148944,0
-24.93,5.229788,33.15,62.39390995922599,0
10.46,5.234905,33.15,62.39390995922599,0
5.18,5.228509,33.15,63.229739838148944,0
-16.02,5.234905,33.16,62.39390995922599,0
7.51,5.224671,33.16,63.229739838148944,0
10.65,5.237463,33.16,63.229739838148944,0
-0.84,5.22723,33.16,63.229739838148944,0
-19.13,5.237463,33.16,63.229739838148944,0
19.27,5.24386,33.16,63.229739838148944,0
9.01,5.231067,33.16,63.229739838148944,0
-18.1,5.232347,33.16,63.229739838148944,0
11.51,5.232347,33.15,63.229739838148944,0
9.03,5.232347,33.15,62.76145313805282,0
-10.69,5.228509,33.15,63.229739838148944,0
8.97,5.22595,33.15,63.229739838148944,0
9.34,5.213158,33.18,62.76145313805282,0
-6.44,5.223392,33.18,63.229739838148944,0
12.76,5.218275,33.18,62.76145313805282,0
5.56,5.231067,33.18,63.50590523722971,0
-13.75,5.223392,33.16,63.229739838148944,0
0.28,5.236185,33.16,63.229739838148944,0
12.03,5.22723,33.16,62.39390995922599,0
-2.27,5.233626,33.16,62.39390995922599,0
10.22,5.232347,33.18,63.229739838148944,0
8.97,5.241302,33.18,63.229739838148944,0
-8.97,5.233626,33.18,63.229739838148944,0
18.24,5.228509,33.18,63.229739838148944,0
7.78,5.222113,33.16,63.229739838148944,0
-22.71,5.228509,33.16,63.229739838148944,0
13.98,5.229788,33.16,62.39390995922599,0
6.63,5.228509,33.16,63.229739838148944,0
-11.18,5.224671,33.21,62.76145313805282,0
18.76,5.22595,33.21,62.67375846396959,0
13.41,5.223392,33.21,63.229739838148944,0
-10.59,5.219554,33.21,62.76145313805282,0
-12.6,5.214437,33.16,63.229739838148944,0
13.67,5.214437,33.16,63.229739838148944,0
2.44,5.206761,33.16,63.229739838148944,0
-24.02,5.206761,33.16,63.03967004989794,0
18.62,5.205482,33.21,63.229739838148944,0
10.52,5.196527,33.21,62.297672508690084,0
-15.12,5.202924,33.21,63.20601237224193,0
-8.18,5.206761,33.21,62.64982043070834,0
7.85,5.238743,33.21,66.73829485385434,0
-21.97,5.164546,33.21,65.49045732013177,0
5.98,5.064764,33.21,61.84658438426491,0
83.87,5.005919,33.21,62.90468980926621,0
-56.46,4.999523,33.21,63.00793600809346,0
-51.15,4.963704,33.21,62.40192304729078,0
34.04,4.961145,33.21,62.95236294214857,0
-30.82,4.955381,33.21,63.324560795950255,0
-2.87,4.93875,33.23,62.95236294214857,0
-1.46,4.920841,33.23,62.95236294214857,0
-1.11,4.925958,33.23,62.95236294214857,0
-6.83,4.923399,33.23,62.20932405998316,0
-23.91,4.924679,33.21,62.20932405998316,0
29.17,4.925958,33.21,62.95236294214857,0
13.18,4.915724,33.21,62.95236294214857,0
-13.92,4.915724,33.21,62.95236294214857,0
29.8,4.909328,33.25,62.20932405998316,0
14.23,4.914444,33.25,62.40192304729078,0
-14.95,4.910607,33.25,62.95236294214857,0
13.26,4.908048,33.25,62.95236294214857,0
13.61,4.899094,33.25,62.40192304729078,0
-6.82,4.899094,33.25,62.95236294214857,0
3.47,4.88758,33.25,62.95236294214857,0
5.22,4.88758,33.25,62.95236294214857,0
-9.29,4.885022,33.25,62.40192304729078,0
-12.03,4.88758,33.25,62.40192304729078,0
4.72,4.873508,33.25,62.40192304729078,0
1.3,4.865833,33.25,62.40192304729078,0
-22.29,4.868392,33.25,62.95236294214857,0
11.2,4.87223,33.25,62.95236294214857,0
6.83,4.836411,33.25,62.40192304729078,0
-10.24,4.849203,33.25,62.95236294214857,0
-6.25,4.844086,33.27,62.95236294214857,0
8.13,4.842806,33.27,62.95236294214857,0
2.95,4.840248,33.27,62.95236294214857,0
-13.14,4.838969,33.27,62.95236294214857,0
15.09,4.844086,33.31,62.40192304729078,0
11.57,4.841527,33.31,62.40192304729078,0
-6.36,4.835131,33.31,62.40192304729078,0
-7.67,4.840248,33.31,62.95236294214857,0
7.24,4.845365,33.31,62.77738446287803,0
-0.87,4.845365,33.31,62.40192304729078,0
-18.52,4.846644,33.31,62.40192304729078,0
11.8,4.842806,33.31,62.40192304729078,0
3.87,4.838969,33.34,62.95236294214857,0
-19.87,4.841527,33.34,62.20932405998316,0
14.02,4.833852,33.34,62.40192304729078,0
6.51,4.827456,33.34,62.40192304729078,0
-13.76,4.817222,33.37,62.40192304729078,0
-0.38,4.810825,33.37,62.40192304729078,0
10.41,4.809546,33.37,62.95236294214857,0
0.84,4.808267,33.37,62.40192304729078,0
-17.38,4.800591,33.34,62.40192304729078,0
15.59,4.808267,33.34,62.40192304729078,0
12.51,4.798033,33.34,62.40192304729078,0
-5.28,4.798033,33.34,62.40192304729078,0
-23.24,4.792916,33.37,62.40192304729078,0
11.08,4.80187,33.37,62.95236294214857,0
8.03,4.783961,33.37,62.95236294214857,0
-8.53,4.791636,33.37,62.40192304729078,0
-13.38,4.782682,33.41,62.40192304729078,0
8.55,4.790357,33.41,62.40192304729078,0
3.75,4.783961,33.41,62.40192304729078,0
-14.97,4.782682,33.41,63.15853069855251,0
17.36,4.780123,33.41,62.40192304729078,0
11.55,4.778844,33.41,62.40192304729078,0
-6.5,4.778844,33.41,62.40192304729078,0
-27.27,4.777565,33.41,62.40192304729078,0
15.59,4.778844,33.41,62.40192304729078,0
11.65,4.771169,33.41,62.40192304729078,0
-11.31,4.772448,33.41,63.15853069855251,0
-24.03,4.759655,33.41,62.40192304729078,0
12.78,4.769889,33.43,62.40192304729078,0
9.61,4.762214,33.43,62.40192304729078,0
-11.06,4.764772,33.43,62.40192304729078,0
-11.25,4.760934,33.43,62.40192304729078,0
9.85,4.764772,33.47,62.40192304729078,0
3.26,4.76861,33.47,62.40192304729078,0
-12.86,4.766051,33.47,62.40192304729078,0
13.9,4.769889,33.47,61.862751312886175,0
9.79,4.767331,33.45,62.40192304729078,0
-5.79,4.764772,33.45,62.40192304729078,0
-1.41,4.755817,33.45,62.40192304729078,0
5.3,4.759655,33.45,62.77738446287803,0
-3.59,4.754538,33.45,63.52952069707436,0
-19.54,4.7507,33.45,62.40192304729078,0
6.29,4.749421,33.45,62.77738446287803,0
1.04,4.744304,33.45,63.15853069855251,0
-25.08,4.736629,33.45,62.40192304729078,0
9.84,4.739187,33.45,62.40192304729078,0
0.03,4.737908,33.45,63.15853069855251,0
-24.5,4.740467,33.45,63.15853069855251,0
12.68,4.730232,33.47,62.625873247404705,0
7.39,4.73407,33.47,63.15853069855251,0
-17.56,4.728953,33.47,62.625873247404705,0
12.36,4.730232,33.47,62.26556030423239,0
5.02,4.728953,33.47,62.26556030423239,0
-18.01,4.73535,33.47,62.26556030423239,0
8.86,4.728953,33.47,62.26556030423239,0
-2.97,4.725115,33.47,62.26556030423239,0
-18.03,4.721278,33.5,62.26556030423239,0
7.95,4.723836,33.5,62.26556030423239,0
-3.84,4.722557,33.5,62.80127387243033,0
-25.71,4.714881,33.5,62.80127387243033,0
16.31,4.709764,33.5,62.26556030423239,0
7.13,4.711044,33.5,62.26556030423239,0
-16.46,4.712323,33.5,62.625873247404705,0
11.75,4.708485,33.5,62.625873247404705,0
13.8,4.712323,33.5,62.625873247404705,0
-1.19,4.702089,33.5,62.625873247404705,0
-21.36,4.684179,33.5,62.625873247404705,0
15.78,4.700809,33.5,63.15853069855251,0
8.94,4.699531,33.53,62.24146527838174,0
-14.48,4.696972,33.53,62.625873247404705,0
10.03,4.696972,33.53,63.15853069855251,0
9.55,4.688017,33.53,62.625873247404705,0
-1.65,4.684179,33.53,62.625873247404705,0
-23.81,4.691855,33.53,63.15853069855251,0
15.33,4.684179,33.53,63.15853069855251,0
9.89,4.684179,33.53,62.625873247404705,0
-11.02,4.672666,33.53,62.625873247404705,0
-13.47,4.685459,33.53,62.625873247404705,0
6.12,4.6829,33.53,62.26556030423239,0
3.84,4.676504,33.53,62.625873247404705,0
-13.9,4.679062,33.55,62.625873247404705,0
22.36,4.676504,33.55,62.625873247404705,0
8.37,4.668828,33.55,62.26556030423239,0
-13.52,4.675225,33.55,62.625873247404705,0
9.1,4.671387,33.57,62.26556030423239,0
7.43,4.671387,33.57,62.625873247404705,0
-8.38,4.668828,33.57,62.625873247404705,0
1.14,4.663712,33.57,62.625873247404705,0
9.5,4.66627,33.59,62.26556030423239,0
-7.66,4.658594,33.59,62.26556030423239,0
-14.22,4.661153,33.59,62.625873247404705,0
3.34,4.650919,33.59,62.26556030423239,0
-4.75,4.661153,33.59,62.625873247404705,0
-16.3,4.658594,33.59,62.625873247404705,0
9.45,4.654757,33.59,62.625873247404705,0
-1.95,4.654757,33.59,62.625873247404705,0
1.56,4.653477,33.61,62.625873247404705,0
9.56,4.652198,33.61,62.625873247404705,0
-6.88,4.645802,33.61,62.26556030423239,0
13.39,4.647081,33.61,62.26556030423239,0
8.83,4.640685,33.59,62.26556030423239,0
-11.76,4.652198,33.59,62.625873247404705,0
13.77,4.641964,33.59,62.26556030423239,0
13.24,4.643243,33.59,62.625873247404705,0
-9.09,4.627892,33.61,62.625873247404705,0
-3.17,4.643243,33.61,62.625873247404705,0
7.36,4.638126,33.61,62.625873247404705,0
-2.28,4.636847,33.61,62.625873247404705,0
-25.35,4.636847,33.63,62.625873247404705,0
17.12,4.639406,33.63,62.625873247404705,0
10.8,4.636847,33.63,62.625873247404705,0
-7.92,4.63173,33.63,62.625873247404705,0
-13.08,4.635568,33.61,62.625873247404705,0
11.37,4.627892,33.61,62.625873247404705,0
3.42,4.63173,33.61,62.625873247404705,0
-17.78,4.622776,33.61,62.625873247404705,0
18.06,4.630451,33.63,62.625873247404705,0
10.94,4.63173,33.63,62.625873247404705,0
-4.43,4.627892,33.63,62.625873247404705,0
-24.73,4.625334,33.63,62.625873247404705,0
17.63,4.626613,33.63,62.625873247404705,0
12.76,4.630451,33.63,62.625873247404705,0
-11.6,4.618937,33.63,62.625873247404705,0
-20.96,4.622776,33.63,62.625873247404705,0
9.32,4.616379,33.65,62.625873247404705,0
8.55,4.622776,33.65,62.625873247404705,0
-15.89,4.612541,33.65,62.625873247404705,0
17.86,4.616379,33.65,62.88083968904996,0
8.54,4.608704,33.65,62.465990746965666,0
-8.84,4.59847,33.65,62.80923498976882,0
14.18,4.59719,33.65,62.80923498976882,0
5.96,4.590794,33.65,62.465990746965666,0
-13.45,4.585677,33.65,62.01612693485461,0
5.46,4.584398,33.65,62.177166226839255,0
9.33,4.590794,33.65,63.45076831686122,0
-5.66,4.585677,33.65,62.94441992742486,0
2.92,4.588235,33.66,62.94441992742486,0
-6.72,4.576722,33.66,62.465990746965666,0
3.3,4.590794,33.66,62.465990746965666,0
3.48,4.583118,33.66,62.465990746965666,0
7.8,4.590794,33.68,62.465990746965666,0
-8.81,4.583118,33.68,62.465990746965666,0
12.81,4.59719,33.68,62.80923498976882,0
6.36,4.59719,33.68,62.80923498976882,0
-16.5,4.601028,33.66,62.01612693485461,0
19.17,4.601028,33.66,62.01612693485461,0
13.24,4.572885,33.66,62.01612693485461,0
-12.88,4.588235,33.66,62.80923498976882,0
8.87,4.583118,33.68,62.80923498976882,0
16.29,4.593352,33.68,62.465990746965666,0
3.97,4.58056,33.68,62.465990746965666,0
-16.8,4.584398,33.68,62.465990746965666,0
-6.73,4.579281,33.68,62.465990746965666,0
12.83,4.585677,33.68,62.465990746965666,0
3.59,4.575443,33.68,64.07807737440318,0
-13.92,4.575443,33.68,62.465990746965666,0
9.09,4.583118,33.68,62.465990746965666,0
11.84,4.578001,33.68,62.13694553162394,0
2.34,4.579281,33.68,62.13694553162394,0
-17.4,4.574164,33.68,62.465990746965666,0
-11.83,4.579281,33.68,62.94441992742486,0
23.97,4.576722,33.68,62.94441992742486,0
7.37,4.578001,33.68,62.94441992742486,0
-13.98,4.576722,33.68,62.94441992742486,0
14.91,4.578001,33.68,62.63385665915839,0
10.48,4.578001,33.68,62.63385665915839,0
-2.37,4.578001,33.68,62.94441992742486,0
-19.3,4.579281,33.68,62.63385665915839,0
16.29,4.575443,33.68,62.13694553162394,0
8.32,4.58056,33.68,62.63385665915839,0
-10.85,4.572885,33.68,62.94441992742486,0
8.79,4.58056,33.68,62.465990746965666,0
7.77,4.575443,33.73,62.88083968904996,0
-10.69,4.576722,33.73,62.10475022089695,0
5.59,4.570326,33.73,62.48199740725323,0
5.86,4.570326,33.73,62.88083968904996,0
-7.27,4.565209,33.68,62.48199740725323,0
4.67,4.572885,33.68,62.10475022089695,0
9.26,4.567768,33.68,62.10475022089695,0
-5.16,4.566488,33.68,62.88083968904996,0
3.87,4.558813,33.71,62.88083968904996,0
7.5,4.562651,33.71,62.88083968904996,0
-9.02,4.553696,33.71,62.88083968904996,0
17.93,4.560092,33.71,62.88083968904996,0
9.48,4.560092,33.75,62.88083968904996,0
-17.26,4.554975,33.75,62.88083968904996,0
19.04,4.558813,33.75,62.88083968904996,0
6.93,4.558813,33.75,62.88083968904996,0
-17.55,4.557534,33.73,62.88083968904996,0
19.95,4.551137,33.73,62.88083968904996,0
11.1,4.552416,33.73,62.88083968904996,0
-13.07,4.54602,33.73,62.10475022089695,0
-0.43,4.543462,33.73,62.88083968904996,0
9.73,4.543462,33.73,62.88083968904996,0
-3.99,4.549858,33.73,62.88083968904996,0
-18.59,4.543462,33.73,62.88083968904996,0
16.24,4.547299,33.71,62.88083968904996,0
12.23,4.548579,33.71,62.88083968904996,0
-8.75,4.544741,33.71,62.88083968904996,0
-13.2,4.544741,33.71,62.88083968904996,0
10.39,4.543462,33.71,62.88083968904996,0
4.03,4.542182,33.71,62.37788069500277,0
-16.05,4.539624,33.71,62.88083968904996,0
8.06,4.533228,33.71,62.88083968904996,0
13.26,4.538345,33.75,62.88083968904996,0
1.58,4.543462,33.75,62.88083968904996,0
-18.74,4.531949,33.75,62.88083968904996,0
15.43,4.534507,33.75,62.37788069500277,0
12.52,4.531949,33.75,62.37788069500277,0
-1.73,4.542182,33.75,62.37788069500277,0
-18.24,4.530669,33.75,62.37788069500277,0
18.45,4.534507,33.75,62.88083968904996,0
14.25,4.531949,33.75,62.88083968904996,0
-4.43,4.537066,33.75,62.88083968904996,0
-25.46,4.514039,33.75,62.88083968904996,0
14.8,4.52939,33.75,62.37788069500277,0
12.39,4.525552,33.73,62.37788069500277,0
-8.02,4.531949,33.73,62.37788069500277,0
-25.26,4.526832,33.73,62.37788069500277,0
11.49,4.524273,33.73,62.88083968904996,0
8.78,4.522994,33.77,62.37788069500277,0
-12.2,4.522994,33.77,62.88083968904996,0
-9.3,4.522994,33.77,62.37788069500277,0
6.55,4.516597,33.77,62.37788069500277,0
1.41,4.519156,33.75,62.88083968904996,0
-15.82,4.507643,33.75,62.88083968904996,0
18.63,4.497409,33.75,62.88083968904996,0
12.11,4.503805,33.75,62.37788069500277,0
-10.21,4.510201,33.75,62.37788069500277,0
2.54,4.507643,33.75,62.37788069500277,0
10.34,4.51276,33.75,62.37788069500277,0
-3.04,4.510201,33.75,62.37788069500277,0
-25.32,4.510201,33.75,62.37788069500277,0
12.55,4.510201,33.75,62.37788069500277,0
4.8,4.507643,33.75,62.37788069500277,0
-20.0,4.506363,33.75,62.75348595894893,0
17.74,4.498688,33.75,62.75348595894893,0
17.01,4.508922,33.75,62.88083968904996,0
-2.18,4.49613,33.75,62.37788069500277,0
-28.14,4.501246,33.75,62.88083968904996,0
17.45,4.49485,33.79,62.88083968904996,0
12.68,4.505084,33.79,61.97580172938467,0
-9.01,4.492292,33.79,62.37788069500277,0
-4.12,4.497409,33.79,62.88083968904996,0
11.51,4.491013,33.79,62.37788069500277,0
0.01,4.497409,33.79,62.88083968904996,0
-22.9,4.493571,33.79,62.88083968904996,0
14.64,4.489733,33.79,63.25345840347388,0
7.2,4.491013,33.79,62.75348595894893,0
-14.73,4.485896,33.79,62.37788069500277,0
2.53,4.488454,33.79,62.37788069500277,0
9.1,4.482058,33.79,62.88083968904996,0
-3.19,4.487175,33.79,62.88083968904996,0
-20.48,4.483337,33.79,62.37788069500277,0
15.09,4.491013,33.79,62.37788069500277,0
14.34,4.488454,33.79,63.166446789415026,0
-7.46,4.484616,33.81,61.66846844214635,0
-18.62,4.489733,33.81,62.24146527838174,0
9.67,4.560092,33.81,61.04096984812741,0
-5.61,4.584398,33.81,66.37017402418047,0
-0.93,4.561371,33.79,62.52199612936234,0
-40.79,4.557534,33.79,63.06346010171025,0
58.17,4.560092,33.79,63.37191807101944,0
7.12,4.589515,33.79,63.00793600809346,0
-51.87,4.613821,33.81,62.369864518050704,0
36.64,4.645802,33.81,62.369864518050704,0
-15.21,4.658594,33.81,62.69768735766894,0
-20.27,4.671387,33.81,63.31666447310692,0
2.55,4.672666,33.81,63.31666447310692,0
-1.33,4.696972,33.81,63.31666447310692,0
-17.58,4.703368,33.81,63.31666447310692,0
14.01,4.709764,33.81,62.369864518050704,0
0.56,4.716161,33.83,63.00793600809346,0
-15.94,4.730232,33.83,63.31666447310692,0
17.23,4.731512,33.83,63.31666447310692,0
4.48,4.737908,33.83,63.31666447310692,0
-16.02,4.740467,33.81,63.31666447310692,0
8.7,4.740467,33.81,63.31666447310692,0
1.26,4.744304,33.81,63.31666447310692,0
-18.32,4.745584,33.81,63.31666447310692,0
15.34,4.740467,33.81,63.31666447310692,0
3.84,4.748142,33.81,63.31666447310692,0
-13.65,4.748142,33.81,63.00793600809346,0
11.61,4.745584,33.81,63.00793600809346,0
8.87,4.75198,33.81,63.31666447310692,0
-8.71,4.748142,33.81,63.31666447310692,0
9.22,4.759655,33.81,63.00793600809346,0
1.37,4.75198,33.81,63.00793600809346,0
-9.76,4.758376,33.81,62.369864518050704,0
9.02,4.754538,33.81,63.31666447310692,0
6.34,4.766051,33.81,63.31666447310692,0
-7.3,4.758376,33.81,63.31666447310692,0
0.95,4.763493,33.81,63.31666447310692,0
8.03,4.763493,33.81,63.31666447310692,0
0.52,4.764772,33.81,63.31666447310692,0
-14.55,4.767331,33.81,63.31666447310692,0
11.25,4.763493,33.79,63.31666447310692,0
4.35,4.767331,33.79,63.31666447310692,0
-8.22,4.764772,33.79,62.369864518050704,0
14.93,4.769889,33.79,63.31666447310692,0
5.24,4.764772,33.79,62.369864518050704,0
-8.61,4.777565,33.79,63.00793600809346,0
0.88,4.76861,33.79,63.31666447310692,0
5.48,4.775006,33.79,63.00793600809346,0
-3.21,4.773727,33.77,62.369864518050704,0
-16.18,4.80187,33.77,63.31666447310692,0
12.56,4.769889,33.77,63.31666447310692,0
1.06,4.791636,33.77,63.00793600809346,0
-9.02,4.792916,33.77,63.00793600809346,0
1.38,4.792916,33.77,63.31666447310692,0
4.49,4.796753,33.77,62.369864518050704,0
-2.76,4.790357,33.77,63.00793600809346,0
-9.13,4.795474,33.75,63.31666447310692,0
5.16,4.78524,33.75,63.31666447310692,0
-2.55,4.80187,33.75,63.31666447310692,0
-17.98,4.794195,33.75,63.31666447310692,0
10.07,4.800591,33.75,63.00793600809346,0
2.57,4.794195,33.75,62.369864518050704,0
-10.91,4.805708,33.75,63.03967004989794,0
16.07,4.812105,33.75,62.52199612936234,0
7.26,4.817222,33.75,63.39558344238185,0
-10.05,4.81978,33.75,62.313722405261586,0
-9.29,4.823618,33.75,63.56886030125127,0
0.67,4.858158,33.75,63.079315151640635,0
2.86,4.883743,33.75,63.26136261573884,0
4.78,4.899094,33.75,63.45864795282043,0
2.34,4.87223,33.75,62.68173577685928,0
-16.65,4.882463,33.75,62.25752966509352,0
-19.86,4.879905,33.75,63.94528911499267,0
5.96,4.893977,33.75,62.52199612936234,0
12.05,4.885022,33.75,62.80127387243033,0
-3.63,4.890139,33.75,62.8410693734599,0
1.11,4.885022,33.75,63.76519426771944,0
1.78,4.893977,33.75,62.8410693734599,0
3.11,4.891418,33.75,62.5939294181153,0
-7.52,4.883743,33.75,62.465990746965666,0
-10.16,4.892697,33.75,62.465990746965666,0
16.91,4.892697,33.75,63.39558344238185,0
4.01,4.892697,33.75,62.465990746965666,0
-16.03,4.886301,33.75,62.465990746965666,0
10.14,4.892697,33.73,63.39558344238185,0
-5.92,4.88758,33.73,63.39558344238185,0
-1.45,4.899094,33.73,63.39558344238185,0
2.69,4.897814,33.73,63.39558344238185,0
-4.44,4.896535,33.73,63.03967004989794,0
13.42,4.895256,33.73,63.39558344238185,0
2.43,4.88886,33.73,63.03967004989794,0
-11.23,4.896535,33.73,63.03967004989794,0
16.16,4.897814,33.75,63.39558344238185,0
0.67,4.897814,33.75,63.03967004989794,0
-15.91,4.899094,33.75,63.03967004989794,0
16.85,4.899094,33.75,63.39558344238185,0
3.78,4.893977,33.75,63.03967004989794,0
-18.32,4.90549,33.75,63.35613624582863,0
12.55,4.904211,33.75,63.39558344238185,0
1.15,4.90549,33.75,63.39558344238185,0
-17.5,4.90549,33.77,63.03967004989794,0
14.2,4.904211,33.77,63.03967004989794,0
1.85,4.908048,33.77,62.10475022089695,0
-16.26,4.908048,33.77,63.35613624582863,0
14.29,4.908048,33.77,63.39558344238185,0
1.46,4.909328,33.77,63.39558344238185,0
-15.94,4.910607,33.77,63.03967004989794,0
12.0,4.909328,33.77,63.03967004989794,0
-3.08,4.911886,33.79,63.03967004989794,0
-13.54,4.908048,33.79,63.0,0
6.88,4.910607,33.79,63.39558344238185,0
-3.39,4.908048,33.79,63.39558344238185,0
-2.01,4.909328,33.79,63.39558344238185,0
6.66,4.914444,33.79,63.03967004989794,0
-7.89,4.913166,33.79,63.03967004989794,0
8.24,4.909328,33.79,63.03967004989794,0
4.56,4.911886,33.79,63.39558344238185,0
-8.2,4.918283,33.79,63.03967004989794,0
10.17,4.915724,33.79,63.03967004989794,0
4.86,4.913166,33.79,63.03967004989794,0
-9.09,4.915724,33.79,63.03967004989794,0
14.11,4.915724,33.79,63.03967004989794,0
5.49,4.910607,33.79,63.03967004989794,0
-9.86,4.906769,33.79,63.03967004989794,0
5.49,4.915724,33.83,63.03967004989794,0
8.96,4.914444,33.83,63.03967004989794,0
-3.19,4.915724,33.83,63.03967004989794,0
-19.04,4.917003,33.83,63.03967004989794,0
15.28,4.910607,33.81,63.03967004989794,0
7.09,4.917003,33.81,63.03967004989794,0
-5.68,4.883743,33.81,63.03967004989794,0
-13.95,4.911886,33.81,63.03967004989794,0
15.12,4.90549,33.81,63.03967004989794,0
10.26,4.915724,33.81,63.03967004989794,0
-2.83,4.902931,33.81,63.03967004989794,0
-12.47,4.913166,33.81,63.03967004989794,0
14.98,4.913166,33.83,63.03967004989794,0
7.45,4.919562,33.83,63.03967004989794,0
-1.57,4.917003,33.83,63.03967004989794,0
-12.87,4.919562,33.83,63.03967004989794,0
7.15,4.92212,33.84,63.03967004989794,0
7.86,4.92212,33.84,63.03967004989794,0
0.77,4.925958,33.84,63.03967004989794,0
-9.88,4.920841,33.84,63.03967004989794,0
-0.2,4.924679,33.87,63.03967004989794,0
6.36,4.918283,33.87,63.03967004989794,0
1.91,4.925958,33.87,63.45076831686122,0
-9.03,4.920841,33.87,62.75348595894893,0
1.27,4.924679,33.87,63.76519426771944,0
7.13,4.920841,33.87,64.319514923544,0
-2.05,4.925958,33.87,61.814237842102365,0
-13.53,4.924679,33.87,62.69768735766894,0
15.75,4.928516,33.89,63.03967004989794,0
3.79,4.929796,33.89,62.69768735766894,0
-14.24,4.931075,33.89,62.69768735766894,0
6.62,4.931075,33.89,63.03967004989794,0
7.14,4.919562,33.89,62.69768735766894,0
-3.09,4.932354,33.89,62.75348595894893,0
-0.22,4.932354,33.89,63.694583757176716,0
6.01,4.93875,33.89,62.75348595894893,0
-5.5,4.941309,33.89,62.75348595894893,0
6.66,4.943867,33.89,62.75348595894893,0
4.08,4.942588,33.89,62.69768735766894,0
-8.32,4.948985,33.89,62.75348595894893,0
16.39,4.952822,33.91,62.75348595894893,0
2.79,4.961777,33.91,62.75348595894893,0
-12.1,4.960498,33.91,62.75348595894893,0
11.75,4.960498,33.91,62.75348595894893,0
7.81,4.965615,33.91,62.69768735766894,0
-11.79,4.979686,33.91,62.69768735766894,0
11.97,4.969452,33.91,62.69768735766894,0
6.83,4.980966,33.91,62.69768735766894,0
-7.6,4.980966,33.91,62.69768735766894,0
-19.61,4.974569,33.91,62.69768735766894,0
11.71,4.978407,33.91,62.69768735766894,0
4.85,4.983524,33.91,62.75348595894893,0
-7.86,4.979686,33.91,62.69768735766894,0
0.13,4.975849,33.91,62.69768735766894,0
8.68,4.975849,33.91,62.69768735766894,0
-0.19,4.979686,33.91,63.0,0
-10.43,4.983524,33.95,62.976185975335156,0
12.34,4.978407,33.95,62.976185975335156,0
6.82,4.986083,33.95,62.65780079128216,0
-4.16,4.975849,33.95,63.60031446463138,0
-9.34,4.978407,33.93,63.0,0
9.14,4.968173,33.93,63.03967004989794,0
9.1,4.97329,33.93,62.69768735766894,0
-6.55,4.960498,33.93,63.03967004989794,0
-11.09,4.972011,33.93,63.63961030678928,0
16.12,4.964335,33.93,62.75348595894893,0
4.37,4.975849,33.93,62.69768735766894,0
-8.75,4.974569,33.93,63.63961030678928,0
1.87,4.977128,33.93,62.69768735766894,0
8.43,4.986083,33.93,63.0,0
-1.65,4.983524,33.93,63.0,0
-17.2,4.983524,33.93,63.0,0
12.29,4.978407,33.93,62.976185975335156,0
3.86,4.986083,33.93,63.0,0
-9.97,4.977128,33.93,62.976185975335156,0
-2.17,4.980966,33.93,63.0,0
8.25,4.968173,33.95,63.0,0
0.67,4.983524,33.95,63.0,0
-11.2,4.972011,33.95,63.0,0
12.43,4.977128,33.95,63.0,0
6.32,4.966894,33.93,63.0,0
-7.86,4.978407,33.93,63.0,0
-2.05,4.974569,33.93,63.0,0
6.42,4.972011,33.93,62.63385665915839,0
-0.1,4.972011,33.95,62.63385665915839,0
-11.62,4.974569,33.95,62.976185975335156,0
11.21,4.945147,33.95,62.976185975335156,0
5.42,4.950264,33.95,62.976185975335156,0
-2.2,4.965615,33.97,62.976185975335156,0
-16.26,4.960498,33.97,62.976185975335156,0
10.07,4.966894,33.97,62.976185975335156,0
4.46,4.960498,33.97,62.0403094769844,0
-7.93,4.965615,33.97,62.976185975335156,0
-5.76,4.95666,33.97,63.0,0
4.65,4.969452,33.97,63.0,0
0.11,4.977128,33.97,62.976185975335156,0
-13.26,4.974569,33.99,62.976185975335156,0
10.77,4.979686,33.99,62.976185975335156,0
3.02,4.969452,33.99,62.976185975335156,0
-12.39,4.977128,33.99,62.976185975335156,0
12.11,4.969452,34.0,62.976185975335156,0
6.61,4.974569,34.0,62.976185975335156,0
-7.44,4.970732,34.0,62.976185975335156,0
2.05,4.974569,34.0,62.976185975335156,0
5.31,4.968173,33.99,62.976185975335156,0
-2.34,4.979686,33.99,62.976185975335156,0
-15.82,4.980966,33.99,63.0,0
9.61,4.978407,33.99,62.976185975335156,0
4.01,4.978407,34.0,63.0,0
-10.25,4.974569,34.0,63.0,0
16.09,4.978407,34.0,62.976185975335156,0
5.03,4.977128,34.0,62.976185975335156,0
-8.49,4.975849,33.99,62.976185975335156,0
0.11,4.972011,33.99,62.976185975335156,0
6.07,4.974569,33.99,62.976185975335156,0
-2.04,4.970732,33.99,62.976185975335156,0
-12.12,4.974569,33.99,62.976185975335156,0
15.2,4.97329,33.99,62.976185975335156,0
6.79,4.974569,33.99,62.976185975335156,0
-4.4,4.969452,33.99,62.976185975335156,0
-14.74,4.966894,34.0,62.976185975335156,0
13.01,4.968173,34.0,63.0,0
7.4,4.969452,34.0,63.0,0
-4.72,4.972011,34.0,63.0,0
-11.09,4.975849,34.03,63.0,0
8.69,4.977128,34.03,63.0,0
1.75,4.975849,34.03,63.0,0
-10.28,4.975849,34.03,62.976185975335156,0
7.42,4.978407,34.03,62.976185975335156,0
5.92,4.975849,34.03,63.0,0
-1.43,4.972011,34.03,62.976185975335156,0
-12.38,4.968173,34.03,62.976185975335156,0
12.75,4.972011,34.05,62.976185975335156,0
6.71,4.982245,34.05,62.976185975335156,0
-5.02,4.974569,34.05,63.0,0
-13.78,4.978407,34.05,63.0,0
12.69,4.97329,34.05,63.0,0
4.79,4.982245,34.05,63.0,0
-6.08,4.978407,34.05,63.0,0
-9.94,4.980966,34.05,63.0,0
7.75,4.982245,34.05,63.0,0
1.81,4.982245,34.05,63.0,0
-11.05,4.97329,34.05,63.0,0
12.1,4.983524,34.05,62.976185975335156,0
5.79,4.982245,34.07,62.976185975335156,0
-4.66,4.982245,34.07,62.0403094769844,0
-14.56,4.979686,34.07,63.93746945258312,0
12.47,4.977128,34.07,60.61352984276695,0
5.84,4.984804,34.09,60.844062980705026,0
-8.0,4.996317,34.09,62.75348595894893,0
0.55,4.992479,34.09,61.84658438426491,0
17.11,4.933633,34.09,63.984373092185564,0
-47.52,4.937471,34.07,65.4217089351845,0
-19.09,4.92212,34.07,63.7808748764079,0
44.98,4.918283,34.07,61.554853586049575,0
35.98,4.906769,34.07,62.76941930590086,0
-27.86,4.910607,34.11,62.369864518050704,0
-18.22,4.902931,34.11,62.32976816898969,0
14.8,4.906769,34.11,60.844062980705026,0
-38.59,4.90549,34.11,64.73020933072904,0
46.26,4.906769,34.09,62.68173577685928,0
-25.51,4.899094,34.09,62.20128616033595,0
6.01,4.911886,34.09,62.297672508690084,0
33.36,4.909328,34.09,63.8200595424354,0
-64.9,4.893977,34.07,64.79197481170026,0
14.35,4.906769,34.07,63.835726674018524,0
-50.07,4.868392,34.07,63.835726674018524,0
-3.83,4.896535,34.07,62.77738446287803,0
-10.69,4.895256,34.11,65.49809157525127,0
-25.28,4.909328,34.11,60.37383539249432,0
40.53,4.906769,34.11,61.72519744804386,0
15.2,4.908048,34.11,63.76519426771944,0
9.58,4.911886,34.11,62.849025449882674,0
126.79,4.920841,34.11,63.702433234531945,0
-63.01,4.911886,34.11,62.41794613730894,0
-6.59,4.902931,34.11,63.58458932791813,0
-15.98,4.908048,34.11,64.47480127925948,0
8.36,4.90549,34.11,63.48228099241551,0
7.06,4.901652,34.11,62.5939294181153,0
23.81,4.901652,34.11,63.41135544995076,0
-34.08,4.901652,34.07,62.5939294181153,0
-149.32,4.900373,34.07,63.58458932791813,0
140.24,4.897814,34.07,62.57795138864806,0
-28.0,4.899094,34.07,63.56886030125127,0
7.45,4.899094,34.05,63.56886030125127,0
-0.23,4.892697,34.05,62.489999199871974,0
13.11,4.895256,34.05,62.57795138864806,0
0.76,4.891418,34.05,61.587336360651285,0
-28.36,4.896535,34.07,62.71363488110062,0
22.06,4.891418,34.07,63.835726674018524,0
24.8,4.895256,34.07,63.89053137985315,0
-22.61,4.882463,34.07,63.671029518926424,0
44.4,4.895256,34.07,63.788713735268246,0
7.86,4.901652,34.07,63.671029518926424,0
-36.07,4.893977,34.07,62.68173577685928,0
-40.57,4.895256,34.07,62.68173577685928,0
-5.01,4.896535,34.05,63.671029518926424,0
-37.23,4.893977,34.05,63.58458932791813,0
28.19,4.893977,34.05,63.58458932791813,0
21.27,4.895256,34.05,63.58458932791813,0
-20.92,4.890139,34.03,64.62197768561404,0
15.43,4.90549,34.03,63.51377803280167,0
17.69,4.891418,34.03,64.62197768561404,0
-3.69,4.893977,34.03,63.702433234531945,0
22.46,4.886301,34.03,63.63961030678928,0
21.25,4.895256,34.03,62.52199612936234,0
1.97,4.878625,34.03,64.6297145282261,0
10.22,4.892697,34.03,62.65780079128216,0
44.03,4.886301,33.99,61.0,0
57.44,4.899094,33.99,62.928530890209096,0
-71.92,4.896535,33.99,62.112800613078136,0
-19.09,4.893977,33.99,62.83311228962003,0
-22.86,4.892697,33.99,63.8200595424354,0
-3.43,4.893977,33.99,62.976185975335156,0
49.22,4.892697,33.99,61.98386886924694,0
-16.71,4.88758,33.99,62.65780079128216,0
-11.35,4.892697,34.0,62.01612693485461,0
31.84,4.885022,34.0,64.50581369148055,0
-8.67,4.890139,34.0,61.69278726074872,0
-25.67,4.874788,34.0,64.35837163881635,0
0.19,4.885022,34.0,61.652250567193406,0
24.4,4.885022,34.0,60.663003552412405,0
-14.68,4.882463,34.0,63.095166217389426,0
4.82,4.878625,34.0,65.56675987114203,0
-2.26,4.869671,33.99,61.220911460055866,0
-23.29,4.877347,33.99,63.0,0
-34.12,4.874788,33.99,63.75735251718032,0
11.41,4.893977,33.99,63.94528911499267,0
0.42,4.901652,33.97,62.56996084384263,0
6.33,4.901652,33.97,64.73020933072904,0
33.46,4.893977,33.97,64.73020933072904,0
3.99,4.900373,33.97,63.54525946126902,0
-52.42,4.892697,33.99,62.8728876384726,0
22.43,4.897814,33.99,62.78534860936905,0
64.33,4.892697,33.99,62.65780079128216,0
-43.74,4.902931,33.99,62.65780079128216,0
-32.97,4.893977,33.99,62.65780079128216,0
-22.5,4.902931,33.99,63.631753079732135,0
-12.88,4.893977,33.99,63.631753079732135,0
-11.92,4.901652,33.99,63.631753079732135,0
-47.72,4.897814,33.99,63.53739056650029,0
-13.67,4.890139,33.99,62.65780079128216,0
11.43,4.897814,33.99,62.65780079128216,0
-20.19,4.897814,33.99,62.56996084384263,0
-14.95,4.897814,33.99,63.166446789415026,0
29.36,4.897814,33.99,63.733821476512766,0
-14.67,4.868392,33.99,63.631753079732135,0
-73.72,4.882463,33.99,63.84355879804947,0
41.73,4.88758,33.95,62.65780079128216,0
0.7,4.88758,33.95,62.8728876384726,0
-69.64,4.890139,33.95,62.8728876384726,0
38.13,4.885022,33.95,62.49799996799898,0
45.02,4.882463,33.95,62.8728876384726,0
-21.45,4.886301,33.95,61.814237842102365,0
69.1,4.890139,33.95,63.75735251718032,0
48.58,4.882463,33.95,62.78534860936905,0
-1.84,4.892697,33.97,62.78534860936905,0
26.01,4.897814,33.97,62.78534860936905,0
18.2,4.897814,33.97,62.78534860936905,0
-13.42,4.895256,33.97,62.78534860936905,0
-29.19,4.891418,33.95,62.78534860936905,0
16.95,4.892697,33.95,62.78534860936905,0
3.43,4.893977,33.95,62.78534860936905,0
-41.13,4.88758,33.95,62.78534860936905,0
23.27,4.896535,33.93,63.54525946126902,0
12.31,4.896535,33.93,63.474404290233394,0
-25.23,4.88886,33.93,62.8728876384726,0
26.81,4.891418,33.93,62.78534860936905,0
31.21,4.88758,33.91,62.78534860936905,0
-23.38,4.900373,33.91,62.78534860936905,0
-37.58,4.890139,33.91,62.78534860936905,0
1.48,4.896535,33.91,62.71363488110062,0
-3.79,4.892697,33.91,62.78534860936905,0
-24.87,4.901652,33.91,62.78534860936905,0
41.29,4.879905,33.91,63.474404290233394,0
32.63,4.899094,33.91,63.474404290233394,0
3.25,4.896535,33.89,62.78534860936905,0
-40.14,4.891418,33.89,62.56996084384263,0
-8.11,4.895256,33.89,62.49799996799898,0
-13.16,4.895256,33.89,62.78534860936905,0
-33.11,4.897814,33.89,62.56996084384263,0
23.07,4.891418,33.89,63.54525946126902,0
19.66,4.896535,33.89,63.75735251718032,0
-5.66,4.892697,33.89,62.78534860936905,0
-37.41,4.90549,33.87,62.71363488110062,0
16.86,4.88886,33.87,62.71363488110062,0
11.42,4.901652,33.87,62.94441992742486,0
-18.47,4.899094,33.87,62.71363488110062,0
1.63,4.901652,33.89,62.94441992742486,0
17.35,4.906769,33.89,62.94441992742486,0
-1.02,4.901652,33.89,62.65780079128216,0
-25.86,4.904211,33.89,63.8200595424354,0
42.03,4.904211,33.87,62.617888817813075,0
49.44,4.909328,33.87,62.849025449882674,0
-48.62,4.899094,33.87,63.85922016435841,0
-90.06,4.902931,33.87,62.65780079128216,0
8.63,4.891418,33.84,62.617888817813075,0
38.74,4.909328,33.84,62.849025449882674,0
3.83,4.899094,33.84,62.8887907341205,0
10.54,4.90549,33.84,62.8887907341205,0
48.93,4.90549,33.87,62.849025449882674,0
3.06,4.913166,33.87,62.849025449882674,0
-29.3,4.908048,33.87,62.849025449882674,0
-5.15,4.908048,33.87,62.849025449882674,0
10.64,4.906769,33.84,62.849025449882674,0
4.29,4.908048,33.84,62.8887907341205,0
-25.0,4.908048,33.84,62.849025449882674,0
6.36,4.893977,33.84,62.8887907341205,0
17.28,4.90549,33.87,62.8887907341205,0
-0.53,4.90549,33.87,62.8887907341205,0
-32.13,4.90549,33.87,62.65780079128216,0
20.37,4.904211,33.87,62.849025449882674,0
10.15,4.906769,33.84,62.8887907341205,0
-14.47,4.904211,33.84,62.8887907341205,0
-44.21,4.90549,33.84,62.8887907341205,0
14.42,4.910607,33.84,62.65780079128216,0
18.75,4.906769,33.83,61.87891401761993,0
-20.45,4.906769,33.83,62.65780079128216,0
18.81,4.892697,33.83,62.8887907341205,0
19.38,4.902931,33.83,62.8887907341205,0
-3.6,4.896535,33.83,62.849025449882674,0
-47.34,4.908048,33.83,62.849025449882674,0
25.31,4.896535,33.83,62.849025449882674,0
26.68,4.900373,33.83,62.65780079128216,0
-20.93,4.895256,33.81,62.65780079128216,0
28.22,4.90549,33.81,62.849025449882674,0
20.03,4.876067,33.81,62.849025449882674,0
-16.0,4.895256,33.81,62.617888817813075,0
-13.23,4.895256,33.81,62.849025449882674,0
14.06,4.896535,33.81,62.849025449882674,0
1.56,4.899094,33.81,66.03786792439622,0
-41.96,4.900373,33.81,64.319514923544,0
30.21,4.900373,33.79,59.87486951969081,0
24.1,4.900373,33.79,71.33021800050803,0
-19.87,4.892697,33.79,68.51277253184256,0
-28.09,4.895256,33.79,61.220911460055866,0
6.21,4.904211,33.79,68.00735254367721,0
31.67,4.869671,33.79,60.41522986797286,0
38.76,4.844086,33.79,63.63961030678928,0
-48.5,4.815942,33.79,62.07253821135398,0
-3.71,4.80187,33.79,62.07253821135398,0
-16.08,4.809546,33.79,64.91532946846992,0
5.32,4.805708,33.79,62.64982043070834,0
-29.26,4.806987,33.79,62.07253821135398,0
7.05,4.808267,33.79,63.03967004989794,0
35.81,4.805708,33.79,63.15853069855251,0
10.54,4.798033,33.79,63.694583757176716,0
-14.06,4.799312,33.79,62.88083968904996,0
10.34,4.798033,33.79,63.15853069855251,0
6.23,4.80187,33.79,63.25345840347388,0
-10.02,4.794195,33.79,62.88083968904996,0
15.37,4.795474,33.79,63.15853069855251,0
9.79,4.790357,33.81,63.52952069707436,0
-12.16,4.796753,33.81,62.88083968904996,0
2.43,4.789078,33.81,62.88083968904996,0
8.91,4.791636,33.81,63.15853069855251,0
-9.98,4.789078,33.84,62.27358990776106,0
-25.28,4.795474,33.84,62.27358990776106,0
11.41,4.787799,33.84,63.15853069855251,0
0.73,4.781403,33.84,63.15853069855251,0
-14.94,4.782682,33.84,63.15853069855251,0
-20.86,4.783961,33.84,63.15853069855251,0
14.18,4.775006,33.84,63.15853069855251,0
10.1,4.781403,33.84,63.15853069855251,0
-9.72,4.778844,33.91,62.88083968904996,0
9.6,4.772448,33.91,62.88083968904996,0
6.59,4.776286,33.91,63.15853069855251,0
-6.7,4.771169,33.91,62.88083968904996,0
-24.63,4.773727,33.93,62.88083968904996,0
16.25,4.769889,33.93,62.27358990776106,0
8.18,4.775006,33.93,63.52952069707436,0
-8.77,4.762214,33.93,62.27358990776106,0
-22.5,4.772448,33.95,62.27358990776106,0
14.41,4.769889,33.95,62.27358990776106,0
6.58,4.773727,33.95,62.88083968904996,0
-12.3,4.771169,33.95,62.88083968904996,0
8.01,4.769889,33.97,62.88083968904996,0
8.76,4.76861,33.97,63.15853069855251,0
-4.77,4.763493,33.97,61.69278726074872,0
-23.65,4.767331,33.97,61.5223536610881,0
19.29,4.763493,33.99,62.94441992742486,0
6.38,4.76861,33.99,63.52952069707436,0
-32.37,4.760934,33.99,63.8200595424354,0
16.0,4.772448,33.99,62.64982043070834,0
9.32,4.757097,33.99,63.25345840347388,0
-11.11,4.775006,33.99,62.64982043070834,0
15.57,4.762214,33.99,62.64982043070834,0
17.17,4.767331,33.99,62.64982043070834,0
-12.84,4.762214,34.03,62.64982043070834,0
9.1,4.771169,34.03,62.64982043070834,0
4.37,4.754538,34.03,63.25345840347388,0
-10.7,4.767331,34.03,62.64982043070834,0
-4.1,4.771169,34.05,62.64982043070834,0
3.68,4.763493,34.05,63.25345840347388,0
-6.21,4.763493,34.05,63.25345840347388,0
4.82,4.758376,34.05,63.25345840347388,0
4.66,4.764772,34.07,62.88083968904996,0
-10.12,4.749421,34.07,62.88083968904996,0
9.81,4.759655,34.07,62.88083968904996,0
12.44,4.755817,34.07,62.88083968904996,0
-2.28,4.764772,34.09,62.88083968904996,0
-17.95,4.755817,34.09,63.15853069855251,0
16.81,4.760934,34.09,62.64982043070834,0
12.45,4.757097,34.09,62.369864518050704,0
-0.52,4.763493,34.11,62.369864518050704,0
-13.67,4.769889,34.11,62.76145313805282,0
11.16,4.731512,34.11,62.64982043070834,0
7.97,4.758376,34.11,62.64982043070834,0
-4.71,4.757097,34.11,62.369864518050704,0
-17.3,4.759655,34.11,62.369864518050704,0
16.07,4.754538,34.11,63.25345840347388,0
11.7,4.758376,34.11,62.88083968904996,0
-1.72,4.754538,34.13,63.25345840347388,0
-19.97,4.766051,34.13,63.25345840347388,0
16.64,4.758376,34.13,62.88083968904996,0
12.6,4.766051,34.13,63.25345840347388,0
-2.25,4.764772,34.13,63.25345840347388,0
-20.22,4.759655,34.13,63.25345840347388,0
19.77,4.766051,34.13,62.88083968904996,0
12.78,4.763493,34.13,63.25345840347388,0
-1.59,4.766051,34.15,63.25345840347388,0
-19.59,4.766051,34.15,63.25345840347388,0
16.24,4.766051,34.15,63.25345840347388,0
3.9,4.759655,34.15,63.25345840347388,0
-5.88,4.763493,34.16,63.25345840347388,0
-16.85,4.758376,34.16,63.25345840347388,0
11.52,4.762214,34.16,63.25345840347388,0
3.72,4.755817,34.16,62.369864518050704,0
-17.73,4.75198,34.18,62.88083968904996,0
17.99,4.759655,34.18,63.25345840347388,0
8.44,4.758376,34.18,63.25345840347388,0
-10.4,4.758376,34.18,63.25345840347388,0
-3.43,4.760934,34.18,63.25345840347388,0
9.28,4.766051,34.18,63.25345840347388,0
1.37,4.762214,34.18,63.25345840347388,0
-25.3,4.762214,34.18,62.88083968904996,0
18.78,4.762214,34.18,63.25345840347388,0
9.84,4.760934,34.18,63.25345840347388,0
-7.55,4.754538,34.18,62.88083968904996,0
-10.75,4.755817,34.18,62.88083968904996,0
6.47,4.754538,34.18,63.25345840347388,0
2.66,4.760934,34.18,62.88083968904996,0
-18.8,4.748142,34.18,62.88083968904996,0
18.35,4.758376,34.18,62.88083968904996,0
6.17,4.755817,34.23,63.25345840347388,0
-15.17,4.75198,34.23,62.88083968904996,0
10.39,4.754538,34.23,62.88083968904996,0
10.16,4.757097,34.23,62.88083968904996,0
-1.77,4.755817,34.27,62.88083968904996,0
-20.6,4.757097,34.27,62.88083968904996,0
17.74,4.748142,34.27,62.88083968904996,0
9.79,4.749421,34.27,62.64982043070834,0
-6.86,4.75198,34.23,63.15853069855251,0
-27.18,4.745584,34.23,62.88083968904996,0
15.55,4.755817,34.23,62.369864518050704,0
4.29,4.745584,34.23,62.64982043070834,0
-11.47,4.7507,34.27,61.99193495931547,0
10.83,4.754538,34.27,62.88083968904996,0
10.14,4.75198,34.27,62.617888817813075,0
-4.74,4.7507,34.27,62.88083968904996,0
-11.01,4.746863,34.25,63.25345840347388,0
27.92,4.743025,34.25,63.25345840347388,0
-3.41,4.7507,34.25,62.88083968904996,0
-19.53,4.748142,34.25,63.25345840347388,0
-7.04,4.748142,34.29,62.617888817813075,0
9.61,4.754538,34.29,63.51377803280167,0
-0.13,4.745584,34.29,62.617888817813075,0
-11.68,4.749421,34.29,63.51377803280167,0
16.03,4.743025,34.29,62.617888817813075,0
7.25,4.754538,34.29,62.617888817813075,0
-11.39,4.744304,34.29,63.51377803280167,0
-19.01,4.753259,34.29,62.617888817813075,0
6.68,4.739187,34.31,62.617888817813075,0
5.26,4.753259,34.31,62.617888817813075,0
-14.98,4.746863,34.31,62.617888817813075,0
8.22,4.746863,34.31,62.617888817813075,0
15.3,4.744304,34.31,62.617888817813075,0
1.89,4.745584,34.31,62.617888817813075,0
-17.23,4.744304,34.31,63.51377803280167,0
13.41,4.744304,34.31,62.617888817813075,0
10.96,4.743025,34.34,62.617888817813075,0
-5.22,4.743025,34.34,62.617888817813075,0
-15.83,4.744304,34.34,62.617888817813075,0
10.47,4.731512,34.34,63.51377803280167,0
1.67,4.743025,34.37,62.617888817813075,0
-18.59,4.741745,34.37,62.617888817813075,0
15.3,4.713602,34.37,63.51377803280167,0
5.66,4.727674,34.37,62.617888817813075,0
-12.77,4.740467,34.37,62.617888817813075,0
-1.7,4.730232,34.37,63.51377803280167,0
8.28,4.732791,34.37,62.617888817813075,0
0.94,4.73407,34.37,63.51377803280167,0
-20.74,4.73407,34.39,62.617888817813075,0
21.84,4.723836,34.39,62.617888817813075,0
9.66,4.727674,34.39,62.617888817813075,0
-6.97,4.73407,34.39,62.617888817813075,0
-12.59,4.732791,34.39,62.617888817813075,0
12.45,4.73535,34.39,62.617888817813075,0
0.77,4.73535,34.39,62.617888817813075,0
-18.17,4.736629,34.39,62.617888817813075,0
20.61,4.736629,34.39,63.26926584053272,0
11.04,4.737908,34.39,62.617888817813075,0
-5.29,4.731512,34.39,63.25345840347388,0
-26.76,4.737908,34.39,62.369864518050704,0
10.55,4.731512,34.41,62.64982043070834,0
3.7,4.73407,34.41,62.369864518050704,0
-10.01,4.731512,34.41,63.25345840347388,0
-25.39,4.73407,34.41,62.88083968904996,0
14.61,4.728953,34.41,63.25345840347388,0
13.26,4.741745,34.41,62.369864518050704,0
-5.62,4.727674,34.41,62.27358990776106,0
-2.0,4.737908,34.41,61.99193495931547,0
27.79,4.737908,34.45,63.773035054010094,0
22.05,4.73535,34.45,62.52199612936234,0
-11.24,4.739187,34.45,62.88083968904996,0
1.92,4.740467,34.45,62.88083968904996,0
-8.81,4.732791,34.45,62.88083968904996,0
-15.07,4.73535,34.45,62.88083968904996,0
-8.11,4.737908,34.45,63.773035054010094,0
6.31,4.732791,34.45,62.88083968904996,0
-7.06,4.743025,34.43,62.88083968904996,0
-25.15,4.73535,34.43,62.88083968904996,0
9.22,4.739187,34.43,62.88083968904996,0
1.6,4.739187,34.43,63.773035054010094,0
-18.1,4.741745,34.45,62.88083968904996,0
17.08,4.730232,34.45,62.88083968904996,0
8.42,4.743025,34.45,62.88083968904996,0
-16.53,4.73535,34.45,62.88083968904996,0
12.18,4.745584,34.49,62.88083968904996,0
5.82,4.745584,34.49,62.88083968904996,0
-18.86,4.743025,34.49,62.88083968904996,0
23.63,4.746863,34.49,63.15853069855251,0
12.82,4.7507,34.45,61.91122676865643,0
-15.62,4.75198,34.45,62.56996084384263,0
16.03,4.753259,34.45,61.91122676865643,0
-0.55,4.753259,34.45,64.1404708432983,0
-24.0,4.749421,34.45,63.45076831686122,0
14.36,4.7507,34.45,63.15853069855251,0
18.32,4.739187,34.45,61.62791575252241,0
4.67,4.7507,34.45,63.4428877022476,0
-25.64,4.737908,34.49,62.37788069500277,0
-5.34,4.748142,34.49,62.89674077406555,0
13.07,4.736629,34.49,62.297672508690084,0
-6.02,4.739187,34.49,63.89053137985315,0
-1.57,4.736629,34.47,62.56196927846821,0
12.01,4.736629,34.47,62.20932405998316,0
8.59,4.740467,34.47,62.65780079128216,0
-10.27,4.728953,34.47,63.60031446463138,0
-5.85,4.730232,34.49,63.324560795950255,0
-10.26,4.723836,34.49,62.56196927846821,0
-26.69,4.730232,34.49,63.324560795950255,0
13.74,4.727674,34.49,63.324560795950255,0
4.4,4.728953,34.49,62.37788069500277,0
-10.8,4.727674,34.49,62.37788069500277,0
13.64,4.727674,34.49,62.37788069500277,0
3.52,4.719998,34.49,62.8410693734599,0
-1.75,4.723836,34.47,62.65780079128216,0
-0.9,4.719998,34.47,63.324560795950255,0
9.35,4.727674,34.47,63.324560795950255,0
-5.26,4.716161,34.47,62.37788069500277,0
-15.73,4.714881,34.47,63.324560795950255,0
11.05,4.718719,34.47,63.15853069855251,0
3.37,4.721278,34.47,63.15853069855251,0
-21.45,4.711044,34.47,63.15853069855251,0
2.28,4.721278,34.47,63.324560795950255,0
2.01,4.722557,34.47,62.37788069500277,0
-17.63,4.688017,34.47,62.20932405998316,0
12.58,4.711044,34.47,62.65780079128216,0
8.16,4.714881,34.47,63.60031446463138,0
-14.42,4.713602,34.47,62.65780079128216,0
14.37,4.713602,34.47,62.8410693734599,0
5.94,4.707206,34.47,63.43500610861482,0
-15.81,4.707206,34.49,62.8410693734599,0
7.95,4.707206,34.49,63.72597586541927,0
-7.21,4.700809,34.49,62.95236294214857,0
-16.64,4.708485,34.49,62.95236294214857,0
13.9,4.703368,34.49,62.40192304729078,0
-2.9,4.714881,34.49,63.13477647065839,0
-19.92,4.705927,34.49,63.13477647065839,0
9.84,4.711044,34.49,63.13477647065839,0
3.49,4.700809,34.49,62.65780079128216,0
-13.15,4.716161,34.49,62.20128616033595,0
3.65,4.708485,34.49,62.95236294214857,0
-1.42,4.709764,34.49,62.65780079128216,0
1.89,4.709764,34.5,62.65780079128216,0
-1.61,4.711044,34.5,62.65780079128216,0
-7.33,4.709764,34.5,62.65780079128216,0
15.34,4.705927,34.5,62.65780079128216,0
6.45,4.711044,34.53,62.95236294214857,0
-9.38,4.711044,34.53,63.63961030678928,0
14.47,4.709764,34.53,62.8410693734599,0
6.76,4.704648,34.53,63.13477647065839,0
-7.75,4.709764,34.53,63.13477647065839,0
-18.05,4.696972,34.53,62.65780079128216,0
13.91,4.709764,34.53,62.65780079128216,0
-2.22,4.700809,34.53,62.65780079128216,0
-19.88,4.711044,34.53,62.65780079128216,0
12.04,4.714881,34.53,62.65780079128216,0
17.01,4.704648,34.53,63.33245613427605,0
-1.91,4.707206,34.53,62.51399843235114,0
-12.27,4.708485,34.55,65.45991139621256,0
1.65,4.708485,34.55,68.06614430096654,0
14.58,4.722557,34.55,62.83311228962003,0
-0.27,4.736629,34.55,63.88270501473775,0
-11.19,4.736629,34.55,60.07495318350236,0
-14.91,4.757097,34.55,69.72087205421343,0
21.93,4.812105,34.55,64.59102104782058,0
-22.4,4.78652,34.55,63.63961030678928,0
28.3,4.791636,34.59,63.39558344238185,0
53.9,4.798033,34.59,64.03124237432849,0
-61.11,4.799312,34.59,65.82552696332935,0
1.8,4.798033,34.59,63.52164985262898,0
-43.9,4.80187,34.55,61.66846844214635,0
32.66,4.805708,34.55,61.45730225123781,0
16.48,4.806987,34.55,64.7533782902483,0
-3.78,4.794195,34.55,63.84355879804947,0
-40.98,4.809546,34.57,62.849025449882674,0
12.68,4.808267,34.57,64.07807737440318,0
6.47,4.853041,34.57,63.30876716537765,0
-39.98,4.808267,34.57,59.30430001273095,0
24.09,4.856878,34.59,62.457985878508765,0
17.46,4.824897,34.59,63.103090257134,0
-10.61,4.827456,34.59,60.860496218811754,0
90.95,4.899094,34.59,62.8728876384726,0
-132.89,4.833852,34.57,62.49799996799898,0
12.67,4.827456,34.57,63.52164985262898,0
-16.06,4.812105,34.57,66.75327707311455,0
15.34,4.87223,34.57,57.41080037762929,0
11.32,4.836411,34.59,66.79820356865893,0
-2.57,4.822339,34.59,61.335144900782616,0
-13.97,4.821059,34.59,58.08614292583042,0
27.19,4.818501,34.59,53.33854141237835,0
-25.13,4.90549,34.57,57.043842787806646,0
-91.86,4.933633,34.57,68.18357573492314,0
2.0,4.836411,34.57,63.229739838148944,0
48.34,4.830014,34.57,63.63961030678928,0
-5.3,4.81978,34.57,62.56196927846821,0
-45.78,4.822339,34.57,68.19090848492928,0
62.83,4.840248,34.57,66.16645675869307,0
13.73,4.791636,34.57,59.89156868875618,0
7.81,4.778844,34.57,66.18912297349165,0
7.63,4.805708,34.57,70.68238818828917,0
0.11,4.900373,34.57,64.1482657598785,0
-0.37,4.837689,34.57,66.09841147864296,0
44.75,4.814663,34.53,64.63745044476924,0
82.65,4.809546,34.53,65.1536645170477,0
93.22,4.814663,34.53,54.97272050753901,0
-182.71,4.798033,34.53,64.19501538281614,0
-68.95,4.795474,34.49,61.30252849597641,0
137.01,4.796753,34.49,63.25345840347388,0
-38.09,4.796753,34.49,60.332412515993425,0
-40.6,4.791636,34.49,60.70420084310476,0
-6.69,4.795474,34.49,65.00769185258002,0
-19.99,4.794195,34.49,64.319514923544,0
-8.09,4.789078,34.49,60.876925020897694,0
-15.0,4.787799,34.49,64.07027391856539,0
113.02,4.782682,34.47,64.87680633323437,0
36.75,4.783961,34.47,64.07027391856539,0
-43.66,4.787799,34.47,63.702433234531945,0
1.9,4.781403,34.47,64.17164482853778,0
0.79,4.781403,34.45,62.849025449882674,0
-13.37,4.783961,34.45,63.89053137985315,0
1.94,4.776286,34.45,56.789083458002736,0
6.44,4.782682,34.45,54.92722457943783,0
-13.2,4.780123,34.45,62.01612693485461,0
-5.19,4.790357,34.45,62.56996084384263,0
12.92,4.781403,34.45,63.13477647065839,0
-23.35,4.775006,34.45,62.048368229954285,0
8.99,4.769889,34.43,63.92182725798755,0
-4.23,4.772448,34.43,62.01612693485461,0
-18.68,4.755817,34.43,63.182275995725256,0
-16.53,4.755817,34.43,63.198101237299845,0
11.47,4.75198,34.45,62.24949798994366,0
20.23,4.748142,34.45,62.49799996799898,0
-23.72,4.748142,34.45,62.49799996799898,0
6.18,4.743025,34.45,62.76145313805282,0
13.51,4.744304,34.39,62.76145313805282,0
0.97,4.744304,34.39,62.49799996799898,0
-20.21,4.745584,34.39,62.76145313805282,0
16.53,4.743025,34.39,62.76145313805282,0
8.28,4.743025,34.39,62.76145313805282,0
-14.34,4.73535,34.39,62.76145313805282,0
-8.17,4.741745,34.39,62.76145313805282,0
11.7,4.737908,34.39,62.76145313805282,0
3.64,4.736629,34.37,62.76145313805282,0
-7.02,4.740467,34.37,62.976185975335156,0
-10.84,4.737908,34.37,63.25345840347388,0
6.53,4.736629,34.37,63.25345840347388,0
3.35,4.73407,34.34,62.56996084384263,0
-6.07,4.748142,34.34,63.079315151640635,0
-13.52,4.740467,34.34,63.51377803280167,0
10.59,4.746863,34.34,62.51399843235114,0
4.52,4.73407,34.37,63.095166217389426,0
21.28,4.749421,34.37,62.8728876384726,0
-23.12,4.744304,34.37,62.65780079128216,0
25.25,4.746863,34.37,63.28506932918696,0
59.45,4.746863,34.33,63.103090257134,0
-51.67,4.746863,34.33,62.64982043070834,0
1.17,4.746863,34.33,62.8728876384726,0
2.78,4.739187,34.33,63.103090257134,0
-4.72,4.744304,34.33,62.49799996799898,0
-27.95,4.737908,34.33,62.49799996799898,0
10.42,4.748142,34.33,62.24949798994366,0
12.68,4.732791,34.33,62.96824596572466,0
-20.53,4.740467,34.31,62.72160712226688,0
13.91,4.737908,34.31,62.976185975335156,0
3.81,4.739187,34.31,63.20601237224193,0
-32.07,4.737908,34.31,63.20601237224193,0
20.11,4.739187,34.27,62.72160712226688,0
9.35,4.737908,34.27,62.72160712226688,0
-22.94,4.737908,34.27,62.72160712226688,0
13.26,4.736629,34.27,62.72160712226688,0
6.95,4.73407,34.25,62.72160712226688,0
-22.63,4.744304,34.25,62.72160712226688,0
19.97,4.726395,34.25,63.20601237224193,0
13.79,4.736629,34.25,62.72160712226688,0
2.04,4.728953,34.25,62.72160712226688,0
-15.96,4.740467,34.25,62.72160712226688,0
-17.58,4.73535,34.25,62.976185975335156,0
13.81,4.731512,34.25,62.72160712226688,0
9.77,4.731512,34.27,62.489999199871974,0
-5.38,4.731512,34.27,62.72160712226688,0
-24.46,4.732791,34.27,62.72160712226688,0
21.06,4.727674,34.27,62.72160712226688,0
12.33,4.732791,34.27,62.72160712226688,0
-4.71,4.725115,34.27,62.72160712226688,0
-18.79,4.707206,34.27,62.72160712226688,0
14.69,4.71744,34.27,62.489999199871974,0
14.17,4.725115,34.25,62.489999199871974,0
2.16,4.725115,34.25,62.489999199871974,0
-16.12,4.721278,34.25,62.489999199871974,0
-0.4,4.726395,34.25,62.489999199871974,0
13.48,4.727674,34.25,62.72160712226688,0
3.91,4.730232,34.25,62.489999199871974,0
-12.65,4.723836,34.25,62.72160712226688,0
-19.07,4.726395,34.25,62.489999199871974,0
11.34,4.716161,34.23,62.72160712226688,0
7.0,4.732791,34.23,62.489999199871974,0
-9.61,4.722557,34.23,62.489999199871974,0
-15.0,4.728953,34.23,62.01612693485461,0
17.89,4.727674,34.27,63.340350488452465,0
8.97,4.73407,34.27,63.340350488452465,0
-15.62,4.730232,34.27,63.340350488452465,0
10.78,4.730232,34.27,62.8728876384726,0
11.09,4.730232,34.25,62.8728876384726,0
-1.04,4.731512,34.25,62.489999199871974,0
-22.86,4.731512,34.25,63.340350488452465,0
21.16,4.718719,34.25,63.340350488452465,0
16.85,4.730232,34.23,62.489999199871974,0
-6.08,4.730232,34.23,62.01612693485461,0
-32.01,4.732791,34.23,62.489999199871974,0
17.62,4.727674,34.23,63.340350488452465,0
13.87,4.731512,34.23,63.340350488452465,0
-6.66,4.719998,34.23,63.340350488452465,0
-20.59,4.732791,34.23,62.489999199871974,0
14.54,4.737908,34.23,63.340350488452465,0
8.09,4.73535,34.21,62.489999199871974,0
-16.19,4.73407,34.21,62.489999199871974,0
9.03,4.722557,34.21,62.489999199871974,0
13.16,4.732791,34.21,62.72160712226688,0
0.47,4.727674,34.21,63.103090257134,0
-17.48,4.740467,34.21,62.41794613730894,0
4.25,4.730232,34.21,62.457985878508765,0
8.21,4.732791,34.21,62.10475022089695,0
4.83,4.716161,34.25,63.592452382338585,0
-8.22,4.722557,34.25,62.465990746965666,0
-31.58,4.725115,34.25,62.625873247404705,0
3.01,4.716161,34.25,62.625873247404705,0
22.64,4.71744,34.21,62.81719509815764,0
26.4,4.712323,34.21,63.53739056650029,0
-28.02,4.716161,34.21,63.0,0
4.26,4.709764,34.21,63.0,0
11.37,4.712323,34.21,62.625873247404705,0
-11.25,4.714881,34.21,62.81719509815764,0
12.57,4.713602,34.21,62.81719509815764,0
3.3,4.709764,34.21,63.0,0
-3.34,4.713602,34.21,63.0,0
-32.27,4.708485,34.21,63.0,0
8.11,4.711044,34.21,62.080592780675026,0
10.25,4.726395,34.21,61.73329733620261,0
-5.39,4.737908,34.21,62.44197306299666,0
0.26,4.806987,34.21,63.788713735268246,0
4.87,4.744304,34.21,62.65780079128216,0
5.5,4.740467,34.21,62.625873247404705,0
-13.69,4.736629,34.23,63.387695966961914,0
31.27,4.740467,34.23,63.03967004989794,0
15.3,4.730232,34.23,63.387695966961914,0
-14.66,4.732791,34.23,63.387695966961914,0
-15.25,4.73535,34.21,63.20601237224193,0
-3.41,4.736629,34.21,63.0,0
7.22,4.726395,34.21,62.297672508690084,0
-17.48,4.723836,34.21,62.297672508690084,0
5.23,4.726395,34.23,62.297672508690084,0
6.65,4.730232,34.23,63.198101237299845,0
-5.05,4.728953,34.23,63.90618123468183,0
-7.21,4.732791,34.23,62.8410693734599,0
11.21,4.757097,34.21,63.198101237299845,0
13.98,4.743025,34.21,63.35613624582863,0
-26.54,4.731512,34.21,63.0,0
-4.71,4.719998,34.21,62.8410693734599,0
13.22,4.721278,34.23,63.0,0
35.2,4.723836,34.23,63.53739056650029,0
8.18,4.730232,34.23,63.0,0
4.78,4.727674,34.23,62.625873247404705,0
-19.94,4.726395,34.21,63.53739056650029,0
-43.93,4.719998,34.21,63.182275995725256,0
10.6,4.694413,34.21,63.35613624582863,0
33.83,4.703368,34.21,62.625873247404705,0
-5.75,4.714881,34.21,63.35613624582863,0
-16.26,4.716161,34.21,63.35613624582863,0
-27.49,4.711044,34.21,63.0,0
-1.62,4.713602,34.21,63.0,0
2.9,4.716161,34.18,62.625873247404705,0
-2.96,4.716161,34.18,62.81719509815764,0
24.21,4.723836,34.18,62.81719509815764,0
5.86,4.722557,34.18,62.81719509815764,0
-19.36,4.716161,34.21,62.44197306299666,0
-30.97,4.722557,34.21,63.72597586541927,0
25.85,4.712323,34.21,62.44197306299666,0
14.21,4.71744,34.21,63.35613624582863,0
-8.78,4.712323,34.21,63.0,0
-9.61,4.727674,34.21,63.0,0
9.98,4.711044,34.21,62.625873247404705,0
2.11,4.722557,34.21,62.625873247404705,0
-21.35,4.716161,34.23,63.0,0
2.83,4.71744,34.23,62.625873247404705,0
16.86,4.716161,34.23,62.81719509815764,0
10.31,4.718719,34.23,63.0,0
-4.82,4.719998,34.18,63.0,0
19.99,4.714881,34.18,63.0,0
5.03,4.71744,34.18,63.0,0
-12.8,4.712323,34.18,63.0,0
-21.33,4.716161,34.21,63.387695966961914,0
19.13,4.711044,34.21,63.20601237224193,0
3.07,4.71744,34.21,63.387695966961914,0
-14.42,4.711044,34.21,63.387695966961914,0
-11.57,4.719998,34.23,63.387695966961914,0
13.23,4.716161,34.23,63.0,0
3.53,4.711044,34.23,62.81719509815764,0
-10.09,4.714881,34.23,63.0,0
2.59,4.714881,34.21,63.0,0
10.75,4.714881,34.21,63.0,0
2.44,4.711044,34.21,63.387695966961914,0
-12.63,4.716161,34.21,63.20601237224193,0
15.83,4.713602,34.18,62.30569797378086,0
5.99,4.726395,34.18,62.81719509815764,0
-8.19,4.704648,34.18,62.81719509815764,0
-29.21,4.716161,34.18,63.20601237224193,0
15.18,4.707206,34.23,62.81719509815764,0
17.89,4.716161,34.23,62.81719509815764,0
-0.14,4.714881,34.23,62.81719509815764,0
-17.78,4.708485,34.23,63.0,0
13.87,4.711044,34.21,62.489999199871974,0
10.66,4.713602,34.21,63.387695966961914,0
0.77,4.712323,34.21,63.0,0
-11.08,4.705927,34.21,63.387695966961914,0
6.53,4.709764,34.21,62.489999199871974,0
8.41,4.699531,34.21,63.387695966961914,0
4.2,4.708485,34.21,63.20601237224193,0
-13.19,4.700809,34.21,63.20601237224193,0
9.36,4.707206,34.21,63.788713735268246,0
10.6,4.695693,34.21,62.489999199871974,0
-2.5,4.704648,34.21,63.608175575157006,0
-17.12,4.704648,34.21,63.20601237224193,0
10.4,4.704648,34.23,62.30569797378086,0
10.05,4.711044,34.23,63.20601237224193,0
-4.88,4.704648,34.23,62.489999199871974,0
-22.5,4.704648,34.23,63.608175575157006,0
11.59,4.690576,34.23,63.608175575157006,0
12.6,4.705927,34.23,62.71363488110062,0
-0.41,4.695693,34.23,62.71363488110062,0
-8.49,4.700809,34.23,62.71363488110062,0
7.58,4.699531,34.25,62.71363488110062,0
-2.2,4.702089,34.25,62.71363488110062,0
-14.38,4.699531,34.25,63.608175575157006,0
10.64,4.700809,34.25,62.30569797378086,0
8.35,4.704648,34.23,63.608175575157006,0
-5.85,4.703368,34.23,63.608175575157006,0
-16.14,4.700809,34.23,63.20601237224193,0
8.25,4.688017,34.23,62.30569797378086,0
3.65,4.688017,34.25,62.30569797378086,0
-11.66,4.690576,34.25,63.20601237224193,0
-7.47,4.702089,34.25,62.30569797378086,0
6.67,4.690576,34.25,63.20601237224193,0
1.21,4.695693,34.23,63.20601237224193,0
-9.9,4.684179,34.23,63.20601237224193,0
7.08,4.667549,34.23,63.20601237224193,0
12.45,4.693134,34.23,63.20601237224193,0
2.62,4.688017,34.27,63.20601237224193,0
-13.1,4.689296,34.27,63.20601237224193,0
17.88,4.6829,34.27,62.71363488110062,0
10.17,4.688017,34.27,62.71363488110062,0
-3.91,4.6829,34.25,62.71363488110062,0
-16.35,4.693134,34.25,62.71363488110062,0
0.66,4.684179,34.25,62.71363488110062,0
0.2,4.688017,34.25,62.71363488110062,0
-8.38,4.676504,34.27,62.71363488110062,0
-2.44,4.688017,34.27,62.71363488110062,0
5.79,4.694413,34.27,62.71363488110062,0
1.07,4.684179,34.27,62.71363488110062,0
-9.74,4.686738,34.27,62.71363488110062,0
10.53,4.680342,34.27,62.71363488110062,0
4.22,4.686738,34.27,62.71363488110062,0
-5.54,4.685459,34.27,62.71363488110062,0
-20.49,4.688017,34.27,62.71363488110062,0
7.42,4.6829,34.27,62.71363488110062,0
6.53,4.684179,34.27,62.71363488110062,0
-10.91,4.677783,34.27,62.71363488110062,0
7.57,4.684179,34.31,63.608175575157006,0
8.71,4.688017,34.31,62.71363488110062,0
-2.04,4.684179,34.31,62.30569797378086,0
-19.85,4.681621,34.31,63.608175575157006,0
11.34,4.671387,34.29,62.71363488110062,0
6.73,4.685459,34.29,62.71363488110062,0
-7.12,4.681621,34.29,62.30569797378086,0
-11.18,4.681621,34.29,63.03967004989794,0
9.09,4.676504,34.29,63.608175575157006,0
7.86,4.688017,34.29,62.71363488110062,0
-7.53,4.676504,34.29,62.545983084447556,0
15.67,4.681621,34.29,63.608175575157006,0
16.34,4.677783,34.29,62.71363488110062,0
1.35,4.684179,34.29,63.608175575157006,0
-18.28,4.680342,34.29,62.71363488110062,0
5.92,4.671387,34.29,62.71363488110062,0
3.7,4.679062,34.31,62.71363488110062,0
-10.35,4.677783,34.31,62.71363488110062,0
-7.65,4.681621,34.31,62.71363488110062,0
1.81,4.675225,34.31,62.30569797378086,0
-4.2,4.677783,34.29,62.71363488110062,0
-13.44,4.672666,34.29,62.71363488110062,0
11.4,4.684179,34.29,62.71363488110062,0
4.28,4.680342,34.29,62.71363488110062,0
-2.13,4.679062,34.31,62.71363488110062,0
0.67,4.672666,34.31,63.608175575157006,0
11.61,4.673945,34.31,62.71363488110062,0
-3.42,4.680342,34.31,62.71363488110062,0
-21.14,4.677783,34.29,62.71363488110062,0
14.08,4.680342,34.29,62.71363488110062,0
7.7,4.673945,34.29,62.89674077406555,0
-8.18,4.679062,34.29,63.608175575157006,0
-1.65,4.673945,34.33,63.608175575157006,0
4.66,4.685459,34.33,62.71363488110062,0
-0.92,4.680342,34.33,62.71363488110062,0
-16.27,4.679062,34.33,62.71363488110062,0
14.3,4.677783,34.33,62.71363488110062,0
5.87,4.677783,34.33,62.71363488110062,0
-12.14,4.679062,34.33,62.71363488110062,0
12.91,4.677783,34.33,62.71363488110062,0
6.49,4.679062,34.37,62.71363488110062,0
-6.72,4.677783,34.37,63.608175575157006,0
-5.41,4.677783,34.37,62.71363488110062,0
8.41,4.672666,34.37,63.608175575157006,0
2.0,4.676504,34.39,63.608175575157006,0
-15.24,4.673945,34.39,63.608175575157006,0
15.6,4.676504,34.39,63.608175575157006,0
7.02,4.675225,34.39,63.608175575157006,0
-9.49,4.670108,34.39,63.608175575157006,0
-18.38,4.676504,34.39,66.35510530471637,0
6.7,4.688017,34.39,75.33259586659682,0
6.11,4.722557,34.39,66.79071791798619,0
-9.1,4.799312,34.39,71.42828571371429,0
19.05,4.714881,34.39,58.25804665451803,0
33.75,4.693134,34.39,69.03622237637282,0
-5.07,4.696972,34.39,61.66846844214635,0
-54.5,4.66499,34.37,63.33245613427605,0
52.77,4.64836,34.37,62.96824596572466,0
35.74,4.607424,34.37,62.63385665915839,0
-32.13,4.59847,34.37,63.03967004989794,0
6.91,4.594632,34.41,62.76145313805282,0
-0.89,4.579281,34.41,62.76145313805282,0
-16.36,4.588235,34.41,61.91930232165088,0
11.56,4.571605,34.41,62.76145313805282,0
11.88,4.570326,34.41,61.91930232165088,0
-7.39,4.569047,34.41,62.76145313805282,0
-15.34,4.567768,34.41,63.34824385884742,0
13.53,4.569047,34.41,62.76145313805282,0
2.39,4.562651,34.45,63.03967004989794,0
-21.14,4.558813,34.45,62.76145313805282,0
18.02,4.542182,34.45,62.76145313805282,0
12.24,4.547299,34.45,62.76145313805282,0
-4.53,4.537066,34.41,62.76145313805282,0
-22.07,4.544741,34.41,62.76145313805282,0
11.91,4.525552,34.41,62.39390995922599,0
7.08,4.534507,34.41,63.229739838148944,0
-10.25,4.530669,34.41,63.229739838148944,0
-13.41,4.528111,34.41,62.76145313805282,0
8.54,4.526832,34.41,62.76145313805282,0
3.55,4.517877,34.41,62.76145313805282,0
-12.13,4.517877,34.39,62.76145313805282,0
11.73,4.505084,34.39,62.76145313805282,0
4.67,4.517877,34.39,62.76145313805282,0
-5.23,4.505084,34.39,62.76145313805282,0
-13.6,4.506363,34.41,62.76145313805282,0
7.85,4.501246,34.41,62.76145313805282,0
1.43,4.501246,34.41,62.76145313805282,0
-12.09,4.497409,34.41,62.76145313805282,0
9.5,4.49613,34.43,62.76145313805282,0
6.77,4.49485,34.43,62.76145313805282,0
-2.77,4.485896,34.43,62.20128616033595,0
-18.84,4.487175,34.43,62.67375846396959,0
5.96,4.479499,34.41,62.67375846396959,0
6.73,4.49485,34.41,63.03967004989794,0
-13.67,4.484616,34.41,62.39390995922599,0
15.05,4.49485,34.41,63.229739838148944,0
2.38,4.491013,34.39,62.30569797378086,0
-14.51,4.484616,34.39,62.30569797378086,0
12.93,4.482058,34.39,62.72160712226688,0
11.22,4.476941,34.39,62.30569797378086,0
-10.99,4.479499,34.43,62.76145313805282,0
14.41,4.47822,34.43,62.49799996799898,0
2.89,4.482058,34.43,62.30569797378086,0
-17.83,4.484616,34.43,61.78996682310163,0
15.57,4.56393,34.43,56.36488268416781,0
7.78,4.583118,34.43,74.84650960465692,0
-27.85,4.528111,34.43,64.50581369148055,0
-10.28,4.552416,34.43,68.1248853210044,0
61.41,4.688017,34.43,63.474404290233394,0
-31.47,4.736629,34.43,64.56779382943171,0
14.14,4.745584,34.43,55.39855593785816,0
-14.0,4.739187,34.43,60.909769331364245,0
4.79,4.639406,34.43,62.93647591023825,0
30.57,4.627892,34.43,61.43289021363068,0
-22.67,4.612541,34.43,75.56454194925024,0
-4.48,4.58056,34.43,60.00833275470999,0
-3.23,4.581839,34.43,62.20932405998316,0
3.8,4.59847,34.43,63.35613624582863,0
-9.63,4.595911,34.43,61.59545437773797,0
-60.77,4.599749,34.43,60.43177971895251,0
11.12,4.601028,34.41,64.5600495662759,0
21.48,4.59847,34.41,63.26926584053272,0
2.41,4.59847,34.41,63.31666447310692,0
-26.77,4.595911,34.41,64.13267497929586,0
-7.36,4.602307,34.41,63.31666447310692,0
-13.72,4.602307,34.41,62.36184731067546,0
-12.56,4.613821,34.41,63.26926584053272,0
44.66,4.602307,34.41,63.26926584053272,0
25.76,4.606145,34.39,63.26926584053272,0
-42.1,4.606145,34.39,63.324560795950255,0
17.27,4.608704,34.39,63.41135544995076,0
21.83,4.609983,34.39,63.48228099241551,0
-19.72,4.613821,34.39,63.48228099241551,0
0.27,4.6151,34.39,64.31174076325411,0
-9.09,4.611262,34.39,63.63961030678928,0
12.78,4.616379,34.39,64.87680633323437,0
11.34,4.653477,34.37,70.88723439378913,0
28.55,4.712323,34.37,61.48983655857283,0
88.79,4.653477,34.37,71.95832127002409,0
-19.17,4.689296,34.37,69.38299503480663,0
113.2,4.703368,34.37,58.249463516842795,0
0.52,4.657315,34.37,62.8410693734599,0
3.36,4.662432,34.37,61.171888968708494,0
-289.69,4.680342,34.37,51.07837115648854,0
58.79,4.654757,34.39,59.033888572581766,0
3.21,4.630451,34.39,60.440052945046304,0
-91.32,4.636847,34.39,59.33801479658719,0
209.98,4.621496,34.39,63.0158710167526,0
-57.38,4.63173,34.37,66.07571414672717,0
-82.98,4.629171,34.37,56.60388679233962,0
30.95,4.6151,34.37,61.30252849597641,0
-26.02,4.590794,34.37,68.76045375068433,0
15.33,4.594632,34.37,64.56779382943171,0
-13.2,4.604866,34.37,55.72252686302013,0
115.99,4.609983,34.37,67.19374970932937,0
-78.23,4.599749,34.37,63.671029518926424,0
-13.96,4.593352,34.34,73.68174807915459,0
55.5,4.673945,34.34,60.0416522091123,0
2.7,4.659873,34.34,68.09552114493287,0
-14.74,4.620217,34.34,64.5445582524197,0
45.21,4.608704,34.37,64.16385275215322,0
74.32,4.616379,34.37,63.34824385884742,0
-122.96,4.59847,34.37,61.196405123176966,0
-6.74,4.608704,34.37,63.96092557178953,0
21.41,4.607424,34.33,63.15853069855251,0
26.85,4.601028,34.33,62.976185975335156,0
9.78,4.603587,34.33,66.10597552415364,0
-17.0,4.603587,34.33,66.19667665374146,0
24.3,4.604866,34.33,59.21148537234985,0
41.55,4.586957,34.33,58.966091951222275,0
107.36,4.593352,34.33,65.42935121182236,0
-146.85,4.58056,34.33,64.16385275215322,0
-226.31,4.584398,34.33,62.976185975335156,0
52.65,4.576722,34.33,61.98386886924694,0
-22.92,4.581839,34.33,63.984373092185564,0
-0.22,4.575443,34.33,62.112800613078136,0
8.4,4.58056,34.31,64.07807737440318,0
-13.3,4.581839,34.31,61.91930232165088,0
-23.44,4.586957,34.31,64.45153217728807,0
17.15,4.620217,34.31,63.0158710167526,0
14.08,4.589515,34.31,66.40783086353596,0
25.83,4.59719,34.31,62.12889826803627,0
-20.79,4.604866,34.31,62.13694553162394,0
-43.31,4.617658,34.31,68.36665854054884,0
13.01,4.59847,34.31,64.78425734698207,0
-28.45,4.607424,34.31,51.048996072400875,0
52.97,4.576722,34.31,68.45436436049933,0
-50.62,4.58056,34.31,67.27555276621665,0
-15.85,4.59847,34.27,59.21148537234985,0
-105.82,4.612541,34.27,65.13063795173512,0
145.06,4.599749,34.27,56.444663166680336,0
90.05,4.595911,34.27,61.43289021363068,0
-128.88,4.611262,34.27,63.93746945258312,0
-12.77,4.681621,34.27,62.49799996799898,0
13.06,4.700809,34.27,63.702433234531945,0
35.9,4.702089,34.27,63.324560795950255,0
-35.25,4.704648,34.27,62.75348595894893,0
64.18,4.708485,34.27,65.73431371817918,0
1.78,4.71744,34.27,64.27285585688566,0
-26.65,4.671387,34.27,63.15853069855251,0
-9.81,4.634289,34.25,63.08724118235002,0
36.92,4.639406,34.25,64.02343321003646,0
-0.09,4.629171,34.25,63.03967004989794,0
-33.99,4.633009,34.25,63.30876716537765,0
0.75,4.630451,34.25,63.30876716537765,0
-27.93,4.627892,34.25,63.30876716537765,0
-7.43,4.627892,34.25,63.190189111918315,0
-17.67,4.629171,34.25,63.190189111918315,0
9.84,4.622776,34.23,63.30876716537765,0
14.06,4.626613,34.23,63.30876716537765,0
3.51,4.629171,34.23,63.30876716537765,0
-25.98,4.627892,34.23,63.30876716537765,0
29.31,4.622776,34.25,62.49799996799898,0
20.87,4.626613,34.25,62.49799996799898,0
-1.5,4.622776,34.25,62.68173577685928,0
-33.61,4.625334,34.25,63.608175575157006,0
25.82,4.625334,34.21,63.788713735268246,0
17.69,4.626613,34.21,62.81719509815764,0
-12.01,4.601028,34.21,62.68173577685928,0
-28.5,4.612541,34.21,62.00806399170998,0
22.82,4.618937,34.21,62.26556030423239,0
25.31,4.622776,34.21,63.229739838148944,0
7.23,4.622776,34.21,62.26556030423239,0
-14.25,4.617658,34.21,62.89674077406555,0
2.86,4.617658,34.21,62.89674077406555,0
13.27,4.625334,34.21,63.06346010171025,0
13.15,4.625334,34.21,63.06346010171025,0
-19.24,4.620217,34.21,62.89674077406555,0
18.6,4.625334,34.18,62.37788069500277,0
8.11,4.620217,34.18,63.06346010171025,0
11.15,4.624054,34.18,63.06346010171025,0
-25.75,4.613821,34.18,62.37788069500277,0
9.37,4.625334,34.18,63.324560795950255,0
15.45,4.624054,34.18,63.324560795950255,0
-6.7,4.626613,34.18,63.324560795950255,0
-17.25,4.620217,34.18,63.15853069855251,0
4.64,4.626613,34.16,62.89674077406555,0
14.27,4.630451,34.16,62.89674077406555,0
1.07,4.625334,34.16,62.41794613730894,0
-9.11,4.626613,34.16,62.88083968904996,0
-25.36,4.621496,34.16,63.474404290233394,0
8.35,4.626613,34.16,62.49799996799898,0
0.55,4.622776,34.16,62.81719509815764,0
-16.81,4.627892,34.16,62.64982043070834,0
-2.75,4.624054,34.13,62.96824596572466,0
24.75,4.66499,34.13,64.1482657598785,0
14.01,4.627892,34.13,62.048368229954285,0
-29.51,4.627892,34.13,62.617888817813075,0
43.63,4.620217,34.13,64.6297145282261,0
-44.08,4.633009,34.13,63.788713735268246,0
-43.55,4.618937,34.13,62.78534860936905,0
-71.59,4.63173,34.13,62.78534860936905,0
62.03,4.629171,34.13,62.95236294214857,0
52.31,4.638126,34.13,62.96824596572466,0
-16.5,4.641964,34.13,62.95236294214857,0
-56.7,4.677783,34.13,62.95236294214857,0
19.62,4.675225,34.13,62.617888817813075,0
33.53,4.627892,34.13,63.474404290233394,0
-21.51,4.634289,34.13,62.96824596572466,0
32.67,4.627892,34.13,63.984373092185564,0
-6.49,4.630451,34.13,62.95236294214857,0
-40.24,4.627892,34.13,62.96824596572466,0
36.91,4.636847,34.13,63.13477647065839,0
32.47,4.626613,34.13,63.33245613427605,0
1.29,4.63173,34.09,62.96824596572466,0
-15.18,4.638126,34.09,63.13477647065839,0
32.74,4.634289,34.09,63.33245613427605,0
26.49,4.633009,34.09,62.369864518050704,0
-11.61,4.621496,34.13,63.33245613427605,0
-32.49,4.635568,34.13,63.33245613427605,0
21.4,4.63173,34.13,63.33245613427605,0
19.05,4.633009,34.13,63.33245613427605,0
-14.2,4.626613,34.11,63.33245613427605,0
-19.6,4.636847,34.11,62.369864518050704,0
6.52,4.629171,34.11,62.369864518050704,0
3.24,4.633009,34.11,63.33245613427605,0
-21.07,4.627892,34.09,63.33245613427605,0
-5.28,4.635568,34.09,63.33245613427605,0
10.61,4.633009,34.09,62.369864518050704,0
8.97,4.622776,34.09,62.369864518050704,0
-13.05,4.633009,34.09,63.33245613427605,0
-32.87,4.63173,34.09,62.369864518050704,0
14.32,4.63173,34.09,62.369864518050704,0
9.81,4.626613,34.09,63.33245613427605,0
-6.33,4.63173,34.05,63.33245613427605,0
-29.85,4.63173,34.05,62.369864518050704,0
17.24,4.63173,34.05,63.33245613427605,0
20.38,4.626613,34.05,63.33245613427605,0
0.97,4.634289,34.05,62.369864518050704,0
-25.52,4.638126,34.05,62.369864518050704,0
21.54,4.625334,34.05,62.369864518050704,0
22.12,4.635568,34.05,62.369864518050704,0
-2.97,4.63173,34.05,62.369864518050704,0
-25.36,4.635568,34.05,63.33245613427605,0
10.4,4.629171,34.05,63.33245613427605,0
9.71,4.633009,34.05,62.369864518050704,0
3.95,4.627892,34.03,62.369864518050704,0
-11.72,4.638126,34.03,63.33245613427605,0
-22.03,4.608704,34.03,63.33245613427605,0
6.04,4.627892,34.03,62.369864518050704,0
9.46,4.617658,34.0,62.369864518050704,0
-8.9,4.624054,34.0,62.369864518050704,0
-30.76,4.630451,34.0,62.369864518050704,0
9.31,4.626613,34.0,62.369864518050704,0
13.19,4.627892,33.99,62.369864518050704,0
-14.28,4.626613,33.99,62.369864518050704,0
-4.47,4.626613,33.99,63.33245613427605,0
12.08,4.621496,33.99,62.369864518050704,0
5.11,4.626613,34.0,63.33245613427605,0
-22.52,4.624054,34.0,63.33245613427605,0
19.12,4.627892,34.0,62.55397669213365,0
27.02,4.627892,34.0,62.55397669213365,0
-2.38,4.625334,33.97,62.55397669213365,0
-34.85,4.629171,33.97,62.76941930590086,0
16.45,4.636847,33.97,62.76941930590086,0
14.63,4.633009,33.97,62.369864518050704,0
0.23,4.633009,33.97,62.5859409132754,0
-9.92,4.640685,33.97,62.76941930590086,0
6.01,4.630451,33.97,61.814237842102365,0
-5.81,4.636847,33.97,60.241181927316134,0
-30.77,4.663712,33.97,61.57921727336261,0
12.17,4.723836,33.97,63.35613624582863,0
11.28,4.736629,33.97,63.7808748764079,0
-3.46,4.736629,33.97,63.56886030125127,0
-10.62,4.743025,33.97,63.608175575157006,0
51.54,4.739187,33.97,62.16912416947821,0
94.66,4.739187,33.97,65.14598989960932,0
-14.92,4.741745,33.97,61.554853586049575,0
-41.0,4.743025,33.95,62.27358990776106,0
-61.78,4.736629,33.95,62.465990746965666,0
-74.06,4.740467,33.95,62.23343153000644,0
-56.17,4.741745,33.95,63.41135544995076,0
16.08,4.740467,33.93,63.31666447310692,0
17.22,4.73407,33.93,62.55397669213365,0
22.01,4.731512,33.93,62.96824596572466,0
-29.2,4.737908,33.93,62.465990746965666,0
36.58,4.739187,33.93,62.465990746965666,0
23.81,4.740467,33.93,62.465990746965666,0
13.98,4.737908,33.93,62.24949798994366,0
32.33,4.741745,33.93,62.24949798994366,0
16.32,4.73535,33.93,62.24949798994366,0
-5.3,4.739187,33.93,63.198101237299845,0
-17.76,4.741745,33.93,62.24949798994366,0
-6.37,4.746863,33.93,63.198101237299845,0
-11.23,4.737908,33.91,63.4428877022476,0
-16.47,4.740467,33.91,63.198101237299845,0
-12.74,4.741745,33.91,63.4428877022476,0
-24.53,4.740467,33.91,62.49799996799898,0
-40.2,4.741745,33.93,62.71363488110062,0
57.19,4.740467,33.93,63.655321851358195,0
32.51,4.739187,33.93,63.655321851358195,0
0.34,4.73407,33.93,63.198101237299845,0
-30.5,4.737908,33.91,62.49799996799898,0
7.35,4.740467,33.91,62.49799996799898,0
9.4,4.740467,33.91,63.4428877022476,0
-9.11,4.730232,33.91,62.49799996799898,0
-19.49,4.73535,33.93,62.49799996799898,0
6.6,4.745584,33.93,62.49799996799898,0
2.9,4.739187,33.93,62.49799996799898,0
-17.68,4.739187,33.93,62.49799996799898,0
23.77,4.740467,33.89,62.49799996799898,0
16.97,4.746863,33.89,62.49799996799898,0
-6.74,4.736629,33.89,62.49799996799898,0
-36.51,4.745584,33.89,62.49799996799898,0
9.89,4.743025,33.89,62.49799996799898,0
7.17,4.748142,33.89,62.49799996799898,0
-18.39,4.743025,33.89,62.49799996799898,0
-4.84,4.73535,33.89,62.71363488110062,0
8.4,4.744304,33.87,63.4428877022476,0
6.48,4.744304,33.87,62.24949798994366,0
-16.58,4.749421,33.87,62.49799996799898,0
23.09,4.75198,33.87,62.75348595894893,0
14.15,4.754538,33.89,62.96824596572466,0
-13.71,4.754538,33.89,62.96824596572466,0
-59.52,4.75198,33.89,62.96824596572466,0
47.72,4.75198,33.89,62.96824596572466,0
16.95,4.753259,33.87,62.96824596572466,0
-10.0,4.755817,33.87,63.182275995725256,0
-45.43,4.719998,33.87,63.182275995725256,0
39.0,4.743025,33.87,62.76941930590086,0
35.74,4.744304,33.87,62.96824596572466,0
-3.44,4.7507,33.87,63.702433234531945,0
-42.23,4.7507,33.87,63.198101237299845,0
20.65,4.7507,33.87,63.198101237299845,0
4.62,4.746863,33.89,62.96824596572466,0
-13.03,4.749421,33.89,63.182275995725256,0
-23.58,4.7507,33.89,62.96824596572466,0
47.72,4.749421,33.89,62.96824596572466,0
59.29,4.744304,33.89,63.41135544995076,0
11.96,4.748142,33.89,63.182275995725256,0
-81.78,4.746863,33.89,63.41135544995076,0
16.15,4.748142,33.89,62.465990746965666,0
34.74,4.749421,33.84,62.71363488110062,0
-15.57,4.7507,33.84,62.71363488110062,0
-19.15,4.7507,33.84,62.71363488110062,0
24.98,4.754538,33.84,62.71363488110062,0
18.68,4.754538,33.84,62.71363488110062,0
27.27,4.757097,33.84,62.71363488110062,0
10.37,4.758376,33.84,63.655321851358195,0
-19.03,4.753259,33.84,62.71363488110062,0
-15.07,4.753259,33.87,62.465990746965666,0
-30.64,4.754538,33.87,63.41135544995076,0
-26.16,4.763493,33.87,62.465990746965666,0
23.17,4.757097,33.87,62.24949798994366,0
21.27,4.759655,33.84,63.198101237299845,0
-1.5,4.75198,33.84,63.198101237299845,0
-27.5,4.760934,33.84,63.198101237299845,0
42.72,4.762214,33.84,62.24949798994366,0
35.47,4.763493,33.87,62.24949798994366,0
-14.92,4.76861,33.87,63.198101237299845,0
-72.63,4.766051,33.87,62.24949798994366,0
2.61,4.759655,33.87,63.198101237299845,0
14.23,4.760934,33.81,62.96824596572466,0
-17.01,4.76861,33.81,63.198101237299845,0
3.41,4.759655,33.81,64.1482657598785,0
15.07,4.764772,33.81,62.20128616033595,0
-4.34,4.754538,33.83,62.16912416947821,0
-30.2,4.767331,33.83,67.62396025078685,0
27.18,4.766051,33.83,69.05794668247819,0
24.95,4.767331,33.83,63.51377803280167,0
-27.74,4.762214,33.84,62.297672508690084,0
-25.98,4.757097,33.84,62.23343153000644,0
65.9,4.7507,33.84,63.7808748764079,0
16.56,4.7507,33.84,62.465990746965666,0
-28.14,4.753259,33.84,62.49799996799898,0
-30.52,4.728953,33.84,62.49799996799898,0
-10.04,4.704648,33.84,62.49799996799898,0
33.83,4.686738,33.84,63.4428877022476,0
17.06,4.689296,33.83,63.4428877022476,0
-14.92,4.696972,33.83,62.24949798994366,0
26.25,4.696972,33.83,62.49799996799898,0
23.03,4.737908,33.83,62.49799996799898,0
-0.79,4.75198,33.83,62.297672508690084,0
-35.44,4.758376,33.83,62.76145313805282,0
5.35,4.76861,33.83,62.297672508690084,0
67.49,4.766051,33.83,62.297672508690084,0
111.37,4.759655,33.81,63.773035054010094,0
-80.81,4.762214,33.81,62.81719509815764,0
-6.45,4.755817,33.81,62.5859409132754,0
13.43,4.762214,33.81,62.5859409132754,0
-34.27,4.753259,33.83,62.81719509815764,0
-29.03,4.763493,33.83,62.81719509815764,0
24.34,4.757097,33.83,63.0,0
20.85,4.759655,33.83,62.81719509815764,0
-9.01,4.75198,33.81,63.773035054010094,0
31.72,4.753259,33.81,62.81719509815764,0
14.33,4.755817,33.81,63.0,0
-6.22,4.758376,33.81,63.0,0
-15.96,4.762214,33.81,63.245553203367585,0
-9.88,4.762214,33.81,63.245553203367585,0
-6.94,4.76861,33.81,62.49799996799898,0
-7.02,4.759655,33.81,62.49799996799898,0
6.48,4.766051,33.81,63.50590523722971,0
6.21,4.760934,33.81,62.297672508690084,0
-28.27,4.771169,33.81,63.06346010171025,0
8.86,4.763493,33.81,63.245553203367585,0
-11.44,4.76861,33.81,62.297672508690084,0
-27.29,4.764772,33.81,63.245553203367585,0
3.46,4.737908,33.81,63.245553203367585,0
15.67,4.757097,33.81,63.0,0
4.51,4.753259,33.81,62.297672508690084,0
-2.29,4.758376,33.81,62.49799996799898,0
26.3,4.753259,33.81,62.49799996799898,0
7.26,4.763493,33.81,62.49799996799898,0
-4.73,4.755817,33.79,61.065538563088104,0
-18.76,4.766051,33.79,62.0403094769844,0
1.06,4.749421,33.79,63.33245613427605,0
-12.77,4.6829,33.79,64.77653896280658,0
-49.06,4.662432,33.79,62.321745803531535,0
-13.02,4.657315,33.79,62.849025449882674,0
-3.0,4.657315,33.79,62.321745803531535,0
48.24,4.650919,33.79,62.321745803531535,0
-5.8,4.654757,33.81,62.617888817813075,0
0.83,4.652198,33.81,62.00806399170998,0
-26.2,4.66499,33.81,63.15853069855251,0
34.24,4.656036,33.81,62.617888817813075,0
26.63,4.659873,33.79,62.928530890209096,0
12.54,4.650919,33.79,63.15853069855251,0
-49.61,4.661153,33.79,62.928530890209096,0
-17.62,4.689296,33.79,62.617888817813075,0
-30.11,4.737908,33.77,60.241181927316134,0
-3.55,4.766051,33.77,64.77653896280658,0
-4.11,4.759655,33.77,62.928530890209096,0
9.03,4.758376,33.77,61.47357155721473,0
-22.38,4.757097,33.79,63.63961030678928,0
16.0,4.757097,33.79,62.40192304729078,0
14.81,4.754538,33.79,62.71363488110062,0
-12.74,4.753259,33.79,62.71363488110062,0
-9.38,4.740467,33.79,62.40192304729078,0
4.73,4.7507,33.79,62.40192304729078,0
-5.75,4.741745,33.79,62.40192304729078,0
-28.15,4.746863,33.79,63.33245613427605,0
7.64,4.743025,33.79,62.71363488110062,0
22.39,4.757097,33.79,62.40192304729078,0
-15.08,4.743025,33.79,62.40192304729078,0
-4.02,4.746863,33.79,63.63961030678928,0
-10.48,4.7507,33.79,62.40192304729078,0
4.5,4.75198,33.79,62.617888817813075,0
18.28,4.746863,33.79,62.321745803531535,0
-7.85,4.736629,33.79,62.10475022089695,0
-22.74,4.745584,33.77,63.03967004989794,0
13.01,4.741745,33.77,63.03967004989794,0
18.98,4.743025,33.77,62.76145313805282,0
-12.12,4.737908,33.77,63.25345840347388,0
-3.22,4.740467,33.77,62.10475022089695,0
14.29,4.736629,33.77,63.33245613427605,0
-0.82,4.741745,33.77,63.33245613427605,0
-4.96,4.744304,33.77,61.69278726074872,0
9.87,4.7507,33.77,62.10475022089695,0
21.75,4.744304,33.77,62.8410693734599,0
-8.3,4.740467,33.77,62.40192304729078,0
5.69,4.740467,33.77,62.40192304729078,0
-14.82,4.741745,33.77,63.33245613427605,0
-13.17,4.740467,33.77,63.33245613427605,0
-16.02,4.741745,33.77,63.33245613427605,0
-4.67,4.740467,33.77,62.10475022089695,0
-1.04,4.743025,33.79,62.40192304729078,0
-24.7,4.743025,33.79,62.40192304729078,0
5.49,4.743025,33.79,62.40192304729078,0
-0.46,4.741745,33.79,63.63961030678928,0
-22.64,4.73535,33.77,63.33245613427605,0
27.34,4.740467,33.77,63.13477647065839,0
14.26,4.745584,33.77,62.71363488110062,0
2.89,4.749421,33.77,63.13477647065839,0
-12.09,4.743025,33.77,62.0403094769844,0
10.09,4.75198,33.77,62.76145313805282,0
22.36,4.746863,33.77,62.76145313805282,0
29.05,4.746863,33.77,63.25345840347388,0
47.7,4.745584,33.77,63.97655820689325,0
-21.0,4.749421,33.77,61.61980201201558,0
-11.74,4.745584,33.77,61.773780845922005,0
-8.06,4.746863,33.77,62.76145313805282,0
-21.0,4.736629,33.79,62.76145313805282,0
70.93,4.739187,33.79,62.76145313805282,0
-28.47,4.731512,33.79,62.297672508690084,0
-2.41,4.73535,33.79,63.50590523722971,0
15.76,4.739187,33.77,62.56196927846821,0
6.9,4.73535,33.77,62.49799996799898,0
-1.04,4.711044,33.77,62.56196927846821,0
-14.28,4.725115,33.77,63.97655820689325,0
-1.56,4.732791,33.75,62.40192304729078,0
-9.98,4.732791,33.75,62.0403094769844,0
-24.46,4.736629,33.75,62.10475022089695,0
18.83,4.730232,33.75,63.50590523722971,0
10.32,4.737908,33.75,62.76145313805282,0
4.95,4.743025,33.75,63.03967004989794,0
-21.33,4.73535,33.75,63.03967004989794,0
-9.31,4.739187,33.75,61.554853586049575,0
-22.21,4.745584,33.77,62.71363488110062,0
-15.54,4.745584,33.77,62.49799996799898,0
5.92,4.744304,33.77,62.76145313805282,0
13.64,4.745584,33.77,62.56196927846821,0
-13.68,4.741745,33.75,62.76145313805282,0
32.96,4.746863,33.75,63.25345840347388,0
-11.85,4.73407,33.75,62.976185975335156,0
-14.45,4.743025,33.75,61.5223536610881,0
-22.11,4.739187,33.77,62.94441992742486,0
28.34,4.753259,33.77,63.702433234531945,0
22.18,4.744304,33.77,64.35837163881635,0
-7.81,4.745584,33.77,63.655321851358195,0
-15.42,4.748142,33.75,62.849025449882674,0
-25.53,4.749421,33.75,62.81719509815764,0
-7.73,4.754538,33.75,61.62791575252241,0
-17.27,4.75198,33.75,64.26507605223851,0
40.84,4.7507,33.77,62.56196927846821,0
-25.91,4.744304,33.77,63.20601237224193,0
15.56,4.7507,33.77,66.21933252457322,0
-5.59,4.757097,33.77,62.112800613078136,0
-17.72,4.754538,33.73,63.89053137985315,0
-12.52,4.745584,33.73,62.5859409132754,0
51.64,4.748142,33.73,62.76941930590086,0
-39.07,4.741745,33.73,61.59545437773797,0
-36.46,4.745584,33.77,63.54525946126902,0
-3.89,4.741745,33.77,63.773035054010094,0
10.17,4.749421,33.77,63.953107821277925,0
3.72,4.741745,33.77,63.0,0
-13.19,4.739187,33.77,62.81719509815764,0
1.59,4.7507,33.77,63.245553203367585,0
42.72,4.745584,33.77,62.297672508690084,0
2.91,4.746863,33.77,62.49799996799898,0
-28.4,4.749421,33.75,62.56196927846821,0
5.84,4.749421,33.75,63.50590523722971,0
4.88,4.743025,33.75,62.56196927846821,0
-18.59,4.745584,33.75,63.50590523722971,0
23.47,4.746863,33.75,62.56196927846821,0
14.31,4.746863,33.75,62.56196927846821,0
-13.5,4.743025,33.75,62.56196927846821,0
11.73,4.739187,33.75,62.56196927846821,0
-3.68,4.740467,33.77,62.56196927846821,0
-13.01,4.743025,33.77,62.56196927846821,0
17.56,4.739187,33.77,62.56196927846821,0
10.62,4.740467,33.77,62.56196927846821,0
-0.02,4.737908,33.79,62.56196927846821,0
-23.87,4.744304,33.79,62.297672508690084,0
9.85,4.66627,33.79,63.50590523722971,0
2.17,4.658594,33.79,63.245553203367585,0
-15.73,4.652198,33.75,63.245553203367585,0
1.75,4.659873,33.75,62.297672508690084,0
10.91,4.638126,33.75,63.245553203367585,0
0.06,4.656036,33.75,63.245553203367585,0
-30.14,4.650919,33.75,62.24949798994366,0
9.48,4.64836,33.75,63.0,0
4.3,4.641964,33.75,63.0,0
-12.13,4.643243,33.75,63.0,0
3.82,4.647081,33.77,62.76145313805282,0
14.2,4.64964,33.77,62.49799996799898,0
6.0,4.64964,33.77,61.61980201201558,0
9.5,4.652198,33.77,65.00769185258002,0
-7.07,4.737908,33.77,60.03332407921454,0
-0.02,4.73535,33.77,62.8410693734599,0
21.77,4.712323,33.77,62.56196927846821,0
-4.59,4.696972,33.77,62.8410693734599,0
-5.47,4.686738,33.77,63.89053137985315,0
3.34,4.686738,33.77,63.60031446463138,0
0.17,4.685459,33.77,62.489999199871974,0
-14.99,4.705927,33.77,63.60031446463138,0
-24.79,4.718719,33.77,60.67948582511226,0
-6.0,4.718719,33.77,64.88451279003334,0
-20.9,4.699531,33.77,62.928530890209096,0
-17.38,4.714881,33.77,62.51399843235114,0
24.52,4.712323,33.77,63.03967004989794,0
-3.18,4.73535,33.77,62.71363488110062,0
-37.45,4.730232,33.77,62.71363488110062,0
7.32,4.730232,33.77,63.03967004989794,0
-2.19,4.731512,33.77,63.03967004989794,0
1.7,4.730232,33.77,62.71363488110062,0
0.16,4.727674,33.77,62.71363488110062,0
16.9,4.726395,33.77,62.71363488110062,0
8.67,4.719998,33.77,63.03967004989794,0
-8.55,4.723836,33.77,63.03967004989794,0
-22.4,4.71744,33.77,63.03967004989794,0
11.87,4.712323,33.77,63.03967004989794,0
14.78,4.716161,33.77,61.47357155721473,0
-4.86,4.725115,33.77,63.76519426771944,0
5.85,4.71744,33.77,62.8410693734599,0
8.31,4.718719,33.77,63.3798075099633,0
-0.13,4.719998,33.77,63.3798075099633,0
-19.01,4.727674,33.77,63.03967004989794,0
-13.57,4.721278,33.77,63.3798075099633,0
12.96,4.723836,33.77,63.03967004989794,0
6.78,4.721278,33.75,63.182275995725256,0
1.28,4.721278,33.75,63.182275995725256,0
-14.36,4.714881,33.75,63.3798075099633,0
6.92,4.722557,33.75,63.3798075099633,0
-1.18,4.719998,33.77,63.182275995725256,0
-12.34,4.716161,33.77,63.3798075099633,0
-22.04,4.721278,33.77,63.3798075099633,0
3.04,4.714881,33.77,63.182275995725256,0
1.75,4.721278,33.79,63.182275995725256,0
-11.01,4.716161,33.79,63.182275995725256,0
6.07,4.719998,33.79,62.26556030423239,0
9.02,4.716161,33.79,63.182275995725256,0
2.56,4.71744,33.81,62.8410693734599,0
-15.99,4.716161,33.81,62.8410693734599,0
8.71,4.71744,33.81,63.182275995725256,0
-1.3,4.713602,33.81,63.3798075099633,0
-14.52,4.713602,33.79,63.3798075099633,0
6.32,4.712323,33.79,63.3798075099633,0
5.87,4.712323,33.79,63.3798075099633,0
-2.55,4.700809,33.79,62.465990746965666,0
-0.2,4.699531,33.79,62.465990746965666,0
10.16,4.702089,33.79,63.3798075099633,0
2.5,4.694413,33.79,63.733821476512766,0
-19.4,4.690576,33.79,63.592452382338585,0
12.99,4.679062,33.81,62.26556030423239,0
12.11,4.695693,33.81,63.3798075099633,0
-14.65,4.684179,33.81,63.3798075099633,0
2.46,4.679062,33.81,62.26556030423239,0
3.25,4.672666,33.79,63.3798075099633,0
-12.72,4.654757,33.79,62.465990746965666,0
15.31,4.640685,33.79,63.182275995725256,0
12.81,4.641964,33.79,63.182275995725256,0
-9.49,4.64964,33.83,63.182275995725256,0
4.3,4.647081,33.83,62.8410693734599,0
10.17,4.64836,33.83,63.182275995725256,0
1.62,4.638126,33.83,63.03967004989794,0
-14.5,4.64836,33.84,63.03967004989794,0
6.9,4.691855,33.84,62.8410693734599,0
-0.74,4.705927,33.84,62.8410693734599,0
-21.1,4.700809,33.84,62.8410693734599,0
6.72,4.704648,33.81,62.8410693734599,0
13.8,4.709764,33.81,63.182275995725256,0
-4.96,4.71744,33.81,62.26556030423239,0
-9.48,4.722557,33.81,63.3798075099633,0
10.01,4.736629,33.87,61.773780845922005,0
3.98,4.744304,33.87,63.3798075099633,0
-21.18,4.731512,33.87,63.182275995725256,0
5.26,4.728953,33.87,62.8410693734599,0
12.98,4.731512,33.87,62.8410693734599,0
18.25,4.722557,33.87,62.8410693734599,0
-20.51,4.731512,33.87,62.625873247404705,0
-8.15,4.730232,33.87,63.182275995725256,0
-8.38,4.731512,33.87,63.182275995725256,0
-23.43,4.726395,33.87,63.182275995725256,0
-8.62,4.722557,33.87,63.182275995725256,0
9.53,4.718719,33.87,62.8410693734599,0
5.64,4.71744,33.89,62.120849961989414,0
-4.4,4.708485,33.89,63.03967004989794,0
19.91,4.681621,33.89,63.03967004989794,0
10.83,4.698251,33.89,63.03967004989794,0
-5.13,4.695693,33.91,63.03967004989794,0
19.59,4.704648,33.91,63.03967004989794,0
6.24,4.696972,33.91,63.25345840347388,0
-15.75,4.702089,33.91,63.03967004989794,0
3.84,4.702089,33.91,62.120849961989414,0
1.54,4.698251,33.91,63.03967004989794,0
-6.74,4.699531,33.91,63.03967004989794,0
-12.05,4.705927,33.91,63.03967004989794,0
-1.69,4.696972,33.93,63.3798075099633,0
4.06,4.702089,33.93,63.182275995725256,0
-10.36,4.705927,33.93,62.120849961989414,0
12.05,4.702089,33.93,63.03967004989794,0
11.12,4.705927,33.93,63.03967004989794,0
-2.73,4.702089,33.93,63.03967004989794,0
18.62,4.707206,33.93,63.03967004989794,0
-1.03,4.702089,33.93,63.03967004989794,0
-16.47,4.705927,33.95,63.03967004989794,0
4.12,4.705927,33.95,63.182275995725256,0
1.03,4.707206,33.95,63.03967004989794,0
-6.96,4.700809,33.95,63.3798075099633,0
13.9,4.707206,33.95,63.3798075099633,0
6.24,4.707206,33.95,63.03967004989794,0
-6.97,4.705927,33.95,62.120849961989414,0
-5.75,4.707206,33.95,63.3798075099633,0
1.56,4.702089,33.97,63.3798075099633,0
-5.3,4.707206,33.97,63.3798075099633,0
-14.56,4.702089,33.97,63.03967004989794,0
12.99,4.711044,33.97,63.03967004989794,0
2.4,4.702089,33.97,62.465990746965666,0
-15.37,4.709764,33.97,63.3798075099633,0
13.62,4.698251,33.97,63.03967004989794,0
7.68,4.705927,33.97,63.3798075099633,0
-18.85,4.703368,33.97,63.3798075099633,0
5.29,4.703368,33.97,62.8410693734599,0
3.8,4.700809,33.97,63.96092557178953,0
-12.8,4.704648,33.97,63.3798075099633,0
12.96,4.705927,33.99,62.465990746965666,0
7.13,4.708485,33.99,62.465990746965666,0
-5.48,4.719998,33.99,62.82515419798029,0
-19.19,4.71744,33.99,63.03967004989794,0
23.59,4.71744,34.0,62.120849961989414,0
-0.29,4.693134,34.0,63.03967004989794,0
-3.02,4.693134,34.0,63.182275995725256,0
-5.05,4.679062,34.0,63.182275995725256,0
5.89,4.684179,34.0,62.465990746965666,0
-10.18,4.679062,34.0,62.82515419798029,0
-23.6,4.673945,34.0,62.82515419798029,0
-13.98,4.663712,34.0,62.82515419798029,0
9.86,4.676504,34.0,62.465990746965666,0
8.97,4.6829,34.0,62.82515419798029,0
-6.33,4.679062,34.0,62.465990746965666,0
10.85,4.676504,34.0,63.3798075099633,0
5.45,4.672666,34.05,62.465990746965666,0
0.32,4.680342,34.05,63.3798075099633,0
-9.65,4.695693,34.05,63.3798075099633,0
17.56,4.700809,34.05,63.3798075099633,0
6.0,4.702089,34.05,62.120849961989414,0
-12.75,4.707206,34.05,63.03967004989794,0
-13.11,4.700809,34.05,63.03967004989794,0
9.7,4.704648,34.05,62.8410693734599,0
7.26,4.704648,34.07,62.51399843235114,0
-13.01,4.711044,34.07,63.3798075099633,0
14.98,4.704648,34.07,63.3798075099633,0
0.45,4.700809,34.07,63.182275995725256,0
-18.89,4.713602,34.11,62.8410693734599,0
-22.69,4.725115,34.11,63.58458932791813,0
7.2,4.722557,34.11,62.8410693734599,0
11.51,4.714881,34.11,62.8410693734599,0
-17.22,4.709764,34.11,62.8410693734599,0
23.98,4.708485,34.11,63.182275995725256,0
53.94,4.707206,34.11,63.76519426771944,0
-35.05,4.711044,34.11,61.91930232165088,0
-30.91,4.725115,34.15,63.182275995725256,0
-15.59,4.73535,34.15,62.71363488110062,0
-13.57,4.73407,34.15,63.182275995725256,0
10.04,4.732791,34.15,62.71363488110062,0
-24.78,4.736629,34.13,62.8410693734599,0
1.11,4.732791,34.13,62.51399843235114,0
39.33,4.705927,34.13,62.8410693734599,0
10.8,4.71744,34.13,63.182275995725256,0
-8.47,4.722557,34.13,62.71363488110062,0
5.9,4.712323,34.13,62.71363488110062,0
-3.98,4.722557,34.13,63.03967004989794,0
-21.07,4.719998,34.13,64.29618962271404,0
36.78,4.721278,34.13,63.25345840347388,0
16.62,4.713602,34.13,63.25345840347388,0
-6.96,4.721278,34.13,63.03967004989794,0
-10.79,4.711044,34.13,63.03967004989794,0
-2.25,4.719998,34.15,63.03967004989794,0
-0.21,4.719998,34.15,63.03967004989794,0
-12.55,4.719998,34.15,63.03967004989794,0
16.17,4.721278,34.15,63.03967004989794,0
8.45,4.71744,34.16,63.03967004989794,0
-4.57,4.727674,34.16,63.03967004989794,0
-21.47,4.71744,34.16,63.03967004989794,0
14.37,4.722557,34.16,63.03967004989794,0
12.36,4.711044,34.16,63.03967004989794,0
-4.82,4.727674,34.16,63.03967004989794,0
-7.85,4.722557,34.16,63.03967004989794,0
4.32,4.723836,34.16,63.03967004989794,0
-0.01,4.725115,34.18,63.03967004989794,0
-16.44,4.732791,34.18,63.03967004989794,0
13.74,4.726395,34.18,63.03967004989794,0
9.83,4.726395,34.18,63.03967004989794,0
-6.73,4.726395,34.18,63.03967004989794,0
-12.52,4.725115,34.18,63.25345840347388,0
8.02,4.723836,34.18,63.25345840347388,0
2.39,4.711044,34.18,63.03967004989794,0
-20.04,4.721278,34.18,63.03967004989794,0
16.99,4.721278,34.18,63.03967004989794,0
8.15,4.722557,34.18,63.03967004989794,0
-7.63,4.71744,34.18,63.03967004989794,0
14.84,4.721278,34.21,63.25345840347388,0
6.56,4.71744,34.21,62.120849961989414,0
-8.81,4.721278,34.21,62.8410693734599,0
14.15,4.721278,34.21,62.8410693734599,0
9.51,4.723836,34.16,63.182275995725256,0
2.75,4.716161,34.16,62.26556030423239,0
16.21,4.725115,34.16,63.182275995725256,0
-25.09,4.732791,34.16,62.625873247404705,0
-34.38,4.73535,34.21,63.3798075099633,0
11.33,4.740467,34.21,63.3798075099633,0
21.05,4.732791,34.21,63.182275995725256,0
-4.52,4.732791,34.21,61.0,0
38.55,4.731512,34.16,62.8410693734599,0
18.86,4.732791,34.16,63.0,0
-35.38,4.732791,34.16,62.8410693734599,0
19.62,4.728953,34.16,63.182275995725256,0
1.19,4.722557,34.18,63.182275995725256,0
-41.28,4.716161,34.18,62.8410693734599,0
17.19,4.718719,34.18,63.03967004989794,0
23.33,4.719998,34.18,63.03967004989794,0
-18.95,4.714881,34.18,63.03967004989794,0
13.5,4.725115,34.18,63.03967004989794,0
-0.39,4.721278,34.18,63.03967004989794,0
-18.42,4.721278,34.18,63.03967004989794,0
22.86,4.721278,34.18,63.03967004989794,0
10.58,4.725115,34.18,63.03967004989794,0
-13.15,4.722557,34.18,63.3798075099633,0
6.34,4.721278,34.18,63.03967004989794,0
7.94,4.714881,34.18,63.03967004989794,0
-7.73,4.716161,34.18,63.03967004989794,0
-22.52,4.718719,34.18,63.03967004989794,0
17.43,4.714881,34.18,62.8410693734599,0
8.54,4.716161,34.18,63.03967004989794,0
-11.81,4.713602,34.18,62.8410693734599,0
11.4,4.71744,34.18,63.03967004989794,0
6.95,4.716161,34.18,63.03967004989794,0
-7.76,4.716161,34.23,63.03967004989794,0
-6.65,4.71744,34.23,62.8410693734599,0
8.46,4.719998,34.23,63.3798075099633,0
5.97,4.712323,34.23,63.03967004989794,0
-10.85,4.71744,34.23,63.3798075099633,0
18.89,4.71744,34.23,63.03967004989794,0
9.63,4.71744,34.23,63.03967004989794,0
-12.44,4.716161,34.23,63.03967004989794,0
-24.81,4.711044,34.23,63.03967004989794,0
6.66,4.721278,34.23,63.03967004989794,0
4.84,4.686738,34.23,63.03967004989794,0
-5.02,4.708485,34.23,63.03967004989794,0
-8.69,4.704648,34.21,63.03967004989794,0
2.89,4.714881,34.21,63.3798075099633,0
4.21,4.694413,34.21,63.03967004989794,0
-7.88,4.712323,34.21,63.03967004989794,0
10.75,4.707206,34.25,63.03967004989794,0
7.22,4.704648,34.25,63.03967004989794,0
-7.92,4.707206,34.25,63.03967004989794,0
-21.75,4.708485,34.25,63.03967004989794,0
5.96,4.709764,34.25,63.03967004989794,0
6.07,4.711044,34.25,63.03967004989794,0
-11.19,4.709764,34.25,63.3798075099633,0
14.95,4.703368,34.25,63.03967004989794,0
8.39,4.709764,34.25,63.3798075099633,0
-8.03,4.698251,34.25,63.03967004989794,0
-7.91,4.714881,34.25,63.03967004989794,0
4.09,4.703368,34.25,63.03967004989794,0
-0.69,4.709764,34.27,63.03967004989794,0
-20.45,4.703368,34.27,63.03967004989794,0
19.45,4.707206,34.27,63.3798075099633,0
10.41,4.708485,34.27,63.3798075099633,0
-9.45,4.711044,34.27,63.03967004989794,0
15.73,4.711044,34.27,63.03967004989794,0
7.72,4.709764,34.27,63.3798075099633,0
-10.14,4.709764,34.27,62.8410693734599,0
-3.43,4.704648,34.27,63.182275995725256,0
5.76,4.713602,34.27,62.8410693734599,0
-3.06,4.711044,34.27,62.8410693734599,0
-20.31,4.712323,34.27,63.03967004989794,0
13.02,4.708485,34.25,63.03967004989794,0
8.93,4.716161,34.25,63.03967004989794,0
-12.28,4.707206,34.25,63.03967004989794,0
0.33,4.709764,34.25,63.03967004989794,0
5.83,4.711044,34.29,63.03967004989794,0
-2.48,4.716161,34.29,63.03967004989794,0
-18.62,4.702089,34.29,63.3798075099633,0
16.35,4.708485,34.29,63.3798075099633,0
10.48,4.714881,34.29,63.3798075099633,0
-9.12,4.711044,34.29,62.120849961989414,0
15.77,4.711044,34.29,63.03967004989794,0
4.22,4.711044,34.29,63.03967004989794,0
-9.88,4.713602,34.31,62.8410693734599,0
5.41,4.713602,34.31,63.03967004989794,0
8.03,4.712323,34.31,63.3798075099633,0
-5.77,4.713602,34.31,62.120849961989414,0
-23.06,4.713602,34.33,63.03967004989794,0
8.29,4.707206,34.33,62.8410693734599,0
4.64,4.708485,34.33,63.03967004989794,0
-12.47,4.708485,34.33,63.96092557178953,0
19.27,4.711044,34.31,62.8410693734599,0
17.35,4.704648,34.31,63.4428877022476,0
-8.1,4.714881,34.31,62.32976816898969,0
-8.25,4.716161,34.31,62.32976816898969,0
-6.53,4.709764,34.33,63.095166217389426,0
-15.07,4.719998,34.33,63.92182725798755,0
10.82,4.71744,34.33,64.10148204214939,0
18.04,4.719998,34.33,62.8410693734599,0
9.54,4.718719,34.34,62.8410693734599,0
9.33,4.718719,34.34,63.182275995725256,0
6.26,4.71744,34.34,63.182275995725256,0
-7.63,4.721278,34.34,62.8410693734599,0
-45.87,4.71744,34.37,62.8410693734599,0
-6.93,4.727674,34.37,62.8410693734599,0
8.19,4.719998,34.37,63.0,0
0.58,4.723836,34.37,62.8410693734599,0
15.69,4.719998,34.37,63.0,0
1.91,4.730232,34.37,63.182275995725256,0
-12.88,4.723836,34.37,62.65780079128216,0
11.72,4.725115,34.37,62.8410693734599,0
7.76,4.719998,34.41,63.182275995725256,0
-2.78,4.727674,34.41,62.8410693734599,0
-20.59,4.726395,34.41,63.182275995725256,0
1.8,4.722557,34.41,62.8410693734599,0
5.52,4.725115,34.39,62.8410693734599,0
-1.03,4.728953,34.39,62.8410693734599,0
7.5,4.728953,34.39,63.182275995725256,0
5.43,4.727674,34.39,63.182275995725256,0
-1.94,4.727674,34.39,62.8410693734599,0
-14.13,4.719998,34.39,63.0,0
1.71,4.695693,34.39,63.182275995725256,0
-7.49,4.705927,34.39,63.0,0
-19.52,4.714881,34.41,62.65780079128216,0
14.11,4.711044,34.41,63.182275995725256,0
7.66,4.716161,34.41,63.182275995725256,0
-10.57,4.708485,34.41,63.182275995725256,0
11.18,4.716161,34.45,62.8410693734599,0
5.04,4.716161,34.45,63.0,0
-3.43,4.714881,34.45,63.182275995725256,0
10.97,4.722557,34.45,63.0,0
12.82,4.719998,34.43,62.8410693734599,0
-7.47,4.708485,34.43,63.182275995725256,0
14.47,4.713602,34.43,63.182275995725256,0
-2.33,4.719998,34.43,63.182275995725256,0
-16.95,4.71744,34.43,62.8410693734599,0
9.22,4.723836,34.43,63.182275995725256,0
0.14,4.722557,34.43,63.182275995725256,0
-16.52,4.721278,34.43,63.182275995725256,0
10.68,4.71744,34.43,63.182275995725256,0
0.74,4.719998,34.43,63.182275995725256,0
-17.48,4.722557,34.43,63.182275995725256,0
4.24,4.721278,34.43,62.8410693734599,0
-3.11,4.721278,34.41,62.8410693734599,0
-0.84,4.71744,34.41,63.182275995725256,0
11.29,4.718719,34.41,63.182275995725256,0
-2.09,4.71744,34.41,62.8410693734599,0
3.31,4.711044,34.41,62.26556030423239,0
3.11,4.712323,34.41,63.0,0
-7.45,4.709764,34.41,61.91930232165088,0
-3.18,4.713602,34.41,63.182275995725256,0
17.3,4.708485,34.43,63.92182725798755,0
-0.55,4.719998,34.43,62.928530890209096,0
-27.9,4.713602,34.43,63.03967004989794,0
-5.96,4.714881,34.43,63.25345840347388,0
8.83,4.702089,34.43,64.06246951218786,0
-4.12,4.722557,34.43,63.773035054010094,0
-12.97,4.714881,34.43,62.57795138864806,0
15.1,4.726395,34.43,61.91930232165088,0
16.12,4.723836,34.41,63.88270501473775,0
-20.17,4.731512,34.41,61.59545437773797,0
23.95,4.726395,34.41,63.29296959378664,0
4.79,4.726395,34.41,63.812224534175265,0
-5.43,4.725115,34.43,63.15853069855251,0
13.53,4.727674,34.43,61.00819617067857,0
-0.11,4.726395,34.43,63.324560795950255,0
-27.52,4.723836,34.43,62.457985878508765,0
31.61,4.727674,34.43,62.457985878508765,0
-4.53,4.721278,34.43,62.457985878508765,0
-18.62,4.726395,34.43,63.324560795950255,0
1.68,4.722557,34.43,63.079315151640635,0
5.82,4.728953,34.39,63.324560795950255,0
0.52,4.726395,34.39,61.59545437773797,0
7.78,4.736629,34.39,62.457985878508765,0
14.35,4.740467,34.39,62.89674077406555,0
9.99,4.744304,34.39,62.89674077406555,0
-21.27,4.741745,34.39,62.49799996799898,0
4.66,4.736629,34.39,62.49799996799898,0
-10.79,4.739187,34.39,63.34824385884742,0
-15.45,4.741745,34.39,62.49799996799898,0
-7.86,4.73535,34.39,62.0403094769844,0
19.03,4.745584,34.39,62.89674077406555,0
-2.74,4.746863,34.39,62.0403094769844,0
-0.11,4.748142,34.34,62.89674077406555,0
7.26,4.748142,34.34,62.89674077406555,0
-16.44,4.746863,34.34,62.64982043070834,0
7.05,4.743025,34.34,62.64982043070834,0
-6.03,4.743025,34.34,62.89674077406555,0
-14.79,4.740467,34.34,62.89674077406555,0
11.84,4.736629,34.34,62.89674077406555,0
1.51,4.73535,34.34,62.89674077406555,0
-14.01,4.730232,34.33,62.89674077406555,0
15.43,4.740467,34.33,62.89674077406555,0
0.92,4.731512,34.33,62.89674077406555,0
-15.11,4.73407,34.33,62.89674077406555,0
20.8,4.727674,34.31,62.89674077406555,0
5.45,4.741745,34.31,62.89674077406555,0
-19.11,4.723836,34.31,62.64982043070834,0
23.18,4.73535,34.31,62.89674077406555,0
6.84,4.727674,34.31,62.89674077406555,0
-23.78,4.731512,34.31,63.15853069855251,0
22.78,4.703368,34.31,62.89674077406555,0
7.1,4.722557,34.31,62.89674077406555,0
-29.6,4.725115,34.31,62.89674077406555,0
25.77,4.721278,34.31,62.64982043070834,0
15.67,4.726395,34.31,62.64982043070834,0
-29.32,4.725115,34.31,62.64982043070834,0
22.57,4.730232,34.27,62.89674077406555,0
0.78,4.726395,34.27,62.89674077406555,0
-45.64,4.732791,34.27,61.91930232165088,0
24.62,4.728953,34.27,63.45076831686122,0
22.86,4.743025,34.27,62.0403094769844,0
-5.35,4.737908,34.27,62.76145313805282,0
40.54,4.744304,34.27,64.52131430775415,0
38.68,4.748142,34.27,59.799665550904216,0
-28.85,4.758376,34.27,58.12056434688156,0
-39.03,4.693134,34.27,63.28506932918696,0
89.96,4.590794,34.27,65.70388116390082,0
-66.86,4.537066,34.27,63.0,0
-64.59,4.510201,34.25,62.24146527838174,0
-43.4,4.473103,34.25,62.5859409132754,0
53.83,4.411699,34.25,62.5859409132754,0
-4.79,4.405843,34.25,62.03224967708329,0
-27.15,4.372583,34.23,62.5859409132754,0
7.56,4.35979,34.23,62.5859409132754,0
2.2,4.344439,34.23,62.20932405998316,0
-16.17,4.338043,34.23,62.5859409132754,0
-24.61,4.317575,34.25,62.95236294214857,0
20.14,4.313737,34.25,62.77738446287803,0
25.28,4.304782,34.25,62.95236294214857,0
-3.39,4.295827,34.25,62.40192304729078,0
-12.2,4.286873,34.21,62.40192304729078,0
15.12,4.271522,34.21,62.77738446287803,0
8.75,4.271522,34.21,62.40192304729078,0
-9.89,4.261288,34.21,62.77738446287803,0
-7.19,4.249774,34.23,62.77738446287803,0
6.66,4.236982,34.23,62.40192304729078,0
1.02,4.234424,34.23,62.77738446287803,0
-11.83,4.226748,34.23,62.77738446287803,0
-7.19,4.233144,34.21,62.40192304729078,0
4.46,4.228027,34.21,62.40192304729078,0
0.96,4.217793,34.21,62.40192304729078,0
-10.47,4.210118,34.21,62.40192304729078,0
5.69,4.203722,34.21,62.40192304729078,0
7.38,4.193488,34.21,62.40192304729078,0
-0.99,4.192208,34.21,62.40192304729078,0
-13.78,4.180695,34.21,62.40192304729078,0
9.5,4.175578,34.18,62.40192304729078,0
4.65,4.167902,34.18,62.40192304729078,0
-8.41,4.165344,34.18,62.40192304729078,0
6.47,4.160227,34.18,62.40192304729078,0
9.69,4.157669,34.16,62.40192304729078,0
-4.03,4.166623,34.16,62.40192304729078,0
-12.42,4.157669,34.16,62.40192304729078,0
9.09,4.151272,34.16,62.77738446287803,0
7.56,4.149993,34.16,62.77738446287803,0
-2.71,4.15511,34.16,62.77738446287803,0
-12.67,4.149993,34.16,62.77738446287803,0
10.89,4.15511,34.16,62.77738446287803,0
8.72,4.148714,34.16,62.42595614005443,0
-2.06,4.160227,34.16,62.03224967708329,0
-13.79,4.152552,34.16,63.166446789415026,0
8.58,4.162786,34.16,61.886993787063204,0
8.18,4.156389,34.15,62.65780079128216,0
4.55,4.148714,34.15,62.65780079128216,0
-12.01,4.141038,34.15,62.65780079128216,0
1.0,4.146155,34.15,62.65780079128216,0
5.56,4.142317,34.13,62.65780079128216,0
-0.15,4.1372,34.13,61.94352266379432,0
-8.35,4.1372,34.13,62.65780079128216,0
-11.97,4.130804,34.13,62.65780079128216,0
5.12,4.1372,34.13,62.65780079128216,0
5.27,4.134642,34.13,62.65780079128216,0
-7.21,4.1372,34.13,62.65780079128216,0
8.81,4.141038,34.13,62.65780079128216,0
8.79,4.143597,34.09,62.65780079128216,0
-1.46,4.130804,34.09,62.65780079128216,0
-7.09,4.134642,34.09,62.65780079128216,0
9.3,4.126966,34.09,62.65780079128216,0
8.16,4.125687,34.09,62.65780079128216,0
-2.57,4.124408,34.09,62.65780079128216,0
-12.2,4.100102,34.09,62.65780079128216,0
12.11,4.115453,34.09,62.65780079128216,0
8.53,4.110336,34.11,62.24949798994366,0
-1.28,4.119291,34.11,62.65780079128216,0
-11.41,4.110336,34.11,62.24949798994366,0
11.04,4.114174,34.11,62.65780079128216,0
7.45,4.101381,34.09,62.976185975335156,0
-4.45,4.115453,34.09,62.976185975335156,0
-16.96,4.107778,34.09,63.3798075099633,0
7.62,4.105219,34.09,62.10475022089695,0
5.58,4.100102,34.05,62.24949798994366,0
-7.7,4.097544,34.05,62.24949798994366,0
-11.27,4.094985,34.05,62.976185975335156,0
6.9,4.094985,34.05,62.24949798994366,0
3.71,4.092427,34.05,62.24949798994366,0
-7.86,4.08603,34.05,62.976185975335156,0
-1.07,4.088589,34.05,62.42595614005443,0
4.91,4.079634,34.05,62.42595614005443,0
2.86,4.08731,34.07,62.42595614005443,0
-10.17,4.079634,34.07,62.42595614005443,0
8.28,4.083472,34.07,62.83311228962003,0
6.67,4.077075,34.07,62.42595614005443,0
-1.18,4.079634,34.0,62.83311228962003,0
-13.1,4.071959,34.0,62.42595614005443,0
14.99,4.074517,34.0,62.42595614005443,0
7.42,4.068121,34.0,62.42595614005443,0
-3.88,4.074517,34.03,62.10475022089695,0
-21.21,4.074517,34.03,62.42595614005443,0
10.49,4.057887,34.03,62.42595614005443,0
8.88,4.064283,34.03,62.42595614005443,0
-5.69,4.061725,33.99,62.42595614005443,0
-21.04,4.061725,33.99,62.42595614005443,0
8.04,4.055328,33.99,62.42595614005443,0
9.65,4.060445,33.99,62.42595614005443,0
-1.68,4.051491,34.0,62.42595614005443,0
-18.2,4.057887,34.0,62.42595614005443,0
10.76,4.054049,34.0,63.166446789415026,0
9.54,4.054049,34.0,62.42595614005443,0
-5.15,4.048932,34.0,62.42595614005443,0
-18.33,4.048932,34.0,62.42595614005443,0
8.73,4.048932,34.0,62.42595614005443,0
5.28,4.045094,34.0,62.42595614005443,0
-8.55,4.045094,34.0,62.42595614005443,0
-13.11,4.043815,34.0,62.42595614005443,0
5.95,4.043815,34.0,62.42595614005443,0
3.85,4.042536,34.0,62.42595614005443,0
-8.11,4.043815,34.03,62.42595614005443,0
-3.14,4.038698,34.03,62.42595614005443,0
7.54,4.039978,34.03,62.42595614005443,0
1.87,4.033581,34.03,62.42595614005443,0
-8.91,4.032302,33.99,62.42595614005443,0
10.69,4.032302,33.99,62.42595614005443,0
9.88,4.031023,33.99,62.42595614005443,0
-3.17,4.031023,33.99,62.42595614005443,0
-16.49,4.032302,33.99,62.42595614005443,0
7.67,4.029743,33.99,62.42595614005443,0
3.47,4.027185,33.99,62.42595614005443,0
-12.62,4.027185,33.99,62.42595614005443,0
11.27,4.027185,33.99,62.42595614005443,0
10.09,4.025906,33.99,62.42595614005443,0
-3.44,4.020789,33.99,62.42595614005443,0
-19.3,4.023347,33.99,63.166446789415026,0
10.61,4.019509,33.99,62.42595614005443,0
7.61,4.025906,33.99,62.42595614005443,0
-3.93,4.022068,33.99,62.42595614005443,0
-15.49,4.020789,33.99,62.42595614005443,0
7.49,4.020789,33.97,62.42595614005443,0
7.71,4.020789,33.97,62.42595614005443,0
-7.84,4.01823,33.97,62.42595614005443,0
-2.08,4.01823,33.97,62.42595614005443,0
6.29,4.015672,33.99,62.42595614005443,0
-0.24,4.010555,33.99,62.42595614005443,0
-10.71,4.007996,33.99,62.42595614005443,0
4.51,4.005437,33.99,62.42595614005443,0
6.92,4.007996,33.99,62.42595614005443,0
-0.8,4.002879,33.99,62.42595614005443,0
-12.3,4.006717,33.99,63.166446789415026,0
10.16,4.005437,33.99,62.42595614005443,0
8.87,4.005437,33.97,62.42595614005443,0
-2.22,4.007996,33.97,62.77738446287803,0
-15.39,3.979852,33.97,62.42595614005443,0
10.02,3.995203,33.97,62.77738446287803,0
9.87,3.995203,33.99,62.63385665915839,0
-7.6,3.996483,33.99,62.24146527838174,0
4.76,3.999041,33.99,62.10475022089695,0
6.95,4.011834,33.99,62.52199612936234,0
-0.29,4.046373,33.99,62.37788069500277,0
-13.69,4.129525,33.99,65.29931086925804,0
10.5,4.184533,33.99,63.324560795950255,0
-3.18,4.160227,33.99,73.37574531137656,0
-11.21,4.167902,33.99,59.09314681077663,0
-61.72,4.184533,33.99,65.80273550544841,0
57.59,4.158948,33.99,60.53924347066124,0
-8.68,4.114174,33.99,61.862751312886175,0
-0.19,4.105219,33.97,64.03124237432849,0
50.62,4.110336,33.97,62.52199612936234,0
5.69,4.114174,33.97,62.5939294181153,0
-22.09,4.110336,33.97,63.52164985262898,0
4.87,4.12185,33.97,63.095166217389426,0
-14.91,4.132083,33.97,63.45076831686122,0
2.83,4.13848,33.97,62.5939294181153,0
2.8,4.139759,33.97,62.68173577685928,0
-4.36,4.146155,34.0,62.68173577685928,0
3.79,4.1372,34.0,62.5939294181153,0
19.33,4.149993,34.0,63.52164985262898,0
6.71,4.144876,34.0,62.5939294181153,0
-15.62,4.151272,33.99,62.5939294181153,0
10.29,4.153831,33.99,62.5939294181153,0
2.53,4.152552,33.99,62.5939294181153,0
-8.64,4.151272,33.99,62.5939294181153,0
8.27,4.148714,33.97,62.5939294181153,0
9.75,4.157669,33.97,62.5939294181153,0
-3.88,4.149993,33.97,62.68173577685928,0
1.48,4.156389,33.97,63.608175575157006,0
6.28,4.152552,33.99,62.68173577685928,0
-3.0,4.161506,33.99,62.68173577685928,0
-12.11,4.142317,33.99,62.68173577685928,0
5.62,4.158948,33.99,63.05553108173778,0
7.66,4.15511,33.99,63.05553108173778,0
-3.98,4.152552,33.99,62.68173577685928,0
-8.22,4.15511,33.99,62.68173577685928,0
2.58,4.15511,33.99,63.05553108173778,0
1.2,4.156389,34.0,62.68173577685928,0
-10.37,4.156389,34.0,62.68173577685928,0
3.05,4.156389,34.0,62.68173577685928,0
2.85,4.152552,34.0,62.68173577685928,0
-8.84,4.156389,34.03,62.68173577685928,0
6.56,4.146155,34.03,62.68173577685928,0
2.71,4.160227,34.03,62.68173577685928,0
-10.11,4.149993,34.03,62.68173577685928,0
4.61,4.153831,34.03,62.68173577685928,0
3.76,4.157669,34.03,62.68173577685928,0
-9.02,4.156389,34.03,62.68173577685928,0
6.12,4.15511,34.03,62.68173577685928,0
0.11,4.152552,34.0,62.68173577685928,0
-9.51,4.161506,34.0,63.05553108173778,0
4.35,4.157669,34.0,62.68173577685928,0
-0.68,4.156389,34.0,63.05553108173778,0
-5.88,4.146155,33.99,63.05553108173778,0
4.02,4.156389,33.99,63.05553108173778,0
-1.43,4.149993,33.99,62.68173577685928,0
-1.39,4.161506,33.99,62.68173577685928,0
5.79,4.152552,33.99,62.68173577685928,0
-3.07,4.161506,33.99,62.68173577685928,0
-3.49,4.157669,33.99,63.05553108173778,0
3.72,4.157669,33.99,63.05553108173778,0
2.41,4.160227,33.99,63.05553108173778,0
-10.21,4.158948,33.99,63.05553108173778,0
8.72,4.158948,33.99,64.07807737440318,0
4.93,4.174299,33.99,63.474404290233394,0
-4.93,4.205001,33.99,63.05553108173778,0
-2.69,4.207559,33.99,61.886993787063204,0
8.93,4.194767,33.99,62.369864518050704,0
-4.97,4.192208,33.99,61.75759062657804,0
-14.0,4.20628,34.0,62.71363488110062,0
-2.78,4.225469,34.0,62.63385665915839,0
24.65,4.245937,34.0,61.36774397026503,0
-5.41,4.277918,34.0,62.13694553162394,0
-8.18,4.249774,33.99,63.03967004989794,0
-2.12,4.24082,33.99,63.75735251718032,0
-5.0,4.196046,33.99,63.702433234531945,0
-7.6,4.212676,33.99,63.56886030125127,0
12.48,4.199884,33.97,63.56886030125127,0
-4.54,4.18965,33.97,63.914004725099176,0
-2.75,4.179416,33.97,62.976185975335156,0
-6.61,4.184533,33.97,61.68468205316454,0
8.56,4.180695,33.97,62.976185975335156,0
0.49,4.192208,33.97,63.33245613427605,0
-7.39,4.190929,33.97,62.976185975335156,0
6.79,4.192208,33.97,62.976185975335156,0
-2.61,4.184533,33.99,62.976185975335156,0
-12.3,4.188371,33.99,62.976185975335156,0
-5.04,4.187091,33.99,62.976185975335156,0
8.54,4.192208,33.99,62.976185975335156,0
-9.04,4.185812,33.97,62.63385665915839,0
9.48,4.198605,33.97,62.625873247404705,0
0.89,4.198605,33.97,62.625873247404705,0
-11.53,4.201163,33.97,62.625873247404705,0
11.1,4.201163,33.99,62.63385665915839,0
-0.06,4.198605,33.99,62.976185975335156,0
-14.21,4.199884,33.99,62.976185975335156,0
6.71,4.205001,33.99,62.976185975335156,0
-0.87,4.203722,33.99,62.976185975335156,0
-17.09,4.211397,33.99,62.976185975335156,0
12.09,4.210118,33.99,62.976185975335156,0
7.68,4.207559,33.99,62.976185975335156,0
-2.62,4.213955,33.95,62.976185975335156,0
-16.62,4.210118,33.95,62.976185975335156,0
11.51,4.212676,33.95,61.69278726074872,0
4.63,4.210118,33.95,62.63385665915839,0
-6.63,4.211397,33.97,62.976185975335156,0
-9.08,4.199884,33.97,64.6297145282261,0
6.76,4.198605,33.97,62.0403094769844,0
0.7,4.18965,33.97,62.69768735766894,0
-6.38,4.208838,33.95,61.424750711744856,0
11.06,4.205001,33.95,63.93746945258312,0
4.95,4.213955,33.95,63.0,0
-11.85,4.212676,33.95,62.65780079128216,0
-6.79,4.217793,33.95,62.65780079128216,0
8.89,4.221631,33.95,62.63385665915839,0
1.07,4.219072,33.95,63.0,0
-15.15,4.22419,33.95,62.976185975335156,0
9.49,4.219072,33.97,63.0,0
5.98,4.22291,33.97,62.976185975335156,0
-8.68,4.215235,33.97,62.63385665915839,0
3.25,4.220352,33.97,62.65780079128216,0
3.38,4.220352,33.95,63.03967004989794,0
-4.02,4.244658,33.95,63.03967004989794,0
-10.21,4.238261,33.95,63.39558344238185,0
5.2,4.244658,33.95,63.45076831686122,0
-1.52,4.243378,33.95,62.52199612936234,0
-8.83,4.254891,33.95,63.45076831686122,0
7.58,4.254891,33.95,63.45076831686122,0
6.56,4.253613,33.95,62.52199612936234,0
-3.49,4.272801,33.97,63.45076831686122,0
-1.12,4.27536,33.97,62.465990746965666,0
8.17,4.27408,33.97,63.45076831686122,0
1.92,4.253613,33.97,63.03967004989794,0
-8.68,4.249774,33.95,63.03967004989794,0
8.63,4.251054,33.95,63.03967004989794,0
4.57,4.251054,33.95,63.03967004989794,0
-4.32,4.251054,33.95,63.03967004989794,0
-14.42,4.254891,33.97,63.39558344238185,0
8.07,4.25745,33.97,63.03967004989794,0
2.29,4.261288,33.97,62.10475022089695,0
-7.82,4.253613,33.97,63.03967004989794,0
-1.23,4.251054,33.97,63.45076831686122,0
7.9,4.253613,33.97,63.095166217389426,0
-0.12,4.253613,33.97,63.45076831686122,0
-7.27,4.252333,33.97,62.52199612936234,0
-0.92,4.252333,33.97,62.52199612936234,0
5.76,4.25745,33.97,63.45076831686122,0
1.16,4.248495,33.97,63.095166217389426,0
-5.63,4.251054,33.97,63.095166217389426,0
1.85,4.254891,34.0,63.095166217389426,0
5.91,4.260008,34.0,63.45076831686122,0
-1.41,4.256171,34.0,62.161081071680215,0
-9.34,4.268963,34.0,63.45076831686122,0
9.37,4.279197,33.99,63.45076831686122,0
5.42,4.276639,33.99,63.45076831686122,0
-5.12,4.25745,33.99,62.52199612936234,0
-10.02,4.267684,33.99,63.45076831686122,0
8.28,4.27408,33.99,62.52199612936234,0
2.25,4.270243,33.99,63.45076831686122,0
-5.43,4.280477,33.99,63.095166217389426,0
4.94,4.276639,33.99,63.45076831686122,0
3.85,4.276639,34.0,63.45076831686122,0
-1.86,4.27536,34.0,63.095166217389426,0
-10.13,4.27408,34.0,63.39558344238185,0
6.76,4.280477,34.0,63.095166217389426,0
2.84,4.277918,33.97,63.45076831686122,0
-7.99,4.284314,33.97,63.03967004989794,0
8.96,4.281756,33.97,63.095166217389426,0
4.33,4.280477,33.97,63.45076831686122,0
-7.88,4.276639,34.0,63.45076831686122,0
4.0,4.285594,34.0,63.45076831686122,0
3.41,4.283035,34.0,63.45076831686122,0
-3.54,4.281756,34.0,62.52199612936234,0
-7.52,4.276639,33.99,62.52199612936234,0
6.8,4.280477,33.99,63.45076831686122,0
1.77,4.280477,33.99,62.52199612936234,0
-9.9,4.280477,33.99,62.161081071680215,0
9.57,4.281756,34.0,62.52199612936234,0
7.22,4.280477,34.0,61.59545437773797,0
-5.12,4.286873,34.0,62.5939294181153,0
-13.54,4.289432,34.0,63.89053137985315,0
7.28,4.288152,34.03,62.96824596572466,0
1.08,4.286873,34.03,62.5939294181153,0
-1.94,4.29199,34.03,62.96824596572466,0
1.47,4.29199,34.03,62.96824596572466,0
4.71,4.295827,34.05,62.96824596572466,0
0.6,4.300945,34.05,62.96824596572466,0
-7.21,4.299665,34.05,62.5939294181153,0
-0.4,4.294549,34.05,62.5939294181153,0
6.75,4.298386,34.03,62.5939294181153,0
0.96,4.293269,34.03,62.5939294181153,0
-7.97,4.299665,34.03,62.96824596572466,0
-0.56,4.299665,34.03,63.05553108173778,0
3.71,4.302224,34.05,62.96824596572466,0
-2.93,4.303503,34.05,62.96824596572466,0
-11.02,4.300945,34.05,62.96824596572466,0
6.43,4.298386,34.05,62.96824596572466,0
6.46,4.30862,34.05,62.96824596572466,0
0.53,4.307341,34.05,62.5939294181153,0
-5.98,4.306062,34.05,62.5939294181153,0
9.61,4.306062,34.05,63.45076831686122,0
8.11,4.300945,34.05,62.5939294181153,0
-0.06,4.307341,34.05,62.52199612936234,0
-12.68,4.302224,34.05,63.45076831686122,0
9.0,4.309899,34.05,63.45076831686122,0
3.87,4.304782,34.07,62.52199612936234,0
-4.85,4.311179,34.07,62.5939294181153,0
-7.79,4.303503,34.07,62.52199612936234,0
5.56,4.315016,34.07,62.5939294181153,0
1.73,4.311179,34.07,62.5939294181153,0
-11.21,4.323971,34.07,62.5939294181153,0
11.61,4.312458,34.07,62.5939294181153,0
3.37,4.317575,34.07,62.5939294181153,0
-7.14,4.312458,34.11,62.5939294181153,0
9.61,4.321413,34.11,62.5939294181153,0
4.4,4.325251,34.11,62.5939294181153,0
-6.33,4.321413,34.11,62.5939294181153,0
-1.09,4.30862,34.09,62.5939294181153,0
5.85,4.312458,34.09,62.96824596572466,0
-1.56,4.318854,34.09,62.96824596572466,0
-11.68,4.317575,34.09,62.96824596572466,0
8.39,4.317575,34.11,62.5939294181153,0
2.58,4.315016,34.11,63.52164985262898,0
-7.61,4.316296,34.11,62.5939294181153,0
10.63,4.315016,34.11,63.97655820689325,0
4.69,4.298386,34.13,62.976185975335156,0
-7.19,4.294549,34.13,63.2771680782255,0
-0.55,4.29071,34.13,64.03124237432849,0
3.53,4.286873,34.13,62.369864518050704,0
-2.97,4.279197,34.13,63.25345840347388,0
-9.57,4.281756,34.13,63.63961030678928,0
8.65,4.283035,34.13,63.60031446463138,0
0.64,4.276639,34.13,63.2771680782255,0
-4.16,4.279197,34.13,63.31666447310692,0
3.78,4.238261,34.13,62.69768735766894,0
2.24,4.217793,34.13,63.694583757176716,0
-1.43,4.230586,34.13,62.69768735766894,0
-11.2,4.234424,34.15,62.75348595894893,0
2.83,4.231865,34.15,63.694583757176716,0
-0.82,4.236982,34.15,63.694583757176716,0
-11.93,4.228027,34.15,62.69768735766894,0
9.03,4.238261,34.16,62.69768735766894,0
5.8,4.231865,34.16,62.42595614005443,0
-5.83,4.24082,34.16,62.369864518050704,0
-7.4,4.24082,34.16,62.369864518050704,0
6.37,4.238261,34.16,62.42595614005443,0
2.62,4.245937,34.16,62.369864518050704,0
-7.2,4.242099,34.16,63.37191807101944,0
7.27,4.242099,34.16,62.75348595894893,0
5.85,4.236982,34.16,62.75348595894893,0
0.19,4.239541,34.16,62.75348595894893,0
-9.4,4.226748,34.16,63.63961030678928,0
9.21,4.236982,34.16,62.369864518050704,0
5.98,4.231865,34.18,62.42595614005443,0
-3.23,4.243378,34.18,62.75348595894893,0
-13.97,4.235703,34.18,62.69768735766894,0
6.06,4.236982,34.18,63.63961030678928,0
2.68,4.228027,34.16,62.69768735766894,0
-4.92,4.239541,34.16,62.69768735766894,0
-0.47,4.244658,34.16,62.75348595894893,0
3.17,4.244658,34.16,62.82515419798029,0
-1.13,4.243378,34.18,62.75348595894893,0
-6.42,4.236982,34.18,62.82515419798029,0
12.52,4.247216,34.18,63.166446789415026,0
-0.98,4.262567,34.18,63.25345840347388,0
-13.77,4.266405,34.18,63.25345840347388,0
5.44,4.267684,34.18,63.608175575157006,0
1.73,4.270243,34.18,63.608175575157006,0
-8.41,4.263846,34.18,62.68173577685928,0
5.04,4.267684,34.21,62.5939294181153,0
-2.82,4.289432,34.21,62.68173577685928,0
-6.75,4.29199,34.21,63.166446789415026,0
4.96,4.285594,34.21,63.166446789415026,0
-3.18,4.284314,34.18,63.52164985262898,0
-3.02,4.286873,34.18,62.5939294181153,0
6.6,4.289432,34.18,62.23343153000644,0
-3.65,4.29199,34.18,62.23343153000644,0
1.99,4.293269,34.21,62.5939294181153,0
3.99,4.284314,34.21,62.321745803531535,0
-5.85,4.297107,34.21,63.608175575157006,0
-6.03,4.295827,34.21,63.52164985262898,0
6.7,4.293269,34.21,62.5939294181153,0
-0.43,4.297107,34.21,62.68173577685928,0
-14.07,4.298386,34.21,62.5939294181153,0
9.71,4.29199,34.21,62.68173577685928,0
4.55,4.298386,34.21,62.68173577685928,0
-7.34,4.298386,34.21,62.68173577685928,0
-0.4,4.294549,34.21,62.5939294181153,0
4.52,4.295827,34.21,62.68173577685928,0
-0.7,4.293269,34.18,62.68173577685928,0
-11.45,4.30862,34.18,63.97655820689325,0
9.27,4.299665,34.18,62.048368229954285,0
3.09,4.294549,34.18,63.608175575157006,0
-7.51,4.254891,34.21,62.112800613078136,0
0.36,4.263846,34.21,59.1100668245266,0
0.29,4.249774,34.21,60.860496218811754,0
19.02,4.211397,34.21,63.33245613427605,0
-20.23,4.185812,34.23,62.80923498976882,0
-54.21,4.193488,34.23,62.353829072479584,0
91.48,4.194767,34.23,62.49799996799898,0
-35.79,4.190929,34.23,62.75348595894893,0
5.9,4.184533,34.21,62.313722405261586,0
-1.62,4.178136,34.21,63.190189111918315,0
6.85,4.178136,34.21,63.190189111918315,0
7.47,4.175578,34.21,62.353829072479584,0
-0.01,4.173019,34.23,62.80923498976882,0
-5.81,4.166623,34.23,62.353829072479584,0
1.31,4.173019,34.23,62.88083968904996,0
1.0,4.162786,34.23,62.88083968904996,0
-10.21,4.166623,34.23,62.0403094769844,0
9.36,4.165344,34.23,63.190189111918315,0
5.54,4.165344,34.23,62.353829072479584,0
-12.54,4.157669,34.23,62.353829072479584,0
10.79,4.161506,34.25,62.353829072479584,0
8.7,4.157669,34.25,62.353829072479584,0
-9.9,4.134642,34.25,63.190189111918315,0
18.32,4.143597,34.25,63.190189111918315,0
8.66,4.141038,34.25,63.190189111918315,0
-10.07,4.13848,34.25,62.353829072479584,0
15.64,4.146155,34.25,62.353829072479584,0
7.94,4.147434,34.25,62.353829072479584,0
-6.87,4.147434,34.27,62.353829072479584,0
-20.38,4.147434,34.27,62.353829072479584,0
11.86,4.147434,34.27,62.353829072479584,0
3.65,4.139759,34.27,62.353829072479584,0
-11.17,4.1372,34.27,62.353829072479584,0
7.46,4.144876,34.27,62.353829072479584,0
8.32,4.1372,34.27,62.353829072479584,0
-5.21,4.133363,34.27,63.190189111918315,0
-10.41,4.133363,34.29,62.353829072479584,0
6.39,4.141038,34.29,62.353829072479584,0
0.02,4.130804,34.29,62.353829072479584,0
-17.8,4.134642,34.29,62.353829072479584,0
13.74,4.124408,34.29,63.190189111918315,0
4.33,4.134642,34.29,62.353829072479584,0
-11.57,4.126966,34.29,62.353829072479584,0
2.26,4.128246,34.29,62.353829072479584,0
8.07,4.126966,34.29,62.68173577685928,0
-3.63,4.132083,34.29,62.353829072479584,0
-19.24,4.123129,34.29,62.68173577685928,0
14.99,4.123129,34.29,63.13477647065839,0
9.32,4.124408,34.31,61.98386886924694,0
-7.74,4.123129,34.31,62.03224967708329,0
3.08,4.123129,34.31,63.953107821277925,0
-0.85,4.124408,34.31,63.60031446463138,0
-4.64,4.112895,34.31,62.30569797378086,0
-7.45,4.106498,34.31,53.45091205957107,0
11.35,4.125687,34.31,65.33758489567853,0
-2.75,4.129525,34.31,63.324560795950255,0
-6.63,4.143597,34.31,62.68971207462992,0
5.6,4.147434,34.31,62.68971207462992,0
-18.19,4.157669,34.31,62.80923498976882,0
-12.9,4.156389,34.31,62.80923498976882,0
17.12,4.162786,34.31,62.5859409132754,0
13.65,4.170461,34.31,62.68173577685928,0
-4.93,4.192208,34.31,63.631753079732135,0
10.32,4.205001,34.31,64.77653896280658,0
28.96,4.205001,34.33,62.080592780675026,0
-45.47,4.203722,34.33,60.14149981501958,0
-46.43,4.205001,34.33,69.05794668247819,0
6.15,4.225469,34.33,63.631753079732135,0
7.12,4.216514,34.33,63.953107821277925,0
31.68,4.228027,34.33,63.150613615387776,0
-26.72,4.221631,34.33,62.20128616033595,0
-42.66,4.230586,34.33,63.150613615387776,0
37.28,4.229307,34.33,62.8728876384726,0
-14.22,4.24082,34.33,63.28506932918696,0
-5.58,4.235703,34.33,63.00793600809346,0
1.25,4.247216,34.33,63.28506932918696,0
-11.12,4.256171,34.33,63.00793600809346,0
-5.2,4.251054,34.33,63.00793600809346,0
-5.27,4.249774,34.33,63.00793600809346,0
5.02,4.244658,34.33,63.00793600809346,0
14.88,4.251054,34.33,63.00793600809346,0
9.93,4.248495,34.33,63.00793600809346,0
-10.55,4.251054,34.33,62.74551776820397,0
-27.56,4.251054,34.33,63.00793600809346,0
10.7,4.253613,34.34,62.89674077406555,0
14.48,4.253613,34.34,63.00793600809346,0
9.34,4.254891,34.34,62.8728876384726,0
-15.84,4.252333,34.34,63.702433234531945,0
7.07,4.258729,34.34,62.609903369994115,0
9.82,4.266405,34.34,61.587336360651285,0
4.18,4.267684,34.34,64.69157595854347,0
-10.51,4.277918,34.34,61.69278726074872,0
-9.89,4.286873,34.34,61.90315016216864,0
7.36,4.29199,34.34,63.34824385884742,0
67.02,4.298386,34.34,62.20932405998316,0
-27.08,4.336764,34.34,63.35613624582863,0
22.04,4.364907,34.34,62.20932405998316,0
70.11,4.368745,34.34,63.92182725798755,0
30.28,4.367465,34.34,62.10475022089695,0
27.4,4.348277,34.34,63.15853069855251,0
-85.61,4.35979,34.34,63.4428877022476,0
-101.87,4.330368,34.34,63.608175575157006,0
-35.26,4.323971,34.34,62.63385665915839,0
-89.68,4.340601,34.34,63.13477647065839,0
34.82,4.34316,34.31,64.50581369148055,0
113.89,4.348277,34.31,63.13477647065839,0
-6.43,4.345718,34.31,63.166446789415026,0
18.23,4.34316,34.31,63.45864795282043,0
-5.27,4.346998,34.33,62.5859409132754,0
18.22,4.354673,34.33,63.166446789415026,0
55.77,4.346998,34.33,62.41794613730894,0
57.12,4.346998,34.33,62.20128616033595,0
129.41,4.339322,34.31,62.64982043070834,0
-120.76,4.346998,34.31,63.608175575157006,0
-21.42,4.340601,34.31,62.81719509815764,0
-22.55,4.355952,34.31,62.81719509815764,0
-49.92,4.353394,34.29,62.81719509815764,0
-0.14,4.358511,34.29,62.41794613730894,0
-40.29,4.353394,34.29,63.608175575157006,0
24.76,4.358511,34.29,62.64982043070834,0
43.29,4.358511,34.31,62.64982043070834,0
6.86,4.363628,34.31,62.64982043070834,0
-13.15,4.355952,34.31,62.64982043070834,0
-23.31,4.358511,34.31,62.64982043070834,0
9.88,4.357232,34.29,62.81719509815764,0
4.83,4.363628,34.29,62.81719509815764,0
-9.38,4.354673,34.29,62.64982043070834,0
-31.71,4.361069,34.29,62.41794613730894,0
6.4,4.354673,34.29,62.41794613730894,0
11.76,4.364907,34.29,62.41794613730894,0
-13.99,4.357232,34.29,62.41794613730894,0
-8.93,4.35979,34.29,62.369864518050704,0
10.03,4.350835,34.27,62.369864518050704,0
4.88,4.361069,34.27,62.369864518050704,0
-24.32,4.354673,34.27,63.166446789415026,0
30.29,4.349556,34.27,62.369864518050704,0
9.35,4.34316,34.25,63.33245613427605,0
-1.19,4.349556,34.25,62.78534860936905,0
-33.15,4.322692,34.25,63.93746945258312,0
6.8,4.317575,34.25,62.617888817813075,0
-2.38,4.321413,34.27,63.75735251718032,0
-4.05,4.322692,34.27,62.78534860936905,0
-53.78,4.323971,34.27,63.75735251718032,0
-25.89,4.323971,34.27,62.96824596572466,0
9.33,4.325251,34.27,61.814237842102365,0
-4.68,4.354673,34.27,63.166446789415026,0
24.05,4.380258,34.27,63.13477647065839,0
14.05,4.349556,34.27,62.95236294214857,0
-19.58,4.329088,34.29,62.78534860936905,0
4.04,4.325251,34.29,62.63385665915839,0
43.73,4.330368,34.29,62.78534860936905,0
-18.97,4.327809,34.29,62.78534860936905,0
-20.16,4.331646,34.25,62.78534860936905,0
18.9,4.327809,34.25,62.78534860936905,0
12.19,4.329088,34.25,62.78534860936905,0
-16.3,4.323971,34.25,63.33245613427605,0
16.18,4.371304,34.25,64.8074069840786,0
14.86,4.332926,34.25,62.78534860936905,0
-5.14,4.32653,34.25,62.96824596572466,0
6.11,4.323971,34.25,62.16912416947821,0
-20.52,4.32653,34.27,63.166446789415026,0
-26.75,4.323971,34.27,61.48983655857283,0
-16.59,4.332926,34.27,63.166446789415026,0
13.11,4.323971,34.27,63.13477647065839,0
14.81,4.329088,34.29,63.13477647065839,0
-20.65,4.329088,34.29,62.95236294214857,0
-17.96,4.330368,34.29,62.95236294214857,0
18.5,4.317575,34.29,63.13477647065839,0
20.45,4.330368,34.27,63.13477647065839,0
-7.77,4.334205,34.27,62.96824596572466,0
-18.9,4.334205,34.27,62.617888817813075,0
3.05,4.32653,34.27,62.95236294214857,0
3.15,4.341881,34.29,63.13477647065839,0
-11.02,4.341881,34.29,63.13477647065839,0
16.86,4.346998,34.29,63.13477647065839,0
12.7,4.354673,34.29,62.95236294214857,0
-5.08,4.353394,34.27,62.95236294214857,0
-31.77,4.352115,34.27,62.95236294214857,0
13.8,4.346998,34.27,62.95236294214857,0
9.4,4.353394,34.27,62.95236294214857,0
-3.74,4.353394,34.27,62.95236294214857,0
-13.36,4.354673,34.27,62.95236294214857,0
8.84,4.32653,34.27,61.644140029689765,0
1.71,4.402006,34.27,61.814237842102365,0
-6.94,4.396888,34.27,63.75735251718032,0
12.23,4.390492,34.27,62.95236294214857,0
5.89,4.355952,34.27,63.31666447310692,0
0.62,4.35979,34.27,63.13477647065839,0
-43.51,4.349556,34.29,62.16912416947821,0
-0.41,4.352115,34.29,63.13477647065839,0
5.51,4.348277,34.29,62.353829072479584,0
-6.05,4.346998,34.29,63.31666447310692,0
-19.66,4.346998,34.29,63.13477647065839,0
1.95,4.354673,34.29,62.353829072479584,0
-3.86,4.346998,34.29,63.31666447310692,0
-14.36,4.349556,34.29,63.31666447310692,0
-4.29,4.344439,34.29,63.31666447310692,0
2.16,4.354673,34.29,63.13477647065839,0
-0.9,4.344439,34.29,62.353829072479584,0
-17.93,4.348277,34.29,62.16912416947821,0
11.41,4.340601,34.27,63.33245613427605,0
12.76,4.354673,34.27,63.51377803280167,0
1.33,4.339322,34.27,63.31666447310692,0
-19.92,4.348277,34.27,62.55397669213365,0
9.96,4.346998,34.27,62.55397669213365,0
3.25,4.354673,34.27,62.353829072479584,0
-6.71,4.349556,34.27,63.51377803280167,0
7.55,4.350835,34.27,63.33245613427605,0
5.76,4.357232,34.27,62.55397669213365,0
3.58,4.352115,34.27,62.353829072479584,0
-17.7,4.350835,34.27,62.353829072479584,0
10.72,4.339322,34.27,63.51377803280167,0
6.71,4.349556,34.27,61.814237842102365,0
-20.5,4.393051,34.27,62.55397669213365,0
27.35,4.395609,34.27,62.353829072479584,0
16.13,4.404564,34.27,62.49799996799898,0
-10.44,4.409681,34.23,62.55397669213365,0
7.58,4.391771,34.23,63.31666447310692,0
-9.38,4.39433,34.23,62.55397669213365,0
-30.04,4.390492,34.23,62.55397669213365,0
32.47,4.387934,34.21,62.369864518050704,0
19.54,4.35979,34.21,62.16912416947821,0
-15.65,4.352115,34.21,63.166446789415026,0
-18.95,4.354673,34.21,62.95236294214857,0
1.48,4.358511,34.21,62.95236294214857,0
-5.82,4.361069,34.21,62.95236294214857,0
-16.69,4.361069,34.21,63.13477647065839,0
-1.7,4.358511,34.21,62.369864518050704,0
-4.51,4.402006,34.21,62.353829072479584,0
-17.78,4.422473,34.21,62.81719509815764,0
12.0,4.398168,34.21,62.49799996799898,0
3.66,4.363628,34.21,62.49799996799898,0
-7.69,4.364907,34.23,64.13267497929586,0
17.1,4.358511,34.23,63.13477647065839,0
24.58,4.366187,34.23,62.78534860936905,0
-6.56,4.364907,34.23,62.0,0
-14.08,4.361069,34.21,62.617888817813075,0
-0.48,4.367465,34.21,62.95236294214857,0
-18.01,4.364907,34.21,63.75735251718032,0
-8.61,4.370024,34.21,63.608175575157006,0
8.97,4.416077,34.21,63.13477647065839,0
50.76,4.42759,34.21,63.13477647065839,0
16.83,4.368745,34.21,62.63385665915839,0
-17.96,4.372583,34.21,62.78534860936905,0
-2.17,4.355952,34.21,62.95236294214857,0
-6.5,4.371304,34.21,63.75735251718032,0
-23.2,4.367465,34.21,64.73020933072904,0
-10.87,4.362349,34.21,64.73020933072904,0
3.42,4.364907,34.23,62.81719509815764,0
3.79,4.368745,34.23,62.63385665915839,0
-22.32,4.368745,34.23,62.78534860936905,0
10.31,4.363628,34.23,62.353829072479584,0
13.09,4.367465,34.21,62.353829072479584,0
-19.58,4.362349,34.21,63.13477647065839,0
9.02,4.368745,34.21,63.953107821277925,0
16.96,4.354673,34.21,61.90315016216864,0
-10.86,4.362349,34.18,63.13477647065839,0
11.04,4.355952,34.18,62.51399843235114,0
-12.74,4.361069,34.18,63.33245613427605,0
-10.61,4.361069,34.18,63.13477647065839,0
8.36,4.362349,34.21,63.03967004989794,0
35.09,4.350835,34.21,62.40192304729078,0
-10.71,4.334205,34.21,63.33245613427605,0
-23.57,4.355952,34.21,63.33245613427605,0
11.83,4.354673,34.18,63.33245613427605,0
6.08,4.35979,34.18,63.33245613427605,0
-10.14,4.350835,34.18,63.33245613427605,0
-9.38,4.357232,34.18,63.03967004989794,0
3.48,4.353394,34.18,63.33245613427605,0
4.06,4.355952,34.18,63.33245613427605,0
-4.82,4.357232,34.18,63.33245613427605,0
13.11,4.355952,34.18,62.40192304729078,0
5.34,4.355952,34.16,62.40192304729078,0
-5.76,4.354673,34.16,62.617888817813075,0
-8.5,4.357232,34.16,62.617888817813075,0
4.77,4.354673,34.16,63.54525946126902,0
4.38,4.354673,34.18,62.40192304729078,0
-8.66,4.348277,34.18,62.617888817813075,0
5.8,4.349556,34.18,62.928530890209096,0
4.44,4.350835,34.18,62.617888817813075,0
0.4,4.348277,34.15,62.617888817813075,0
-9.41,4.357232,34.15,62.617888817813075,0
12.5,4.349556,34.15,62.617888817813075,0
4.79,4.353394,34.15,62.617888817813075,0
-3.9,4.348277,34.16,62.928530890209096,0
-8.7,4.352115,34.16,62.617888817813075,0
12.69,4.346998,34.16,62.617888817813075,0
4.36,4.350835,34.16,62.617888817813075,0
-7.67,4.340601,34.15,62.00806399170998,0
-15.42,4.355952,34.15,62.71363488110062,0
9.46,4.348277,34.15,64.10148204214939,0
7.95,4.35979,34.15,62.91263784010332,0
-5.86,4.350835,34.15,62.68173577685928,0
-11.38,4.361069,34.15,63.25345840347388,0
6.56,4.393051,34.15,62.68173577685928,0
12.85,4.41096,34.15,62.68173577685928,0
-14.85,4.405843,34.13,63.26926584053272,0
3.08,4.366187,34.13,63.3798075099633,0
4.47,4.355952,34.13,63.3798075099633,0
-24.71,4.353394,34.13,63.03967004989794,0
-15.6,4.354673,34.15,62.68173577685928,0
11.96,4.362349,34.15,63.733821476512766,0
-3.12,4.355952,34.15,62.68173577685928,0
-14.47,4.358511,34.15,62.68173577685928,0
-15.21,4.353394,34.15,62.68173577685928,0
9.1,4.35979,34.15,63.592452382338585,0
8.15,4.354673,34.15,63.592452382338585,0
-7.98,4.357232,34.15,63.25345840347388,0
19.78,4.352115,34.13,62.68173577685928,0
17.06,4.361069,34.13,62.465990746965666,0
-13.6,4.349556,34.13,62.465990746965666,0
0.53,4.358511,34.13,62.465990746965666,0
-7.27,4.350835,34.15,62.465990746965666,0
-8.79,4.358511,34.15,62.465990746965666,0
9.58,4.355952,34.15,62.465990746965666,0
14.45,4.357232,34.15,62.68173577685928,0
0.74,4.358511,34.15,63.3798075099633,0
-4.41,4.353394,34.15,63.3798075099633,0
6.14,4.363628,34.15,62.3377895020348,0
-2.69,4.353394,34.15,63.3798075099633,0
-19.07,4.355952,34.11,63.592452382338585,0
10.03,4.350835,34.11,62.68173577685928,0
4.22,4.357232,34.11,62.68173577685928,0
-7.45,4.355952,34.11,62.68173577685928,0
-11.38,4.357232,34.13,62.68173577685928,0
1.71,4.358511,34.13,62.68173577685928,0
-3.04,4.358511,34.13,62.68173577685928,0
-9.27,4.358511,34.13,62.68173577685928,0
0.89,4.358511,34.15,63.592452382338585,0
12.19,4.357232,34.15,62.68173577685928,0
3.99,4.35979,34.15,62.68173577685928,0
-12.88,4.355952,34.15,62.68173577685928,0
12.02,4.352115,34.15,63.592452382338585,0
5.89,4.357232,34.15,63.03967004989794,0
-5.8,4.363628,34.15,64.29618962271404,0
-18.76,4.357232,34.15,64.29618962271404,0
4.91,4.361069,34.16,64.73020933072904,0
4.34,4.358511,34.16,63.48228099241551,0
-12.53,4.361069,34.16,63.03967004989794,0
-11.44,4.364907,34.16,63.03967004989794,0
0.42,4.372583,34.15,63.03967004989794,0
1.45,4.353394,34.15,61.91930232165088,0
39.26,4.341881,34.15,63.198101237299845,0
2.85,4.355952,34.15,62.82515419798029,0
11.58,4.402006,34.16,62.82515419798029,0
-33.2,4.417356,34.16,62.82515419798029,0
-11.38,4.417356,34.16,63.03967004989794,0
7.49,4.418636,34.16,62.82515419798029,0
0.62,4.414798,34.16,62.465990746965666,0
-11.11,4.418636,34.16,62.82515419798029,0
7.03,4.417356,34.16,62.82515419798029,0
8.62,4.404564,34.16,64.91532946846992,0
0.3,4.368745,34.16,63.592452382338585,0
11.27,4.373862,34.16,63.51377803280167,0
7.11,4.387934,34.16,63.25345840347388,0
-10.71,4.368745,34.16,63.72597586541927,0
2.0,4.358511,34.16,63.15853069855251,0
1.76,4.363628,34.16,62.56996084384263,0
-3.68,4.362349,34.16,62.91263784010332,0
33.26,4.366187,34.16,63.48228099241551,0
-18.37,4.361069,34.16,62.91263784010332,0
-33.13,4.368745,34.16,62.25752966509352,0
-5.09,4.366187,34.16,63.26926584053272,0
-1.71,4.364907,34.16,62.91263784010332,0
-25.52,4.358511,34.16,63.26926584053272,0
14.54,4.362349,34.16,63.63961030678928,0
20.38,4.358511,34.16,63.26926584053272,0
8.15,4.358511,34.16,63.41135544995076,0
3.24,4.355952,34.16,62.99206299209449,0
-0.7,4.363628,34.16,63.63961030678928,0
-3.61,4.357232,34.16,62.369864518050704,0
-4.77,4.35979,34.16,62.74551776820397,0
10.41,4.35979,34.18,63.26926584053272,0
8.47,4.362349,34.18,62.369864518050704,0
-6.22,4.358511,34.18,62.74551776820397,0
-3.16,4.35979,34.18,62.617888817813075,0
-4.76,4.352115,34.16,62.617888817813075,0
0.3,4.358511,34.16,62.99206299209449,0
4.14,4.355952,34.16,62.99206299209449,0
-4.27,4.350835,34.16,62.74551776820397,0
-13.82,4.354673,34.16,62.74551776820397,0
1.09,4.357232,34.16,62.74551776820397,0
-0.04,4.357232,34.16,62.74551776820397,0
-4.71,4.358511,34.16,62.74551776820397,0
10.06,4.358511,34.18,62.74551776820397,0
7.98,4.357232,34.18,62.74551776820397,0
-6.55,4.35979,34.18,62.74551776820397,0
0.86,4.349556,34.18,62.74551776820397,0
1.84,4.358511,34.16,63.41135544995076,0
-8.71,4.345718,34.16,63.03967004989794,0
2.71,4.358511,34.16,61.47357155721473,0
-6.76,4.354673,34.16,62.369864518050704,0
-3.21,4.409681,34.16,62.369864518050704,0
21.68,4.354673,34.16,63.15853069855251,0
6.02,4.357232,34.16,63.26926584053272,0
-16.51,4.35979,34.16,62.00806399170998,0
19.69,4.366187,34.18,63.26926584053272,0
-2.19,4.358511,34.18,63.03967004989794,0
-12.42,4.358511,34.18,63.03967004989794,0
-19.09,4.361069,34.18,63.198101237299845,0
-9.08,4.363628,34.15,63.03967004989794,0
-2.6,4.361069,34.15,62.13694553162394,0
6.23,4.366187,34.15,63.41135544995076,0
12.45,4.355952,34.15,63.41135544995076,0
-0.64,4.425032,34.15,64.15605972938177,0
10.27,4.378979,34.15,62.74551776820397,0
0.48,4.370024,34.15,63.63961030678928,0
-2.13,4.390492,34.15,63.03967004989794,0
18.94,4.387934,34.16,63.26926584053272,0
4.45,4.387934,34.16,63.63961030678928,0
-3.36,4.398168,34.16,63.63961030678928,0
-13.03,4.404564,34.16,63.41135544995076,0
-14.7,4.42887,34.15,61.237243569579455,0
16.89,4.440383,34.15,62.74551776820397,0
17.51,4.423753,34.15,64.17164482853778,0
0.32,4.384096,34.15,61.0163912403872,0
16.0,4.370024,34.15,62.10475022089695,0
13.37,4.378979,34.15,63.13477647065839,0
-13.13,4.368745,34.15,62.74551776820397,0
-10.16,4.37642,34.15,62.74551776820397,0
-4.16,4.35979,34.15,62.74551776820397,0
3.75,4.3777,34.15,62.369864518050704,0
-2.61,4.34316,34.15,63.63961030678928,0
12.15,4.364907,34.15,62.51399843235114,0
4.46,4.364907,34.15,63.13477647065839,0
-4.41,4.368745,34.15,62.74551776820397,0
0.05,4.367465,34.15,61.85466837676846,0
-14.35,4.367465,34.15,62.74551776820397,0
0.13,4.375141,34.16,62.74551776820397,0
10.63,4.371304,34.16,62.74551776820397,0
0.38,4.368745,34.16,63.63961030678928,0
-16.29,4.362349,34.16,63.63961030678928,0
8.79,4.371304,34.16,64.53681120105021,0
2.47,4.368745,34.16,63.13477647065839,0
-8.86,4.367465,34.16,63.41135544995076,0
-15.98,4.368745,34.16,63.03967004989794,0
2.93,4.367465,34.13,63.26926584053272,0
2.7,4.366187,34.13,63.26926584053272,0
1.48,4.367465,34.13,63.63961030678928,0
-2.69,4.368745,34.13,62.369864518050704,0
2.25,4.368745,34.13,63.26926584053272,0
1.07,4.362349,34.13,63.03967004989794,0
-3.82,4.35979,34.13,62.88083968904996,0
-11.26,4.362349,34.13,63.26926584053272,0
7.83,4.363628,34.15,63.03967004989794,0
14.1,4.361069,34.15,63.26926584053272,0
-9.39,4.364907,34.15,62.74551776820397,0
3.95,4.361069,34.15,63.63961030678928,0
0.22,4.371304,34.15,63.63961030678928,0
-8.04,4.362349,34.15,62.74551776820397,0
-11.5,4.367465,34.15,62.74551776820397,0
20.19,4.35979,34.15,62.74551776820397,0
5.42,4.364907,34.15,62.74551776820397,0
-12.42,4.352115,34.15,62.51399843235114,0
7.24,4.363628,34.15,63.63961030678928,0
-1.81,4.361069,34.15,62.51399843235114,0
-8.78,4.363628,34.13,63.26926584053272,0
12.62,4.362349,34.13,63.03967004989794,0
5.08,4.362349,34.13,62.68971207462992,0
-8.16,4.363628,34.13,63.58458932791813,0
7.45,4.385375,34.13,62.90468980926621,0
-5.0,4.407123,34.13,62.51399843235114,0
-16.67,4.405843,34.13,62.90468980926621,0
3.58,4.405843,34.13,62.90468980926621,0
5.37,4.400726,34.13,63.41135544995076,0
-8.61,4.407123,34.13,62.90468980926621,0
12.89,4.400726,34.13,62.90468980926621,0
0.31,4.405843,34.13,62.90468980926621,0
-10.72,4.400726,34.15,63.796551630946325,0
10.84,4.402006,34.15,62.51399843235114,0
2.16,4.368745,34.15,63.58458932791813,0
-7.19,4.39433,34.15,62.51399843235114,0
14.92,4.403285,34.13,63.03967004989794,0
5.77,4.366187,34.13,63.733821476512766,0
-25.3,4.35979,34.13,62.82515419798029,0
-1.93,4.355952,34.13,62.82515419798029,0
10.41,4.357232,34.13,62.68173577685928,0
-4.82,4.364907,34.13,63.03967004989794,0
-13.06,4.362349,34.13,63.03967004989794,0
10.64,4.361069,34.13,63.63961030678928,0
3.04,4.41224,34.15,63.41135544995076,0
-10.28,4.421194,34.15,62.74551776820397,0
-5.75,4.42759,34.15,62.51399843235114,0
-0.86,4.419915,34.15,63.03967004989794,0
-7.37,4.371304,34.15,62.465990746965666,0
-25.86,4.367465,34.15,63.03967004989794,0
62.99,4.362349,34.15,62.82515419798029,0
16.37,4.426311,34.15,62.81719509815764,0
-6.83,4.417356,34.15,62.465990746965666,0
-17.65,4.367465,34.15,63.94528911499267,0
-12.57,4.371304,34.15,62.465990746965666,0
-16.99,4.367465,34.15,62.68173577685928,0
19.53,4.372583,34.15,62.465990746965666,0
8.94,4.370024,34.15,62.465990746965666,0
-4.64,4.381537,34.15,63.3798075099633,0
-1.26,4.372583,34.15,62.82515419798029,0
1.73,4.37642,34.15,63.03967004989794,0
-5.87,4.364907,34.15,63.94528911499267,0
7.36,4.373862,34.15,63.03967004989794,0
11.86,4.370024,34.15,62.465990746965666,0
-6.45,4.372583,34.15,63.03967004989794,0
-2.81,4.372583,34.15,62.369864518050704,0
4.39,4.348277,34.15,63.03967004989794,0
-8.15,4.364907,34.15,63.26926584053272,0
-5.95,4.368745,34.13,63.26926584053272,0
8.26,4.378979,34.13,63.03967004989794,0
1.81,4.378979,34.13,63.03967004989794,0
8.99,4.381537,34.13,63.41135544995076,0
3.33,4.373862,34.13,63.03967004989794,0
-15.81,4.387934,34.13,63.03967004989794,0
4.06,4.382817,34.13,63.03967004989794,0
-0.96,4.387934,34.13,63.03967004989794,0
-0.95,4.382817,34.15,63.03967004989794,0
21.42,4.393051,34.15,63.03967004989794,0
3.22,4.385375,34.15,63.03967004989794,0
-7.56,4.387934,34.15,63.03967004989794,0
5.41,4.389213,34.15,63.03967004989794,0
6.55,4.393051,34.15,63.03967004989794,0
-4.28,4.384096,34.15,63.03967004989794,0
9.67,4.384096,34.15,63.03967004989794,0
3.44,4.380258,34.13,63.03967004989794,0
-6.88,4.391771,34.13,63.03967004989794,0
1.92,4.393051,34.13,63.03967004989794,0
7.43,4.39433,34.13,63.03967004989794,0
-4.08,4.393051,34.15,63.03967004989794,0
-15.11,4.387934,34.15,63.03967004989794,0
14.05,4.391771,34.15,63.03967004989794,0
9.05,4.390492,34.15,63.03967004989794,0
-6.52,4.389213,34.16,63.03967004989794,0
-20.51,4.389213,34.16,63.03967004989794,0
8.84,4.381537,34.16,63.03967004989794,0
6.49,4.385375,34.16,63.03967004989794,0
-6.89,4.389213,34.16,63.03967004989794,0
-6.76,4.391771,34.16,63.03967004989794,0
1.36,4.391771,34.16,63.03967004989794,0
-0.94,4.389213,34.16,63.03967004989794,0
-8.59,4.393051,34.16,63.03967004989794,0
16.96,4.389213,34.16,63.03967004989794,0
8.65,4.39433,34.16,63.03967004989794,0
-10.66,4.390492,34.16,63.03967004989794,0
3.16,4.398168,34.16,63.03967004989794,0
3.13,4.381537,34.16,63.03967004989794,0
-4.27,4.402006,34.16,63.03967004989794,0
7.66,4.400726,34.16,63.03967004989794,0
8.54,4.403285,34.16,63.03967004989794,0
-5.26,4.399447,34.16,63.03967004989794,0
-16.16,4.395609,34.16,63.03967004989794,0
-2.1,4.398168,34.16,63.26926584053272,0
-1.24,4.399447,34.16,63.26926584053272,0
-14.01,4.400726,34.16,63.41135544995076,0
11.64,4.413519,34.16,63.63961030678928,0
10.79,4.440383,34.16,61.61980201201558,0
-12.1,4.435266,34.18,62.68971207462992,0
8.7,4.451896,34.18,62.90468980926621,0
-6.21,4.451896,34.18,61.66036003787198,0
-25.47,4.453176,34.18,62.82515419798029,0
12.64,4.433987,34.16,63.94528911499267,0
0.75,4.439104,34.16,63.03967004989794,0
-18.34,4.431428,34.16,63.03967004989794,0
15.89,4.441662,34.16,63.03967004989794,0
10.3,4.440383,34.21,63.26926584053272,0
-21.63,4.446779,34.21,63.03967004989794,0
-0.15,4.430149,34.21,62.91263784010332,0
6.03,4.398168,34.21,63.03967004989794,0
-1.97,4.396888,34.18,63.26926584053272,0
16.17,4.403285,34.18,63.26926584053272,0
7.38,4.400726,34.18,62.369864518050704,0
-6.38,4.402006,34.18,62.369864518050704,0
14.79,4.399447,34.21,63.63961030678928,0
10.18,4.398168,34.21,63.63961030678928,0
-15.81,4.398168,34.21,62.369864518050704,0
-4.26,4.400726,34.21,63.26926584053272,0
-2.25,4.399447,34.21,62.369864518050704,0
-3.15,4.39433,34.21,63.26926584053272,0
0.15,4.387934,34.21,62.369864518050704,0
14.37,4.396888,34.21,63.26926584053272,0
-4.27,4.395609,34.18,63.26926584053272,0
-20.48,4.39433,34.18,63.26926584053272,0
-0.11,4.395609,34.18,63.26926584053272,0
1.3,4.396888,34.18,63.26926584053272,0
-9.2,4.399447,34.18,62.369864518050704,0
11.31,4.393051,34.18,63.26926584053272,0
10.53,4.368745,34.18,63.26926584053272,0
-5.25,4.400726,34.18,63.03967004989794,0
8.89,4.433987,34.21,62.90468980926621,0
2.4,4.450617,34.21,62.74551776820397,0
-6.21,4.457013,34.21,63.26926584053272,0
5.75,4.448059,34.21,63.796551630946325,0
0.18,4.451896,34.21,63.41135544995076,0
0.05,4.4455,34.21,63.41135544995076,0
8.12,4.448059,34.21,62.13694553162394,0
1.16,4.442942,34.21,62.74551776820397,0
-8.89,4.448059,34.21,63.41135544995076,0
-1.76,4.440383,34.21,63.41135544995076,0
8.49,4.450617,34.21,63.41135544995076,0
-4.94,4.439104,34.21,63.41135544995076,0
-10.91,4.4455,34.23,62.51399843235114,0
5.31,4.453176,34.23,62.90468980926621,0
4.19,4.455734,34.23,62.90468980926621,0
-5.76,4.455734,34.23,62.90468980926621,0
2.23,4.450617,34.25,62.90468980926621,0
-7.12,4.453176,34.25,63.13477647065839,0
-3.6,4.453176,34.25,63.13477647065839,0
11.99,4.453176,34.25,62.24949798994366,0
0.64,4.451896,34.23,62.65780079128216,0
-11.49,4.451896,34.23,62.65780079128216,0
6.29,4.446779,34.23,62.90468980926621,0
-4.08,4.442942,34.23,63.095166217389426,0
-14.89,4.446779,34.23,62.90468980926621,0
14.32,4.448059,34.23,62.90468980926621,0
13.5,4.441662,34.23,62.74551776820397,0
-15.71,4.4455,34.23,62.51399843235114,0
6.29,4.439104,34.25,62.90468980926621,0
9.08,4.450617,34.25,63.796551630946325,0
-4.36,4.446779,34.25,63.13477647065839,0
8.58,4.448059,34.25,63.72597586541927,0
-3.27,4.450617,34.25,63.30876716537765,0
-8.81,4.455734,34.25,62.65780079128216,0
-8.26,4.4455,34.25,63.30876716537765,0
9.06,4.451896,34.25,62.24949798994366,0
-5.1,4.449338,34.29,62.90468980926621,0
-10.02,4.446779,34.29,63.095166217389426,0
8.05,4.4455,34.29,64.19501538281614,0
1.12,4.436545,34.29,62.74551776820397,0
-6.96,4.440383,34.25,61.47357155721473,0
14.27,4.423753,34.25,62.74551776820397,0
1.45,4.405843,34.25,62.74551776820397,0
-13.49,4.389213,34.25,62.74551776820397,0
9.8,4.391771,34.25,62.51399843235114,0
-3.88,4.390492,34.25,63.63961030678928,0
-20.98,4.395609,34.25,62.369864518050704,0
-2.9,4.391771,34.25,63.13477647065839,0
-2.97,4.391771,34.25,63.63961030678928,0
-4.88,4.41224,34.25,63.13477647065839,0
8.78,4.414798,34.25,62.24949798994366,0
0.57,4.418636,34.25,62.51399843235114,0
4.09,4.441662,34.25,63.198101237299845,0
7.42,4.457013,34.25,62.90468980926621,0
-6.9,4.451896,34.25,63.41135544995076,0
4.0,4.433987,34.25,62.51399843235114,0
-2.02,4.417356,34.29,63.796551630946325,0
-6.33,4.42887,34.29,62.297672508690084,0
21.34,4.418636,34.29,63.41135544995076,0
-9.17,4.430149,34.29,62.90468980926621,0
-24.84,4.436545,34.27,62.90468980926621,0
-4.35,4.450617,34.27,62.90468980926621,0
-3.93,4.4455,34.27,63.63961030678928,0
3.63,4.41224,34.27,63.41135544995076,0
14.09,4.408401,34.29,62.369864518050704,0
5.06,4.41224,34.29,62.369864518050704,0
12.44,4.407123,34.29,63.63961030678928,0
13.39,4.402006,34.29,63.26926584053272,0
-18.79,4.405843,34.31,62.369864518050704,0
3.06,4.404564,34.31,62.369864518050704,0
-1.42,4.405843,34.31,63.41135544995076,0
-8.24,4.400726,34.31,62.74551776820397,0
6.1,4.405843,34.31,63.63961030678928,0
10.38,4.404564,34.31,63.41135544995076,0
-5.18,4.409681,34.31,63.63961030678928,0
0.69,4.41224,34.31,62.74551776820397,0
1.64,4.414798,34.33,62.74551776820397,0
-8.21,4.409681,34.33,62.74551776820397,0
-4.94,4.381537,34.33,62.369864518050704,0
7.14,4.396888,34.33,62.51399843235114,0
-2.97,4.398168,34.31,62.51399843235114,0
-16.66,4.382817,34.31,62.90468980926621,0
9.06,4.395609,34.31,63.41135544995076,0
-0.14,4.391771,34.31,62.51399843235114,0
-19.88,4.39433,34.33,63.41135544995076,0
15.82,4.382817,34.33,63.41135544995076,0
14.03,4.395609,34.33,62.51399843235114,0
-5.92,4.39433,34.33,63.41135544995076,0
6.78,4.39433,34.39,63.03967004989794,0
-3.22,4.385375,34.39,63.41135544995076,0
-16.16,4.387934,34.39,63.41135544995076,0
15.06,4.387934,34.39,63.03967004989794,0
0.56,4.389213,34.37,62.51399843235114,0
-8.8,4.389213,34.37,63.41135544995076,0
8.26,4.389213,34.37,63.41135544995076,0
-1.3,4.389213,34.37,63.41135544995076,0
-14.4,4.385375,34.39,63.198101237299845,0
14.56,4.393051,34.39,64.01562309311689,0
7.2,4.404564,34.39,62.73754856543249,0
-8.74,4.442942,34.39,60.94259594077036,0
5.35,4.416077,34.39,59.135437767890075,0
-27.99,4.37642,34.39,62.457985878508765,0
63.2,4.334205,34.39,63.3798075099633,0
-96.82,4.317575,34.39,63.33245613427605,0
-20.33,4.300945,34.39,62.32976816898969,0
91.56,4.306062,34.39,62.67375846396959,0
-22.0,4.311179,34.39,62.457985878508765,0
-5.18,4.331646,34.39,61.74949392505172,0
10.04,4.346998,34.37,62.88083968904996,0
-13.63,4.354673,34.37,62.55397669213365,0
-11.16,4.348277,34.37,62.369864518050704,0
6.56,4.34316,34.37,62.22539674441618,0
17.58,4.317575,34.43,62.82515419798029,0
-11.05,4.307341,34.43,63.796551630946325,0
-2.63,4.311179,34.43,64.10148204214939,0
11.81,4.297107,34.43,62.42595614005443,0
-3.56,4.299665,34.41,63.41135544995076,0
25.39,4.294549,34.41,63.26136261573884,0
13.7,4.297107,34.41,62.74551776820397,0
-21.28,4.293269,34.41,63.06346010171025,0
1.48,4.294549,34.41,62.37788069500277,0
4.97,4.29199,34.41,62.37788069500277,0
3.45,4.286873,34.41,62.37788069500277,0
22.45,4.29071,34.41,62.57795138864806,0
13.78,4.29071,34.39,62.74551776820397,0
-3.72,4.29071,34.39,62.57795138864806,0
9.5,4.29071,34.39,62.57795138864806,0
4.52,4.29071,34.39,63.06346010171025,0
-23.71,4.289432,34.39,62.42595614005443,0
5.02,4.285594,34.39,62.91263784010332,0
0.7,4.286873,34.39,63.06346010171025,0
-16.0,4.280477,34.39,62.42595614005443,0
6.59,4.286873,34.34,62.57795138864806,0
-3.65,4.272801,34.34,62.57795138864806,0
-14.21,4.280477,34.34,63.06346010171025,0
7.55,4.27536,34.34,62.57795138864806,0
-2.47,4.276639,34.34,63.4428877022476,0
-15.2,4.27536,34.34,63.06346010171025,0
6.27,4.27408,34.34,62.57795138864806,0
-2.26,4.268963,34.34,63.4428877022476,0
-15.78,4.268963,34.34,62.57795138864806,0
3.27,4.265126,34.34,62.42595614005443,0
-1.1,4.272801,34.34,62.57795138864806,0
-4.53,4.262567,34.34,63.29296959378664,0
5.59,4.263846,34.33,63.29296959378664,0
-4.18,4.266405,34.33,62.42595614005443,0
2.73,4.262567,34.33,62.42595614005443,0
4.98,4.25745,34.33,63.29296959378664,0
-9.39,4.260008,34.31,63.29296959378664,0
8.1,4.254891,34.31,63.29296959378664,0
3.9,4.256171,34.31,63.4428877022476,0
-11.29,4.251054,34.31,63.29296959378664,0
11.07,4.254891,34.31,63.29296959378664,0
2.91,4.258729,34.31,62.82515419798029,0
-12.0,4.253613,34.31,62.82515419798029,0
13.57,4.236982,34.31,63.29296959378664,0
6.1,4.252333,34.33,63.29296959378664,0
-11.48,4.244658,34.33,62.57795138864806,0
12.16,4.226748,34.33,62.74551776820397,0
5.92,4.242099,34.33,62.27358990776106,0
-14.25,4.244658,34.31,63.4428877022476,0
9.76,4.243378,34.31,62.928530890209096,0
5.15,4.245937,34.31,62.74551776820397,0
-9.04,4.248495,34.31,62.10475022089695,0
0.33,4.245937,34.33,62.10475022089695,0
6.57,4.249774,34.33,63.29296959378664,0
-0.19,4.239541,34.33,63.0,0
-16.55,4.243378,34.33,61.814237842102365,0
9.88,4.239541,34.29,61.48983655857283,0
6.02,4.247216,34.29,63.15853069855251,0
-5.34,4.244658,34.29,63.0,0
3.22,4.244658,34.29,62.10475022089695,0
19.32,4.244658,34.31,62.976185975335156,0
-0.73,4.243378,34.31,63.25345840347388,0
-19.73,4.243378,34.31,63.40346993658943,0
8.36,4.242099,34.31,62.976185975335156,0
12.22,4.235703,34.31,62.369864518050704,0
-1.49,4.230586,34.31,62.52199612936234,0
-10.07,4.233144,34.31,62.369864518050704,0
-21.86,4.235703,34.31,62.82515419798029,0
15.5,4.233144,34.31,62.82515419798029,0
11.02,4.24082,34.31,62.369864518050704,0
-4.79,4.231865,34.31,62.23343153000644,0
-15.4,4.236982,34.31,62.23343153000644,0
5.78,4.233144,34.31,62.369864518050704,0
12.1,4.242099,34.31,63.118935352238,0
3.63,4.236982,34.31,62.369864518050704,0
-9.62,4.238261,34.31,62.82515419798029,0
8.99,4.230586,34.29,62.369864518050704,0
8.82,4.239541,34.29,63.118935352238,0
-2.21,4.230586,34.29,62.23343153000644,0
-13.39,4.229307,34.29,62.23343153000644,0
6.11,4.226748,34.31,63.118935352238,0
12.14,4.225469,34.31,62.23343153000644,0
1.37,4.22291,34.31,62.23343153000644,0
-12.36,4.22291,34.31,62.23343153000644,0
4.29,4.221631,34.31,62.23343153000644,0
10.14,4.213955,34.31,63.118935352238,0
1.14,4.217793,34.31,63.118935352238,0
-12.29,4.20628,34.31,63.0,0
7.29,4.213955,34.29,63.118935352238,0
7.75,4.205001,34.29,63.118935352238,0
-2.21,4.216514,34.29,63.118935352238,0
-14.74,4.207559,34.29,63.118935352238,0
9.01,4.210118,34.31,63.0,0
4.15,4.205001,34.31,63.118935352238,0
-12.66,4.210118,34.31,63.0,0
9.43,4.203722,34.31,63.0,0
9.93,4.211397,34.27,63.0,0
-2.81,4.210118,34.27,63.118935352238,0
-16.34,4.203722,34.27,63.0,0
10.48,4.208838,34.27,63.118935352238,0
5.83,4.20628,34.31,63.118935352238,0
-7.51,4.20628,34.31,63.0,0
-16.83,4.20628,34.31,62.112800613078136,0
6.58,4.203722,34.31,63.0,0
4.6,4.202442,34.31,63.0,0
-6.2,4.20628,34.31,63.0,0
5.36,4.197325,34.31,63.0,0
8.73,4.199884,34.31,62.89674077406555,0
-0.34,4.194767,34.29,62.89674077406555,0
-12.58,4.194767,34.29,63.0,0
10.51,4.192208,34.29,63.0,0
12.98,4.194767,34.29,63.0,0
3.18,4.190929,34.31,63.0,0
-12.25,4.198605,34.31,63.0,0
6.05,4.193488,34.31,62.56196927846821,0
10.95,4.196046,34.31,62.56196927846821,0
-1.34,4.193488,34.31,62.56196927846821,0
-11.47,4.201163,34.31,62.56196927846821,0
3.73,4.194767,34.31,62.56196927846821,0
9.26,4.193488,34.31,62.56196927846821,0
-0.41,4.187091,34.34,63.0,0
-14.0,4.185812,34.34,62.457985878508765,0
9.61,4.187091,34.34,63.35613624582863,0
10.16,4.187091,34.34,62.457985878508765,0
-3.56,4.188371,34.33,62.56196927846821,0
-15.05,4.188371,34.33,62.457985878508765,0
11.28,4.165344,34.33,62.56196927846821,0
7.99,4.176857,34.33,62.56196927846821,0
-1.77,4.181974,34.31,62.56196927846821,0
-11.74,4.178136,34.31,63.35613624582863,0
11.77,4.181974,34.31,62.56196927846821,0
12.49,4.17174,34.31,63.35613624582863,0
-1.5,4.180695,34.31,63.35613624582863,0
-18.2,4.174299,34.31,62.457985878508765,0
9.37,4.180695,34.31,62.457985878508765,0
6.63,4.174299,34.31,62.457985878508765,0
-8.86,4.178136,34.29,62.457985878508765,0
-13.9,4.181974,34.29,63.35613624582863,0
6.71,4.180695,34.29,62.89674077406555,0
2.11,4.183253,34.29,62.457985878508765,0
-9.25,4.180695,34.31,62.89674077406555,0
-7.86,4.180695,34.31,62.457985878508765,0
6.9,4.175578,34.31,62.457985878508765,0
6.76,4.180695,34.31,62.457985878508765,0
-4.44,4.178136,34.33,63.35613624582863,0
11.67,4.185812,34.33,62.457985878508765,0
9.85,4.174299,34.33,62.56196927846821,0
-2.51,4.179416,34.33,62.457985878508765,0
-19.42,4.175578,34.31,63.0,0
4.4,4.184533,34.31,63.118935352238,0
3.64,4.183253,34.31,63.118935352238,0
-8.39,4.183253,34.31,63.25345840347388,0
-10.97,4.180695,34.31,62.57795138864806,0
12.11,4.185812,34.31,62.82515419798029,0
4.98,4.183253,34.31,63.4428877022476,0
-8.51,4.193488,34.31,62.10475022089695,0
-7.21,4.196046,34.33,63.4428877022476,0
6.07,4.202442,34.33,62.27358990776106,0
3.09,4.198605,34.33,62.976185975335156,0
-11.55,4.196046,34.33,62.976185975335156,0
7.89,4.198605,34.31,62.976185975335156,0
4.58,4.199884,34.31,62.10475022089695,0
-14.25,4.199884,34.31,62.10475022089695,0
12.88,4.199884,34.31,62.57795138864806,0
4.61,4.192208,34.33,62.42595614005443,0
-11.54,4.198605,34.33,62.82515419798029,0
11.24,4.193488,34.33,61.95159400693416,0
6.96,4.188371,34.33,62.976185975335156,0
-4.47,4.192208,34.34,62.57795138864806,0
-13.13,4.187091,34.34,62.42595614005443,0
7.83,4.193488,34.34,62.976185975335156,0
2.12,4.185812,34.34,62.976185975335156,0
-11.99,4.193488,34.34,62.976185975335156,0
2.19,4.190929,34.34,62.82515419798029,0
7.66,4.18965,34.34,63.4428877022476,0
-1.25,4.178136,34.34,62.82515419798029,0
-10.65,4.185812,34.34,63.4428877022476,0
9.83,4.18965,34.34,62.976185975335156,0
5.08,4.184533,34.34,62.976185975335156,0
-9.26,4.175578,34.34,62.976185975335156,0
1.89,4.187091,34.33,62.976185975335156,0
5.14,4.184533,34.33,63.4428877022476,0
-2.23,4.185812,34.33,62.10475022089695,0
-14.09,4.192208,34.33,62.976185975335156,0
10.24,4.183253,34.33,62.10475022089695,0
8.11,4.185812,34.33,63.14269553954757,0
-3.2,4.179416,34.33,62.10475022089695,0
-16.28,4.184533,34.33,63.4428877022476,0
10.93,4.183253,34.33,62.976185975335156,0
6.83,4.185812,34.33,62.976185975335156,0
-1.0,4.184533,34.33,62.57795138864806,0
-9.93,4.184533,34.33,62.10475022089695,0
10.53,4.179416,34.37,62.10475022089695,0
5.59,4.18965,34.37,62.976185975335156,0
-9.51,4.181974,34.37,62.10475022089695,0
4.07,4.181974,34.37,62.976185975335156,0
5.41,4.176857,34.34,62.10475022089695,0
-2.96,4.174299,34.34,62.976185975335156,0
-15.54,4.176857,34.34,62.27358990776106,0
8.6,4.176857,34.34,62.10475022089695,0
3.56,4.173019,34.34,62.57795138864806,0
-9.73,4.179416,34.34,63.4428877022476,0
4.33,4.174299,34.34,62.976185975335156,0
6.18,4.178136,34.34,62.976185975335156,0
-3.88,4.173019,34.33,62.10475022089695,0
-13.26,4.183253,34.33,62.976185975335156,0
9.09,4.152552,34.33,62.976185975335156,0
6.48,4.170461,34.33,62.976185975335156,0
-9.19,4.161506,34.33,62.976185975335156,0
11.56,4.175578,34.33,62.10475022089695,0
6.58,4.166623,34.33,62.976185975335156,0
-8.3,4.178136,34.33,62.976185975335156,0
-4.87,4.170461,34.31,62.976185975335156,0
6.32,4.180695,34.31,62.976185975335156,0
0.09,4.17174,34.31,62.976185975335156,0
-10.97,4.176857,34.31,63.14269553954757,0
12.29,4.180695,34.33,62.10475022089695,0
8.22,4.184533,34.33,62.976185975335156,0
-5.31,4.167902,34.33,62.976185975335156,0
-17.14,4.173019,34.33,62.976185975335156,0
10.96,4.176857,34.31,62.976185975335156,0
9.4,4.175578,34.31,62.10475022089695,0
-2.28,4.178136,34.31,62.976185975335156,0
-14.11,4.178136,34.31,63.14269553954757,0
13.05,4.178136,34.31,63.14269553954757,0
8.05,4.176857,34.31,63.40346993658943,0
-6.16,4.176857,34.31,62.976185975335156,0
-6.95,4.176857,34.31,62.68971207462992,0
7.16,4.175578,34.29,62.68971207462992,0
5.91,4.170461,34.29,63.14269553954757,0
-13.67,4.167902,34.29,62.976185975335156,0
2.22,4.169182,34.29,62.976185975335156,0
2.65,4.169182,34.31,63.14269553954757,0
-5.75,4.165344,34.31,62.976185975335156,0
-17.24,4.169182,34.31,62.68971207462992,0
11.5,4.164065,34.31,62.52199612936234,0
7.2,4.167902,34.33,63.25345840347388,0
-4.78,4.164065,34.33,63.40346993658943,0
13.93,4.166623,34.33,63.25345840347388,0
10.77,4.161506,34.33,62.369864518050704,0
-11.91,4.166623,34.29,63.25345840347388,0
-7.44,4.162786,34.29,63.25345840347388,0
1.86,4.167902,34.29,63.25345840347388,0
-4.25,4.158948,34.29,63.25345840347388,0
-8.45,4.167902,34.31,63.25345840347388,0
12.19,4.17174,34.31,63.25345840347388,0
2.7,4.170461,34.31,63.25345840347388,0
-16.8,4.167902,34.31,61.927376821564145,0
15.36,4.166623,34.31,63.25345840347388,0
8.66,4.174299,34.31,63.40346993658943,0
-4.88,4.167902,34.31,62.369864518050704,0
-22.02,4.167902,34.31,62.369864518050704,0
12.5,4.160227,34.29,61.927376821564145,0
6.76,4.173019,34.29,62.369864518050704,0
-10.63,4.160227,34.29,63.25345840347388,0
1.99,4.166623,34.29,62.369864518050704,0
11.03,4.164065,34.31,63.25345840347388,0
1.77,4.170461,34.31,62.52199612936234,0
-14.46,4.161506,34.31,63.40346993658943,0
15.13,4.169182,34.31,62.52199612936234,0
11.74,4.166623,34.31,62.52199612936234,0
-1.75,4.173019,34.31,62.976185975335156,0
-15.44,4.164065,34.31,62.976185975335156,0
11.95,4.158948,34.31,62.52199612936234,0
8.58,4.161506,34.31,62.976185975335156,0
-6.32,4.166623,34.31,62.68971207462992,0
-15.68,4.162786,34.31,62.52199612936234,0
14.8,4.164065,34.31,62.68971207462992,0
11.54,4.153831,34.29,62.52199612936234,0
-0.41,4.162786,34.29,62.52199612936234,0
-17.5,4.162786,34.29,63.14269553954757,0
12.89,4.162786,34.29,62.976185975335156,0
4.98,4.161506,34.34,62.52199612936234,0
-13.68,4.167902,34.34,62.976185975335156,0
8.08,4.157669,34.34,62.52199612936234,0
10.9,4.162786,34.34,62.976185975335156,0
-1.85,4.160227,34.29,62.68971207462992,0
-5.85,4.161506,34.29,63.14269553954757,0
8.62,4.160227,34.29,63.14269553954757,0
0.34,4.15511,34.29,63.14269553954757,0
-21.17,4.160227,34.31,63.14269553954757,0
11.2,4.15511,34.31,63.14269553954757,0
6.99,4.164065,34.31,63.14269553954757,0
-10.0,4.158948,34.31,61.814237842102365,0
-3.12,4.158948,34.31,62.52199612936234,0
11.66,4.153831,34.31,62.52199612936234,0
2.63,4.1372,34.31,63.40346993658943,0
-15.68,4.156389,34.31,62.52199612936234,0
10.63,4.15511,34.31,62.52199612936234,0
1.56,4.156389,34.31,62.52199612936234,0
-16.16,4.157669,34.31,62.52199612936234,0
5.77,4.156389,34.31,62.52199612936234,0
9.97,4.157669,34.33,62.52199612936234,0
-0.04,4.158948,34.33,62.52199612936234,0
-16.52,4.157669,34.33,63.40346993658943,0
12.62,4.152552,34.33,62.52199612936234,0
7.17,4.151272,34.31,62.52199612936234,0
-7.67,4.151272,34.31,62.52199612936234,0
-19.26,4.15511,34.31,62.52199612936234,0
8.67,4.149993,34.31,62.52199612936234,0
4.76,4.15511,34.33,62.52199612936234,0
-8.89,4.15511,34.33,62.52199612936234,0
10.86,4.15511,34.33,62.52199612936234,0
9.89,4.151272,34.33,62.52199612936234,0
-2.93,4.156389,34.33,62.52199612936234,0
-21.09,4.152552,34.33,62.52199612936234,0
10.79,4.161506,34.33,63.40346993658943,0
5.86,4.148714,34.33,62.52199612936234,0
-11.27,4.161506,34.33,62.52199612936234,0
-8.63,4.156389,34.33,62.52199612936234,0
9.06,4.160227,34.33,62.369864518050704,0
1.65,4.153831,34.33,62.52199612936234,0
-11.58,4.157669,34.33,62.52199612936234,0
13.19,4.162786,34.33,62.369864518050704,0
8.47,4.158948,34.33,62.369864518050704,0
-9.66,4.15511,34.33,62.52199612936234,0
7.87,4.160227,34.31,62.52199612936234,0
6.42,4.151272,34.31,62.369864518050704,0
-10.14,4.156389,34.31,62.52199612936234,0
6.16,4.157669,34.31,62.52199612936234,0
8.56,4.157669,34.34,62.52199612936234,0
-7.09,4.164065,34.34,62.52199612936234,0
-3.41,4.161506,34.34,62.52199612936234,0
8.82,4.160227,34.34,62.52199612936234,0
1.48,4.15511,34.29,62.52199612936234,0
-17.98,4.157669,34.29,62.52199612936234,0
15.53,4.158948,34.29,62.81719509815764,0
10.73,4.158948,34.29,62.96824596572466,0
-2.89,4.158948,34.31,62.52199612936234,0
-14.65,4.152552,34.31,62.96824596572466,0
16.95,4.157669,34.31,62.24949798994366,0
-9.72,4.156389,34.31,63.13477647065839,0
-18.0,4.156389,34.33,62.68971207462992,0
10.17,4.166623,34.33,62.27358990776106,0
11.06,4.160227,34.33,62.52199612936234,0
-4.2,4.158948,34.33,63.40346993658943,0
-20.1,4.153831,34.33,62.52199612936234,0
19.67,4.158948,34.33,62.96824596572466,0
15.4,4.152552,34.33,63.25345840347388,0
-2.33,4.157669,34.33,62.96824596572466,0
-11.17,4.147434,34.31,62.81719509815764,0
3.76,4.162786,34.31,63.25345840347388,0
-1.53,4.151272,34.31,62.81719509815764,0
-17.22,4.158948,34.31,62.369864518050704,0
17.44,4.151272,34.33,62.81719509815764,0
10.37,4.164065,34.33,62.81719509815764,0
-9.12,4.156389,34.33,62.96824596572466,0
4.19,4.160227,34.33,62.080592780675026,0
9.52,4.147434,34.31,62.81719509815764,0
-1.92,4.164065,34.31,62.81719509815764,0
-18.08,4.15511,34.31,62.68173577685928,0
5.65,4.152552,34.31,62.68173577685928,0
5.61,4.153831,34.33,62.68173577685928,0
-5.66,4.162786,34.33,62.68173577685928,0
-13.42,4.153831,34.33,62.68173577685928,0
8.68,4.157669,34.33,62.68173577685928,0
8.77,4.151272,34.31,62.23343153000644,0
-6.64,4.160227,34.31,62.81719509815764,0
0.22,4.151272,34.31,62.68173577685928,0
0.89,4.156389,34.31,62.68173577685928,0
-7.0,4.156389,34.33,62.81719509815764,0
-12.53,4.160227,34.33,62.81719509815764,0
15.92,4.148714,34.33,62.96824596572466,0
11.41,4.15511,34.33,62.96824596572466,0
-3.69,4.146155,34.33,62.96824596572466,0
-17.04,4.15511,34.33,63.13477647065839,0
5.41,4.135921,34.33,65.76473218982953,0
1.36,4.179416,34.33,61.53048025166064,0
-14.18,4.190929,34.33,66.17401302626281,0
6.15,4.202442,34.33,67.11929677819934,0
11.28,4.225469,34.33,64.7688196588451,0
1.63,4.244658,34.33,65.93178292750773,0
6.41,4.304782,34.33,65.49045732013177,0
16.38,4.307341,34.33,62.12889826803627,0
-54.17,4.322692,34.33,67.90434448545984,0
44.0,4.312458,34.33,65.98484674529449,0
78.87,4.268963,34.33,58.557663887829406,0
-38.96,4.320133,34.33,71.49825172687791,0
-11.47,4.32653,34.33,52.09606511052442,0
16.81,4.331646,34.33,64.1482657598785,0
0.23,4.338043,34.33,66.04543890383347,0
-51.9,4.346998,34.33,60.51446108162907,0
102.0,4.298386,34.33,62.0403094769844,0
-27.53,4.299665,34.33,62.24146527838174,0
-2.89,4.294549,34.33,68.37397165588672,0
23.82,4.307341,34.33,62.080592780675026,0
-15.58,4.253613,34.33,63.45076831686122,0
11.1,4.194767,34.33,63.25345840347388,0
41.6,4.187091,34.31,62.8728876384726,0
-37.16,4.175578,34.31,62.63385665915839,0
60.21,4.162786,34.31,63.166446789415026,0
21.38,4.146155,34.31,62.297672508690084,0
-19.56,4.142317,34.31,62.42595614005443,0
-17.98,4.129525,34.31,62.52199612936234,0
13.92,4.125687,34.31,62.63385665915839,0
0.74,4.109057,34.31,62.63385665915839,0
-7.79,4.111615,34.31,62.8728876384726,0
-1.91,4.091147,34.31,63.387695966961914,0
1.43,4.098823,34.31,62.24146527838174,0
-6.38,4.089868,34.31,62.10475022089695,0
1.94,4.093706,34.29,63.166446789415026,0
7.73,4.083472,34.29,62.80923498976882,0
-4.04,4.08603,34.29,62.75348595894893,0
-6.97,4.073238,34.29,62.83311228962003,0
13.29,4.060445,34.27,62.297672508690084,0
2.81,4.057887,34.27,62.75348595894893,0
-9.2,4.05277,34.27,63.387695966961914,0
12.63,4.051491,34.27,62.88083968904996,0
12.1,4.047653,34.25,62.88083968904996,0
-1.15,4.042536,34.25,63.0,0
-8.58,4.042536,34.25,62.625873247404705,0
-10.92,4.039978,34.25,62.625873247404705,0
-6.25,4.041256,34.23,63.0,0
1.23,4.043815,34.23,62.625873247404705,0
-4.68,4.041256,34.23,62.625873247404705,0
6.52,4.037419,34.23,63.0,0
2.77,4.037419,34.21,62.625873247404705,0
-8.39,4.029743,34.21,63.0,0
10.43,4.033581,34.21,62.24146527838174,0
0.75,4.027185,34.21,63.0,0
-7.75,4.028464,34.18,63.0,0
2.69,4.029743,34.18,62.48199740725323,0
-6.98,4.022068,34.18,63.0,0
5.06,4.020789,34.18,63.0,0
1.0,4.016951,34.21,63.0,0
-10.79,4.015672,34.21,63.0,0
9.79,4.007996,34.21,63.0,0
4.65,4.009275,34.21,63.0,0
-7.7,4.0016,34.16,63.0,0
5.66,4.009275,34.16,63.0,0
0.07,4.0016,34.16,63.0,0
-6.37,4.0016,34.16,63.0,0
2.94,3.999041,34.16,63.0,0
-1.01,3.995203,34.16,62.48199740725323,0
-9.52,3.993924,34.16,63.0,0
2.44,3.991366,34.16,62.24146527838174,0
1.71,3.990087,34.16,63.0,0
-12.17,3.991366,34.16,63.0,0
4.38,3.982411,34.16,63.0,0
1.46,3.978573,34.16,63.0,0
-4.74,3.974735,34.16,63.0,0
-14.29,3.976015,34.16,63.0,0
8.16,3.968339,34.16,62.48199740725323,0
7.1,3.969619,34.16,62.48199740725323,0
-6.42,3.964502,34.16,63.0,0
10.61,3.982501,34.16,63.0,0
11.04,3.953078,34.16,62.10475022089695,0
0.36,3.972267,34.16,62.48199740725323,0
-12.92,3.962033,34.15,63.0,0
10.44,3.968429,34.15,63.0,0
13.03,3.954358,34.15,62.48199740725323,0
-0.22,3.960754,34.15,62.48199740725323,0
-13.01,3.954358,34.15,63.0,0
-0.15,3.960754,34.15,63.0,0
5.1,3.951799,34.15,62.625873247404705,0
2.79,3.954358,34.15,62.625873247404705,0
-5.24,3.947961,34.11,63.0,0
-6.88,3.955637,34.11,63.0,0
5.81,3.955637,34.11,62.10475022089695,0
5.35,3.951799,34.11,62.10475022089695,0
-6.69,3.940286,34.13,62.10475022089695,0
7.61,3.942844,34.13,62.48199740725323,0
6.44,3.945403,34.13,62.10475022089695,0
-1.37,3.944124,34.13,62.48199740725323,0
-13.59,3.944124,34.13,62.10475022089695,0
7.81,3.946682,34.13,62.48199740725323,0
10.28,3.940286,34.13,62.48199740725323,0
-1.08,3.93389,34.13,62.10475022089695,0
-10.74,3.936448,34.09,63.0,0
-2.89,3.937727,34.09,62.48199740725323,0
4.71,3.935169,34.09,63.0,0
1.35,3.935169,34.09,62.10475022089695,0
-5.69,3.926214,34.11,62.10475022089695,0
-13.31,3.93261,34.11,62.10475022089695,0
10.43,3.926214,34.11,62.48199740725323,0
7.62,3.926214,34.11,62.48199740725323,0
-4.85,3.924935,34.09,63.25345840347388,0
-5.24,3.918539,34.09,62.48199740725323,0
3.53,3.918539,34.09,62.48199740725323,0
1.42,3.913422,34.09,62.48199740725323,0
-8.5,3.914701,34.07,62.48199740725323,0
-8.51,3.909584,34.07,62.10475022089695,0
7.23,3.910863,34.07,62.48199740725323,0
2.63,3.896791,34.07,63.0,0
-7.77,3.905746,34.07,62.48199740725323,0
-13.96,3.900629,34.07,62.48199740725323,0
5.74,3.904467,34.07,62.48199740725323,0
3.78,3.89935,34.07,62.48199740725323,0
-5.75,3.900629,34.07,62.10475022089695,0
-4.43,3.896791,34.07,62.10475022089695,0
7.19,3.89935,34.07,62.48199740725323,0
2.06,3.900629,34.07,62.10475022089695,0
-11.13,3.900629,34.07,62.88083968904996,0
12.44,3.891674,34.07,62.88083968904996,0
9.31,3.896791,34.07,62.10475022089695,0
-4.22,3.900629,34.07,62.88083968904996,0
-19.16,3.900629,34.07,62.88083968904996,0
11.29,3.901908,34.07,62.88083968904996,0
9.34,3.900629,34.07,62.10475022089695,0
-2.3,3.898071,34.07,62.10475022089695,0
-16.47,3.898071,34.05,62.88083968904996,0
10.97,3.896791,34.05,62.88083968904996,0
8.27,3.896791,34.05,62.88083968904996,0
-2.73,3.894233,34.05,62.88083968904996,0
-13.18,3.892954,34.07,62.88083968904996,0
12.77,3.886557,34.07,62.88083968904996,0
11.36,3.887836,34.07,62.88083968904996,0
-1.19,3.887836,34.07,62.88083968904996,0
-11.79,3.886557,34.05,62.88083968904996,0
6.21,3.889116,34.05,62.88083968904996,0
3.62,3.880161,34.05,62.88083968904996,0
-7.5,3.88144,34.05,62.88083968904996,0
-8.16,3.876323,34.07,62.88083968904996,0
5.17,3.877603,34.07,62.88083968904996,0
3.05,3.871206,34.07,62.88083968904996,0
-5.2,3.877603,34.07,62.88083968904996,0
-14.34,3.863531,34.05,62.88083968904996,0
5.18,3.873765,34.05,62.88083968904996,0
3.87,3.863531,34.05,62.88083968904996,0
-5.28,3.86481,34.05,62.52199612936234,0
-15.62,3.859693,34.05,62.52199612936234,0
7.66,3.86481,34.05,62.01612693485461,0
8.24,3.853297,34.05,62.52199612936234,0
-1.82,3.852017,34.05,63.30876716537765,0
-12.92,3.852017,34.05,62.96824596572466,0
6.97,3.8469,34.05,62.96824596572466,0
5.59,3.823874,34.05,62.01612693485461,0
-5.68,3.83027,34.05,62.96824596572466,0
-12.82,3.834108,34.07,62.465990746965666,0
5.74,3.83027,34.07,62.96824596572466,0
4.48,3.83027,34.07,62.96824596572466,0
-0.13,3.83027,34.07,62.96824596572466,0
-14.34,3.828991,34.05,62.96824596572466,0
3.27,3.828991,34.05,62.96824596572466,0
2.99,3.828991,34.05,62.96824596572466,0
-4.9,3.827712,34.05,62.52199612936234,0
-1.41,3.828991,34.03,62.52199612936234,0
6.86,3.828991,34.03,62.80923498976882,0
3.54,3.822595,34.03,62.01612693485461,0
-6.81,3.823874,34.03,63.30876716537765,0
8.79,3.826432,34.05,62.465990746965666,0
5.85,3.822595,34.05,62.80923498976882,0
-0.22,3.822595,34.05,62.80923498976882,0
-10.69,3.818757,34.05,62.96824596572466,0
6.28,3.822595,34.03,62.52199612936234,0
8.6,3.811081,34.03,62.177166226839255,0
-0.89,3.825153,34.03,62.13694553162394,0
-10.72,3.823874,34.03,63.2771680782255,0
-8.6,3.826432,34.03,62.78534860936905,0
11.78,3.827712,34.03,63.2771680782255,0
15.25,3.83027,34.03,62.63385665915839,0
-10.55,3.827712,34.03,62.63385665915839,0
-11.46,3.822595,34.0,62.94441992742486,0
1.97,3.825153,34.0,62.63385665915839,0
0.45,3.826432,34.0,62.63385665915839,0
-12.41,3.828991,34.0,62.94441992742486,0
8.86,3.831549,34.0,62.94441992742486,0
8.55,3.832829,34.0,62.63385665915839,0
0.64,3.826432,34.0,62.94441992742486,0
-17.44,3.827712,34.0,62.63385665915839,0
8.28,3.817478,34.03,62.63385665915839,0
5.68,3.825153,34.03,62.96824596572466,0
-4.59,3.818757,34.03,62.14499175315739,0
12.04,3.821316,34.03,62.63385665915839,0
10.51,3.817478,34.0,62.63385665915839,0
-3.09,3.825153,34.0,63.45076831686122,0
-9.23,3.817478,34.0,62.63385665915839,0
4.23,3.820036,34.0,62.3377895020348,0
1.67,3.821316,34.03,63.15853069855251,0
-10.48,3.825153,34.03,63.15853069855251,0
7.31,3.816198,34.03,63.15853069855251,0
9.62,3.812361,34.03,63.15853069855251,0
1.9,3.808523,34.0,63.15853069855251,0
-7.38,3.817478,34.0,63.15853069855251,0
8.96,3.818757,34.0,63.15853069855251,0
12.95,3.818757,34.0,63.15853069855251,0
1.95,3.820036,34.0,63.15853069855251,0
-11.1,3.814919,34.0,63.15853069855251,0
8.89,3.817478,34.0,63.15853069855251,0
8.97,3.817478,34.0,62.88083968904996,0
-3.14,3.816198,33.99,63.15853069855251,0
-12.8,3.816198,33.99,63.15853069855251,0
9.73,3.808523,33.99,63.15853069855251,0
8.33,3.811081,33.99,63.15853069855251,0
-4.34,3.809802,33.99,63.15853069855251,0
-16.4,3.807244,33.99,63.15853069855251,0
7.98,3.811081,33.99,62.67375846396959,0
9.55,3.807244,33.99,62.67375846396959,0
-2.02,3.81364,33.99,62.67375846396959,0
-15.95,3.814919,33.99,63.15853069855251,0
10.05,3.817478,33.99,62.67375846396959,0
7.35,3.81364,33.99,62.67375846396959,0
-5.94,3.820036,34.0,62.67375846396959,0
-11.9,3.804685,34.0,63.15853069855251,0
5.82,3.81364,34.0,63.15853069855251,0
3.16,3.803406,34.0,63.15853069855251,0
-9.06,3.807244,33.99,62.67375846396959,0
1.87,3.802127,33.99,62.67375846396959,0
9.29,3.803406,33.99,63.15853069855251,0
-0.45,3.800848,33.99,63.15853069855251,0
-16.74,3.800848,33.99,63.15853069855251,0
8.5,3.791893,33.99,62.67375846396959,0
9.23,3.800848,33.99,62.67375846396959,0
-5.87,3.790613,33.99,62.67375846396959,0
-1.44,3.794451,33.99,63.15853069855251,0
7.51,3.802127,33.99,63.15853069855251,0
-1.72,3.776542,33.99,62.67375846396959,0
-9.07,3.791893,33.99,62.67375846396959,0
3.75,3.790613,34.0,62.67375846396959,0
-3.15,3.79701,34.0,62.67375846396959,0
-11.29,3.793172,34.0,62.67375846396959,0
8.62,3.793172,34.0,63.45076831686122,0
-1.37,3.794451,33.99,63.45076831686122,0
-19.91,3.79573,33.99,62.63385665915839,0
7.58,3.790613,33.99,62.63385665915839,0
1.92,3.788055,33.99,62.63385665915839,0
-16.33,3.789334,34.0,63.15853069855251,0
11.61,3.79573,34.0,63.15853069855251,0
10.02,3.786776,34.0,63.15853069855251,0
-6.75,3.790613,34.0,62.67375846396959,0
3.25,3.786776,34.0,63.45076831686122,0
9.32,3.817478,34.0,68.83313155741209,0
-2.63,3.910863,34.0,60.30754513325841,0
-17.41,3.970988,34.0,67.59437846448475,0
14.76,3.955637,34.03,78.30708780180757,0
11.37,3.944124,34.03,62.65780079128216,0
6.56,3.93389,34.03,49.92995093127971,0
-25.37,3.944124,34.03,83.48652585896721,0
25.13,3.954358,34.0,81.12336284942828,0
14.9,3.965871,34.0,57.66281297335398,0
50.03,3.969709,34.0,67.49814812274482,0
6.26,3.996573,34.0,68.22023160324215,0
-20.75,3.995294,33.99,66.40783086353596,0
-37.85,4.01832,33.99,52.630789467763066,0
-301.77,4.00169,33.99,53.5723809439155,0
65.75,4.03623,33.99,78.4219357067906,0
43.9,4.022158,33.99,63.914004725099176,0
12.92,4.038788,33.99,55.37147279962851,0
117.27,4.056698,33.99,100.70749723828906,0
69.71,4.070769,33.99,52.23983154643591,0
-155.98,4.160317,34.0,87.46427842267951,0
117.41,4.075887,34.0,68.70953354520753,0
155.78,4.109147,34.0,73.30757123244501,0
-34.05,4.123219,34.0,54.30469592954186,0
-212.22,4.136011,34.0,66.40783086353596,0
-107.12,4.144966,34.0,65.13063795173512,0
59.55,4.142407,34.0,64.70703207534712,0
-47.61,4.13857,34.0,63.39558344238185,0
-57.28,4.128336,34.03,67.3349834781297,0
18.96,4.06949,34.03,65.81033353509159,0
109.55,4.05286,34.03,64.06246951218786,0
204.51,4.047743,34.03,62.0403094769844,0
-265.8,4.049022,34.03,62.0403094769844,0
-68.07,4.051581,34.03,63.0158710167526,0
-25.22,4.047743,34.03,63.00793600809346,0
-12.88,4.032392,34.03,62.161081071680215,0
42.16,4.041347,33.99,68.0808343074613,0
3.83,4.043905,33.99,62.81719509815764,0
-25.9,4.040068,33.99,63.229739838148944,0
16.69,4.032392,33.99,66.21933252457322,0
0.31,4.042626,33.99,57.91372894228103,0
34.39,4.042626,33.99,72.14568594171102,0
12.83,4.029833,33.99,58.497863208838666,0
-22.15,4.031113,33.99,76.94803441284255,0
35.96,4.124498,33.99,62.01612693485461,0
15.18,4.112985,33.99,71.81225522151495,0
60.49,4.019599,33.99,61.26173356998641,0
118.62,3.996573,33.99,65.55913361233506,0
-197.11,4.008086,33.97,62.56196927846821,0
-139.79,4.057977,33.97,57.91372894228103,0
-27.17,4.091238,33.97,81.79242018671412,0
-28.01,4.215325,33.97,48.30113870293329,0
-21.08,4.157759,33.99,72.37402849088892,0
65.9,4.134732,33.99,61.08191221630181,0
-42.41,4.127057,33.99,72.18032973047436,0
-30.5,4.119381,33.99,71.23903424387504,0
-82.32,4.089958,33.97,65.72670690061993,0
52.39,4.092517,33.97,64.66065264130884,0
-11.09,4.102751,33.97,64.73020933072904,0
5.25,4.169272,33.97,61.56297588648554,0
-16.12,4.17183,33.95,61.36774397026503,0
69.54,4.162876,33.95,65.46754921333164,0
10.3,4.152642,33.95,62.37788069500277,0
-57.0,4.161596,33.95,62.20932405998316,0
-20.74,4.1552,33.97,65.87867636800242,0
23.11,4.164155,33.97,66.27216610312357,0
47.34,4.095075,33.97,59.799665550904216,0
9.59,4.111705,33.97,61.71709649683789,0
-24.35,4.165434,33.99,61.78187436457395,0
-36.04,4.169272,33.99,61.35144660071187,0
-16.86,4.179506,33.99,62.67375846396959,0
47.92,4.193578,33.99,59.405386961116584,0
0.23,4.180785,33.97,54.92722457943783,0
-30.36,4.202532,33.97,64.1404708432983,0
-0.04,4.198695,33.97,65.12296062065974,0
35.42,4.192298,33.97,53.79591062525106,0
-12.43,4.203812,33.93,61.814237842102365,0
6.65,4.211487,33.93,62.52999280345393,0
-30.84,4.207649,33.93,63.984373092185564,0
-18.65,4.203812,33.93,63.25345840347388,0
45.92,4.20637,33.93,63.25345840347388,0
4.78,4.202532,33.93,62.5939294181153,0
-30.17,4.205091,33.93,63.43500610861482,0
14.98,4.192298,33.93,63.43500610861482,0
4.7,4.203812,33.93,63.43500610861482,0
-4.27,4.194857,33.93,64.64518543557594,0
5.0,4.207649,33.93,59.033888572581766,0
-10.51,4.207649,33.93,55.362442142665635,0
-1.82,4.192298,33.93,67.60177512462228,0
13.05,4.092517,33.93,59.89156868875618,0
7.51,4.045185,33.93,60.73713855624086,0
-40.97,4.057977,33.93,69.07966415668217,0
-20.93,4.061815,33.93,60.481402100149765,0
74.18,4.068211,33.93,60.29096117993144,0
-37.09,4.074607,33.93,60.876925020897694,0
3.42,4.101471,33.93,58.728187440104094,0
14.43,4.164155,33.89,69.72087205421343,0
42.98,4.256261,33.89,45.4972526643093,0
73.15,4.20637,33.89,65.55150646628954,0
-95.01,4.165434,33.89,62.24146527838174,0
-139.4,4.169272,33.93,62.96824596572466,0
16.29,4.182065,33.93,62.65780079128216,0
160.31,4.20637,33.93,72.2564875980005,0
-2.51,4.260098,33.93,30.14962686336267,0
14.67,4.265216,33.93,64.5445582524197,0
-93.23,4.299756,33.93,82.516664983505,0
-13.01,4.289522,33.93,70.94363960215179,0
-63.37,4.12066,33.93,59.447455790807396,0
90.19,4.061815,33.91,62.55397669213365,0
76.3,4.083562,33.91,61.78996682310163,0
-209.85,4.008086,33.91,62.8728876384726,0
136.13,3.990177,33.91,61.773780845922005,0
132.61,3.988897,33.87,62.465990746965666,0
65.27,3.977384,33.87,63.66317616958802,0
-24.53,3.959475,33.87,63.071388124885914,0
-6.13,3.955637,33.87,61.87891401761993,0
10.87,3.959475,33.87,62.465990746965666,0
-2.6,3.960754,33.87,61.424750711744856,0
32.05,3.960754,33.87,62.93647591023825,0
33.44,3.947961,33.87,62.65780079128216,0
11.19,3.940286,33.87,62.78534860936905,0
-22.94,3.921097,33.87,62.185207244167,0
15.45,3.91598,33.87,62.6418390534633,0
-10.41,3.908304,33.87,62.465990746965666,0
-52.22,3.91598,33.84,62.93647591023825,0
-2.91,3.922376,33.84,63.14269553954757,0
-0.61,3.926214,33.84,64.10928169929842,0
-17.99,3.927493,33.84,63.41135544995076,0
15.43,3.905746,33.83,69.97856814768362,0
2.62,3.814919,33.83,63.221831672294975,0
-11.23,3.863531,33.83,62.185207244167,0
-3.53,3.86481,33.83,62.68173577685928,0
-3.18,3.868648,33.84,62.6418390534633,0
-7.05,3.869927,33.84,62.78534860936905,0
42.65,3.88272,33.84,62.617888817813075,0
5.9,3.887836,33.84,62.321745803531535,0
-17.38,3.890395,33.84,63.06346010171025,0
25.73,3.869927,33.84,62.68173577685928,0
13.15,3.877603,33.84,62.68173577685928,0
5.67,3.886557,33.84,62.68173577685928,0
4.06,3.887836,33.81,63.221831672294975,0
-25.19,3.900629,33.81,63.51377803280167,0
0.44,3.898071,33.81,61.87891401761993,0
12.32,3.887836,33.81,63.245553203367585,0
-13.38,3.883999,33.81,62.07253821135398,0
27.77,3.88272,33.81,62.6418390534633,0
14.08,3.8469,33.81,63.221831672294975,0
-3.15,3.84818,33.81,62.6418390534633,0
-21.68,3.839225,33.81,62.94441992742486,0
17.71,3.83027,33.81,62.68173577685928,0
17.25,3.837946,33.81,62.0966987850401,0
-30.21,3.841784,33.81,62.0966987850401,0
13.42,3.84818,33.83,63.0317380372777,0
11.24,3.860972,33.83,62.68173577685928,0
-5.62,3.863531,33.83,62.185207244167,0
1.53,3.878882,33.83,63.221831672294975,0
-1.61,3.892954,33.83,62.6418390534633,0
-12.57,3.904467,33.83,63.221831672294975,0
-17.36,3.898071,33.83,62.36184731067546,0
19.43,3.901908,33.83,62.36184731067546,0
-12.46,3.886557,33.79,62.36184731067546,0
-13.15,3.891674,33.79,62.36184731067546,0
6.68,3.876323,33.79,63.7102817447859,0
-7.07,3.876323,33.79,62.465990746965666,0
-0.98,3.871206,33.81,62.6418390534633,0
-4.15,3.873765,33.81,62.94441992742486,0
-2.67,3.876323,33.81,62.36184731067546,0
-2.61,3.877603,33.81,62.68173577685928,0
27.57,3.867368,33.83,63.20601237224193,0
13.49,3.868648,33.83,62.30569797378086,0
1.37,3.860972,33.83,60.96720429870473,0
3.84,3.866089,33.83,62.6418390534633,0
7.96,3.860972,33.84,63.51377803280167,0
-37.11,3.854576,33.84,63.221831672294975,0
-35.33,3.839225,33.84,62.185207244167,0
38.72,3.84818,33.84,62.6418390534633,0
53.34,3.828991,33.83,63.13477647065839,0
-44.01,3.837946,33.83,62.36184731067546,0
-16.55,3.845621,33.83,62.0966987850401,0
-4.1,3.868648,33.83,62.8728876384726,0
-19.48,3.88272,33.84,62.0966987850401,0
53.49,3.891674,33.84,62.8728876384726,0
17.67,3.891674,33.84,62.625873247404705,0
-46.7,3.900629,33.84,62.976185975335156,0
-21.01,3.890395,33.83,62.625873247404705,0
-7.25,3.877603,33.83,62.30569797378086,0
-34.3,3.887836,33.83,62.8728876384726,0
-32.58,3.894233,33.83,62.94441992742486,0
4.61,3.903188,33.83,62.36184731067546,0
-67.13,3.89935,33.83,63.51377803280167,0
19.92,3.891674,33.83,62.6418390534633,0
95.22,3.88144,33.83,62.6418390534633,0
34.17,3.880161,33.81,62.369864518050704,0
-48.87,3.855855,33.81,62.185207244167,0
6.94,3.876323,33.81,62.94441992742486,0
2.69,3.875044,33.81,62.8728876384726,0
-21.84,3.894233,33.81,62.8728876384726,0
12.23,3.908304,33.81,62.0966987850401,0
33.57,3.909584,33.81,62.8728876384726,0
3.81,3.88272,33.81,62.36184731067546,0
-24.19,3.892954,33.81,62.94441992742486,0
4.44,3.876323,33.81,63.53739056650029,0
36.07,3.875044,33.81,62.36184731067546,0
-10.19,3.853297,33.81,62.68173577685928,0
-21.11,3.841784,33.81,63.45076831686122,0
7.0,3.853297,33.81,63.45076831686122,0
4.0,3.86481,33.81,62.625873247404705,0
-14.8,3.869927,33.81,62.39390995922599,0
9.17,3.867368,33.83,62.39390995922599,0
10.4,3.86481,33.83,62.976185975335156,0
-5.41,3.860972,33.83,63.20601237224193,0
-1.29,3.875044,33.83,62.976185975335156,0
-0.71,3.907025,33.81,62.625873247404705,0
-22.42,3.910863,33.81,62.20128616033595,0
-31.07,3.949241,33.81,59.3548650070068,0
48.59,3.963312,33.81,64.01562309311689,0
8.38,4.002969,33.81,62.77738446287803,0
-35.12,4.093796,33.81,62.82515419798029,0
-26.53,4.111705,33.81,63.474404290233394,0
116.34,4.105309,33.81,63.89053137985315,0
-58.94,4.029833,33.81,59.715994507334464,0
-160.12,3.930052,33.81,63.56886030125127,0
43.95,3.941565,33.81,63.45076831686122,0
0.61,3.917259,33.81,63.41135544995076,0
1.69,3.908304,33.81,61.84658438426491,0
213.71,3.84818,33.81,62.65780079128216,0
-38.42,3.816198,33.81,61.84658438426491,0
-94.78,3.895512,33.81,63.914004725099176,0
13.54,3.986339,33.83,62.8728876384726,0
-15.22,3.992735,33.83,62.617888817813075,0
60.37,3.974826,33.83,63.647466563878254,0
-30.33,3.981222,33.83,62.545983084447556,0
3.71,3.986339,33.83,62.545983084447556,0
-4.05,3.977384,33.83,62.545983084447556,0
-9.18,3.95052,33.83,62.545983084447556,0
-18.21,3.894233,33.83,62.545983084447556,0
-26.55,3.875044,33.83,63.34824385884742,0
0.52,3.898071,33.83,63.34824385884742,0
22.74,3.913422,33.83,63.34824385884742,0
14.04,3.927493,33.83,63.34824385884742,0
25.25,3.93261,33.83,63.103090257134,0
40.29,3.949241,33.83,63.34824385884742,0
-14.19,3.946682,33.83,63.103090257134,0
-0.87,3.972267,33.83,63.103090257134,0
6.53,3.990177,33.81,63.103090257134,0
0.02,4.013203,33.81,62.81719509815764,0
-13.15,4.006807,33.81,62.80923498976882,0
8.31,3.991456,33.81,63.89053137985315,0
10.46,3.937727,33.79,62.625873247404705,0
1.33,3.921097,33.79,62.545983084447556,0
-4.55,3.889116,33.79,63.41135544995076,0
14.17,3.873765,33.79,62.617888817813075,0
11.51,3.875044,33.81,62.849025449882674,0
11.47,3.905746,33.81,62.0644825967316,0
5.17,3.889116,33.81,62.545983084447556,0
37.75,3.901908,33.81,62.849025449882674,0
25.03,3.894233,33.81,63.095166217389426,0
-78.33,3.883999,33.81,62.30569797378086,0
-59.44,3.869927,33.81,63.095166217389426,0
-16.87,3.86481,33.81,62.545983084447556,0
-5.47,3.880161,33.79,62.545983084447556,0
4.56,3.904467,33.79,62.80923498976882,0
19.03,3.944124,33.79,62.55397669213365,0
9.68,3.958195,33.79,62.55397669213365,0
-17.31,3.968429,33.79,62.55397669213365,0
-21.13,3.959475,33.79,62.80923498976882,0
86.42,3.93261,33.79,63.35613624582863,0
13.27,3.89935,33.79,63.095166217389426,0
-28.79,3.831549,33.79,63.095166217389426,0
-15.39,3.812361,33.79,62.849025449882674,0
9.78,3.808523,33.79,62.297672508690084,0
-15.59,3.8469,33.79,62.297672508690084,0
-38.45,3.862252,33.81,62.545983084447556,0
21.82,3.868648,33.81,62.849025449882674,0
42.84,3.859693,33.81,62.30569797378086,0
67.12,3.828991,33.81,62.30569797378086,0
-74.35,3.802127,33.79,62.56996084384263,0
-6.16,3.799568,33.79,62.30569797378086,0
-1.81,3.804685,33.79,63.095166217389426,0
12.3,3.812361,33.79,62.297672508690084,0
-2.79,3.839225,33.79,62.81719509815764,0
29.53,3.857135,33.79,62.81719509815764,0
-7.14,3.895512,33.79,63.079315151640635,0
-80.62,3.895512,33.79,63.079315151640635,0
-19.07,3.889116,33.81,62.27358990776106,0
216.27,3.858414,33.81,62.80923498976882,0
-48.3,3.828991,33.81,62.80923498976882,0
-50.2,3.817478,33.81,62.80923498976882,0
-66.77,3.832829,33.81,63.88270501473775,0
-31.04,3.857135,33.81,62.80923498976882,0
37.95,3.86481,33.81,62.55397669213365,0
100.21,3.854576,33.81,62.55397669213365,0
5.76,3.845621,33.79,62.55397669213365,0
-26.45,3.849459,33.79,63.3798075099633,0
-14.22,3.836667,33.79,63.095166217389426,0
-16.19,3.782938,33.79,62.545983084447556,0
-16.64,3.776542,33.79,62.617888817813075,0
-6.07,3.777821,33.79,62.849025449882674,0
-82.34,3.788055,33.79,63.095166217389426,0
62.05,3.799568,33.79,62.545983084447556,0
59.6,3.807244,33.79,63.095166217389426,0
102.72,3.812361,33.79,62.30569797378086,0
-42.19,3.79701,33.79,62.30569797378086,0
-38.51,3.771425,33.79,63.35613624582863,0
8.05,3.789334,33.79,63.34824385884742,0
-4.33,3.804685,33.79,62.545983084447556,0
-66.61,3.794451,33.79,62.80923498976882,0
30.02,3.835387,33.79,62.545983084447556,0
5.75,3.868648,33.79,63.079315151640635,0
17.25,3.886557,33.79,63.34824385884742,0
45.48,3.869927,33.79,62.545983084447556,0
-2.97,3.844342,33.79,62.545983084447556,0
-16.99,3.823874,33.79,63.34824385884742,0
-19.41,3.817478,33.79,63.34824385884742,0
73.45,3.802127,33.79,62.80923498976882,0
-35.19,3.807244,33.79,62.80923498976882,0
-5.06,3.784217,33.77,62.80923498976882,0
36.62,3.785496,33.77,63.34824385884742,0
65.51,3.768866,33.77,63.103090257134,0
-30.21,3.766308,33.77,62.545983084447556,0
-54.47,3.759911,33.79,63.079315151640635,0
-90.42,3.767587,33.79,64.69930447848725,0
-163.23,3.790613,33.79,62.55397669213365,0
171.3,3.798289,33.79,63.08724118235002,0
38.95,3.753515,33.77,63.35613624582863,0
2.13,3.715138,33.77,62.80923498976882,0
25.18,3.701066,33.77,63.095166217389426,0
-5.83,3.686994,33.77,63.095166217389426,0
18.5,3.69339,33.79,62.545983084447556,0
-19.56,3.738164,33.79,62.56196927846821,0
0.8,3.767587,33.79,62.545983084447556,0
101.87,3.784217,33.79,63.35613624582863,0
13.37,3.784217,33.77,63.35613624582863,0
-60.88,3.748398,33.77,62.80923498976882,0
-36.87,3.738164,33.77,62.80923498976882,0
-23.84,3.738164,33.77,63.35613624582863,0
-36.94,3.731768,33.79,62.80923498976882,0
39.29,3.726651,33.79,63.103090257134,0
22.42,3.739443,33.79,63.118935352238,0
37.71,3.782938,33.79,63.3798075099633,0
-30.87,3.83027,33.77,63.079315151640635,0
-2.73,3.826432,33.77,63.35613624582863,0
-27.47,3.808523,33.77,63.08724118235002,0
-2.37,3.773983,33.77,62.80923498976882,0
-0.89,3.768866,33.77,62.27358990776106,0
-5.67,3.775262,33.77,63.34824385884742,0
-8.04,3.791893,33.77,62.545983084447556,0
11.69,3.784217,33.77,63.34824385884742,0
9.2,3.775262,33.77,63.34824385884742,0
4.94,3.763749,33.77,63.103090257134,0
6.57,3.74456,33.77,63.103090257134,0
7.4,3.74456,33.77,63.103090257134,0
4.7,3.74456,33.75,63.103090257134,0
-10.35,3.743281,33.75,63.103090257134,0
12.75,3.747119,33.75,63.34824385884742,0
9.69,3.759911,33.75,62.27358990776106,0
-15.02,3.785496,33.75,62.80923498976882,0
-6.5,3.807244,33.75,62.80923498976882,0
29.12,3.804685,33.75,62.27358990776106,0
36.58,3.809802,33.75,63.35613624582863,0
-39.39,3.803406,33.75,63.079315151640635,0
-57.89,3.791893,33.75,63.079315151640635,0
14.63,3.784217,33.75,63.079315151640635,0
-3.83,3.7791,33.75,63.34824385884742,0
-44.24,3.766308,33.75,63.079315151640635,0
-6.72,3.7791,33.75,63.079315151640635,0
78.66,3.767587,33.75,63.079315151640635,0
79.79,3.729209,33.75,63.34824385884742,0
-71.1,3.697228,33.75,62.0644825967316,0
-89.69,3.692111,33.75,62.56996084384263,0
-18.33,3.713858,33.75,63.118935352238,0
-18.35,3.735606,33.75,62.88083968904996,0
-12.48,3.761191,33.75,63.079315151640635,0
31.61,3.781659,33.75,63.079315151640635,0
-11.28,3.768866,33.75,63.079315151640635,0
-43.01,3.785496,33.75,63.3798075099633,0
-8.23,3.79573,33.73,62.81719509815764,0
49.06,3.809802,33.73,63.387695966961914,0
34.08,3.820036,33.73,63.631753079732135,0
53.63,3.832829,33.73,62.617888817813075,0
-60.49,3.844342,33.75,63.3798075099633,0
-25.65,3.873765,33.75,63.15853069855251,0
17.39,3.875044,33.75,63.655321851358195,0
4.71,3.871206,33.75,63.3798075099633,0
-50.35,3.862252,33.73,63.387695966961914,0
-18.83,3.845621,33.73,63.118935352238,0
37.47,3.843063,33.73,67.1863081289633,0
2.4,3.859693,33.73,67.50555532695068,0
-2.89,3.88144,33.73,64.17164482853778,0
8.21,3.96715,33.73,62.976185975335156,0
79.85,4.031113,33.73,72.05553413860729,0
27.87,4.060535,33.73,51.088159097779204,0
-9.5,4.097634,33.73,75.55130707009641,0
-227.41,4.237072,33.73,61.78996682310163,0
19.12,4.269053,33.73,65.6505902486794,0
102.41,4.290801,33.73,63.96092557178953,0
128.0,4.301035,33.77,64.72248450113763,0
-106.98,4.302314,33.77,64.48255578061404,0
-15.42,4.30871,33.77,63.53739056650029,0
-9.57,4.302314,33.77,63.245553203367585,0
-10.08,4.298476,33.75,66.4304147209695,0
-9.25,4.30871,33.75,66.61831579978588,0
-22.69,4.334295,33.75,60.64651680022522,0
-44.07,4.347088,33.75,62.8728876384726,0
-27.95,4.353484,33.73,66.58077800686922,0
18.33,4.361159,33.73,63.631753079732135,0
-27.13,4.329178,33.73,67.54257916307313,0
38.45,4.32662,33.73,62.69768735766894,0
45.39,4.344529,33.73,61.95159400693416,0
-0.87,4.345809,33.73,61.78187436457395,0
-48.77,4.353484,33.73,62.42595614005443,0
-23.15,4.405933,33.73,64.87680633323437,0
-15.45,4.420005,33.71,63.26926584053272,0
11.32,4.414888,33.71,62.39390995922599,0
53.04,4.441752,33.71,65.09992319503918,0
109.98,4.444311,33.71,64.19501538281614,0
-17.75,4.458383,33.68,62.10475022089695,0
-51.88,4.483878,33.68,62.68173577685928,0
-25.55,4.492832,33.68,57.810033731178535,0
-28.65,4.454455,33.68,65.98484674529449,0
10.71,4.459572,33.71,57.34980383575867,0
4.97,4.482598,33.71,64.2339474110069,0
-27.44,4.488995,33.71,62.48199740725323,0
-23.13,4.482598,33.71,61.27805479941412,0
62.47,4.471085,33.68,62.928530890209096,0
7.26,4.473644,33.68,64.19501538281614,0
-42.59,4.458292,33.68,65.82552696332935,0
11.42,4.446779,33.68,61.106464469808756,0
33.17,4.441662,33.68,63.50590523722971,0
-13.19,4.442942,33.68,64.66838485689897,0
-8.03,4.446779,33.68,63.75735251718032,0
21.07,4.446779,33.68,63.85138996137829,0
-12.23,4.469806,33.71,62.12889826803627,0
-1.6,4.487715,33.71,64.27285585688566,0
63.32,4.477481,33.71,64.45153217728807,0
26.05,4.469806,33.71,66.88796603276258,0
-13.07,4.471085,33.68,62.37788069500277,0
30.22,4.457013,33.68,65.73431371817918,0
4.55,4.469806,33.68,63.419239982831705,0
-53.37,4.463409,33.68,59.95831885568507,0
11.86,4.455734,33.68,61.57921727336261,0
26.89,4.451896,33.68,61.98386886924694,0
-2.09,4.421194,33.68,63.324560795950255,0
-20.74,4.451896,33.68,63.35613624582863,0
-40.99,4.454455,33.71,63.324560795950255,0
-19.01,4.449338,33.71,63.324560795950255,0
29.79,4.432707,33.71,63.324560795950255,0
28.27,4.442942,33.71,63.324560795950255,0
4.82,4.437825,33.68,63.324560795950255,0
-1.32,4.441662,33.68,63.324560795950255,0
-11.66,4.439104,33.68,63.56886030125127,0
-23.18,4.442942,33.68,62.64982043070834,0
2.44,4.436545,33.66,62.89674077406555,0
1.4,4.440383,33.66,63.56886030125127,0
-15.64,4.435266,33.66,62.89674077406555,0
23.06,4.433987,33.66,63.56886030125127,0
-4.05,4.421194,33.65,62.89674077406555,0
-25.74,4.418636,33.65,62.89674077406555,0
9.67,4.414798,33.65,62.89674077406555,0
-1.92,4.413519,33.65,62.89674077406555,0
-2.81,4.409681,33.66,63.60031446463138,0
6.86,4.418636,33.66,62.69768735766894,0
-14.97,4.417356,33.66,63.35613624582863,0
-9.4,4.423753,33.66,63.60031446463138,0
19.95,4.417356,33.65,63.60031446463138,0
8.32,4.430149,33.65,63.60031446463138,0
-22.87,4.402006,33.65,63.60031446463138,0
18.49,4.419915,33.65,63.60031446463138,0
11.02,4.416077,33.66,63.60031446463138,0
-7.35,4.425032,33.66,63.75735251718032,0
-11.27,4.42759,33.66,62.77738446287803,0
25.85,4.430149,33.66,63.02380502635492,0
7.83,4.441662,33.65,63.02380502635492,0
-10.0,4.4455,33.65,63.02380502635492,0
3.97,4.442942,33.65,63.66317616958802,0
2.08,4.442942,33.65,63.02380502635492,0
-14.0,4.439104,33.65,63.66317616958802,0
-2.73,4.437825,33.65,63.02380502635492,0
16.53,4.436545,33.65,62.78534860936905,0
1.84,4.42887,33.65,63.13477647065839,0
-25.89,4.431428,33.65,63.13477647065839,0
23.53,4.425032,33.65,63.63961030678928,0
13.71,4.422473,33.65,63.13477647065839,0
1.93,4.413519,33.65,63.13477647065839,0
-21.96,4.419915,33.65,63.53739056650029,0
3.31,4.417356,33.65,64.29618962271404,0
6.81,4.422473,33.65,61.30252849597641,0
-22.82,4.422473,33.65,62.8728876384726,0
19.99,4.423753,33.63,62.6418390534633,0
13.14,4.421194,33.63,61.0163912403872,0
-3.88,4.402006,33.63,61.1228271597445,0
-14.29,4.387934,33.63,66.85057965343307,0
8.65,4.372583,33.63,63.56099432828282,0
1.51,4.372583,33.63,63.56099432828282,0
-37.08,4.381537,33.63,64.28841264178172,0
-28.9,4.422473,33.63,63.39558344238185,0
3.11,4.432707,33.61,62.78534860936905,0
24.74,4.42759,33.61,63.06346010171025,0
-15.1,4.423753,33.61,63.06346010171025,0
46.74,4.431428,33.61,62.94441992742486,0
31.59,4.439104,33.63,62.94441992742486,0
-6.91,4.433987,33.63,63.812224534175265,0
-69.47,4.446779,33.63,58.18934610390462,0
40.23,4.42887,33.63,61.59545437773797,0
39.41,4.448059,33.61,63.812224534175265,0
-14.04,4.444221,33.61,64.56779382943171,0
-59.16,4.441662,33.61,62.94441992742486,0
25.96,4.439104,33.61,62.36184731067546,0
34.3,4.436545,33.59,63.221831672294975,0
-1.23,4.4455,33.59,63.7102817447859,0
-57.01,4.450617,33.59,63.51377803280167,0
28.73,4.451896,33.59,62.78534860936905,0
20.8,4.4455,33.63,62.94441992742486,0
-15.89,4.453176,33.63,62.94441992742486,0
-67.17,4.446779,33.63,62.94441992742486,0
23.65,4.446779,33.63,62.94441992742486,0
33.98,4.441662,33.59,63.53739056650029,0
-4.57,4.448059,33.59,64.1404708432983,0
-46.52,4.444221,33.59,62.617888817813075,0
29.22,4.449338,33.59,64.03124237432849,0
30.11,4.404564,33.63,70.41306696913578,0
-23.58,4.41224,33.63,60.15812497078013,0
-80.55,4.409681,33.63,62.40192304729078,0
26.58,4.408401,33.63,65.7419196555744,0
26.99,4.448059,33.59,64.91532946846992,0
7.89,4.448059,33.59,64.01562309311689,0
-29.3,4.441662,33.59,62.65780079128216,0
46.73,4.453176,33.59,63.39558344238185,0
63.05,4.453176,33.57,62.93647591023825,0
-0.28,4.468526,33.57,58.31809324729333,0
-49.52,4.464689,33.57,60.93439094632849,0
-2.47,4.472364,33.57,62.65780079128216,0
-6.45,4.468526,33.57,62.65780079128216,0
-4.24,4.474923,33.57,62.65780079128216,0
-45.22,4.46213,33.57,64.28841264178172,0
19.56,4.471085,33.57,63.39558344238185,0
14.77,4.468526,33.55,62.65780079128216,0
-19.44,4.471085,33.55,63.13477647065839,0
-48.27,4.469806,33.55,63.75735251718032,0
25.67,4.468526,33.55,63.39558344238185,0
22.36,4.465968,33.61,62.65780079128216,0
2.51,4.467247,33.61,62.65780079128216,0
-34.52,4.468526,33.61,62.65780079128216,0
22.57,4.472364,33.61,62.65780079128216,0
18.08,4.472364,33.57,63.39558344238185,0
-7.2,4.46213,33.57,62.65780079128216,0
-46.51,4.442942,33.57,62.65780079128216,0
28.97,4.450617,33.57,62.93647591023825,0
25.83,4.46213,33.57,63.7102817447859,0
-5.28,4.455734,33.57,62.52199612936234,0
-39.07,4.457013,33.57,63.671029518926424,0
32.81,4.450617,33.57,63.13477647065839,0
30.41,4.451896,33.57,62.65780079128216,0
-3.4,4.451896,33.57,62.321745803531535,0
-31.47,4.449338,33.57,63.671029518926424,0
23.4,4.440383,33.57,62.78534860936905,0
16.98,4.435266,33.57,63.06346010171025,0
0.76,4.437825,33.57,63.06346010171025,0
-33.61,4.446779,33.57,63.06346010171025,0
24.0,4.441662,33.57,62.78534860936905,0
18.73,4.4455,33.55,62.52199612936234,0
5.44,4.446779,33.55,62.52199612936234,0
-30.61,4.448059,33.55,63.53739056650029,0
23.62,4.441662,33.55,61.773780845922005,0
20.2,4.449338,33.57,63.39558344238185,0
4.95,4.448059,33.57,63.39558344238185,0
-30.9,4.457013,33.57,63.39558344238185,0
6.66,4.454455,33.57,62.68173577685928,0
27.98,4.469806,33.55,63.53739056650029,0
5.87,4.468526,33.55,62.78534860936905,0
-32.95,4.482598,33.55,63.53739056650029,0
31.96,4.471085,33.55,65.16133823057964,0
22.31,4.481319,33.53,62.78534860936905,0
3.66,4.483878,33.53,63.2771680782255,0
-30.93,4.478761,33.53,62.52199612936234,0
4.56,4.478761,33.53,63.2771680782255,0
19.29,4.471085,33.55,64.1404708432983,0
10.87,4.478761,33.55,62.78534860936905,0
-17.16,4.476202,33.55,62.52199612936234,0
-31.51,4.486436,33.55,64.1404708432983,0
25.26,4.491553,33.55,63.39558344238185,0
11.94,4.499228,33.55,63.53739056650029,0
-19.68,4.492832,33.55,61.91930232165088,0
-29.03,4.491553,33.55,63.2771680782255,0
26.12,4.488995,33.55,63.2771680782255,0
15.09,4.490274,33.55,62.94441992742486,0
-17.61,4.482598,33.55,63.53739056650029,0
-57.51,4.478761,33.55,63.2771680782255,0
35.26,4.476202,33.5,63.53739056650029,0
24.41,4.467247,33.5,61.66846844214635,0
-7.54,4.469806,33.5,63.2771680782255,0
-40.63,4.468526,33.5,63.2771680782255,0
31.5,4.460851,33.53,63.2771680782255,0
26.06,4.457013,33.53,62.68173577685928,0
-6.29,4.4455,33.53,62.94441992742486,0
-51.47,4.446779,33.53,62.94441992742486,0
31.05,4.439104,33.53,61.91930232165088,0
30.99,4.442942,33.53,62.94441992742486,0
-7.03,4.435266,33.53,62.94441992742486,0
-50.52,4.442942,33.53,62.56996084384263,0
41.92,4.436545,33.5,63.13477647065839,0
38.32,4.453176,33.5,63.7102817447859,0
6.26,4.455734,33.5,62.185207244167,0
-26.35,4.46213,33.5,59.715994507334464,0
2.42,4.46213,33.5,63.53739056650029,0
5.75,4.468526,33.5,62.185207244167,0
-0.85,4.465968,33.5,63.53739056650029,0
-23.71,4.46213,33.5,63.2771680782255,0
19.33,4.460851,33.53,63.53739056650029,0
16.83,4.46213,33.53,63.812224534175265,0
-0.73,4.457013,33.53,62.94441992742486,0
-13.89,4.449338,33.53,63.655321851358195,0
-52.64,4.453176,33.53,63.45076831686122,0
42.34,4.449338,33.53,62.36184731067546,0
40.22,4.4455,33.53,62.68173577685928,0
-0.47,4.446779,33.53,63.45076831686122,0
-35.08,4.4455,33.53,62.94441992742486,0
10.71,4.442942,33.53,61.59545437773797,0
23.28,4.441662,33.53,62.78534860936905,0
1.18,4.442942,33.53,63.53739056650029,0
-36.9,4.4455,33.53,62.36184731067546,0
11.38,4.448059,33.53,64.48255578061404,0
35.4,4.448059,33.53,63.06346010171025,0
6.59,4.463409,33.53,64.29618962271404,0
-28.07,4.464689,33.5,63.7102817447859,0
-38.17,4.476202,33.5,61.78996682310163,0
40.3,4.454455,33.5,63.13477647065839,0
24.06,4.474923,33.5,63.13477647065839,0
-7.46,4.478761,33.53,63.7102817447859,0
-50.52,4.477481,33.53,63.13477647065839,0
34.19,4.476202,33.53,63.7102817447859,0
25.65,4.473644,33.53,62.36184731067546,0
3.56,4.467247,33.5,62.36184731067546,0
-53.8,4.467247,33.5,62.94441992742486,0
27.02,4.476202,33.5,64.27285585688566,0
17.15,4.485157,33.5,63.984373092185564,0
-15.32,4.488995,33.5,63.221831672294975,0
-50.97,4.494112,33.5,63.914004725099176,0
32.53,4.485157,33.5,62.36184731067546,0
21.22,4.483878,33.5,62.94441992742486,0
-11.37,4.477481,33.5,62.8728876384726,0
-53.98,4.486436,33.5,62.68173577685928,0
21.35,4.478761,33.5,62.68173577685928,0
22.07,4.473644,33.5,59.782940710540494,0
10.49,4.467247,33.49,65.83312236253116,0
-48.15,4.518417,33.49,68.09552114493287,0
-17.72,4.544003,33.49,64.08587988004847,0
-55.05,4.546561,33.49,62.44197306299666,0
164.99,4.540164,33.5,61.84658438426491,0
-27.57,4.545281,33.5,63.31666447310692,0
-93.18,4.53121,33.5,62.75348595894893,0
17.63,4.53121,33.5,62.57795138864806,0
-12.48,4.520976,33.49,63.15853069855251,0
-34.6,4.522255,33.49,63.15853069855251,0
-67.66,4.504345,33.49,63.15853069855251,0
46.27,4.492832,33.49,63.31666447310692,0
59.17,4.492832,33.49,63.31666447310692,0
-8.96,4.486436,33.49,64.16385275215322,0
1.3,4.48004,33.49,63.419239982831705,0
20.7,4.472364,33.49,62.68173577685928,0
-7.36,4.472364,33.5,62.68173577685928,0
-51.5,4.490274,33.5,59.481089431852205,0
26.57,4.497949,33.5,65.1536645170477,0
24.63,4.503067,33.5,63.57672530100933,0
-4.84,4.490274,33.49,63.474404290233394,0
-44.13,4.487715,33.49,61.95159400693416,0
-8.66,4.48004,33.49,62.75348595894893,0
-1.3,4.49667,33.49,61.7980582219215,0
12.52,4.509462,33.49,62.93647591023825,0
11.1,4.508183,33.49,62.13694553162394,0
-27.09,4.518417,33.49,63.419239982831705,0
36.94,4.520976,33.49,62.80127387243033,0
38.77,4.51458,33.5,62.80127387243033,0
36.61,4.503067,33.5,62.23343153000644,0
96.76,4.515859,33.5,63.76519426771944,0
-33.58,4.501787,33.5,63.0158710167526,0
-123.58,4.499228,33.5,63.914004725099176,0
-97.52,4.482598,33.5,63.2771680782255,0
27.7,4.494112,33.5,62.49799996799898,0
41.35,4.500508,33.5,62.49799996799898,0
-12.85,4.501787,33.49,62.49799996799898,0
-31.54,4.495391,33.49,62.49799996799898,0
-38.14,4.491553,33.49,63.4428877022476,0
62.87,4.482598,33.49,62.80923498976882,0
38.55,4.473644,33.49,62.65780079128216,0
-21.67,4.477481,33.49,62.65780079128216,0
-8.34,4.46213,33.49,63.4428877022476,0
45.75,4.490274,33.49,63.4428877022476,0
31.12,4.486436,33.47,62.65780079128216,0
-28.58,4.491553,33.47,62.65780079128216,0
-27.42,4.476202,33.47,62.65780079128216,0
-60.63,4.477481,33.47,62.65780079128216,0
-8.67,4.471085,33.49,63.4428877022476,0
-6.37,4.478761,33.49,62.65780079128216,0
-19.47,4.465968,33.49,62.65780079128216,0
-55.02,4.472364,33.49,62.65780079128216,0
43.68,4.469806,33.5,63.592452382338585,0
43.21,4.472364,33.5,63.4428877022476,0
0.67,4.464689,33.5,62.849025449882674,0
-41.5,4.459572,33.5,63.4428877022476,0
34.32,4.468526,33.5,62.65780079128216,0
32.85,4.485157,33.5,63.26926584053272,0
31.68,4.472364,33.5,62.65780079128216,0
-21.27,4.476202,33.5,63.26926584053272,0
104.8,4.474923,33.49,64.04685784642366,0
116.44,4.469806,33.49,63.26926584053272,0
-130.77,4.441662,33.49,62.65780079128216,0
-136.37,4.460851,33.49,63.89053137985315,0
8.27,4.458292,33.5,63.13477647065839,0
60.83,4.455734,33.5,63.26926584053272,0
22.2,4.444221,33.5,63.26926584053272,0
-28.06,4.4455,33.5,63.26926584053272,0
-62.94,4.4455,33.5,62.49799996799898,0
50.4,4.440383,33.5,63.26926584053272,0
32.27,4.446779,33.5,63.419239982831705,0
-8.82,4.459572,33.5,63.419239982831705,0
-79.85,4.473644,33.5,62.49799996799898,0
52.16,4.483878,33.5,62.49799996799898,0
51.16,4.490274,33.5,62.64982043070834,0
-7.99,4.490274,33.5,63.419239982831705,0
-80.68,4.483878,33.5,59.715994507334464,0
59.92,4.482598,33.5,63.88270501473775,0
62.21,4.460851,33.5,63.324560795950255,0
10.35,4.487715,33.5,63.079315151640635,0
-25.56,4.485157,33.49,65.4446330878247,0
141.77,4.481319,33.49,63.0,0
204.48,4.491553,33.49,62.457985878508765,0
-258.73,4.487715,33.49,66.58828725834597,0
-75.39,4.524814,33.49,60.166435825965294,0
-129.71,4.54784,33.49,63.4428877022476,0
32.41,4.538886,33.49,63.4428877022476,0
54.18,4.538886,33.49,63.31666447310692,0
-12.4,4.545281,33.47,62.68173577685928,0
-7.41,4.555516,33.47,63.419239982831705,0
89.62,4.558074,33.47,63.419239982831705,0
77.98,4.554236,33.47,63.419239982831705,0
-1.48,4.556795,33.47,63.419239982831705,0
-34.98,4.552957,33.47,63.419239982831705,0
-66.19,4.546561,33.47,63.419239982831705,0
19.14,4.536327,33.47,63.419239982831705,0
23.48,4.532489,33.47,63.419239982831705,0
2.86,4.519697,33.47,63.419239982831705,0
-21.56,4.522255,33.47,63.419239982831705,0
-47.44,4.500508,33.47,63.419239982831705,0
19.52,4.508183,33.49,63.53739056650029,0
14.56,4.512021,33.49,62.88083968904996,0
-13.08,4.510742,33.49,62.88083968904996,0
-48.1,4.5133,33.49,62.88083968904996,0
21.47,4.520976,33.5,62.76145313805282,0
24.81,4.522255,33.5,64.28063471995279,0
2.13,4.522255,33.5,62.88083968904996,0
-21.36,4.523534,33.5,63.419239982831705,0
-51.12,4.519697,33.49,62.76145313805282,0
23.37,4.519697,33.49,62.88083968904996,0
20.16,4.497949,33.49,62.88083968904996,0
0.24,4.501787,33.49,62.88083968904996,0
-32.9,4.492832,33.5,62.88083968904996,0
21.25,4.499228,33.5,62.88083968904996,0
25.06,4.473644,33.5,62.88083968904996,0
4.75,4.451896,33.5,62.88083968904996,0
-33.92,4.4455,33.49,63.631753079732135,0
12.24,4.454455,33.49,63.631753079732135,0
26.46,4.453176,33.49,63.631753079732135,0
12.65,4.448059,33.49,62.88083968904996,0
-21.88,4.444221,33.49,63.76519426771944,0
-52.38,4.435266,33.49,63.631753079732135,0
29.54,4.436545,33.49,62.88083968904996,0
30.38,4.431428,33.49,62.88083968904996,0
1.17,4.430149,33.47,62.88083968904996,0
-35.49,4.430149,33.47,62.88083968904996,0
15.89,4.430149,33.47,63.631753079732135,0
25.38,4.423753,33.47,62.88083968904996,0
13.59,4.425032,33.47,62.88083968904996,0
-13.87,4.419915,33.47,62.88083968904996,0
-42.71,4.436545,33.47,63.631753079732135,0
21.46,4.430149,33.47,63.631753079732135,0
22.61,4.426311,33.49,62.88083968904996,0
-15.11,4.425032,33.49,63.631753079732135,0
-61.12,4.426311,33.49,63.631753079732135,0
28.37,4.418636,33.49,62.8728876384726,0
30.37,4.41224,33.49,63.53739056650029,0
-5.71,4.41224,33.49,63.45076831686122,0
-49.79,4.41224,33.49,62.75348595894893,0
13.54,4.405843,33.49,62.75348595894893,0
33.66,4.41096,33.47,63.324560795950255,0
18.99,4.409681,33.47,63.324560795950255,0
-9.97,4.39433,33.47,62.55397669213365,0
-57.23,4.404564,33.47,63.324560795950255,0
26.16,4.413519,33.49,63.324560795950255,0
28.12,4.414798,33.49,62.55397669213365,0
-10.05,4.41096,33.49,63.324560795950255,0
-58.09,4.41224,33.49,63.28506932918696,0
29.71,4.407123,33.49,63.324560795950255,0
23.88,4.413519,33.49,62.69768735766894,0
-5.16,4.41224,33.49,63.324560795950255,0
-46.99,4.413519,33.49,62.69768735766894,0
36.82,4.417356,33.49,62.69768735766894,0
35.66,4.413519,33.49,62.69768735766894,0
4.8,4.407123,33.49,62.69768735766894,0
-33.42,4.413519,33.49,63.3798075099633,0
-7.06,4.41224,33.47,62.75348595894893,0
24.17,4.419915,33.47,62.75348595894893,0
15.67,4.417356,33.47,62.75348595894893,0
-11.54,4.422473,33.47,62.75348595894893,0
-57.14,4.418636,33.47,62.75348595894893,0
25.36,4.425032,33.47,62.75348595894893,0
20.83,4.425032,33.47,62.75348595894893,0
-15.1,4.422473,33.47,63.3798075099633,0
-53.69,4.414798,33.47,63.3798075099633,0
26.7,4.414798,33.47,63.3798075099633,0
20.14,4.413519,33.47,62.75348595894893,0
-10.85,4.414798,33.47,62.75348595894893,0
-46.56,4.407123,33.47,62.75348595894893,0
32.49,4.41224,33.47,63.3798075099633,0
32.84,4.403285,33.47,63.3798075099633,0
4.86,4.404564,33.47,62.75348595894893,0
-35.08,4.395609,33.47,63.53739056650029,0
-9.24,4.399447,33.47,62.82515419798029,0
24.35,4.39433,33.47,62.82515419798029,0
15.34,4.396888,33.47,62.68173577685928,0
-14.58,4.380258,33.47,62.82515419798029,0
-66.3,4.398168,33.47,63.53739056650029,0
29.35,4.398168,33.47,63.45076831686122,0
24.64,4.398168,33.47,63.53739056650029,0
-14.69,4.399447,33.47,63.45076831686122,0
-48.49,4.399447,33.47,63.45076831686122,0
35.95,4.408401,33.47,63.41135544995076,0
29.63,4.413519,33.47,63.31666447310692,0
-10.76,4.42759,33.45,62.68173577685928,0
-53.63,4.432707,33.45,62.68173577685928,0
42.43,4.433987,33.45,61.95159400693416,0
12.85,4.426311,33.45,63.35613624582863,0
-10.33,4.432707,33.47,63.35613624582863,0
-37.71,4.432707,33.47,62.68173577685928,0
25.89,4.436545,33.47,63.35613624582863,0
25.13,4.436545,33.47,63.35613624582863,0
0.6,4.442942,33.47,63.35613624582863,0
-31.49,4.442942,33.47,62.68173577685928,0
16.65,4.449338,33.47,62.68173577685928,0
24.01,4.453176,33.47,62.68173577685928,0
7.88,4.453176,33.49,62.68173577685928,0
-28.17,4.446779,33.49,62.68173577685928,0
0.17,4.437825,33.49,62.68173577685928,0
18.01,4.436545,33.49,63.35613624582863,0
19.59,4.442942,33.47,63.35613624582863,0
-9.31,4.433987,33.47,63.35613624582863,0
-43.27,4.439104,33.47,63.35613624582863,0
23.28,4.439104,33.47,63.35613624582863,0
27.41,4.448059,33.49,63.35613624582863,0
5.06,4.442942,33.49,63.35613624582863,0
-22.52,4.448059,33.49,63.35613624582863,0
-42.7,4.442942,33.49,63.35613624582863,0
21.78,4.446779,33.47,63.35613624582863,0
21.69,4.439104,33.47,63.35613624582863,0
-12.99,4.442942,33.47,63.35613624582863,0
-43.85,4.439104,33.47,63.35613624582863,0
26.11,4.439104,33.45,63.35613624582863,0
26.07,4.440383,33.45,63.474404290233394,0
-3.26,4.435266,33.45,62.63385665915839,0
-42.88,4.432707,33.45,63.35613624582863,0
23.18,4.448059,33.47,62.63385665915839,0
27.39,4.453176,33.47,63.35613624582863,0
-1.22,4.446779,33.47,61.95159400693416,0
-27.16,4.42759,33.47,62.68173577685928,0
-12.95,4.423753,33.45,63.53739056650029,0
22.51,4.432707,33.45,63.53739056650029,0
10.01,4.408401,33.45,62.80127387243033,0
-30.89,4.426311,33.45,63.53739056650029,0
9.29,4.421194,33.47,64.20280367709809,0
26.79,4.425032,33.47,63.53739056650029,0
9.46,4.419915,33.47,62.80127387243033,0
-32.06,4.423753,33.47,63.474404290233394,0
-1.22,4.422473,33.45,62.80127387243033,0
25.48,4.423753,33.45,62.80127387243033,0
20.03,4.418636,33.45,62.80127387243033,0
-10.1,4.41224,33.45,63.474404290233394,0
-52.24,4.413519,33.47,62.80127387243033,0
20.97,4.419915,33.47,62.80127387243033,0
20.78,4.409681,33.47,63.474404290233394,0
-6.38,4.413519,33.47,62.75348595894893,0
-43.91,4.404564,33.47,62.93647591023825,0
29.67,4.41224,33.47,62.93647591023825,0
31.0,4.403285,33.47,62.93647591023825,0
-5.41,4.407123,33.47,63.608175575157006,0
-61.9,4.399447,33.45,63.608175575157006,0
32.57,4.41096,33.45,62.8887907341205,0
28.39,4.448059,33.45,63.474404290233394,0
-5.08,4.469806,33.45,64.28841264178172,0
-39.48,4.468526,33.45,62.75348595894893,0
21.44,4.474923,33.45,62.75348595894893,0
15.89,4.473644,33.45,62.8887907341205,0
-7.27,4.48004,33.45,63.474404290233394,0
-24.3,4.473644,33.47,63.53739056650029,0
17.97,4.481319,33.47,62.80127387243033,0
3.74,4.477481,33.47,63.53739056650029,0
-13.69,4.471085,33.47,63.671029518926424,0
-6.1,4.46213,33.45,62.80127387243033,0
40.67,4.46213,33.45,63.08724118235002,0
14.12,4.459572,33.45,63.671029518926424,0
-0.89,4.46213,33.45,63.08724118235002,0
-27.63,4.457013,33.45,63.671029518926424,0
23.55,4.468526,33.45,63.671029518926424,0
19.46,4.463409,33.45,62.93647591023825,0
-4.97,4.467247,33.45,62.93647591023825,0
-34.51,4.46213,33.43,62.93647591023825,0
11.96,4.48004,33.43,62.93647591023825,0
19.08,4.471085,33.43,63.08724118235002,0
5.74,4.483878,33.43,62.93647591023825,0
-18.76,4.465968,33.47,63.8200595424354,0
7.21,4.482598,33.47,63.08724118235002,0
16.18,4.472364,33.47,63.8200595424354,0
-0.11,4.476202,33.47,63.08724118235002,0
-28.3,4.460851,33.49,63.08724118235002,0
22.24,4.417356,33.49,71.8192174839019,0
9.74,4.426311,33.49,58.54912467321779,0
-20.96,4.426311,33.49,65.16133823057964,0
-55.83,4.436545,33.47,64.53681120105021,0
53.1,4.440383,33.47,63.66317616958802,0
187.73,4.476202,33.47,60.753600716336145,0
-108.58,4.483878,33.47,60.41522986797286,0
-119.46,4.533768,33.45,62.25752966509352,0
83.94,4.573425,33.45,69.9714227381436,0
12.78,4.654018,33.45,61.75759062657804,0
-62.91,4.641225,33.45,66.7757440991862,0
-90.17,4.629712,33.43,67.7716754994297,0
17.74,4.652739,33.43,60.315835400000886,0
226.47,4.692396,33.43,61.04096984812741,0
120.96,4.628433,33.43,65.1766829472013,0
-142.91,4.602848,33.45,62.489999199871974,0
-178.22,4.592614,33.45,62.8728876384726,0
7.02,4.595172,33.45,63.06346010171025,0
-191.26,4.602848,33.45,63.4428877022476,0
31.09,4.597731,33.45,62.56196927846821,0
100.1,4.588776,33.45,64.72248450113763,0
81.89,4.597731,33.45,63.48228099241551,0
-41.25,4.59901,33.45,62.489999199871974,0
87.09,4.615641,33.45,64.01562309311689,0
203.52,4.610523,33.45,62.64982043070834,0
161.54,4.611803,33.45,62.89674077406555,0
-163.38,4.615641,33.45,62.89674077406555,0
-70.89,4.620758,33.43,62.89674077406555,0
37.65,4.610523,33.43,63.75735251718032,0
-27.59,4.619478,33.43,62.76145313805282,0
-52.61,4.611803,33.43,66.82813778641449,0
30.37,4.614361,33.45,63.095166217389426,0
18.74,4.637388,33.45,62.56196927846821,0
-24.07,4.624595,33.45,62.94441992742486,0
-28.02,4.630991,33.45,63.72597586541927,0
32.63,4.63355,33.43,64.319514923544,0
41.15,4.627154,33.43,65.22269543648132,0
-24.1,4.624595,33.43,59.42221806698232,0
-11.46,4.648901,33.43,59.12698199637793,0
10.3,4.646342,33.41,67.09694478886502,0
-5.96,4.579822,33.41,59.10160742314882,0
-20.8,4.538886,33.41,62.5859409132754,0
31.64,4.520976,33.41,63.03967004989794,0
61.65,4.532489,33.43,68.7386354243376,0
-29.94,4.529931,33.43,62.81719509815764,0
-15.49,4.542723,33.43,62.78534860936905,0
19.44,4.546561,33.43,63.75735251718032,0
-40.34,4.574704,33.41,61.98386886924694,0
-38.53,4.584939,33.41,62.16912416947821,0
41.08,4.607965,33.41,62.16912416947821,0
11.04,4.592614,33.41,62.55397669213365,0
-18.84,4.610523,33.43,62.55397669213365,0
22.71,4.609244,33.43,63.7102817447859,0
8.13,4.607965,33.43,63.0,0
-24.58,4.604127,33.43,62.24949798994366,0
18.39,4.610523,33.41,63.4428877022476,0
0.04,4.606686,33.41,63.41135544995076,0
-25.7,4.613082,33.41,63.4428877022476,0
22.9,4.614361,33.41,63.0,0
11.1,4.611803,33.41,63.655321851358195,0
-5.05,4.600289,33.41,62.49799996799898,0
-14.03,4.586218,33.41,63.4428877022476,0
11.16,4.577263,33.41,62.49799996799898,0
0.74,4.597731,33.41,63.4428877022476,0
-18.97,4.577263,33.41,63.0,0
10.33,4.579822,33.41,62.49799996799898,0
10.45,4.56447,33.41,63.245553203367585,0
-10.42,4.570867,33.41,63.0,0
10.82,4.570867,33.41,62.24949798994366,0
2.5,4.568308,33.41,62.96824596572466,0
-13.55,4.56575,33.41,63.198101237299845,0
16.61,4.563191,33.43,62.76941930590086,0
10.38,4.561912,33.43,62.96824596572466,0
-10.67,4.567029,33.43,62.76941930590086,0
11.67,4.569587,33.43,62.96824596572466,0
6.05,4.575984,33.43,62.24949798994366,0
0.79,4.58238,33.43,63.0,0
-11.72,4.592614,33.43,63.0,0
8.22,4.607965,33.43,63.0,0
3.45,4.613082,33.41,63.198101237299845,0
-4.93,4.629712,33.41,63.198101237299845,0
-9.44,4.646342,33.41,63.72597586541927,0
11.4,4.666811,33.41,63.953107821277925,0
0.71,4.669369,33.39,62.96824596572466,0
-15.87,4.689837,33.39,63.198101237299845,0
7.52,4.689837,33.39,65.62773803811922,0
5.78,4.683441,33.39,62.01612693485461,0
-0.99,4.688558,33.41,62.01612693485461,0
-2.64,4.687279,33.41,62.24949798994366,0
3.68,4.682161,33.41,62.297672508690084,0
11.15,4.68472,33.41,62.76145313805282,0
-23.29,4.673207,33.41,62.76145313805282,0
6.21,4.66809,33.41,62.976185975335156,0
3.66,4.654018,33.41,63.340350488452465,0
-8.34,4.642505,33.41,63.0317380372777,0
13.27,4.638667,33.43,61.927376821564145,0
6.2,4.638667,33.43,63.095166217389426,0
-2.67,4.630991,33.43,62.0403094769844,0
-7.04,4.624595,33.43,63.20601237224193,0
-3.85,4.619478,33.39,62.55397669213365,0
-1.89,4.624595,33.39,62.55397669213365,0
-9.63,4.610523,33.39,63.25345840347388,0
9.97,4.609244,33.39,62.849025449882674,0
3.33,4.596452,33.39,67.0,0
-5.57,4.605406,33.39,59.57348403442592,0
-3.38,4.584939,33.39,66.03786792439622,0
4.8,4.592614,33.39,63.984373092185564,0
-11.09,4.56575,33.39,63.35613624582863,0
12.12,4.570867,33.39,66.34756966159348,0
29.05,4.587497,33.39,63.071388124885914,0
17.6,4.586218,33.39,63.474404290233394,0
-58.6,4.587497,33.41,65.14598989960932,0
18.14,4.609244,33.41,62.0966987850401,0
27.38,4.579822,33.41,62.928530890209096,0
-7.1,4.618199,33.41,62.94441992742486,0
-22.41,4.625875,33.41,61.862751312886175,0
46.69,4.623316,33.41,69.49100661236676,0
53.88,4.623316,33.41,68.33008122342603,0
-204.64,4.61692,33.41,66.40783086353596,0
93.75,4.5811,33.39,62.609903369994115,0
-1.97,4.549119,33.39,64.06246951218786,0
6.79,4.544003,33.39,60.249481325568276,0
11.98,4.575984,33.39,65.26867548832288,0
-16.59,4.604127,33.41,63.2771680782255,0
-0.65,4.65018,33.41,64.06246951218786,0
11.98,4.692396,33.41,62.76941930590086,0
-7.29,4.734611,33.41,62.71363488110062,0
5.68,4.756358,33.39,62.433965115151864,0
4.93,4.779385,33.39,62.489999199871974,0
-10.55,4.780664,33.39,62.433965115151864,0
8.52,4.783222,33.39,62.433965115151864,0
14.21,4.776826,33.41,62.433965115151864,0
-10.26,4.771709,33.41,62.433965115151864,0
-4.64,4.761475,33.41,63.45076831686122,0
-8.67,4.742286,33.41,63.45076831686122,0
10.88,4.739728,33.45,62.489999199871974,0
2.26,4.724377,33.45,63.39558344238185,0
-5.29,4.71798,33.45,63.39558344238185,0
7.63,4.715422,33.45,62.489999199871974,0
1.79,4.738449,33.41,62.489999199871974,0
-6.08,4.748682,33.41,62.489999199871974,0
8.15,4.756358,33.41,62.489999199871974,0
-0.88,4.753799,33.41,62.22539674441618,0
-5.66,4.747403,33.39,62.22539674441618,0
6.68,4.734611,33.39,62.489999199871974,0
1.01,4.726935,33.39,63.45076831686122,0
-8.03,4.71926,33.39,63.45076831686122,0
4.76,4.706467,33.41,62.489999199871974,0
-1.7,4.692396,33.41,62.76941930590086,0
-1.51,4.675765,33.41,62.489999199871974,0
2.28,4.66809,33.41,62.22539674441618,0
-2.94,4.66809,33.41,62.489999199871974,0
7.22,4.666811,33.41,62.76941930590086,0
0.16,4.691116,33.41,62.489999199871974,0
-8.43,4.706467,33.41,62.489999199871974,0
3.6,4.726935,33.41,63.52164985262898,0
0.94,4.732052,33.41,62.56196927846821,0
-2.62,4.741007,33.41,62.56196927846821,0
8.89,4.726935,33.41,63.52164985262898,0
2.88,4.734611,33.45,63.52164985262898,0
-7.09,4.712863,33.45,62.56196927846821,0
5.68,4.710305,33.45,62.56196927846821,0
2.35,4.696233,33.45,63.52164985262898,0
-2.6,4.685999,33.39,62.56196927846821,0
-10.57,4.675765,33.39,62.56196927846821,0
2.84,4.669369,33.39,62.56196927846821,0
3.28,4.664252,33.39,62.56196927846821,0
-3.94,4.659135,33.41,62.56196927846821,0
-4.49,4.662973,33.41,62.56196927846821,0
1.04,4.671927,33.41,62.56196927846821,0
2.75,4.687279,33.41,62.56196927846821,0
-6.37,4.688558,33.41,62.56196927846821,0
6.06,4.714143,33.41,62.56196927846821,0
2.82,4.707747,33.41,62.56196927846821,0
-4.97,4.711584,33.41,63.52164985262898,0
5.06,4.703909,33.43,62.56196927846821,0
2.32,4.703909,33.43,62.489999199871974,0
-3.7,4.692396,33.43,62.56196927846821,0
-10.83,4.692396,33.43,62.56196927846821,0
15.91,4.682161,33.41,62.56196927846821,0
1.77,4.678324,33.41,63.52164985262898,0
-5.61,4.660414,33.41,62.56196927846821,0
-6.57,4.65018,33.41,62.297672508690084,0
5.83,4.646342,33.41,63.52164985262898,0
1.86,4.65146,33.41,62.56196927846821,0
-5.52,4.643784,33.41,62.56196927846821,0
-2.14,4.647622,33.41,62.56196927846821,0
4.84,4.637388,33.39,62.56196927846821,0
-0.03,4.646342,33.39,62.489999199871974,0
-2.79,4.642505,33.39,62.489999199871974,0
-6.36,4.641225,33.39,63.52164985262898,0
3.35,4.634829,33.41,62.56196927846821,0
1.21,4.638667,33.41,62.489999199871974,0
-5.12,4.596452,33.41,62.489999199871974,0
-0.09,4.620758,33.41,62.22539674441618,0
3.58,4.619478,33.43,62.489999199871974,0
-0.37,4.622037,33.43,62.489999199871974,0
-6.55,4.636108,33.43,62.489999199871974,0
2.35,4.642505,33.43,62.56196927846821,0
4.38,4.652739,33.41,62.489999199871974,0
2.92,4.656577,33.41,62.489999199871974,0
-3.54,4.655297,33.41,62.489999199871974,0
2.35,4.647622,33.41,62.489999199871974,0
2.52,4.647622,33.39,62.56196927846821,0
0.91,4.628433,33.39,62.56196927846821,0
-6.07,4.634829,33.39,62.489999199871974,0
-2.15,4.627154,33.39,62.489999199871974,0
3.44,4.630991,33.41,63.45076831686122,0
2.43,4.629712,33.41,62.489999199871974,0
-5.79,4.637388,33.41,62.489999199871974,0
-2.79,4.632271,33.41,63.45076831686122,0
6.67,4.637388,33.41,62.56196927846821,0
-0.77,4.637388,33.41,62.489999199871974,0
-7.27,4.638667,33.41,62.489999199871974,0
1.38,4.641225,33.41,63.45076831686122,0
8.86,4.63355,33.41,62.489999199871974,0
0.11,4.636108,33.41,62.489999199871974,0
-9.91,4.632271,33.41,62.489999199871974,0
-4.28,4.627154,33.41,62.56196927846821,0
3.04,4.619478,33.41,62.56196927846821,0
4.16,4.622037,33.41,62.489999199871974,0
-3.6,4.619478,33.41,63.52164985262898,0
-11.52,4.620758,33.41,62.489999199871974,0
6.49,4.618199,33.41,62.489999199871974,0
5.55,4.613082,33.41,62.56196927846821,0
-2.05,4.611803,33.41,62.489999199871974,0
-9.66,4.602848,33.41,62.56196927846821,0
6.86,4.604127,33.41,63.52164985262898,0
4.56,4.610523,33.41,62.489999199871974,0
-2.09,4.601569,33.41,62.56196927846821,0
-11.9,4.59901,33.41,63.45076831686122,0
8.32,4.592614,33.41,62.56196927846821,0
8.25,4.600289,33.41,62.56196927846821,0
-1.86,4.591335,33.41,62.56196927846821,0
-6.31,4.59901,33.41,62.56196927846821,0
5.39,4.590055,33.39,62.56196927846821,0
6.29,4.59901,33.39,62.56196927846821,0
0.86,4.579822,33.39,62.489999199871974,0
-3.59,4.588776,33.39,62.489999199871974,0
-2.26,4.587497,33.39,62.56196927846821,0
6.25,4.605406,33.39,62.56196927846821,0
2.96,4.606686,33.39,63.45076831686122,0
-8.33,4.614361,33.39,62.56196927846821,0
1.32,4.615641,33.39,62.56196927846821,0
4.79,4.623316,33.39,62.489999199871974,0
2.54,4.624595,33.39,62.489999199871974,0
-7.53,4.61692,33.39,62.56196927846821,0
-7.77,4.610523,33.41,62.489999199871974,0
7.69,4.606686,33.41,62.56196927846821,0
3.37,4.605406,33.41,62.56196927846821,0
-2.38,4.602848,33.41,62.489999199871974,0
-11.3,4.600289,33.39,62.56196927846821,0
6.43,4.59901,33.39,62.56196927846821,0
6.9,4.592614,33.39,62.489999199871974,0
-0.35,4.590055,33.39,62.56196927846821,0
-9.11,4.588776,33.41,62.56196927846821,0
5.91,4.590055,33.41,62.56196927846821,0
5.96,4.588776,33.41,62.56196927846821,0
-0.0,4.588776,33.41,62.56196927846821,0
-7.56,4.579822,33.41,62.56196927846821,0
4.07,4.58238,33.41,62.56196927846821,0
4.2,4.583659,33.41,62.56196927846821,0
0.19,4.578542,33.41,62.56196927846821,0
-5.54,4.5811,33.41,63.52164985262898,0
-7.66,4.577263,33.41,62.56196927846821,0
5.53,4.575984,33.41,62.56196927846821,0
4.78,4.572146,33.41,62.489999199871974,0
-1.0,4.58238,33.43,62.489999199871974,0
-11.82,4.593893,33.43,63.52164985262898,0
4.04,4.620758,33.43,62.489999199871974,0
5.3,4.623316,33.43,62.56196927846821,0
0.24,4.65146,33.39,62.56196927846821,0
-9.62,4.660414,33.39,62.56196927846821,0
6.69,4.639946,33.39,63.52164985262898,0
4.91,4.657856,33.39,62.56196927846821,0
4.07,4.673207,33.41,63.52164985262898,0
-10.45,4.682161,33.41,62.56196927846821,0
-9.68,4.698792,33.41,62.56196927846821,0
10.98,4.710305,33.41,62.56196927846821,0
4.41,4.721818,33.41,62.56196927846821,0
-0.72,4.742286,33.41,62.56196927846821,0
-8.22,4.755079,33.41,62.56196927846821,0
6.15,4.779385,33.41,62.56196927846821,0
3.66,4.801132,33.43,62.56196927846821,0
-0.29,4.796015,33.43,62.56196927846821,0
-7.61,4.80369,33.43,62.56196927846821,0
4.72,4.78706,33.43,63.52164985262898,0
4.29,4.780664,33.41,62.56196927846821,0
1.46,4.761475,33.41,62.56196927846821,0
-5.34,4.742286,33.41,62.56196927846821,0
1.5,4.720539,33.41,62.56196927846821,0
5.51,4.709026,33.43,63.52164985262898,0
1.33,4.683441,33.43,62.56196927846821,0
-1.93,4.68472,33.43,62.56196927846821,0
-8.1,4.669369,33.43,62.56196927846821,0
4.99,4.661694,33.41,62.56196927846821,0
5.92,4.656577,33.41,62.56196927846821,0
-0.96,4.647622,33.41,62.56196927846821,0
-6.14,4.639946,33.41,62.56196927846821,0
-3.53,4.634829,33.39,62.56196927846821,0
6.56,4.632271,33.39,62.56196927846821,0
1.98,4.623316,33.39,63.52164985262898,0
-1.67,4.61692,33.39,62.56196927846821,0
-10.65,4.604127,33.41,62.56196927846821,0
5.67,4.610523,33.41,62.56196927846821,0
6.57,4.601569,33.41,62.56196927846821,0
0.16,4.605406,33.41,62.56196927846821,0
-5.1,4.601569,33.43,62.56196927846821,0
-6.03,4.59901,33.43,62.56196927846821,0
5.88,4.593893,33.43,62.56196927846821,0
4.97,4.590055,33.43,62.56196927846821,0
-2.77,4.584939,33.41,62.56196927846821,0
-9.08,4.588776,33.41,62.56196927846821,0
6.04,4.577263,33.41,62.56196927846821,0
6.8,4.577263,33.41,62.56196927846821,0
1.16,4.584939,33.41,62.56196927846821,0
-10.33,4.593893,33.41,62.56196927846821,0
4.51,4.592614,33.41,62.56196927846821,0
7.32,4.596452,33.41,62.56196927846821,0
0.06,4.596452,33.41,62.56196927846821,0
-4.27,4.611803,33.41,62.56196927846821,0
-10.45,4.614361,33.41,62.56196927846821,0
9.09,4.629712,33.41,62.56196927846821,0
5.71,4.636108,33.41,62.56196927846821,0
-1.33,4.655297,33.41,63.52164985262898,0
-11.9,4.646342,33.41,62.56196927846821,0
7.72,4.657856,33.41,62.56196927846821,0
7.85,4.652739,33.39,62.56196927846821,0
-1.9,4.662973,33.39,62.56196927846821,0
-7.5,4.652739,33.39,62.56196927846821,0
2.36,4.654018,33.39,62.56196927846821,0
4.92,4.65146,33.41,62.56196927846821,0
-0.0,4.654018,33.41,62.8410693734599,0
-4.93,4.654018,33.41,62.8410693734599,0
4.17,4.643784,33.41,62.56196927846821,0
5.43,4.636108,33.39,62.56196927846821,0
-0.64,4.629712,33.39,62.8410693734599,0
-5.57,4.625875,33.39,62.56196927846821,0
2.68,4.618199,33.39,62.8410693734599,0
4.78,4.61692,33.41,62.8410693734599,0
-2.83,4.615641,33.41,62.56196927846821,0
-8.28,4.610523,33.41,62.56196927846821,0
4.86,4.607965,33.41,62.56196927846821,0
4.57,4.601569,33.41,62.56196927846821,0
-3.08,4.597731,33.41,62.76941930590086,0
-10.59,4.587497,33.41,62.8410693734599,0
7.89,4.578542,33.41,63.52164985262898,0
7.13,4.569587,33.41,62.489999199871974,0
4.2,4.574704,33.41,62.489999199871974,0
-0.5,4.561912,33.41,62.56196927846821,0
-6.3,4.561912,33.41,61.424750711744856,0
4.22,4.567029,33.37,62.56196927846821,0
0.79,4.56447,33.37,62.489999199871974,0
-7.92,4.536327,33.37,62.56196927846821,0
-9.95,4.542723,33.37,62.56196927846821,0
5.8,4.550399,33.41,62.56196927846821,0
6.08,4.546561,33.41,63.13477647065839,0
-3.88,4.554236,33.41,62.8410693734599,0
-10.1,4.550399,33.41,62.8410693734599,0
9.02,4.56447,33.39,62.8410693734599,0
2.58,4.561912,33.39,63.796551630946325,0
-5.44,4.569587,33.39,62.56196927846821,0
-2.71,4.56447,33.39,62.76941930590086,0
5.47,4.570867,33.39,62.489999199871974,0
-1.33,4.572146,33.39,62.56196927846821,0
-7.99,4.572146,33.39,62.56196927846821,0
3.61,4.572146,33.39,62.56196927846821,0
9.54,4.570867,33.41,62.56196927846821,0
6.04,4.567029,33.41,62.56196927846821,0
-7.64,4.552957,33.41,62.56196927846821,0
3.08,4.560633,33.41,62.56196927846821,0
6.47,4.551678,33.43,62.56196927846821,0
0.57,4.555516,33.43,62.56196927846821,0
-4.45,4.549119,33.43,62.56196927846821,0
-7.27,4.549119,33.43,62.56196927846821,0
5.96,4.542723,33.41,62.56196927846821,0
3.86,4.542723,33.41,62.56196927846821,0
-4.67,4.540164,33.41,62.56196927846821,0
-12.27,4.535048,33.41,62.8410693734599,0
6.14,4.529931,33.41,62.8410693734599,0
4.18,4.529931,33.41,62.56196927846821,0
-3.42,4.529931,33.41,62.56196927846821,0
-8.27,4.533768,33.41,62.56196927846821,0
7.6,4.532489,33.39,63.06346010171025,0
7.48,4.546561,33.39,62.8410693734599,0
-0.32,4.542723,33.39,62.56196927846821,0
-7.18,4.554236,33.39,62.8410693734599,0
3.79,4.561912,33.41,61.886993787063204,0
9.25,4.58238,33.41,62.8410693734599,0
-3.38,4.578542,33.41,63.52164985262898,0
-8.54,4.607965,33.41,62.297672508690084,0
8.21,4.630991,33.39,60.88513775955508,0
10.97,4.696233,33.39,63.190189111918315,0
-1.54,4.734611,33.39,63.26136261573884,0
-10.45,4.77043,33.39,63.796551630946325,0
5.5,4.793457,33.39,62.928530890209096,0
-1.4,4.820321,33.39,63.221831672294975,0
-1.16,4.819041,33.39,63.221831672294975,0
-3.75,4.815204,33.39,63.221831672294975,0
10.21,4.817762,33.39,63.13477647065839,0
6.01,4.807528,33.39,62.8410693734599,0
0.07,4.797294,33.39,62.8410693734599,0
-6.4,4.775547,33.39,62.8410693734599,0
1.99,4.77043,33.39,62.8410693734599,0
3.54,4.755079,33.39,62.928530890209096,0
-1.51,4.738449,33.39,63.221831672294975,0
-8.91,4.712863,33.39,62.8410693734599,0
9.7,4.696233,33.39,62.928530890209096,0
9.23,4.674486,33.39,62.8410693734599,0
0.42,4.661694,33.39,62.8410693734599,0
-8.49,4.648901,33.39,62.928530890209096,0
4.05,4.637388,33.41,62.928530890209096,0
5.85,4.627154,33.41,62.8410693734599,0
0.33,4.610523,33.41,62.8410693734599,0
-4.16,4.606686,33.41,62.8410693734599,0
-9.21,4.607965,33.39,62.8410693734599,0
6.62,4.590055,33.39,62.8410693734599,0
2.85,4.595172,33.39,62.928530890209096,0
-3.09,4.58238,33.39,62.8410693734599,0
-10.9,4.588776,33.39,63.13477647065839,0
7.45,4.579822,33.39,62.8410693734599,0
6.68,4.58238,33.39,62.8410693734599,0
-0.1,4.573425,33.39,62.8410693734599,0
-6.21,4.578542,33.39,62.489999199871974,0
9.71,4.570867,33.39,62.8410693734599,0
3.56,4.588776,33.39,62.8410693734599,0
-1.93,4.593893,33.39,62.8410693734599,0
-7.08,4.611803,33.41,62.64982043070834,0
-2.19,4.628433,33.41,62.56196927846821,0
3.5,4.646342,33.41,63.13477647065839,0
0.72,4.664252,33.41,63.13477647065839,0
-5.47,4.669369,33.41,62.8410693734599,0
2.25,4.659135,33.41,62.8410693734599,0
12.06,4.642505,33.41,62.8410693734599,0
0.28,4.662973,33.41,62.8410693734599,0
-8.96,4.659135,33.41,62.8410693734599,0
4.26,4.673207,33.41,62.8410693734599,0
4.88,4.679603,33.41,62.8410693734599,0
-4.28,4.682161,33.41,62.8410693734599,0
-11.16,4.683441,33.39,62.8410693734599,0
8.68,4.675765,33.39,62.56196927846821,0
10.24,4.665531,33.39,62.56196927846821,0
5.34,4.657856,33.39,62.8410693734599,0
-6.59,4.65146,33.39,62.8410693734599,0
2.16,4.65018,33.39,62.928530890209096,0
3.46,4.639946,33.39,62.8410693734599,0
-2.85,4.625875,33.39,62.8410693734599,0
-5.08,4.628433,33.39,62.8410693734599,0
6.38,4.618199,33.39,62.928530890209096,0
5.47,4.611803,33.39,62.928530890209096,0
-0.55,4.607965,33.39,62.928530890209096,0
-2.98,4.602848,33.39,62.928530890209096,0
-7.65,4.605406,33.39,63.221831672294975,0
2.69,4.611803,33.39,62.928530890209096,0
4.27,4.638667,33.39,63.13477647065839,0
3.37,4.662973,33.39,62.8410693734599,0
-2.02,4.697513,33.39,62.928530890209096,0
-3.19,4.705188,33.39,62.928530890209096,0
5.26,4.725656,33.39,62.8410693734599,0
5.52,4.725656,33.39,62.8410693734599,0
-7.55,4.730773,33.39,62.928530890209096,0
-9.17,4.712863,33.39,62.8410693734599,0
4.68,4.700071,33.39,62.928530890209096,0
1.3,4.678324,33.39,62.928530890209096,0
-6.54,4.671927,33.39,62.928530890209096,0
1.89,4.65018,33.39,62.928530890209096,0
5.25,4.643784,33.39,63.13477647065839,0
-3.85,4.632271,33.37,63.13477647065839,0
-0.6,4.623316,33.37,62.8410693734599,0
6.71,4.619478,33.37,62.8410693734599,0
2.31,4.615641,33.37,63.52164985262898,0
-12.03,4.619478,33.37,62.56196927846821,0
3.06,4.632271,33.37,62.928530890209096,0
2.95,4.643784,33.37,62.8410693734599,0
-6.93,4.655297,33.37,62.928530890209096,0
7.25,4.662973,33.37,62.8410693734599,0
8.48,4.666811,33.37,63.221831672294975,0
1.33,4.671927,33.37,63.221831672294975,0
-5.97,4.66809,33.37,62.928530890209096,0
-13.59,4.657856,33.39,63.221831672294975,0
7.16,4.652739,33.39,62.8410693734599,0
7.09,4.647622,33.39,62.8410693734599,0
-2.71,4.627154,33.39,62.56196927846821,0
-7.16,4.622037,33.39,62.56196927846821,0
-0.75,4.619478,33.39,62.8410693734599,0
2.07,4.641225,33.39,62.8410693734599,0
-0.38,4.657856,33.39,62.56196927846821,0
0.38,4.68472,33.39,62.8410693734599,0
-6.63,4.707747,33.39,62.928530890209096,0
6.91,4.71798,33.39,62.928530890209096,0
-2.04,4.711584,33.39,62.8410693734599,0
-2.9,4.716702,33.37,62.8410693734599,0
-8.05,4.710305,33.37,62.928530890209096,0
3.74,4.693675,33.37,62.56196927846821,0
2.51,4.678324,33.37,62.56196927846821,0
-6.89,4.669369,33.37,62.64982043070834,0
-11.29,4.669369,33.37,62.928530890209096,0
6.22,4.670648,33.37,62.8410693734599,0
5.41,4.670648,33.37,62.56196927846821,0
-3.86,4.669369,33.39,62.56196927846821,0
-2.35,4.671927,33.39,62.56196927846821,0
4.96,4.655297,33.39,62.8410693734599,0
1.66,4.659135,33.39,62.8410693734599,0
-10.12,4.65146,33.39,62.928530890209096,0
7.65,4.652739,33.39,62.8410693734599,0
7.94,4.641225,33.39,62.8410693734599,0
-1.39,4.638667,33.39,62.8410693734599,0
-8.3,4.628433,33.39,62.928530890209096,0
7.23,4.625875,33.39,62.8410693734599,0
5.9,4.622037,33.39,62.928530890209096,0
-0.27,4.61692,33.39,62.8410693734599,0
-8.69,4.609244,33.39,62.928530890209096,0
5.32,4.607965,33.39,62.8410693734599,0
6.0,4.584939,33.39,62.8410693734599,0
-4.39,4.611803,33.39,62.8410693734599,0
-7.55,4.606686,33.39,62.64982043070834,0
5.89,4.622037,33.39,62.8410693734599,0
3.93,4.61692,33.39,62.8410693734599,0
-3.03,4.623316,33.39,62.8410693734599,0
-9.53,4.618199,33.39,62.8410693734599,0
5.88,4.628433,33.39,62.8410693734599,0
2.88,4.61692,33.39,62.8410693734599,0
-2.39,4.618199,33.39,62.8410693734599,0
-5.96,4.606686,33.37,62.8410693734599,0
2.62,4.630991,33.37,62.8410693734599,0
0.24,4.63355,33.37,62.8410693734599,0
-7.81,4.648901,33.37,62.8410693734599,0
3.42,4.661694,33.39,62.8410693734599,0
4.86,4.677044,33.39,62.8410693734599,0
-1.17,4.675765,33.39,62.8410693734599,0
-8.8,4.678324,33.39,62.8410693734599,0
7.59,4.68472,33.39,62.8410693734599,0
5.05,4.673207,33.39,62.8410693734599,0
0.03,4.670648,33.39,62.8410693734599,0
-7.69,4.657856,33.39,62.8410693734599,0
6.36,4.661694,33.37,62.8410693734599,0
4.56,4.657856,33.37,62.8410693734599,0
-3.12,4.656577,33.37,62.8410693734599,0
-8.45,4.655297,33.37,62.8410693734599,0
4.3,4.657856,33.39,62.8410693734599,0
4.83,4.656577,33.39,62.8410693734599,0
0.26,4.661694,33.39,62.56196927846821,0
-9.49,4.664252,33.39,62.8410693734599,0
6.07,4.664252,33.41,62.8410693734599,0
7.16,4.655297,33.41,62.8410693734599,0
0.71,4.647622,33.41,62.8410693734599,0
-5.84,4.646342,33.41,62.8410693734599,0
2.16,4.65146,33.34,63.52164985262898,0
5.02,4.638667,33.34,62.928530890209096,0
1.24,4.639946,33.34,62.8410693734599,0
-10.08,4.630991,33.34,62.928530890209096,0
3.42,4.634829,33.37,62.8410693734599,0
5.84,4.628433,33.37,62.928530890209096,0
3.77,4.630991,33.37,62.8410693734599,0
-6.04,4.625875,33.37,62.928530890209096,0
7.29,4.625875,33.37,62.928530890209096,0
4.68,4.620758,33.37,62.8410693734599,0
-6.29,4.637388,33.37,62.56196927846821,0
-10.76,4.641225,33.37,62.928530890209096,0
7.53,4.660414,33.39,62.8410693734599,0
4.24,4.670648,33.39,62.8410693734599,0
-4.01,4.675765,33.39,62.8410693734599,0
-10.65,4.679603,33.39,62.56196927846821,0
6.85,4.677044,33.37,62.8410693734599,0
8.05,4.671927,33.37,62.8410693734599,0
-1.72,4.665531,33.37,62.8410693734599,0
-12.13,4.656577,33.37,62.8410693734599,0
0.74,4.642505,33.37,62.928530890209096,0
3.92,4.65018,33.37,62.928530890209096,0
-4.15,4.634829,33.37,62.8410693734599,0
-0.19,4.634829,33.37,62.928530890209096,0
5.79,4.627154,33.34,62.8410693734599,0
2.3,4.63355,33.34,62.8410693734599,0
-5.27,4.624595,33.34,62.8410693734599,0
3.17,4.632271,33.34,62.928530890209096,0
6.4,4.611803,33.37,62.928530890209096,0
1.17,4.625875,33.37,62.8410693734599,0
-3.29,4.615641,33.37,62.8410693734599,0
-3.35,4.609244,33.37,62.928530890209096,0
2.3,4.606686,33.37,63.88270501473775,0
-0.25,4.614361,33.37,62.928530890209096,0
-5.99,4.601569,33.37,62.64982043070834,0
4.2,4.611803,33.37,62.8410693734599,0
4.82,4.609244,33.37,62.8410693734599,0
-2.36,4.611803,33.37,62.8410693734599,0
-1.4,4.613082,33.37,62.8410693734599,0
5.85,4.615641,33.37,62.8410693734599,0
5.51,4.615641,33.34,62.8410693734599,0
-0.02,4.607965,33.34,62.8410693734599,0
-7.15,4.604127,33.34,62.8410693734599,0
5.83,4.611803,33.34,62.928530890209096,0
2.12,4.611803,33.34,62.8410693734599,0
-1.91,4.614361,33.34,62.8410693734599,0
-10.66,4.592614,33.34,62.56196927846821,0
7.4,4.622037,33.34,62.8410693734599,0
3.9,4.634829,33.34,62.56196927846821,0
-7.93,4.65146,33.34,62.928530890209096,0
6.7,4.664252,33.34,62.8410693734599,0
7.7,4.670648,33.34,62.8410693734599,0
-0.94,4.682161,33.34,62.8410693734599,0
-8.01,4.682161,33.34,62.8410693734599,0
8.03,4.689837,33.34,62.8410693734599,0
6.69,4.680882,33.34,62.928530890209096,0
0.24,4.678324,33.34,62.928530890209096,0
-7.84,4.666811,33.34,62.64982043070834,0
3.23,4.662973,33.34,62.928530890209096,0
5.31,4.647622,33.34,62.928530890209096,0
-1.3,4.656577,33.37,62.8410693734599,0
-8.48,4.652739,33.37,62.8410693734599,0
7.39,4.65146,33.37,62.8410693734599,0
5.51,4.65018,33.37,62.8410693734599,0
-1.03,4.643784,33.34,62.8410693734599,0
-7.68,4.652739,33.34,62.8410693734599,0
5.5,4.646342,33.34,62.928530890209096,0
6.04,4.641225,33.34,62.928530890209096,0
1.5,4.638667,33.33,62.928530890209096,0
-7.85,4.63355,33.33,62.8410693734599,0
1.46,4.623316,33.33,62.64982043070834,0
4.74,4.624595,33.33,62.928530890209096,0
2.43,4.623316,33.37,62.928530890209096,0
-6.06,4.619478,33.37,62.8410693734599,0
1.19,4.611803,33.37,62.64982043070834,0
5.58,4.604127,33.37,62.928530890209096,0
1.17,4.607965,33.37,62.8410693734599,0
-3.84,4.615641,33.37,62.928530890209096,0
-8.51,4.604127,33.37,62.928530890209096,0
6.67,4.609244,33.37,62.928530890209096,0
5.06,4.600289,33.33,62.928530890209096,0
-3.62,4.606686,33.33,62.928530890209096,0
-10.32,4.595172,33.33,62.928530890209096,0
4.71,4.597731,33.33,62.928530890209096,0
5.29,4.593893,33.34,62.928530890209096,0
-1.01,4.600289,33.34,62.928530890209096,0
-9.61,4.575984,33.34,62.8410693734599,0
5.24,4.591335,33.34,62.928530890209096,0
5.89,4.587497,33.39,62.8410693734599,0
-0.9,4.595172,33.39,62.8410693734599,0
-5.44,4.587497,33.39,62.8410693734599,0
-1.26,4.586218,33.39,62.928530890209096,0
7.91,4.584939,33.34,62.8410693734599,0
4.4,4.583659,33.34,62.928530890209096,0
-4.36,4.5811,33.34,62.928530890209096,0
-13.23,4.579822,33.34,62.928530890209096,0
6.48,4.577263,33.34,62.56196927846821,0
5.78,4.563191,33.34,62.928530890209096,0
-3.18,4.570867,33.34,62.64982043070834,0
-12.68,4.56447,33.34,62.928530890209096,0
10.73,4.567029,33.37,62.928530890209096,0
5.64,4.567029,33.37,62.928530890209096,0
-1.51,4.567029,33.37,62.928530890209096,0
-11.81,4.560633,33.37,62.8410693734599,0
8.79,4.56447,33.34,62.8410693734599,0
7.81,4.560633,33.34,62.8410693734599,0
0.33,4.56575,33.34,62.8410693734599,0
-7.74,4.555516,33.34,62.8410693734599,0
3.46,4.550399,33.37,62.928530890209096,0
6.77,4.550399,33.37,62.64982043070834,0
1.04,4.552957,33.37,62.56196927846821,0
-8.66,4.549119,33.37,62.56196927846821,0
4.23,4.54784,33.34,62.64982043070834,0
7.33,4.544003,33.34,62.56196927846821,0
1.72,4.545281,33.34,62.64982043070834,0
-7.85,4.542723,33.34,62.928530890209096,0
-6.32,4.544003,33.34,62.56196927846821,0
8.54,4.533768,33.34,62.8410693734599,0
3.93,4.544003,33.34,62.8410693734599,0
-3.87,4.533768,33.34,62.56196927846821,0
-16.72,4.540164,33.34,62.56196927846821,0
12.52,4.542723,33.34,62.8410693734599,0
8.68,4.537606,33.34,62.8410693734599,0
-3.69,4.537606,33.34,62.56196927846821,0
-12.04,4.536327,33.39,62.8410693734599,0
10.89,4.535048,33.39,62.928530890209096,0
8.22,4.506904,33.39,62.56196927846821,0
-1.52,4.524814,33.39,62.56196927846821,0
-8.6,4.524814,33.37,62.56196927846821,0
-4.0,4.53121,33.37,62.56196927846821,0
8.76,4.517138,33.37,62.8410693734599,0
4.55,4.53121,33.37,62.8410693734599,0
-4.53,4.528651,33.34,62.8410693734599,0
-14.75,4.537606,33.34,62.64982043070834,0
8.54,4.537606,33.34,62.56196927846821,0
4.85,4.545281,33.34,62.56196927846821,0
-5.39,4.544003,33.34,62.56196927846821,0
-13.3,4.552957,33.34,62.64982043070834,0
9.98,4.550399,33.34,62.928530890209096,0
5.01,4.550399,33.34,62.56196927846821,0
-5.82,4.544003,33.33,62.56196927846821,0
-11.75,4.542723,33.33,62.56196927846821,0
9.86,4.540164,33.33,62.8410693734599,0
4.76,4.541444,33.33,62.8410693734599,0
-3.42,4.536327,33.31,62.8410693734599,0
-12.98,4.544003,33.31,62.928530890209096,0
7.67,4.536327,33.31,62.928530890209096,0
8.07,4.536327,33.31,62.64982043070834,0
0.32,4.528651,33.31,62.928530890209096,0
-8.8,4.536327,33.31,62.64982043070834,0
-4.68,4.524814,33.31,62.56196927846821,0
5.21,4.526093,33.31,62.64982043070834,0
1.35,4.519697,33.31,62.64982043070834,0
-4.78,4.540164,33.31,62.928530890209096,0
-11.06,4.541444,33.31,62.928530890209096,0
6.72,4.552957,33.31,62.489999199871974,0
7.09,4.551678,33.33,62.64982043070834,0
0.02,4.567029,33.33,62.64982043070834,0
-15.26,4.561912,33.33,62.64982043070834,0
6.95,4.567029,33.33,62.64982043070834,0
9.43,4.567029,33.31,62.928530890209096,0
-0.89,4.572146,33.31,62.928530890209096,0
-10.12,4.560633,33.31,62.64982043070834,0
8.58,4.554236,33.31,62.64982043070834,0
8.66,4.551678,33.29,62.64982043070834,0
0.1,4.559353,33.29,62.64982043070834,0
-11.43,4.552957,33.29,62.64982043070834,0
-1.0,4.556795,33.29,62.64982043070834,0
0.89,4.550399,33.29,62.64982043070834,0
-2.05,4.561912,33.29,62.64982043070834,0
-8.02,4.561912,33.29,62.64982043070834,0
6.5,4.563191,33.29,62.64982043070834,0
7.99,4.558074,33.29,62.64982043070834,0
1.12,4.563191,33.29,62.64982043070834,0
-6.11,4.54784,33.29,62.64982043070834,0
6.08,4.552957,33.29,63.608175575157006,0
8.87,4.546561,33.29,62.64982043070834,0
1.62,4.546561,33.29,62.64982043070834,0
-4.45,4.537606,33.29,62.64982043070834,0
-6.34,4.536327,33.29,62.64982043070834,0
5.17,4.53121,33.27,62.64982043070834,0
2.07,4.529931,33.27,62.64982043070834,0
-4.58,4.532489,33.27,62.64982043070834,0
-4.33,4.522255,33.27,62.64982043070834,0
7.8,4.524814,33.29,62.64982043070834,0
3.11,4.518417,33.29,62.928530890209096,0
-4.9,4.523534,33.29,62.64982043070834,0
-11.97,4.518417,33.29,62.64982043070834,0
8.29,4.517138,33.29,62.64982043070834,0
3.96,4.510742,33.29,62.64982043070834,0
-4.5,4.512021,33.29,62.64982043070834,0
-14.06,4.512021,33.29,62.64982043070834,0
6.96,4.510742,33.27,62.64982043070834,0
7.03,4.510742,33.27,62.64982043070834,0
-5.34,4.508183,33.27,62.64982043070834,0
-12.72,4.506904,33.27,62.64982043070834,0
8.75,4.500508,33.27,62.928530890209096,0
4.67,4.509462,33.27,62.64982043070834,0
-3.4,4.506904,33.27,62.64982043070834,0
-10.66,4.499228,33.27,62.64982043070834,0
8.06,4.499228,33.25,62.64982043070834,0
6.33,4.494112,33.25,62.64982043070834,0
-3.34,4.495391,33.25,62.64982043070834,0
-9.98,4.490274,33.25,62.64982043070834,0
7.22,4.492832,33.27,62.64982043070834,0
6.34,4.494112,33.27,62.64982043070834,0
-2.22,4.469806,33.27,62.64982043070834,0
-10.91,4.473644,33.27,62.64982043070834,0
9.19,4.485157,33.25,62.64982043070834,0
7.88,4.485157,33.25,62.64982043070834,0
-1.81,4.486436,33.25,62.928530890209096,0
-9.28,4.48004,33.25,62.64982043070834,0
6.6,4.483878,33.25,62.64982043070834,0
8.09,4.478761,33.25,62.64982043070834,0
0.68,4.487715,33.25,62.64982043070834,0
-10.99,4.485157,33.25,62.64982043070834,0
4.99,4.483878,33.25,62.64982043070834,0
9.15,4.477481,33.25,62.64982043070834,0
2.17,4.473644,33.25,62.64982043070834,0
-11.33,4.473644,33.25,62.64982043070834,0
9.04,4.477481,33.25,62.64982043070834,0
5.42,4.485157,33.25,62.64982043070834,0
-2.02,4.485157,33.25,62.928530890209096,0
-7.45,4.486436,33.25,62.64982043070834,0
8.29,4.492832,33.25,62.64982043070834,0
7.26,4.488995,33.25,62.64982043070834,0
-2.31,4.509462,33.25,62.64982043070834,0
-13.41,4.508183,33.25,62.64982043070834,0
8.53,4.528651,33.23,62.64982043070834,0
7.52,4.529931,33.23,62.64982043070834,0
-2.85,4.542723,33.23,62.64982043070834,0
-9.43,4.541444,33.23,62.64982043070834,0
7.22,4.542723,33.25,62.64982043070834,0
4.66,4.542723,33.25,62.64982043070834,0
-5.23,4.541444,33.25,62.928530890209096,0
-8.65,4.535048,33.25,62.64982043070834,0
7.71,4.532489,33.23,62.64982043070834,0
4.87,4.517138,33.23,63.0317380372777,0
-5.56,4.523534,33.23,63.608175575157006,0
-11.12,4.515859,33.23,62.56196927846821,0
6.92,4.506904,33.25,62.56196927846821,0
5.19,4.508183,33.25,62.64982043070834,0
-4.95,4.506904,33.25,62.64982043070834,0
-10.79,4.503067,33.25,62.64982043070834,0
3.33,4.501787,33.23,62.64982043070834,0
3.27,4.504345,33.23,62.64982043070834,0
-4.37,4.497949,33.23,62.64982043070834,0
-8.97,4.49667,33.23,63.608175575157006,0
8.89,4.491553,33.23,62.64982043070834,0
6.57,4.492832,33.23,62.64982043070834,0
-1.21,4.492832,33.23,62.928530890209096,0
-8.14,4.482598,33.23,62.64982043070834,0
6.61,4.488995,33.21,62.64982043070834,0
7.08,4.485157,33.21,62.64982043070834,0
1.88,4.483878,33.21,62.64982043070834,0
-5.51,4.481319,33.21,62.64982043070834,0
-8.74,4.478761,33.21,62.64982043070834,0
4.16,4.478761,33.21,62.64982043070834,0
2.14,4.477481,33.21,62.64982043070834,0
-3.82,4.476202,33.21,62.64982043070834,0
-6.94,4.471085,33.21,62.64982043070834,0
5.78,4.473644,33.21,62.64982043070834,0
0.96,4.460851,33.21,62.64982043070834,0
-4.77,4.471085,33.21,62.64982043070834,0
-9.66,4.459572,33.21,62.64982043070834,0
6.82,4.474923,33.21,62.64982043070834,0
6.69,4.465968,33.21,62.64982043070834,0
-2.35,4.465968,33.21,62.64982043070834,0
-9.62,4.46213,33.18,62.64982043070834,0
4.06,4.468526,33.18,62.64982043070834,0
6.81,4.467247,33.18,62.64982043070834,0
-2.22,4.463409,33.18,62.64982043070834,0
-12.22,4.459572,33.18,62.64982043070834,0
7.59,4.459572,33.18,62.64982043070834,0
8.08,4.457013,33.18,62.64982043070834,0
-2.48,4.459572,33.18,62.64982043070834,0
-12.15,4.453176,33.18,62.64982043070834,0
10.76,4.46213,33.18,62.64982043070834,0
9.05,4.458292,33.18,62.64982043070834,0
1.07,4.459572,33.18,62.64982043070834,0
-9.03,4.448059,33.21,62.64982043070834,0
6.17,4.459572,33.21,62.64982043070834,0
7.48,4.457013,33.21,62.64982043070834,0
-0.14,4.457013,33.21,62.64982043070834,0
-8.44,4.448059,33.16,62.64982043070834,0
9.1,4.450617,33.16,62.64982043070834,0
9.87,4.426311,33.16,62.64982043070834,0
0.99,4.442942,33.16,62.64982043070834,0
-9.04,4.442942,33.21,62.75348595894893,0
-1.91,4.4455,33.21,62.64982043070834,0
9.24,4.444221,33.21,62.64982043070834,0
3.22,4.444221,33.21,62.64982043070834,0
-6.86,4.441662,33.18,62.64982043070834,0
-14.63,4.436545,33.18,62.64982043070834,0
6.74,4.439104,33.18,62.64982043070834,0
5.32,4.426311,33.18,62.385895841928885,0
-5.21,4.436545,33.18,62.64982043070834,0
-10.33,4.435266,33.18,62.64982043070834,0
9.34,4.435266,33.18,62.64982043070834,0
5.8,4.432707,33.18,62.928530890209096,0
-2.97,4.437825,33.16,62.64982043070834,0
-11.97,4.433987,33.16,62.928530890209096,0
8.14,4.4455,33.16,62.64982043070834,0
6.38,4.442942,33.16,62.64982043070834,0
-8.44,4.441662,33.18,62.64982043070834,0
-6.61,4.435266,33.18,62.928530890209096,0
7.52,4.432707,33.18,62.64982043070834,0
0.46,4.440383,33.18,62.64982043070834,0
-13.12,4.437825,33.18,62.64982043070834,0
7.04,4.426311,33.18,62.64982043070834,0
2.75,4.435266,33.18,62.64982043070834,0
-9.03,4.437825,33.18,62.64982043070834,0
9.22,4.435266,33.15,62.64982043070834,0
11.46,4.439104,33.15,62.385895841928885,0
1.86,4.430149,33.15,62.64982043070834,0
-4.7,4.432707,33.15,62.64982043070834,0
-12.35,4.432707,33.15,62.928530890209096,0
7.25,4.430149,33.15,62.64982043070834,0
12.26,4.432707,33.15,62.64982043070834,0
-1.46,4.42887,33.15,62.64982043070834,0
-6.87,4.42887,33.16,62.64982043070834,0
-13.15,4.42759,33.16,62.64982043070834,0
5.86,4.422473,33.16,62.64982043070834,0
4.75,4.426311,33.16,62.64982043070834,0
-4.66,4.421194,33.15,62.64982043070834,0
-11.69,4.425032,33.15,62.64982043070834,0
7.55,4.417356,33.15,62.64982043070834,0
4.81,4.426311,33.15,62.64982043070834,0
-3.14,4.413519,33.15,62.64982043070834,0
-16.62,4.430149,33.15,62.64982043070834,0
8.33,4.421194,33.15,62.64982043070834,0
7.68,4.426311,33.15,62.64982043070834,0
-1.42,4.421194,33.15,62.64982043070834,0
-9.29,4.42887,33.15,62.64982043070834,0
2.24,4.422473,33.15,62.64982043070834,0
6.47,4.425032,33.15,62.64982043070834,0
1.68,4.42759,33.16,62.64982043070834,0
-8.59,4.42887,33.16,62.64982043070834,0
7.43,4.413519,33.16,62.64982043070834,0
5.95,4.416077,33.16,62.64982043070834,0
0.4,4.421194,33.16,62.64982043070834,0
-6.95,4.421194,33.16,62.64982043070834,0
4.99,4.422473,33.16,62.64982043070834,0
5.63,4.422473,33.16,62.64982043070834,0
0.3,4.419915,33.15,62.64982043070834,0
-5.17,4.417356,33.15,62.64982043070834,0
-2.1,4.416077,33.15,62.64982043070834,0
3.62,4.418636,33.15,62.64982043070834,0
0.93,4.417356,33.13,62.64982043070834,0
-5.68,4.416077,33.13,62.64982043070834,0
1.72,4.41096,33.13,62.64982043070834,0
5.36,4.418636,33.13,63.0317380372777,0
0.47,4.416077,33.15,62.928530890209096,0
-6.76,4.418636,33.15,62.64982043070834,0
2.35,4.417356,33.15,62.928530890209096,0
6.65,4.417356,33.15,62.928530890209096,0
-0.34,4.418636,33.15,62.64982043070834,0
-6.64,4.416077,33.15,62.297672508690084,0
-5.8,4.423753,33.15,63.34824385884742,0
8.22,4.422473,33.15,62.489999199871974,0
3.27,4.435266,33.13,63.984373092185564,0
-5.48,4.435266,33.13,62.64982043070834,0
-0.6,4.453176,33.13,62.75348595894893,0
8.96,4.449338,33.13,62.75348595894893,0
7.72,4.459572,33.15,62.75348595894893,0
-2.96,4.458292,33.15,62.75348595894893,0
-9.26,4.433987,33.15,62.75348595894893,0
3.02,4.4455,33.15,62.75348595894893,0
-0.06,4.440383,33.13,62.385895841928885,0
-6.0,4.448059,33.13,62.64982043070834,0
1.97,4.454455,33.13,62.64982043070834,0
2.0,4.454455,33.13,62.75348595894893,0
5.0,4.455734,33.15,62.64982043070834,0
-14.49,4.46213,33.15,62.64982043070834,0
7.8,4.468526,33.15,62.75348595894893,0
8.51,4.464689,33.15,62.75348595894893,0
-2.85,4.473644,33.13,62.75348595894893,0
-10.73,4.468526,33.13,62.75348595894893,0
5.28,4.476202,33.13,62.75348595894893,0
7.18,4.468526,33.13,62.75348595894893,0
-1.8,4.471085,33.13,62.75348595894893,0
-9.57,4.468526,33.13,62.75348595894893,0
8.04,4.467247,33.13,62.75348595894893,0
5.54,4.455734,33.13,62.75348595894893,0
-0.43,4.463409,33.15,62.64982043070834,0
-5.22,4.454455,33.15,62.75348595894893,0
4.58,4.455734,33.15,62.75348595894893,0
5.3,4.449338,33.15,62.75348595894893,0
1.45,4.449338,33.15,62.75348595894893,0
-7.31,4.4455,33.15,62.75348595894893,0
-8.42,4.448059,33.15,62.75348595894893,0
5.58,4.448059,33.15,63.0317380372777,0
5.28,4.448059,33.13,62.75348595894893,0
-1.2,4.4455,33.13,62.75348595894893,0
-12.43,4.436545,33.13,63.0317380372777,0
7.92,4.440383,33.13,62.75348595894893,0
3.66,4.439104,33.13,62.64982043070834,0
-4.07,4.42759,33.13,62.75348595894893,0
-8.61,4.437825,33.13,62.75348595894893,0
8.19,4.433987,33.13,62.75348595894893,0
6.42,4.432707,33.15,62.75348595894893,0
3.89,4.433987,33.15,62.75348595894893,0
-5.37,4.432707,33.15,62.75348595894893,0
4.08,4.42887,33.15,62.75348595894893,0
3.72,4.426311,33.13,62.75348595894893,0
-4.38,4.418636,33.13,62.75348595894893,0
-7.38,4.425032,33.13,62.75348595894893,0
8.14,4.419915,33.13,62.64982043070834,0
7.9,4.417356,33.13,62.75348595894893,0
-2.07,4.414798,33.13,62.75348595894893,0
-13.36,4.41096,33.13,62.75348595894893,0
8.23,4.414798,33.13,62.75348595894893,0
6.1,4.41096,33.13,62.75348595894893,0
-3.36,4.414798,33.13,62.64982043070834,0
-12.59,4.413519,33.13,62.75348595894893,0
7.82,4.41224,33.13,62.75348595894893,0
4.97,4.404564,33.15,62.75348595894893,0
-6.99,4.416077,33.15,62.75348595894893,0
2.07,4.41096,33.15,62.75348595894893,0
4.89,4.41096,33.15,62.75348595894893,0
-0.96,4.41096,33.13,62.75348595894893,0
-12.98,4.409681,33.13,62.75348595894893,0
10.58,4.408401,33.13,62.75348595894893,0
7.77,4.408401,33.13,62.75348595894893,0
-1.67,4.409681,33.13,62.75348595894893,0
-12.89,4.408401,33.13,62.75348595894893,0
10.04,4.403285,33.13,62.75348595894893,0
8.41,4.399447,33.13,62.75348595894893,0
-1.16,4.402006,33.15,62.75348595894893,0
-6.89,4.403285,33.15,62.75348595894893,0
-7.29,4.395609,33.15,62.75348595894893,0
7.22,4.399447,33.15,62.75348595894893,0
3.53,4.39433,33.13,62.75348595894893,0
-4.22,4.396888,33.13,62.75348595894893,0
-13.48,4.390492,33.13,62.75348595894893,0
6.36,4.391771,33.13,62.75348595894893,0
4.32,4.386654,33.13,62.75348595894893,0
-3.26,4.395609,33.13,62.75348595894893,0
-12.4,4.380258,33.13,62.75348595894893,0
7.95,4.390492,33.13,62.75348595894893,0
7.19,4.384096,33.15,62.75348595894893,0
-1.12,4.395609,33.15,62.64982043070834,0
-10.3,4.385375,33.15,62.75348595894893,0
6.41,4.389213,33.15,62.75348595894893,0
9.28,4.385375,33.13,62.75348595894893,0
0.76,4.393051,33.13,62.75348595894893,0
-7.75,4.366187,33.13,62.64982043070834,0
-0.78,4.382817,33.13,62.75348595894893,0
6.82,4.371304,33.15,62.75348595894893,0
0.7,4.375141,33.15,62.75348595894893,0
-5.32,4.380258,33.15,62.75348595894893,0
0.17,4.378979,33.15,62.75348595894893,0
5.29,4.378979,33.16,62.75348595894893,0
3.25,4.37642,33.16,62.75348595894893,0
-4.23,4.378979,33.16,62.75348595894893,0
-13.06,4.378979,33.16,62.75348595894893,0
7.0,4.37642,33.15,62.75348595894893,0
8.22,4.378979,33.15,62.75348595894893,0
0.56,4.37642,33.15,62.75348595894893,0
-8.09,4.370024,33.15,62.75348595894893,0
-7.22,4.367465,33.13,62.75348595894893,0
5.44,4.368745,33.13,62.75348595894893,0
5.14,4.366187,33.13,62.75348595894893,0
-2.76,4.366187,33.13,62.75348595894893,0
-10.81,4.368745,33.13,62.75348595894893,0
8.7,4.364907,33.13,62.75348595894893,0
7.91,4.373862,33.13,62.75348595894893,0
-0.82,4.366187,33.13,62.75348595894893,0
-8.67,4.370024,33.15,62.75348595894893,0
0.64,4.366187,33.15,62.75348595894893,0
7.55,4.368745,33.15,62.64982043070834,0
3.84,4.361069,33.15,63.7102817447859,0
-7.26,4.368745,33.15,62.75348595894893,0
-10.79,4.366187,33.15,62.75348595894893,0
8.02,4.366187,33.15,62.75348595894893,0
2.22,4.366187,33.15,62.64982043070834,0
-10.21,4.361069,33.13,62.64982043070834,0
-10.65,4.366187,33.13,62.75348595894893,0
8.54,4.370024,33.13,63.0317380372777,0
3.04,4.373862,33.13,62.75348595894893,0
-8.33,4.375141,33.13,62.75348595894893,0
7.97,4.384096,33.13,62.75348595894893,0
9.4,4.371304,33.13,62.75348595894893,0
-0.64,4.384096,33.13,63.0317380372777,0
-14.04,4.378979,33.11,63.0317380372777,0
4.57,4.387934,33.11,63.0317380372777,0
6.91,4.378979,33.11,63.0317380372777,0
5.03,4.382817,33.11,62.75348595894893,0
-6.98,4.37642,33.15,62.75348595894893,0
7.96,4.382817,33.15,63.7102817447859,0
4.75,4.384096,33.15,62.75348595894893,0
-4.71,4.380258,33.15,62.75348595894893,0
-6.53,4.37642,33.15,62.75348595894893,0
-5.86,4.364907,33.15,62.75348595894893,0
8.17,4.373862,33.15,62.75348595894893,0
7.0,4.371304,33.15,62.75348595894893,0
-0.07,4.371304,33.13,62.75348595894893,0
-9.27,4.371304,33.13,62.75348595894893,0
1.47,4.368745,33.13,62.75348595894893,0
5.15,4.363628,33.13,62.75348595894893,0
1.68,4.366187,33.15,62.75348595894893,0
-2.57,4.364907,33.15,62.64982043070834,0
-12.31,4.366187,33.15,62.75348595894893,0
4.64,4.35979,33.15,62.75348595894893,0
5.02,4.362349,33.15,62.75348595894893,0
-0.33,4.367465,33.15,62.75348595894893,0
-7.69,4.367465,33.15,63.0317380372777,0
2.33,4.363628,33.15,62.75348595894893,0
5.46,4.368745,33.13,62.75348595894893,0
2.61,4.362349,33.13,62.75348595894893,0
-4.18,4.367465,33.13,62.75348595894893,0
-11.2,4.363628,33.13,62.75348595894893,0
4.5,4.364907,33.13,62.75348595894893,0
3.32,4.368745,33.13,62.75348595894893,0
-0.43,4.363628,33.13,62.64982043070834,0
-13.68,4.358511,33.13,62.75348595894893,0
7.18,4.366187,33.13,62.75348595894893,0
6.59,4.366187,33.13,62.75348595894893,0
-1.19,4.358511,33.13,62.75348595894893,0
-6.87,4.361069,33.13,63.0317380372777,0
5.95,4.362349,33.13,63.0317380372777,0
7.79,4.366187,33.13,62.75348595894893,0
0.79,4.368745,33.13,62.75348595894893,0
-2.2,4.364907,33.13,62.75348595894893,0
-9.67,4.363628,33.13,62.75348595894893,0
5.3,4.362349,33.13,62.75348595894893,0
4.5,4.331646,33.13,62.75348595894893,0
-1.83,4.353394,33.13,62.75348595894893,0
-6.9,4.346998,33.13,62.75348595894893,0
5.15,4.358511,33.13,62.75348595894893,0
6.36,4.350835,33.13,62.75348595894893,0
0.59,4.352115,33.13,63.0317380372777,0
-5.3,4.349556,33.13,62.64982043070834,0
-10.54,4.35979,33.13,62.75348595894893,0
7.08,4.355952,33.13,62.75348595894893,0
4.64,4.355952,33.13,62.64982043070834,0
0.9,4.349556,33.13,62.75348595894893,0
-9.25,4.352115,33.13,62.75348595894893,0
3.22,4.349556,33.13,62.64982043070834,0
7.37,4.350835,33.13,62.75348595894893,0
-0.68,4.346998,33.13,62.75348595894893,0
-8.03,4.352115,33.13,62.75348595894893,0
5.48,4.346998,33.13,62.75348595894893,0
7.95,4.350835,33.13,63.0317380372777,0
1.7,4.345718,33.13,62.75348595894893,0
-4.17,4.355952,33.13,62.75348595894893,0
-16.31,4.34316,33.13,62.75348595894893,0
10.47,4.348277,33.13,62.64982043070834,0
5.08,4.335485,33.13,62.75348595894893,0
-4.1,4.349556,33.13,62.75348595894893,0
-17.08,4.339322,33.13,62.64982043070834,0
10.67,4.344439,33.13,62.75348595894893,0
9.24,4.340601,33.15,62.75348595894893,0
-0.9,4.349556,33.15,62.080592780675026,0
-11.69,4.341881,33.15,62.75348595894893,0
5.84,4.344439,33.15,62.75348595894893,0
8.68,4.344439,33.15,63.608175575157006,0
2.25,4.348277,33.15,62.75348595894893,0
-6.05,4.341881,33.15,62.75348595894893,0
-17.08,4.338043,33.15,62.75348595894893,0
12.99,4.340601,33.13,62.75348595894893,0
9.81,4.348277,33.13,62.75348595894893,0
-1.08,4.341881,33.13,62.75348595894893,0
-7.14,4.345718,33.13,62.75348595894893,0
11.36,4.340601,33.13,62.75348595894893,0
4.66,4.350835,33.13,62.75348595894893,0
-7.34,4.348277,33.13,62.75348595894893,0
-14.75,4.350835,33.13,62.75348595894893,0
10.95,4.344439,33.13,62.75348595894893,0
3.04,4.362349,33.13,62.489999199871974,0
-12.8,4.34316,33.13,62.489999199871974,0
10.02,4.35979,33.13,62.75348595894893,0
6.51,4.350835,33.15,62.75348595894893,0
-2.42,4.366187,33.15,62.75348595894893,0
-7.86,4.350835,33.15,62.75348595894893,0
1.74,4.362349,33.15,62.75348595894893,0
5.68,4.361069,33.13,62.75348595894893,0
3.34,4.361069,33.13,62.75348595894893,0
-5.58,4.363628,33.13,62.75348595894893,0
-12.18,4.357232,33.13,62.75348595894893,0
4.95,4.355952,33.13,62.75348595894893,0
5.22,4.354673,33.13,62.75348595894893,0
-4.21,4.353394,33.13,62.75348595894893,0
-11.13,4.349556,33.13,62.75348595894893,0
6.29,4.350835,33.13,62.75348595894893,0
4.95,4.345718,33.13,62.75348595894893,0
-2.41,4.348277,33.13,62.75348595894893,0
-9.12,4.348277,33.13,62.64982043070834,0
6.12,4.346998,33.11,62.75348595894893,0
7.01,4.349556,33.11,62.75348595894893,0
-1.28,4.345718,33.11,62.75348595894893,0
-7.57,4.344439,33.11,62.75348595894893,0
-2.82,4.336764,33.11,62.75348595894893,0
2.5,4.34316,33.11,62.75348595894893,0
2.34,4.339322,33.11,62.75348595894893,0
-4.38,4.339322,33.11,62.75348595894893,0
1.79,4.338043,33.11,62.75348595894893,0
8.39,4.336764,33.11,62.75348595894893,0
4.7,4.335485,33.11,62.75348595894893,0
-3.23,4.336764,33.11,62.75348595894893,0
-9.96,4.334205,33.11,62.64982043070834,0
7.76,4.327809,33.11,62.64982043070834,0
6.49,4.330368,33.11,62.75348595894893,0
-0.77,4.318854,33.11,62.75348595894893,0
-10.17,4.329088,33.13,62.75348595894893,0
7.01,4.327809,33.13,62.75348595894893,0
3.19,4.304782,33.13,62.75348595894893,0
-4.98,4.318854,33.13,62.75348595894893,0
-10.46,4.325251,33.11,62.75348595894893,0
4.93,4.322692,33.11,62.75348595894893,0
2.26,4.32653,33.11,62.64982043070834,0
-1.75,4.32653,33.11,62.75348595894893,0
-11.05,4.329088,33.13,62.64982043070834,0
5.57,4.32653,33.13,62.64982043070834,0
1.81,4.32653,33.13,62.64982043070834,0
-1.17,4.329088,33.13,62.75348595894893,0
-7.98,4.331646,33.11,62.75348595894893,0
7.55,4.329088,33.11,62.64982043070834,0
4.03,4.332926,33.11,62.64982043070834,0
-3.11,4.327809,33.11,62.64982043070834,0
-10.72,4.329088,33.11,62.64982043070834,0
7.7,4.317575,33.11,62.64982043070834,0
5.76,4.329088,33.11,62.64982043070834,0
-3.72,4.317575,33.11,63.608175575157006,0
-12.66,4.32653,33.09,63.0317380372777,0
7.37,4.323971,33.09,62.63385665915839,0
8.35,4.32653,33.09,63.150613615387776,0
-9.12,4.323971,33.09,63.150613615387776,0
-16.95,4.323971,33.09,63.150613615387776,0
7.31,4.329088,33.09,63.150613615387776,0
9.23,4.32653,33.09,63.150613615387776,0
-8.76,4.325251,33.09,62.8728876384726,0
-3.11,4.327809,33.11,62.75348595894893,0
6.01,4.338043,33.11,63.150613615387776,0
-0.53,4.335485,33.11,62.080592780675026,0
-9.37,4.344439,33.11,63.984373092185564,0
8.56,4.344439,33.09,63.57672530100933,0
8.29,4.357232,33.09,63.7102817447859,0
-12.02,4.354673,33.09,62.64982043070834,0
-1.26,4.364907,33.09,62.64982043070834,0
15.93,4.35979,33.11,62.75348595894893,0
1.87,4.370024,33.11,62.75348595894893,0
-27.23,4.358511,33.11,62.489999199871974,0
10.17,4.35979,33.11,62.75348595894893,0
17.46,4.358511,33.09,62.489999199871974,0
-2.49,4.35979,33.09,62.75348595894893,0
-15.08,4.346998,33.09,62.64982043070834,0
8.12,4.348277,33.09,62.75348595894893,0
5.68,4.344439,33.09,62.75348595894893,0
0.05,4.348277,33.09,62.75348595894893,0
-6.76,4.338043,33.09,62.75348595894893,0
4.71,4.344439,33.09,62.489999199871974,0
4.74,4.336764,33.11,62.75348595894893,0
0.66,4.34316,33.11,62.489999199871974,0
-4.05,4.334205,33.11,62.75348595894893,0
-9.77,4.335485,33.11,62.489999199871974,0
0.69,4.329088,33.13,62.489999199871974,0
4.18,4.336764,33.13,62.489999199871974,0
-4.12,4.320133,33.13,62.489999199871974,0
-11.37,4.330368,33.13,62.75348595894893,0
4.5,4.320133,33.11,62.64982043070834,0
6.12,4.331646,33.11,62.64982043070834,0
-2.06,4.322692,33.11,62.75348595894893,0
-8.29,4.32653,33.11,62.64982043070834,0
6.02,4.318854,33.09,62.385895841928885,0
7.59,4.329088,33.09,62.385895841928885,0
0.66,4.329088,33.09,63.608175575157006,0
-7.88,4.325251,33.09,62.385895841928885,0
4.13,4.322692,33.11,63.34824385884742,0
4.9,4.322692,33.11,62.385895841928885,0
-1.89,4.315016,33.11,63.45076831686122,0
-11.74,4.322692,33.11,62.385895841928885,0
9.29,4.322692,33.11,62.64982043070834,0
7.69,4.330368,33.11,62.64982043070834,0
-2.61,4.325251,33.11,63.608175575157006,0
-13.39,4.325251,33.11,62.64982043070834,0
8.4,4.323971,33.11,62.64982043070834,0
7.81,4.321413,33.11,62.385895841928885,0
-1.75,4.322692,33.11,62.385895841928885,0
-11.51,4.322692,33.11,62.385895841928885,0
7.28,4.315016,33.09,62.385895841928885,0
3.57,4.318854,33.09,62.385895841928885,0
-4.91,4.320133,33.09,62.385895841928885,0
-3.55,4.320133,33.09,62.385895841928885,0
6.18,4.318854,33.09,62.385895841928885,0
3.02,4.318854,33.09,62.489999199871974,0
-5.82,4.295827,33.09,62.385895841928885,0
1.21,4.306062,33.09,62.385895841928885,0
6.43,4.309899,33.09,62.64982043070834,0
0.65,4.306062,33.09,62.385895841928885,0
-4.36,4.307341,33.09,62.64982043070834,0
-8.14,4.297107,33.09,62.385895841928885,0
6.99,4.312458,33.11,62.385895841928885,0
1.74,4.306062,33.11,62.385895841928885,0
-4.65,4.307341,33.11,63.34824385884742,0
-7.38,4.302224,33.11,62.385895841928885,0
4.98,4.304782,33.09,62.385895841928885,0
4.06,4.299665,33.09,62.385895841928885,0
-4.32,4.306062,33.09,62.385895841928885,0
-10.73,4.309899,33.09,62.64982043070834,0
7.22,4.306062,33.11,62.64982043070834,0
3.92,4.307341,33.11,62.64982043070834,0
-3.53,4.297107,33.11,62.64982043070834,0
-10.81,4.304782,33.11,63.608175575157006,0
7.51,4.302224,33.09,62.385895841928885,0
3.75,4.303503,33.09,62.385895841928885,0
-5.52,4.302224,33.09,62.385895841928885,0
-7.8,4.302224,33.09,62.385895841928885,0
4.64,4.295827,33.11,62.385895841928885,0
1.42,4.302224,33.11,62.385895841928885,0
-9.62,4.302224,33.11,63.34824385884742,0
2.15,4.300945,33.11,62.385895841928885,0
7.41,4.295827,33.11,62.385895841928885,0
1.72,4.298386,33.11,62.64982043070834,0
-8.17,4.297107,33.11,62.64982043070834,0
4.6,4.299665,33.11,62.385895841928885,0
8.19,4.29071,33.09,62.385895841928885,0
1.19,4.302224,33.09,62.385895841928885,0
-8.35,4.299665,33.09,62.385895841928885,0
1.94,4.300945,33.09,63.34824385884742,0
2.66,4.299665,33.11,62.385895841928885,0
3.16,4.300945,33.11,62.385895841928885,0
-9.62,4.298386,33.11,62.385895841928885,0
8.34,4.298386,33.11,62.385895841928885,0
7.01,4.29199,33.09,62.385895841928885,0
-1.87,4.293269,33.09,62.385895841928885,0
-10.02,4.295827,33.09,62.385895841928885,0
6.48,4.293269,33.09,62.385895841928885,0
8.22,4.297107,33.11,62.385895841928885,0
1.96,4.29199,33.11,62.489999199871974,0
-12.24,4.294549,33.11,62.489999199871974,0
4.82,4.289432,33.11,62.385895841928885,0
6.22,4.297107,33.09,62.385895841928885,0
-1.7,4.286873,33.09,63.34824385884742,0
-9.51,4.298386,33.09,62.385895841928885,0
9.32,4.29199,33.09,62.385895841928885,0
4.67,4.295827,33.09,62.385895841928885,0
-4.19,4.298386,33.09,62.385895841928885,0
-8.37,4.300945,33.09,62.385895841928885,0
6.92,4.304782,33.09,62.385895841928885,0
1.74,4.303503,33.11,62.385895841928885,0
-7.04,4.309899,33.11,63.34824385884742,0
-1.93,4.306062,33.11,62.385895841928885,0
6.63,4.313737,33.11,63.34824385884742,0
1.09,4.309899,33.11,63.45076831686122,0
-7.45,4.317575,33.11,62.385895841928885,0
4.82,4.302224,33.11,63.34824385884742,0
4.81,4.309899,33.11,63.34824385884742,0
-1.12,4.306062,33.09,63.34824385884742,0
-8.03,4.312458,33.09,62.385895841928885,0
6.11,4.307341,33.09,62.385895841928885,0
4.82,4.299665,33.09,63.34824385884742,0
0.06,4.302224,33.13,62.385895841928885,0
-7.01,4.302224,33.13,62.385895841928885,0
5.31,4.303503,33.13,62.385895841928885,0
5.57,4.302224,33.13,62.385895841928885,0
-1.24,4.302224,33.11,62.385895841928885,0
-2.46,4.29071,33.11,62.385895841928885,0
-8.89,4.299665,33.11,62.385895841928885,0
7.05,4.294549,33.11,63.34824385884742,0
5.47,4.299665,33.11,62.64982043070834,0
0.06,4.298386,33.11,62.64982043070834,0
-5.59,4.298386,33.11,62.64982043070834,0
-3.55,4.29199,33.11,62.385895841928885,0
5.61,4.297107,33.11,62.385895841928885,0
1.86,4.293269,33.11,63.608175575157006,0
-5.7,4.263846,33.11,63.34824385884742,0
-11.15,4.284314,33.11,62.385895841928885,0
6.12,4.284314,33.11,62.385895841928885,0
4.2,4.289432,33.11,62.75348595894893,0
-2.93,4.293269,33.11,62.385895841928885,0
-10.52,4.29071,33.11,62.385895841928885,0
7.33,4.298386,33.09,63.45076831686122,0
3.32,4.298386,33.09,62.489999199871974,0
-5.14,4.297107,33.09,62.489999199871974,0
2.0,4.294549,33.09,63.34824385884742,0
3.39,4.298386,33.11,62.489999199871974,0
-2.01,4.294549,33.11,62.385895841928885,0
-7.53,4.297107,33.11,63.34824385884742,0
9.91,4.285594,33.11,62.489999199871974,0
6.71,4.294549,33.13,62.489999199871974,0
-0.49,4.285594,33.13,62.489999199871974,0
-8.01,4.295827,33.13,62.75348595894893,0
6.6,4.293269,33.13,62.385895841928885,0
4.87,4.295827,33.09,62.385895841928885,0
0.58,4.299665,33.09,62.385895841928885,0
-2.41,4.295827,33.09,62.385895841928885,0
-12.59,4.300945,33.09,62.385895841928885,0
6.99,4.29199,33.11,62.385895841928885,0
5.1,4.293269,33.11,62.385895841928885,0
-3.99,4.285594,33.11,62.385895841928885,0
-11.22,4.29199,33.11,62.385895841928885,0
8.04,4.29071,33.09,62.385895841928885,0
6.25,4.297107,33.09,62.385895841928885,0
0.25,4.29199,33.09,62.385895841928885,0
-7.39,4.29199,33.09,62.489999199871974,0
4.5,4.297107,33.09,62.75348595894893,0
5.02,4.293269,33.09,62.385895841928885,0
2.46,4.29199,33.09,62.385895841928885,0
-4.42,4.29199,33.09,62.385895841928885,0
-12.49,4.29199,33.09,62.64982043070834,0
6.43,4.289432,33.09,62.385895841928885,0
4.7,4.286873,33.09,63.34824385884742,0
-3.32,4.288152,33.09,62.385895841928885,0
-10.36,4.283035,33.11,63.34824385884742,0
7.97,4.285594,33.11,62.385895841928885,0
6.19,4.283035,33.11,62.75348595894893,0
1.22,4.286873,33.11,62.75348595894893,0
-11.27,4.283035,33.09,62.385895841928885,0
5.83,4.293269,33.09,63.34824385884742,0
8.07,4.283035,33.09,62.75348595894893,0
-0.08,4.286873,33.09,62.385895841928885,0
-7.76,4.27536,33.07,62.385895841928885,0
-12.96,4.29071,33.07,62.385895841928885,0
9.62,4.283035,33.07,62.385895841928885,0
7.44,4.285594,33.07,62.64982043070834,0
-1.51,4.276639,33.07,62.385895841928885,0
-10.09,4.286873,33.07,62.385895841928885,0
7.7,4.285594,33.07,62.385895841928885,0
8.13,4.286873,33.07,62.385895841928885,0
1.48,4.29071,33.09,62.385895841928885,0
-2.89,4.293269,33.09,62.385895841928885,0
-14.36,4.288152,33.09,62.385895841928885,0
8.71,4.277918,33.09,63.45076831686122,0
6.32,4.288152,33.09,62.385895841928885,0
-0.23,4.289432,33.09,63.34824385884742,0
-8.24,4.295827,33.09,62.385895841928885,0
0.38,4.300945,33.09,62.385895841928885,0
5.41,4.304782,33.09,62.385895841928885,0
2.74,4.309899,33.09,62.385895841928885,0
-3.04,4.316296,33.09,62.385895841928885,0
-9.28,4.322692,33.09,61.603571325045756,0
6.93,4.327809,33.09,62.76941930590086,0
6.3,4.332926,33.09,62.76941930590086,0
-0.02,4.338043,33.09,63.25345840347388,0
-6.49,4.34316,33.09,62.96824596572466,0
-16.0,4.344439,33.09,62.433965115151864,0
-4.7,4.334205,33.09,62.489999199871974,0
20.52,4.334205,33.09,62.8728876384726,0
14.38,4.32653,33.09,63.150613615387776,0
-11.34,4.329088,33.09,63.150613615387776,0
-19.34,4.322692,33.09,63.150613615387776,0
5.78,4.325251,33.09,62.8728876384726,0
-10.27,4.318854,33.09,62.8728876384726,0
-9.24,4.321413,33.11,63.150613615387776,0
11.47,4.312458,33.11,63.150613615387776,0
10.66,4.299665,33.11,62.49799996799898,0
2.4,4.321413,33.11,63.4428877022476,0
-14.2,4.327809,33.11,62.49799996799898,0
1.01,4.322692,33.11,63.4428877022476,0
11.66,4.336764,33.11,62.49799996799898,0
7.04,4.338043,33.11,63.4428877022476,0
-0.51,4.341881,33.11,63.4428877022476,0
0.81,4.346998,33.11,63.150613615387776,0
4.95,4.345718,33.11,63.150613615387776,0
0.12,4.344439,33.11,63.4428877022476,0
-8.89,4.338043,33.11,63.4428877022476,0
1.93,4.348277,33.11,63.150613615387776,0
3.44,4.335485,33.11,63.150613615387776,0
0.5,4.341881,33.11,63.150613615387776,0
-8.44,4.338043,33.11,63.4428877022476,0
8.47,4.341881,33.11,62.37788069500277,0
5.1,4.338043,33.11,63.4428877022476,0
-1.38,4.344439,33.11,63.4428877022476,0
-8.15,4.34316,33.11,63.4428877022476,0
2.38,4.346998,33.11,63.150613615387776,0
6.03,4.340601,33.11,63.150613615387776,0
1.49,4.331646,33.11,63.150613615387776,0
-7.83,4.335485,33.09,63.150613615387776,0
-9.34,4.332926,33.09,62.20128616033595,0
5.56,4.332926,33.09,63.150613615387776,0
3.22,4.330368,33.09,63.150613615387776,0
-4.39,4.332926,33.09,63.150613615387776,0
-14.63,4.332926,33.09,63.150613615387776,0
10.55,4.331646,33.09,63.150613615387776,0
9.42,4.331646,33.09,63.150613615387776,0
-1.68,4.325251,33.09,63.150613615387776,0
-10.87,4.331646,33.09,63.150613615387776,0
9.02,4.316296,33.09,63.150613615387776,0
8.63,4.323971,33.09,63.150613615387776,0
-2.57,4.316296,33.09,63.150613615387776,0
-9.29,4.320133,33.09,63.150613615387776,0
5.89,4.313737,33.09,62.8728876384726,0
5.33,4.316296,33.09,63.150613615387776,0
-0.11,4.311179,33.11,63.150613615387776,0
-7.92,4.317575,33.11,63.150613615387776,0
1.19,4.315016,33.11,63.150613615387776,0
7.53,4.313737,33.11,62.75348595894893,0
2.55,4.30862,33.09,63.150613615387776,0
-6.22,4.312458,33.09,63.4428877022476,0
-17.84,4.309899,33.09,63.4428877022476,0
8.47,4.309899,33.09,63.4428877022476,0
7.51,4.304782,33.11,63.4428877022476,0
-2.36,4.309899,33.11,62.75348595894893,0
-13.6,4.299665,33.11,62.75348595894893,0
11.76,4.299665,33.11,62.75348595894893,0
6.85,4.298386,33.11,62.8728876384726,0
-5.17,4.306062,33.11,62.8728876384726,0
-14.54,4.298386,33.11,63.150613615387776,0
5.68,4.298386,33.11,63.150613615387776,0
7.61,4.29071,33.09,63.150613615387776,0
-4.12,4.303503,33.09,63.150613615387776,0
-8.27,4.293269,33.09,63.150613615387776,0
14.18,4.300945,33.09,63.150613615387776,0
10.96,4.289432,33.11,62.8728876384726,0
-5.95,4.307341,33.11,62.75348595894893,0
-3.57,4.304782,33.11,62.75348595894893,0
4.24,4.307341,33.11,62.8728876384726,0
-1.93,4.300945,33.13,62.75348595894893,0
-10.84,4.313737,33.13,62.8728876384726,0
7.34,4.298386,33.13,62.75348595894893,0
4.82,4.303503,33.13,62.75348595894893,0
-7.89,4.309899,33.11,62.75348595894893,0
-0.49,4.311179,33.11,62.75348595894893,0
9.61,4.315016,33.11,63.0317380372777,0
3.57,4.318854,33.11,63.0317380372777,0
-1.57,4.321413,33.11,62.75348595894893,0
-8.27,4.330368,33.11,62.8728876384726,0
0.69,4.325251,33.11,62.75348595894893,0
5.48,4.320133,33.11,62.75348595894893,0
1.42,4.322692,33.11,62.75348595894893,0
-4.75,4.322692,33.11,62.75348595894893,0
-13.24,4.315016,33.11,62.75348595894893,0
5.72,4.320133,33.11,62.75348595894893,0
4.8,4.318854,33.13,62.75348595894893,0
-0.1,4.311179,33.13,62.75348595894893,0
-7.1,4.29199,33.13,62.75348595894893,0
-10.07,4.303503,33.13,62.75348595894893,0
8.94,4.30862,33.11,62.75348595894893,0
6.27,4.30862,33.11,62.75348595894893,0
-1.28,4.30862,33.11,62.75348595894893,0
-6.91,4.304782,33.11,62.75348595894893,0
3.54,4.307341,33.09,62.75348595894893,0
6.69,4.295827,33.09,62.75348595894893,0
0.59,4.312458,33.09,62.75348595894893,0
-6.95,4.302224,33.09,62.75348595894893,0
-12.67,4.307341,33.13,63.0317380372777,0
5.82,4.299665,33.13,62.75348595894893,0
7.26,4.303503,33.13,62.75348595894893,0
-0.54,4.298386,33.13,62.75348595894893,0
-6.45,4.302224,33.11,62.75348595894893,0
2.46,4.303503,33.11,62.75348595894893,0
4.18,4.302224,33.11,62.75348595894893,0
2.04,4.302224,33.11,62.75348595894893,0
-5.46,4.297107,33.11,63.0317380372777,0
-11.34,4.302224,33.11,62.75348595894893,0
7.73,4.300945,33.11,63.0317380372777,0
4.99,4.29071,33.11,63.0317380372777,0
-3.53,4.300945,33.09,62.75348595894893,0
-11.63,4.29071,33.09,62.75348595894893,0
8.05,4.300945,33.09,62.75348595894893,0
7.16,4.298386,33.09,62.75348595894893,0
-2.04,4.300945,33.11,62.75348595894893,0
-11.58,4.304782,33.11,62.75348595894893,0
10.93,4.300945,33.11,63.0317380372777,0
8.28,4.294549,33.11,63.0317380372777,0
-1.15,4.299665,33.09,63.0317380372777,0
-10.41,4.303503,33.09,63.4428877022476,0
9.5,4.304782,33.09,63.0317380372777,0
9.6,4.304782,33.09,63.0317380372777,0
3.7,4.307341,33.09,63.150613615387776,0
-7.51,4.309899,33.09,63.0317380372777,0
-5.1,4.311179,33.09,62.75348595894893,0
7.88,4.312458,33.09,63.0317380372777,0
2.44,4.306062,33.11,62.75348595894893,0
-8.14,4.309899,33.11,62.75348595894893,0
-16.5,4.297107,33.11,63.0317380372777,0
10.76,4.307341,33.11,62.75348595894893,0
7.51,4.300945,33.09,63.0317380372777,0
0.84,4.312458,33.09,63.0317380372777,0
-8.62,4.302224,33.09,63.0317380372777,0
9.48,4.304782,33.09,63.0317380372777,0
8.28,4.300945,33.11,62.75348595894893,0
-1.26,4.311179,33.11,62.75348595894893,0
-7.89,4.306062,33.11,62.75348595894893,0
-10.08,4.306062,33.11,62.75348595894893,0
5.22,4.298386,33.11,62.75348595894893,0
4.0,4.303503,33.11,62.75348595894893,0
-5.03,4.304782,33.11,62.75348595894893,0
-13.72,4.304782,33.11,63.0317380372777,0
7.93,4.295827,33.09,63.0317380372777,0
8.49,4.304782,33.09,63.0317380372777,0
-0.82,4.304782,33.09,63.0317380372777,0
-8.72,4.306062,33.09,62.75348595894893,0
-2.8,4.303503,33.09,62.75348595894893,0
6.15,4.299665,33.09,63.0317380372777,0
2.58,4.302224,33.09,62.75348595894893,0
-5.43,4.300945,33.09,63.0317380372777,0
-17.61,4.29199,33.09,62.75348595894893,0
9.08,4.300945,33.09,62.75348595894893,0
9.3,4.297107,33.09,62.75348595894893,0
-0.55,4.294549,33.09,62.75348595894893,0
-10.84,4.297107,33.09,62.75348595894893,0
3.22,4.297107,33.09,62.75348595894893,0
8.57,4.297107,33.09,62.75348595894893,0
2.86,4.294549,33.09,62.75348595894893,0
-5.23,4.297107,33.09,63.0317380372777,0
-16.92,4.29071,33.09,63.0317380372777,0
9.92,4.294549,33.09,63.0317380372777,0
10.15,4.285594,33.09,62.75348595894893,0
0.09,4.293269,33.07,62.75348595894893,0
-9.22,4.29199,33.07,62.75348595894893,0
3.67,4.29199,33.07,62.75348595894893,0
7.22,4.29071,33.07,62.75348595894893,0
0.84,4.29199,33.11,62.75348595894893,0
-8.51,4.29071,33.11,62.75348595894893,0
-5.85,4.266405,33.11,62.75348595894893,0
7.88,4.283035,33.11,63.0317380372777,0
4.86,4.283035,33.09,63.0317380372777,0
-4.72,4.288152,33.09,63.0317380372777,0
-19.58,4.27536,33.09,63.0317380372777,0
12.0,4.283035,33.09,62.75348595894893,0
10.9,4.276639,33.11,63.0317380372777,0
-0.22,4.286873,33.11,62.75348595894893,0
-9.45,4.277918,33.11,62.75348595894893,0
7.61,4.283035,33.11,62.75348595894893,0
13.24,4.280477,33.09,62.75348595894893,0
-5.68,4.286873,33.09,62.75348595894893,0
-11.75,4.285594,33.09,62.75348595894893,0
-4.92,4.284314,33.09,62.75348595894893,0
9.66,4.280477,33.09,62.75348595894893,0
6.82,4.27536,33.09,63.0317380372777,0
-2.78,4.281756,33.09,63.0317380372777,0
-19.86,4.277918,33.09,63.0317380372777,0
14.76,4.277918,33.09,62.75348595894893,0
6.51,4.271522,33.09,62.75348595894893,0
-2.25,4.276639,33.09,62.75348595894893,0
-13.02,4.268963,33.09,62.75348595894893,0
10.56,4.277918,33.09,62.75348595894893,0
9.47,4.277918,33.09,62.75348595894893,0
-1.94,4.27536,33.09,62.75348595894893,0
-12.9,4.270243,33.09,62.75348595894893,0
9.74,4.267684,33.05,62.75348595894893,0
8.56,4.263846,33.05,62.75348595894893,0
2.2,4.272801,33.05,62.75348595894893,0
-6.59,4.262567,33.05,62.75348595894893,0
-15.2,4.272801,33.09,63.0317380372777,0
13.78,4.272801,33.09,63.0317380372777,0
4.68,4.27408,33.09,63.0317380372777,0
-2.65,4.27408,33.09,62.75348595894893,0
-10.78,4.27536,33.09,62.75348595894893,0
7.3,4.27408,33.09,62.75348595894893,0
9.78,4.267684,33.09,62.75348595894893,0
1.88,4.265126,33.09,62.75348595894893,0
-7.24,4.270243,33.07,62.75348595894893,0
-8.59,4.27408,33.07,62.75348595894893,0
8.46,4.268963,33.07,62.75348595894893,0
4.87,4.270243,33.07,62.75348595894893,0
-5.33,4.271522,33.07,62.75348595894893,0
-17.76,4.272801,33.07,62.75348595894893,0
8.35,4.272801,33.07,63.0317380372777,0
8.53,4.27408,33.07,63.0317380372777,0
-0.49,4.272801,33.07,62.75348595894893,0
-8.38,4.277918,33.07,62.75348595894893,0
-0.88,4.261288,33.07,62.75348595894893,0
7.25,4.270243,33.07,62.75348595894893,0
3.67,4.262567,33.07,62.75348595894893,0
-7.55,4.266405,33.07,62.75348595894893,0
-9.78,4.260008,33.07,62.75348595894893,0
9.76,4.265126,33.07,62.75348595894893,0
4.47,4.258729,33.09,62.75348595894893,0
-3.8,4.267684,33.09,62.75348595894893,0
-16.59,4.266405,33.09,62.75348595894893,0
10.59,4.265126,33.09,62.75348595894893,0
8.57,4.261288,33.07,62.75348595894893,0
-1.41,4.262567,33.07,62.75348595894893,0
-9.24,4.253613,33.07,62.75348595894893,0
2.32,4.262567,33.07,62.75348595894893,0
6.01,4.262567,33.07,62.75348595894893,0
4.07,4.25745,33.07,63.0317380372777,0
-6.42,4.262567,33.07,62.75348595894893,0
-15.49,4.261288,33.07,62.75348595894893,0
9.33,4.261288,33.05,62.8728876384726,0
5.9,4.263846,33.05,63.0317380372777,0
-5.63,4.261288,33.05,63.150613615387776,0
-5.8,4.256171,33.05,62.8728876384726,0
2.01,4.253613,33.03,63.150613615387776,0
4.5,4.260008,33.03,63.150613615387776,0
-0.37,4.260008,33.03,62.8728876384726,0
-6.84,4.254891,33.03,62.75348595894893,0
-4.75,4.263846,33.03,62.75348595894893,0
2.86,4.261288,33.03,63.150613615387776,0
0.63,4.262567,33.03,63.150613615387776,0
-4.85,4.258729,33.03,63.4428877022476,0
-3.92,4.266405,33.05,63.150613615387776,0
4.49,4.260008,33.05,63.150613615387776,0
7.17,4.247216,33.05,62.8728876384726,0
-3.2,4.248495,33.05,62.8728876384726,0
10.65,4.266405,33.03,63.150613615387776,0
5.54,4.263846,33.03,63.150613615387776,0
-3.01,4.265126,33.03,62.8728876384726,0
-10.06,4.265126,33.03,63.150613615387776,0
4.04,4.266405,33.05,62.8728876384726,0
6.65,4.263846,33.05,63.150613615387776,0
1.76,4.265126,33.05,62.8728876384726,0
-3.34,4.267684,33.05,62.8728876384726,0
-10.72,4.265126,33.05,63.150613615387776,0
3.19,4.263846,33.05,63.150613615387776,0
1.78,4.252333,33.05,63.150613615387776,0
-4.39,4.261288,33.05,63.150613615387776,0
-8.71,4.254891,33.05,62.8728876384726,0
2.5,4.25745,33.05,62.8728876384726,0
1.95,4.252333,33.05,62.8728876384726,0
0.7,4.256171,33.05,62.8728876384726,0
-3.92,4.252333,33.05,63.150613615387776,0
-7.16,4.256171,33.05,63.150613615387776,0
5.5,4.25745,33.05,62.8728876384726,0
7.18,4.256171,33.05,62.8728876384726,0
0.03,4.25745,33.05,63.150613615387776,0
-12.27,4.249774,33.05,63.150613615387776,0
8.57,4.25745,33.05,63.150613615387776,0
9.63,4.247216,33.05,63.150613615387776,0
0.83,4.254891,33.05,63.150613615387776,0
-7.3,4.256171,33.05,63.0317380372777,0
7.78,4.254891,33.05,63.150613615387776,0
8.03,4.256171,33.05,63.0317380372777,0
1.43,4.254891,33.05,63.0317380372777,0
-8.16,4.256171,33.05,62.75348595894893,0
3.08,4.252333,33.05,62.75348595894893,0
4.27,4.251054,33.05,62.75348595894893,0
6.95,4.245937,33.05,62.75348595894893,0
0.64,4.258729,33.05,62.75348595894893,0
-7.05,4.248495,33.05,63.150613615387776,0
-1.38,4.256171,33.05,63.150613615387776,0
3.32,4.252333,33.05,63.0317380372777,0
-8.22,4.258729,33.05,62.75348595894893,0
-1.81,4.254891,33.05,62.75348595894893,0
1.88,4.260008,33.05,62.75348595894893,0
3.07,4.263846,33.0,62.75348595894893,0
-4.1,4.268963,33.0,62.75348595894893,0
-7.77,4.261288,33.0,62.75348595894893,0
4.33,4.258729,33.0,62.75348595894893,0
0.47,4.261288,33.03,63.0317380372777,0
-2.49,4.266405,33.03,62.75348595894893,0
-8.63,4.258729,33.03,62.75348595894893,0
2.35,4.260008,33.03,62.75348595894893,0
3.89,4.261288,33.07,62.75348595894893,0
0.44,4.267684,33.07,62.75348595894893,0
-5.98,4.253613,33.07,62.75348595894893,0
1.36,4.263846,33.07,63.0317380372777,0
3.6,4.261288,33.07,63.0317380372777,0
0.55,4.266405,33.07,62.20128616033595,0
-10.94,4.256171,33.07,62.8410693734599,0
8.08,4.268963,33.07,62.385895841928885,0
5.72,4.271522,33.05,63.221831672294975,0
-1.85,4.272801,33.05,63.0317380372777,0
-7.47,4.280477,33.05,63.0317380372777,0
3.55,4.286873,33.05,63.0317380372777,0
10.07,4.288152,33.05,63.0317380372777,0
10.27,4.289432,33.05,62.080592780675026,0
-0.31,4.29071,33.05,62.75348595894893,0
-10.07,4.289432,33.05,63.34824385884742,0
9.32,4.288152,33.05,62.385895841928885,0
0.13,4.279197,33.05,63.34824385884742,0
-3.42,4.283035,33.05,62.385895841928885,0
-6.25,4.27408,33.05,62.75348595894893,0
0.01,4.279197,33.07,62.489999199871974,0
-0.06,4.279197,33.07,62.8728876384726,0
-4.84,4.279197,33.07,63.150613615387776,0
-8.71,4.27536,33.07,63.0317380372777,0
3.67,4.281756,33.05,63.4428877022476,0
7.27,4.283035,33.05,63.4428877022476,0
-1.77,4.279197,33.05,63.324560795950255,0
-8.33,4.27408,33.05,62.75348595894893,0
8.53,4.272801,33.05,62.75348595894893,0
1.02,4.268963,33.05,62.8728876384726,0
-10.54,4.253613,33.05,63.150613615387776,0
6.1,4.27408,33.05,63.150613615387776,0
3.76,4.277918,33.05,63.150613615387776,0
-4.4,4.281756,33.05,62.8728876384726,0
-1.16,4.283035,33.05,63.150613615387776,0
7.77,4.284314,33.05,63.150613615387776,0
2.38,4.286873,33.09,63.0317380372777,0
-9.54,4.284314,33.09,63.150613615387776,0
5.9,4.283035,33.09,62.20128616033595,0
4.76,4.27536,33.09,63.52164985262898,0
-8.15,4.280477,33.07,63.34824385884742,0
8.45,4.281756,33.07,62.609903369994115,0
0.82,4.272801,33.07,63.45076831686122,0
-3.19,4.27536,33.07,62.75348595894893,0
3.72,4.268963,33.07,62.75348595894893,0
7.6,4.270243,33.07,62.75348595894893,0
2.09,4.270243,33.07,62.75348595894893,0
-1.16,4.27408,33.07,62.75348595894893,0
-11.41,4.270243,33.07,62.489999199871974,0
-11.33,4.277918,33.07,62.489999199871974,0
11.34,4.262567,33.07,62.489999199871974,0
8.21,4.272801,33.07,62.489999199871974,0
-1.48,4.265126,33.05,63.45076831686122,0
-1.4,4.27408,33.05,63.45076831686122,0
2.67,4.266405,33.05,63.45076831686122,0
-2.87,4.268963,33.05,62.489999199871974,0
-6.12,4.266405,33.09,62.489999199871974,0
2.78,4.27408,33.09,62.489999199871974,0
-1.58,4.265126,33.09,62.8728876384726,0
-13.26,4.271522,33.09,62.8728876384726,0
9.24,4.27408,33.05,62.8728876384726,0
5.41,4.271522,33.05,62.8728876384726,0
-8.46,4.272801,33.05,62.609903369994115,0
-8.06,4.270243,33.05,62.489999199871974,0
7.19,4.271522,33.05,62.489999199871974,0
6.4,4.266405,33.05,62.489999199871974,0
-6.24,4.270243,33.05,62.489999199871974,0
6.05,4.270243,33.05,62.609903369994115,0
0.56,4.272801,33.05,62.75348595894893,0
-10.94,4.27408,33.05,66.9776081985614,0
11.23,4.27408,33.05,55.04543577809154,0
10.38,4.280477,33.05,70.21395872616783,0
-0.23,4.279197,33.05,60.199667773169644,0
10.8,4.279197,33.05,64.88451279003334,0
10.89,4.280477,33.05,64.82283548256741,0
-2.17,4.279197,33.05,62.88083968904996,0
-24.16,4.279197,33.05,63.095166217389426,0
1.53,4.284314,33.05,62.49799996799898,0
2.83,4.286873,33.05,66.09084656743322,0
-5.38,4.285594,33.05,62.24146527838174,0
8.16,4.295827,33.07,64.96922348312314,0
10.21,4.303503,33.07,64.01562309311689,0
-8.48,4.307341,33.07,70.2922470831599,0
-0.2,4.304782,33.07,66.73829485385434,0
-1.78,4.325251,33.05,65.12296062065974,0
-4.45,4.313737,33.05,61.43289021363068,0
6.61,4.30862,33.05,61.40032573203501,0
-5.98,4.238261,33.05,61.171888968708494,0
-6.36,4.247216,33.07,63.25345840347388,0
4.9,4.196046,33.07,64.2339474110069,0
27.59,4.203722,33.07,65.62011886609167,0
-3.16,4.193488,33.07,61.554853586049575,0
41.24,4.225469,33.07,64.17164482853778,0
9.64,4.17174,33.07,61.91930232165088,0
-54.37,4.098823,33.07,63.3798075099633,0
-29.29,4.141038,33.07,64.8459713474939,0
6.42,4.146155,33.05,62.27358990776106,0
-5.88,4.211397,33.05,63.0158710167526,0
23.2,4.225469,33.05,63.4428877022476,0
42.1,4.284314,33.05,62.89674077406555,0
-15.65,4.303503,33.03,63.0317380372777,0
-52.04,4.330368,33.03,63.221831672294975,0
-39.5,4.32653,33.03,63.37191807101944,0
22.23,4.338043,33.03,63.2771680782255,0
-10.96,4.329088,33.03,63.245553203367585,0
-1.95,4.334205,33.03,63.25345840347388,0
7.34,4.344439,33.03,62.69768735766894,0
1.22,4.340601,33.03,62.0644825967316,0
-7.4,4.339322,33.05,62.8410693734599,0
28.52,4.34316,33.05,62.8410693734599,0
-16.0,4.277918,33.05,56.089214649520635,0
23.62,4.201163,33.05,63.94528911499267,0
6.34,4.258729,33.05,65.7723346096214,0
-17.03,4.245937,33.05,64.74565622495459,0
-51.11,4.390492,33.05,64.389440128021,0
111.58,4.306062,33.05,62.68971207462992,0
110.22,4.29199,33.05,63.13477647065839,0
-90.98,4.300945,33.05,62.49799996799898,0
-146.08,4.312458,33.05,63.4428877022476,0
-97.23,4.329088,33.05,62.69768735766894,0
117.89,4.335485,33.05,62.42595614005443,0
45.68,4.330368,33.05,63.13477647065839,0
-39.73,4.230586,33.05,63.58458932791813,0
-25.76,4.192208,33.05,62.65780079128216,0
-53.35,4.185812,33.05,62.83311228962003,0
44.16,4.190929,33.05,63.35613624582863,0
126.85,4.210118,33.05,62.51399843235114,0
-64.87,4.175578,33.05,62.617888817813075,0
-42.46,4.167902,33.05,60.6217782649107,0
53.51,4.199884,33.05,63.90618123468183,0
30.36,4.205001,33.05,63.53739056650029,0
91.77,4.22291,33.05,63.35613624582863,0
-25.71,4.244658,33.03,63.190189111918315,0
-107.22,4.254891,33.03,62.080592780675026,0
-2.6,4.236982,33.03,64.10928169929842,0
-35.74,4.251054,33.03,63.3798075099633,0
-17.75,4.27536,33.05,62.465990746965666,0
-12.34,4.262567,33.05,63.35613624582863,0
29.94,4.231865,33.05,64.41273166075166,0
101.58,4.149993,33.05,63.03967004989794,0
-7.72,4.183253,33.05,63.733821476512766,0
-19.5,4.180695,33.05,63.03967004989794,0
-48.97,4.188371,33.05,63.88270501473775,0
-58.28,4.156389,33.05,62.99206299209449,0
18.08,4.153831,33.05,63.26926584053272,0
5.96,4.169182,33.05,63.51377803280167,0
2.32,4.174299,33.05,62.82515419798029,0
24.66,4.178136,33.05,62.68173577685928,0
1.8,4.187091,33.05,62.68173577685928,0
-3.08,4.197325,33.05,63.3798075099633,0
-31.38,4.205001,33.05,62.625873247404705,0
-29.63,4.196046,33.05,63.53739056650029,0
13.28,4.199884,33.05,62.82515419798029,0
10.37,4.199884,33.05,63.90618123468183,0
2.73,4.20628,33.05,63.182275995725256,0
-2.45,4.207559,33.05,62.8410693734599,0
-8.86,4.213955,33.07,62.465990746965666,0
13.44,4.208838,33.07,63.3798075099633,0
-32.69,4.205001,33.07,62.82515419798029,0
-5.46,4.20628,33.07,62.82515419798029,0
20.59,4.207559,33.05,62.82515419798029,0
-4.93,4.203722,33.05,63.03967004989794,0
5.19,4.20628,33.05,62.82515419798029,0
20.86,4.192208,33.05,62.465990746965666,0
-11.05,4.194767,33.03,62.465990746965666,0
2.75,4.193488,33.03,62.82515419798029,0
-10.55,4.199884,33.03,62.82515419798029,0
4.67,4.198605,33.03,62.68173577685928,0
1.03,4.205001,33.05,61.91930232165088,0
-4.17,4.213955,33.05,63.592452382338585,0
22.89,4.208838,33.05,63.733821476512766,0
32.0,4.202442,33.05,62.82515419798029,0
-19.71,4.210118,33.05,62.82515419798029,0
-19.04,4.198605,33.05,63.53739056650029,0
3.92,4.211397,33.05,63.182275995725256,0
-14.48,4.212676,33.05,62.44197306299666,0
-14.24,4.221631,33.05,61.73329733620261,0
22.24,4.244658,33.05,62.8410693734599,0
-5.62,4.244658,33.05,63.0,0
14.1,4.249774,33.05,63.182275995725256,0
-19.67,4.252333,33.03,63.182275995725256,0
-13.45,4.248495,33.03,63.53739056650029,0
10.52,4.234424,33.03,63.35613624582863,0
55.78,4.234424,33.03,63.53739056650029,0
7.59,4.239541,33.03,62.26556030423239,0
-30.32,4.253613,33.03,63.182275995725256,0
-12.54,4.24082,33.03,62.625873247404705,0
13.95,4.235703,33.03,62.82515419798029,0
-75.52,4.219072,33.03,62.625873247404705,0
-20.82,4.22291,33.03,62.26556030423239,0
26.87,4.187091,33.03,63.3798075099633,0
16.25,4.194767,33.03,62.120849961989414,0
16.25,4.202442,33.05,63.3798075099633,0
-15.26,4.205001,33.05,63.3798075099633,0
14.83,4.199884,33.05,62.080592780675026,0
-10.65,4.226748,33.05,62.8410693734599,0
10.85,4.231865,33.05,62.8410693734599,0
-48.37,4.235703,33.05,63.182275995725256,0
-16.67,4.231865,33.05,63.53739056650029,0
-68.93,4.239541,33.05,62.625873247404705,0
53.46,4.216514,33.03,63.182275995725256,0
18.07,4.228027,33.03,63.182275995725256,0
19.71,4.234424,33.03,63.3798075099633,0
5.34,4.226748,33.03,63.3798075099633,0
6.76,4.211397,33.05,63.733821476512766,0
-38.89,4.215235,33.05,63.182275995725256,0
15.67,4.221631,33.05,63.592452382338585,0
18.32,4.196046,33.05,63.3798075099633,0
1.55,4.198605,33.05,63.182275995725256,0
-9.32,4.198605,33.05,63.182275995725256,0
5.21,4.176857,33.05,62.68173577685928,0
-12.44,4.162786,33.05,62.465990746965666,0
-19.15,4.174299,33.07,62.68173577685928,0
18.69,4.187091,33.07,63.3798075099633,0
-3.83,4.181974,33.07,63.3798075099633,0
10.88,4.181974,33.07,63.03967004989794,0
22.0,4.203722,33.05,62.465990746965666,0
-6.7,4.211397,33.05,62.68173577685928,0
4.98,4.220352,33.05,63.03967004989794,0
22.82,4.231865,33.05,63.25345840347388,0
-43.33,4.233144,33.05,63.03967004989794,0
-43.67,4.238261,33.05,63.182275995725256,0
0.83,4.236982,33.05,62.44197306299666,0
23.98,4.236982,33.05,62.625873247404705,0
6.86,4.236982,33.05,63.182275995725256,0
26.2,4.238261,33.05,63.182275995725256,0
22.42,4.225469,33.05,63.3798075099633,0
5.04,4.221631,33.05,63.182275995725256,0
-29.71,4.217793,33.05,63.733821476512766,0
-4.84,4.201163,33.05,63.3798075099633,0
-11.35,4.196046,33.05,62.465990746965666,0
-29.51,4.201163,33.05,63.53739056650029,0
-10.08,4.225469,33.05,62.44197306299666,0
29.58,4.24082,33.05,63.3798075099633,0
44.56,4.243378,33.05,62.465990746965666,0
68.95,4.228027,33.05,63.733821476512766,0
24.78,4.215235,33.05,63.3798075099633,0
-51.97,4.217793,33.05,62.465990746965666,0
-70.44,4.233144,33.05,62.625873247404705,0
-37.46,4.230586,33.05,62.465990746965666,0
15.95,4.229307,33.05,62.465990746965666,0
26.63,4.225469,33.05,62.465990746965666,0
73.57,4.22419,33.05,63.182275995725256,0
-52.26,4.226748,33.05,63.3798075099633,0
-53.99,4.234424,33.07,63.182275995725256,0
6.03,4.258729,33.07,63.35613624582863,0
51.4,4.266405,33.07,62.44197306299666,0
23.63,4.263846,33.07,62.625873247404705,0
-42.31,4.254891,33.03,62.625873247404705,0
-12.01,4.261288,33.03,63.53739056650029,0
-10.65,4.254891,33.03,63.182275995725256,0
-21.87,4.256171,33.03,63.182275995725256,0
26.16,4.253613,33.05,63.182275995725256,0
20.61,4.254891,33.05,63.182275995725256,0
-10.91,4.244658,33.05,63.182275995725256,0
9.5,4.248495,33.05,63.182275995725256,0
19.11,4.247216,33.05,63.182275995725256,0
9.71,4.245937,33.05,63.182275995725256,0
-23.93,4.235703,33.05,63.182275995725256,0
5.05,4.226748,33.05,62.465990746965666,0
8.54,4.225469,33.05,63.733821476512766,0
-11.05,4.243378,33.05,63.182275995725256,0
14.5,4.249774,33.05,63.3798075099633,0
12.24,4.260008,33.05,63.3798075099633,0
-11.78,4.244658,33.05,63.3798075099633,0
9.14,4.256171,33.05,63.3798075099633,0
2.75,4.248495,33.05,62.625873247404705,0
-37.3,4.252333,33.05,62.82515419798029,0
-3.94,4.248495,33.03,62.26556030423239,0
55.3,4.25745,33.03,62.625873247404705,0
46.64,4.230586,33.03,63.182275995725256,0
-49.52,4.258729,33.03,63.53739056650029,0
-29.39,4.252333,33.05,62.465990746965666,0
7.71,4.258729,33.05,63.182275995725256,0
-5.1,4.251054,33.05,63.182275995725256,0
5.73,4.251054,33.05,63.182275995725256,0
-0.08,4.231865,33.05,61.91930232165088,0
5.32,4.244658,33.05,61.78996682310163,0
-9.01,4.248495,33.05,63.03967004989794,0
7.87,4.22419,33.05,63.25345840347388,0
-0.2,4.198605,33.07,63.03967004989794,0
-8.64,4.202442,33.07,63.03967004989794,0
-9.06,4.219072,33.07,63.3798075099633,0
8.14,4.215235,33.07,63.3798075099633,0
26.35,4.220352,33.09,63.3798075099633,0
15.79,4.211397,33.09,63.3798075099633,0
-11.16,4.213955,33.09,63.3798075099633,0
-19.5,4.212676,33.09,63.3798075099633,0
-6.59,4.226748,33.07,62.465990746965666,0
3.19,4.230586,33.07,63.3798075099633,0
38.45,4.228027,33.07,62.465990746965666,0
14.09,4.220352,33.07,63.733821476512766,0
-58.58,4.212676,33.07,63.3798075099633,0
-28.58,4.178136,33.07,63.03967004989794,0
6.18,4.147434,33.07,63.26926584053272,0
-15.97,4.180695,33.07,63.41135544995076,0
-15.47,4.20628,33.07,62.68173577685928,0
-15.87,4.233144,33.07,63.733821476512766,0
55.86,4.225469,33.07,63.182275995725256,0
24.96,4.198605,33.07,63.3798075099633,0
-2.49,4.208838,33.09,63.3798075099633,0
13.63,4.245937,33.09,63.03967004989794,0
-9.52,4.238261,33.09,63.182275995725256,0
2.57,4.208838,33.09,63.25345840347388,0
7.17,4.197325,33.09,62.91263784010332,0
-8.11,4.201163,33.09,63.03967004989794,0
-4.45,4.212676,33.09,62.68173577685928,0
35.82,4.219072,33.09,63.03967004989794,0
52.98,4.228027,33.09,63.03967004989794,0
-85.37,4.258729,33.09,62.120849961989414,0
2.83,4.302224,33.09,63.3798075099633,0
-16.43,4.29199,33.09,63.182275995725256,0
-18.32,4.294549,33.09,62.68173577685928,0
-9.39,4.313737,33.09,63.3798075099633,0
20.59,4.321413,33.09,62.465990746965666,0
24.66,4.352115,33.09,63.592452382338585,0
40.96,4.350835,33.07,63.53739056650029,0
-10.84,4.380258,33.07,62.625873247404705,0
-56.65,4.393051,33.07,63.182275995725256,0
-30.15,4.395609,33.07,63.182275995725256,0
0.5,4.386654,33.05,62.625873247404705,0
-22.0,4.385375,33.05,63.182275995725256,0
16.22,4.378979,33.05,63.182275995725256,0
21.73,4.367465,33.05,63.3798075099633,0
12.62,4.346998,33.09,62.465990746965666,0
-7.67,4.300945,33.09,63.592452382338585,0
13.14,4.27536,33.09,62.68173577685928,0
13.43,4.284314,33.09,62.465990746965666,0
7.91,4.27408,33.09,63.3798075099633,0
18.37,4.283035,33.09,62.465990746965666,0
7.5,4.276639,33.09,63.182275995725256,0
3.05,4.277918,33.09,63.25345840347388,0
6.88,4.266405,33.11,62.625873247404705,0
-15.78,4.27408,33.11,62.465990746965666,0
-18.1,4.262567,33.11,63.182275995725256,0
-4.7,4.262567,33.11,63.3798075099633,0
5.01,4.243378,33.09,62.82515419798029,0
-6.15,4.258729,33.09,63.25345840347388,0
5.3,4.247216,33.09,63.3798075099633,0
4.88,4.252333,33.09,63.25345840347388,0
-8.51,4.236982,33.09,63.3798075099633,0
16.48,4.243378,33.09,62.465990746965666,0
1.97,4.24082,33.09,62.120849961989414,0
5.33,4.236982,33.09,63.03967004989794,0
-2.25,4.233144,33.09,63.3798075099633,0
-16.09,4.229307,33.09,62.465990746965666,0
5.26,4.226748,33.09,62.68173577685928,0
11.56,4.22419,33.09,63.592452382338585,0
27.17,4.236982,33.11,62.120849961989414,0
-10.83,4.253613,33.11,62.3377895020348,0
-25.36,4.236982,33.11,62.120849961989414,0
-14.78,4.238261,33.11,63.3798075099633,0
8.68,4.225469,33.11,62.68173577685928,0
-10.27,4.238261,33.11,62.68173577685928,0
28.41,4.253613,33.11,63.25345840347388,0
15.12,4.253613,33.11,63.3798075099633,0
-11.64,4.25745,33.09,63.03967004989794,0
5.48,4.267684,33.09,63.03967004989794,0
-9.93,4.245937,33.09,63.03967004989794,0
29.82,4.247216,33.09,63.182275995725256,0
-18.74,4.244658,33.13,63.03967004989794,0
0.97,4.247216,33.13,63.3798075099633,0
-0.69,4.245937,33.13,63.182275995725256,0
12.43,4.243378,33.13,63.03967004989794,0
-8.15,4.245937,33.13,63.25345840347388,0
-4.92,4.24082,33.13,63.592452382338585,0
6.19,4.236982,33.13,63.3798075099633,0
9.12,4.239541,33.13,63.3798075099633,0
3.02,4.238261,33.11,63.3798075099633,0
-2.25,4.233144,33.11,63.03967004989794,0
-28.8,4.236982,33.11,63.3798075099633,0
15.93,4.231865,33.11,63.03967004989794,0
1.18,4.230586,33.09,63.3798075099633,0
-16.55,4.221631,33.09,63.3798075099633,0
12.28,4.22419,33.09,63.25345840347388,0
3.71,4.219072,33.09,63.03967004989794,0
1.44,4.219072,33.11,63.25345840347388,0
-11.42,4.216514,33.11,63.03967004989794,0
5.96,4.220352,33.11,63.03967004989794,0
8.22,4.215235,33.11,63.3798075099633,0
-4.48,4.212676,33.09,63.03967004989794,0
-9.99,4.219072,33.09,63.03967004989794,0
5.53,4.213955,33.09,63.03967004989794,0
5.55,4.215235,33.09,63.182275995725256,0
6.32,4.25745,33.09,63.182275995725256,0
-5.81,4.247216,33.09,63.92182725798755,0
-13.46,4.234424,33.09,62.51399843235114,0
9.34,4.230586,33.09,63.03967004989794,0
0.6,4.229307,33.11,62.8410693734599,0
11.71,4.213955,33.11,63.3798075099633,0
-15.6,4.216514,33.11,63.03967004989794,0
13.44,4.20628,33.11,63.03967004989794,0
16.44,4.215235,33.11,63.03967004989794,0
-8.6,4.210118,33.11,63.03967004989794,0
-18.53,4.213955,33.11,63.03967004989794,0
3.37,4.210118,33.11,63.03967004989794,0
0.83,4.216514,33.09,63.03967004989794,0
-10.57,4.212676,33.09,63.03967004989794,0
12.62,4.215235,33.09,63.03967004989794,0
16.6,4.216514,33.09,63.03967004989794,0
2.05,4.212676,33.11,63.03967004989794,0
-20.17,4.203722,33.11,63.03967004989794,0
10.6,4.197325,33.11,63.03967004989794,0
7.88,4.197325,33.11,63.03967004989794,0
-1.9,4.203722,33.11,63.03967004989794,0
-25.6,4.207559,33.11,63.03967004989794,0
7.25,4.22291,33.11,63.03967004989794,0
4.64,4.230586,33.11,63.03967004989794,0
14.89,4.254891,33.11,62.71363488110062,0
-12.84,4.277918,33.11,62.8410693734599,0
-9.64,4.307341,33.11,62.080592780675026,0
5.62,4.316296,33.11,70.11419257183242,0
11.98,4.336764,33.11,60.81940479813988,0
0.43,4.35979,33.11,75.1398695766768,0
-10.88,4.367465,33.11,63.06346010171025,0
39.78,4.371304,33.11,62.10475022089695,0
-10.78,4.380258,33.13,62.93647591023825,0
-27.7,4.390492,33.13,62.94441992742486,0
20.65,4.395609,33.13,63.2771680782255,0
-15.09,4.402006,33.13,62.96824596572466,0
-19.6,4.41096,33.11,62.01612693485461,0
6.87,4.408401,33.11,62.94441992742486,0
5.91,4.407123,33.11,62.64982043070834,0
6.49,4.403285,33.11,62.10475022089695,0
7.65,4.396888,33.11,63.071388124885914,0
2.79,4.391771,33.11,63.13477647065839,0
5.81,4.403285,33.11,62.8887907341205,0
8.21,4.403285,33.11,63.190189111918315,0
-6.7,4.404564,33.11,63.0158710167526,0
4.18,4.404564,33.11,62.8887907341205,0
-3.68,4.380258,33.11,62.8887907341205,0
-0.11,4.39433,33.11,63.788713735268246,0
-22.56,4.399447,33.11,62.369864518050704,0
-15.37,4.395609,33.11,63.06346010171025,0
29.3,4.393051,33.11,63.06346010171025,0
-10.19,4.381537,33.11,63.06346010171025,0
4.45,4.380258,33.15,63.06346010171025,0
10.36,4.380258,33.15,63.245553203367585,0
-9.67,4.341881,33.15,59.983331017875294,0
-6.42,4.399447,33.15,62.112800613078136,0
16.69,4.380258,33.13,62.489999199871974,0
25.88,4.378979,33.13,62.8410693734599,0
-63.93,4.367465,33.13,62.8410693734599,0
24.94,4.367465,33.13,62.489999199871974,0
13.88,4.35979,33.15,62.56196927846821,0
-39.53,4.361069,33.15,62.56196927846821,0
-32.51,4.352115,33.15,70.68238818828917,0
36.27,4.371304,33.15,59.76621118993574,0
13.04,4.385375,33.13,63.608175575157006,0
8.46,4.442942,33.13,61.22907805936653,0
-15.55,4.457013,33.13,63.30876716537765,0
-30.32,4.472364,33.13,60.61352984276695,0
43.17,4.467247,33.13,63.13477647065839,0
-5.4,4.469806,33.13,63.14269553954757,0
-39.09,4.465968,33.13,64.7533782902483,0
15.89,4.481319,33.13,56.65686189686118,0
46.05,4.504345,33.15,52.191953402799555,0
-17.46,4.570867,33.15,67.23838189605696,0
-28.81,4.586218,33.15,62.177166226839255,0
-48.53,4.590055,33.15,62.112800613078136,0
83.06,4.590055,33.13,64.64518543557594,0
65.18,4.604127,33.13,64.09368143584827,0
-42.01,4.601569,33.13,61.56297588648554,0
-48.54,4.590055,33.13,63.41135544995076,0
-15.13,4.572146,33.16,63.58458932791813,0
-9.43,4.577263,33.16,64.20280367709809,0
-24.93,4.569587,33.16,73.10950690573696,0
-1.13,4.568308,33.16,57.77542730261716,0
-2.74,4.53121,33.15,57.91372894228103,0
-21.7,4.490274,33.15,63.41135544995076,0
9.67,4.492832,33.15,63.229739838148944,0
2.01,4.538886,33.15,59.665735560705194,0
-48.82,4.541444,33.13,63.28506932918696,0
134.56,4.538886,33.13,64.15605972938177,0
231.43,4.53121,33.13,64.53681120105021,0
-102.38,4.540164,33.13,43.60045871318328,0
-183.47,4.569587,33.13,75.33259586659682,0
-96.79,4.605406,33.13,58.497863208838666,0
-44.1,4.602848,33.13,62.353829072479584,0
-25.4,4.65146,33.13,67.12674578735364,0
-93.47,4.826717,33.15,65.03076195155643,0
132.72,4.65146,33.15,61.48983655857283,0
95.56,4.643784,33.15,63.75735251718032,0
129.08,4.654018,33.15,67.09694478886502,0
-284.92,4.655297,33.15,62.73754856543249,0
-53.98,4.645063,33.15,63.071388124885914,0
105.02,4.645063,33.15,64.01562309311689,0
52.73,4.648901,33.15,64.03905058634146,0
93.39,4.65018,33.16,63.48228099241551,0
44.67,4.641225,33.16,62.8410693734599,0
-0.92,4.624595,33.16,63.48228099241551,0
-1.87,4.623316,33.16,62.8410693734599,0
32.1,4.613082,33.13,63.48228099241551,0
-34.29,4.606686,33.13,62.77738446287803,0
-16.79,4.600289,33.13,62.77738446287803,0
-4.57,4.592614,33.13,62.77738446287803,0
-8.89,4.584939,33.13,63.72597586541927,0
-11.0,4.573425,33.13,63.72597586541927,0
0.52,4.570867,33.13,63.071388124885914,0
-1.05,4.563191,33.13,63.071388124885914,0
-5.95,4.561912,33.13,63.071388124885914,0
1.76,4.546561,33.13,63.03967004989794,0
2.43,4.552957,33.13,63.071388124885914,0
-3.24,4.544003,33.13,63.72597586541927,0
-7.39,4.546561,33.13,63.72597586541927,0
-8.71,4.537606,33.13,63.72597586541927,0
1.65,4.537606,33.13,63.43500610861482,0
-0.01,4.528651,33.13,63.43500610861482,0
-11.66,4.529931,33.13,63.43500610861482,0
2.52,4.528651,33.13,62.77738446287803,0
-5.36,4.501787,33.13,63.72597586541927,0
2.55,4.517138,33.13,63.72597586541927,0
-3.62,4.5133,33.13,63.43500610861482,0
-14.58,4.523534,33.13,63.071388124885914,0
8.85,4.523534,33.13,63.071388124885914,0
12.48,4.526093,33.13,63.071388124885914,0
8.1,4.527372,33.13,63.071388124885914,0
3.93,4.524814,33.13,62.77738446287803,0
1.67,4.522255,33.13,62.77738446287803,0
0.69,4.520976,33.13,63.48228099241551,0
-5.27,4.518417,33.13,62.77738446287803,0
2.56,4.512021,33.13,62.77738446287803,0
-3.07,4.5133,33.13,62.8410693734599,0
-18.68,4.508183,33.13,62.93647591023825,0
12.51,4.51458,33.11,63.773035054010094,0
15.04,4.518417,33.11,63.229739838148944,0
10.87,4.515859,33.11,62.20128616033595,0
-7.65,4.522255,33.11,63.229739838148944,0
16.53,4.522255,33.09,63.4428877022476,0
1.68,4.535048,33.09,63.53739056650029,0
-9.42,4.527372,33.09,64.1404708432983,0
13.58,4.527372,33.09,56.32938842203065,0
-27.4,4.53121,33.11,64.26507605223851,0
-11.79,4.546561,33.11,63.4428877022476,0
5.85,4.528651,33.11,63.13477647065839,0
-0.48,4.532489,33.11,63.13477647065839,0
-22.78,4.524814,33.11,63.071388124885914,0
-8.1,4.532489,33.11,63.071388124885914,0
13.59,4.522255,33.11,63.071388124885914,0
21.12,4.524814,33.11,63.071388124885914,0
9.86,4.527372,33.09,63.071388124885914,0
-7.56,4.524814,33.09,63.071388124885914,0
-5.44,4.522255,33.09,63.071388124885914,0
8.6,4.518417,33.09,63.071388124885914,0
6.13,4.517138,33.09,63.72597586541927,0
-9.43,4.509462,33.09,63.13477647065839,0
6.24,4.515859,33.09,63.13477647065839,0
14.31,4.510742,33.09,62.505999712027645,0
1.35,4.509462,33.07,63.229739838148944,0
-8.33,4.508183,33.07,63.229739838148944,0
-0.26,4.506904,33.07,63.229739838148944,0
6.07,4.506904,33.07,63.13477647065839,0
-2.0,4.504345,33.09,62.505999712027645,0
1.6,4.519697,33.09,62.42595614005443,0
2.52,4.512021,33.09,63.229739838148944,0
-2.87,4.51458,33.09,63.13477647065839,0
-13.89,4.501787,33.09,63.229739838148944,0
-16.36,4.506904,33.09,63.56099432828282,0
9.87,4.497949,33.09,62.93647591023825,0
8.28,4.501787,33.09,63.56099432828282,0
6.33,4.49667,33.09,62.8410693734599,0
-4.42,4.503067,33.09,63.56099432828282,0
0.55,4.497949,33.09,63.20601237224193,0
1.13,4.503067,33.09,63.56099432828282,0
2.87,4.508183,33.09,62.8410693734599,0
-25.52,4.509462,33.09,63.56099432828282,0
-3.23,4.508183,33.09,63.56099432828282,0
-3.46,4.505625,33.09,62.8410693734599,0
-6.08,4.510742,33.09,62.8410693734599,0
19.81,4.519697,33.09,63.13477647065839,0
21.57,4.509462,33.09,63.13477647065839,0
3.03,4.51458,33.09,63.13477647065839,0
-13.89,4.510742,33.09,63.773035054010094,0
23.19,4.522255,33.09,63.13477647065839,0
10.43,4.517138,33.09,63.13477647065839,0
-7.66,4.526093,33.09,63.773035054010094,0
-14.58,4.523534,33.07,63.071388124885914,0
3.07,4.526093,33.07,63.071388124885914,0
-8.32,4.519697,33.07,63.773035054010094,0
-2.82,4.524814,33.07,63.773035054010094,0
-1.02,4.519697,33.09,63.13477647065839,0
-0.3,4.519697,33.09,63.13477647065839,0
4.49,4.517138,33.09,63.13477647065839,0
0.98,4.517138,33.09,63.13477647065839,0
-11.89,4.517138,33.05,63.773035054010094,0
-4.83,4.518417,33.05,63.071388124885914,0
9.09,4.518417,33.05,63.071388124885914,0
-3.44,4.518417,33.05,63.071388124885914,0
-4.93,4.519697,33.07,63.071388124885914,0
-2.13,4.510742,33.07,63.071388124885914,0
1.28,4.494112,33.07,63.071388124885914,0
6.94,4.508183,33.07,63.72597586541927,0
-4.36,4.506904,33.07,63.071388124885914,0
-11.91,4.512021,33.07,63.419239982831705,0
5.51,4.517138,33.07,64.39720490828775,0
1.69,4.5133,33.07,63.72597586541927,0
-21.22,4.505625,33.11,63.72597586541927,0
-8.94,4.509462,33.11,63.72597586541927,0
29.09,4.503067,33.11,63.72597586541927,0
5.47,4.505625,33.11,63.03967004989794,0
-19.9,4.504345,33.07,63.071388124885914,0
23.88,4.518417,33.07,63.03967004989794,0
18.15,4.520976,33.07,63.03967004989794,0
0.33,4.528651,33.07,63.72597586541927,0
-21.91,4.538886,33.07,63.071388124885914,0
8.95,4.542723,33.07,63.071388124885914,0
18.4,4.54784,33.07,63.071388124885914,0
6.45,4.546561,33.07,63.72597586541927,0
-6.56,4.549119,33.07,63.071388124885914,0
-4.56,4.550399,33.07,62.77738446287803,0
4.18,4.545281,33.07,63.13477647065839,0
-1.8,4.537606,33.07,63.13477647065839,0
-14.3,4.546561,33.05,63.13477647065839,0
-25.4,4.544003,33.05,63.13477647065839,0
17.67,4.542723,33.05,62.56196927846821,0
12.65,4.542723,33.05,62.8410693734599,0
2.26,4.545281,33.05,63.48228099241551,0
4.17,4.53121,33.05,63.48228099241551,0
3.24,4.541444,33.05,63.56099432828282,0
-0.79,4.542723,33.05,62.93647591023825,0
-9.31,4.544003,33.09,63.06346010171025,0
-21.36,4.524814,33.09,63.06346010171025,0
6.77,4.524814,33.09,62.93647591023825,0
3.45,4.515859,33.09,62.93647591023825,0
-8.31,4.522255,33.07,63.229739838148944,0
9.23,4.510742,33.07,63.229739838148944,0
14.91,4.515859,33.07,62.65780079128216,0
-1.14,4.505625,33.07,62.8410693734599,0
2.05,4.5133,33.05,62.8410693734599,0
-7.65,4.510742,33.05,63.48228099241551,0
-3.67,4.509462,33.05,62.93647591023825,0
-1.58,4.508183,33.05,63.85138996137829,0
-0.51,4.505625,33.09,63.56099432828282,0
-0.77,4.500508,33.09,62.93647591023825,0
-9.15,4.503067,33.09,63.85138996137829,0
-0.32,4.499228,33.09,62.93647591023825,0
2.59,4.499228,33.09,62.65780079128216,0
-1.69,4.500508,33.09,62.93647591023825,0
-2.51,4.49667,33.09,62.93647591023825,0
-6.34,4.495391,33.09,63.56099432828282,0
5.75,4.495391,33.07,62.93647591023825,0
6.42,4.492832,33.07,62.93647591023825,0
-6.12,4.495391,33.07,62.93647591023825,0
-3.41,4.494112,33.07,62.93647591023825,0
2.56,4.490274,33.05,62.93647591023825,0
2.42,4.500508,33.05,62.93647591023825,0
-9.66,4.497949,33.05,62.93647591023825,0
-1.16,4.497949,33.05,63.671029518926424,0
5.53,4.503067,33.05,63.06346010171025,0
-2.97,4.499228,33.05,63.85138996137829,0
0.72,4.495391,33.05,63.85138996137829,0
7.01,4.481319,33.05,63.13477647065839,0
-8.73,4.495391,33.07,63.13477647065839,0
10.93,4.485157,33.07,62.505999712027645,0
-4.43,4.495391,33.07,62.8410693734599,0
-1.73,4.483878,33.07,62.8410693734599,0
-2.99,4.494112,33.07,63.13477647065839,0
2.75,4.488995,33.07,63.48228099241551,0
-6.15,4.488995,33.07,62.93647591023825,0
-14.13,4.486436,33.07,62.93647591023825,0
0.98,4.491553,33.05,63.56099432828282,0
11.36,4.497949,33.05,63.229739838148944,0
1.9,4.49667,33.05,63.85138996137829,0
3.62,4.501787,33.05,60.860496218811754,0
0.92,4.492832,33.05,63.071388124885914,0
-3.94,4.49667,33.05,62.8410693734599,0
-3.72,4.487715,33.05,63.773035054010094,0
-4.11,4.495391,33.05,63.48228099241551,0
-6.91,4.492832,33.05,64.19501538281614,0
-1.26,4.492832,33.05,63.56099432828282,0
-23.28,4.465968,33.05,62.93647591023825,0
-27.54,4.48004,33.05,63.56099432828282,0
18.88,4.473644,33.05,62.93647591023825,0
14.12,4.48004,33.05,63.39558344238185,0
10.14,4.481319,33.05,63.671029518926424,0
-5.28,4.481319,33.05,62.93647591023825,0
4.74,4.473644,33.03,63.56099432828282,0
7.32,4.476202,33.03,62.93647591023825,0
-3.21,4.476202,33.03,63.56099432828282,0
2.9,4.481319,33.03,63.229739838148944,0
-11.88,4.469806,33.05,62.93647591023825,0
10.83,4.48004,33.05,62.93647591023825,0
12.86,4.474923,33.05,62.93647591023825,0
-3.35,4.477481,33.05,63.229739838148944,0
-19.72,4.474923,33.05,63.229739838148944,0
7.31,4.486436,33.05,62.93647591023825,0
14.98,4.481319,33.05,62.93647591023825,0
7.27,4.485157,33.05,63.671029518926424,0
1.06,4.467247,33.05,62.65780079128216,0
0.78,4.485157,33.05,62.93647591023825,0
-14.09,4.483878,33.05,62.93647591023825,0
3.1,4.483878,33.05,63.06346010171025,0
-7.28,4.483878,33.07,62.93647591023825,0
-22.3,4.477481,33.07,62.93647591023825,0
4.24,4.478761,33.07,62.93647591023825,0
-9.49,4.478761,33.07,62.93647591023825,0
25.58,4.477481,33.05,62.93647591023825,0
-15.85,4.477481,33.05,62.93647591023825,0
12.2,4.476202,33.05,63.671029518926424,0
16.1,4.469806,33.05,62.93647591023825,0
-9.53,4.476202,33.05,62.93647591023825,0
-28.51,4.476202,33.05,62.93647591023825,0
13.93,4.477481,33.05,62.93647591023825,0
19.71,4.472364,33.05,62.93647591023825,0
-7.44,4.476202,33.03,62.93647591023825,0
-16.59,4.471085,33.03,63.229739838148944,0
11.3,4.472364,33.03,62.93647591023825,0
4.3,4.467247,33.03,62.93647591023825,0
-27.49,4.469806,33.03,62.93647591023825,0
-49.03,4.472364,33.03,63.56099432828282,0
12.11,4.465968,33.03,62.93647591023825,0
36.25,4.464689,33.03,62.8410693734599,0
17.55,4.463409,33.05,62.37788069500277,0
1.31,4.414798,33.05,65.68865959965997,0
5.28,4.385375,33.05,63.8200595424354,0
1.59,4.398168,33.05,62.20128616033595,0
-23.65,4.446779,33.05,62.161081071680215,0
-75.21,4.505625,33.05,61.587336360651285,0
138.79,4.504345,33.05,61.538605769061746,0
-135.11,4.478761,33.05,63.071388124885914,0
-89.35,4.440383,33.0,63.39558344238185,0
-8.92,4.426311,33.0,62.928530890209096,0
-80.51,4.455734,33.0,62.81719509815764,0
20.26,4.467247,33.0,62.20128616033595,0
56.85,4.471085,33.05,63.85922016435841,0
10.82,4.442942,33.05,64.5832795698701,0
-34.08,4.450617,33.05,62.81719509815764,0
58.42,4.468526,33.05,62.617888817813075,0
22.49,4.468526,33.03,63.66317616958802,0
-31.67,4.469806,33.03,62.928530890209096,0
-32.24,4.48004,33.03,63.35613624582863,0
28.63,4.485157,33.03,63.66317616958802,0
3.67,4.482598,33.03,63.66317616958802,0
-37.86,4.483878,33.03,62.617888817813075,0
52.35,4.476202,33.03,62.76145313805282,0
27.44,4.467247,33.03,63.35613624582863,0
-15.5,4.467247,33.03,62.76145313805282,0
-66.33,4.453176,33.03,63.96092557178953,0
24.3,4.450617,33.03,63.35613624582863,0
55.88,4.444221,33.03,61.75759062657804,0
22.69,4.437825,33.05,62.5939294181153,0
-25.3,4.436545,33.05,63.92182725798755,0
-27.26,4.432707,33.05,63.3798075099633,0
17.63,4.42887,33.05,63.14269553954757,0
12.04,4.435266,33.05,64.00781202322104,0
-51.6,4.436545,33.05,63.14269553954757,0
-10.89,4.444221,33.05,63.45076831686122,0
20.66,4.454455,33.05,63.14269553954757,0
27.65,4.455734,33.07,62.5939294181153,0
-30.69,4.453176,33.07,63.14269553954757,0
1.17,4.426311,33.07,63.14269553954757,0
16.04,4.440383,33.07,63.14269553954757,0
7.09,4.436545,33.05,63.14269553954757,0
-22.0,4.439104,33.05,62.5939294181153,0
-60.19,4.422473,33.05,63.14269553954757,0
33.43,4.431428,33.05,64.96922348312314,0
23.66,4.421194,33.05,58.38664230798,0
-16.63,4.556795,33.05,62.56996084384263,0
-57.57,4.436545,33.05,61.91930232165088,0
40.54,4.249774,33.05,59.43904440685432,0
58.08,4.217793,33.05,62.75348595894893,0
65.89,4.207559,33.05,61.85466837676846,0
-218.06,4.446779,33.05,58.19793810780585,0
127.43,4.458292,33.05,62.49799996799898,0
-157.57,4.441662,33.05,63.14269553954757,0
203.71,4.437825,33.05,63.72597586541927,0
6.25,4.431428,33.05,66.65583245298194,0
99.52,4.426311,33.05,62.8410693734599,0
123.99,4.421194,33.03,63.56099432828282,0
-54.05,4.430149,33.03,63.72597586541927,0
-95.98,4.444221,33.03,65.00769185258002,0
13.45,4.440383,33.03,58.40376700179535,0
41.28,4.441662,33.05,64.03905058634146,0
28.19,4.487715,33.05,62.67375846396959,0
-32.94,4.488995,33.05,63.34824385884742,0
12.74,4.49667,33.05,62.00806399170998,0
37.98,4.486436,33.05,62.00806399170998,0
-4.08,4.458292,33.05,65.52098900352466,0
-31.32,4.464689,33.05,63.03967004989794,0
36.91,4.486436,33.05,62.74551776820397,0
15.56,4.486436,33.05,63.071388124885914,0
-15.64,4.501787,33.05,63.13477647065839,0
-61.75,4.494112,33.05,62.42595614005443,0
44.0,4.500508,33.05,63.3798075099633,0
53.17,4.501787,33.05,63.3798075099633,0
-24.21,4.506904,33.05,62.68971207462992,0
24.21,4.486436,33.05,63.3798075099633,0
-4.5,4.483878,33.05,63.34824385884742,0
-37.62,4.481319,33.05,63.34824385884742,0
-56.98,4.478761,33.05,63.03967004989794,0
9.17,4.468526,33.05,63.03967004989794,0
3.11,4.455734,33.05,63.03967004989794,0
-23.18,4.454455,33.05,63.03967004989794,0
-41.61,4.451896,33.05,63.7102817447859,0
17.37,4.4455,33.05,63.03967004989794,0
12.09,4.442942,33.05,63.03967004989794,0
-12.56,4.437825,33.07,63.03967004989794,0
-42.78,4.435266,33.07,63.03967004989794,0
27.52,4.425032,33.07,63.03967004989794,0
25.2,4.430149,33.07,63.03967004989794,0
-9.7,4.42759,33.07,63.03967004989794,0
-52.81,4.421194,33.07,63.7102817447859,0
37.44,4.419915,33.07,63.34824385884742,0
36.74,4.413519,33.07,63.03967004989794,0
-2.88,4.416077,33.05,63.34824385884742,0
-47.49,4.409681,33.05,63.03967004989794,0
34.69,4.41224,33.05,63.03967004989794,0
26.94,4.407123,33.05,63.03967004989794,0
-2.08,4.408401,33.07,63.03967004989794,0
-42.07,4.396888,33.07,63.03967004989794,0
36.01,4.404564,33.07,63.72597586541927,0
29.23,4.398168,33.07,63.72597586541927,0
7.17,4.404564,33.05,63.071388124885914,0
-34.07,4.418636,33.05,63.071388124885914,0
40.82,4.418636,33.05,63.071388124885914,0
37.48,4.41096,33.05,63.071388124885914,0
6.8,4.416077,33.05,64.03124237432849,0
-63.03,4.413519,33.05,63.071388124885914,0
22.65,4.414798,33.05,63.071388124885914,0
7.96,4.408401,33.05,63.071388124885914,0
-27.26,4.400726,33.05,63.071388124885914,0
-56.81,4.398168,33.05,63.071388124885914,0
31.05,4.400726,33.05,63.071388124885914,0
18.82,4.391771,33.05,63.071388124885914,0
-24.91,4.391771,33.03,63.071388124885914,0
-74.2,4.387934,33.03,63.071388124885914,0
39.6,4.387934,33.03,63.72597586541927,0
32.99,4.384096,33.03,63.419239982831705,0
-10.48,4.385375,33.05,63.43500610861482,0
-67.09,4.375141,33.05,63.43500610861482,0
33.68,4.350835,33.05,62.77738446287803,0
37.71,4.352115,33.05,62.77738446287803,0
-14.35,4.362349,33.05,63.43500610861482,0
-77.63,4.357232,33.05,63.43500610861482,0
43.45,4.361069,33.05,63.43500610861482,0
36.21,4.357232,33.05,63.43500610861482,0
-10.59,4.35979,33.05,63.43500610861482,0
-53.16,4.361069,33.05,63.43500610861482,0
43.65,4.364907,33.05,62.74551776820397,0
47.1,4.363628,33.05,62.74551776820397,0
18.44,4.362349,33.03,62.465990746965666,0
-34.02,4.361069,33.03,62.74551776820397,0
21.83,4.353394,33.03,62.74551776820397,0
25.11,4.354673,33.03,62.74551776820397,0
8.92,4.355952,33.05,63.43500610861482,0
-43.03,4.353394,33.05,62.74551776820397,0
35.33,4.352115,33.05,62.74551776820397,0
36.21,4.346998,33.05,63.43500610861482,0
13.45,4.348277,33.03,63.43500610861482,0
-29.56,4.346998,33.03,63.43500610861482,0
-53.09,4.345718,33.03,62.465990746965666,0
32.05,4.339322,33.03,63.43500610861482,0
23.87,4.341881,33.03,63.43500610861482,0
-14.22,4.332926,33.03,62.74551776820397,0
-55.02,4.344439,33.03,62.74551776820397,0
39.86,4.340601,33.03,62.74551776820397,0
28.74,4.345718,33.05,62.74551776820397,0
-4.48,4.339322,33.05,63.43500610861482,0
-40.2,4.34316,33.05,63.43500610861482,0
37.39,4.338043,33.05,62.74551776820397,0
25.08,4.341881,33.03,62.74551776820397,0
1.69,4.341881,33.03,62.74551776820397,0
-39.08,4.339322,33.03,63.43500610861482,0
13.45,4.340601,33.03,62.74551776820397,0
25.1,4.332926,33.05,63.43500610861482,0
14.61,4.338043,33.05,63.43500610861482,0
-21.33,4.335485,33.05,62.74551776820397,0
-74.47,4.336764,33.05,63.43500610861482,0
35.67,4.335485,33.05,62.74551776820397,0
33.09,4.334205,33.05,63.43500610861482,0
-10.38,4.334205,33.05,63.43500610861482,0
-48.97,4.330368,33.05,62.74551776820397,0
40.54,4.338043,33.05,62.74551776820397,0
34.4,4.335485,33.05,62.74551776820397,0
-3.42,4.334205,33.05,62.74551776820397,0
-47.86,4.330368,33.05,63.15853069855251,0
43.84,4.336764,33.05,63.43500610861482,0
33.3,4.344439,33.05,63.43500610861482,0
-10.57,4.339322,33.05,62.74551776820397,0
-56.26,4.341881,33.05,63.43500610861482,0
47.22,4.339322,33.03,63.43500610861482,0
44.51,4.338043,33.03,63.7102817447859,0
3.36,4.335485,33.03,63.43500610861482,0
-46.24,4.335485,33.03,62.74551776820397,0
39.83,4.332926,33.03,63.43500610861482,0
24.29,4.331646,33.03,63.43500610861482,0
-13.57,4.312458,33.03,63.43500610861482,0
-55.11,4.327809,33.03,63.03967004989794,0
41.67,4.317575,33.0,63.43500610861482,0
30.36,4.32653,33.0,62.74551776820397,0
-13.0,4.325251,33.0,63.43500610861482,0
-67.34,4.331646,33.0,63.72597586541927,0
41.66,4.331646,33.05,63.72597586541927,0
34.7,4.336764,33.05,63.72597586541927,0
-14.21,4.341881,33.05,63.72597586541927,0
-73.99,4.341881,33.05,63.72597586541927,0
36.21,4.338043,33.05,63.43500610861482,0
28.62,4.332926,33.05,63.43500610861482,0
-23.44,4.338043,33.05,63.72597586541927,0
-77.18,4.335485,33.05,64.389440128021,0
37.5,4.327809,33.05,80.90117428072351,0
33.94,4.348277,33.05,66.55073252789934,0
-11.31,4.367465,33.05,64.29618962271404,0
-78.03,4.407123,33.05,57.0087712549569,0
94.21,4.395609,33.03,56.542019772908716,0
37.39,4.399447,33.03,64.52906321960671,0
-44.73,4.363628,33.03,60.18305409332431,0
-72.03,4.345718,33.03,61.806148561449774,0
0.45,4.357232,33.05,64.96922348312314,0
265.14,4.389213,33.05,64.10148204214939,0
-53.56,4.366187,33.05,63.694583757176716,0
-420.63,4.39433,33.05,62.40192304729078,0
255.08,4.437825,33.05,63.54525946126902,0
85.21,4.459572,33.05,63.03967004989794,0
-114.24,4.459572,33.05,63.41135544995076,0
21.87,4.463409,33.05,63.41135544995076,0
28.9,4.457013,33.05,63.41135544995076,0
-100.04,4.457013,33.05,63.41135544995076,0
55.7,4.442942,33.05,63.4428877022476,0
61.93,4.433987,33.05,63.41135544995076,0
-44.01,4.430149,33.03,63.41135544995076,0
42.0,4.435266,33.03,63.4428877022476,0
33.92,4.42759,33.03,63.4428877022476,0
-36.37,4.423753,33.03,63.4428877022476,0
-129.18,4.414798,33.0,63.4428877022476,0
-5.27,4.418636,33.0,63.4428877022476,0
-27.69,4.408401,33.0,63.071388124885914,0
57.95,4.414798,33.0,63.071388124885914,0
-7.44,4.407123,33.03,63.4428877022476,0
79.7,4.413519,33.03,63.4428877022476,0
101.98,4.395609,33.03,62.81719509815764,0
11.8,4.405843,33.03,62.44197306299666,0
-87.13,4.393051,33.03,63.50590523722971,0
-46.92,4.400726,33.03,63.50590523722971,0
-35.68,4.390492,33.03,63.50590523722971,0
-46.92,4.39433,33.03,62.13694553162394,0
-67.81,4.390492,33.05,64.79197481170026,0
23.72,4.393051,33.05,62.80127387243033,0
24.4,4.390492,33.05,63.94528911499267,0
-20.07,4.395609,33.05,62.120849961989414,0
-29.81,4.393051,33.03,61.74949392505172,0
75.44,4.396888,33.03,64.27285585688566,0
77.8,4.391771,33.03,67.91906948714772,0
-26.06,4.396888,33.03,59.67411499134277,0
-0.57,4.393051,33.0,62.16912416947821,0
-37.06,4.398168,33.0,65.58200972827838,0
-80.42,4.403285,33.0,58.83026432033091,0
-93.02,4.405843,33.0,58.12056434688156,0
-53.06,4.364907,33.03,64.96922348312314,0
-65.16,4.381537,33.03,62.369864518050704,0
114.2,4.373862,33.03,62.76145313805282,0
309.7,4.3777,33.03,62.64982043070834,0
-57.43,4.370024,33.0,63.03967004989794,0
-221.42,4.382817,33.0,71.596089278675,0
-46.72,4.402006,33.0,54.662601474865795,0
17.85,4.441662,33.0,79.52986860293433,0
8.11,4.435266,33.05,61.1310068623117,0
13.58,4.407123,33.05,68.97825744392213,0
177.55,4.37642,33.05,64.07807737440318,0
-169.0,4.387934,33.05,62.177166226839255,0
-87.61,4.389213,33.0,62.44197306299666,0
102.71,4.386654,33.0,63.419239982831705,0
9.92,4.37642,33.0,62.44197306299666,0
-51.97,4.362349,33.0,62.976185975335156,0
5.95,4.37642,33.03,63.85138996137829,0
49.33,4.387934,33.03,61.78996682310163,0
-1.9,4.381537,33.03,62.81719509815764,0
-22.49,4.382817,33.03,62.81719509815764,0
17.25,4.3777,33.05,62.96824596572466,0
20.61,4.387934,33.05,62.369864518050704,0
-2.6,4.384096,33.05,63.13477647065839,0
-20.59,4.391771,33.05,63.33245613427605,0
-33.64,4.390492,33.03,63.13477647065839,0
11.41,4.407123,33.03,63.13477647065839,0
9.03,4.398168,33.03,63.13477647065839,0
-13.99,4.413519,33.03,62.16912416947821,0
-0.78,4.409681,33.0,63.31666447310692,0
12.04,4.419915,33.0,62.353829072479584,0
0.9,4.41096,33.0,63.31666447310692,0
-16.5,4.41224,33.0,63.31666447310692,0
-1.06,4.403285,33.03,62.353829072479584,0
14.2,4.409681,33.03,62.353829072479584,0
5.91,4.400726,33.03,62.16912416947821,0
-11.37,4.396888,33.03,63.51377803280167,0
-19.84,4.390492,33.03,62.55397669213365,0
12.73,4.389213,33.03,63.33245613427605,0
6.2,4.385375,33.03,63.51377803280167,0
-7.83,4.386654,33.03,62.353829072479584,0
-27.31,4.382817,33.0,63.31666447310692,0
16.82,4.387934,33.0,62.55397669213365,0
10.69,4.35979,33.0,62.369864518050704,0
-13.7,4.3777,33.0,63.31666447310692,0
-6.59,4.373862,33.03,62.353829072479584,0
9.05,4.385375,33.03,62.55397669213365,0
1.51,4.373862,33.03,63.31666447310692,0
-19.0,4.378979,33.03,62.55397669213365,0
20.27,4.368745,33.03,62.55397669213365,0
8.62,4.385375,33.03,62.55397669213365,0
-4.46,4.372583,33.03,62.369864518050704,0
-23.43,4.42759,33.03,62.96824596572466,0
19.47,4.436545,33.03,61.40846847137616,0
14.79,4.448059,33.03,59.531504264548865,0
-10.84,4.455734,33.03,59.89156868875618,0
-19.34,4.455734,33.03,65.06919393998976,0
-7.32,4.455734,33.0,62.048368229954285,0
11.3,4.458292,33.0,61.7980582219215,0
-7.83,4.457013,33.0,64.5832795698701,0
-14.29,4.431428,33.0,65.30696746902278,0
25.5,4.430149,33.05,62.55397669213365,0
-55.73,4.398168,33.05,62.55397669213365,0
-19.12,4.414798,33.05,62.55397669213365,0
-5.15,4.430149,33.05,62.55397669213365,0
55.04,4.433987,33.0,62.75348595894893,0
30.86,4.442942,33.0,62.75348595894893,0
-14.33,4.431428,33.0,62.75348595894893,0
4.85,4.441662,33.0,62.75348595894893,0
-4.73,4.439104,33.05,63.51377803280167,0
-16.99,4.444221,33.05,62.55397669213365,0
3.39,4.430149,33.05,62.75348595894893,0
12.02,4.432707,33.05,62.55397669213365,0
-1.95,4.423753,33.0,62.55397669213365,0
-20.68,4.431428,33.0,62.55397669213365,0
31.0,4.419915,33.0,62.55397669213365,0
17.95,4.423753,33.0,62.55397669213365,0
-4.75,4.414798,33.05,62.76941930590086,0
-27.52,4.421194,33.05,62.55397669213365,0
19.25,4.417356,33.05,62.55397669213365,0
11.84,4.41096,33.05,62.55397669213365,0
-6.71,4.403285,33.0,63.51377803280167,0
-22.94,4.403285,33.0,62.55397669213365,0
19.64,4.403285,33.0,63.51377803280167,0
12.79,4.404564,33.0,62.55397669213365,0
-0.64,4.402006,33.0,62.55397669213365,0
-19.12,4.41096,33.0,63.51377803280167,0
-10.53,4.400726,33.0,62.55397669213365,0
7.71,4.404564,33.0,62.55397669213365,0
5.63,4.399447,33.0,62.55397669213365,0
-5.95,4.409681,33.0,62.55397669213365,0
-22.67,4.396888,33.0,62.55397669213365,0
14.47,4.402006,33.0,62.55397669213365,0
13.7,4.391771,33.0,62.55397669213365,0
-4.66,4.405843,33.0,62.55397669213365,0
-22.24,4.395609,33.0,63.51377803280167,0
20.56,4.403285,33.0,62.55397669213365,0
12.66,4.399447,33.0,62.55397669213365,0
-3.32,4.408401,33.0,62.55397669213365,0
-18.26,4.398168,33.0,62.55397669213365,0
19.23,4.402006,33.0,62.55397669213365,0
10.31,4.400726,33.0,62.55397669213365,0
-1.46,4.399447,33.0,62.55397669213365,0
-16.2,4.393051,33.0,62.55397669213365,0
4.77,4.389213,33.0,62.55397669213365,0
11.83,4.390492,33.0,62.55397669213365,0
2.8,4.39433,33.0,62.55397669213365,0
-9.15,4.387934,33.0,62.55397669213365,0
-4.01,4.390492,33.0,62.55397669213365,0
11.15,4.386654,33.0,62.55397669213365,0
2.99,4.390492,33.0,62.55397669213365,0
-10.03,4.386654,33.0,62.55397669213365,0
-20.11,4.390492,33.0,62.55397669213365,0
13.6,4.384096,33.0,62.55397669213365,0
9.19,4.386654,33.0,62.55397669213365,0
-6.18,4.373862,33.0,62.55397669213365,0
-20.16,4.385375,33.0,62.55397669213365,0
17.68,4.378979,33.0,62.55397669213365,0
12.41,4.384096,33.0,62.55397669213365,0
-0.28,4.3777,33.0,62.55397669213365,0
-9.59,4.384096,33.0,62.55397669213365,0
-23.06,4.3777,32.99,62.55397669213365,0
11.49,4.382817,32.99,64.47480127925948,0
8.83,4.364907,32.99,63.13477647065839,0
-4.37,4.382817,32.99,62.55397669213365,0
-15.87,4.378979,33.0,62.55397669213365,0
8.39,4.382817,33.0,62.55397669213365,0
4.62,4.381537,33.0,62.55397669213365,0
20.7,4.384096,33.0,62.55397669213365,0
-25.07,4.378979,32.99,62.55397669213365,0
3.98,4.385375,32.99,62.55397669213365,0
10.77,4.382817,32.99,62.55397669213365,0
2.43,4.387934,32.99,62.55397669213365,0
-13.0,4.390492,32.99,63.31666447310692,0
-12.02,4.396888,32.99,63.33245613427605,0
13.49,4.391771,32.99,61.91122676865643,0
12.91,4.416077,32.99,63.85138996137829,0
-0.65,4.442942,32.99,63.166446789415026,0
-22.48,4.403285,32.99,62.81719509815764,0
-19.11,4.391771,32.99,62.96824596572466,0
24.53,4.396888,32.99,62.16912416947821,0
-26.58,4.393051,32.99,63.31666447310692,0
104.26,4.398168,32.99,63.31666447310692,0
-36.27,4.393051,32.99,63.31666447310692,0
10.7,4.398168,32.99,63.13477647065839,0
-7.3,4.398168,32.99,63.13477647065839,0
-10.46,4.398168,32.99,62.95236294214857,0
34.91,4.395609,32.99,62.95236294214857,0
-10.25,4.390492,32.99,62.95236294214857,0
94.53,4.391771,32.97,62.95236294214857,0
-41.68,4.39433,32.97,62.95236294214857,0
11.33,4.391771,32.97,62.95236294214857,0
14.88,4.395609,32.97,63.13477647065839,0
1.92,4.391771,32.99,62.95236294214857,0
-9.78,4.395609,32.99,63.13477647065839,0
-28.33,4.393051,32.99,63.13477647065839,0
16.3,4.395609,32.99,63.13477647065839,0
12.75,4.391771,32.99,62.16912416947821,0
-1.62,4.396888,32.99,63.13477647065839,0
-18.18,4.385375,32.99,63.13477647065839,0
14.15,4.395609,32.99,62.16912416947821,0
11.86,4.385375,32.97,62.95236294214857,0
2.0,4.393051,32.97,62.95236294214857,0
-13.04,4.387934,32.97,63.13477647065839,0
7.6,4.393051,32.97,63.31666447310692,0
8.34,4.386654,32.95,63.13477647065839,0
2.09,4.391771,32.95,63.13477647065839,0
-13.3,4.391771,32.95,63.13477647065839,0
7.81,4.391771,32.95,63.13477647065839,0
10.38,4.387934,32.95,62.95236294214857,0
2.18,4.384096,32.95,63.13477647065839,0
-9.84,4.385375,32.95,63.13477647065839,0
-26.98,4.387934,32.95,62.95236294214857,0
14.84,4.382817,32.97,63.13477647065839,0
10.46,4.390492,32.97,63.13477647065839,0
-2.77,4.381537,32.97,63.13477647065839,0
-16.11,4.385375,32.97,63.13477647065839,0
7.73,4.382817,32.97,63.13477647065839,0
14.09,4.393051,32.97,62.95236294214857,0
4.58,4.384096,32.97,62.95236294214857,0
-5.75,4.385375,32.97,63.13477647065839,0
-23.74,4.373862,32.97,63.13477647065839,0
17.27,4.385375,32.97,63.13477647065839,0
14.44,4.382817,32.97,63.13477647065839,0
-0.74,4.384096,32.97,63.13477647065839,0
-13.39,4.385375,32.99,63.13477647065839,0
-0.17,4.385375,32.99,63.13477647065839,0
7.47,4.384096,32.99,63.13477647065839,0
2.86,4.384096,32.99,62.95236294214857,0
-11.62,4.385375,32.97,63.13477647065839,0
0.29,4.385375,32.97,63.13477647065839,0
8.24,4.384096,32.97,62.95236294214857,0
2.15,4.3777,32.97,62.95236294214857,0
-12.88,4.386654,32.97,62.95236294214857,0
-5.63,4.382817,32.97,62.95236294214857,0
13.37,4.382817,32.97,62.95236294214857,0
8.91,4.382817,32.97,62.95236294214857,0
-7.58,4.382817,32.97,63.13477647065839,0
-26.33,4.386654,32.97,61.98386886924694,0
16.34,4.382817,32.97,63.13477647065839,0
15.11,4.382817,32.97,62.95236294214857,0
-0.2,4.382817,32.95,62.95236294214857,0
-15.82,4.387934,32.95,63.13477647065839,0
1.12,4.353394,32.95,62.95236294214857,0
10.9,4.375141,32.95,62.95236294214857,0
5.47,4.375141,32.95,63.13477647065839,0
-5.07,4.3777,32.95,62.95236294214857,0
-24.73,4.375141,32.95,62.95236294214857,0
15.26,4.375141,32.95,63.13477647065839,0
13.69,4.37642,32.95,63.13477647065839,0
-0.24,4.375141,32.95,62.16912416947821,0
-14.87,4.375141,32.95,63.13477647065839,0
8.47,4.37642,32.95,62.95236294214857,0
8.56,4.371304,32.93,62.95236294214857,0
-0.63,4.373862,32.93,63.13477647065839,0
-13.57,4.371304,32.93,62.95236294214857,0
13.71,4.372583,32.93,63.13477647065839,0
8.11,4.367465,32.93,62.95236294214857,0
-1.44,4.371304,32.93,62.95236294214857,0
-21.6,4.366187,32.93,62.95236294214857,0
16.06,4.371304,32.93,63.13477647065839,0
14.71,4.363628,32.95,63.13477647065839,0
2.47,4.375141,32.95,62.95236294214857,0
-17.69,4.366187,32.95,62.95236294214857,0
9.24,4.373862,32.95,62.95236294214857,0
16.04,4.35979,32.95,62.95236294214857,0
7.72,4.37642,32.95,62.95236294214857,0
-6.35,4.361069,32.95,62.95236294214857,0
-24.08,4.364907,32.95,62.95236294214857,0
14.57,4.358511,32.95,62.95236294214857,0
13.96,4.370024,32.95,62.95236294214857,0
-0.59,4.35979,32.95,62.95236294214857,0
-11.92,4.364907,32.95,62.95236294214857,0
-13.02,4.364907,32.97,62.95236294214857,0
12.43,4.368745,32.97,62.95236294214857,0
6.6,4.362349,32.97,62.95236294214857,0
-6.27,4.355952,32.97,63.13477647065839,0
-17.1,4.362349,32.95,63.13477647065839,0
11.09,4.367465,32.95,63.13477647065839,0
9.99,4.354673,32.95,62.95236294214857,0
0.38,4.364907,32.95,62.95236294214857,0
-12.81,4.352115,32.93,63.13477647065839,0
-2.61,4.364907,32.93,62.95236294214857,0
6.17,4.361069,32.93,62.95236294214857,0
3.36,4.363628,32.93,62.95236294214857,0
-14.41,4.361069,32.95,62.95236294214857,0
10.34,4.367465,32.95,62.95236294214857,0
11.59,4.357232,32.95,62.95236294214857,0
0.65,4.362349,32.95,62.95236294214857,0
-16.11,4.35979,32.95,62.95236294214857,0
8.23,4.357232,32.95,62.95236294214857,0
14.9,4.35979,32.95,62.95236294214857,0
8.0,4.357232,32.95,62.95236294214857,0
-5.39,4.357232,32.95,62.95236294214857,0
-23.24,4.358511,32.95,62.95236294214857,0
17.52,4.358511,32.95,62.95236294214857,0
16.78,4.358511,32.95,62.95236294214857,0
3.69,4.357232,32.95,62.95236294214857,0
-6.72,4.350835,32.95,62.95236294214857,0
-27.8,4.355952,32.95,62.95236294214857,0
13.77,4.348277,32.95,62.95236294214857,0
13.78,4.352115,32.95,62.95236294214857,0
-0.49,4.346998,32.95,62.95236294214857,0
-13.15,4.350835,32.95,62.95236294214857,0
-11.42,4.344439,32.95,63.13477647065839,0
10.96,4.349556,32.93,63.13477647065839,0
7.06,4.352115,32.93,63.13477647065839,0
-2.03,4.350835,32.93,63.13477647065839,0
-16.92,4.346998,32.93,63.13477647065839,0
10.64,4.341881,32.97,63.13477647065839,0
10.57,4.344439,32.97,62.95236294214857,0
0.6,4.346998,32.97,63.13477647065839,0
-15.23,4.345718,32.97,62.95236294214857,0
9.6,4.348277,32.95,62.95236294214857,0
9.67,4.344439,32.95,62.95236294214857,0
-3.21,4.353394,32.95,62.95236294214857,0
-21.61,4.346998,32.95,62.95236294214857,0
16.61,4.354673,32.95,62.95236294214857,0
15.67,4.345718,32.95,62.95236294214857,0
-1.61,4.354673,32.95,62.95236294214857,0
-22.74,4.339322,32.95,62.95236294214857,0
16.91,4.348277,32.95,62.95236294214857,0
15.1,4.341881,32.95,62.95236294214857,0
2.94,4.321413,32.95,62.95236294214857,0
-5.82,4.332926,32.95,62.95236294214857,0
-21.53,4.338043,32.95,62.95236294214857,0
14.66,4.329088,32.95,62.95236294214857,0
13.76,4.340601,32.95,62.95236294214857,0
2.58,4.344439,32.95,62.95236294214857,0
-4.03,4.34316,32.95,62.95236294214857,0
-17.46,4.348277,32.95,62.95236294214857,0
10.2,4.339322,32.95,62.95236294214857,0
12.13,4.345718,32.95,62.95236294214857,0
0.69,4.34316,32.95,62.95236294214857,0
-5.98,4.345718,32.95,62.95236294214857,0
-20.24,4.346998,32.95,62.95236294214857,0
10.88,4.346998,32.95,62.95236294214857,0
11.33,4.345718,32.95,62.95236294214857,0
1.38,4.346998,32.95,62.95236294214857,0
-5.88,4.348277,32.95,62.95236294214857,0
-18.46,4.346998,32.95,63.13477647065839,0
8.56,4.346998,32.93,62.95236294214857,0
8.69,4.344439,32.93,62.95236294214857,0
-6.16,4.349556,32.93,63.13477647065839,0
-21.52,4.34316,32.93,63.13477647065839,0
12.31,4.346998,32.95,62.95236294214857,0
9.33,4.345718,32.95,62.95236294214857,0
-5.47,4.345718,32.95,62.95236294214857,0
-24.11,4.345718,32.95,62.95236294214857,0
13.87,4.345718,32.95,62.95236294214857,0
13.93,4.346998,32.95,62.95236294214857,0
-3.45,4.339322,32.95,62.95236294214857,0
-18.42,4.344439,32.95,62.95236294214857,0
16.8,4.331646,32.95,62.95236294214857,0
11.44,4.341881,32.95,62.95236294214857,0
-0.0,4.334205,32.95,62.95236294214857,0
-12.94,4.340601,32.95,62.95236294214857,0
-1.56,4.335485,32.95,62.95236294214857,0
9.25,4.338043,32.95,63.13477647065839,0
5.7,4.334205,32.95,62.95236294214857,0
-8.17,4.336764,32.95,62.95236294214857,0
-17.79,4.338043,32.95,62.95236294214857,0
9.53,4.344439,32.95,62.95236294214857,0
6.56,4.334205,32.95,63.13477647065839,0
-9.54,4.330368,32.95,62.95236294214857,0
1.87,4.331646,32.97,62.95236294214857,0
7.33,4.338043,32.97,62.95236294214857,0
-1.65,4.331646,32.97,62.95236294214857,0
-22.58,4.335485,32.97,62.95236294214857,0
10.92,4.330368,32.93,62.95236294214857,0
8.64,4.332926,32.93,62.95236294214857,0
-12.34,4.329088,32.93,62.95236294214857,0
-9.07,4.332926,32.93,62.95236294214857,0
11.55,4.329088,32.95,62.95236294214857,0
7.56,4.338043,32.95,62.95236294214857,0
-4.54,4.322692,32.95,62.95236294214857,0
-24.89,4.334205,32.95,62.95236294214857,0
19.32,4.329088,32.93,62.95236294214857,0
15.55,4.338043,32.93,62.95236294214857,0
-0.35,4.331646,32.93,62.95236294214857,0
-8.49,4.341881,32.93,62.95236294214857,0
-28.31,4.334205,32.95,62.95236294214857,0
14.12,4.341881,32.95,62.95236294214857,0
13.04,4.339322,32.95,63.13477647065839,0
-0.86,4.34316,32.95,62.95236294214857,0
-12.78,4.336764,32.93,62.95236294214857,0
-3.15,4.338043,32.93,62.95236294214857,0
9.58,4.336764,32.93,62.95236294214857,0
4.58,4.338043,32.93,62.95236294214857,0
-9.63,4.334205,32.95,62.95236294214857,0
-5.03,4.34316,32.95,62.95236294214857,0
7.87,4.339322,32.95,62.95236294214857,0
1.2,4.340601,32.95,62.95236294214857,0
-14.71,4.327809,32.97,62.95236294214857,0
14.07,4.340601,32.97,63.13477647065839,0
13.38,4.338043,32.97,62.95236294214857,0
0.51,4.338043,32.97,62.95236294214857,0
-14.45,4.330368,32.99,62.95236294214857,0
4.5,4.339322,32.99,63.13477647065839,0
11.75,4.335485,32.99,62.95236294214857,0
5.7,4.332926,32.99,62.95236294214857,0
-8.27,4.335485,32.97,62.95236294214857,0
-26.39,4.336764,32.97,62.95236294214857,0
13.09,4.311179,32.97,61.98386886924694,0
13.59,4.329088,32.97,62.95236294214857,0
-3.08,4.330368,32.97,62.95236294214857,0
-17.36,4.331646,32.97,62.95236294214857,0
11.65,4.330368,32.97,62.95236294214857,0
12.35,4.32653,32.97,62.95236294214857,0
2.1,4.332926,32.95,62.95236294214857,0
-11.11,4.330368,32.95,62.95236294214857,0
1.37,4.332926,32.95,62.95236294214857,0
5.97,4.325251,32.95,62.95236294214857,0
0.34,4.329088,32.97,62.95236294214857,0
-13.19,4.325251,32.97,63.13477647065839,0
13.85,4.327809,32.97,62.95236294214857,0
9.21,4.32653,32.97,62.95236294214857,0
-3.73,4.329088,32.95,62.95236294214857,0
-18.94,4.32653,32.95,62.95236294214857,0
13.94,4.320133,32.95,63.13477647065839,0
12.78,4.322692,32.95,63.13477647065839,0
-0.23,4.32653,32.95,63.13477647065839,0
-15.17,4.32653,32.95,62.95236294214857,0
0.18,4.325251,32.95,62.95236294214857,0
12.18,4.321413,32.95,62.95236294214857,0
6.4,4.329088,32.95,62.95236294214857,0
-5.96,4.322692,32.95,62.95236294214857,0
-25.71,4.32653,32.95,63.13477647065839,0
15.86,4.321413,32.95,62.95236294214857,0
12.95,4.325251,32.97,62.95236294214857,0
-1.09,4.317575,32.97,62.95236294214857,0
-14.48,4.325251,32.97,62.95236294214857,0
11.66,4.318854,32.97,62.95236294214857,0
10.06,4.322692,32.97,62.95236294214857,0
-0.96,4.323971,32.97,62.95236294214857,0
-16.19,4.323971,32.97,62.95236294214857,0
13.71,4.318854,32.97,63.13477647065839,0
7.91,4.322692,32.95,62.95236294214857,0
-7.64,4.318854,32.95,62.95236294214857,0
-16.37,4.322692,32.95,63.13477647065839,0
11.27,4.316296,32.95,63.13477647065839,0
7.34,4.313737,32.95,62.95236294214857,0
-11.91,4.313737,32.95,62.95236294214857,0
-6.45,4.317575,32.95,62.95236294214857,0
14.91,4.313737,32.95,62.95236294214857,0
8.46,4.317575,32.97,62.95236294214857,0
-4.3,4.322692,32.97,62.95236294214857,0
-23.32,4.320133,32.97,62.95236294214857,0
16.48,4.318854,32.97,63.13477647065839,0
14.72,4.320133,32.97,62.95236294214857,0
1.01,4.309899,32.97,62.95236294214857,0
-8.88,4.320133,32.97,62.95236294214857,0
-24.33,4.303503,32.97,63.13477647065839,0
13.45,4.320133,32.97,63.13477647065839,0
10.12,4.317575,32.97,63.13477647065839,0
-3.01,4.317575,32.97,62.95236294214857,0
-15.89,4.316296,32.97,63.13477647065839,0
13.62,4.318854,32.97,62.95236294214857,0
8.04,4.317575,32.97,62.95236294214857,0
-5.38,4.317575,32.97,62.95236294214857,0
-17.89,4.322692,32.97,63.13477647065839,0
10.15,4.320133,32.95,63.13477647065839,0
4.89,4.318854,32.95,63.13477647065839,0
-14.36,4.315016,32.95,62.95236294214857,0
9.94,4.318854,32.95,63.13477647065839,0
12.65,4.317575,32.95,63.13477647065839,0
4.24,4.318854,32.95,63.13477647065839,0
-12.06,4.320133,32.95,63.13477647065839,0
-7.6,4.318854,32.95,63.13477647065839,0
12.18,4.316296,32.97,62.95236294214857,0
7.38,4.318854,32.97,63.13477647065839,0
-5.48,4.317575,32.97,63.13477647065839,0
-22.76,4.317575,32.97,62.95236294214857,0
16.37,4.311179,32.97,63.13477647065839,0
13.1,4.309899,32.97,63.13477647065839,0
-0.09,4.309899,32.97,62.95236294214857,0
-13.52,4.312458,32.97,62.95236294214857,0
-2.89,4.30862,32.97,62.95236294214857,0
9.21,4.315016,32.97,62.95236294214857,0
5.36,4.30862,32.97,63.13477647065839,0
-7.75,4.313737,32.97,61.98386886924694,0
-17.11,4.307341,32.99,62.95236294214857,0
9.87,4.316296,32.99,62.95236294214857,0
4.64,4.286873,32.99,62.95236294214857,0
-11.31,4.306062,32.99,63.13477647065839,0
1.22,4.300945,32.95,63.13477647065839,0
6.71,4.312458,32.95,63.13477647065839,0
-1.12,4.300945,32.95,63.13477647065839,0
-21.17,4.309899,32.95,63.13477647065839,0
15.03,4.30862,32.97,62.95236294214857,0
12.5,4.309899,32.97,63.13477647065839,0
-7.12,4.309899,32.97,63.13477647065839,0
-24.96,4.304782,32.97,62.95236294214857,0
16.24,4.315016,32.97,62.95236294214857,0
13.04,4.312458,32.97,63.13477647065839,0
-4.93,4.312458,32.97,62.95236294214857,0
-23.24,4.307341,32.97,62.95236294214857,0
18.38,4.313737,32.97,63.13477647065839,0
13.18,4.307341,32.97,62.95236294214857,0
-0.07,4.312458,32.97,62.95236294214857,0
-15.8,4.307341,32.97,62.95236294214857,0
1.63,4.309899,32.97,62.95236294214857,0
9.66,4.303503,32.97,62.95236294214857,0
3.6,4.307341,32.97,62.95236294214857,0
-8.45,4.304782,32.97,62.95236294214857,0
-21.41,4.306062,32.99,62.95236294214857,0
10.02,4.302224,32.99,63.13477647065839,0
8.27,4.297107,32.99,62.95236294214857,0
-11.25,4.298386,32.99,62.95236294214857,0
-7.1,4.299665,32.97,63.13477647065839,0
7.9,4.294549,32.97,63.13477647065839,0
2.27,4.303503,32.97,62.95236294214857,0
-17.65,4.298386,32.97,63.13477647065839,0
17.61,4.299665,32.97,62.95236294214857,0
12.66,4.299665,32.97,63.13477647065839,0
-2.27,4.299665,32.97,63.13477647065839,0
-21.11,4.294549,32.97,62.95236294214857,0
18.08,4.298386,32.99,63.13477647065839,0
16.04,4.288152,32.99,63.13477647065839,0
0.36,4.298386,32.99,63.13477647065839,0
-16.03,4.295827,32.99,63.13477647065839,0
2.13,4.297107,32.99,63.13477647065839,0
13.78,4.288152,32.99,63.13477647065839,0
5.66,4.298386,32.99,62.95236294214857,0
-11.99,4.297107,32.99,63.13477647065839,0
-20.3,4.316296,32.97,62.95236294214857,0
15.06,4.325251,32.97,62.95236294214857,0
9.55,4.322692,32.97,62.95236294214857,0
-8.55,4.320133,32.97,62.95236294214857,0
-26.0,4.309899,32.97,62.95236294214857,0
16.9,4.320133,32.97,62.95236294214857,0
12.13,4.317575,32.97,62.95236294214857,0
-6.65,4.318854,32.97,63.13477647065839,0
-21.56,4.313737,32.99,62.95236294214857,0
9.8,4.315016,32.99,62.95236294214857,0
3.76,4.309899,32.99,63.13477647065839,0
-15.67,4.315016,32.99,62.95236294214857,0
12.91,4.311179,32.99,62.95236294214857,0
9.19,4.315016,32.99,62.95236294214857,0
-4.8,4.309899,32.99,62.95236294214857,0
-24.02,4.306062,32.99,63.13477647065839,0
19.79,4.315016,32.99,63.13477647065839,0
13.59,4.307341,32.99,63.13477647065839,0
-2.35,4.312458,32.99,62.95236294214857,0
-17.62,4.312458,32.99,62.95236294214857,0
19.48,4.312458,33.0,63.13477647065839,0
14.24,4.312458,33.0,62.95236294214857,0
1.08,4.312458,33.0,62.95236294214857,0
-9.46,4.313737,33.0,62.95236294214857,0
-23.7,4.309899,33.0,63.13477647065839,0
13.83,4.318854,33.0,62.95236294214857,0
9.25,4.303503,33.0,62.95236294214857,0
-4.44,4.312458,33.0,62.95236294214857,0
-16.95,4.306062,33.03,62.95236294214857,0
16.7,4.313737,33.03,62.95236294214857,0
11.07,4.30862,33.03,62.95236294214857,0
0.01,4.313737,33.03,61.98386886924694,0
-13.73,4.306062,33.0,63.13477647065839,0
2.43,4.311179,33.0,63.13477647065839,0
9.73,4.313737,33.0,62.95236294214857,0
0.91,4.312458,33.0,62.95236294214857,0
-16.64,4.30862,33.0,63.13477647065839,0
13.94,4.309899,33.0,63.13477647065839,0
10.48,4.288152,33.0,63.13477647065839,0
-7.31,4.303503,33.0,62.95236294214857,0
-17.94,4.300945,33.03,62.95236294214857,0
10.67,4.311179,33.03,63.13477647065839,0
8.62,4.303503,33.03,62.95236294214857,0
-10.74,4.311179,33.03,62.95236294214857,0
-23.42,4.303503,33.05,62.95236294214857,0
14.02,4.313737,33.05,62.95236294214857,0
12.4,4.304782,33.05,62.95236294214857,0
-3.47,4.312458,33.05,62.95236294214857,0
-18.34,4.297107,33.03,63.13477647065839,0
12.6,4.312458,33.03,63.13477647065839,0
13.82,4.303503,33.03,62.95236294214857,0
4.23,4.306062,33.03,62.95236294214857,0
-7.02,4.302224,33.05,62.95236294214857,0
-25.31,4.311179,33.05,62.95236294214857,0
12.95,4.303503,33.05,63.13477647065839,0
13.02,4.307341,33.05,63.13477647065839,0
-1.5,4.307341,33.07,62.95236294214857,0
-14.28,4.311179,33.07,62.95236294214857,0
2.29,4.304782,33.07,63.13477647065839,0
10.23,4.304782,33.07,62.95236294214857,0
3.81,4.303503,33.05,62.95236294214857,0
-7.69,4.311179,33.05,63.13477647065839,0
-23.94,4.302224,33.05,62.95236294214857,0
12.49,4.312458,33.05,62.95236294214857,0
11.41,4.306062,33.09,62.95236294214857,0
-3.48,4.312458,33.09,62.95236294214857,0
-20.9,4.306062,33.09,63.13477647065839,0
15.29,4.311179,33.09,62.95236294214857,0
8.56,4.306062,33.09,62.95236294214857,0
-10.2,4.313737,33.09,63.13477647065839,0
-4.94,4.299665,33.09,62.95236294214857,0
7.82,4.30862,33.09,63.13477647065839,0
1.05,4.303503,33.07,63.13477647065839,0
-18.95,4.311179,33.07,62.95236294214857,0
20.97,4.298386,33.07,63.13477647065839,0
14.83,4.307341,33.07,63.13477647065839,0
-0.14,4.297107,33.11,63.13477647065839,0
-18.56,4.306062,33.11,63.13477647065839,0
6.5,4.312458,33.11,63.13477647065839,0
15.84,4.30862,33.11,62.95236294214857,0
8.06,4.307341,33.09,62.95236294214857,0
-6.41,4.306062,33.09,62.95236294214857,0
-25.55,4.307341,33.09,62.95236294214857,0
20.45,4.306062,33.09,63.13477647065839,0
15.6,4.307341,33.09,62.95236294214857,0
-0.79,4.300945,33.09,62.95236294214857,0
-12.87,4.303503,33.09,62.95236294214857,0
-22.18,4.303503,33.09,62.95236294214857,0
13.52,4.304782,33.09,62.95236294214857,0
8.99,4.304782,33.09,62.95236294214857,0
-4.34,4.303503,33.09,62.95236294214857,0
-18.7,4.303503,33.09,62.95236294214857,0
15.19,4.297107,33.11,62.95236294214857,0
13.29,4.303503,33.11,62.95236294214857,0
2.22,4.300945,33.11,62.95236294214857,0
-13.74,4.300945,33.11,62.95236294214857,0
7.11,4.299665,33.11,62.95236294214857,0
5.33,4.294549,33.11,62.95236294214857,0
-1.48,4.298386,33.11,62.95236294214857,0
-20.38,4.294549,33.11,62.95236294214857,0
13.28,4.298386,33.13,62.95236294214857,0
8.32,4.29199,33.13,62.95236294214857,0
-13.07,4.294549,33.13,62.95236294214857,0
7.64,4.286873,33.13,63.13477647065839,0
10.52,4.295827,33.11,63.13477647065839,0
1.14,4.29071,33.11,63.13477647065839,0
-17.25,4.295827,33.11,63.13477647065839,0
7.7,4.29071,33.11,63.13477647065839,0
16.69,4.294549,33.13,62.95236294214857,0
6.69,4.29071,33.13,62.95236294214857,0
-7.47,4.294549,33.13,63.13477647065839,0
-24.52,4.297107,33.13,63.13477647065839,0
20.0,4.294549,33.13,63.13477647065839,0
17.74,4.29199,33.13,62.95236294214857,0
2.45,4.293269,33.13,62.95236294214857,0
-8.81,4.29199,33.13,62.95236294214857,0
-27.36,4.293269,33.13,62.95236294214857,0
16.13,4.29071,33.13,62.95236294214857,0
11.61,4.271522,33.13,62.95236294214857,0
-2.31,4.284314,33.13,62.95236294214857,0
-15.25,4.289432,33.15,62.95236294214857,0
3.05,4.293269,33.15,62.95236294214857,0
8.43,4.294549,33.15,62.95236294214857,0
4.24,4.293269,33.15,62.95236294214857,0
-6.13,4.294549,33.16,62.95236294214857,0
-24.46,4.293269,33.16,62.95236294214857,0
9.13,4.297107,33.16,62.95236294214857,0
9.93,4.29071,33.16,63.13477647065839,0
-10.65,4.297107,33.18,62.95236294214857,0
-0.37,4.297107,33.18,63.13477647065839,0
3.52,4.298386,33.18,62.95236294214857,0
-5.16,4.293269,33.18,62.95236294214857,0
-20.01,4.297107,33.16,62.95236294214857,0
15.34,4.300945,33.16,63.13477647065839,0
10.45,4.298386,33.16,63.13477647065839,0
-11.21,4.293269,33.16,62.95236294214857,0
-1.95,4.289432,33.18,63.13477647065839,0
15.82,4.300945,33.18,63.13477647065839,0
8.59,4.294549,33.18,63.13477647065839,0
-5.06,4.285594,33.18,63.13477647065839,0
-18.52,4.295827,33.18,63.13477647065839,0
13.3,4.295827,33.18,63.13477647065839,0
11.05,4.297107,33.18,63.13477647065839,0
1.64,4.297107,33.18,63.13477647065839,0
-8.75,4.298386,33.18,63.13477647065839,0
-18.43,4.300945,33.18,62.95236294214857,0
7.16,4.298386,33.18,62.95236294214857,0
5.7,4.285594,33.18,62.95236294214857,0
-3.45,4.295827,33.21,62.95236294214857,0
-10.97,4.288152,33.21,62.95236294214857,0
9.39,4.293269,33.21,62.95236294214857,0
3.8,4.286873,33.21,62.95236294214857,0
-0.04,4.293269,33.21,62.95236294214857,0
-7.62,4.293269,33.21,63.13477647065839,0
-3.86,4.293269,33.21,63.13477647065839,0
1.68,4.294549,33.21,63.13477647065839,0
-0.04,4.298386,33.21,62.95236294214857,0
-12.09,4.288152,33.21,63.13477647065839,0
10.43,4.293269,33.21,63.13477647065839,0
8.43,4.29199,33.21,63.13477647065839,0
-5.57,4.297107,33.23,63.13477647065839,0
-18.55,4.289432,33.23,63.13477647065839,0
11.37,4.29199,33.23,63.13477647065839,0
10.08,4.285594,33.23,63.13477647065839,0
-5.52,4.29071,33.23,62.95236294214857,0
-25.57,4.285594,33.23,63.13477647065839,0
16.78,4.289432,33.23,62.95236294214857,0
15.72,4.283035,33.23,63.13477647065839,0
-1.99,4.285594,33.21,62.95236294214857,0
-16.96,4.27408,33.21,63.13477647065839,0
15.46,4.285594,33.21,63.13477647065839,0
13.75,4.279197,33.21,63.13477647065839,0
1.05,4.284314,33.21,62.95236294214857,0
-11.62,4.281756,33.21,62.95236294214857,0
-1.2,4.285594,33.21,62.95236294214857,0
5.84,4.281756,33.21,62.95236294214857,0
3.57,4.285594,33.21,62.95236294214857,0
-6.85,4.283035,33.21,63.13477647065839,0
-10.98,4.285594,33.21,63.13477647065839,0
2.29,4.280477,33.21,62.95236294214857,0
1.16,4.279197,33.21,62.95236294214857,0
-11.95,4.280477,33.21,63.13477647065839,0
11.64,4.283035,33.21,63.13477647065839,0
5.47,4.283035,33.21,63.13477647065839,0
-8.59,4.283035,33.23,63.13477647065839,0
-2.43,4.285594,33.23,63.13477647065839,0
7.36,4.285594,33.23,63.13477647065839,0
3.64,4.288152,33.23,63.13477647065839,0
-13.39,4.288152,33.21,63.13477647065839,0
-10.25,4.288152,33.21,62.95236294214857,0
11.58,4.288152,33.21,62.95236294214857,0
8.04,4.280477,33.21,63.13477647065839,0
-6.1,4.286873,33.21,63.13477647065839,0
-27.65,4.285594,33.21,62.95236294214857,0
16.42,4.286873,33.21,63.13477647065839,0
14.29,4.285594,33.21,63.13477647065839,0
-1.86,4.288152,33.21,63.13477647065839,0
-16.31,4.29071,33.21,62.95236294214857,0
11.63,4.271522,33.21,62.95236294214857,0
10.48,4.284314,33.21,62.95236294214857,0
3.48,4.286873,33.21,62.95236294214857,0
-7.08,4.283035,33.21,62.95236294214857,0
-19.36,4.281756,33.21,62.95236294214857,0
8.58,4.283035,33.21,62.95236294214857,0
7.73,4.286873,33.21,62.95236294214857,0
-6.02,4.29071,33.21,62.95236294214857,0
-13.26,4.29199,33.21,62.95236294214857,0
5.64,4.29199,33.21,62.95236294214857,0
3.25,4.293269,33.21,62.95236294214857,0
-12.55,4.294549,33.21,62.95236294214857,0
11.38,4.297107,33.21,62.95236294214857,0
9.13,4.29071,33.21,63.13477647065839,0
0.79,4.294549,33.23,63.13477647065839,0
-12.74,4.288152,33.23,63.13477647065839,0
8.54,4.295827,33.23,63.13477647065839,0
10.84,4.293269,33.23,63.13477647065839,0
4.51,4.295827,33.23,63.13477647065839,0
-6.41,4.294549,33.23,63.13477647065839,0
-24.53,4.294549,33.23,63.13477647065839,0
14.1,4.300945,33.23,63.13477647065839,0
10.51,4.295827,33.23,63.13477647065839,0
-0.53,4.295827,33.23,63.13477647065839,0
-11.66,4.295827,33.23,63.13477647065839,0
0.75,4.29071,33.23,63.13477647065839,0
10.43,4.289432,33.25,63.13477647065839,0
4.73,4.289432,33.25,62.95236294214857,0
-5.34,4.29199,33.25,62.95236294214857,0
-19.47,4.286873,33.25,62.95236294214857,0
11.27,4.29199,33.23,62.95236294214857,0
10.39,4.289432,33.23,63.13477647065839,0
-3.01,4.293269,33.23,63.31666447310692,0
-13.77,4.289432,33.23,63.13477647065839,0
12.73,4.29199,33.23,63.13477647065839,0
9.0,4.288152,33.23,62.95236294214857,0
-2.63,4.293269,33.23,63.13477647065839,0
-19.68,4.285594,33.23,62.95236294214857,0
15.27,4.29199,33.23,63.13477647065839,0
8.86,4.288152,33.23,63.13477647065839,0
-13.17,4.29071,33.23,63.13477647065839,0
11.95,4.29071,33.23,63.13477647065839,0
9.57,4.29071,33.21,63.13477647065839,0
-3.33,4.295827,33.21,63.13477647065839,0
-24.59,4.294549,33.21,63.13477647065839,0
15.67,4.293269,33.21,63.13477647065839,0
13.68,4.288152,33.21,63.13477647065839,0
-6.67,4.29199,33.21,63.13477647065839,0
-27.06,4.281756,33.21,63.13477647065839,0
18.24,4.29071,33.21,62.16912416947821,0
13.24,4.285594,33.23,63.13477647065839,0
-1.66,4.29071,33.23,63.13477647065839,0
-17.48,4.284314,33.23,63.13477647065839,0
11.45,4.29071,33.23,63.13477647065839,0
14.45,4.286873,33.23,62.95236294214857,0
2.71,4.295827,33.23,62.95236294214857,0
-9.3,4.294549,33.23,63.13477647065839,0
-24.86,4.298386,33.23,62.95236294214857,0
11.28,4.289432,33.23,62.95236294214857,0
10.57,4.294549,33.23,62.95236294214857,0
-4.35,4.29071,33.23,62.95236294214857,0
-20.07,4.294549,33.23,63.13477647065839,0
11.55,4.289432,33.23,63.13477647065839,0
7.55,4.297107,33.23,63.13477647065839,0
-8.12,4.286873,33.23,63.13477647065839,0
-0.34,4.293269,33.23,63.13477647065839,0
5.49,4.288152,33.21,63.13477647065839,0
-0.75,4.295827,33.21,63.13477647065839,0
-18.48,4.29071,33.21,63.13477647065839,0
15.84,4.29199,33.21,63.13477647065839,0
11.22,4.276639,33.21,63.13477647065839,0
-1.74,4.29199,33.21,63.13477647065839,0
-16.14,4.284314,33.21,63.13477647065839,0
13.98,4.29071,33.21,63.13477647065839,0
13.71,4.29071,33.23,63.13477647065839,0
2.64,4.29199,33.23,63.13477647065839,0
-10.16,4.29199,33.23,63.13477647065839,0
-13.39,4.29071,33.23,63.13477647065839,0
12.21,4.293269,33.23,63.13477647065839,0
7.18,4.29199,33.23,63.13477647065839,0
-5.99,4.270243,33.23,63.13477647065839,0
-23.19,4.27408,33.23,62.95236294214857,0
12.45,4.285594,33.23,62.95236294214857,0
11.09,4.286873,33.23,63.13477647065839,0
-5.24,4.288152,33.23,63.13477647065839,0
-15.85,4.283035,33.23,62.95236294214857,0
14.46,4.29199,33.25,63.31666447310692,0
8.44,4.284314,33.25,63.13477647065839,0
-7.68,4.293269,33.25,63.13477647065839,0
-13.77,4.293269,33.25,63.13477647065839,0
6.05,4.293269,33.23,63.13477647065839,0
2.21,4.286873,33.23,63.13477647065839,0
-22.21,4.29071,33.23,63.13477647065839,0
14.42,4.288152,33.23,63.13477647065839,0
7.58,4.295827,33.25,63.13477647065839,0
-14.21,4.294549,33.25,63.13477647065839,0
9.95,4.294549,33.25,63.13477647065839,0
11.49,4.289432,33.25,63.13477647065839,0
4.88,4.29071,33.23,63.13477647065839,0
-8.58,4.285594,33.23,63.13477647065839,0
-28.57,4.29199,33.23,62.95236294214857,0
17.7,4.281756,33.23,63.13477647065839,0
13.41,4.293269,33.23,63.13477647065839,0
-0.69,4.286873,33.23,63.13477647065839,0
-14.92,4.293269,33.23,63.13477647065839,0
4.76,4.29071,33.23,63.13477647065839,0
12.88,4.293269,33.23,62.95236294214857,0
4.89,4.293269,33.23,63.13477647065839,0
-6.07,4.293269,33.23,62.95236294214857,0
-25.48,4.293269,33.23,63.13477647065839,0
15.0,4.295827,33.21,63.13477647065839,0
11.79,4.297107,33.21,62.95236294214857,0
-2.39,4.295827,33.21,63.31666447310692,0
-14.27,4.297107,33.21,63.13477647065839,0
12.26,4.284314,33.25,62.95236294214857,0
6.81,4.294549,33.25,63.13477647065839,0
-1.77,4.288152,33.25,63.13477647065839,0
-17.53,4.293269,33.25,63.13477647065839,0
14.52,4.289432,33.25,63.13477647065839,0
8.52,4.299665,33.25,63.13477647065839,0
-9.82,4.29071,33.25,63.13477647065839,0
-4.3,4.295827,33.25,63.13477647065839,0
7.75,4.297107,33.25,63.13477647065839,0
0.26,4.300945,33.25,63.13477647065839,0
-18.41,4.293269,33.25,63.13477647065839,0
19.55,4.29199,33.25,63.13477647065839,0
11.16,4.29199,33.25,63.13477647065839,0
-3.07,4.302224,33.25,63.13477647065839,0
-19.94,4.299665,33.25,62.95236294214857,0
16.73,4.299665,33.25,63.13477647065839,0
14.15,4.288152,33.25,63.13477647065839,0
1.76,4.299665,33.25,63.13477647065839,0
-14.4,4.298386,33.25,63.13477647065839,0
-7.0,4.302224,33.25,62.95236294214857,0
13.42,4.302224,33.27,63.13477647065839,0
6.43,4.303503,33.27,62.95236294214857,0
-6.9,4.295827,33.27,63.13477647065839,0
-24.3,4.297107,33.27,62.95236294214857,0
14.45,4.299665,33.25,63.31666447310692,0
13.85,4.294549,33.25,63.13477647065839,0
-3.06,4.298386,33.25,63.13477647065839,0
-22.42,4.299665,33.25,63.13477647065839,0
13.61,4.299665,33.25,63.13477647065839,0
8.55,4.300945,33.25,63.13477647065839,0
-12.2,4.299665,33.25,63.13477647065839,0
0.22,4.300945,33.25,63.13477647065839,0
4.64,4.299665,33.27,63.13477647065839,0
-2.23,4.293269,33.27,63.13477647065839,0
-24.82,4.306062,33.27,63.13477647065839,0
16.34,4.307341,33.27,63.13477647065839,0
12.66,4.307341,33.25,63.13477647065839,0
-10.75,4.298386,33.25,63.13477647065839,0
-20.62,4.302224,33.25,63.13477647065839,0
15.86,4.309899,33.25,63.13477647065839,0
11.59,4.306062,33.27,63.13477647065839,0
-7.03,4.300945,33.27,63.13477647065839,0
-28.97,4.298386,33.27,63.13477647065839,0
20.14,4.30862,33.27,63.13477647065839,0
14.76,4.299665,33.27,63.13477647065839,0
-4.69,4.307341,33.27,63.13477647065839,0
-20.68,4.283035,33.27,63.13477647065839,0
18.25,4.302224,33.27,63.13477647065839,0
14.05,4.304782,33.27,63.13477647065839,0
-0.35,4.304782,33.27,63.13477647065839,0
-19.21,4.30862,33.27,62.95236294214857,0
7.94,4.315016,33.27,63.13477647065839,0
10.27,4.316296,33.27,63.13477647065839,0
4.23,4.316296,33.27,63.13477647065839,0
-12.41,4.316296,33.27,63.13477647065839,0
8.12,4.306062,33.27,63.13477647065839,0
5.56,4.316296,33.29,62.95236294214857,0
-3.21,4.311179,33.29,63.13477647065839,0
-20.11,4.316296,33.29,63.13477647065839,0
10.55,4.312458,33.29,63.13477647065839,0
6.37,4.315016,33.29,63.13477647065839,0
-16.96,4.312458,33.29,63.13477647065839,0
16.28,4.321413,33.29,63.13477647065839,0
9.97,4.318854,33.29,63.13477647065839,0
-13.89,4.316296,33.29,63.13477647065839,0
7.56,4.318854,33.29,63.13477647065839,0
12.98,4.311179,33.29,63.13477647065839,0
1.84,4.312458,33.29,63.13477647065839,0
-18.32,4.313737,33.31,63.13477647065839,0
14.95,4.306062,33.31,63.13477647065839,0
16.71,4.316296,33.31,63.13477647065839,0
3.3,4.317575,33.31,63.13477647065839,0
-10.87,4.318854,33.31,62.95236294214857,0
-22.52,4.318854,33.31,63.13477647065839,0
12.44,4.315016,33.31,63.13477647065839,0
9.4,4.318854,33.31,63.13477647065839,0
-5.2,4.317575,33.34,62.95236294214857,0
-19.85,4.313737,33.34,62.95236294214857,0
15.42,4.320133,33.34,62.95236294214857,0
11.65,4.318854,33.34,62.95236294214857,0
-1.56,4.318854,33.33,62.95236294214857,0
-13.32,4.325251,33.33,62.95236294214857,0
12.73,4.317575,33.33,62.95236294214857,0
6.72,4.320133,33.33,63.13477647065839,0
-4.83,4.316296,33.31,63.13477647065839,0
-16.52,4.32653,33.31,63.13477647065839,0
7.09,4.318854,33.31,63.13477647065839,0
1.06,4.321413,33.31,63.13477647065839,0
-19.15,4.311179,33.34,63.13477647065839,0
16.58,4.32653,33.34,63.13477647065839,0
12.91,4.315016,33.34,63.13477647065839,0
-6.06,4.321413,33.34,63.13477647065839,0
-28.72,4.318854,33.34,63.13477647065839,0
16.81,4.327809,33.34,63.13477647065839,0
14.55,4.321413,33.34,63.13477647065839,0
-6.91,4.322692,33.34,63.13477647065839,0
-30.37,4.32653,33.37,63.13477647065839,0
19.91,4.322692,33.37,63.13477647065839,0
14.94,4.322692,33.37,63.13477647065839,0
-4.35,4.316296,33.37,63.13477647065839,0
-21.97,4.321413,33.37,63.13477647065839,0
19.25,4.320133,33.37,62.95236294214857,0
13.2,4.320133,33.37,62.95236294214857,0
-2.29,4.321413,33.37,63.13477647065839,0
-18.25,4.322692,33.37,63.13477647065839,0
14.36,4.322692,33.37,62.95236294214857,0
10.15,4.323971,33.37,62.95236294214857,0
-2.41,4.325251,33.37,63.13477647065839,0
-21.15,4.323971,33.37,62.95236294214857,0
13.47,4.325251,33.37,63.13477647065839,0
7.91,4.317575,33.37,63.13477647065839,0
-13.8,4.320133,33.37,63.13477647065839,0
15.3,4.321413,33.39,62.95236294214857,0
5.71,4.316296,33.39,62.95236294214857,0
-13.36,4.320133,33.39,62.95236294214857,0
15.85,4.316296,33.39,63.13477647065839,0
9.39,4.321413,33.37,63.13477647065839,0
-13.05,4.315016,33.37,63.13477647065839,0
15.06,4.323971,33.37,63.13477647065839,0
15.46,4.317575,33.37,63.13477647065839,0
5.32,4.318854,33.39,63.13477647065839,0
-5.25,4.30862,33.39,63.13477647065839,0
-28.48,4.318854,33.39,63.13477647065839,0
18.55,4.313737,33.39,63.13477647065839,0
18.09,4.317575,33.37,62.95236294214857,0
1.08,4.315016,33.37,62.95236294214857,0
-12.66,4.299665,33.37,62.95236294214857,0
-16.71,4.313737,33.37,62.95236294214857,0
11.12,4.317575,33.39,63.13477647065839,0
9.56,4.317575,33.39,62.95236294214857,0
1.09,4.317575,33.39,62.95236294214857,0
-19.39,4.316296,33.39,62.95236294214857,0
11.04,4.313737,33.39,62.95236294214857,0
10.42,4.318854,33.39,62.95236294214857,0
2.55,4.317575,33.39,62.95236294214857,0
-6.68,4.317575,33.39,62.95236294214857,0
-16.03,4.317575,33.39,62.95236294214857,0
6.38,4.318854,33.39,62.95236294214857,0
3.53,4.313737,33.39,63.13477647065839,0
-11.44,4.317575,33.39,63.13477647065839,0
2.48,4.318854,33.39,63.13477647065839,0
7.0,4.320133,33.39,62.95236294214857,0
-2.48,4.313737,33.39,63.13477647065839,0
-23.38,4.309899,33.39,62.95236294214857,0
15.27,4.313737,33.39,63.13477647065839,0
8.18,4.320133,33.39,63.13477647065839,0
-16.63,4.315016,33.39,62.95236294214857,0
13.84,4.317575,33.39,62.95236294214857,0
14.04,4.313737,33.43,63.13477647065839,0
2.95,4.322692,33.43,63.13477647065839,0
-20.09,4.317575,33.43,63.13477647065839,0
10.96,4.321413,33.43,63.13477647065839,0
16.38,4.318854,33.43,63.13477647065839,0
5.69,4.321413,33.43,63.13477647065839,0
-12.94,4.313737,33.43,63.13477647065839,0
-23.59,4.320133,33.43,62.95236294214857,0
17.51,4.318854,33.39,62.95236294214857,0
11.32,4.318854,33.39,62.95236294214857,0
-7.11,4.320133,33.39,62.95236294214857,0
-26.71,4.320133,33.39,62.95236294214857,0
17.41,4.318854,33.41,62.95236294214857,0
13.23,4.316296,33.41,62.95236294214857,0
-3.03,4.320133,33.41,63.13477647065839,0
-19.38,4.316296,33.41,62.95236294214857,0
18.14,4.320133,33.41,62.95236294214857,0
12.63,4.309899,33.41,62.95236294214857,0
-4.96,4.325251,33.41,62.95236294214857,0
-22.92,4.315016,33.41,62.95236294214857,0
15.31,4.321413,33.43,62.95236294214857,0
7.15,4.325251,33.43,62.95236294214857,0
-16.18,4.323971,33.43,63.13477647065839,0
15.78,4.323971,33.43,62.95236294214857,0
5.56,4.322692,33.43,63.13477647065839,0
-12.58,4.323971,33.43,62.16912416947821,0
2.52,4.325251,33.43,63.13477647065839,0
8.42,4.322692,33.43,63.13477647065839,0
0.56,4.317575,33.43,63.13477647065839,0
-28.52,4.323971,33.43,62.95236294214857,0
24.22,4.320133,33.43,63.13477647065839,0
19.01,4.321413,33.43,63.13477647065839,0
-0.99,4.318854,33.47,63.13477647065839,0
-20.37,4.327809,33.47,63.13477647065839,0
15.72,4.321413,33.47,63.13477647065839,0
14.66,4.323971,33.47,62.95236294214857,0
3.79,4.325251,33.47,63.13477647065839,0
-10.05,4.329088,33.47,63.13477647065839,0
-28.56,4.320133,33.47,63.13477647065839,0
18.59,4.317575,33.47,63.13477647065839,0
11.54,4.315016,33.47,63.13477647065839,0
-5.52,4.325251,33.47,62.95236294214857,0
-21.2,4.325251,33.47,62.95236294214857,0
18.16,4.327809,33.47,62.95236294214857,0
12.22,4.325251,33.45,62.95236294214857,0
-1.24,4.32653,33.45,63.13477647065839,0
-17.11,4.32653,33.45,63.13477647065839,0
11.65,4.323971,33.45,63.13477647065839,0
9.34,4.325251,33.49,63.13477647065839,0
-0.01,4.32653,33.49,63.13477647065839,0
-20.66,4.320133,33.49,63.13477647065839,0
13.35,4.32653,33.49,63.33245613427605,0
6.95,4.323971,33.49,63.33245613427605,0
-18.83,4.323971,33.49,63.33245613427605,0
12.14,4.321413,33.49,62.369864518050704,0
6.67,4.321413,33.49,63.33245613427605,0
-10.69,4.322692,33.5,63.33245613427605,0
14.67,4.322692,33.5,63.33245613427605,0
7.39,4.302224,33.5,62.16912416947821,0
-10.29,4.316296,33.5,63.51377803280167,0
11.86,4.318854,33.5,62.353829072479584,0
9.92,4.30862,33.5,63.31666447310692,0
4.94,4.318854,33.5,63.31666447310692,0
-6.36,4.312458,33.5,63.31666447310692,0
-24.64,4.318854,33.53,62.353829072479584,0
18.92,4.320133,33.53,62.353829072479584,0
11.37,4.321413,33.53,63.31666447310692,0
1.13,4.317575,33.53,63.31666447310692,0
-6.54,4.321413,33.53,63.31666447310692,0
-20.56,4.317575,33.53,63.31666447310692,0
10.12,4.32653,33.53,63.13477647065839,0
8.31,4.320133,33.53,63.13477647065839,0
-2.41,4.317575,33.55,63.13477647065839,0
-9.35,4.318854,33.55,63.13477647065839,0
-11.67,4.323971,33.55,63.13477647065839,0
4.54,4.322692,33.55,63.13477647065839,0
5.32,4.323971,33.55,63.13477647065839,0
-3.01,4.313737,33.55,63.13477647065839,0
-13.43,4.323971,33.55,63.13477647065839,0
8.59,4.30862,33.55,63.13477647065839,0
4.94,4.322692,33.53,63.13477647065839,0
2.27,4.320133,33.53,63.13477647065839,0
-6.57,4.321413,33.53,63.13477647065839,0
-14.65,4.313737,33.53,63.13477647065839,0
7.44,4.322692,33.55,63.13477647065839,0
7.38,4.325251,33.55,63.13477647065839,0
-6.31,4.322692,33.55,63.13477647065839,0
-19.91,4.318854,33.55,63.13477647065839,0
9.91,4.320133,33.57,63.13477647065839,0
8.48,4.320133,33.57,62.16912416947821,0
-11.45,4.315016,33.57,63.13477647065839,0
12.46,4.313737,33.57,63.31666447310692,0
4.29,4.30862,33.55,62.353829072479584,0
-3.82,4.303503,33.55,63.13477647065839,0
-3.2,4.295827,33.55,63.31666447310692,0
4.22,4.297107,33.55,62.353829072479584,0
-1.74,4.294549,33.55,62.353829072479584,0
-7.64,4.289432,33.55,62.353829072479584,0
3.23,4.272801,33.55,62.55397669213365,0
-1.58,4.277918,33.55,62.353829072479584,0
-10.96,4.27408,33.53,62.55397669213365,0
5.23,4.276639,33.53,62.55397669213365,0
-0.23,4.279197,33.53,62.55397669213365,0
-3.41,4.279197,33.53,62.55397669213365,0
5.06,4.27408,33.55,62.5859409132754,0
-3.61,4.27408,33.55,62.76941930590086,0
3.68,4.27536,33.55,62.55397669213365,0
2.29,4.276639,33.55,62.55397669213365,0
-7.08,4.272801,33.53,63.51377803280167,0
2.8,4.283035,33.53,62.55397669213365,0
4.39,4.27536,33.53,62.55397669213365,0
-1.28,4.279197,33.53,62.55397669213365,0
-12.04,4.27536,33.53,62.353829072479584,0
14.75,4.284314,33.53,62.353829072479584,0
8.36,4.276639,33.53,63.31666447310692,0
0.91,4.279197,33.53,63.31666447310692,0
-4.59,4.270243,33.53,63.31666447310692,0
-18.12,4.284314,33.53,63.51377803280167,0
15.59,4.27536,33.53,62.55397669213365,0
9.39,4.286873,33.53,63.31666447310692,0
0.37,4.279197,33.55,63.51377803280167,0
-7.46,4.29071,33.55,62.55397669213365,0
-22.38,4.281756,33.55,63.31666447310692,0
13.93,4.285594,33.55,62.55397669213365,0
10.71,4.286873,33.5,62.353829072479584,0
-0.45,4.29199,33.5,62.353829072479584,0
-10.19,4.284314,33.5,63.51377803280167,0
-13.06,4.283035,33.5,62.353829072479584,0
9.91,4.281756,33.55,63.31666447310692,0
8.58,4.289432,33.55,63.31666447310692,0
-7.2,4.284314,33.55,63.31666447310692,0
-20.54,4.288152,33.55,63.31666447310692,0
16.58,4.283035,33.55,62.353829072479584,0
10.91,4.293269,33.55,62.353829072479584,0
-1.58,4.283035,33.55,62.353829072479584,0
-14.77,4.288152,33.55,62.353829072479584,0
8.75,4.302224,33.55,63.13477647065839,0
7.2,4.311179,33.55,62.353829072479584,0
4.28,4.27536,33.55,62.353829072479584,0
-12.5,4.300945,33.55,62.353829072479584,0
-4.63,4.293269,33.53,63.13477647065839,0
8.33,4.304782,33.53,63.13477647065839,0
5.16,4.302224,33.53,62.353829072479584,0
-11.91,4.303503,33.53,63.31666447310692,0
-0.38,4.304782,33.53,62.353829072479584,0
6.37,4.304782,33.53,63.31666447310692,0
3.22,4.309899,33.53,63.31666447310692,0
-15.04,4.309899,33.53,63.31666447310692,0
13.38,4.309899,33.53,63.31666447310692,0
9.63,4.304782,33.53,63.31666447310692,0
-1.94,4.311179,33.53,63.31666447310692,0
-19.09,4.311179,33.53,63.31666447310692,0
14.47,4.294549,33.55,62.353829072479584,0
8.0,4.29071,33.55,63.51377803280167,0
-13.87,4.294549,33.55,62.55397669213365,0
15.18,4.288152,33.55,62.55397669213365,0
2.43,4.29071,33.53,62.55397669213365,0
-12.62,4.286873,33.53,62.55397669213365,0
15.19,4.29071,33.53,62.55397669213365,0
3.57,4.285594,33.53,62.55397669213365,0
-14.52,4.283035,33.5,62.55397669213365,0
18.15,4.285594,33.5,62.55397669213365,0
7.59,4.286873,33.5,62.55397669213365,0
-15.54,4.299665,33.5,62.353829072479584,0
19.24,4.306062,33.5,63.31666447310692,0
10.67,4.307341,33.5,63.31666447310692,0
-6.91,4.307341,33.5,62.353829072479584,0
-22.5,4.306062,33.5,63.31666447310692,0
15.86,4.30862,33.53,63.31666447310692,0
10.62,4.304782,33.53,62.353829072479584,0
-5.93,4.30862,33.53,62.353829072479584,0
-20.56,4.297107,33.53,63.31666447310692,0
19.02,4.311179,33.53,62.353829072479584,0
12.54,4.311179,33.53,63.31666447310692,0
2.57,4.312458,33.53,62.353829072479584,0
-10.57,4.30862,33.53,62.353829072479584,0
-27.14,4.313737,33.53,63.31666447310692,0
19.87,4.311179,33.53,62.353829072479584,0
13.01,4.312458,33.53,63.31666447310692,0
-1.38,4.312458,33.53,63.31666447310692,0
-11.94,4.313737,33.53,62.353829072479584,0
-23.96,4.313737,33.53,63.31666447310692,0
16.29,4.307341,33.53,62.16912416947821,0
10.65,4.309899,33.53,63.13477647065839,0
-3.68,4.316296,33.53,63.13477647065839,0
-19.15,4.309899,33.53,63.13477647065839,0
14.74,4.32653,33.53,63.13477647065839,0
10.61,4.323971,33.53,63.13477647065839,0
1.13,4.327809,33.55,63.13477647065839,0
-13.89,4.329088,33.55,63.13477647065839,0
-11.73,4.330368,33.55,63.13477647065839,0
12.09,4.32653,33.55,63.13477647065839,0
9.4,4.330368,33.55,63.13477647065839,0
-10.72,4.320133,33.55,62.16912416947821,0
-17.49,4.335485,33.55,63.13477647065839,0
10.82,4.329088,33.55,63.13477647065839,0
6.34,4.330368,33.55,63.13477647065839,0
-11.99,4.32653,33.55,63.13477647065839,0
-6.87,4.335485,33.55,63.13477647065839,0
10.68,4.331646,33.55,63.13477647065839,0
4.69,4.335485,33.59,63.13477647065839,0
-16.4,4.336764,33.59,63.13477647065839,0
14.14,4.329088,33.59,63.13477647065839,0
9.7,4.332926,33.59,62.16912416947821,0
-0.72,4.330368,33.57,63.13477647065839,0
-21.69,4.335485,33.57,63.13477647065839,0
16.83,4.331646,33.57,63.13477647065839,0
13.77,4.332926,33.57,63.13477647065839,0
-6.31,4.341881,33.59,63.13477647065839,0
-26.22,4.335485,33.59,62.16912416947821,0
16.75,4.34316,33.59,62.16912416947821,0
14.28,4.335485,33.59,63.31666447310692,0
-2.88,4.339322,33.59,62.353829072479584,0
-22.67,4.338043,33.59,63.31666447310692,0
18.35,4.344439,33.59,63.31666447310692,0
13.91,4.330368,33.59,62.353829072479584,0
-3.1,4.335485,33.59,63.31666447310692,0
-16.38,4.331646,33.59,62.353829072479584,0
13.97,4.313737,33.59,62.353829072479584,0
11.46,4.322692,33.59,62.353829072479584,0
-3.09,4.335485,33.59,63.31666447310692,0
-21.55,4.327809,33.59,62.353829072479584,0
16.05,4.332926,33.59,62.353829072479584,0
9.39,4.334205,33.59,62.353829072479584,0
-11.53,4.334205,33.61,62.55397669213365,0
8.68,4.330368,33.61,62.55397669213365,0
5.07,4.32653,33.61,62.353829072479584,0
-7.94,4.330368,33.61,63.51377803280167,0
2.48,4.330368,33.61,62.55397669213365,0
4.61,4.32653,33.61,62.353829072479584,0
-4.78,4.32653,33.61,62.55397669213365,0
-7.45,4.322692,33.61,62.55397669213365,0
9.72,4.330368,33.63,62.353829072479584,0
4.49,4.322692,33.63,63.51377803280167,0
-20.55,4.327809,33.63,62.353829072479584,0
22.23,4.325251,33.63,62.353829072479584,0
12.95,4.327809,33.63,62.55397669213365,0
-1.83,4.317575,33.63,62.55397669213365,0
-16.05,4.32653,33.63,63.51377803280167,0
9.15,4.321413,33.63,62.55397669213365,0
11.12,4.32653,33.65,62.55397669213365,0
2.43,4.327809,33.65,62.55397669213365,0
-8.93,4.32653,33.65,62.55397669213365,0
-26.09,4.321413,33.65,62.55397669213365,0
17.22,4.325251,33.66,63.51377803280167,0
9.51,4.325251,33.66,62.55397669213365,0
-5.4,4.327809,33.66,63.51377803280167,0
-19.09,4.322692,33.66,63.51377803280167,0
18.17,4.325251,33.66,62.55397669213365,0
11.16,4.329088,33.66,62.55397669213365,0
-0.68,4.330368,33.66,63.31666447310692,0
-17.12,4.32653,33.66,62.55397669213365,0
10.69,4.330368,33.68,62.55397669213365,0
8.74,4.32653,33.68,62.55397669213365,0
-0.17,4.330368,33.68,62.55397669213365,0
-17.53,4.32653,33.68,63.51377803280167,0
9.13,4.332926,33.68,63.33245613427605,0
11.09,4.332926,33.68,62.16912416947821,0
1.61,4.332926,33.68,63.33245613427605,0
-19.37,4.329088,33.68,63.51377803280167,0
17.9,4.334205,33.68,62.55397669213365,0
8.86,4.334205,33.68,63.33245613427605,0
-6.93,4.336764,33.68,62.16912416947821,0
-20.09,4.338043,33.68,63.13477647065839,0
11.2,4.339322,33.68,63.33245613427605,0
4.0,4.339322,33.68,63.33245613427605,0
-21.73,4.340601,33.68,62.16912416947821,0
17.36,4.339322,33.68,62.55397669213365,0
8.51,4.338043,33.71,63.51377803280167,0
-14.63,4.334205,33.71,62.353829072479584,0
17.41,4.330368,33.71,62.55397669213365,0
5.62,4.332926,33.71,63.31666447310692,0
-12.45,4.334205,33.71,62.353829072479584,0
15.31,4.329088,33.71,62.55397669213365,0
7.98,4.334205,33.71,62.353829072479584,0
-10.7,4.331646,33.71,62.55397669213365,0
11.33,4.332926,33.71,62.353829072479584,0
6.3,4.335485,33.71,62.75348595894893,0
-8.99,4.334205,33.71,62.75348595894893,0
6.57,4.331646,33.71,62.75348595894893,0
5.0,4.335485,33.73,62.55397669213365,0
-12.39,4.325251,33.73,62.55397669213365,0
14.45,4.340601,33.73,62.55397669213365,0
4.2,4.331646,33.73,62.353829072479584,0
-11.21,4.335485,33.75,62.353829072479584,0
18.09,4.330368,33.75,62.55397669213365,0
9.13,4.339322,33.75,62.55397669213365,0
-6.12,4.331646,33.75,62.353829072479584,0
-22.58,4.339322,33.73,63.51377803280167,0
18.43,4.332926,33.73,62.55397669213365,0
12.55,4.335485,33.73,63.51377803280167,0
1.02,4.330368,33.73,62.55397669213365,0
-7.3,4.327809,33.75,62.55397669213365,0
-24.76,4.327809,33.75,63.51377803280167,0
15.58,4.331646,33.75,62.55397669213365,0
13.49,4.330368,33.75,62.55397669213365,0
-0.21,4.334205,33.75,62.55397669213365,0
-8.58,4.335485,33.75,62.55397669213365,0
-25.03,4.309899,33.75,63.51377803280167,0
15.61,4.322692,33.75,62.55397669213365,0
14.14,4.329088,33.77,62.55397669213365,0
-0.1,4.323971,33.77,62.55397669213365,0
-12.3,4.329088,33.77,62.55397669213365,0
-26.2,4.318854,33.77,62.353829072479584,0
16.32,4.332926,33.77,63.51377803280167,0
14.38,4.330368,33.77,62.369864518050704,0
-0.15,4.334205,33.77,63.51377803280167,0
-17.64,4.330368,33.77,62.369864518050704,0
-2.74,4.336764,33.77,62.369864518050704,0
16.66,4.329088,33.77,63.51377803280167,0
9.3,4.334205,33.77,62.369864518050704,0
-5.68,4.335485,33.77,62.369864518050704,0
-24.34,4.335485,33.79,62.55397669213365,0
20.12,4.331646,33.79,63.33245613427605,0
16.3,4.329088,33.79,63.51377803280167,0
-0.65,4.331646,33.79,62.369864518050704,0
-14.95,4.334205,33.79,62.369864518050704,0
-1.49,4.331646,33.79,63.51377803280167,0
11.05,4.332926,33.79,62.55397669213365,0
3.71,4.331646,33.79,62.55397669213365,0
-12.33,4.334205,33.79,63.31666447310692,0
-7.26,4.331646,33.79,62.55397669213365,0
10.27,4.335485,33.79,63.31666447310692,0
3.89,4.330368,33.79,62.353829072479584,0
-15.5,4.338043,33.79,62.353829072479584,0
9.16,4.32653,33.79,62.55397669213365,0
6.04,4.336764,33.79,62.353829072479584,0
-3.4,4.330368,33.79,62.55397669213365,0
-16.29,4.341881,33.77,62.55397669213365,0
9.01,4.338043,33.77,62.353829072479584,0
0.33,4.339322,33.77,63.51377803280167,0
-17.52,4.335485,33.77,62.55397669213365,0
6.3,4.338043,33.79,62.353829072479584,0
-2.89,4.336764,33.79,63.31666447310692,0
-11.79,4.338043,33.79,62.353829072479584,0
6.52,4.334205,33.79,62.55397669213365,0
-6.33,4.332926,33.79,63.51377803280167,0
-4.69,4.335485,33.79,62.55397669213365,0
7.33,4.335485,33.79,63.51377803280167,0
-2.47,4.332926,33.79,62.55397669213365,0
-9.72,4.336764,33.81,62.55397669213365,0
11.59,4.341881,33.81,62.55397669213365,0
5.29,4.338043,33.81,62.55397669213365,0
-13.81,4.327809,33.81,62.55397669213365,0
-26.46,4.340601,33.81,63.51377803280167,0
21.09,4.339322,33.81,62.55397669213365,0
12.2,4.339322,33.81,62.55397669213365,0
-8.18,4.332926,33.81,63.33245613427605,0
-22.17,4.340601,33.83,62.55397669213365,0
21.48,4.344439,33.83,62.369864518050704,0
12.24,4.34316,33.83,62.369864518050704,0
-1.18,4.340601,33.83,62.369864518050704,0
-14.3,4.339322,33.83,62.55397669213365,0
-17.78,4.34316,33.83,62.369864518050704,0
16.41,4.339322,33.83,62.55397669213365,0
9.46,4.348277,33.83,63.51377803280167,0
-8.3,4.340601,33.83,63.51377803280167,0
-27.38,4.341881,33.83,62.369864518050704,0
14.82,4.336764,33.83,63.51377803280167,0
10.47,4.340601,33.83,62.369864518050704,0
-5.31,4.339322,33.83,62.55397669213365,0
-24.42,4.341881,33.83,62.369864518050704,0
13.81,4.341881,33.83,62.55397669213365,0
10.29,4.341881,33.83,63.33245613427605,0
-5.53,4.336764,33.83,62.369864518050704,0
-25.78,4.344439,33.83,63.51377803280167,0
16.02,4.339322,33.83,63.51377803280167,0
10.65,4.340601,33.83,62.55397669213365,0
-8.81,4.336764,33.84,62.55397669213365,0
-13.29,4.334205,33.84,62.55397669213365,0
9.49,4.338043,33.84,62.55397669213365,0
3.21,4.338043,33.84,62.55397669213365,0
-15.52,4.332926,33.83,62.55397669213365,0
16.17,4.339322,33.83,62.353829072479584,0
6.22,4.335485,33.83,62.55397669213365,0
-9.47,4.339322,33.83,62.55397669213365,0
1.09,4.332926,33.84,62.55397669213365,0
3.79,4.345718,33.84,62.55397669213365,0
-4.73,4.313737,33.84,62.55397669213365,0
-2.88,4.332926,33.84,62.55397669213365,0
3.45,4.329088,33.87,63.51377803280167,0
-7.74,4.338043,33.87,63.51377803280167,0
4.54,4.334205,33.87,62.55397669213365,0
3.92,4.338043,33.87,63.51377803280167,0
-5.75,4.335485,33.89,62.55397669213365,0
9.76,4.336764,33.89,62.55397669213365,0
9.8,4.336764,33.89,62.55397669213365,0
-3.24,4.338043,33.89,62.55397669213365,0
-26.15,4.338043,33.87,62.55397669213365,0
19.59,4.335485,33.87,62.55397669213365,0
12.6,4.338043,33.87,62.55397669213365,0
-0.77,4.327809,33.87,62.55397669213365,0
-11.46,4.338043,33.89,62.55397669213365,0
-25.57,4.331646,33.89,62.55397669213365,0
1.39,4.335485,33.89,63.51377803280167,0
22.52,4.334205,33.89,62.55397669213365,0
4.84,4.338043,33.89,62.55397669213365,0
-12.79,4.339322,33.89,62.55397669213365,0
-3.22,4.340601,33.89,62.55397669213365,0
2.05,4.340601,33.89,63.51377803280167,0
2.19,4.340601,33.91,62.55397669213365,0
-1.64,4.336764,33.91,62.55397669213365,0
-17.7,4.339322,33.91,62.55397669213365,0
18.48,4.338043,33.91,62.55397669213365,0
5.66,4.339322,33.93,62.55397669213365,0
-2.13,4.336764,33.93,62.55397669213365,0
-13.27,4.340601,33.93,62.16912416947821,0
11.02,4.335485,33.93,62.55397669213365,0
6.88,4.338043,33.95,63.33245613427605,0
-0.76,4.336764,33.95,63.51377803280167,0
-15.24,4.340601,33.95,63.31666447310692,0
-0.81,4.335485,33.95,62.369864518050704,0
10.76,4.340601,33.93,63.33245613427605,0
4.23,4.323971,33.93,63.31666447310692,0
-18.29,4.341881,33.93,62.353829072479584,0
12.96,4.339322,33.93,62.353829072479584,0
13.81,4.341881,33.95,63.31666447310692,0
-0.47,4.341881,33.95,62.353829072479584,0
-24.65,4.339322,33.95,63.31666447310692,0
22.59,4.341881,33.95,63.31666447310692,0
10.92,4.34316,33.95,62.353829072479584,0
-11.28,4.350835,33.95,62.353829072479584,0
-4.75,4.346998,33.95,62.353829072479584,0
8.45,4.346998,33.95,62.353829072479584,0
-1.51,4.340601,33.95,63.51377803280167,0
-21.12,4.352115,33.95,63.31666447310692,0
9.55,4.340601,33.95,63.51377803280167,0
0.98,4.346998,33.95,62.55397669213365,0
-24.61,4.34316,33.97,62.55397669213365,0
11.75,4.350835,33.97,62.55397669213365,0
2.29,4.344439,33.97,62.55397669213365,0
-23.37,4.352115,33.97,62.55397669213365,0
15.77,4.349556,33.95,62.55397669213365,0
5.38,4.354673,33.95,63.51377803280167,0
-24.2,4.346998,33.95,63.51377803280167,0
23.72,4.34316,33.95,62.55397669213365,0
11.71,4.34316,33.97,62.55397669213365,0
-5.43,4.352115,33.97,62.55397669213365,0
-18.43,4.340601,33.97,62.55397669213365,0
21.42,4.350835,33.97,62.55397669213365,0
8.76,4.349556,34.0,62.55397669213365,0
1.15,4.355952,34.0,62.369864518050704,0
-8.3,4.350835,34.0,63.51377803280167,0
-22.79,4.346998,34.0,63.51377803280167,0
10.01,4.350835,33.99,62.369864518050704,0
5.93,4.352115,33.99,62.369864518050704,0
-1.74,4.345718,33.99,63.51377803280167,0
-15.86,4.352115,33.99,62.369864518050704,0
15.83,4.350835,34.05,63.33245613427605,0
7.46,4.349556,34.05,62.369864518050704,0
-1.23,4.346998,34.05,62.369864518050704,0
-11.19,4.350835,34.05,62.369864518050704,0
-18.29,4.349556,34.03,62.369864518050704,0
15.75,4.346998,34.03,62.369864518050704,0
8.1,4.350835,34.03,63.33245613427605,0
-11.18,4.345718,34.03,63.33245613427605,0
-28.63,4.350835,34.05,62.369864518050704,0
19.68,4.339322,34.05,62.369864518050704,0
12.36,4.327809,34.05,63.13477647065839,0
-8.24,4.334205,34.05,63.33245613427605,0
-28.86,4.344439,34.03,62.369864518050704,0
17.25,4.345718,34.03,62.369864518050704,0
12.11,4.346998,34.03,62.55397669213365,0
-10.21,4.344439,34.03,62.353829072479584,0
-19.37,4.348277,34.07,62.353829072479584,0
13.74,4.345718,34.07,63.31666447310692,0
6.69,4.349556,34.07,63.51377803280167,0
-16.04,4.34316,34.07,62.55397669213365,0
4.58,4.344439,34.07,62.55397669213365,0
7.79,4.346998,34.07,62.55397669213365,0
0.34,4.348277,34.07,62.55397669213365,0
-22.99,4.345718,34.07,62.353829072479584,0
17.68,4.348277,34.05,62.55397669213365,0
6.22,4.346998,34.05,62.55397669213365,0
-20.91,4.349556,34.05,62.55397669213365,0
16.06,4.346998,34.05,62.55397669213365,0
3.35,4.352115,34.09,62.55397669213365,0
-20.94,4.346998,34.09,62.55397669213365,0
10.49,4.352115,34.09,62.55397669213365,0
1.56,4.336764,34.09,63.51377803280167,0
-14.41,4.353394,34.09,62.55397669213365,0
11.06,4.350835,34.09,62.55397669213365,0
-2.41,4.350835,34.09,62.55397669213365,0
-17.71,4.349556,34.09,62.55397669213365,0
14.98,4.353394,34.11,62.55397669213365,0
7.21,4.357232,34.11,62.55397669213365,0
0.05,4.354673,34.11,62.55397669213365,0
-13.35,4.35979,34.11,62.369864518050704,0
-28.61,4.350835,34.11,63.51377803280167,0
15.83,4.354673,34.11,62.369864518050704,0
15.68,4.346998,34.11,63.51377803280167,0
1.95,4.352115,34.11,62.369864518050704,0
-13.61,4.352115,34.13,62.369864518050704,0
-32.39,4.353394,34.13,63.33245613427605,0
16.29,4.353394,34.13,62.369864518050704,0
15.7,4.354673,34.13,62.55397669213365,0
-1.37,4.349556,34.15,62.369864518050704,0
-13.71,4.357232,34.15,62.369864518050704,0
-27.31,4.350835,34.15,62.369864518050704,0
11.94,4.352115,34.15,62.369864518050704,0
14.21,4.348277,34.16,63.33245613427605,0
-1.82,4.345718,34.16,62.369864518050704,0
-16.64,4.349556,34.16,63.33245613427605,0
4.56,4.350835,34.16,62.369864518050704,0
9.77,4.346998,34.16,62.369864518050704,0
6.95,4.350835,34.16,63.33245613427605,0
-6.76,4.345718,34.16,63.33245613427605,0
-27.6,4.349556,34.16,62.55397669213365,0
15.48,4.346998,34.16,62.55397669213365,0
11.21,4.357232,34.16,62.55397669213365,0
-4.44,4.349556,34.16,62.369864518050704,0
-22.03,4.353394,34.16,62.55397669213365,0
23.03,4.344439,34.16,62.55397669213365,0
13.97,4.358511,34.16,63.51377803280167,0
-5.1,4.348277,34.16,62.353829072479584,0
-21.24,4.354673,34.16,62.55397669213365,0
23.4,4.349556,34.18,62.55397669213365,0
12.59,4.35979,34.18,62.353829072479584,0
-11.96,4.353394,34.18,62.55397669213365,0
0.59,4.355952,34.18,62.55397669213365,0
2.82,4.357232,34.18,63.51377803280167,0
-5.22,4.362349,34.18,62.55397669213365,0
0.09,4.353394,34.18,62.55397669213365,0
3.81,4.352115,34.18,62.55397669213365,0
-9.53,4.355952,34.21,62.55397669213365,0
9.9,4.362349,34.21,62.55397669213365,0
7.23,4.354673,34.21,62.55397669213365,0
-11.67,4.363628,34.21,62.55397669213365,0
12.99,4.354673,34.21,62.55397669213365,0
12.8,4.363628,34.21,62.55397669213365,0
1.09,4.354673,34.21,62.55397669213365,0
-11.06,4.349556,34.21,62.55397669213365,0
-23.2,4.354673,34.23,62.55397669213365,0
12.05,4.363628,34.23,62.55397669213365,0
10.8,4.349556,34.23,62.55397669213365,0
-2.02,4.358511,34.23,62.369864518050704,0
-18.96,4.353394,34.21,63.33245613427605,0
14.21,4.364907,34.21,62.55397669213365,0
9.71,4.335485,34.21,62.55397669213365,0
4.94,4.353394,34.21,62.369864518050704,0
-6.31,4.350835,34.25,62.55397669213365,0
-28.05,4.361069,34.25,62.369864518050704,0
16.18,4.35979,34.25,63.33245613427605,0
12.3,4.35979,34.25,63.51377803280167,0
0.37,4.355952,34.25,62.369864518050704,0
-14.4,4.358511,34.25,63.33245613427605,0
8.53,4.355952,34.25,63.33245613427605,0
4.98,4.363628,34.25,62.369864518050704,0
4.38,4.354673,34.27,63.33245613427605,0
-8.46,4.362349,34.27,62.369864518050704,0
-16.59,4.357232,34.27,62.369864518050704,0
8.6,4.362349,34.27,62.55397669213365,0
4.69,4.355952,34.27,63.33245613427605,0
-5.87,4.367465,34.27,62.369864518050704,0
-22.55,4.35979,34.27,62.55397669213365,0
16.87,4.362349,34.27,62.55397669213365,0
6.39,4.353394,34.31,62.55397669213365,0
-9.92,4.367465,34.31,62.55397669213365,0
-24.85,4.362349,34.31,62.55397669213365,0
16.01,4.363628,34.31,62.55397669213365,0
9.46,4.352115,34.29,63.51377803280167,0
-9.99,4.368745,34.29,62.55397669213365,0
-10.4,4.355952,34.29,63.51377803280167,0
5.98,4.364907,34.29,62.55397669213365,0
1.32,4.368745,34.33,62.55397669213365,0
-22.11,4.370024,34.33,62.55397669213365,0
19.47,4.364907,34.33,62.55397669213365,0
6.3,4.361069,34.33,62.55397669213365,0
-21.22,4.364907,34.31,62.55397669213365,0
16.59,4.364907,34.31,62.55397669213365,0
4.65,4.362349,34.31,62.55397669213365,0
-24.01,4.35979,34.31,62.55397669213365,0
17.15,4.362349,34.34,62.55397669213365,0
3.55,4.362349,34.34,62.55397669213365,0
-25.47,4.362349,34.34,62.55397669213365,0
17.2,4.363628,34.34,62.55397669213365,0
6.99,4.361069,34.34,62.55397669213365,0
-10.33,4.363628,34.34,62.55397669213365,0
-21.43,4.355952,34.34,62.55397669213365,0
14.18,4.362349,34.34,62.55397669213365,0
11.67,4.361069,34.37,62.55397669213365,0
-1.47,4.361069,34.37,62.55397669213365,0
-19.02,4.35979,34.37,62.55397669213365,0
8.65,4.355952,34.37,62.55397669213365,0
12.62,4.35979,34.37,63.51377803280167,0
8.27,4.355952,34.37,62.55397669213365,0
-5.03,4.35979,34.37,63.51377803280167,0
-27.57,4.354673,34.37,63.33245613427605,0
17.54,4.35979,34.39,62.369864518050704,0
14.8,4.348277,34.39,62.369864518050704,0
1.76,4.357232,34.39,62.369864518050704,0
-12.2,4.352115,34.39,63.33245613427605,0
-21.22,4.358511,34.41,62.369864518050704,0
9.17,4.358511,34.41,63.33245613427605,0
10.92,4.361069,34.41,62.369864518050704,0
-3.91,4.357232,34.41,62.369864518050704,0
-21.81,4.361069,34.41,63.33245613427605,0
16.53,4.357232,34.41,62.369864518050704,0
9.64,4.35979,34.41,63.33245613427605,0
0.34,4.354673,34.41,63.33245613427605,0
-16.6,4.352115,34.41,62.369864518050704,0
15.42,4.354673,34.41,62.369864518050704,0
4.71,4.355952,34.41,62.369864518050704,0
3.11,4.352115,34.41,62.55397669213365,0
-13.56,4.362349,34.43,63.51377803280167,0
2.26,4.354673,34.43,62.55397669213365,0
6.28,4.362349,34.43,63.51377803280167,0
4.72,4.355952,34.43,62.55397669213365,0
-14.67,4.361069,34.41,62.55397669213365,0
14.54,4.358511,34.41,62.55397669213365,0
6.77,4.364907,34.41,62.55397669213365,0
-4.15,4.350835,34.41,62.55397669213365,0
-25.47,4.35979,34.43,62.55397669213365,0
15.44,4.358511,34.43,62.55397669213365,0
4.16,4.35979,34.43,62.55397669213365,0
-24.16,4.353394,34.43,62.55397669213365,0
10.98,4.361069,34.45,62.55397669213365,0
0.95,4.35979,34.45,62.55397669213365,0
-21.7,4.336764,34.45,62.55397669213365,0
12.36,4.353394,34.45,62.55397669213365,0
0.41,4.353394,34.47,62.55397669213365,0
-25.99,4.349556,34.47,62.55397669213365,0
19.78,4.345718,34.47,62.55397669213365,0
9.57,4.349556,34.47,62.55397669213365,0
0.1,4.352115,34.47,62.55397669213365,0
-17.39,4.349556,34.47,62.55397669213365,0
-10.93,4.353394,34.47,62.55397669213365,0
15.29,4.349556,34.47,62.55397669213365,0
12.16,4.354673,34.47,62.55397669213365,0
-1.82,4.358511,34.47,62.55397669213365,0
-19.17,4.358511,34.47,63.51377803280167,0
-18.99,4.354673,34.47,62.55397669213365,0
15.92,4.357232,34.49,62.369864518050704,0
11.41,4.346998,34.49,62.76941930590086,0
-3.02,4.358511,34.49,62.369864518050704,0
-22.36,4.350835,34.49,63.51377803280167,0
4.62,4.355952,34.49,62.369864518050704,0
15.91,4.353394,34.49,62.369864518050704,0
7.76,4.357232,34.49,62.369864518050704,0
-7.1,4.352115,34.49,62.369864518050704,0
-25.98,4.357232,34.5,62.55397669213365,0
17.51,4.354673,34.5,62.369864518050704,0
14.18,4.357232,34.5,62.55397669213365,0
3.12,4.354673,34.5,62.55397669213365,0
-12.64,4.350835,34.53,62.55397669213365,0
-3.79,4.358511,34.53,62.55397669213365,0
5.57,4.357232,34.53,62.55397669213365,0
7.85,4.35979,34.53,62.55397669213365,0
-6.44,4.362349,34.53,63.51377803280167,0
-25.37,4.361069,34.53,62.55397669213365,0
19.25,4.362349,34.53,62.55397669213365,0
10.21,4.362349,34.53,62.55397669213365,0
-7.04,4.363628,34.55,63.51377803280167,0
-23.1,4.361069,34.55,62.55397669213365,0
17.34,4.363628,34.55,62.55397669213365,0
10.33,4.348277,34.55,62.55397669213365,0
-10.17,4.364907,34.55,63.51377803280167,0
8.45,4.355952,34.55,62.55397669213365,0
3.36,4.363628,34.55,63.51377803280167,0
-6.99,4.354673,34.55,62.55397669213365,0
-6.13,4.364907,34.57,63.33245613427605,0
8.65,4.364907,34.57,62.369864518050704,0
1.72,4.364907,34.57,62.55397669213365,0
-23.78,4.368745,34.57,62.55397669213365,0
19.84,4.366187,34.57,63.33245613427605,0
15.92,4.364907,34.57,62.55397669213365,0
1.5,4.35979,34.57,62.369864518050704,0
-16.02,4.354673,34.57,62.55397669213365,0
-14.4,4.364907,34.59,63.51377803280167,0
14.2,4.364907,34.59,62.55397669213365,0
9.4,4.363628,34.59,62.55397669213365,0
-3.25,4.363628,34.59,62.369864518050704,0
-17.77,4.363628,34.57,62.369864518050704,0
10.73,4.364907,34.57,62.369864518050704,0
11.27,4.366187,34.57,62.369864518050704,0
2.02,4.363628,34.57,62.55397669213365,0
-9.32,4.361069,34.57,63.33245613427605,0
-27.93,4.358511,34.57,63.51377803280167,0
16.21,4.363628,34.57,62.55397669213365,0
14.36,4.361069,34.57,62.369864518050704,0
-1.21,4.363628,34.59,62.369864518050704,0
-19.61,4.361069,34.59,62.369864518050704,0
12.96,4.364907,34.59,63.51377803280167,0
12.29,4.366187,34.59,63.51377803280167,0
4.83,4.364907,34.61,62.55397669213365,0
-13.34,4.367465,34.61,62.55397669213365,0
-5.82,4.361069,34.61,63.51377803280167,0
10.52,4.363628,34.61,62.55397669213365,0
5.99,4.353394,34.59,63.51377803280167,0
-11.1,4.363628,34.59,62.55397669213365,0
-9.3,4.362349,34.59,62.55397669213365,0
7.43,4.363628,34.59,62.55397669213365,0
3.75,4.35979,34.57,63.51377803280167,0
-15.8,4.363628,34.57,62.55397669213365,0
14.82,4.35979,34.57,63.51377803280167,0
4.86,4.363628,34.57,62.55397669213365,0
-13.46,4.35979,34.57,62.55397669213365,0
12.83,4.363628,34.57,63.51377803280167,0
5.72,4.341881,34.57,62.55397669213365,0
-14.56,4.350835,34.57,62.55397669213365,0
18.17,4.361069,34.59,62.55397669213365,0
6.86,4.363628,34.59,62.55397669213365,0
-17.91,4.35979,34.59,62.55397669213365,0
19.55,4.35979,34.59,62.55397669213365,0
14.03,4.361069,34.57,63.51377803280167,0
2.0,4.349556,34.57,62.55397669213365,0
-3.55,4.35979,34.57,63.33245613427605,0
-17.95,4.355952,34.57,62.369864518050704,0
1.32,4.363628,34.59,62.369864518050704,0
13.35,4.363628,34.59,63.33245613427605,0
4.57,4.358511,34.59,62.369864518050704,0
-0.89,4.363628,34.59,62.369864518050704,0
-11.26,4.362349,34.57,62.55397669213365,0
-9.45,4.364907,34.57,63.33245613427605,0
7.71,4.358511,34.57,62.55397669213365,0
3.85,4.362349,34.57,62.369864518050704,0
-1.94,4.362349,34.57,63.51377803280167,0
-16.12,4.367465,34.57,62.369864518050704,0
3.36,4.368745,34.57,62.369864518050704,0
11.37,4.366187,34.57,62.369864518050704,0
6.51,4.364907,34.57,63.51377803280167,0
-4.42,4.361069,34.57,63.33245613427605,0
-24.86,4.361069,34.57,63.51377803280167,0
15.34,4.363628,34.57,62.55397669213365,0
14.73,4.35979,34.55,63.51377803280167,0
-1.39,4.363628,34.55,62.353829072479584,0
-17.94,4.358511,34.55,62.353829072479584,0
11.38,4.363628,34.55,62.55397669213365,0
11.0,4.35979,34.55,62.55397669213365,0
3.15,4.364907,34.55,62.55397669213365,0
-11.19,4.35979,34.55,62.55397669213365,0
6.22,4.364907,34.55,63.51377803280167,0
6.39,4.352115,34.57,62.55397669213365,0
1.63,4.367465,34.57,62.55397669213365,0
-20.56,4.35979,34.57,62.55397669213365,0
12.5,4.364907,34.57,62.55397669213365,0
4.16,4.35979,34.53,63.51377803280167,0
-17.95,4.367465,34.53,62.55397669213365,0
11.02,4.35979,34.53,62.55397669213365,0
2.67,4.368745,34.53,62.55397669213365,0
-21.58,4.366187,34.55,62.55397669213365,0
9.42,4.371304,34.55,62.55397669213365,0
0.65,4.363628,34.55,62.55397669213365,0
-17.01,4.35979,34.55,62.55397669213365,0
12.57,4.362349,34.53,62.55397669213365,0
3.9,4.368745,34.53,62.55397669213365,0
-16.26,4.363628,34.53,62.369864518050704,0
16.97,4.364907,34.53,62.369864518050704,0
11.81,4.364907,34.5,62.55397669213365,0
2.87,4.371304,34.5,62.55397669213365,0
-11.07,4.367465,34.5,62.55397669213365,0
-24.71,4.368745,34.5,62.55397669213365,0
15.36,4.368745,34.5,62.55397669213365,0
10.34,4.375141,34.5,62.55397669213365,0
-3.95,4.362349,34.5,62.55397669213365,0
-20.84,4.370024,34.5,62.55397669213365,0
17.09,4.368745,34.49,62.55397669213365,0
12.04,4.373862,34.49,62.55397669213365,0
-0.37,4.361069,34.49,62.55397669213365,0
-13.76,4.371304,34.49,62.369864518050704,0
2.93,4.370024,34.47,63.51377803280167,0
8.95,4.371304,34.47,62.55397669213365,0
3.2,4.37642,34.47,62.369864518050704,0
-12.05,4.373862,34.47,62.55397669213365,0
-10.28,4.372583,34.47,62.55397669213365,0
8.79,4.371304,34.47,62.55397669213365,0
6.73,4.375141,34.47,62.55397669213365,0
-11.78,4.372583,34.47,63.51377803280167,0
-10.39,4.372583,34.49,62.55397669213365,0
8.62,4.373862,34.49,62.55397669213365,0
6.24,4.372583,34.49,62.353829072479584,0
-12.96,4.372583,34.49,62.55397669213365,0
9.2,4.373862,34.49,62.55397669213365,0
4.56,4.375141,34.49,62.55397669213365,0
-2.9,4.373862,34.49,62.55397669213365,0
-3.52,4.373862,34.49,62.55397669213365,0
2.95,4.367465,34.47,63.51377803280167,0
-5.83,4.375141,34.47,63.51377803280167,0
4.22,4.350835,34.47,63.51377803280167,0
2.54,4.367465,34.47,62.55397669213365,0
-9.78,4.364907,34.47,63.51377803280167,0
16.33,4.368745,34.47,62.55397669213365,0
9.88,4.370024,34.47,62.55397669213365,0
-5.59,4.371304,34.47,62.55397669213365,0
-16.56,4.371304,34.47,63.51377803280167,0
15.15,4.366187,34.47,62.55397669213365,0
10.98,4.371304,34.47,62.55397669213365,0
0.32,4.361069,34.47,63.51377803280167,0
-9.03,4.370024,34.45,62.55397669213365,0
-25.97,4.363628,34.45,62.55397669213365,0
16.13,4.368745,34.45,62.55397669213365,0
14.01,4.363628,34.45,63.33245613427605,0
-0.16,4.368745,34.47,62.369864518050704,0
-6.8,4.366187,34.47,63.51377803280167,0
-22.8,4.367465,34.47,63.51377803280167,0
11.8,4.367465,34.47,62.369864518050704,0
12.21,4.372583,34.47,62.55397669213365,0
0.34,4.363628,34.47,62.369864518050704,0
-8.19,4.35979,34.47,63.33245613427605,0
-24.64,4.364907,34.47,62.55397669213365,0
12.15,4.366187,34.45,63.33245613427605,0
11.65,4.368745,34.45,62.369864518050704,0
1.53,4.371304,34.45,62.369864518050704,0
-12.79,4.366187,34.45,63.33245613427605,0
-18.85,4.371304,34.45,62.369864518050704,0
13.04,4.367465,34.45,63.33245613427605,0
12.85,4.371304,34.45,62.369864518050704,0
-3.73,4.366187,34.45,63.33245613427605,0
-26.53,4.370024,34.45,62.369864518050704,0
16.9,4.361069,34.45,63.33245613427605,0
16.68,4.371304,34.45,62.55397669213365,0
-2.4,4.364907,34.45,62.55397669213365,0
-19.39,4.370024,34.45,62.55397669213365,0
19.59,4.368745,34.45,62.55397669213365,0
15.0,4.370024,34.45,62.55397669213365,0
-2.5,4.364907,34.45,62.55397669213365,0
-16.27,4.370024,34.43,62.55397669213365,0
17.39,4.367465,34.43,62.55397669213365,0
9.1,4.370024,34.43,62.55397669213365,0
-4.5,4.366187,34.43,62.55397669213365,0
-19.01,4.364907,34.43,62.55397669213365,0
8.28,4.370024,34.43,63.51377803280167,0
5.3,4.370024,34.43,62.55397669213365,0
-16.17,4.366187,34.43,62.55397669213365,0
12.18,4.371304,34.43,62.55397669213365,0
5.42,4.366187,34.43,63.51377803280167,0
-17.19,4.368745,34.43,62.55397669213365,0
13.9,4.370024,34.43,62.55397669213365,0
5.4,4.371304,34.43,62.55397669213365,0
-14.71,4.373862,34.43,63.51377803280167,0
14.34,4.372583,34.43,62.55397669213365,0
12.29,4.366187,34.43,63.33245613427605,0
3.68,4.373862,34.41,62.55397669213365,0
-8.36,4.364907,34.41,62.369864518050704,0
-27.31,4.375141,34.41,62.55397669213365,0
18.48,4.373862,34.41,62.369864518050704,0
16.98,4.375141,34.41,62.55397669213365,0
0.85,4.363628,34.41,62.369864518050704,0
-8.32,4.372583,34.41,62.369864518050704,0
-26.49,4.368745,34.41,62.369864518050704,0
14.99,4.375141,34.41,62.55397669213365,0
13.08,4.373862,34.41,62.55397669213365,0
-2.86,4.368745,34.41,62.55397669213365,0
-17.3,4.373862,34.41,62.55397669213365,0
4.1,4.373862,34.43,62.55397669213365,0
8.91,4.378979,34.43,63.51377803280167,0
4.26,4.37642,34.43,61.7980582219215,0
-9.22,4.37642,34.43,62.76941930590086,0
0.25,4.3777,34.39,62.55397669213365,0
3.36,4.37642,34.39,62.55397669213365,0
-0.38,4.3777,34.39,63.51377803280167,0
-25.99,4.37642,34.39,62.369864518050704,0
16.26,4.371304,34.41,62.55397669213365,0
6.45,4.368745,34.41,62.55397669213365,0
-20.43,4.375141,34.41,63.33245613427605,0
14.94,4.368745,34.41,63.33245613427605,0
14.28,4.37642,34.39,62.41794613730894,0
-1.01,4.378979,34.39,62.76941930590086,0
-27.1,4.354673,34.39,62.76941930590086,0
18.77,4.370024,34.39,62.369864518050704,0
17.41,4.371304,34.41,62.369864518050704,0
-2.47,4.375141,34.41,63.51377803280167,0
-27.26,4.372583,34.41,62.55397669213365,0
14.46,4.372583,34.41,63.72597586541927,0
13.33,4.367465,34.37,63.54525946126902,0
-5.94,4.378979,34.37,62.16912416947821,0
-26.16,4.371304,34.37,62.16912416947821,0
-14.88,4.375141,34.37,63.13477647065839,0
41.33,4.370024,34.41,63.13477647065839,0
-3.33,4.373862,34.41,63.31666447310692,0
-15.07,4.368745,34.41,63.13477647065839,0
1.54,4.373862,34.41,63.13477647065839,0
-6.66,4.373862,34.37,63.13477647065839,0
-17.16,4.375141,34.37,62.55397669213365,0
8.05,4.372583,34.37,62.16912416947821,0
1.63,4.370024,34.37,62.55397669213365,0
-24.57,4.373862,34.37,62.55397669213365,0
9.29,4.37642,34.37,62.55397669213365,0
3.51,4.373862,34.37,62.75348595894893,0
-15.93,4.37642,34.37,62.76941930590086,0
14.83,4.373862,34.39,62.55397669213365,0
-3.48,4.382817,34.39,63.198101237299845,0
-6.05,4.3777,34.39,64.47480127925948,0
-5.76,4.384096,34.39,63.13477647065839,0
12.81,4.37642,34.37,63.788713735268246,0
-0.11,4.385375,34.37,63.608175575157006,0
-1.8,4.372583,34.37,62.96824596572466,0
14.45,4.382817,34.37,64.95382975621992,0
0.66,4.331646,34.39,66.03786792439622,0
-9.65,4.340601,34.39,71.13367697511495,0
-28.6,4.334205,34.39,55.60575509783138,0
8.61,4.375141,34.39,59.43904440685432,0
25.58,4.336764,34.37,64.82283548256741,0
-0.59,4.330368,34.37,64.28841264178172,0
8.86,4.323971,34.37,65.40642170307133,0
61.63,4.330368,34.37,65.58963332722634,0
-48.67,4.334205,34.37,55.767373974394744,0
12.39,4.405843,34.37,70.00714249274856,0
82.89,4.426311,34.37,62.42595614005443,0
49.41,4.439104,34.37,63.25345840347388,0
-79.19,4.441662,34.33,63.41135544995076,0
-119.56,4.449338,34.33,62.91263784010332,0
89.19,4.433987,34.33,63.796551630946325,0
49.2,4.440383,34.33,63.0,0
-56.19,4.440383,34.34,63.694583757176716,0
-34.63,4.448059,34.34,63.608175575157006,0
-1.41,4.440383,34.34,62.20932405998316,0
-48.4,4.439104,34.34,63.0,0
40.43,4.430149,34.33,63.0,0
23.21,4.442942,34.33,63.0,0
-10.4,4.437825,34.33,63.0,0
3.44,4.437825,34.33,63.0,0
27.21,4.433987,34.33,63.0,0
14.21,4.444221,34.33,63.0,0
-26.12,4.436545,34.33,61.603571325045756,0
11.6,4.442942,34.33,62.32976816898969,0
23.53,4.4455,34.31,64.5445582524197,0
23.59,4.4455,34.31,63.4428877022476,0
26.43,4.432707,34.31,62.625873247404705,0
43.48,4.42887,34.31,63.52952069707436,0
-58.35,4.430149,34.27,62.71363488110062,0
-152.58,4.435266,34.27,63.52952069707436,0
41.78,4.433987,34.27,61.75759062657804,0
40.41,4.442942,34.27,63.324560795950255,0
10.04,4.435266,34.29,63.608175575157006,0
21.11,4.444221,34.29,62.048368229954285,0
105.41,4.437825,34.29,63.608175575157006,0
67.4,4.444221,34.29,63.608175575157006,0
-95.62,4.440383,34.25,62.20932405998316,0
-49.96,4.450617,34.25,62.82515419798029,0
9.17,4.433987,34.25,63.0,0
-5.71,4.444221,34.25,63.0,0
-29.64,4.437825,34.27,62.40192304729078,0
-19.31,4.4455,34.27,63.20601237224193,0
0.16,4.437825,34.27,63.20601237224193,0
5.59,4.439104,34.27,64.01562309311689,0
-2.94,4.436545,34.23,63.20601237224193,0
0.46,4.4455,34.23,62.625873247404705,0
3.41,4.422473,34.23,62.625873247404705,0
-7.48,4.451896,34.23,63.4428877022476,0
-0.65,4.464689,34.23,64.01562309311689,0
1.75,4.473644,34.23,63.29296959378664,0
-10.44,4.473644,34.23,64.10148204214939,0
-18.1,4.469806,34.23,63.20601237224193,0
-3.84,4.467247,34.23,63.20601237224193,0
2.83,4.473644,34.23,62.40192304729078,0
-39.8,4.467247,34.23,62.40192304729078,0
-48.84,4.469806,34.23,63.20601237224193,0
2.8,4.465968,34.18,63.20601237224193,0
102.65,4.474923,34.18,63.20601237224193,0
23.96,4.465968,34.18,63.20601237224193,0
-59.96,4.471085,34.18,63.0,0
63.89,4.459572,34.18,62.40192304729078,0
48.18,4.474923,34.18,63.20601237224193,0
13.85,4.468526,34.18,62.40192304729078,0
-41.28,4.472364,34.18,63.796551630946325,0
47.02,4.469806,34.18,62.40192304729078,0
37.64,4.477481,34.18,63.0,0
-1.91,4.469806,34.18,63.0,0
-42.88,4.473644,34.18,63.0,0
22.48,4.476202,34.16,63.0,0
29.8,4.482598,34.16,63.0,0
-3.81,4.473644,34.16,63.0,0
-37.02,4.471085,34.16,63.0,0
25.28,4.476202,34.21,63.0,0
27.33,4.485157,34.21,63.0,0
-1.88,4.477481,34.21,63.0,0
-17.8,4.48004,34.21,63.796551630946325,0
5.26,4.476202,34.18,63.0,0
36.15,4.483878,34.18,63.0,0
18.5,4.478761,34.18,63.20601237224193,0
-19.12,4.483878,34.18,62.40192304729078,0
-28.16,4.477481,34.15,63.0,0
-10.1,4.487715,34.15,63.796551630946325,0
-9.79,4.471085,34.15,63.0,0
-31.05,4.483878,34.15,63.0,0
24.73,4.477481,34.16,63.0,0
24.44,4.487715,34.16,63.0,0
-3.29,4.476202,34.16,63.796551630946325,0
-57.91,4.481319,34.16,63.0,0
22.96,4.477481,34.13,63.0,0
32.4,4.485157,34.13,63.0,0
16.78,4.482598,34.13,62.40192304729078,0
-17.36,4.481319,34.13,63.0,0
9.23,4.478761,34.11,63.29296959378664,0
28.3,4.48004,34.11,63.0,0
18.32,4.483878,34.11,63.324560795950255,0
-18.93,4.490274,34.11,62.55397669213365,0
53.52,4.486436,34.13,62.20932405998316,0
61.84,4.490274,34.13,63.53739056650029,0
59.65,4.481319,34.13,63.20601237224193,0
-28.36,4.481319,34.13,63.20601237224193,0
-80.82,4.476202,34.09,63.796551630946325,0
5.95,4.482598,34.09,63.20601237224193,0
-22.58,4.465968,34.09,63.20601237224193,0
-106.11,4.474923,34.09,62.40192304729078,0
57.3,4.465968,34.09,63.20601237224193,0
70.18,4.476202,34.09,63.20601237224193,0
32.68,4.468526,34.09,63.796551630946325,0
-15.56,4.468526,34.09,63.20601237224193,0
-19.37,4.465968,34.09,63.20601237224193,0
-17.79,4.46213,34.09,62.40192304729078,0
-29.16,4.463409,34.09,62.928530890209096,0
-77.94,4.464689,34.09,62.625873247404705,0
59.45,4.459572,34.09,62.625873247404705,0
58.65,4.458292,34.09,63.20601237224193,0
36.75,4.457013,34.09,62.625873247404705,0
0.13,4.450617,34.09,62.625873247404705,0
-18.77,4.455734,34.07,63.4428877022476,0
-5.61,4.454455,34.07,62.625873247404705,0
-18.65,4.454455,34.07,63.20601237224193,0
-70.25,4.453176,34.07,64.01562309311689,0
17.09,4.454455,34.07,63.20601237224193,0
15.13,4.454455,34.07,63.20601237224193,0
-15.01,4.453176,34.07,63.20601237224193,0
-93.14,4.454455,34.07,63.20601237224193,0
48.46,4.453176,34.05,63.20601237224193,0
82.59,4.458292,34.05,63.20601237224193,0
23.45,4.422473,34.05,63.20601237224193,0
-49.85,4.444221,34.05,63.20601237224193,0
29.66,4.442942,34.05,63.20601237224193,0
30.93,4.444221,34.05,63.20601237224193,0
-20.6,4.442942,34.05,63.20601237224193,0
-60.25,4.441662,34.05,63.20601237224193,0
38.02,4.441662,34.05,63.4428877022476,0
5.47,4.437825,34.05,63.20601237224193,0
-24.46,4.439104,34.05,63.20601237224193,0
-71.03,4.432707,34.05,63.20601237224193,0
65.72,4.435266,34.03,63.20601237224193,0
62.77,4.421194,34.03,63.20601237224193,0
-52.78,4.431428,34.03,63.20601237224193,0
-77.78,4.425032,34.03,63.20601237224193,0
28.15,4.42887,34.03,63.20601237224193,0
-5.38,4.425032,34.03,63.20601237224193,0
-38.59,4.426311,34.03,63.20601237224193,0
-75.7,4.421194,34.03,63.20601237224193,0
69.6,4.425032,34.05,63.20601237224193,0
33.4,4.422473,34.05,63.20601237224193,0
-51.28,4.42887,34.05,63.20601237224193,0
7.31,4.419915,34.05,63.0,0
21.33,4.419915,34.0,63.0,0
6.18,4.423753,34.0,63.0,0
-58.03,4.421194,34.0,63.0,0
44.23,4.417356,34.0,63.0,0
41.83,4.419915,33.99,63.0,0
-15.92,4.416077,33.99,63.0,0
-38.37,4.421194,33.99,62.928530890209096,0
13.69,4.414798,33.99,63.0,0
30.7,4.418636,34.0,63.0,0
39.03,4.417356,34.0,63.0,0
-25.83,4.417356,34.0,63.0,0
41.06,4.409681,34.0,63.20601237224193,0
23.2,4.417356,33.99,63.0,0
-22.59,4.41224,33.99,63.20601237224193,0
-48.07,4.425032,33.99,63.4428877022476,0
129.23,4.41096,33.99,62.88083968904996,0
110.19,4.419915,34.0,63.4428877022476,0
16.04,4.41224,34.0,62.625873247404705,0
-63.65,4.419915,34.0,63.4428877022476,0
-91.07,4.423753,34.0,63.20601237224193,0
-29.8,4.421194,33.99,63.20601237224193,0
-12.24,4.418636,33.99,63.20601237224193,0
-74.83,4.414798,33.99,63.20601237224193,0
13.04,4.418636,33.99,63.20601237224193,0
50.31,4.417356,33.97,63.20601237224193,0
-0.0,4.418636,33.97,63.20601237224193,0
-48.92,4.418636,33.97,63.20601237224193,0
67.86,4.417356,33.97,63.20601237224193,0
71.3,4.41096,33.99,63.20601237224193,0
-1.04,4.41224,33.99,62.625873247404705,0
-98.22,4.416077,33.99,64.26507605223851,0
26.73,4.416077,33.99,62.625873247404705,0
51.22,4.413519,33.97,63.4428877022476,0
58.71,4.405843,33.97,63.4428877022476,0
18.26,4.413519,33.97,63.4428877022476,0
-124.22,4.41096,33.97,62.625873247404705,0
-97.67,4.405843,33.95,63.4428877022476,0
-53.67,4.413519,33.95,62.625873247404705,0
-21.29,4.407123,33.95,63.4428877022476,0
132.56,4.408401,33.95,63.4428877022476,0
60.76,4.404564,33.95,62.625873247404705,0
-18.9,4.408401,33.95,63.4428877022476,0
-71.82,4.404564,33.95,62.625873247404705,0
28.85,4.408401,33.95,63.4428877022476,0
31.63,4.398168,33.93,63.4428877022476,0
-18.07,4.413519,33.93,63.4428877022476,0
-70.11,4.405843,33.93,62.625873247404705,0
44.89,4.409681,33.93,63.4428877022476,0
40.17,4.405843,33.95,62.625873247404705,0
-8.32,4.41096,33.95,63.20601237224193,0
-50.14,4.405843,33.95,63.4428877022476,0
40.76,4.409681,33.95,63.20601237224193,0
25.25,4.41096,33.93,63.4428877022476,0
-15.35,4.414798,33.93,63.20601237224193,0
-65.73,4.405843,33.93,63.20601237224193,0
32.2,4.403285,33.93,62.625873247404705,0
25.04,4.41096,33.91,63.20601237224193,0
-26.49,4.409681,33.91,63.20601237224193,0
-83.0,4.387934,33.91,63.20601237224193,0
44.3,4.403285,33.91,63.20601237224193,0
42.2,4.399447,33.91,63.20601237224193,0
-12.69,4.404564,33.91,63.20601237224193,0
-72.02,4.402006,33.91,63.20601237224193,0
35.02,4.407123,33.91,63.20601237224193,0
38.19,4.402006,33.89,63.20601237224193,0
-20.28,4.405843,33.89,63.29296959378664,0
-9.64,4.398168,33.89,64.08587988004847,0
19.04,4.41224,33.89,62.63385665915839,0
16.43,4.407123,33.91,63.53739056650029,0
2.74,4.413519,33.91,63.41135544995076,0
117.48,4.408401,33.91,63.41135544995076,0
1.09,4.41224,33.91,62.76941930590086,0
-48.05,4.408401,33.91,62.76941930590086,0
-152.89,4.417356,33.91,63.608175575157006,0
18.22,4.414798,33.91,62.20932405998316,0
81.63,4.418636,33.91,63.608175575157006,0
151.71,4.409681,33.91,64.08587988004847,0
-20.72,4.414798,33.91,60.489668539346454,0
-118.05,4.41224,33.91,58.80476171195663,0
-6.38,4.419915,33.91,63.85138996137829,0
18.46,4.41096,33.87,62.44197306299666,0
-84.55,4.419915,33.87,62.489999199871974,0
-44.49,4.413519,33.87,65.3834841531101,0
64.73,4.414798,33.87,63.229739838148944,0
35.49,4.41096,33.89,63.97655820689325,0
77.05,4.421194,33.89,62.56996084384263,0
-6.94,4.409681,33.89,63.31666447310692,0
-111.11,4.41096,33.89,63.31666447310692,0
15.87,4.399447,33.87,63.31666447310692,0
-134.75,4.41224,33.87,63.229739838148944,0
-30.92,4.399447,33.87,63.229739838148944,0
120.93,4.403285,33.87,63.31666447310692,0
77.45,4.396888,33.87,63.31666447310692,0
-11.36,4.402006,33.87,63.229739838148944,0
-54.37,4.389213,33.87,63.31666447310692,0
53.75,4.39433,33.87,63.31666447310692,0
35.34,4.393051,33.89,62.65780079128216,0
-9.38,4.396888,33.89,62.65780079128216,0
-80.12,4.389213,33.89,63.31666447310692,0
61.82,4.385375,33.89,63.31666447310692,0
59.06,4.386654,33.87,62.65780079128216,0
23.36,4.39433,33.87,64.06246951218786,0
-30.92,4.387934,33.87,63.31666447310692,0
16.61,4.391771,33.87,63.31666447310692,0
32.73,4.386654,33.87,62.65780079128216,0
-8.83,4.39433,33.87,62.65780079128216,0
-38.93,4.387934,33.87,63.31666447310692,0
-37.12,4.391771,33.87,62.65780079128216,0
25.56,4.387934,33.87,63.31666447310692,0
25.13,4.393051,33.87,63.229739838148944,0
-25.96,4.378979,33.87,62.65780079128216,0
-36.05,4.389213,33.87,63.229739838148944,0
26.12,4.385375,33.84,63.229739838148944,0
30.92,4.39433,33.84,62.65780079128216,0
-4.24,4.386654,33.84,62.65780079128216,0
-46.37,4.389213,33.84,62.65780079128216,0
30.04,4.386654,33.84,63.31666447310692,0
16.5,4.396888,33.84,62.65780079128216,0
-19.7,4.39433,33.84,63.31666447310692,0
-45.17,4.395609,33.84,63.31666447310692,0
31.11,4.390492,33.83,63.31666447310692,0
31.66,4.393051,33.83,64.16385275215322,0
-6.2,4.400726,33.83,64.41273166075166,0
-49.12,4.41096,33.83,60.51446108162907,0
57.88,4.304782,33.81,65.90902821313632,0
146.21,4.32653,33.81,55.66866263886712,0
235.69,4.330368,33.81,58.52349955359813,0
-219.99,4.34316,33.81,67.0,0
-109.82,4.349556,33.83,60.67124524847005,0
9.45,4.362349,33.83,59.90826320300064,0
1.9,4.348277,33.83,60.40695324215582,0
42.2,4.357232,33.83,64.8459713474939,0
-43.2,4.357232,33.81,65.23802572120036,0
-103.35,4.419915,33.81,63.13477647065839,0
-110.45,4.413519,33.81,62.52999280345393,0
-54.92,4.416077,33.81,63.221831672294975,0
47.22,4.41096,33.83,62.617888817813075,0
59.17,4.418636,33.83,63.221831672294975,0
-13.06,4.387934,33.83,63.221831672294975,0
51.87,4.404564,33.83,62.51399843235114,0
67.81,4.405843,33.81,62.51399843235114,0
7.98,4.408401,33.81,63.221831672294975,0
61.25,4.398168,33.81,63.221831672294975,0
33.94,4.39433,33.81,63.221831672294975,0
-10.07,4.395609,33.84,63.221831672294975,0
13.01,4.402006,33.84,62.51399843235114,0
34.64,4.39433,33.84,63.221831672294975,0
19.82,4.398168,33.84,63.221831672294975,0
-20.46,4.393051,33.81,63.13477647065839,0
-8.55,4.399447,33.81,63.221831672294975,0
-7.76,4.390492,33.81,63.221831672294975,0
13.25,4.39433,33.81,63.221831672294975,0
-16.94,4.389213,33.83,63.221831672294975,0
14.0,4.396888,33.83,63.221831672294975,0
11.62,4.381537,33.83,63.221831672294975,0
-5.14,4.390492,33.83,63.221831672294975,0
-29.38,4.384096,33.81,63.97655820689325,0
17.3,4.404564,33.81,62.56996084384263,0
12.34,4.398168,33.81,62.65780079128216,0
15.52,4.399447,33.81,62.489999199871974,0
0.77,4.39433,33.83,63.25345840347388,0
-0.29,4.403285,33.83,62.489999199871974,0
-22.94,4.399447,33.83,62.489999199871974,0
-21.14,4.405843,33.83,62.44197306299666,0
-6.71,4.398168,33.83,63.93746945258312,0
30.18,4.399447,33.83,62.489999199871974,0
-3.86,4.39433,33.83,63.89835678638379,0
-46.93,4.400726,33.83,62.489999199871974,0
-8.3,4.393051,33.79,63.166446789415026,0
-3.19,4.399447,33.79,63.166446789415026,0
-3.79,4.391771,33.79,63.166446789415026,0
-30.48,4.393051,33.79,63.13477647065839,0
12.79,4.387934,33.81,62.44197306299666,0
16.6,4.393051,33.81,63.93746945258312,0
13.38,4.384096,33.81,72.4568837309472,0
-14.93,4.395609,33.81,61.69278726074872,0
39.63,4.391771,33.81,63.53739056650029,0
39.38,4.436545,33.81,63.02380502635492,0
32.75,4.42759,33.81,65.14598989960932,0
17.99,4.418636,33.81,65.4217089351845,0
-172.9,4.400726,33.81,62.8728876384726,0
-76.51,4.398168,33.81,70.80254232723568,0
47.69,4.391771,33.81,70.61161377563892,0
286.47,4.396888,33.81,62.68971207462992,0
-103.1,4.395609,33.81,65.33758489567853,0
-186.41,4.398168,33.81,60.14149981501958,0
40.44,4.385375,33.81,63.796551630946325,0
45.0,4.375141,33.81,64.91532946846992,0
24.0,4.318854,33.79,60.844062980705026,0
-89.68,4.336764,33.79,62.68971207462992,0
-241.28,4.322692,33.79,63.28506932918696,0
-0.76,4.323971,33.79,62.8410693734599,0
148.8,4.323971,33.83,62.77738446287803,0
43.79,4.329088,33.83,62.52199612936234,0
-88.46,4.354673,33.83,63.608175575157006,0
137.85,4.32653,33.83,63.75735251718032,0
183.22,4.32653,33.83,63.58458932791813,0
337.6,4.327809,33.83,63.419239982831705,0
-458.81,4.321413,33.83,62.90468980926621,0
-210.31,4.32653,33.83,63.82789358893179,0
-33.9,4.323971,33.83,66.15134163416491,0
-32.33,4.37642,33.83,60.0416522091123,0
50.84,4.387934,33.83,60.024994793835674,0
46.11,4.384096,33.83,64.81512169239521,0
27.03,4.380258,33.84,64.17164482853778,0
61.18,4.389213,33.84,63.095166217389426,0
-65.2,4.385375,33.84,63.03967004989794,0
-58.54,4.380258,33.84,63.66317616958802,0
-68.12,4.323971,33.89,63.29296959378664,0
51.04,4.320133,33.89,63.03967004989794,0
26.64,4.327809,33.89,63.03967004989794,0
4.05,4.325251,33.89,63.4428877022476,0
-6.56,4.325251,33.87,63.29296959378664,0
14.0,4.315016,33.87,63.4428877022476,0
6.64,4.323971,33.87,63.4428877022476,0
-29.53,4.313737,33.87,63.4428877022476,0
-2.27,4.321413,33.87,63.4428877022476,0
8.72,4.320133,33.87,63.03967004989794,0
1.09,4.297107,33.87,63.4428877022476,0
-21.38,4.312458,33.87,63.387695966961914,0
21.22,4.30862,33.84,63.387695966961914,0
7.88,4.317575,33.84,63.387695966961914,0
-22.16,4.313737,33.84,63.387695966961914,0
-24.35,4.309899,33.84,63.58458932791813,0
8.55,4.313737,33.87,69.72804313904126,0
12.44,4.371304,33.87,64.28841264178172,0
-20.93,4.37642,33.87,65.58963332722634,0
22.44,4.389213,33.87,52.73518749374084,0
10.52,4.399447,33.87,76.03288762108144,0
-36.68,4.344439,33.87,56.444663166680336,0
7.38,4.355952,33.87,75.98684096605149,0
187.3,4.321413,33.87,69.26759704219572,0
-61.92,4.350835,33.87,55.24490926773253,0
-130.66,4.367465,33.87,51.01960407529639,0
-80.72,4.371304,33.87,74.65252842335616,0
-58.85,4.381537,33.87,54.26785420486054,0
40.56,4.464689,33.87,68.99275324264136,0
29.49,4.522255,33.87,64.27285585688566,0
126.23,4.476202,33.87,66.4981202741852,0
19.63,4.363628,33.87,53.0,0
-29.47,4.340601,33.87,56.938563381947034,0
-147.64,4.332926,33.87,67.56478372643548,0
-200.54,4.327809,33.87,57.723478758647246,0
328.06,4.330368,33.87,53.600373133029585,0
53.75,4.332926,33.89,69.66347680097513,0
-2.36,4.332926,33.89,62.433965115151864,0
10.58,4.334205,33.89,60.00833275470999,0
-8.75,4.334205,33.89,66.82065548915246,0
-7.18,4.334205,33.89,69.61321713582845,0
10.21,4.332926,33.89,50.60632371551998,0
-12.63,4.334205,33.89,56.15158056546583,0
20.9,4.332926,33.89,55.036351623268054,0
4.89,4.330368,33.89,68.87670143089025,0
-10.74,4.322692,33.89,71.72168430816443,0
16.64,4.331646,33.89,55.44366510251645,0
-4.16,4.332926,33.89,84.04760555780278,0
-13.64,4.338043,33.84,59.16924876994806,0
11.3,4.34316,33.84,61.40846847137616,0
-6.58,4.345718,33.84,50.96076922496363,0
6.66,4.346998,33.84,63.4428877022476,0
1.19,4.349556,33.87,66.21933252457322,0
-2.23,4.357232,33.87,66.94027188471824,0
14.39,4.352115,33.87,67.72001181334805,0
-10.87,4.349556,33.87,71.9444229944198,0
-6.24,4.400726,33.89,48.02082881417188,0
9.38,4.430149,33.89,63.56099432828282,0
6.05,4.42887,33.89,63.94528911499267,0
30.69,4.435266,33.89,47.51841748206689,0
-18.25,4.41096,33.87,87.77812939451375,0
-2.84,4.399447,33.87,58.80476171195663,0
-1.8,4.39433,33.87,62.00806399170998,0
-33.41,4.39433,33.87,60.94259594077036,0
23.52,4.395609,33.87,64.85368146836385,0
-31.13,4.390492,33.87,61.08191221630181,0
-3.66,4.386654,33.87,66.35510530471637,0
9.46,4.3777,33.87,61.741396161732524,0
-2.08,4.382817,33.84,64.18722614352485,0
-1.77,4.385375,33.84,66.17401302626281,0
3.98,4.389213,33.84,58.32666628567074,0
-10.82,4.393051,33.84,64.60650122085238,0
18.32,4.396888,33.84,63.72597586541927,0
-2.66,4.405843,33.84,59.54829972383762,0
2.52,4.404564,33.84,63.56099432828282,0
1.15,4.408401,33.84,63.20601237224193,0
-8.04,4.405843,33.87,61.91122676865643,0
19.48,4.407123,33.87,61.204574992397426,0
-3.09,4.398168,33.87,63.03967004989794,0
2.35,4.405843,33.87,63.03967004989794,0
-0.95,4.395609,33.84,62.68173577685928,0
-7.72,4.403285,33.84,63.58458932791813,0
9.36,4.393051,33.84,61.91122676865643,0
-3.35,4.403285,33.84,69.53416426476987,0
10.36,4.395609,33.87,61.04096984812741,0
-2.94,4.408401,33.87,66.82065548915246,0
-48.75,4.402006,33.87,64.70703207534712,0
45.94,4.41224,33.87,62.51399843235114,0
8.34,4.404564,33.87,64.10928169929842,0
-5.85,4.405843,33.87,62.8887907341205,0
-0.41,4.404564,33.87,62.44197306299666,0
-1.71,4.422473,33.87,61.91122676865643,0
5.35,4.414798,33.89,62.27358990776106,0
4.55,4.433987,33.89,63.35613624582863,0
-2.81,4.440383,33.89,61.91122676865643,0
-10.61,4.440383,33.89,62.44197306299666,0
5.21,4.436545,33.83,62.489999199871974,0
1.94,4.437825,33.83,62.080592780675026,0
-5.03,4.435266,33.83,62.27358990776106,0
-4.06,4.430149,33.83,62.44197306299666,0
2.43,4.423753,33.87,62.44197306299666,0
1.23,4.426311,33.87,61.91122676865643,0
-5.25,4.425032,33.87,61.91122676865643,0
-4.39,4.423753,33.87,63.35613624582863,0
1.43,4.422473,33.84,63.419239982831705,0
0.72,4.423753,33.84,59.715994507334464,0
-4.34,4.421194,33.84,65.72670690061993,0
-2.19,4.419915,33.84,63.03967004989794,0
4.12,4.417356,33.84,63.198101237299845,0
3.05,4.418636,33.84,61.91930232165088,0
-6.87,4.409681,33.84,61.91122676865643,0
2.49,4.408401,33.84,63.0,0
6.64,4.418636,33.87,63.35613624582863,0
0.56,4.409681,33.87,62.27358990776106,0
-3.61,4.418636,33.87,62.83311228962003,0
-0.35,4.421194,33.87,61.91122676865643,0
1.62,4.42887,33.87,62.44197306299666,0
-0.03,4.431428,33.87,63.03967004989794,0
-4.71,4.413519,33.87,61.56297588648554,0
-1.16,4.414798,33.87,63.190189111918315,0
1.89,4.416077,33.84,62.27358990776106,0
0.34,4.414798,33.84,62.83311228962003,0
-7.26,4.408401,33.84,62.27358990776106,0
4.65,4.41096,33.84,62.27358990776106,0
3.21,4.41096,33.83,63.190189111918315,0
-6.69,4.404564,33.83,63.190189111918315,0
2.17,4.403285,33.83,61.91122676865643,0
4.14,4.399447,33.83,61.35959582656978,0
-5.54,4.403285,33.84,63.35613624582863,0
5.34,4.402006,33.84,62.68173577685928,0
2.32,4.409681,33.84,62.44197306299666,0
-1.71,4.409681,33.84,62.27358990776106,0
-3.24,4.416077,33.83,62.64982043070834,0
-0.35,4.41224,33.83,62.44197306299666,0
-0.25,4.421194,33.83,62.27358990776106,0
-3.6,4.417356,33.83,62.64982043070834,0
2.19,4.425032,33.84,61.00819617067857,0
-0.81,4.454455,33.84,60.74537019394976,0
-5.45,4.474923,33.84,61.814237842102365,0
1.42,4.42887,33.84,62.40192304729078,0
1.41,4.490274,33.84,61.57921727336261,0
1.33,4.487715,33.84,52.24940191045253,0
19.6,4.488995,33.84,77.3950902835574,0
35.67,4.487715,33.84,64.59876159803684,0
-125.74,4.483878,33.83,63.190189111918315,0
20.14,4.497949,33.83,63.20601237224193,0
51.09,4.495391,33.83,62.52999280345393,0
-22.77,4.491553,33.83,62.52999280345393,0
1.13,4.492832,33.83,62.52999280345393,0
1.46,4.483878,33.83,62.52999280345393,0
-4.94,4.483878,33.83,63.25345840347388,0
4.65,4.476202,33.83,62.42595614005443,0
3.63,4.477481,33.83,62.68971207462992,0
-6.66,4.469806,33.83,62.36184731067546,0
3.61,4.472364,33.83,59.84981202978001,0
6.39,4.465968,33.83,62.32976816898969,0
-2.72,4.48004,33.84,54.35071296680477,0
-7.65,4.481319,33.84,63.2771680782255,0
13.32,4.497949,33.84,63.118935352238,0
16.16,4.492832,33.84,61.53048025166064,0
27.96,4.510742,33.83,62.00806399170998,0
-30.67,4.53121,33.83,63.82789358893179,0
-21.28,4.535048,33.83,62.81719509815764,0
-44.34,4.532489,33.83,62.65780079128216,0
-21.77,4.53121,33.83,61.91122676865643,0
4.82,4.509462,33.83,63.56099432828282,0
-4.44,4.524814,33.83,63.190189111918315,0
6.84,4.546561,33.83,62.83311228962003,0
8.97,4.559353,33.83,62.64982043070834,0
-1.57,4.559353,33.83,62.64982043070834,0
1.12,4.554236,33.83,62.83311228962003,0
4.01,4.567029,33.83,63.190189111918315,0
-0.74,4.587497,33.83,62.65780079128216,0
-5.11,4.579822,33.83,61.163714733492114,0
3.63,4.593893,33.83,62.20128616033595,0
3.3,4.586218,33.83,60.08327554319921,0
-3.23,4.600289,33.84,61.065538563088104,0
7.32,4.584939,33.84,66.91786009728644,0
9.94,4.606686,33.84,64.50581369148055,0
-2.57,4.606686,33.84,60.64651680022522,0
-9.86,4.630991,33.81,63.20601237224193,0
4.97,4.63355,33.81,62.27358990776106,0
1.44,4.654018,33.81,64.20280367709809,0
-2.77,4.656577,33.81,63.90618123468183,0
3.44,4.693675,33.83,63.94528911499267,0
1.13,4.705188,33.83,63.0,0
-4.33,4.733332,33.83,62.26556030423239,0
1.79,4.737169,33.83,62.81719509815764,0
4.73,4.730773,33.83,63.35613624582863,0
-4.64,4.739728,33.83,63.190189111918315,0
3.74,4.730773,33.83,63.35613624582863,0
0.9,4.720539,33.83,61.35144660071187,0
-4.6,4.70263,33.81,63.095166217389426,0
3.57,4.688558,33.81,62.44197306299666,0
1.71,4.673207,33.81,62.080592780675026,0
-4.79,4.665531,33.81,62.44197306299666,0
3.91,4.666811,33.83,64.50581369148055,0
1.19,4.669369,33.83,64.10928169929842,0
-2.03,4.683441,33.83,60.481402100149765,0
5.82,4.687279,33.83,64.10928169929842,0
1.05,4.697513,33.79,62.64982043070834,0
-3.7,4.709026,33.79,63.35613624582863,0
8.12,4.710305,33.79,63.90618123468183,0
-2.85,4.716702,33.79,63.7102817447859,0
-0.83,4.711584,33.81,64.10928169929842,0
4.5,4.723097,33.81,60.991802727907626,0
0.53,4.710305,33.81,64.64518543557594,0
-3.75,4.73589,33.81,66.94027188471824,0
2.15,4.707747,33.77,61.98386886924694,0
2.93,4.720539,33.77,62.3377895020348,0
-2.49,4.716702,33.77,62.27358990776106,0
4.68,4.737169,33.77,63.35613624582863,0
3.48,4.739728,33.77,62.00806399170998,0
-1.82,4.757638,33.77,62.83311228962003,0
0.12,4.755079,33.77,63.56099432828282,0
0.19,4.764034,33.77,64.20280367709809,0
-1.2,4.756358,33.79,69.3757882838098,0
5.9,4.771709,33.79,54.872579673275794,0
2.79,4.776826,33.79,61.59545437773797,0
8.0,4.765313,33.79,64.5445582524197,0
14.3,4.760196,33.81,62.75348595894893,0
19.92,4.753799,33.81,63.35613624582863,0
-4.93,4.746124,33.81,63.694583757176716,0
-14.72,4.729494,33.81,63.095166217389426,0
-5.5,4.65018,33.79,48.91829923454004,0
-20.86,4.682161,33.79,80.2122185206219,0
0.43,4.673207,33.79,61.57921727336261,0
1.41,4.664252,33.79,64.83054835492293,0
0.39,4.673207,33.77,61.07372593840988,0
-6.65,4.692396,33.77,63.94528911499267,0
0.92,4.706467,33.77,64.6297145282261,0
-18.7,4.715422,33.77,64.47480127925948,0
2.89,4.726935,33.77,59.55669567731239,0
8.62,4.748682,33.77,64.28841264178172,0
-5.81,4.752521,33.77,62.71363488110062,0
2.79,4.748682,33.77,62.44197306299666,0
2.93,4.755079,33.77,61.91122676865643,0
-1.88,4.755079,33.77,62.64982043070834,0
3.33,4.757638,33.77,62.44197306299666,0
-3.46,4.739728,33.77,62.64982043070834,0
4.03,4.733332,33.77,62.44197306299666,0
4.87,4.71798,33.77,62.44197306299666,0
-3.23,4.711584,33.77,62.44197306299666,0
9.39,4.691116,33.77,63.35613624582863,0
4.38,4.692396,33.77,63.35613624582863,0
-2.08,4.682161,33.77,62.489999199871974,0
4.56,4.673207,33.77,62.44197306299666,0
2.61,4.655297,33.77,62.49799996799898,0
-2.34,4.656577,33.77,62.30569797378086,0
4.4,4.641225,33.77,62.68173577685928,0
4.66,4.625875,33.77,61.75759062657804,0
-2.6,4.652739,33.77,62.44197306299666,0
3.23,4.662973,33.79,62.27358990776106,0
0.37,4.687279,33.79,62.27358990776106,0
-0.48,4.692396,33.79,62.27358990776106,0
1.85,4.71798,33.79,61.91122676865643,0
1.69,4.725656,33.75,62.27358990776106,0
-0.92,4.73589,33.75,62.64982043070834,0
2.8,4.738449,33.75,63.41135544995076,0
0.94,4.752521,33.75,63.190189111918315,0
-2.12,4.769151,33.75,62.64982043070834,0
2.56,4.784502,33.75,62.27358990776106,0
0.54,4.793457,33.75,62.27358990776106,0
-2.72,4.797294,33.75,62.27358990776106,0
2.05,4.792177,33.77,62.27358990776106,0
-0.38,4.778105,33.77,62.27358990776106,0
-1.69,4.77043,33.77,63.03967004989794,0
1.12,4.757638,33.77,62.64982043070834,0
1.29,4.738449,33.75,63.56099432828282,0
-0.94,4.737169,33.75,63.190189111918315,0
-1.41,4.725656,33.75,62.64982043070834,0
1.61,4.728215,33.75,61.91122676865643,0
-0.69,4.730773,33.77,62.27358990776106,0
-2.99,4.753799,33.77,62.27358990776106,0
2.48,4.760196,33.77,62.44197306299666,0
0.45,4.778105,33.77,62.27358990776106,0
-1.78,4.780664,33.75,62.27358990776106,0
3.27,4.810087,33.75,62.27358990776106,0
2.84,4.810087,33.75,62.27358990776106,0
-1.83,4.819041,33.75,62.27358990776106,0
2.04,4.825438,33.73,62.27358990776106,0
1.4,4.840789,33.73,62.64982043070834,0
-2.86,4.844626,33.73,62.27358990776106,0
-2.83,4.852302,33.73,62.27358990776106,0
2.18,4.849743,33.77,62.44197306299666,0
-1.37,4.857419,33.77,63.35613624582863,0
-4.13,4.852302,33.77,62.44197306299666,0
2.55,4.843347,33.77,62.83311228962003,0
0.27,4.852302,33.75,63.190189111918315,0
-2.7,4.85614,33.75,62.64982043070834,0
4.53,4.858698,33.75,63.20601237224193,0
1.76,4.862536,33.75,61.741396161732524,0
-3.89,4.866374,33.77,63.03967004989794,0
4.74,4.870212,33.77,63.03967004989794,0
-0.69,4.876608,33.77,61.75759062657804,0
-3.38,4.890679,33.77,63.190189111918315,0
2.54,4.903472,33.77,63.41135544995076,0
0.75,4.908589,33.77,63.56099432828282,0
-1.85,4.90731,33.77,62.64982043070834,0
3.94,4.909868,33.77,63.26926584053272,0
0.91,4.909868,33.75,66.59579566308972,0
-4.5,4.897076,33.75,61.204574992397426,0
3.83,4.885562,33.75,63.63961030678928,0
0.6,4.879166,33.75,66.70832032063167,0
-2.57,4.874049,33.75,64.87680633323437,0
1.66,4.875329,33.75,58.532042506647585,0
-4.19,4.874049,33.75,49.85980344927164,0
8.44,4.870212,33.75,49.040799340956916,0
14.89,4.852302,33.73,63.387695966961914,0
-62.78,4.858698,33.73,63.796551630946325,0
33.15,4.879166,33.73,63.76519426771944,0
10.4,4.884283,33.73,63.28506932918696,0
-18.81,4.894517,33.75,62.20128616033595,0
5.73,4.897076,33.75,61.91122676865643,0
5.69,4.900914,33.75,62.8887907341205,0
-2.42,4.903472,33.75,62.65780079128216,0
4.27,4.920102,33.75,62.65780079128216,0
1.57,4.925219,33.75,62.65780079128216,0
-4.32,4.949525,33.75,62.65780079128216,0
2.45,4.957201,33.75,62.65780079128216,0
-1.94,4.977128,33.73,62.65780079128216,0
6.89,4.977128,33.73,62.8887907341205,0
1.24,4.966894,33.73,62.0403094769844,0
-7.05,4.950264,33.73,62.65780079128216,0
4.14,4.924679,33.75,62.65780079128216,0
-2.49,4.911886,33.75,62.8887907341205,0
5.91,4.899094,33.75,62.8887907341205,0
2.82,4.90549,33.75,62.65780079128216,0
-7.2,4.925958,33.75,62.8887907341205,0
4.3,4.957939,33.75,62.65780079128216,0
-0.27,4.957939,33.75,62.27358990776106,0
0.51,4.993758,33.75,62.0403094769844,0
2.44,5.032136,33.73,62.27358990776106,0
-3.8,5.061559,33.73,62.433965115151864,0
7.59,5.084585,33.73,62.80127387243033,0
3.84,5.107612,33.73,62.24949798994366,0
-5.43,5.120404,33.73,67.08203932499369,0
-0.4,5.138314,33.73,53.76802023508026,0
-2.81,5.151106,33.73,61.56297588648554,0
5.29,5.200997,33.73,63.54525946126902,0
-2.17,5.252167,33.77,63.7102817447859,0
-2.96,5.308454,33.77,65.7875368135941,0
16.59,5.325084,33.77,63.182275995725256,0
-7.54,5.34939,33.77,63.419239982831705,0
-3.59,5.34939,33.75,61.40846847137616,0
-4.67,5.3673,33.75,62.8887907341205,0
-1.51,5.34939,33.75,60.53924347066124,0
0.46,5.336597,33.75,63.095166217389426,0
-1.78,5.311013,33.75,63.095166217389426,0
6.2,5.289265,33.75,63.41135544995076,0
5.08,5.261122,33.75,62.27358990776106,0
2.11,5.234258,33.75,62.8887907341205,0
1.15,5.211231,33.73,62.27358990776106,0
-6.18,5.184367,33.73,63.2771680782255,0
1.02,5.172853,33.73,63.2771680782255,0
-0.29,5.151106,33.73,62.52199612936234,0
-7.51,5.147268,33.73,62.27358990776106,0
4.29,5.14471,33.73,63.0317380372777,0
2.86,5.158782,33.73,62.27358990776106,0
0.36,5.166457,33.73,62.27358990776106,0
2.2,5.183087,33.73,62.27358990776106,0
-4.27,5.184367,33.73,62.52199612936234,0
4.17,5.185646,33.73,62.27358990776106,0
2.45,5.183087,33.73,62.27358990776106,0
-4.57,5.181808,33.73,63.0317380372777,0
1.13,5.193321,33.73,63.2771680782255,0
-2.19,5.207393,33.73,63.0317380372777,0
1.79,5.216348,33.73,63.2771680782255,0
3.1,5.22914,33.73,62.27358990776106,0
-1.31,5.243212,33.73,62.52199612936234,0
3.69,5.249609,33.73,62.52199612936234,0
0.44,5.261122,33.73,63.2771680782255,0
-1.23,5.264959,33.73,62.433965115151864,0
1.48,5.266239,33.73,62.27358990776106,0
-6.66,5.252167,33.73,62.52199612936234,0
2.06,5.227861,33.73,62.27358990776106,0
-2.48,5.220186,33.71,63.0317380372777,0
-4.08,5.218906,33.71,62.433965115151864,0
4.43,5.216348,33.71,62.433965115151864,0
2.05,5.224023,33.71,63.02380502635492,0
5.72,5.238095,33.71,63.198101237299845,0
0.18,5.252167,33.71,66.40783086353596,0
-8.4,5.262401,33.71,62.81719509815764,0
1.38,5.272635,33.71,65.92419889539804,0
-3.26,5.28159,33.68,64.48255578061404,0
6.64,5.273914,33.68,64.47480127925948,0
12.93,5.319967,33.68,63.7102817447859,0
38.97,5.353228,33.68,66.37017402418047,0
-25.03,5.373696,33.68,68.3593446428504,0
-72.35,5.398002,33.68,60.207972893961475,0
21.01,5.40056,33.68,73.9932429347437,0
5.14,5.396722,33.68,59.62382074305537,0
4.34,5.380092,33.66,64.60650122085238,0
11.96,5.36602,33.66,59.2452529743945,0
0.53,5.348111,33.66,64.19501538281614,0
11.57,5.336597,33.66,66.55824516917495,0
1.58,5.330201,33.71,58.70264048575669,0
1.9,5.376255,33.71,61.78996682310163,0
13.89,5.360903,33.71,55.57877292636101,0
-12.8,5.325084,33.71,62.297672508690084,0
-2.95,5.335319,33.71,63.75735251718032,0
29.13,5.336597,33.71,61.927376821564145,0
63.8,5.330201,33.71,63.53739056650029,0
-130.89,5.334039,33.71,63.20601237224193,0
30.41,5.319967,33.66,62.976185975335156,0
13.51,5.308454,33.66,63.54525946126902,0
-6.25,5.29822,33.66,62.40192304729078,0
55.82,5.296941,33.66,62.76145313805282,0
5.35,5.285428,33.68,62.96824596572466,0
-25.08,5.2995,33.68,61.98386886924694,0
-8.86,5.279031,33.68,62.44197306299666,0
28.79,5.340436,33.68,62.545983084447556,0
14.86,5.335319,33.68,63.56886030125127,0
-10.67,5.369858,33.68,63.54525946126902,0
-30.37,5.414632,33.68,62.0644825967316,0
-5.73,5.429983,33.68,62.40192304729078,0
37.63,5.428704,33.66,62.39390995922599,0
14.71,5.428704,33.66,62.39390995922599,0
-22.4,5.422307,33.66,62.177166226839255,0
-33.73,5.427424,33.66,62.96824596572466,0
-18.58,5.417191,33.66,62.40192304729078,0
-19.31,5.447893,33.66,63.00793600809346,0
5.43,5.445334,33.66,62.72160712226688,0
-51.81,5.461964,33.66,62.57795138864806,0
43.98,5.512503,33.66,63.694583757176716,0
17.08,5.53425,33.66,63.45076831686122,0
15.52,5.403766,33.66,62.849025449882674,0
6.56,5.435748,33.66,60.94259594077036,0
78.13,5.520178,33.66,60.58052492344384,0
97.34,5.604609,33.66,60.440052945046304,0
-13.18,5.562394,33.66,60.74537019394976,0
-255.51,5.531692,33.66,55.14526271584895,0
136.69,5.51762,33.66,63.324560795950255,0
50.55,5.553439,33.66,63.324560795950255,0
49.85,5.572628,33.66,62.49799996799898,0
28.47,5.564952,33.66,62.75348595894893,0
-69.78,5.586699,33.65,63.40346993658943,0
-85.05,5.594375,33.65,63.88270501473775,0
-30.04,5.555997,33.65,62.94441992742486,0
39.78,5.576465,33.65,62.465990746965666,0
-18.96,5.58542,33.66,62.71363488110062,0
33.77,5.614843,33.66,63.20601237224193,0
43.09,5.627635,33.66,63.25345840347388,0
5.1,5.628914,33.66,62.976185975335156,0
-87.59,5.622518,33.68,62.71363488110062,0
-24.77,5.635311,33.68,62.321745803531535,0
3.85,5.573907,33.68,62.617888817813075,0
26.02,5.580303,33.68,62.55397669213365,0
-5.06,5.572628,33.65,64.1404708432983,0
18.53,5.605888,33.65,62.465990746965666,0
5.88,5.555997,33.65,61.75759062657804,0
13.38,5.587978,33.65,63.06346010171025,0
21.87,5.626356,33.65,63.54525946126902,0
9.61,5.657058,33.65,63.54525946126902,0
17.65,5.674968,33.65,62.8410693734599,0
-2.87,5.710787,33.65,62.65780079128216,0
0.21,5.714624,33.65,62.49799996799898,0
-9.9,5.689039,33.65,62.8410693734599,0
-11.23,5.677526,33.65,64.77653896280658,0
0.03,5.635311,33.65,65.30696746902278,0
36.31,5.659616,33.65,63.592452382338585,0
29.33,5.710787,33.65,66.88049042882386,0
60.79,5.721021,33.65,57.697486947006624,0
-14.83,5.721021,33.65,56.43580423808985,0
-63.08,5.747885,33.65,64.1482657598785,0
-18.87,5.754281,33.65,64.37390775772433,0
-28.04,5.799055,33.65,62.37788069500277,0
-23.83,5.846387,33.65,63.071388124885914,0
100.99,5.891161,33.65,62.928530890209096,0
-40.05,5.879648,33.65,63.324560795950255,0
-90.23,5.91035,33.65,62.41794613730894,0
-26.1,5.919304,33.65,63.28506932918696,0
9.42,5.90907,33.61,62.849025449882674,0
-21.34,5.89244,33.61,62.8728876384726,0
20.32,5.863018,33.61,63.28506932918696,0
7.43,5.834874,33.61,63.52164985262898,0
20.81,5.819523,33.63,61.40032573203501,0
-0.61,5.777308,33.63,62.321745803531535,0
12.64,5.776029,33.63,63.0,0
-6.56,5.74021,33.63,62.81719509815764,0
7.98,5.749164,33.65,62.71363488110062,0
-5.17,5.741488,33.65,67.0,0
20.13,5.786263,33.65,58.73670062235365,0
31.4,5.80673,33.65,60.73713855624086,0
19.34,5.813127,33.63,72.42927584892728,0
34.88,5.809289,33.63,96.79359482941007,0
-32.47,5.787542,33.63,58.728187440104094,0
-36.75,5.77347,33.63,63.474404290233394,0
19.41,5.754281,33.61,66.18912297349165,0
-49.56,5.855342,33.61,74.96665925596525,0
-24.96,5.837432,33.61,68.13222438758329,0
-1.45,5.914187,33.61,41.060930335295616,0
33.4,6.010131,33.65,43.60045871318328,0
-35.45,6.012373,33.65,63.31666447310692,0
2.71,5.953528,33.65,66.24198064671678,0
-23.95,5.945852,33.65,58.154965394194846,0
62.77,5.894682,33.63,67.20863039818622,0
-74.48,5.907475,33.63,55.35341001239219,0
-56.01,5.849908,33.63,61.59545437773797,0
-42.01,5.773153,33.63,64.26507605223851,0
1.18,5.724542,33.61,66.15134163416491,0
24.36,5.748847,33.61,58.01723881744115,0
38.4,5.74501,33.61,63.43500610861482,0
-10.4,5.817927,33.61,54.92722457943783,0
-83.72,5.793622,33.61,67.68308503607086,0
-25.02,5.764199,33.61,64.25729530566937,0
61.54,5.771874,33.61,62.24146527838174,0
20.75,5.724542,33.61,63.631753079732135,0
24.53,5.695119,33.61,62.385895841928885,0
-67.93,5.604292,33.61,63.84355879804947,0
31.4,5.473809,33.61,62.88083968904996,0
230.02,5.482763,33.61,64.29618962271404,0
189.28,5.490439,33.61,63.190189111918315,0
-134.91,5.527537,33.61,63.51377803280167,0
-361.7,5.544168,33.61,61.98386886924694,0
-187.53,5.491718,33.61,62.048368229954285,0
-7.89,5.467412,33.59,62.68173577685928,0
111.94,5.475088,33.59,62.0,0
154.17,5.43799,33.59,63.20601237224193,0
-31.29,5.435748,33.59,62.68173577685928,0
-109.8,5.419117,33.61,63.72597586541927,0
-29.01,5.412721,33.61,62.71363488110062,0
-14.34,5.389695,33.61,63.25345840347388,0
-16.2,5.393532,33.61,63.20601237224193,0
-2.32,5.388415,33.63,62.24949798994366,0
7.15,5.393532,33.63,65.70388116390082,0
-8.51,5.562394,33.63,60.77005841695399,0
3.64,5.60333,33.63,62.96824596572466,0
-45.07,5.616122,33.59,62.56196927846821,0
-89.91,5.614843,33.59,63.56886030125127,0
243.52,5.622518,33.59,62.976185975335156,0
44.51,5.640428,33.59,62.76145313805282,0
-33.0,5.65322,33.59,62.41794613730894,0
19.2,5.657058,33.59,63.56886030125127,0
-25.49,5.683922,33.59,61.61168720299745,0
25.24,5.672409,33.59,62.76145313805282,0
-26.38,5.667292,33.61,62.76145313805282,0
17.55,5.660896,33.61,62.177166226839255,0
66.66,5.650662,33.61,63.56886030125127,0
-3.74,5.644266,33.61,63.00793600809346,0
-28.33,5.634032,33.59,62.40192304729078,0
0.95,5.626356,33.59,63.419239982831705,0
-5.86,5.621239,33.59,63.00793600809346,0
-17.36,5.616122,33.59,63.00793600809346,0
25.14,5.617401,33.59,62.65780079128216,0
-4.01,5.60205,33.59,62.457985878508765,0
14.71,5.605888,33.59,63.00793600809346,0
-25.82,5.608447,33.59,63.63961030678928,0
17.06,5.613564,33.59,62.40192304729078,0
-25.03,5.613564,33.59,63.00793600809346,0
6.72,5.608447,33.59,62.82515419798029,0
-20.73,5.595654,33.59,62.40192304729078,0
8.75,5.595654,33.59,63.00793600809346,0
-13.71,5.591816,33.59,62.96824596572466,0
4.5,5.56879,33.59,63.75735251718032,0
10.97,5.564952,33.59,63.54525946126902,0
-1.61,5.553439,33.59,62.76941930590086,0
21.93,5.549601,33.59,62.96824596572466,0
18.48,5.538088,33.59,62.56196927846821,0
-29.4,5.552159,33.59,61.98386886924694,0
-23.8,5.563673,33.59,63.34824385884742,0
19.71,5.58542,33.59,63.75735251718032,0
-13.67,5.575186,33.59,62.76145313805282,0
24.99,5.598213,33.59,62.76145313805282,0
-19.25,5.593095,33.57,62.385895841928885,0
9.68,5.587978,33.57,62.976185975335156,0
-14.86,5.595654,33.57,62.433965115151864,0
-1.81,5.590537,33.57,64.45153217728807,0
3.6,5.559835,33.61,64.10148204214939,0
-23.85,5.590537,33.61,68.3593446428504,0
32.6,5.60333,33.61,64.03124237432849,0
72.27,5.604609,33.61,60.340699366182356,0
177.26,5.593095,33.59,58.47221562417487,0
-131.38,5.613564,33.59,64.20280367709809,0
39.38,5.604609,33.59,64.08587988004847,0
-2.28,5.594375,33.59,63.324560795950255,0
53.23,5.609726,33.55,62.73754856543249,0
51.3,5.631473,33.55,62.80127387243033,0
26.38,5.645545,33.55,63.35613624582863,0
-20.71,5.651941,33.55,62.63385665915839,0
-30.05,5.646824,33.59,63.324560795950255,0
-32.74,5.63659,33.59,63.4428877022476,0
28.25,5.611005,33.59,63.221831672294975,0
-26.76,5.591816,33.59,63.4428877022476,0
-25.13,5.566231,33.55,62.8728876384726,0
16.33,5.558556,33.55,63.474404290233394,0
-12.14,5.544484,33.55,63.4428877022476,0
27.52,5.541925,33.55,62.0403094769844,0
-11.92,5.540646,33.55,63.4428877022476,0
23.0,5.557276,33.55,62.73754856543249,0
-5.54,5.571348,33.55,63.4428877022476,0
12.86,5.598213,33.55,63.4428877022476,0
-32.09,5.617401,33.57,62.75348595894893,0
16.75,5.635311,33.57,62.75348595894893,0
-27.67,5.632752,33.57,63.4428877022476,0
5.8,5.623797,33.57,64.42049363362563,0
-20.92,5.61868,33.55,63.4428877022476,0
1.48,5.625077,33.55,62.80127387243033,0
7.15,5.605888,33.55,62.75348595894893,0
6.17,5.611005,33.55,62.75348595894893,0
14.2,5.604609,33.55,63.4428877022476,0
-12.27,5.593095,33.55,62.75348595894893,0
18.88,5.586699,33.55,69.55573304911681,0
-10.62,5.596933,33.55,56.231663678038196,0
24.06,5.61996,33.55,62.71363488110062,0
-19.57,5.63659,33.55,63.13477647065839,0
15.51,5.617401,33.55,63.0158710167526,0
19.19,5.637869,33.55,62.91263784010332,0
-81.74,5.658337,33.55,63.631753079732135,0
-9.73,5.680085,33.55,63.671029518926424,0
25.05,5.706949,33.55,62.99206299209449,0
-10.3,5.718462,33.55,63.12685640834652,0
39.37,5.732534,33.55,62.23343153000644,0
26.75,5.732534,33.55,63.53739056650029,0
-11.83,5.742768,33.55,62.80127387243033,0
-14.63,5.732534,33.55,63.76519426771944,0
-6.44,5.727417,33.55,62.88083968904996,0
13.42,5.705669,33.55,62.99206299209449,0
-2.37,5.721021,33.55,63.12685640834652,0
22.51,5.705669,33.55,63.12685640834652,0
-4.14,5.727417,33.55,62.88083968904996,0
24.15,5.731255,33.55,62.88083968904996,0
-11.53,5.758119,33.55,62.88083968904996,0
19.81,5.772191,33.55,62.76145313805282,0
-14.85,5.801613,33.57,74.2024258363566,0
17.75,5.823361,33.57,61.72519744804386,0
-18.7,5.891161,33.57,58.0430874437258,0
-8.24,5.891161,33.57,64.28063471995279,0
5.51,5.889882,33.57,62.76941930590086,0
49.57,5.834874,33.57,62.8887907341205,0
-112.9,5.819523,33.57,62.177166226839255,0
43.49,5.810568,33.57,61.62791575252241,0
31.08,5.791379,33.55,62.20932405998316,0
44.73,5.764515,33.55,62.177166226839255,0
-29.7,5.742768,33.55,63.03967004989794,0
-25.31,5.719741,33.55,63.0158710167526,0
-43.1,5.704391,33.53,65.21502894272147,0
-6.6,5.735093,33.53,62.20932405998316,0
-8.6,5.732534,33.53,62.07253821135398,0
-7.61,5.732534,33.53,63.89053137985315,0
-15.57,5.736372,33.53,63.08724118235002,0
34.01,5.745327,33.53,62.36184731067546,0
41.83,5.726138,33.53,63.8200595424354,0
-12.17,5.727417,33.53,63.08724118235002,0
-6.42,5.713345,33.5,63.75735251718032,0
-12.84,5.735093,33.5,62.20932405998316,0
3.83,5.721021,33.5,63.08724118235002,0
-9.7,5.715904,33.5,62.177166226839255,0
19.25,5.706949,33.53,57.62811813689564,0
-3.5,5.694156,33.53,60.06662967072483,0
18.05,5.751723,33.53,61.75759062657804,0
-7.95,5.865576,33.53,71.0,0
7.21,5.888603,33.53,52.64978632435273,0
4.6,5.900116,33.53,87.96590248499699,0
-3.48,6.021645,33.53,73.23933369440222,0
-30.57,6.020049,33.53,63.30876716537765,0
40.93,5.993185,33.5,62.369864518050704,0
37.68,5.954807,33.5,62.99206299209449,0
-217.51,5.918988,33.5,63.631753079732135,0
78.79,5.884449,33.5,62.88083968904996,0
6.9,5.858863,33.5,63.0158710167526,0
-18.11,5.834558,33.5,62.99206299209449,0
-3.41,5.840954,33.5,62.99206299209449,0
-9.85,5.842233,33.5,62.99206299209449,0
15.0,5.846071,33.5,62.99206299209449,0
-5.94,5.852467,33.5,62.99206299209449,0
14.89,5.856305,33.5,62.99206299209449,0
-8.34,5.852467,33.5,63.631753079732135,0
8.82,5.846071,33.5,62.23343153000644,0
-9.59,5.846071,33.5,62.23343153000644,0
14.21,5.857584,33.5,63.0158710167526,0
-0.92,5.848629,33.5,62.88083968904996,0
10.27,5.843513,33.5,63.0158710167526,0
33.41,5.835837,33.5,63.0158710167526,0
-45.68,5.823044,33.5,63.0158710167526,0
-26.81,5.798738,33.5,62.75348595894893,0
-30.11,5.787225,33.53,63.53739056650029,0
3.57,5.770595,33.53,63.12685640834652,0
-30.31,5.756523,33.53,63.671029518926424,0
2.76,5.734776,33.53,62.88083968904996,0
-30.17,5.725821,33.53,62.88083968904996,0
85.38,5.720704,33.53,62.93647591023825,0
-42.37,5.714308,33.53,62.88083968904996,0
22.14,5.706633,33.53,63.0158710167526,0
-14.82,5.714308,33.5,63.53739056650029,0
27.8,5.715587,33.5,63.631753079732135,0
-4.28,5.705353,33.5,62.88083968904996,0
27.03,5.696398,33.5,62.93647591023825,0
4.73,5.690002,33.5,63.76519426771944,0
-15.2,5.688723,33.5,63.671029518926424,0
9.5,5.678489,33.5,62.88083968904996,0
-30.35,5.668255,33.5,63.671029518926424,0
10.42,5.666975,33.5,62.80127387243033,0
-25.72,5.672092,33.5,63.0158710167526,0
26.61,5.672092,33.5,62.88083968904996,0
-12.83,5.692561,33.5,63.33245613427605,0
34.76,5.683606,33.5,62.68173577685928,0
-5.18,5.690002,33.5,62.80127387243033,0
6.39,5.678489,33.5,62.93647591023825,0
10.29,5.675931,33.5,62.80127387243033,0
-30.01,5.666975,33.5,62.13694553162394,0
5.99,5.67721,33.5,63.0158710167526,0
-22.93,5.682327,33.5,62.369864518050704,0
23.92,5.690002,33.5,63.608175575157006,0
-13.2,5.698957,33.5,63.72597586541927,0
31.45,5.716866,33.5,62.76145313805282,0
-3.47,5.688723,33.5,63.984373092185564,0
-3.56,5.698957,33.5,62.80127387243033,0
21.83,5.713029,33.49,63.2771680782255,0
9.68,5.720704,33.49,62.75348595894893,0
-9.2,5.741172,33.49,63.0158710167526,0
-87.17,5.748847,33.49,63.12685640834652,0
62.66,5.737334,33.49,63.914004725099176,0
2.68,5.733497,33.49,62.80127387243033,0
7.62,5.725821,33.49,62.93647591023825,0
-0.59,5.724542,33.49,62.36184731067546,0
-3.82,5.718146,33.49,63.76519426771944,0
3.68,5.725821,33.49,62.93647591023825,0
-37.36,5.751406,33.49,63.631753079732135,0
29.03,5.778271,33.49,64.83054835492293,0
16.14,5.829441,33.49,64.73020933072904,0
-27.86,5.860143,33.49,64.87680633323437,0
34.88,5.875494,33.49,63.671029518926424,0
-33.04,5.88061,33.49,65.39113089708727,0
-107.85,5.910033,33.49,63.51377803280167,0
66.25,5.939456,33.49,58.29236656715869,0
23.82,5.966321,33.49,63.190189111918315,0
16.73,5.977834,33.49,62.40192304729078,0
16.84,6.003419,33.49,63.63961030678928,0
20.64,6.031562,33.49,59.62382074305537,0
33.25,5.985509,33.49,60.81940479813988,0
-28.18,5.997023,33.49,64.38167441127949,0
5.62,6.026445,33.49,64.48255578061404,0
24.47,6.0354,33.49,58.42944463196617,0
0.73,6.094245,33.49,61.69278726074872,0
-32.63,6.119831,33.49,64.43601477434805,0
-30.58,6.095525,33.53,64.1404708432983,0
-37.53,6.050751,33.53,65.42935121182236,0
-30.23,5.990626,33.53,63.0158710167526,0
-9.69,5.982951,33.53,63.474404290233394,0
28.14,5.966321,33.47,62.93647591023825,0
-19.12,5.957366,33.47,62.73754856543249,0
21.39,5.950969,33.47,62.8887907341205,0
-19.73,5.945852,33.47,64.20280367709809,0
4.71,5.93306,33.49,62.80127387243033,0
-20.5,5.920268,33.49,62.93647591023825,0
22.66,5.920268,33.49,63.53739056650029,0
-10.03,5.91515,33.49,62.68173577685928,0
3.95,5.893403,33.45,100.64790112068906,0
23.7,5.716866,33.45,56.806689746895124,0
13.52,5.801297,33.45,48.46648326421054,0
-22.6,5.77955,33.45,52.25897052181568,0
53.88,5.760361,33.47,65.00769185258002,0
-39.25,5.838395,33.47,46.400431032480725,0
-78.84,6.008536,33.47,106.29205050237765,0
-47.13,6.341141,33.47,68.7749954561976,0
0.35,6.310439,33.45,65.7723346096214,0
19.58,6.319394,33.45,70.78135347674555,0
40.39,6.333466,33.45,66.7233092704491,0
-19.05,6.337303,33.45,61.91122676865643,0
-60.49,6.30916,33.41,64.52906321960671,0
42.62,6.306602,33.41,55.14526271584895,0
-12.22,6.287413,33.41,51.78802950489621,0
-48.41,6.272061,33.41,65.57438524302,0
-37.89,6.296367,33.45,60.489668539346454,0
33.52,6.351375,33.45,64.16385275215322,0
-166.81,6.351375,33.45,63.702433234531945,0
119.2,6.347538,33.45,63.25345840347388,0
9.57,6.357771,33.45,62.20932405998316,0
32.96,6.373122,33.45,65.06919393998976,0
-14.17,6.286133,33.45,63.221831672294975,0
-3.42,6.215775,33.45,63.324560795950255,0
-25.03,6.181235,33.45,63.4428877022476,0
50.78,6.122389,33.45,62.177166226839255,0
-40.67,6.087849,33.45,64.20280367709809,0
14.47,6.058426,33.45,64.27285585688566,0
9.45,6.041796,33.41,63.57672530100933,0
2.48,6.030283,33.41,61.814237842102365,0
-18.59,6.014932,33.41,62.93647591023825,0
-32.18,6.011094,33.41,64.20280367709809,0
2.65,6.003419,33.43,63.474404290233394,0
-7.13,6.00086,33.43,62.20932405998316,0
8.72,5.985509,33.43,62.0403094769844,0
-7.17,5.988068,33.43,62.75348595894893,0
-25.92,5.980392,33.43,63.4428877022476,0
7.88,5.995743,33.43,62.80127387243033,0
-15.73,6.00086,33.43,64.28063471995279,0
17.42,6.031562,33.43,63.324560795950255,0
-8.1,6.063543,33.43,63.474404290233394,0
25.38,6.076336,33.43,63.671029518926424,0
12.83,6.066102,33.43,62.80127387243033,0
-21.54,6.053309,33.43,62.8887907341205,0
-8.35,6.0354,33.43,63.608175575157006,0
-25.81,6.027725,33.43,62.75348595894893,0
21.82,6.01749,33.43,63.75735251718032,0
-13.37,6.01877,33.43,62.75348595894893,0
29.71,6.01749,33.43,63.608175575157006,0
-9.72,6.040517,33.43,62.93647591023825,0
31.12,6.050751,33.43,63.474404290233394,0
-4.58,6.068661,33.43,63.608175575157006,0
9.49,6.080174,33.43,62.88083968904996,0
9.59,6.091687,33.43,62.93647591023825,0
-30.78,6.085291,33.43,63.0158710167526,0
16.85,6.082732,33.43,63.474404290233394,0
-22.06,6.064823,33.43,62.93647591023825,0
29.4,6.060985,33.43,62.8887907341205,0
-11.86,6.058426,33.43,62.93647591023825,0
16.83,6.067381,33.43,62.63385665915839,0
0.42,6.082732,33.41,63.671029518926424,0
-14.76,6.091687,33.41,63.608175575157006,0
10.83,6.067381,33.41,62.80127387243033,0
-33.84,6.089128,33.41,63.166446789415026,0
30.11,6.090408,33.43,62.93647591023825,0
-12.38,6.08657,33.43,62.88083968904996,0
32.7,6.081453,33.43,63.75735251718032,0
7.36,6.055868,33.43,63.671029518926424,0
-36.79,6.057148,33.41,63.8200595424354,0
12.31,6.044355,33.41,62.75348595894893,0
-22.06,6.043076,33.41,63.76519426771944,0
34.39,6.027725,33.41,63.0158710167526,0
-0.38,6.030283,33.41,63.0158710167526,0
17.37,6.021328,33.41,63.8200595424354,0
-9.91,6.025166,33.41,63.671029518926424,0
-40.87,6.022607,33.41,63.166446789415026,0
7.37,6.021328,33.43,63.53739056650029,0
-23.89,6.008536,33.43,63.608175575157006,0
29.94,6.00214,33.43,63.166446789415026,0
-4.24,6.003419,33.43,63.76519426771944,0
17.66,6.011094,33.43,63.671029518926424,0
9.67,6.027725,33.43,62.27358990776106,0
-31.53,6.063543,33.43,63.671029518926424,0
2.79,6.094245,33.43,63.12685640834652,0
-37.86,6.127506,33.41,62.27358990776106,0
23.43,6.13774,33.41,63.8200595424354,0
-7.91,6.149253,33.41,62.93647591023825,0
38.28,6.136461,33.41,62.369864518050704,0
-7.51,6.128785,33.43,63.0158710167526,0
-0.75,6.112155,33.43,63.671029518926424,0
7.29,6.109597,33.43,63.8200595424354,0
-34.55,6.090408,33.43,62.88083968904996,0
22.53,6.092967,33.43,62.93647591023825,0
-7.18,6.085291,33.43,63.08724118235002,0
27.54,6.085291,33.43,62.0403094769844,0
-3.15,6.090408,33.43,62.80127387243033,0
-10.18,6.091687,33.41,63.914004725099176,0
10.26,6.090408,33.41,64.07807737440318,0
-17.28,6.081453,33.41,62.80127387243033,0
19.72,6.080174,33.41,62.42595614005443,0
-13.11,6.071219,33.41,63.0158710167526,0
-15.11,6.081453,33.41,62.88083968904996,0
9.92,6.087849,33.41,64.33506042586733,0
-24.55,6.095525,33.41,63.8200595424354,0
19.56,6.099362,33.41,62.88083968904996,0
-12.17,6.115993,33.41,63.08724118235002,0
9.56,6.119831,33.41,62.42595614005443,0
-5.78,6.132623,33.41,63.671029518926424,0
-4.51,6.149253,33.41,65.83312236253116,0
12.56,6.185072,33.41,62.8887907341205,0
-32.15,6.15437,33.41,63.51377803280167,0
-3.12,6.178676,33.41,62.99206299209449,0
-49.03,6.252873,33.39,62.63385665915839,0
4.58,6.263107,33.39,61.22907805936653,0
47.43,6.247756,33.39,62.80127387243033,0
4.81,6.238801,33.39,63.57672530100933,0
-10.05,6.215775,33.41,64.15605972938177,0
31.89,6.211936,33.41,62.75348595894893,0
-7.14,6.190189,33.41,63.474404290233394,0
10.39,6.185072,33.41,65.12296062065974,0
19.2,6.163325,33.41,62.8887907341205,0
-20.78,6.160767,33.41,62.8728876384726,0
15.43,6.131344,33.41,62.0403094769844,0
-10.35,6.135181,33.41,62.93647591023825,0
28.86,6.117272,33.41,62.8887907341205,0
8.92,6.124948,33.41,63.4428877022476,0
-25.86,6.115993,33.41,63.72597586541927,0
14.39,6.131344,33.41,62.0403094769844,0
12.75,6.158208,33.41,62.8728876384726,0
-18.39,6.197865,33.41,63.57672530100933,0
11.39,6.222171,33.41,62.8728876384726,0
-4.8,6.238801,33.41,63.57672530100933,0
-19.96,6.234963,33.41,62.07253821135398,0
12.23,6.242639,33.41,63.57672530100933,0
-16.4,6.243918,33.41,62.8887907341205,0
21.25,6.259269,33.41,63.4428877022476,0
-8.7,6.261827,33.41,63.02380502635492,0
4.41,6.27462,33.41,63.57672530100933,0
5.0,6.272061,33.41,63.608175575157006,0
-32.79,6.269503,33.41,62.75348595894893,0
18.46,6.265665,33.39,63.75735251718032,0
-2.46,6.272061,33.39,62.75348595894893,0
-16.32,6.234963,33.39,62.8887907341205,0
10.57,6.246477,33.39,62.8728876384726,0
-12.88,6.238801,33.41,63.57672530100933,0
18.91,6.24136,33.41,62.8887907341205,0
4.9,6.238801,33.41,62.8728876384726,0
-30.59,6.231125,33.41,62.73754856543249,0
17.52,6.229846,33.41,62.8728876384726,0
-4.16,6.224729,33.41,63.72597586541927,0
-4.92,6.227288,33.41,62.8728876384726,0
15.01,6.229846,33.41,64.76109943476871,0
-0.66,6.24136,33.39,62.36184731067546,0
-23.63,6.236242,33.39,64.389440128021,0
5.47,6.243918,33.39,62.93647591023825,0
5.83,6.260548,33.39,64.1404708432983,0
-9.15,6.256711,33.39,62.76941930590086,0
1.46,6.24008,33.39,63.474404290233394,0
19.42,6.227288,33.39,62.80127387243033,0
-28.49,6.217054,33.39,62.75348595894893,0
17.81,6.211936,33.37,62.20932405998316,0
35.99,6.208099,33.37,63.75735251718032,0
8.9,6.200423,33.37,64.28841264178172,0
-23.9,6.191469,33.37,62.8728876384726,0
22.31,6.168442,33.37,64.20280367709809,0
6.89,6.150533,33.37,62.8887907341205,0
8.37,6.133903,33.37,64.33506042586733,0
-6.97,6.136461,33.37,63.474404290233394,0
-16.38,6.140299,33.37,62.88083968904996,0
-3.72,6.13774,33.37,62.80127387243033,0
-11.98,6.15565,33.37,62.80127387243033,0
-22.62,6.156929,33.37,62.68173577685928,0
-2.12,6.160767,33.37,63.53739056650029,0
-5.37,6.153091,33.37,63.324560795950255,0
-17.74,6.15437,33.37,63.474404290233394,0
16.27,6.146695,33.37,63.53739056650029,0
-13.35,6.153091,33.39,63.474404290233394,0
18.21,6.147974,33.39,62.80127387243033,0
-7.33,6.156929,33.39,62.75348595894893,0
6.43,6.151812,33.39,63.53739056650029,0
-6.19,6.160767,33.37,63.474404290233394,0
-1.83,6.153091,33.37,63.608175575157006,0
18.02,6.149253,33.37,63.474404290233394,0
-5.56,6.13774,33.37,62.80127387243033,0
-42.27,6.136461,33.39,62.80127387243033,0
10.57,6.141578,33.39,61.95159400693416,0
-1.29,6.15565,33.39,62.68173577685928,0
-24.19,6.17228,33.39,63.474404290233394,0
31.88,6.18891,33.39,61.91930232165088,0
13.15,6.211936,33.39,63.474404290233394,0
9.84,6.228567,33.39,63.4428877022476,0
-2.53,6.222171,33.39,63.53739056650029,0
-44.71,6.24136,33.37,63.35613624582863,0
20.74,6.24008,33.37,62.63385665915839,0
0.14,6.236242,33.37,62.80127387243033,0
8.37,6.229846,33.37,62.63385665915839,0
7.73,6.228567,33.37,63.474404290233394,0
-32.0,6.238801,33.37,62.8887907341205,0
25.16,6.260548,33.37,63.4428877022476,0
-2.97,6.266944,33.37,62.73754856543249,0
35.01,6.29125,33.37,62.68173577685928,0
8.24,6.304043,33.37,62.8887907341205,0
-4.33,6.297647,33.37,62.63385665915839,0
15.2,6.29125,33.37,62.68173577685928,0
-13.74,6.278458,33.34,62.8887907341205,0
-36.65,6.264386,33.34,63.324560795950255,0
4.35,6.254152,33.34,62.75348595894893,0
-0.95,6.232405,33.34,63.474404290233394,0
-21.68,6.215775,33.37,63.324560795950255,0
27.78,6.200423,33.37,62.80127387243033,0
3.6,6.185072,33.37,62.75348595894893,0
-7.5,6.201703,33.37,62.75348595894893,0
12.04,6.214495,33.37,62.75348595894893,0
-22.65,6.242639,33.37,62.63385665915839,0
10.19,6.259269,33.37,62.73754856543249,0
-16.41,6.27462,33.37,63.57672530100933,0
23.0,6.277178,33.34,62.75348595894893,0
-3.1,6.279737,33.34,64.27285585688566,0
11.35,6.174839,33.34,62.8728876384726,0
5.58,6.17228,33.34,61.61980201201558,0
-27.37,6.158208,33.37,63.474404290233394,0
12.2,6.165884,33.37,63.671029518926424,0
-10.96,6.144136,33.37,63.53739056650029,0
10.17,6.158208,33.37,62.8728876384726,0
2.08,6.145416,33.34,62.76145313805282,0
-18.67,6.149253,33.34,62.68173577685928,0
24.41,6.128785,33.34,63.51377803280167,0
18.28,6.126227,33.34,63.631753079732135,0
-12.41,6.108317,33.37,62.76145313805282,0
5.53,6.107038,33.37,62.88083968904996,0
11.63,6.078895,33.37,62.99206299209449,0
-3.8,6.080174,33.37,62.88083968904996,0
13.35,6.072498,33.37,64.69930447848725,0
-2.38,6.140299,33.37,72.07634840916957,0
-14.04,6.227288,33.37,62.5939294181153,0
1.96,6.304043,33.37,69.41901756723442,0
-16.39,6.328349,33.37,69.2098258919931,0
45.6,6.332186,33.37,62.49799996799898,0
-65.15,6.304043,33.37,62.0403094769844,0
-26.43,6.298926,33.37,62.0,0
24.64,6.264386,33.33,59.91660871578097,0
62.79,6.283575,33.33,63.095166217389426,0
101.87,6.300205,33.33,63.796551630946325,0
120.38,6.29253,33.33,63.095166217389426,0
-18.53,6.306602,33.33,62.88083968904996,0
-225.3,6.32579,33.33,63.796551630946325,0
56.66,6.338583,33.33,62.41794613730894,0
-21.35,6.350096,33.33,63.387695966961914,0
-23.41,6.356492,33.34,61.95159400693416,0
-71.39,6.357771,33.34,63.095166217389426,0
-14.04,6.343699,33.34,63.324560795950255,0
-29.39,6.323232,33.34,62.185207244167,0
21.22,6.311718,33.34,63.095166217389426,0
-12.68,6.305322,33.34,62.88083968904996,0
27.99,6.293809,33.34,62.88083968904996,0
-21.99,6.305322,33.34,62.88083968904996,0
28.94,6.324511,33.37,61.71709649683789,0
-18.56,6.327069,33.37,62.40192304729078,0
25.81,6.341141,33.37,62.20128616033595,0
-16.77,6.348816,33.37,62.63385665915839,0
38.22,6.368005,33.34,63.095166217389426,0
-0.38,6.364168,33.34,63.56886030125127,0
22.66,6.370564,33.34,62.40192304729078,0
-8.37,6.359051,33.34,62.185207244167,0
13.68,6.351375,33.34,61.95159400693416,0
2.7,6.323232,33.34,62.40192304729078,0
18.69,6.319394,33.34,62.185207244167,0
0.43,6.304043,33.34,62.40192304729078,0
12.04,6.29125,33.33,62.40192304729078,0
0.09,6.270782,33.33,62.40192304729078,0
-8.73,6.270782,33.33,62.88083968904996,0
-0.15,6.260548,33.33,63.796551630946325,0
-31.61,6.243918,33.37,63.095166217389426,0
6.13,6.226008,33.37,62.88083968904996,0
-19.75,6.215775,33.37,62.24146527838174,0
38.98,6.224729,33.37,62.8728876384726,0
27.98,6.247756,33.34,59.28743543112655,0
40.61,6.252873,33.34,61.5223536610881,0
-154.15,6.123668,33.34,62.41794613730894,0
-37.14,6.044355,33.34,62.91263784010332,0
23.55,6.0354,33.37,62.20128616033595,0
-3.76,6.053309,33.37,62.91263784010332,0
108.08,6.062264,33.37,63.12685640834652,0
-44.59,6.08657,33.37,61.98386886924694,0
-65.7,6.100642,33.33,63.58458932791813,0
11.02,6.136461,33.33,62.41794613730894,0
2.44,6.158208,33.33,63.095166217389426,0
9.99,6.171,33.33,62.91263784010332,0
-4.51,6.194027,33.33,61.74949392505172,0
15.09,6.197865,33.33,62.24949798994366,0
7.25,6.201703,33.33,62.71363488110062,0
18.72,6.202982,33.33,62.41794613730894,0
9.09,6.186352,33.33,62.976185975335156,0
16.4,6.178676,33.33,62.32976816898969,0
9.21,6.158208,33.33,61.91122676865643,0
10.41,5.981671,33.33,69.8426803609369,0
36.57,6.177397,33.33,61.04096984812741,0
73.03,6.270782,33.33,57.463031594234565,0
209.83,6.281016,33.33,66.36264009214823,0
-209.83,6.314277,33.33,64.29618962271404,0
134.3,6.319394,33.33,53.70288632839021,0
49.97,6.305322,33.33,62.42595614005443,0
2.8,6.263107,33.33,62.71363488110062,0
50.22,6.282296,33.33,64.10148204214939,0
-31.75,6.245197,33.33,62.056425936400814,0
47.15,6.256711,33.33,62.80923498976882,0
54.57,6.278458,33.33,62.52199612936234,0
-38.38,6.318115,33.33,69.0869017976635,0
-13.74,6.278458,33.34,61.87891401761993,0
-30.23,6.238801,33.34,62.8728876384726,0
11.11,6.245197,33.34,62.24146527838174,0
-10.79,6.250314,33.34,62.56196927846821,0
20.11,6.278458,33.31,60.55575942881073,0
61.4,6.298926,33.31,65.60487786742691,0
13.0,6.287413,33.31,58.44655678480983,0
80.43,6.281016,33.31,65.42935121182236,0
-89.0,6.277178,33.31,59.23681287847955,0
-38.08,6.281016,33.31,65.00769185258002,0
-54.6,6.249035,33.31,61.814237842102365,0
-34.37,6.247756,33.31,63.387695966961914,0
-11.49,6.231125,33.33,62.71363488110062,0
14.57,6.238801,33.33,62.68173577685928,0
-41.1,6.242639,33.33,64.83054835492293,0
1.77,6.22345,33.33,61.30252849597641,0
17.47,6.218333,33.29,57.15767664977295,0
-10.32,6.263107,33.29,57.62811813689564,0
34.55,6.27462,33.29,67.08949247087803,0
39.16,6.265665,33.29,61.644140029689765,0
-47.93,6.255431,33.33,58.146367040426526,0
33.32,6.242639,33.33,63.89053137985315,0
-26.2,6.194027,33.33,61.814237842102365,0
-12.21,6.173559,33.33,62.77738446287803,0
-3.0,6.178676,33.29,61.48983655857283,0
-52.65,6.186352,33.29,62.68971207462992,0
34.99,6.182514,33.29,63.071388124885914,0
111.83,6.215775,33.29,62.44197306299666,0
168.68,6.209378,33.33,63.623894882347464,0
-285.79,6.227288,33.33,63.198101237299845,0
-108.15,6.217054,33.33,62.5859409132754,0
33.12,6.18891,33.33,61.61980201201558,0
15.31,6.183793,33.33,62.385895841928885,0
60.66,6.185072,33.33,62.976185975335156,0
48.4,6.165884,33.33,62.976185975335156,0
-69.51,6.150533,33.33,62.52199612936234,0
-67.26,6.144136,33.31,63.592452382338585,0
-10.46,6.139019,33.31,62.385895841928885,0
-20.21,6.140299,33.31,63.647466563878254,0
-78.59,6.149253,33.31,63.796551630946325,0
2.44,6.153091,33.33,63.166446789415026,0
9.51,6.142857,33.33,62.5859409132754,0
94.13,6.140299,33.33,63.166446789415026,0
29.6,6.133903,33.33,63.166446789415026,0
6.59,6.139019,33.31,63.166446789415026,0
-31.43,6.13774,33.31,62.5859409132754,0
1.99,6.158208,33.31,63.34824385884742,0
14.52,6.164604,33.31,61.97580172938467,0
17.22,6.183793,33.33,63.34824385884742,0
29.81,6.192748,33.33,62.56196927846821,0
-26.55,6.176118,33.33,61.82232606429493,0
-11.0,6.119831,33.33,62.976185975335156,0
12.06,6.187631,33.33,61.18823416311342,0
-13.75,6.200423,33.33,63.166446789415026,0
-49.28,6.195306,33.33,62.41794613730894,0
-18.6,6.18891,33.33,61.61980201201558,0
31.58,6.181235,33.31,61.45730225123781,0
61.64,6.20682,33.31,61.97580172938467,0
14.59,6.219612,33.31,62.5859409132754,0
46.76,6.199144,33.31,63.0,0
-20.75,6.165884,33.31,62.40192304729078,0
-51.46,6.130064,33.31,62.76145313805282,0
-35.0,6.139019,33.31,64.1404708432983,0
-39.64,6.150533,33.31,62.40192304729078,0
45.17,6.13774,33.31,63.20601237224193,0
20.39,6.153091,33.31,62.20128616033595,0
46.8,6.173559,33.31,63.00793600809346,0
-3.71,6.179955,33.31,62.457985878508765,0
-10.07,6.204261,33.31,62.82515419798029,0
-24.07,6.210658,33.31,63.63961030678928,0
5.8,6.227288,33.31,62.82515419798029,0
2.46,6.255431,33.31,63.00793600809346,0
-9.83,6.245197,33.31,62.76941930590086,0
-4.25,6.237522,33.31,63.00793600809346,0
-22.42,6.179955,33.31,62.27358990776106,0
9.42,6.17228,33.31,62.457985878508765,0
25.09,6.144136,33.31,62.56196927846821,0
-16.68,6.131344,33.31,63.63961030678928,0
39.9,6.118551,33.31,62.27358990776106,0
7.13,6.136461,33.31,63.095166217389426,0
-29.19,6.140299,33.29,63.00793600809346,0
-3.27,6.169722,33.29,63.00793600809346,0
-5.6,6.18891,33.29,63.00793600809346,0
23.24,6.210658,33.29,62.457985878508765,0
6.48,6.222171,33.29,63.2771680782255,0
-28.77,6.245197,33.29,62.457985878508765,0
9.65,6.245197,33.29,63.00793600809346,0
3.22,6.247756,33.29,63.2771680782255,0
32.71,6.25799,33.31,62.457985878508765,0
17.38,6.255431,33.31,62.457985878508765,0
2.0,6.252873,33.31,62.457985878508765,0
-5.77,6.246477,33.31,63.2771680782255,0
-13.23,6.250314,33.29,63.2771680782255,0
13.01,6.266944,33.29,63.8200595424354,0
5.29,6.236242,33.29,62.457985878508765,0
-14.62,6.205541,33.29,63.20601237224193,0
-18.45,6.220891,33.29,62.65780079128216,0
23.53,6.205541,33.29,63.474404290233394,0
19.34,6.173559,33.29,63.2771680782255,0
-10.18,6.15437,33.29,62.94441992742486,0
11.57,6.131344,33.31,63.2771680782255,0
3.79,6.133903,33.31,62.42595614005443,0
-42.97,6.131344,33.31,62.94441992742486,0
-33.05,6.122389,33.31,63.39558344238185,0
-32.3,6.113434,33.31,62.94441992742486,0
-5.62,6.108317,33.31,62.65780079128216,0
-5.23,6.108317,33.31,62.74551776820397,0
13.39,6.107038,33.31,62.22539674441618,0
5.76,6.122389,33.31,62.74551776820397,0
-10.27,6.141578,33.31,63.57672530100933,0
11.22,6.156929,33.31,62.3377895020348,0
-6.31,6.171,33.31,66.47555941848101,0
22.87,6.328349,33.29,69.05794668247819,0
28.02,6.297647,33.29,62.03224967708329,0
44.2,6.293809,33.29,62.76941930590086,0
-93.5,6.293809,33.29,63.34824385884742,0
51.25,6.29125,33.29,63.96092557178953,0
53.42,6.275899,33.29,62.976185975335156,0
28.61,6.261827,33.29,63.93746945258312,0
-33.21,6.254152,33.29,62.56196927846821,0
-58.8,6.202982,33.29,62.976185975335156,0
-28.41,6.174839,33.29,63.15853069855251,0
84.28,6.168442,33.29,63.15853069855251,0
11.23,6.169722,33.29,62.56196927846821,0
-24.51,6.171,33.27,62.385895841928885,0
-6.53,6.17228,33.27,63.35613624582863,0
21.6,6.176118,33.27,63.34824385884742,0
-41.7,6.165884,33.27,62.76145313805282,0
-49.93,6.162046,33.29,63.15853069855251,0
13.94,6.164604,33.29,62.056425936400814,0
3.62,6.159487,33.29,63.623894882347464,0
50.56,6.147974,33.29,63.34824385884742,0
76.57,6.142857,33.29,62.56196927846821,0
-88.53,6.124948,33.29,62.56196927846821,0
-34.57,6.145416,33.29,62.56196927846821,0
-4.46,6.145416,33.29,62.76145313805282,0
4.34,6.142857,33.31,62.96824596572466,0
-1.5,6.145416,33.31,63.166446789415026,0
-13.24,6.142857,33.31,61.97580172938467,0
3.75,6.150533,33.31,62.56196927846821,0
-18.35,6.169722,33.29,62.56196927846821,0
18.29,6.191469,33.29,62.385895841928885,0
1.2,6.202982,33.29,62.76145313805282,0
-16.02,6.20682,33.29,62.56196927846821,0
5.15,6.191469,33.27,62.56196927846821,0
-0.53,6.197865,33.27,63.15853069855251,0
19.58,6.201703,33.27,62.976185975335156,0
1.46,6.218333,33.27,62.385895841928885,0
9.29,6.249035,33.29,63.166446789415026,0
9.27,6.27462,33.29,63.34824385884742,0
-11.98,6.289971,33.29,62.56196927846821,0
12.15,6.295088,33.29,62.56196927846821,0
7.35,6.29253,33.31,63.15853069855251,0
5.4,6.288692,33.31,63.15853069855251,0
0.72,6.232405,33.31,62.976185975335156,0
-6.97,6.224729,33.31,63.35613624582863,0
11.16,6.224729,33.29,62.56196927846821,0
3.38,6.22345,33.29,62.76941930590086,0
8.86,6.231125,33.29,62.76145313805282,0
12.27,6.247756,33.29,62.56196927846821,0
-15.05,6.265665,33.29,62.76145313805282,0
-3.24,6.27462,33.29,62.56196927846821,0
-0.93,6.27462,33.29,62.76145313805282,0
-1.81,6.273341,33.29,62.177166226839255,0
-0.03,6.265665,33.29,63.00793600809346,0
-11.66,6.268224,33.29,61.98386886924694,0
4.15,6.24008,33.29,62.56196927846821,0
1.8,6.237522,33.29,62.76145313805282,0
-8.84,6.226008,33.29,62.976185975335156,0
7.18,6.24136,33.29,62.56196927846821,0
0.83,6.250314,33.29,62.39390995922599,0
6.3,6.268224,33.29,63.34824385884742,0
-1.86,6.27462,33.29,62.39390995922599,0
-4.93,6.289971,33.29,63.35613624582863,0
1.4,6.284854,33.29,62.20128616033595,0
-5.74,6.275899,33.29,62.76145313805282,0
4.04,6.252873,33.27,61.98386886924694,0
1.21,6.237522,33.27,62.56196927846821,0
-9.21,6.22345,33.27,62.76145313805282,0
3.2,6.211936,33.27,62.56196927846821,0
0.3,6.197865,33.29,62.76145313805282,0
0.08,6.209378,33.29,61.98386886924694,0
7.89,6.185072,33.29,62.32976816898969,0
13.98,6.15437,33.29,62.68971207462992,0
35.72,6.13774,33.31,63.4428877022476,0
-33.19,6.130064,33.31,62.91263784010332,0
-9.34,6.272061,33.31,63.53739056650029,0
-19.41,6.30916,33.31,59.16924876994806,0
-43.93,6.29125,33.29,61.61980201201558,0
7.38,6.320673,33.29,63.623894882347464,0
40.28,6.319394,33.29,63.56886030125127,0
50.23,6.286133,33.29,65.97726881282674,0
2.03,6.269503,33.27,59.36328831862332,0
-22.15,6.30788,33.27,70.28513356322232,0
-40.85,6.433247,33.27,65.12296062065974,0
7.08,6.46267,33.27,59.270566050949775,0
-95.78,6.466066,33.25,50.17967716117751,0
49.67,6.457111,33.25,48.249352327259274,0
99.38,6.409779,33.25,67.26812023536856,0
49.52,6.396986,33.25,64.31174076325411,0
-8.15,6.349654,33.25,67.26812023536856,0
30.63,6.388031,33.25,68.4178339323893,0
16.42,6.426409,33.25,62.24949798994366,0
1.27,6.32151,33.25,66.41535966928132,0
-6.0,6.280574,33.27,68.38859554048467,0
-112.08,6.272899,33.27,70.02856560004639,0
-10.47,6.285691,33.27,56.4003546088143,0
-2.9,6.329186,33.27,67.80855403265875,0
15.52,6.271619,33.25,63.45076831686122,0
-6.77,6.329186,33.25,62.71363488110062,0
-11.42,6.37268,33.25,63.37191807101944,0
-16.47,6.412337,33.25,62.369864518050704,0
4.35,6.434084,33.25,61.1310068623117,0
-25.24,6.457111,33.25,62.49799996799898,0
-24.62,6.44176,33.25,60.166435825965294,0
13.05,6.449435,33.25,83.07225770376053,0
-11.1,6.449435,33.27,69.13031173081747,0
11.01,6.446877,33.27,62.849025449882674,0
-38.52,6.444318,33.27,59.21992907797171,0
0.88,6.430247,33.27,68.7749954561976,0
-13.72,6.398265,33.25,68.65129277733959,0
25.0,6.399545,33.25,49.457052075512955,0
4.88,6.409779,33.25,67.7421582177598,0
21.27,6.396986,33.25,59.28743543112655,0
8.95,6.42513,33.25,64.56779382943171,0
21.54,6.430247,33.25,63.35613624582863,0
-29.43,6.416175,33.25,64.63745044476924,0
12.36,6.422571,33.25,63.0158710167526,0
-8.41,6.432805,33.25,61.862751312886175,0
11.39,6.439201,33.25,64.10148204214939,0
22.29,6.466066,33.25,62.16912416947821,0
-7.14,6.496768,33.25,61.886993787063204,0
-7.67,6.495489,33.27,66.19667665374146,0
-2.76,6.49293,33.27,64.08587988004847,0
-1.77,6.439201,33.27,66.24198064671678,0
11.77,6.426409,33.27,62.10475022089695,0
-2.44,6.409779,33.27,62.00806399170998,0
5.88,6.394428,33.27,65.00769185258002,0
1.36,6.388031,33.27,42.555845661906424,0
0.42,6.379076,33.27,60.67124524847005,0
-7.32,6.363726,33.25,66.0,0
7.01,6.381635,33.25,61.71709649683789,0
-1.43,6.375239,33.25,63.26136261573884,0
4.83,6.353492,33.25,62.849025449882674,0
-0.05,6.327907,33.25,61.72519744804386,0
1.04,6.30488,33.25,61.91930232165088,0
-4.71,6.280574,33.25,67.72001181334805,0
1.07,6.276737,33.25,58.19793810780585,0
-1.97,6.283133,33.23,66.89544080129826,0
1.67,6.292088,33.23,80.85790004693419,0
1.14,6.278016,33.23,50.73460357586329,0
13.54,6.451994,33.23,56.3382640840131,0
39.31,6.404662,33.25,68.47627326307996,0
98.99,6.417454,33.25,54.30469592954186,0
-123.75,6.44176,33.25,63.953107821277925,0
-29.8,6.402103,33.25,59.81638571495272,0
-7.07,6.393148,33.23,68.24221567329127,0
15.74,6.451994,33.23,72.84229540589725,0
-2.77,6.473741,33.23,54.230987451824994,0
53.15,6.357329,33.23,62.16912416947821,0
-31.25,6.395707,33.23,99.00505037623081,0
-61.84,6.437922,33.23,78.87331614684399,0
-73.58,6.448156,33.23,66.06057825965497,0
100.78,6.485254,33.23,56.471231613982,0
-4.81,6.491651,33.25,70.09279563550022,0
-17.79,6.558172,33.25,62.0403094769844,0
-28.18,6.52747,33.25,71.61703707917552,0
70.1,6.353492,33.25,69.23871749245504,0
87.65,6.08229,33.25,73.68853370776216,0
81.95,6.258827,33.25,60.90155991434045,0
-2.82,6.258827,33.25,77.68526243760782,0
-119.42,6.294646,33.25,69.0,0
41.47,5.908312,33.25,60.61352984276695,0
75.92,5.798738,33.25,72.78049189171504,0
17.96,6.237522,33.25,63.796551630946325,0
-18.16,6.328349,33.25,76.06576102294646,0
-80.4,6.288692,33.27,59.715994507334464,0
-0.08,6.302763,33.27,59.472682804797024,0
34.85,6.30916,33.27,63.90618123468183,0
49.74,6.298926,33.27,62.83311228962003,0
-5.95,6.312997,33.27,62.51399843235114,0
20.09,6.312997,33.27,61.91930232165088,0
-19.26,6.310439,33.27,62.44197306299666,0
-8.07,6.310439,33.27,48.41487374764082,0
-1.28,6.32579,33.25,64.8382603097893,0
-5.19,6.32579,33.25,70.66823897621902,0
-2.23,6.287413,33.25,44.58699361921591,0
-1.16,6.342421,33.25,78.74642849044012,0
12.34,6.384635,33.27,71.40028011149536,0
18.94,5.947132,33.27,56.753854494650845,0
98.26,5.826882,33.27,59.00847396772772,0
-119.65,5.924105,33.27,49.889878733065686,0
-26.39,6.127506,33.27,55.98214000911362,0
-68.57,6.119831,33.27,63.57672530100933,0
-0.48,6.090408,33.27,98.8635423197045,0
59.75,5.532654,33.27,64.17164482853778,0
-36.19,5.684885,33.27,69.03622237637282,0
36.21,5.581266,33.27,65.46754921333164,0
-8.3,5.62604,33.27,63.0317380372777,0
-85.91,5.576149,33.27,62.976185975335156,0
-6.72,5.549284,33.25,62.976185975335156,0
-9.59,5.555681,33.25,62.976185975335156,0
40.12,5.550564,33.25,62.976185975335156,0
-29.83,5.562077,33.25,62.976185975335156,0
4.1,5.583824,33.25,63.75735251718032,0
-5.97,5.604292,33.25,62.39390995922599,0
3.94,5.5915,33.25,63.75735251718032,0
-3.47,5.472529,33.25,62.39390995922599,0
5.29,5.390657,33.27,62.976185975335156,0
-5.89,5.376902,33.27,62.976185975335156,0
0.9,5.337245,33.27,62.76145313805282,0
-11.99,5.319336,33.27,62.177166226839255,0
11.05,5.46645,33.25,64.78425734698207,0
-6.62,5.770911,33.25,63.655321851358195,0
3.35,5.896278,33.25,59.57348403442592,0
-9.12,5.956403,33.25,64.89992295835181,0
2.31,6.022607,33.27,59.19459434779497,0
33.42,5.893403,33.27,60.41522986797286,0
104.53,5.981671,33.27,68.09552114493287,0
-72.87,6.009815,33.27,64.96922348312314,0
-26.08,6.053309,33.25,63.51377803280167,0
-105.39,6.095525,33.25,63.50590523722971,0
3.32,6.115993,33.25,62.609903369994115,0
162.05,6.122389,33.25,62.609903369994115,0
90.64,6.130064,33.27,61.72519744804386,0
-10.63,6.126227,33.27,62.6418390534633,0
-22.32,6.117272,33.27,63.14269553954757,0
5.03,6.100642,33.27,63.079315151640635,0
-16.24,6.096804,33.27,62.617888817813075,0
-4.82,6.085291,33.27,62.609903369994115,0
-0.42,6.084012,33.27,62.609903369994115,0
-12.94,6.078895,33.27,63.50590523722971,0
3.1,6.105759,33.27,62.609903369994115,0
-4.19,6.114714,33.27,62.609903369994115,0
10.39,6.142857,33.27,62.609903369994115,0
-0.48,6.15437,33.27,62.609903369994115,0
9.02,6.165884,33.23,62.609903369994115,0
4.5,6.187631,33.23,63.50590523722971,0
5.2,6.190189,33.23,62.609903369994115,0
-0.09,6.199144,33.23,62.609903369994115,0
0.51,6.195306,33.25,62.609903369994115,0
3.86,6.202982,33.25,62.609903369994115,0
-3.42,6.202982,33.25,62.609903369994115,0
2.37,6.219612,33.25,62.609903369994115,0
-4.59,6.228567,33.25,62.609903369994115,0
2.1,6.233684,33.25,62.609903369994115,0
-4.98,6.228567,33.25,63.50590523722971,0
2.48,6.224729,33.25,63.50590523722971,0
-3.3,6.219612,33.25,62.609903369994115,0
2.41,6.217054,33.25,63.06346010171025,0
-4.33,6.204261,33.25,62.609903369994115,0
4.93,6.191469,33.25,63.06346010171025,0
0.56,6.187631,33.21,61.71709649683789,0
7.35,6.194027,33.21,62.609903369994115,0
1.97,6.209378,33.21,62.609903369994115,0
4.04,6.226008,33.21,62.609903369994115,0
-0.99,6.226008,33.25,62.609903369994115,0
0.88,6.243918,33.25,63.50590523722971,0
-2.53,6.233684,33.25,63.50590523722971,0
-0.85,6.234963,33.25,62.609903369994115,0
-1.55,6.226008,33.25,63.50590523722971,0
-2.31,6.238801,33.25,62.609903369994115,0
0.12,6.220891,33.25,62.609903369994115,0
-4.27,6.228567,33.25,62.609903369994115,0
-0.42,6.218333,33.23,61.71709649683789,0
-1.62,6.242639,33.23,62.609903369994115,0
0.95,6.243918,33.23,63.071388124885914,0
-2.91,6.237522,33.23,63.50590523722971,0
0.96,6.242639,33.23,62.609903369994115,0
-3.94,6.245197,33.23,62.609903369994115,0
6.57,6.234963,33.23,62.617888817813075,0
-1.59,6.231125,33.23,62.609903369994115,0
4.7,6.227288,33.23,62.609903369994115,0
-4.43,6.222171,33.23,63.51377803280167,0
2.29,6.222171,33.23,62.609903369994115,0
0.34,6.208099,33.23,62.609903369994115,0
3.59,6.222171,33.23,62.609903369994115,0
-5.94,6.211936,33.23,62.609903369994115,0
3.29,6.215775,33.23,62.609903369994115,0
-1.49,6.201703,33.23,62.609903369994115,0
5.71,6.208099,33.23,63.50590523722971,0
-0.73,6.209378,33.23,63.50590523722971,0
2.83,6.196586,33.23,63.50590523722971,0
0.73,6.201703,33.23,62.609903369994115,0
4.54,6.192748,33.23,62.609903369994115,0
-3.04,6.194027,33.23,62.609903369994115,0
2.17,6.187631,33.23,62.609903369994115,0
-0.9,6.200423,33.23,63.50590523722971,0
1.52,6.202982,33.21,62.609903369994115,0
-2.21,6.219612,33.21,63.50590523722971,0
-3.44,6.22345,33.21,62.609903369994115,0
-1.94,6.233684,33.21,62.609903369994115,0
-2.9,6.232405,33.21,62.609903369994115,0
2.7,6.247756,33.21,62.609903369994115,0
-1.27,6.211936,33.21,63.50590523722971,0
2.69,6.232405,33.21,62.609903369994115,0
-2.38,6.228567,33.23,62.609903369994115,0
2.32,6.233684,33.23,63.50590523722971,0
-2.1,6.236242,33.23,62.16912416947821,0
3.82,6.237522,33.23,62.609903369994115,0
-1.94,6.232405,33.21,62.609903369994115,0
2.41,6.238801,33.21,62.609903369994115,0
-0.69,6.233684,33.21,62.609903369994115,0
1.7,6.231125,33.21,62.609903369994115,0
1.54,6.24008,33.21,62.609903369994115,0
-3.99,6.251594,33.21,62.609903369994115,0
0.86,6.259269,33.21,62.609903369994115,0
-6.15,6.275899,33.21,62.609903369994115,0
4.92,6.281016,33.21,62.609903369994115,0
3.19,6.302763,33.21,63.071388124885914,0
6.26,6.316835,33.21,62.16912416947821,0
0.25,6.328349,33.21,63.26136261573884,0
9.94,6.375681,33.18,63.071388124885914,0
17.4,6.391032,33.18,62.617888817813075,0
2.92,6.402545,33.18,61.74949392505172,0
-27.2,6.408941,33.18,62.20932405998316,0
-18.99,6.385915,33.18,61.78996682310163,0
-5.35,6.337303,33.18,66.64833081180653,0
1.95,6.366726,33.18,62.177166226839255,0
8.08,6.344979,33.18,62.6418390534633,0
24.05,6.356492,33.21,63.071388124885914,0
-20.45,6.357771,33.21,61.72519744804386,0
-20.17,6.352654,33.21,63.071388124885914,0
-1.61,6.324511,33.21,62.617888817813075,0
-7.22,6.337303,33.18,62.617888817813075,0
-1.75,6.342421,33.18,62.177166226839255,0
-34.34,6.32579,33.18,63.53739056650029,0
63.4,6.255431,33.18,62.73754856543249,0
-5.43,6.186352,33.18,63.190189111918315,0
-26.04,6.105759,33.18,61.90315016216864,0
-43.17,6.192748,33.18,62.185207244167,0
59.65,6.218333,33.18,64.02343321003646,0
-10.48,6.091687,33.21,62.93647591023825,0
-52.51,6.013653,33.21,61.47357155721473,0
46.86,5.988068,33.21,61.97580172938467,0
-27.51,6.004698,33.21,64.1482657598785,0
-61.19,6.013653,33.21,63.13477647065839,0
-47.1,6.030283,33.21,65.49045732013177,0
79.3,6.095525,33.21,56.04462507680822,0
-45.07,6.365447,33.21,43.41658669218482,0
90.5,6.350096,33.18,60.844062980705026,0
-26.85,6.311718,33.18,63.96092557178953,0
1.3,6.281016,33.18,106.94858577840101,0
-23.23,5.998302,33.18,53.301031884945715,0
11.15,6.026445,33.18,65.5133574166368,0
-25.09,6.128785,33.18,65.67343450741707,0
9.88,6.165884,33.18,62.185207244167,0
47.06,6.208099,33.18,62.00806399170998,0
-37.17,6.238801,33.18,63.60031446463138,0
-10.73,6.208099,33.18,62.849025449882674,0
-23.12,6.25799,33.18,63.03967004989794,0
43.04,6.287413,33.18,62.93647591023825,0
-46.21,6.282296,33.18,63.03967004989794,0
-4.91,6.264386,33.18,63.631753079732135,0
-12.58,6.279737,33.18,63.35613624582863,0
51.99,6.481859,33.18,43.23193264243457,0
29.23,6.477579,33.21,46.314144707637645,0
122.81,6.396986,33.21,55.58776843874919,0
-127.54,6.418734,33.21,67.12674578735364,0
-61.88,6.073336,33.21,69.26759704219572,0
-36.05,6.150091,33.21,61.814237842102365,0
-64.23,6.155208,33.21,63.85138996137829,0
-12.39,6.357329,33.21,63.74950980203691,0
142.13,6.125785,33.21,64.01562309311689,0
-99.52,6.106596,33.21,63.984373092185564,0
21.05,6.164163,33.21,64.31174076325411,0
-100.68,6.335582,33.21,63.40346993658943,0
81.65,6.084849,33.21,78.64477096412705,0
-25.09,6.439201,33.21,54.735728733616035,0
-25.28,6.376518,33.21,47.138094997570704,0
24.22,6.37268,33.21,82.19489035213807,0
-2.01,6.075894,33.21,65.42935121182236,0
-100.34,6.072056,33.21,61.497967446087195,0
56.84,6.118109,33.21,61.84658438426491,0
-9.69,6.060543,33.21,61.587336360651285,0
-26.96,6.086128,33.21,66.70832032063167,0
-17.58,6.079732,33.21,62.80923498976882,0
38.48,6.086128,33.21,61.1228271597445,0
-12.85,6.098921,33.21,62.68173577685928,0
12.13,6.101479,33.21,62.89674077406555,0
-50.09,6.110434,33.21,63.26136261573884,0
-39.7,6.104038,33.21,61.91930232165088,0
-25.24,6.120668,33.21,75.80897044545586,0
47.42,6.381635,33.21,58.677082408722406,0
22.63,6.42513,33.18,59.782940710540494,0
34.53,6.349654,33.18,66.51315659326356,0
79.13,6.197423,33.18,72.64984514780468,0
-119.26,6.352212,33.18,64.00781202322104,0
-29.9,6.336861,33.18,62.82515419798029,0
-11.73,6.260106,33.18,58.9406481131655,0
-11.71,6.04775,33.18,65.6505902486794,0
-4.03,6.098921,33.18,63.63961030678928,0
-1.7,6.133461,33.18,63.7102817447859,0
-10.13,6.162883,33.18,62.465990746965666,0
67.92,6.156487,33.18,62.465990746965666,0
-39.89,6.152649,33.18,62.465990746965666,0
59.91,6.183351,33.18,65.26101439603893,0
-34.68,6.174397,33.18,63.56886030125127,0
16.62,6.161604,33.18,63.45076831686122,0
32.38,6.199981,33.18,64.01562309311689,0
-32.51,6.208936,33.18,61.22907805936653,0
4.68,6.206378,33.18,67.54257916307313,0
-45.09,6.495489,33.18,80.45495634204272,0
113.01,6.379076,33.18,58.18934610390462,0
-21.68,6.334303,33.18,64.17164482853778,0
-26.78,6.352212,33.18,29.427877939124322,0
-33.2,6.347095,33.18,77.44029958619737,0
50.54,6.345816,33.18,47.51841748206689,0
-13.78,6.350933,33.18,55.98214000911362,0
45.7,6.371401,33.18,63.702433234531945,0
-59.55,6.333024,33.18,63.095166217389426,0
18.42,6.317673,33.18,65.81033353509159,0
44.81,6.347095,33.18,65.4217089351845,0
-99.5,6.229404,33.18,80.2869852466762,0
64.16,6.426409,33.18,67.72001181334805,0
67.67,6.451994,33.18,75.76938695805846,0
-46.06,6.448156,33.16,49.68903299521938,0
28.96,6.15137,33.16,74.89325737341113,0
-60.49,6.210216,33.16,62.457985878508765,0
2.68,6.128344,33.16,66.49060083951716,0
-6.55,6.170558,33.18,65.24568951279464,0
17.68,6.239638,33.18,62.68173577685928,0
-9.71,6.229404,33.18,61.26989472816156,0
-19.88,6.45967,33.18,62.73754856543249,0
37.77,6.386752,33.18,87.42425292789181,0
-64.39,6.540262,33.18,54.35991169970753,0
-23.63,6.558172,33.18,62.177166226839255,0
-38.79,6.52747,33.18,46.10856753359401,0
30.18,6.377798,33.16,65.09224224129939,0
-10.38,6.423851,33.16,63.788713735268246,0
22.56,6.436643,33.16,65.22269543648132,0
-3.37,6.368843,33.16,60.93439094632849,0
38.91,6.402103,33.18,62.24146527838174,0
-118.58,6.420012,33.18,62.73754856543249,0
3.28,6.411058,33.18,63.13477647065839,0
32.27,6.380356,33.18,64.95382975621992,0
-55.16,6.366284,33.18,65.00769185258002,0
9.72,6.347095,33.18,64.2339474110069,0
-9.28,6.352212,33.18,64.02343321003646,0
7.05,6.349654,33.18,60.340699366182356,0
-12.46,6.437922,33.16,58.38664230798,0
2.58,6.431526,33.16,52.46903848937962,0
50.1,6.422571,33.16,70.71067811865476,0
85.56,6.440481,33.16,110.01818031580054,0
-129.01,6.197423,33.18,62.96824596572466,0
0.32,6.173117,33.18,62.00806399170998,0
-32.1,6.203819,33.18,62.56196927846821,0
-16.27,6.221729,33.18,63.15853069855251,0
92.3,6.233242,33.21,64.35837163881635,0
3.39,6.487813,33.21,63.63961030678928,0
-41.34,6.466066,33.21,61.644140029689765,0
36.42,6.384193,33.21,61.30252849597641,0
69.83,6.371401,33.16,65.0384501660364,0
-81.84,6.421292,33.16,64.89221833163049,0
12.79,6.315114,33.16,61.84658438426491,0
-18.03,6.198702,33.16,64.42049363362563,0
-73.17,6.170558,33.16,63.984373092185564,0
-8.72,6.206378,33.16,64.89221833163049,0
-4.94,6.193585,33.16,62.68173577685928,0
-46.03,6.189747,33.16,62.68173577685928,0
27.18,6.170558,33.18,63.702433234531945,0
-47.12,6.180793,33.18,63.788713735268246,0
32.0,6.175676,33.18,64.1482657598785,0
6.65,6.18463,33.18,63.702433234531945,0
11.82,6.217891,33.18,62.849025449882674,0
2.61,6.258827,33.18,63.702433234531945,0
-11.37,6.262665,33.18,63.26926584053272,0
23.89,6.306159,33.18,63.631753079732135,0
24.52,6.513398,33.16,62.80923498976882,0
142.5,6.500606,33.16,62.80923498976882,0
196.53,6.498047,33.16,62.89674077406555,0
-222.34,6.348374,33.16,63.788713735268246,0
-75.98,6.316393,33.16,63.35613624582863,0
-35.92,6.320231,33.16,62.89674077406555,0
9.21,6.316393,33.16,63.35613624582863,0
13.86,6.307438,33.16,63.92182725798755,0
21.03,6.545379,33.16,60.15812497078013,0
-12.42,6.570964,33.16,54.92722457943783,0
21.89,6.610621,33.16,77.42092740338364,0
-7.53,6.593991,33.16,62.52199612936234,0
-27.15,6.590153,33.16,41.43669871020132,0
61.57,6.593991,33.16,73.14369419163897,0
58.98,6.583757,33.16,59.262129560116215,0
-84.33,6.609342,33.16,57.77542730261716,0
-32.65,6.565847,33.16,71.2460525222275,0
-1.58,6.32151,33.16,58.39520528262573,0
-224.88,6.368843,33.16,62.6418390534633,0
149.99,6.413616,33.16,63.812224534175265,0
-222.44,6.443039,33.15,63.103090257134,0
335.87,6.500606,33.15,62.68173577685928,0
11.97,6.483975,33.15,63.198101237299845,0
-114.31,6.4763,33.15,62.24146527838174,0
9.97,6.522353,33.15,62.177166226839255,0
-30.59,6.533866,33.15,58.80476171195663,0
10.74,6.436643,33.15,65.0384501660364,0
94.24,6.434084,33.15,63.34824385884742,0
-47.96,6.331744,33.15,63.198101237299845,0
-162.66,6.329186,33.15,64.6297145282261,0
-68.54,6.439201,33.15,42.21374183841087,0
126.6,6.453273,33.15,49.8998997994986,0
56.84,6.375239,33.16,62.24949798994366,0
51.92,6.289529,33.16,66.76076692189807,0
-167.31,6.327907,33.16,64.5445582524197,0
33.39,6.353492,33.16,41.71330722922842,0
-158.54,6.432805,33.13,34.828149534535996,0
67.54,6.318952,33.13,63.702433234531945,0
-2.5,6.333024,33.13,63.631753079732135,0
-10.82,6.353492,33.13,60.241181927316134,0
-53.5,6.297204,33.15,62.20128616033595,0
113.61,6.292088,33.15,64.45153217728807,0
-47.79,6.311276,33.15,62.8728876384726,0
-0.85,6.306159,33.15,61.886993787063204,0
8.03,6.325348,33.15,62.8728876384726,0
-23.84,6.32151,33.15,63.14269553954757,0
23.83,6.311276,33.15,62.42595614005443,0
3.09,6.30488,33.15,61.644140029689765,0
131.27,6.316393,33.15,62.23343153000644,0
62.45,6.32151,33.15,63.56886030125127,0
-164.67,6.361167,33.15,62.23343153000644,0
1.57,6.379076,33.15,61.35144660071187,0
50.36,6.384193,33.15,63.914004725099176,0
-13.7,6.396986,33.15,63.686733312362634,0
15.11,6.396986,33.15,60.241181927316134,0
11.9,6.408499,33.15,64.1482657598785,0
-67.59,6.408499,33.15,60.23288138550239,0
58.34,6.418734,33.15,63.26926584053272,0
-1.39,6.389311,33.15,62.369864518050704,0
-107.66,6.376518,33.15,63.03967004989794,0
27.32,6.340699,33.16,63.45864795282043,0
-26.61,6.365005,33.16,62.457985878508765,0
46.62,6.371401,33.16,63.35613624582863,0
-8.7,6.37268,33.16,62.457985878508765,0
-18.08,6.226846,33.16,62.369864518050704,0
17.01,6.192306,33.16,61.56297588648554,0
12.71,6.112992,33.16,62.80923498976882,0
-67.72,6.109155,33.16,63.85922016435841,0
-68.02,6.118109,33.16,63.35613624582863,0
-44.96,6.161604,33.16,61.04096984812741,0
35.52,6.194864,33.16,64.10148204214939,0
118.63,6.226846,33.16,67.05221845696084,0
65.4,6.521073,33.16,63.796551630946325,0
69.66,6.361167,33.16,46.75467891024384,0
-4.17,6.412337,33.16,80.0,0
-77.6,6.482696,33.16,60.844062980705026,0
-120.57,6.416175,33.15,73.49149610669251,0
-24.47,6.20254,33.15,63.56886030125127,0
-1.98,6.272899,33.15,62.465990746965666,0
-30.33,6.436643,33.15,63.45076831686122,0
176.84,6.228125,33.15,65.40642170307133,0
-64.78,6.224287,33.15,72.17340230306452,0
-71.42,6.535145,33.15,68.47627326307996,0
42.86,6.505723,33.15,70.61161377563892,0
20.46,6.491651,33.16,60.37383539249432,0
-1.48,6.460949,33.16,48.85693400122443,0
-88.46,6.411058,33.16,61.97580172938467,0
43.63,6.40722,33.16,65.3299318842443,0
-24.32,6.400824,33.15,64.1404708432983,0
58.9,6.162883,33.15,63.06346010171025,0
-8.52,6.161604,33.15,62.81719509815764,0
-44.32,6.208936,33.15,58.68560300448484,0
-15.57,6.199981,33.15,63.25345840347388,0
-78.96,6.199981,33.15,60.93439094632849,0
66.24,6.212774,33.15,62.89674077406555,0
49.2,6.224287,33.15,62.8728876384726,0
-26.81,6.197423,33.13,61.04096984812741,0
-23.5,6.274178,33.13,62.976185975335156,0
43.71,6.207657,33.13,63.96092557178953,0
-13.09,6.220449,33.13,62.68971207462992,0
-55.6,6.187189,33.16,59.135437767890075,0
-28.54,6.2358,33.16,64.89992295835181,0
-55.14,6.2358,33.16,62.89674077406555,0
-139.72,6.265223,33.16,62.68173577685928,0
275.45,6.257548,33.16,62.112800613078136,0
-29.47,6.231963,33.16,59.447455790807396,0
-34.54,6.50956,33.16,76.19711280619497,0
-7.0,6.482696,33.16,109.84079387914127,0
49.6,6.278016,33.13,64.1404708432983,0
61.41,6.2358,33.13,62.457985878508765,0
-65.25,6.254989,33.13,64.01562309311689,0
103.91,6.272899,33.13,64.19501538281614,0
-89.48,6.297204,33.15,63.75735251718032,0
-14.52,6.30488,33.15,63.75735251718032,0
9.54,6.292088,33.15,63.84355879804947,0
5.03,6.27034,33.15,63.84355879804947,0
-88.16,6.284412,33.13,62.849025449882674,0
103.52,6.278016,33.13,63.94528911499267,0
5.5,6.290808,33.13,60.96720429870473,0
-14.67,6.301042,33.13,64.35837163881635,0
-9.2,6.312556,33.13,61.40032573203501,0
3.72,6.311276,33.13,62.49799996799898,0
-16.24,6.262665,33.13,63.26926584053272,0
24.65,6.275457,33.13,63.94528911499267,0
17.34,6.294646,33.15,63.26926584053272,0
-29.86,6.295925,33.15,62.63385665915839,0
16.85,6.515956,33.15,76.58981655546643,0
66.71,6.517236,33.15,75.9012516365837,0
-0.46,6.535145,33.13,111.1080555135405,0
61.68,6.211495,33.13,66.49060083951716,0
-127.96,6.214053,33.13,65.19202405202648,0
6.99,6.274178,33.13,60.00833275470999,0
51.79,6.301042,33.13,70.43436661176133,0
27.15,6.312556,33.13,62.369864518050704,0
-56.89,6.315114,33.13,62.52999280345393,0
15.11,6.313835,33.13,59.80802621722272,0
11.84,6.455832,33.13,61.40032573203501,0
-10.41,6.505723,33.13,98.64076236526155,0
0.52,6.609342,33.13,45.617978911828175,0
11.1,6.597828,33.13,58.47221562417487,0
18.34,6.61318,33.15,58.872744118140105,0
-9.86,6.600387,33.15,64.63745044476924,0
53.64,6.636206,33.15,102.80564186852781,0
-20.13,6.403382,33.15,62.56196927846821,0
-10.07,6.216612,33.13,61.48983655857283,0
37.27,6.279295,33.13,59.94997914928745,0
-108.64,6.272899,33.13,61.95159400693416,0
121.36,6.286971,33.13,64.73020933072904,0
-87.31,6.317673,33.13,57.48912940721924,0
51.63,6.579919,33.13,63.25345840347388,0
17.49,6.572244,33.13,83.15647900193947,0
28.17,6.540262,33.13,58.9915248150105,0
118.43,6.329186,33.13,62.465990746965666,0
-157.43,6.30488,33.13,62.24949798994366,0
-55.12,6.23708,33.13,64.33506042586733,0
-223.0,6.215333,33.13,63.26136261573884,0
82.38,6.216612,33.15,62.73754856543249,0
5.31,6.294646,33.15,62.89674077406555,0
-39.11,6.377798,33.15,62.6418390534633,0
56.69,6.357329,33.15,60.44832503882965,0
22.2,6.352212,33.11,62.68173577685928,0
93.0,6.357329,33.11,64.10148204214939,0
-43.3,6.352212,33.11,63.35613624582863,0
-62.28,6.376518,33.11,61.47357155721473,0
1.89,6.396986,33.09,63.702433234531945,0
9.31,6.391869,33.09,86.90799733051038,0
-1.04,6.628531,33.09,60.64651680022522,0
-3.83,6.483975,33.09,39.57271787481876,0
18.4,6.514677,33.13,53.823786563191554,0
47.96,6.634927,33.13,55.21775076911409,0
71.68,6.609342,33.13,66.97014260101288,0
-81.02,6.507002,33.13,64.10928169929842,0
28.21,6.535145,33.11,65.7723346096214,0
-7.77,6.592711,33.11,88.25531145489205,0
-43.31,6.576081,33.11,54.415071441651165,0
26.95,6.56201,33.11,59.77457653551382,0
242.58,6.25371,33.11,65.66582063752801,0
-86.98,6.27034,33.11,65.80273550544841,0
-78.79,6.284412,33.11,60.959002616512684,0
42.38,6.290808,33.11,62.64982043070834,0
56.0,6.30488,33.13,62.609903369994115,0
-123.35,6.316393,33.13,63.51377803280167,0
44.24,6.324069,33.13,61.27805479941412,0
-3.35,6.32151,33.13,65.26101439603893,0
-10.12,6.547938,33.11,74.03377607551839,0
-17.73,6.586315,33.11,80.00624975587844,0
-8.99,6.625972,33.11,50.1398045468867,0
98.02,6.592711,33.11,58.22370651203855,0
-149.95,6.550496,33.11,78.07688518377255,0
9.38,6.588874,33.11,107.27534665523109,0
5.02,6.503164,33.11,71.11961754677819,0
-14.48,6.486534,33.11,59.58187643906493,0
-30.95,6.439201,33.13,63.28506932918696,0
62.25,6.436643,33.13,63.686733312362634,0
-86.35,6.248593,33.13,62.63385665915839,0
-156.39,6.226846,33.13,51.0098029794274,0
124.97,6.249872,33.13,61.61980201201558,0
-26.23,6.266502,33.13,68.36665854054884,0
-46.06,6.295925,33.13,64.08587988004847,0
122.83,6.388031,33.13,64.48255578061404,0
-98.07,6.449435,33.11,62.297672508690084,0
-57.82,6.434084,33.11,63.198101237299845,0
-152.89,6.455832,33.11,63.14269553954757,0
54.47,6.460949,33.11,61.84658438426491,0
-81.24,6.672025,33.13,62.77738446287803,0
-19.16,6.682259,33.13,62.56196927846821,0
29.52,6.641323,33.13,63.57672530100933,0
62.75,6.610621,33.13,64.25729530566937,0
-32.9,6.636206,33.11,65.46754921333164,0
-27.38,6.628531,33.11,71.07038764492565,0
11.67,6.61318,33.11,52.23983154643591,0
42.08,6.579919,33.11,41.30375285612676,0
-14.65,6.35605,33.11,64.08587988004847,0
53.42,6.404662,33.11,62.20128616033595,0
-17.33,6.388031,33.11,61.94352266379432,0
-118.13,6.379076,33.11,78.49840762716146,0
114.58,6.638765,33.11,50.950956811427986,0
-28.95,6.757735,33.11,51.42956348249516,0
20.38,6.730871,33.11,68.60029154456998,0
5.42,6.684818,33.11,62.8728876384726,0
-64.51,6.670746,33.13,139.04675472660267,0
29.06,6.683538,33.13,62.20128616033595,0
0.02,6.5441,33.13,62.465990746965666,0
-3.38,6.312556,33.13,61.1310068623117,0
-34.04,6.308718,33.09,61.47357155721473,0
-6.33,6.340699,33.09,60.29925372672534,0
30.41,6.37396,33.09,85.492689745966,0
-11.74,6.588874,33.09,43.22036556994862,0
64.05,6.678421,33.11,59.74947698515862,0
-4.28,6.727033,33.11,67.07458535093602,0
-39.14,6.769248,33.11,58.489315263559035,0
-46.52,6.752618,33.11,67.446274915669,0
25.59,6.723195,33.09,63.41135544995076,0
31.11,6.701448,33.09,51.12729212465687,0
20.34,6.746222,33.09,61.204574992397426,0
-23.85,6.691214,33.09,64.88451279003334,0
-15.5,6.779482,33.09,55.5517776493246,0
65.96,6.679701,33.09,60.34898507845845,0
-104.7,6.820418,33.09,64.88451279003334,0
-14.85,6.707844,33.09,86.38286867197685,0
28.73,6.76669,33.11,64.08587988004847,0
1.75,6.69761,33.11,56.471231613982,0
-83.93,6.674584,33.11,61.1310068623117,0
237.07,6.574802,33.11,65.03076195155643,0
-146.44,6.428967,33.11,62.96824596572466,0
67.89,6.42513,33.11,62.44197306299666,0
-20.32,6.399545,33.11,62.89674077406555,0
-100.29,6.302321,33.11,62.89674077406555,0
6.1,6.139857,33.09,62.52999280345393,0
38.43,6.056705,33.09,63.97655820689325,0
-0.11,6.0324,33.09,62.13694553162394,0
-54.77,6.009373,33.09,62.78534860936905,0
-2.92,5.991464,33.09,64.70703207534712,0
3.8,6.216612,33.09,59.1100668245266,0
2.54,6.354771,33.09,62.44197306299666,0
13.56,6.402103,33.09,60.382116557802114,0
53.55,6.344537,33.09,62.93647591023825,0
-15.0,6.32279,33.09,63.071388124885914,0
-42.58,6.362446,33.09,62.20128616033595,0
-33.62,6.309997,33.09,62.72160712226688,0
-61.49,6.280574,33.11,60.96720429870473,0
24.32,6.290808,33.11,62.68173577685928,0
-25.18,6.320231,33.11,63.079315151640635,0
-21.23,6.341979,33.11,63.079315151640635,0
4.52,6.341979,33.13,63.079315151640635,0
30.89,6.33814,33.13,64.69157595854347,0
-1.36,6.327907,33.13,62.8410693734599,0
-11.18,6.318952,33.13,74.69270379361026,0
-32.37,6.353492,33.11,74.72616676907762,0
9.34,6.329186,33.11,40.23679907746142,0
23.96,6.309997,33.11,58.489315263559035,0
40.6,6.274178,33.11,43.54308211415448,0
146.42,6.320231,33.09,64.48255578061404,0
-133.91,6.33942,33.09,62.64982043070834,0
-10.11,6.33814,33.09,63.97655820689325,0
-17.85,6.333024,33.09,63.166446789415026,0
21.04,6.329186,33.11,61.814237842102365,0
-19.05,6.325348,33.11,63.97655820689325,0
-10.86,6.317673,33.11,62.64982043070834,0
14.48,6.335582,33.11,62.16912416947821,0
18.38,6.357329,33.09,62.65780079128216,0
-25.91,6.381635,33.09,88.5607136375944,0
-21.83,6.426409,33.09,84.53401682163222,0
13.81,6.286971,33.09,36.180105030251084,0
10.84,6.45839,33.09,53.76802023508026,0
25.33,6.537704,33.09,56.69215113223346,0
93.87,6.306159,33.09,58.532042506647585,0
-63.46,6.210216,33.09,63.079315151640635,0
24.7,6.271619,33.11,63.190189111918315,0
-37.66,6.363726,33.11,63.071388124885914,0
-27.39,6.382915,33.11,78.7273777030583,0
31.98,6.420012,33.11,59.38013135721409,0
-41.45,6.348374,33.07,102.37675517420935,0
-9.72,6.700169,33.07,80.2869852466762,0
21.42,6.979045,33.07,75.8485332752058,0
-96.06,7.115355,33.07,64.25729530566937,0
32.42,6.7981,33.09,90.80748867797193,0
28.93,6.323498,33.09,66.19667665374146,0
-5.23,6.32279,33.09,61.538605769061746,0
-34.83,6.262665,33.09,62.96824596572466,0
58.23,6.217891,33.09,82.41965784932621,0
25.23,6.341979,33.09,83.94045508573325,0
-58.98,6.666908,33.09,44.66542286825459,0
-33.26,6.600387,33.09,53.319789947073126,0
46.9,6.64644,33.09,64.53681120105021,0
168.11,6.674584,33.09,81.46778504415104,0
-86.24,6.724474,33.09,65.06919393998976,0
27.72,6.728312,33.09,60.69596362197407,0
43.14,6.701448,33.11,67.7421582177598,0
-13.32,6.382915,33.11,57.8013840664737,0
32.83,6.340699,33.11,48.67237409455183,0
-4.23,6.391869,33.11,37.8021163428716,0
-22.57,6.712961,33.09,76.96752561957543,0
51.11,6.769248,33.09,60.93439094632849,0
-57.57,6.743663,33.09,48.36320915737499,0
-2.33,6.810184,33.09,74.08778576796583,0
-7.77,6.720637,33.11,68.27884006044626,0
-19.82,6.757735,33.11,58.9406481131655,0
-32.02,6.782041,33.11,63.474404290233394,0
0.33,6.735988,33.11,52.73518749374084,0
5.25,6.843445,33.11,69.74955196988724,0
-28.27,6.743663,33.11,45.58508528016593,0
-10.71,6.657953,33.11,60.0416522091123,0
-9.12,6.665629,33.11,62.52199612936234,0
26.78,6.432805,33.11,63.28506932918696,0
-112.96,6.386752,33.11,61.66846844214635,0
68.36,6.334303,33.11,61.78996682310163,0
133.9,6.399545,33.11,60.44832503882965,0
18.65,6.776924,33.11,61.30252849597641,0
-3.97,6.79995,33.11,61.91930232165088,0
198.67,6.696331,33.11,64.1404708432983,0
-92.86,6.701448,33.11,62.68173577685928,0
-52.78,6.807626,33.11,62.68173577685928,0
-135.36,6.803788,33.11,64.79197481170026,0
-62.48,6.725754,33.11,63.788713735268246,0
116.52,6.812743,33.11,65.22269543648132,0
25.14,6.849841,33.13,63.26136261573884,0
-41.73,6.861354,33.13,62.297672508690084,0
-56.38,6.907407,33.13,64.40496875241847,0
10.72,6.9202,33.13,62.16912416947821,0
19.51,6.916362,33.13,62.609903369994115,0
-46.65,6.921479,33.13,63.079315151640635,0
-2.88,6.916362,33.13,62.20128616033595,0
5.61,6.929155,33.13,61.814237842102365,0
-47.07,6.922759,33.11,64.04685784642366,0
-41.01,6.9202,33.11,62.24146527838174,0
28.89,6.918921,33.11,63.51377803280167,0
60.44,6.909966,33.11,63.984373092185564,0
202.24,6.898453,33.11,61.84658438426491,0
-72.53,6.883101,33.11,63.103090257134,0
-35.2,6.865192,33.11,45.18849411078001,0
-70.67,6.898453,33.11,42.16633728461603,0
-87.01,6.880543,33.11,57.0701322935211,0
23.79,6.85112,33.11,44.339598554790726,0
78.95,6.854958,33.11,77.23988606931007,0
58.63,6.831932,33.11,62.68971207462992,0
-90.64,6.828094,33.13,60.6217782649107,0
-23.83,6.819139,33.13,62.65780079128216,0
-42.27,6.835769,33.13,62.16912416947821,0
-11.97,6.848562,33.13,61.773780845922005,0
-99.61,6.842165,33.11,62.617888817813075,0
146.44,6.853679,33.11,61.814237842102365,0
431.62,6.833211,33.11,63.53739056650029,0
-268.02,6.826815,33.11,64.43601477434805,0
-61.75,6.814022,33.09,63.75735251718032,0
119.23,6.83449,33.09,62.93647591023825,0
88.24,6.771807,33.09,60.382116557802114,0
171.65,6.709124,33.09,63.54525946126902,0
-104.2,6.819139,33.09,63.97655820689325,0
-198.76,6.858796,33.09,63.06346010171025,0
-101.82,6.85112,33.09,62.16912416947821,0
275.53,6.83449,33.09,64.10148204214939,0
1.2,6.802509,33.13,65.37583651472461,0
-85.4,6.752618,33.13,61.98386886924694,0
-161.23,6.714241,33.13,61.82232606429493,0
-80.3,6.673305,33.13,61.196405123176966,0
130.1,6.434084,33.13,63.0,0
15.65,6.432805,33.13,61.773780845922005,0
53.47,6.524911,33.13,61.1228271597445,0
-6.69,6.576081,33.13,64.47480127925948,0
-154.15,6.591433,33.11,62.369864518050704,0
16.36,6.551775,33.11,65.12296062065974,0
16.98,6.471183,33.11,61.47357155721473,0
-47.16,6.455832,33.11,63.702433234531945,0
13.27,6.52747,33.09,64.02343321003646,0
37.71,6.581198,33.09,61.47357155721473,0
-13.34,6.5441,33.09,62.369864518050704,0
17.24,6.587595,33.09,61.34329629226001,0
11.43,6.564568,33.07,63.118935352238,0
4.56,6.564568,33.07,60.67124524847005,0
-11.55,6.487813,33.07,61.56297588648554,0
16.09,6.517236,33.07,63.788713735268246,0
-31.24,6.471183,33.09,63.57672530100933,0
20.31,6.466066,33.09,63.788713735268246,0
1.55,6.466066,33.09,63.35613624582863,0
-32.29,6.496768,33.09,60.90155991434045,0
-5.87,6.418734,33.09,60.4648658313239,0
10.11,6.422571,33.09,62.545983084447556,0
17.1,6.416175,33.09,61.497967446087195,0
6.37,6.416175,33.09,63.85922016435841,0
-21.53,6.42513,33.09,62.96824596572466,0
-6.21,6.430247,33.09,62.96824596572466,0
11.51,6.431526,33.09,63.13477647065839,0
8.55,6.405941,33.09,63.13477647065839,0
-10.4,6.389311,33.09,62.24949798994366,0
-6.33,6.39059,33.09,62.8728876384726,0
17.59,6.427688,33.09,62.52199612936234,0
-2.89,6.408499,33.09,63.13477647065839,0
13.45,6.399545,33.09,63.72597586541927,0
10.05,6.414896,33.09,62.68971207462992,0
-88.43,6.353492,33.09,61.40032573203501,0
-0.62,6.363726,33.09,63.7102817447859,0
36.34,6.393148,33.09,61.652250567193406,0
10.75,6.42513,33.09,61.84658438426491,0
15.43,6.455832,33.09,64.06246951218786,0
-90.91,6.42513,33.09,63.85922016435841,0
-116.73,6.413616,33.09,83.60621986431393,0
116.26,6.787158,33.09,68.70953354520753,0
-10.1,6.81786,33.09,54.78138369920935,0
-1.05,6.85112,33.09,66.40783086353596,0
20.4,6.879264,33.07,67.86751800382861,0
-20.96,6.871588,33.07,62.24146527838174,0
47.9,6.858796,33.07,63.72597586541927,0
15.33,6.848562,33.07,65.12296062065974,0
26.83,6.858796,33.09,55.09083408335728,0
-31.78,6.890777,33.09,69.0941386804988,0
-21.63,6.863913,33.09,67.86015030929418,0
33.72,6.821698,33.09,61.05735008989499,0
3.22,6.677142,33.07,62.369864518050704,0
16.29,6.668188,33.07,62.24146527838174,0
-137.83,6.668188,33.07,63.26136261573884,0
-114.16,6.62981,33.07,63.0,0
14.49,6.454553,33.07,64.03124237432849,0
43.32,6.42513,33.07,63.25345840347388,0
104.05,6.340699,33.07,63.03967004989794,0
-87.7,6.399545,33.07,68.19090848492928,0
43.33,6.71552,33.09,52.05766033928148,0
-7.62,6.811463,33.09,103.435970532499,0
6.23,6.620855,33.09,61.47357155721473,0
219.64,6.606783,33.09,53.150729063673246,0
-100.08,6.608063,33.07,68.89121859859934,0
-105.71,6.608063,33.07,63.221831672294975,0
110.85,6.450715,33.07,60.207972893961475,0
-23.65,6.486534,33.07,63.14269553954757,0
96.98,6.510839,33.07,61.26989472816156,0
-50.91,6.531308,33.07,63.94528911499267,0
1.9,6.541542,33.07,64.60650122085238,0
28.52,6.537704,33.07,63.0,0
-65.02,6.556892,33.07,62.00806399170998,0
15.73,6.568406,33.07,63.0,0
33.24,6.568406,33.07,63.702433234531945,0
-7.9,6.540262,33.07,63.812224534175265,0
-2.33,6.538983,33.07,63.34824385884742,0
-8.17,6.541542,33.07,62.56996084384263,0
24.36,6.524911,33.07,62.56996084384263,0
-1.84,6.490372,33.07,62.68971207462992,0
113.56,6.435364,33.07,62.93647591023825,0
-77.77,6.446877,33.07,63.45076831686122,0
-3.51,6.47502,33.07,63.45076831686122,0
3.41,6.49293,33.07,62.56996084384263,0
22.57,6.498047,33.05,62.56996084384263,0
59.38,6.512119,33.05,62.56996084384263,0
5.83,6.504443,33.05,62.56996084384263,0
-24.75,6.512119,33.05,62.56996084384263,0
20.52,6.52747,33.05,62.56996084384263,0
14.17,6.532587,33.05,63.45076831686122,0
63.91,6.468624,33.05,62.93647591023825,0
-37.32,6.469903,33.05,62.0644825967316,0
8.84,6.455832,33.07,62.56996084384263,0
-88.74,6.463507,33.07,62.465990746965666,0
10.99,6.462228,33.07,63.812224534175265,0
-29.96,6.454553,33.07,63.34824385884742,0
-121.35,6.434084,33.05,62.465990746965666,0
177.27,6.409779,33.05,62.93647591023825,0
60.36,6.408499,33.05,62.93647591023825,0
-40.93,6.40722,33.05,62.465990746965666,0
-30.68,6.39059,33.05,62.465990746965666,0
27.03,6.381635,33.05,62.465990746965666,0
-18.62,6.39059,33.05,62.465990746965666,0
-59.23,6.413616,33.05,63.34824385884742,0
65.94,6.444318,33.05,63.34824385884742,0
20.51,6.455832,33.05,62.465990746965666,0
6.11,6.444318,33.05,62.465990746965666,0
35.96,6.391869,33.05,62.465990746965666,0
23.52,6.384193,33.05,63.34824385884742,0
-93.49,6.365005,33.05,63.56886030125127,0
-23.41,6.350933,33.05,63.118935352238,0
10.13,6.362446,33.05,63.0,0
-11.95,6.376518,33.05,63.0,0
17.68,6.388031,33.05,63.45076831686122,0
-25.78,6.37268,33.05,60.60528029800704,0
41.49,6.363726,33.05,63.26136261573884,0
8.47,6.394428,33.05,66.67083320313314,0
-11.77,6.430247,33.05,65.37583651472461,0
-63.82,6.513398,33.05,62.112800613078136,0
27.86,6.517236,33.05,62.77738446287803,0
81.58,6.510839,33.03,63.686733312362634,0
-91.66,6.513398,33.03,62.849025449882674,0
-80.41,6.510839,33.03,64.10148204214939,0
78.18,6.514677,33.03,62.297672508690084,0
-17.04,6.501885,33.05,63.198101237299845,0
17.35,6.515956,33.05,63.26926584053272,0
2.33,6.500606,33.05,62.849025449882674,0
-9.4,6.494209,33.05,62.849025449882674,0
11.47,6.472462,33.03,62.77738446287803,0
-10.72,6.482696,33.03,62.849025449882674,0
9.07,6.464787,33.03,63.75735251718032,0
13.51,6.467345,33.03,62.849025449882674,0
10.25,6.478858,33.05,62.03224967708329,0
33.47,6.490372,33.05,62.457985878508765,0
12.67,6.4763,33.05,62.93647591023825,0
-30.02,6.45967,33.05,63.03967004989794,0
13.35,6.449435,33.05,63.15853069855251,0
30.63,6.467345,33.05,64.7533782902483,0
-25.66,6.454553,33.05,62.81719509815764,0
-15.48,6.472462,33.05,63.13477647065839,0
-1.01,6.518515,33.03,61.7980582219215,0
8.52,6.541542,33.03,63.30876716537765,0
16.65,6.507002,33.03,71.37226352022192,0
80.63,6.606783,33.03,69.99285677838846,0
134.33,6.572244,33.05,74.1215218408257,0
-58.5,6.637486,33.05,64.47480127925948,0
-185.72,6.599108,33.05,98.3666610188635,0
109.19,6.413616,33.05,63.7102817447859,0
-9.39,6.416175,33.05,62.96824596572466,0
-311.01,6.402103,33.05,62.39390995922599,0
-326.03,6.428967,33.05,63.57672530100933,0
416.71,6.431526,33.05,68.9129886160802,0
68.23,6.513398,33.03,47.25462940284264,0
26.05,6.753897,33.03,34.828149534535996,0
-60.86,6.790996,33.03,51.97114584074513,0
30.06,6.733429,33.03,65.03076195155643,0
42.34,6.591433,33.03,76.66159403508382,0
-30.47,6.947064,33.03,65.12296062065974,0
-8.06,6.995105,33.03,64.79197481170026,0
49.57,6.972079,33.03,70.50531894828929,0
-38.06,6.975916,33.05,68.54925236645546,0
1.67,6.498755,33.05,75.33923280734945,0
-15.94,6.465495,33.05,63.75735251718032,0
33.25,6.485963,33.05,63.229739838148944,0
-33.45,6.601096,33.05,73.89857914736926,0
120.76,6.685526,33.05,58.180752831155424,0
-121.84,6.997663,33.05,55.50675634551167,0
13.98,7.064185,33.05,61.652250567193406,0
-52.17,7.079535,33.03,83.43860018001261,0
66.81,7.060347,33.03,61.032778078668514,0
44.78,7.00278,33.03,73.59347797189639,0
-22.35,6.983592,33.03,41.641325627314025,0
-42.96,7.006618,33.03,57.7408001330082,0
-27.51,6.993826,33.03,36.46916505762094,0
12.44,7.043717,33.03,63.0,0
33.56,6.813451,33.03,73.9932429347437,0
1.89,6.418163,33.05,65.21502894272147,0
-48.59,6.315114,33.05,62.313722405261586,0
-84.79,6.370122,33.05,62.52999280345393,0
39.71,6.358609,33.05,62.52999280345393,0
76.86,6.386752,33.05,82.75868534480233,0
-30.61,6.627252,33.05,60.489668539346454,0
26.95,6.861354,33.05,32.449961479175904,0
-18.37,6.90357,33.05,44.31703961232068,0
44.02,6.675863,33.03,46.357307945997036,0
-30.27,6.386752,33.03,60.423505360083176,0
1.81,6.485254,33.03,62.44197306299666,0
23.35,6.66307,33.03,63.631753079732135,0
16.64,6.727033,33.0,62.849025449882674,0
-49.73,6.704007,33.0,62.63385665915839,0
-4.15,6.597828,33.0,61.032778078668514,0
29.84,7.027657,33.0,62.37788069500277,0
-40.66,7.115355,33.0,67.86015030929418,0
-30.74,6.846712,33.0,73.34166619323561,0
104.17,6.727742,33.0,56.97367813297646,0
-112.07,6.569114,33.0,56.55086206239477,0
52.16,6.810893,33.0,61.212743771211564,0
1.95,6.881252,33.0,71.93052203341777,0
-52.44,6.853108,33.0,52.478567053607705,0
-7.92,6.837757,33.0,62.13694553162394,0
-17.65,6.729021,33.0,70.35623639735144,0
-18.34,6.322219,33.0,64.48255578061404,0
28.2,6.483975,33.0,62.76941930590086,0
-65.2,6.547938,33.0,62.048368229954285,0
-129.06,6.482696,33.0,38.600518131237564,0
96.41,6.909966,33.0,65.07687761409578,0
3.03,6.700169,33.0,53.33854141237835,0
25.53,6.846004,33.0,49.49747468305833,0
105.42,6.808905,33.0,71.8192174839019,0
-57.31,6.570964,33.0,57.0350769263968,0
-10.89,6.487813,33.0,71.37226352022192,0
-49.41,6.426409,33.0,59.61543424315552,0
27.68,6.400824,33.0,62.177166226839255,0
-24.9,6.473741,33.0,92.13576938409967,0
37.11,6.610621,33.0,52.952809179494906,0
-28.18,6.941947,33.0,61.163714733492114,0
-2.52,6.948343,32.99,58.180752831155424,0
25.06,7.02069,32.99,63.45076831686122,0
-46.32,7.006618,32.99,42.80186911806539,0
41.57,6.98615,32.99,60.844062980705026,0
31.41,6.895324,33.03,59.9749947894954,0
64.23,6.773795,33.03,61.1228271597445,0
-54.49,6.708553,33.03,62.49799996799898,0
-35.09,6.671454,33.03,64.2339474110069,0
139.79,6.661221,33.0,66.0,0
-18.05,6.652266,33.0,63.56886030125127,0
-85.19,6.69704,33.0,63.60031446463138,0
-42.93,6.688085,33.0,65.06919393998976,0
-46.99,6.717507,33.0,59.00847396772772,0
-75.41,6.786587,33.0,65.7875368135941,0
89.72,6.796821,33.0,69.72087205421343,0
83.79,6.64587,33.0,62.49799996799898,0
-9.33,6.702157,33.0,68.33008122342603,0
-14.66,7.013015,33.0,49.9799959983992,0
-49.24,6.997663,33.0,120.61923561356207,0
27.4,7.100004,33.0,78.63841300535,0
-44.15,6.98615,33.0,65.4217089351845,0
-100.04,6.874856,33.0,63.0317380372777,0
52.16,6.85055,33.0,63.166446789415026,0
-4.17,6.878693,33.0,63.631753079732135,0
-27.66,6.890206,33.03,53.907327887774215,0
103.36,6.721345,33.03,66.53570470055908,0
18.61,6.410487,33.03,65.94694837519019,0
-42.73,6.313835,33.03,76.99350621968063,0
30.18,6.420012,33.0,66.17401302626281,0
142.21,6.435364,33.0,64.20280367709809,0
-124.43,6.512119,33.0,63.56886030125127,0
-130.54,6.540262,33.0,62.64982043070834,0
10.85,6.467345,32.99,63.56099432828282,0
109.12,6.486534,32.99,63.28506932918696,0
-162.81,6.536425,32.99,65.0384501660364,0
66.3,6.617017,32.99,77.18808198161165,0
-30.86,6.820418,33.0,55.0,0
84.98,6.668188,33.0,83.5404093837228,0
131.41,6.906128,33.0,57.83597496368502,0
-119.01,6.542821,33.0,74.79304780526061,0
98.12,6.545379,32.99,63.190189111918315,0
-92.04,6.556892,32.99,64.07807737440318,0
-5.71,6.538983,32.99,62.64982043070834,0
85.62,6.549217,32.99,62.16912416947821,0
1.68,6.567127,32.99,63.35613624582863,0
-30.84,6.59655,32.99,63.56886030125127,0
-1.36,6.545379,32.99,89.62700485902673,0
14.64,6.624693,32.99,65.37583651472461,0
3.22,6.806346,33.0,62.89674077406555,0
-51.14,6.820418,33.0,61.66846844214635,0
52.25,6.720637,33.0,49.678969393496885,0
-76.77,6.819139,33.0,79.20227269466452,0
47.06,6.802509,32.97,65.95452979136459,0
37.29,6.500606,32.97,72.55342858886821,0
19.82,6.370122,32.97,66.4304147209695,0
-48.13,6.350933,32.97,61.94352266379432,0
-34.56,6.33814,32.99,63.198101237299845,0
48.7,6.308718,32.99,64.10148204214939,0
-82.22,6.290808,32.99,63.592452382338585,0
1.92,6.353492,32.99,63.190189111918315,0
38.52,6.359888,33.0,63.592452382338585,0
3.09,6.376518,33.0,62.27358990776106,0
0.79,6.363726,33.0,63.56099432828282,0
-30.71,6.357329,33.0,62.68173577685928,0
-3.57,6.324069,33.03,62.77738446287803,0
60.66,6.327907,33.03,62.313722405261586,0
85.16,6.324069,33.03,60.00833275470999,0
-106.55,6.375239,33.03,64.04685784642366,0
36.9,6.362446,33.0,64.25729530566937,0
1.75,6.352212,33.0,63.03967004989794,0
7.55,6.376518,33.0,62.93647591023825,0
-49.55,6.47502,33.0,62.93647591023825,0
31.54,6.551775,33.0,63.75735251718032,0
2.59,6.860075,33.0,64.50581369148055,0
-9.98,6.890777,33.0,61.74949392505172,0
8.24,6.907407,33.0,63.4428877022476,0
39.95,6.953461,32.99,63.4428877022476,0
22.48,6.965683,32.99,62.63385665915839,0
-47.72,6.873576,32.99,62.96824596572466,0
-47.25,6.885089,32.99,63.4428877022476,0
49.62,6.902999,33.0,59.04235767650204,0
46.86,6.64587,33.0,62.489999199871974,0
55.89,6.653545,33.0,51.07837115648854,0
150.11,6.677851,33.0,71.58212067269312,0
-117.73,6.749489,33.0,69.54135460285484,0
-156.01,6.71239,33.0,69.81403870282824,0
-66.97,6.688085,33.0,58.83026432033091,0
18.82,6.647149,33.0,50.813384063650005,0
-18.11,6.736696,33.0,78.56844150166147,0
-26.97,6.821127,33.0,60.241181927316134,0
-40.37,6.62796,33.0,67.38694235532579,0
6.32,6.387461,33.0,61.34329629226001,0
-42.64,6.471183,33.03,65.07687761409578,0
20.4,6.640044,33.03,77.77531742140305,0
5.41,6.767969,33.03,64.87680633323437,0
131.17,6.66435,33.03,50.60632371551998,0
-75.74,6.528749,33.03,53.88877434122992,0
78.58,6.531308,33.03,69.00724599634447,0
67.25,6.555614,33.03,76.05261336732617,0
-19.02,6.787158,33.03,76.34788798650555,0
-73.51,6.819139,33.0,66.79820356865893,0
-71.29,6.558172,33.0,62.8728876384726,0
-52.52,6.606783,33.0,57.619441163551734,0
-49.02,6.597828,33.0,76.4525996941896,0
93.26,6.814022,33.05,73.25298628724975,0
-36.14,6.762852,33.05,48.2078831727758,0
0.8,6.427688,33.05,64.25729530566937,0
-2.37,6.426409,33.05,63.29296959378664,0
-116.31,6.42513,33.0,63.25345840347388,0
-105.23,6.501885,33.0,65.83312236253116,0
86.0,6.802509,33.0,63.82789358893179,0
49.72,6.790996,33.0,61.87891401761993,0
154.36,6.806346,33.0,47.275786614291256,0
182.55,6.500606,33.0,60.50619802962338,0
-308.03,6.550496,33.0,63.631753079732135,0
-93.87,6.88566,33.0,62.3377895020348,0
-71.59,6.86903,33.03,72.12489168102785,0
69.67,6.865192,33.03,67.74953874381728,0
-60.92,6.826815,33.03,47.56048780237646,0
-12.47,6.839607,33.03,66.52067347825036,0
57.97,6.825535,33.0,69.4334213473598,0
56.26,6.784599,33.0,51.15662224971465,0
-38.7,6.632369,33.0,87.19518335321051,0
-5.31,6.422571,33.0,62.73754856543249,0
-33.65,6.614459,33.03,62.68173577685928,0
-44.48,6.659233,33.03,61.74949392505172,0
-96.09,6.636206,33.03,62.56196927846821,0
140.51,6.601666,33.03,71.79136438319027,0
-33.61,6.600387,33.05,73.7360156233031,0
14.21,6.615738,33.05,47.042533945356304,0
41.79,6.563289,33.05,61.61980201201558,0
12.33,6.545379,33.05,59.51470406546604,0
-45.15,6.363726,33.0,52.21110992882645,0
52.45,6.134739,33.0,61.56297588648554,0
-30.37,6.278016,33.0,63.60031446463138,0
-64.97,6.412337,33.0,60.868711174132805,0
43.17,6.542821,33.03,62.80127387243033,0
-17.39,6.443039,33.03,63.631753079732135,0
-69.1,6.400824,33.03,62.27358990776106,0
-21.03,6.404662,33.03,61.814237842102365,0
-5.13,6.409779,33.03,64.00781202322104,0
85.88,6.443039,33.03,61.04096984812741,0
34.29,6.50956,33.03,62.16912416947821,0
27.06,6.579919,33.03,64.89221833163049,0
-12.55,6.651557,33.0,61.335144900782616,0
26.11,6.892056,33.0,64.19501538281614,0
12.55,6.904849,33.0,63.118935352238,0
-42.39,6.966253,33.0,62.96824596572466,0
-36.49,6.965683,33.03,63.4428877022476,0
0.16,6.966961,33.03,62.96824596572466,0
-27.97,7.024528,33.03,62.433965115151864,0
47.67,7.131985,33.03,63.13477647065839,0
53.63,7.250956,33.0,62.433965115151864,0
-28.43,7.299567,33.0,62.433965115151864,0
-102.25,7.198506,33.0,62.81719509815764,0
239.25,7.176759,33.0,62.25752966509352,0
-38.48,7.163966,32.99,64.47480127925948,0
11.99,7.181876,32.99,61.75759062657804,0
-8.81,7.121751,32.99,62.433965115151864,0
-72.79,7.092328,32.99,62.24949798994366,0
-51.64,6.93626,33.0,62.080592780675026,0
69.34,6.93498,33.0,62.81719509815764,0
-24.38,6.928584,33.0,61.78996682310163,0
-21.08,6.906837,33.0,62.68173577685928,0
0.14,6.873576,33.0,62.369864518050704,0
22.09,6.830081,33.0,63.35613624582863,0
-10.3,6.748209,33.0,63.26926584053272,0
-29.35,6.755885,33.0,63.26926584053272,0
40.89,6.787867,32.99,62.369864518050704,0
14.95,6.775074,32.99,63.198101237299845,0
-18.26,6.7981,32.99,63.198101237299845,0
9.34,6.823686,32.99,64.10148204214939,0
48.06,6.818568,33.0,63.35613624582863,0
17.58,6.828803,33.0,62.96824596572466,0
18.64,6.83264,33.0,62.68173577685928,0
-18.2,6.846712,33.0,63.7102817447859,0
-61.53,6.871018,33.0,62.81719509815764,0
-83.71,6.858225,33.0,61.36774397026503,0
-26.94,6.855667,33.0,62.8728876384726,0
97.24,6.845433,33.0,62.68971207462992,0
-76.95,6.859505,33.0,62.68971207462992,0
-84.08,6.892765,33.0,63.35613624582863,0
84.08,6.83392,33.0,62.457985878508765,0
88.63,6.796821,33.0,62.56196927846821,0
17.61,6.830081,33.0,63.198101237299845,0
75.22,6.807055,33.0,82.23138087129512,0
-97.54,6.863342,33.0,66.83561924602779,0
-8.4,6.862063,33.0,58.31809324729333,0
11.67,6.964403,32.99,59.648973168026956,0
-9.03,7.137102,32.99,51.20546845796843,0
99.3,7.133264,32.99,56.789083458002736,0
16.6,7.102562,32.99,97.9642792042079,0
-165.6,7.047554,33.0,52.01922721455981,0
13.81,7.070581,33.0,73.17103251970687,0
114.97,6.905558,33.0,53.9351462406472,0
-60.93,6.960566,33.0,67.00746227100382,0
-112.59,6.917071,33.0,60.868711174132805,0
-62.42,6.891486,33.0,62.80923498976882,0
114.62,6.904278,33.0,62.39390995922599,0
102.48,6.958007,33.0,62.73754856543249,0
-206.97,6.949052,33.0,62.80923498976882,0
184.07,6.964403,33.0,66.82813778641449,0
-87.25,6.979754,33.0,60.207972893961475,0
70.88,6.955448,33.0,38.17066936798463,0
-5.23,6.88381,33.0,55.695601262577284,0
-29.32,6.886369,33.0,58.70264048575669,0
-33.95,6.427117,33.0,58.60887304837041,0
-81.74,6.275457,33.0,61.74949392505172,0
0.22,6.189747,33.0,60.876925020897694,0
29.98,6.312556,33.0,71.04927867332644,0
119.08,6.865192,33.0,70.8590149522275,0
-14.04,6.8524,33.0,67.72001181334805,0
-28.66,6.688655,33.0,48.641546028061235,0
78.17,6.486534,33.0,63.57672530100933,0
-158.47,6.614459,33.0,63.06346010171025,0
4.51,6.477579,33.0,63.72597586541927,0
18.3,6.541542,33.0,61.87083319303208,0
16.8,6.677142,33.0,59.632206063502295,0
-12.64,6.711682,33.0,60.58052492344384,0
-8.47,6.656674,33.0,62.465990746965666,0
-11.26,6.651557,32.99,61.34329629226001,0
39.51,6.565847,32.99,61.94352266379432,0
-34.86,6.454553,32.99,62.68173577685928,0
-33.93,6.467345,32.99,62.30569797378086,0
-7.21,6.50956,33.0,63.72597586541927,0
78.27,6.546659,33.0,61.91930232165088,0
-32.91,6.535145,33.0,61.84658438426491,0
-20.32,6.532587,33.0,62.72160712226688,0
92.97,6.533866,32.99,63.26136261573884,0
-82.63,6.481417,32.99,62.77738446287803,0
31.7,6.507002,32.99,62.24949798994366,0
-23.51,6.486534,32.99,63.60031446463138,0
-11.91,6.482696,32.99,62.68173577685928,0
14.95,6.533866,32.99,63.14269553954757,0
49.07,6.568406,32.99,55.06359959174482,0
47.08,6.473741,32.99,61.53048025166064,0
6.65,6.464787,32.99,62.65780079128216,0
-48.0,6.585036,32.99,63.15853069855251,0
-49.23,6.6119,32.99,62.64982043070834,0
107.55,6.640044,32.99,63.071388124885914,0
6.32,6.687376,32.99,63.56099432828282,0
-3.87,6.719357,32.99,62.20128616033595,0
-30.15,6.693772,32.99,62.65780079128216,0
-12.93,6.692493,32.99,62.64982043070834,0
27.39,6.691214,32.99,63.071388124885914,0
-4.62,6.71552,32.99,62.64982043070834,0
11.37,6.692493,32.99,62.64982043070834,0
16.7,6.666908,32.99,62.64982043070834,0
65.03,6.655395,33.0,63.56099432828282,0
-144.18,6.666908,33.0,62.64982043070834,0
19.26,6.647719,33.0,62.64982043070834,0
-31.72,6.634927,33.0,63.071388124885914,0
24.78,6.631089,32.99,63.071388124885914,0
-2.18,6.622134,32.99,63.079315151640635,0
3.3,6.62981,32.99,63.071388124885914,0
-21.58,6.648999,32.99,63.071388124885914,0
7.31,6.666908,32.97,62.617888817813075,0
9.25,6.661791,32.97,63.50590523722971,0
-5.14,6.677142,32.97,61.72519744804386,0
1.87,6.655395,32.97,62.617888817813075,0
33.12,6.64644,32.97,63.071388124885914,0
33.07,6.61318,32.97,62.617888817813075,0
-3.22,6.619576,32.97,63.103090257134,0
77.25,6.602946,32.97,62.65780079128216,0
-48.66,6.610621,32.97,63.57672530100933,0
73.53,6.61318,32.97,62.6418390534633,0
-102.02,6.627252,32.97,61.74949392505172,0
-24.31,6.604225,32.97,63.071388124885914,0
-0.11,6.59655,32.97,62.617888817813075,0
26.93,6.606783,32.97,62.6418390534633,0
-21.64,6.610621,32.97,62.617888817813075,0
46.61,6.588874,32.97,62.6418390534633,0
11.26,6.573523,32.97,63.079315151640635,0
-24.52,6.572244,32.97,62.617888817813075,0
-48.44,6.536425,32.97,63.60031446463138,0
5.99,6.535145,32.97,61.78996682310163,0
61.37,6.524911,32.97,62.6418390534633,0
-40.12,6.468624,32.97,64.02343321003646,0
-72.24,6.430247,32.97,63.53739056650029,0
-57.62,6.444318,32.97,63.26926584053272,0
17.46,6.432805,32.97,62.80923498976882,0
-31.21,6.413616,32.97,63.34824385884742,0
47.91,6.343257,32.97,62.465990746965666,0
49.24,6.366284,32.97,63.45076831686122,0
45.47,6.324069,32.97,64.2339474110069,0
140.65,6.318952,32.97,63.15853069855251,0
-134.72,6.284412,32.97,63.56886030125127,0
-36.79,6.404662,32.97,35.679125549822544,0
-3.64,6.95474,32.99,57.879184513951124,0
-17.32,6.947773,32.99,65.76473218982953,0
49.82,6.93626,32.99,81.35109095765097,0
36.15,6.878693,32.99,62.65780079128216,0
-94.39,6.826244,32.99,63.702433234531945,0
100.78,6.83392,32.99,59.64059020499378,0
-12.64,6.874856,32.99,64.59876159803684,0
6.73,6.42328,32.99,63.14269553954757,0
-76.47,6.498047,32.99,61.34329629226001,0
306.78,6.477579,32.99,62.24146527838174,0
-296.04,6.394428,32.99,62.369864518050704,0
56.85,6.353492,32.99,62.93647591023825,0
-55.03,6.370122,32.95,63.03967004989794,0
-62.58,6.414896,32.95,62.75348595894893,0
83.14,6.402103,32.95,61.84658438426491,0
-53.49,6.371401,32.95,62.93647591023825,0
-12.81,6.331744,32.97,61.84658438426491,0
-8.33,6.341979,32.97,81.29575634681062,0
-9.67,6.819139,32.97,60.37383539249432,0
-31.85,6.394428,32.97,53.907327887774215,0
83.11,6.674584,32.97,80.90117428072351,0
173.69,6.730871,32.97,63.166446789415026,0
-207.11,6.434084,32.97,25.0,0
-44.35,6.238359,32.97,62.457985878508765,0
-17.4,6.063102,32.95,63.35613624582863,0
43.91,6.238359,32.95,65.22269543648132,0
31.99,6.541542,32.95,54.433445601027316,0
-32.74,6.757735,32.95,58.05170109479997,0
-6.2,6.794833,32.93,61.59545437773797,0
15.4,6.828094,32.93,67.48333127521195,0
-17.54,6.862634,32.93,62.78534860936905,0
23.39,6.881823,32.93,42.579337712087536,0
9.32,6.81786,32.95,42.930175867331364,0
-6.72,6.939389,32.95,44.69899327725402,0
-6.88,6.876706,32.95,66.0,0
24.68,6.805068,32.95,52.507142371300304,0
-25.32,7.023819,32.97,65.74952471311104,0
9.67,6.7981,32.97,63.35613624582863,0
21.95,6.888927,32.97,61.66846844214635,0
-63.87,6.853108,32.97,69.20260110718382,0
-73.93,6.606213,32.95,56.938563381947034,0
-181.28,6.461658,32.95,55.5517776493246,0
56.24,6.485963,32.95,61.237243569579455,0
85.18,7.039879,32.95,67.47592163134935,0
-13.28,7.221533,32.93,62.56196927846821,0
35.45,7.172921,32.93,53.113086899558006,0
65.07,7.158849,32.93,82.35289915965315,0
-101.3,7.068022,32.93,44.81071300481616,0
-38.6,7.050113,32.95,60.778285596090974,0
16.99,6.977196,32.95,61.40032573203501,0
38.84,7.028366,32.95,63.702433234531945,0
66.71,7.019411,32.95,60.94259594077036,0
27.66,6.988709,32.97,64.17164482853778,0
-88.52,6.959286,32.97,68.60029154456998,0
-41.5,6.711112,32.97,68.30080526611674,0
-39.51,6.32094,32.97,40.82891132518721,0
-78.89,6.645161,32.95,108.25894882179486,0
-125.6,6.787158,32.95,63.984373092185564,0
206.38,6.958578,32.95,62.321745803531535,0
-33.56,7.021969,32.95,63.190189111918315,0
5.86,6.970799,32.97,64.57553716385176,0
44.69,6.981033,32.97,70.83784299369935,0
132.88,6.992547,32.97,46.71188285650665,0
-29.15,6.974637,32.97,65.85590330410783,0
-86.73,6.927305,32.97,59.682493245507096,0
-17.64,6.920908,32.97,67.56478372643548,0
-10.88,6.877414,32.97,74.00675644831355,0
-109.14,6.914512,32.97,89.56003573022959,0
39.69,6.920908,32.97,62.457985878508765,0
23.69,6.950331,32.97,60.64651680022522,0
-7.29,6.689364,32.97,52.25897052181568,0
65.7,6.587024,32.97,62.44197306299666,0
-24.27,6.625401,32.95,52.97169055259611,0
69.79,6.769957,32.95,50.0999001995014,0
-90.7,7.091049,32.95,63.39558344238185,0
-69.24,6.992547,32.95,86.63140308225418,0
17.54,6.487242,32.97,63.84355879804947,0
-3.14,6.52562,32.97,64.27285585688566,0
-31.14,6.506431,32.97,67.00746227100382,0
263.14,6.963124,32.97,56.60388679233962,0
-2.58,6.988709,32.95,62.24146527838174,0
-220.03,6.942656,32.95,57.4978260458602,0
42.13,6.927305,32.95,38.84584919911006,0
-109.31,6.900441,32.95,146.52644812456214,0
6.5,6.497477,32.95,61.74949392505172,0
25.55,6.555043,32.95,62.369864518050704,0
-55.76,6.563997,32.95,72.62231062146122,0
-68.72,6.528178,32.95,71.78439941937245,0
130.17,6.887648,32.95,57.253820833198546,0
-40.61,6.7981,32.95,58.42088667591412,0
-0.08,6.746931,32.95,64.02343321003646,0
2.48,6.656104,32.95,60.77005841695399,0
-58.88,6.625401,32.97,65.76473218982953,0
69.51,6.419442,32.97,57.38466694161429,0
21.37,6.376518,32.97,42.23742416388575,0
-73.61,6.632369,32.97,77.52418977325722,0
16.09,6.79995,32.95,63.229739838148944,0
76.3,6.620855,32.95,76.84399781375251,0
-17.48,6.587595,32.95,100.22973610660661,0
-60.52,6.66435,32.95,53.53503525729669,0
-72.27,6.906128,32.95,71.06335201775947,0
79.95,7.009748,32.95,32.87856444554719,0
-50.33,6.784029,32.95,100.50373127401788,0
118.56,6.716228,32.95,54.653453687758834,0
-24.8,6.942656,32.93,46.021733996015406,0
-8.6,6.745651,32.93,76.94803441284255,0
73.35,6.355479,32.93,80.34923770640266,0
-49.59,6.469903,32.93,63.079315151640635,0
-57.87,6.59655,32.95,63.53739056650029,0
42.43,6.614459,32.95,62.617888817813075,0
273.7,6.623414,32.95,63.095166217389426,0
-9.12,6.678421,32.95,63.56099432828282,0
-53.68,6.696331,32.97,63.14269553954757,0
53.66,6.710403,32.97,63.14269553954757,0
-20.9,6.706565,32.97,61.78187436457395,0
-55.07,6.66435,32.97,63.14269553954757,0
-9.99,6.625972,32.97,63.071388124885914,0
0.08,6.59527,32.97,106.34378214075329,0
52.18,6.894615,32.97,65.49045732013177,0
20.4,6.721916,32.97,57.148928248918196,0
18.25,6.743663,32.97,65.40642170307133,0
14.87,6.801229,32.97,61.69278726074872,0
94.52,6.742384,32.97,53.018864567246254,0
17.99,6.880543,32.97,58.35237784358063,0
34.98,6.620855,32.97,69.72087205421343,0
-62.81,6.413616,32.97,60.67948582511226,0
-20.55,6.619576,32.97,55.4346462061408,0
-52.08,6.585036,32.97,53.25410782277739,0
86.6,6.454553,32.97,50.368641037852115,0
-27.25,6.086128,32.97,62.74551776820397,0
-25.06,5.907033,32.97,63.387695966961914,0
-14.09,5.739893,32.97,62.82515419798029,0
99.09,5.783388,32.97,77.75602870517501,0
-49.6,6.362888,32.97,61.424750711744856,0
62.5,6.417896,32.97,49.66890375275057,0
-4.75,6.374402,32.97,80.1373820385967,0
10.5,6.56501,32.97,54.08326913195984,0
203.3,6.449435,32.97,90.39911503991618,0
8.42,6.302321,32.97,61.7980582219215,0
-14.22,6.242197,32.97,61.04096984812741,0
28.95,6.112992,32.95,63.118935352238,0
-33.93,6.075894,32.95,61.71709649683789,0
-23.87,6.102758,32.95,65.612498809297,0
-42.74,6.275457,32.95,63.06346010171025,0
-0.83,6.165442,32.95,62.88083968904996,0
19.74,6.118109,32.95,125.13193037750197,0
105.37,6.325348,32.95,65.73431371817918,0
-45.39,6.380356,32.95,70.49822692805827,0
-69.93,6.299763,32.95,46.33573135281238,0
29.01,6.380356,32.95,69.83552104767315,0
-25.9,6.380356,32.95,65.99242380758567,0
51.53,6.733429,32.95,56.124860801609124,0
-12.71,6.682259,32.95,73.39618518697004,0
27.82,6.743663,32.95,65.30696746902278,0
-43.36,6.569685,32.95,42.579337712087536,0
18.61,6.416175,32.95,64.89992295835181,0
-58.56,6.349654,32.95,62.76941930590086,0
-168.23,6.536425,32.95,68.62215385719105,0
60.06,6.593991,32.95,61.74949392505172,0
-5.52,6.95474,32.95,65.46754921333164,0
48.19,6.940097,32.95,58.111960903070546,0
54.63,6.924747,32.95,61.29437168288782,0
57.02,6.959286,32.95,63.72597586541927,0
-119.3,6.974637,32.95,65.91661399070799,0
-29.79,6.947773,32.95,62.24949798994366,0
-9.74,6.872297,32.95,58.557663887829406,0
-39.97,6.963124,32.95,68.67313885355759,0
1.47,7.006618,32.95,68.67313885355759,0
-7.29,7.014294,32.95,58.7962583843564,0
1.29,7.069302,32.95,62.67375846396959,0
42.67,7.12431,32.95,63.50590523722971,0
9.66,7.126868,32.95,62.77738446287803,0
-55.14,7.1064,32.99,62.71363488110062,0
10.09,7.096166,32.99,63.071388124885914,0
40.23,7.087211,32.99,70.02856560004639,0
-10.18,6.864622,32.99,66.55824516917495,0
-6.77,6.991267,32.97,60.35726965329032,0
21.02,6.69704,32.97,65.79513659838392,0
-5.87,6.652266,32.97,63.41135544995076,0
13.12,6.873576,32.97,53.72150407425317,0
48.83,6.995105,32.97,71.58212067269312,0
44.43,6.84927,32.97,60.0416522091123,0
-125.03,6.807055,32.97,63.631753079732135,0
0.78,6.942656,32.97,59.74947698515862,0
-21.24,6.917071,32.99,60.440052945046304,0
-29.81,6.950331,32.99,58.70264048575669,0
-35.97,6.908116,32.99,56.302753041036986,0
55.34,6.761002,32.99,64.9307323229917,0
6.9,6.667617,32.97,66.10597552415364,0
-62.02,6.597258,32.97,52.44044240850758,0
-21.02,6.754606,32.97,71.09149034870488,0
32.57,6.750768,32.97,82.80700453464067,0
2.21,6.69576,32.99,32.77193921634788,0
-25.58,6.666337,32.99,80.60397012554654,0
39.39,6.358038,32.99,77.12976079309465,0
75.4,5.890403,32.99,62.01612693485461,0
-58.17,6.167163,32.95,69.98571282769076,0
-95.9,6.224729,32.95,53.46026561849464,0
132.3,6.398707,32.95,63.72597586541927,0
-71.22,6.460112,32.95,63.190189111918315,0
66.34,6.477579,32.97,60.8276253029822,0
-82.54,6.508281,32.97,60.93439094632849,0
-61.03,6.507002,32.97,60.81118318204309,0
67.92,6.517236,32.97,63.103090257134,0
19.92,6.532587,32.97,63.079315151640635,0
-25.9,6.569685,32.97,63.53739056650029,0
8.84,6.588874,32.97,62.20128616033595,0
16.74,6.627252,32.97,62.65780079128216,0
-3.52,6.618297,32.95,62.6418390534633,0
-9.95,6.636206,32.95,60.40695324215582,0
29.0,6.469903,32.95,62.24146527838174,0
-34.92,6.272899,32.95,62.20128616033595,0
-3.41,6.588874,32.97,63.079315151640635,0
6.78,6.642602,32.97,63.079315151640635,0
-40.73,6.623414,32.97,63.079315151640635,0
29.55,6.643882,32.97,63.079315151640635,0
82.31,6.637486,32.95,63.079315151640635,0
-43.36,6.631089,32.95,63.079315151640635,0
-10.35,6.627252,32.95,63.079315151640635,0
3.31,6.625972,32.95,63.079315151640635,0
-4.17,6.624693,32.95,63.079315151640635,0
-8.33,6.615738,32.95,63.079315151640635,0
2.83,6.619576,32.95,63.079315151640635,0
2.11,6.602946,32.95,63.079315151640635,0
-3.99,6.59655,32.95,63.079315151640635,0
-7.07,6.579919,32.95,63.079315151640635,0
4.54,6.5441,32.95,63.079315151640635,0
1.31,6.554334,32.95,63.079315151640635,0
-3.1,6.5441,32.95,63.079315151640635,0
-1.44,6.536425,32.95,63.079315151640635,0
2.59,6.526191,32.95,63.079315151640635,0
3.3,6.522353,32.95,63.079315151640635,0
-7.24,6.523632,32.97,63.079315151640635,0
1.21,6.532587,32.97,63.079315151640635,0
5.83,6.550496,32.97,63.079315151640635,0
0.49,6.558172,32.97,63.079315151640635,0
-8.18,6.56201,32.95,63.079315151640635,0
0.68,6.572244,32.95,62.65780079128216,0
4.94,6.577361,32.95,63.079315151640635,0
-1.83,6.573523,32.95,63.079315151640635,0
-10.04,6.57864,32.95,63.079315151640635,0
4.49,6.57864,32.95,63.079315151640635,0
5.31,6.591433,32.95,63.079315151640635,0
0.1,6.585036,32.95,63.079315151640635,0
-8.43,6.608063,32.95,63.079315151640635,0
4.18,6.619576,32.95,63.079315151640635,0
4.66,6.618297,32.95,63.079315151640635,0
-1.14,6.604225,32.95,63.079315151640635,0
-6.69,6.604225,32.95,63.079315151640635,0
5.55,6.602946,32.95,63.079315151640635,0
0.34,6.604225,32.95,62.65780079128216,0
-2.79,6.6119,32.95,62.65780079128216,0
-1.38,6.608063,32.95,63.079315151640635,0
2.41,6.6119,32.95,63.079315151640635,0
3.02,6.601666,32.95,63.079315151640635,0
-5.75,6.606783,32.95,63.079315151640635,0
-1.95,6.588874,32.95,63.079315151640635,0
2.18,6.592711,32.95,63.079315151640635,0
-0.46,6.567127,32.95,63.079315151640635,0
-1.91,6.570964,32.95,62.65780079128216,0
-2.82,6.56201,32.93,63.079315151640635,0
2.73,6.556892,32.93,63.079315151640635,0
1.92,6.549217,32.93,62.65780079128216,0
-4.01,6.5441,32.93,63.079315151640635,0
-0.11,6.538983,32.93,63.079315151640635,0
3.95,6.536425,32.93,63.079315151640635,0
0.94,6.533866,32.93,63.079315151640635,0
-3.82,6.528749,32.93,63.079315151640635,0
1.08,6.5441,32.95,62.65780079128216,0
0.07,6.545379,32.95,63.079315151640635,0
1.37,6.573523,32.95,62.65780079128216,0
-3.05,6.574802,32.95,62.65780079128216,0
3.64,6.586315,32.93,63.079315151640635,0
4.53,6.581198,32.93,62.65780079128216,0
3.16,6.583757,32.93,63.079315151640635,0
-5.22,6.574802,32.93,62.65780079128216,0
0.68,6.574802,32.91,63.079315151640635,0
2.15,6.568406,32.91,62.65780079128216,0
-0.68,6.569685,32.91,62.65780079128216,0
-4.61,6.57864,32.91,63.079315151640635,0
4.49,6.588874,32.95,63.079315151640635,0
3.69,6.572244,32.95,63.079315151640635,0
-3.77,6.565847,32.95,62.65780079128216,0
-5.42,6.553055,32.95,62.65780079128216,0
8.44,6.563289,32.93,62.64982043070834,0
-2.45,6.582478,32.93,63.071388124885914,0
-9.61,6.608063,32.93,62.65780079128216,0
-2.87,6.638765,32.93,62.64982043070834,0
-0.36,6.666908,32.93,61.741396161732524,0
1.62,6.709124,32.93,63.071388124885914,0
-4.83,6.761573,32.93,63.079315151640635,0
9.46,6.825535,32.93,62.65780079128216,0
13.0,6.771807,32.95,63.071388124885914,0
6.09,6.761573,32.95,63.071388124885914,0
6.36,6.739826,32.95,63.079315151640635,0
-10.53,6.739826,32.95,62.177166226839255,0
-11.52,6.807626,32.93,63.071388124885914,0
-18.57,6.911245,32.93,63.079315151640635,0
0.43,6.807626,32.93,63.079315151640635,0
20.79,6.751339,32.93,63.103090257134,0
9.19,6.730871,32.93,63.103090257134,0
-7.16,6.843445,32.93,62.16912416947821,0
-7.64,6.993117,32.93,63.079315151640635,0
-12.96,7.083374,32.93,62.6418390534633,0
17.87,6.826244,32.93,62.20128616033595,0
48.13,6.795542,32.93,63.57672530100933,0
-0.36,6.718787,32.93,63.14269553954757,0
-16.6,7.027086,32.93,63.50590523722971,0
-31.95,7.188272,32.91,62.609903369994115,0
-10.85,6.855667,32.91,63.53739056650029,0
17.65,6.794263,32.91,60.382116557802114,0
-17.71,6.812172,32.91,62.177166226839255,0
-2.86,7.069302,32.91,63.984373092185564,0
28.49,7.344341,32.91,62.177166226839255,0
-22.43,6.824965,32.91,62.177166226839255,0
-7.67,6.792984,32.91,63.53739056650029,0
-6.12,6.773795,32.91,63.103090257134,0
21.43,6.941377,32.91,63.53739056650029,0
-17.87,7.116634,32.91,63.079315151640635,0
-11.73,7.142219,32.91,63.51377803280167,0
9.61,6.827523,32.89,62.177166226839255,0
3.51,6.755885,32.89,63.103090257134,0
1.12,6.727742,32.89,63.079315151640635,0
-2.85,6.766119,32.89,62.16912416947821,0
8.81,6.813451,32.93,63.079315151640635,0
-12.0,6.914512,32.93,63.97655820689325,0
-10.81,6.970799,32.93,63.079315151640635,0
22.87,6.902999,32.93,62.16912416947821,0
4.11,6.76484,32.91,63.103090257134,0
-4.41,6.752048,32.91,63.53739056650029,0
4.19,6.753326,32.91,63.57672530100933,0
32.72,6.805776,32.91,63.57672530100933,0
-16.69,7.037321,32.91,63.103090257134,0
-14.26,7.137102,32.91,63.079315151640635,0
7.94,6.84927,32.91,63.079315151640635,0
44.89,6.743093,32.91,62.20128616033595,0
-7.2,6.7303,32.91,63.14269553954757,0
-43.88,6.723904,32.91,63.103090257134,0
39.15,6.910675,32.91,62.177166226839255,0
-14.12,7.066743,32.91,63.079315151640635,0
-9.82,7.115355,32.91,63.53739056650029,0
40.12,6.773795,32.91,63.53739056650029,0
15.98,6.727742,32.91,63.53739056650029,0
-28.42,6.675292,32.91,62.68173577685928,0
-32.43,6.636915,32.91,62.73754856543249,0
33.49,6.753326,32.91,62.24146527838174,0
-6.69,6.922188,32.91,63.103090257134,0
0.42,7.070581,32.91,62.20128616033595,0
26.58,6.700877,32.91,63.53739056650029,0
29.21,6.659941,32.91,62.24146527838174,0
-34.9,6.636915,32.91,62.6418390534633,0
-62.9,6.822406,32.91,62.177166226839255,0
52.57,7.047554,32.91,63.592452382338585,0
-1.04,7.107679,32.91,63.079315151640635,0
25.85,6.740534,32.91,62.6418390534633,0
2.0,6.743093,32.91,63.57672530100933,0
-17.9,7.070581,32.91,63.51377803280167,0
15.01,7.435168,32.91,62.609903369994115,0
-25.28,7.474824,32.91,63.071388124885914,0
12.0,6.944668,32.91,62.609903369994115,0
5.71,6.88381,32.91,62.16912416947821,0
6.39,6.777632,32.91,63.079315151640635,0
-28.86,6.703436,32.91,62.6418390534633,0
78.06,6.689364,32.91,63.14269553954757,0
-27.16,6.718787,32.89,63.103090257134,0
-43.17,6.748209,32.89,63.103090257134,0
-6.4,6.932422,32.89,62.177166226839255,0
23.29,7.02069,32.89,63.51377803280167,0
27.57,6.800659,32.91,63.53739056650029,0
5.95,6.76484,32.91,62.6418390534633,0
4.37,6.878693,32.91,63.103090257134,0
-39.94,7.143498,32.91,62.6418390534633,0
44.89,7.101283,32.87,63.53739056650029,0
2.4,6.854387,32.87,63.984373092185564,0
34.09,6.809614,32.87,63.53739056650029,0
-24.96,7.005339,32.87,63.14269553954757,0
-31.52,6.972079,32.89,62.68173577685928,0
31.49,6.750768,32.89,62.24949798994366,0
-16.43,6.717507,32.89,63.57672530100933,0
-19.67,6.882531,32.89,63.57672530100933,0
-15.5,7.018132,32.89,62.20932405998316,0
24.21,6.789145,32.89,63.095166217389426,0
25.22,6.743093,32.89,62.6418390534633,0
4.34,6.975916,32.89,63.50590523722971,0
-38.58,7.13966,32.89,63.14269553954757,0
-6.42,6.836478,32.89,63.095166217389426,0
20.46,6.668896,32.89,62.73754856543249,0
-29.81,6.915792,32.89,63.50590523722971,0
32.05,7.12303,32.87,63.51377803280167,0
-17.01,7.285495,32.87,63.53739056650029,0
-2.36,6.803217,32.87,62.68173577685928,0
8.69,6.773795,32.87,63.53739056650029,0
24.0,6.773795,32.89,63.190189111918315,0
-9.16,6.790425,32.89,62.24146527838174,0
-8.19,6.947773,32.89,62.185207244167,0
4.89,7.126868,32.89,64.42049363362563,0
20.35,6.836478,32.91,62.73754856543249,0
8.75,6.789145,32.91,64.10148204214939,0
5.46,7.060347,32.91,62.177166226839255,0
-58.68,7.215137,32.91,62.617888817813075,0
21.84,6.959286,32.91,63.984373092185564,0
14.18,6.871018,32.91,61.806148561449774,0
6.83,6.955448,32.91,61.90315016216864,0
-4.74,7.199785,32.91,62.6418390534633,0
22.69,7.114076,32.89,62.77738446287803,0
-9.1,6.913233,32.89,59.54829972383762,0
15.79,6.920908,32.89,63.198101237299845,0
4.07,7.033483,32.89,64.03905058634146,0
5.49,7.041158,32.91,63.26136261573884,0
-19.96,6.946494,32.91,61.36774397026503,0
9.69,7.172921,32.91,62.24949798994366,0
11.26,7.473545,32.91,62.20932405998316,0
9.57,7.133997,32.87,63.095166217389426,0
-5.16,6.947226,32.87,61.74949392505172,0
-3.58,6.937539,32.87,61.74949392505172,0
-7.93,6.974637,32.87,62.6418390534633,0
0.76,7.166525,32.87,61.78996682310163,0
-17.52,6.960566,32.87,63.13477647065839,0
-4.67,6.845433,32.87,63.190189111918315,0
-3.3,6.869739,32.87,62.24949798994366,0
8.58,7.085932,32.89,63.13477647065839,0
15.52,7.233046,32.89,61.78996682310163,0
23.78,7.025807,32.89,63.655321851358195,0
14.69,6.90172,32.89,62.72160712226688,0
-34.68,7.07186,32.87,62.72160712226688,0
-35.63,7.240721,32.87,64.91532946846992,0
-25.3,7.034762,32.87,62.20932405998316,0
-34.31,6.813451,32.87,63.13477647065839,0
87.14,6.842874,32.87,62.6418390534633,0
-27.93,7.053951,32.87,63.53739056650029,0
-33.35,7.011735,32.87,63.57672530100933,0
-17.82,6.900441,32.87,63.60031446463138,0
59.13,6.894044,32.84,61.78996682310163,0
9.44,6.93626,32.84,62.68173577685928,0
-41.59,6.989988,32.84,62.30569797378086,0
-29.8,7.038599,32.84,63.190189111918315,0
8.35,7.08977,32.87,63.190189111918315,0
25.56,7.158849,32.87,63.13477647065839,0
-4.1,6.965683,32.87,61.84658438426491,0
26.87,6.950331,32.87,60.909769331364245,0
29.92,7.207461,32.84,61.78996682310163,0
37.06,7.066743,32.84,63.13477647065839,0
7.14,6.828803,32.84,64.02343321003646,0
-33.47,7.043717,32.84,63.57672530100933,0
-91.27,7.231767,32.84,62.73754856543249,0
-39.16,6.964403,32.84,62.37788069500277,0
6.16,6.915792,32.84,63.13477647065839,0
64.03,7.064185,32.84,61.53048025166064,0
1.7,7.21002,32.84,62.185207244167,0
-17.74,6.979754,32.84,63.631753079732135,0
-46.39,6.886369,32.84,64.07807737440318,0
59.78,7.08977,32.84,64.42049363362563,0
-43.13,7.188272,32.84,61.74949392505172,0
74.03,6.904278,32.84,64.13267497929586,0
-20.08,6.831361,32.84,62.369864518050704,0
24.1,6.831361,32.84,63.631753079732135,0
-3.31,6.808334,32.84,63.190189111918315,0
-0.91,6.895324,32.84,61.91930232165088,0
-4.41,7.102562,32.84,62.80923498976882,0
18.05,6.776353,32.84,62.185207244167,0
7.35,6.640752,32.83,64.02343321003646,0
53.67,6.716228,32.83,62.6418390534633,0
-73.84,6.879972,32.83,63.53739056650029,0
-18.74,7.028366,32.83,62.457985878508765,0
14.63,6.757164,32.83,63.57672530100933,0
43.83,6.6625,32.83,63.26136261573884,0
-3.95,6.631798,32.83,62.80923498976882,0
-4.21,6.677851,32.83,63.26926584053272,0
-68.1,6.690643,32.84,63.788713735268246,0
-48.09,6.855667,32.84,62.24146527838174,0
30.66,6.828803,32.84,62.73754856543249,0
13.18,6.684247,32.84,61.84658438426491,0
-43.54,6.856946,32.83,62.20128616033595,0
1.1,6.974637,32.83,63.57672530100933,0
-1.41,6.740534,32.83,63.13477647065839,0
-5.17,6.813451,32.83,61.78996682310163,0
27.09,6.958007,32.83,62.93647591023825,0
-7.11,6.749489,32.83,62.20128616033595,0
3.88,6.755885,32.83,62.20128616033595,0
13.0,6.808334,32.83,62.68173577685928,0
21.5,6.810893,32.87,61.34329629226001,0
-29.71,6.7981,32.87,63.592452382338585,0
64.54,6.860784,32.87,62.185207244167,0
-20.21,6.972079,32.87,63.14269553954757,0
-9.93,6.794263,32.84,61.74949392505172,0
-35.74,6.973358,32.84,62.68173577685928,0
62.69,7.120472,32.84,63.57672530100933,0
-22.93,7.034762,32.84,62.73754856543249,0
5.06,6.859505,32.83,62.30569797378086,0
36.73,7.016852,32.83,61.84658438426491,0
9.43,7.142219,32.83,63.631753079732135,0
-33.89,7.279099,32.83,62.80923498976882,0
9.71,6.837757,32.81,63.190189111918315,0
-4.81,6.804497,32.81,63.26136261573884,0
7.85,6.83392,32.81,63.72597586541927,0
2.08,6.885089,32.81,63.72597586541927,0
-2.56,7.019411,32.83,63.190189111918315,0
-0.68,6.913233,32.83,62.37788069500277,0
-2.99,6.81601,32.83,62.465990746965666,0
6.12,6.854387,32.83,64.1482657598785,0
-28.13,6.993826,32.81,64.1482657598785,0
11.63,6.863342,32.81,63.72597586541927,0
-5.86,6.822406,32.81,63.26136261573884,0
4.93,6.906837,32.81,62.73754856543249,0
-20.29,7.056509,32.84,62.80923498976882,0
26.18,6.890206,32.84,62.24949798994366,0
-4.2,6.868459,32.84,63.13477647065839,0
6.94,7.074419,32.84,61.78996682310163,0
-12.39,7.112796,32.84,63.190189111918315,0
4.66,6.899161,32.84,62.37788069500277,0
-8.02,6.863342,32.84,63.190189111918315,0
2.63,6.995105,32.84,63.13477647065839,0
-9.16,7.108959,32.83,63.13477647065839,0
6.43,6.920908,32.83,62.24949798994366,0
-17.62,6.981033,32.83,63.13477647065839,0
14.88,7.131985,32.83,63.190189111918315,0
-14.28,7.186993,32.83,62.37788069500277,0
21.11,6.968241,32.83,62.37788069500277,0
-1.28,6.940097,32.83,61.497967446087195,0
1.13,7.019411,32.83,63.190189111918315,0
-10.14,7.138381,32.83,62.849025449882674,0
0.2,6.991267,32.83,63.26136261573884,0
0.92,6.949052,32.83,62.465990746965666,0
8.6,6.959286,32.83,63.26136261573884,0
-10.13,7.126868,32.83,62.30569797378086,0
13.17,7.216415,32.83,63.26136261573884,0
7.6,6.988709,32.83,63.26136261573884,0
37.66,6.93626,32.83,63.26136261573884,0
3.73,6.891486,32.83,63.26136261573884,0
-84.02,6.847991,32.83,62.30569797378086,0
20.74,6.837757,32.83,62.24949798994366,0
-4.39,6.968241,32.83,63.190189111918315,0
12.42,7.024528,32.84,64.59876159803684,0
7.25,6.853108,32.84,62.68173577685928,0
41.49,6.744372,32.84,63.190189111918315,0
-2.76,6.85055,32.84,62.80923498976882,0
-29.58,6.984871,32.84,61.84658438426491,0
-4.57,7.105121,32.84,62.30569797378086,0
19.65,6.885089,32.84,63.190189111918315,0
83.93,6.888927,32.84,62.24949798994366,0
-26.44,7.05523,32.83,62.68173577685928,0
-89.64,7.12303,32.83,62.24949798994366,0
-41.59,7.158849,32.83,64.02343321003646,0
15.21,7.180596,32.83,63.53739056650029,0
64.03,7.341782,32.84,63.57672530100933,0
33.04,6.888927,32.84,63.190189111918315,0
42.2,6.909395,32.84,62.68173577685928,0
-25.06,6.900441,32.84,62.65780079128216,0
-138.07,6.874856,32.84,62.72160712226688,0
15.14,6.809614,32.84,61.59545437773797,0
149.5,6.928584,32.84,61.30252849597641,0
70.15,7.014294,32.84,62.185207244167,0
-101.3,6.960566,32.83,62.68971207462992,0
-105.24,6.910675,32.83,65.22269543648132,0
-24.56,6.895324,32.83,62.39390995922599,0
27.01,6.786587,32.83,63.419239982831705,0
6.69,6.784029,32.83,61.587336360651285,0
-37.58,6.881252,32.83,65.57438524302,0
64.18,6.842874,32.83,62.0644825967316,0
113.1,6.745651,32.83,63.0,0
62.16,6.83264,32.84,62.849025449882674,0
-93.36,6.841595,32.84,63.34824385884742,0
88.74,6.828803,32.84,62.465990746965666,0
-20.1,6.853108,32.84,63.26136261573884,0
108.2,6.792984,32.83,61.53048025166064,0
-137.57,6.777632,32.83,62.37788069500277,0
-83.28,6.7981,32.83,62.37788069500277,0
34.27,6.814731,32.83,64.07807737440318,0
-24.34,6.824965,32.83,62.849025449882674,0
2.51,6.787867,32.83,62.37788069500277,0
-17.35,6.823686,32.83,63.26136261573884,0
16.26,6.827523,32.83,62.30569797378086,0
18.74,6.851829,32.83,63.34824385884742,0
27.98,6.79938,32.83,62.849025449882674,0
-13.03,6.803217,32.83,62.93647591023825,0
-63.77,6.804497,32.83,63.26136261573884,0
47.73,6.841595,32.83,62.37788069500277,0
37.02,6.817289,32.83,63.72597586541927,0
-26.49,6.831361,32.83,63.26136261573884,0
-65.24,6.853108,32.83,62.30569797378086,0
30.64,6.91835,32.83,62.93647591023825,0
17.66,6.888927,32.83,63.72597586541927,0
14.26,6.904278,32.83,62.30569797378086,0
-35.87,6.895324,32.83,63.26136261573884,0
-1.41,6.858225,32.83,63.26136261573884,0
-27.27,6.845433,32.83,62.849025449882674,0
28.62,6.874856,32.83,63.26136261573884,0
-2.76,6.876135,32.83,64.1482657598785,0
-16.79,6.840316,32.81,62.465990746965666,0
20.76,6.763561,32.81,61.97580172938467,0
1.05,6.780191,32.81,63.03967004989794,0
3.59,6.739255,32.81,63.15853069855251,0
-31.77,6.791704,32.83,62.93647591023825,0
-28.17,6.836478,32.83,62.24949798994366,0
-37.95,6.879972,32.83,64.02343321003646,0
80.92,6.90172,32.83,63.13477647065839,0
44.92,6.991267,32.81,62.68173577685928,0
7.8,6.975916,32.81,62.37788069500277,0
-94.99,6.786587,32.81,62.465990746965666,0
-36.99,6.682968,32.81,62.465990746965666,0
16.22,6.731579,32.83,62.465990746965666,0
-4.94,6.78147,32.83,63.03967004989794,0
-15.57,6.822406,32.83,62.93647591023825,0
19.73,6.874856,32.83,62.93647591023825,0
19.08,6.95289,32.83,61.91930232165088,0
22.26,7.036041,32.83,62.37788069500277,0
-2.33,7.042438,32.83,62.93647591023825,0
38.98,6.968241,32.83,62.465990746965666,0
-9.62,6.911954,32.83,62.93647591023825,0
-18.41,6.91835,32.83,61.97580172938467,0
-63.55,6.886369,32.83,62.0644825967316,0
-31.31,6.915792,32.83,63.419239982831705,0
12.98,6.972079,32.83,62.465990746965666,0
12.45,7.041158,32.83,62.93647591023825,0
58.77,6.922188,32.83,63.812224534175265,0
47.32,6.885089,32.83,62.65780079128216,0
0.14,6.835199,32.83,62.289646009589745,0
-78.02,6.776353,32.83,62.91263784010332,0
-39.82,6.7981,32.83,62.77738446287803,0
13.98,6.826244,32.83,62.16912416947821,0
-69.81,6.807055,32.83,63.52164985262898,0
116.16,6.785308,32.83,62.77738446287803,0
68.83,6.812172,32.83,62.16912416947821,0
15.45,6.828803,32.83,63.63961030678928,0
-0.09,6.791704,32.81,63.52164985262898,0
4.02,6.787867,32.81,62.77738446287803,0
-26.12,6.772515,32.81,62.65780079128216,0
-57.58,6.808334,32.81,62.465990746965666,0
-22.08,6.840316,32.83,62.16912416947821,0
64.52,6.895324,32.83,63.118935352238,0
0.44,6.896603,32.83,63.419239982831705,0
7.97,6.881252,32.83,63.419239982831705,0
19.12,6.878693,32.83,63.03967004989794,0
-74.31,6.891486,32.83,62.68971207462992,0
-23.54,6.882531,32.83,62.16912416947821,0
-5.35,6.881252,32.83,62.68971207462992,0
26.42,6.909395,32.79,63.03967004989794,0
-18.48,6.954169,32.79,63.03967004989794,0
-37.54,6.978475,32.79,63.03967004989794,0
76.99,6.96952,32.79,63.03967004989794,0
-0.95,6.977196,32.81,63.03967004989794,0
5.15,6.954169,32.81,63.03967004989794,0
-11.66,6.940097,32.81,63.03967004989794,0
-28.01,6.913233,32.81,62.289646009589745,0
-15.2,6.920908,32.83,63.03967004989794,0
-27.07,6.90172,32.83,63.63961030678928,0
33.42,6.909395,32.83,62.16912416947821,0
18.13,6.895324,32.83,63.15853069855251,0
24.81,6.906837,32.81,63.15853069855251,0
-7.45,6.913233,32.81,62.289646009589745,0
8.43,6.90172,32.81,62.289646009589745,0
27.95,6.909395,32.81,62.65780079128216,0
35.51,6.874856,32.79,63.03967004989794,0
-13.64,6.888927,32.79,63.56886030125127,0
-29.1,6.881252,32.79,63.03967004989794,0
-34.19,6.878693,32.79,62.16912416947821,0
12.09,6.876135,32.79,62.56996084384263,0
18.86,6.885089,32.79,62.93647591023825,0
3.78,6.888927,32.79,62.93647591023825,0
-62.66,6.888927,32.79,62.93647591023825,0
66.52,6.885089,32.81,62.93647591023825,0
24.29,6.908116,32.81,62.93647591023825,0
-71.38,6.917071,32.81,62.465990746965666,0
-15.63,6.928584,32.81,63.34824385884742,0
-5.9,6.928584,32.79,61.587336360651285,0
-2.23,6.940097,32.79,62.37788069500277,0
12.87,6.945214,32.79,62.93647591023825,0
-26.8,6.960566,32.79,62.93647591023825,0
18.54,6.960566,32.79,63.812224534175265,0
7.42,6.972079,32.79,62.93647591023825,0
10.24,6.960566,32.79,62.93647591023825,0
6.69,6.954169,32.79,62.93647591023825,0
-3.9,6.950331,32.79,62.93647591023825,0
-1.41,6.954169,32.79,62.465990746965666,0
-16.57,6.945214,32.79,62.93647591023825,0
17.29,6.937539,32.79,62.93647591023825,0
-5.74,6.919629,32.77,64.33506042586733,0
10.25,6.906837,32.77,62.849025449882674,0
1.05,6.887648,32.77,61.97580172938467,0
-24.24,6.837757,32.77,63.03967004989794,0
10.73,6.86718,32.79,63.03967004989794,0
-6.61,6.90172,32.79,64.28841264178172,0
17.54,6.922188,32.79,62.93647591023825,0
15.97,6.90172,32.79,62.93647591023825,0
94.12,6.888927,32.77,62.93647591023825,0
-6.84,6.896603,32.77,62.93647591023825,0
-92.52,6.945214,32.77,63.33245613427605,0
7.31,6.93498,32.77,63.812224534175265,0
12.66,6.933701,32.79,62.55397669213365,0
-11.99,6.942656,32.79,62.849025449882674,0
0.1,6.979754,32.79,63.812224534175265,0
27.17,6.966961,32.79,63.914004725099176,0
25.04,6.955448,32.77,62.849025449882674,0
-11.47,6.951611,32.77,63.33245613427605,0
-55.79,6.93626,32.77,63.812224534175265,0
4.53,6.956728,32.77,62.465990746965666,0
4.43,6.943935,32.77,62.465990746965666,0
-8.34,6.95289,32.77,62.30569797378086,0
51.98,6.932422,32.77,61.97580172938467,0
-22.67,6.949052,32.77,62.0644825967316,0
1.44,6.917071,32.77,62.93647591023825,0
-21.17,6.951611,32.77,61.69278726074872,0
-6.33,6.983592,32.77,62.37788069500277,0
-24.62,7.028366,32.77,63.812224534175265,0
-2.68,7.02069,32.75,63.03967004989794,0
6.31,7.021969,32.75,62.93647591023825,0
20.05,6.997663,32.75,61.43289021363068,0
-22.6,7.013015,32.75,61.97580172938467,0
28.44,6.991267,32.77,62.849025449882674,0
17.32,7.00278,32.77,61.97580172938467,0
-7.31,7.006618,32.77,62.93647591023825,0
15.83,7.00406,32.77,62.849025449882674,0
44.55,6.997663,32.77,62.849025449882674,0
39.23,7.000222,32.77,62.37788069500277,0
-19.61,6.922188,32.77,63.52164985262898,0
-50.43,6.926025,32.77,62.65780079128216,0
-36.78,6.928584,32.75,61.97580172938467,0
38.76,6.93498,32.75,63.33245613427605,0
84.92,6.913233,32.75,62.849025449882674,0
25.96,6.897882,32.75,62.93647591023825,0
-35.31,6.876135,32.73,62.0644825967316,0
-77.24,6.897882,32.73,62.849025449882674,0
17.82,6.890206,32.73,62.93647591023825,0
22.29,6.873576,32.73,62.849025449882674,0
6.62,6.876135,32.73,62.93647591023825,0
-37.34,6.878693,32.73,62.849025449882674,0
-15.45,6.881252,32.73,63.26136261573884,0
-8.53,6.872297,32.73,62.77738446287803,0
0.83,6.868459,32.75,62.849025449882674,0
-7.12,6.856946,32.75,62.849025449882674,0
3.72,6.858225,32.75,62.93647591023825,0
-7.75,6.819848,32.75,63.72597586541927,0
18.54,6.851829,32.75,63.655321851358195,0
-1.99,6.897882,32.75,60.975404877704584,0
-4.67,6.947773,32.75,63.34824385884742,0
25.39,6.954169,32.75,62.3377895020348,0
68.59,6.945214,32.75,63.655321851358195,0
-34.58,6.93498,32.75,63.655321851358195,0
-47.25,6.95289,32.75,63.26136261573884,0
-40.09,6.956728,32.75,62.465990746965666,0
-52.83,6.945214,32.75,62.849025449882674,0
39.91,6.933701,32.75,63.655321851358195,0
8.35,6.938818,32.75,63.655321851358195,0
7.13,6.941377,32.75,62.849025449882674,0
58.34,6.940097,32.75,62.77738446287803,0
17.89,6.928584,32.75,62.77738446287803,0
-14.98,6.937539,32.75,62.77738446287803,0
-28.67,6.919629,32.75,62.77738446287803,0
11.33,6.908116,32.75,62.849025449882674,0
-5.13,6.891486,32.75,62.77738446287803,0
4.19,6.899161,32.75,62.77738446287803,0
1.54,6.895324,32.75,62.37788069500277,0
4.9,6.911954,32.73,62.37788069500277,0
19.04,6.914512,32.73,62.93647591023825,0
-2.93,6.947773,32.73,62.849025449882674,0
23.73,6.963124,32.73,62.849025449882674,0
26.41,6.972079,32.75,62.849025449882674,0
1.84,6.96952,32.75,62.849025449882674,0
-11.89,6.995105,32.75,62.849025449882674,0
-52.18,6.982313,32.75,62.849025449882674,0
-42.4,6.993826,32.75,62.849025449882674,0
-0.12,6.988709,32.75,62.849025449882674,0
0.16,6.992547,32.75,63.33245613427605,0
-9.98,6.98743,32.75,61.97580172938467,0
3.73,6.978475,32.75,62.93647591023825,0
-8.47,7.001502,32.75,62.849025449882674,0
3.0,6.968241,32.75,62.849025449882674,0
-14.91,6.960566,32.75,62.849025449882674,0
20.73,6.965683,32.75,61.47357155721473,0
-28.31,6.959286,32.75,63.812224534175265,0
7.54,6.970799,32.75,63.34824385884742,0
82.31,6.991267,32.75,63.72597586541927,0
-37.39,6.979754,32.73,62.849025449882674,0
-54.69,6.964403,32.73,62.93647591023825,0
23.04,6.950331,32.73,62.849025449882674,0
30.25,6.942656,32.73,62.849025449882674,0
-8.25,6.977196,32.73,62.0644825967316,0
-12.79,6.964403,32.73,63.72597586541927,0
-22.48,6.998943,32.73,62.465990746965666,0
23.88,7.030924,32.73,62.849025449882674,0
0.53,7.028366,32.75,63.72597586541927,0
26.1,7.033483,32.75,62.93647591023825,0
8.65,7.037321,32.75,62.849025449882674,0
-25.78,7.027086,32.75,62.93647591023825,0
-2.82,6.988709,32.71,62.849025449882674,0
2.89,6.98743,32.71,62.849025449882674,0
-0.83,6.909395,32.71,62.37788069500277,0
-37.29,6.966961,32.71,63.0,0
-7.6,6.988709,32.73,63.45076831686122,0
31.71,7.00406,32.73,63.34824385884742,0
64.39,6.991267,32.73,63.34824385884742,0
8.61,7.007898,32.73,62.93647591023825,0
-42.56,7.001502,32.73,62.93647591023825,0
-53.18,7.015573,32.73,62.93647591023825,0
10.44,7.021969,32.73,62.93647591023825,0
21.67,7.019411,32.73,62.93647591023825,0
-4.1,7.019411,32.71,62.849025449882674,0
-11.27,7.047554,32.71,63.419239982831705,0
-6.18,7.000222,32.71,62.93647591023825,0
-27.49,6.983592,32.71,62.465990746965666,0
-15.87,6.996384,32.73,62.93647591023825,0
28.47,7.014294,32.73,62.93647591023825,0
16.33,7.001502,32.73,62.93647591023825,0
58.76,7.00406,32.73,62.93647591023825,0
21.76,7.013015,32.71,62.93647591023825,0
1.14,7.039879,32.71,62.16912416947821,0
-27.92,6.938818,32.71,61.69278726074872,0
-34.42,6.933701,32.71,63.15853069855251,0
6.22,6.926025,32.73,62.56996084384263,0
3.25,6.938818,32.73,62.465990746965666,0
42.65,6.926025,32.73,62.89674077406555,0
30.54,6.954169,32.73,63.34824385884742,0
-49.34,6.863342,32.73,62.56996084384263,0
-79.06,6.831361,32.73,63.45076831686122,0
30.84,6.846712,32.73,62.56996084384263,0
-17.34,6.859505,32.73,62.56996084384263,0
41.69,6.904278,32.73,62.56996084384263,0
58.34,6.98615,32.73,62.56996084384263,0
15.57,6.896603,32.73,63.45076831686122,0
-61.01,6.822406,32.73,62.68971207462992,0
-14.99,6.855667,32.73,62.68971207462992,0
-22.01,6.860784,32.73,62.68971207462992,0
53.49,6.906837,32.73,63.45076831686122,0
72.58,6.942656,32.73,62.56996084384263,0
-4.94,6.926025,32.73,63.03967004989794,0
-59.12,6.818568,32.73,62.68971207462992,0
-63.4,6.813451,32.73,62.68971207462992,0
-43.74,6.83264,32.73,63.56886030125127,0
25.52,6.937539,32.73,63.812224534175265,0
115.74,6.958007,32.73,62.56996084384263,0
24.82,6.888927,32.73,63.45076831686122,0
-39.06,6.882531,32.73,62.56996084384263,0
-74.11,6.885089,32.71,63.45076831686122,0
-71.42,6.878693,32.71,62.56996084384263,0
74.87,6.872297,32.71,62.56996084384263,0
20.54,6.851829,32.71,62.56996084384263,0
-5.33,6.85055,32.71,62.56996084384263,0
0.1,6.847991,32.71,62.56996084384263,0
-14.3,6.84927,32.71,62.56996084384263,0
-33.65,6.868459,32.71,62.465990746965666,0
12.03,6.90172,32.71,62.465990746965666,0
4.14,6.868459,32.71,63.0,0
-25.32,6.844153,32.71,63.34824385884742,0
-26.33,6.836478,32.71,63.45076831686122,0
-8.21,6.859505,32.71,62.56996084384263,0
53.95,6.878693,32.71,63.45076831686122,0
53.94,6.920908,32.71,62.56996084384263,0
22.45,6.946494,32.71,62.56996084384263,0
-3.4,6.992547,32.71,62.56996084384263,0
-13.64,6.979754,32.71,63.03967004989794,0
-2.74,6.894044,32.71,63.03967004989794,0
-17.73,6.876135,32.71,62.68971207462992,0
-16.75,6.864622,32.71,63.0,0
-18.12,6.909395,32.71,63.26136261573884,0
61.16,6.931142,32.71,63.0,0
4.03,6.871018,32.71,62.23343153000644,0
-51.43,6.83392,32.68,63.118935352238,0
6.65,6.819848,32.68,63.0,0
-60.72,6.841595,32.68,63.89053137985315,0
82.55,6.860784,32.68,63.26136261573884,0
31.52,6.839036,32.71,63.0,0
-23.0,6.800659,32.71,62.89674077406555,0
12.96,6.800659,32.71,62.89674077406555,0
-31.87,6.801938,32.71,62.89674077406555,0
-2.41,6.83264,32.68,62.89674077406555,0
-26.83,6.862063,32.68,62.56196927846821,0
28.91,6.810893,32.68,62.56196927846821,0
-11.06,6.801938,32.68,62.56196927846821,0
10.88,6.777632,32.71,63.0,0
-16.79,6.786587,32.71,62.56196927846821,0
23.13,6.81601,32.71,62.89674077406555,0
-15.96,6.817289,32.71,62.89674077406555,0
-23.63,6.842874,32.71,62.89674077406555,0
10.74,6.855667,32.71,63.812224534175265,0
42.49,6.7981,32.71,61.56297588648554,0
-11.09,6.762281,32.71,62.24146527838174,0
5.65,6.83264,32.71,65.22269543648132,0
-8.14,7.046275,32.71,62.44197306299666,0
-20.0,7.05523,32.71,61.72519744804386,0
42.2,6.949052,32.71,63.190189111918315,0
45.2,6.983592,32.71,63.103090257134,0
6.61,7.074419,32.71,63.4428877022476,0
-73.92,7.075698,32.71,63.4428877022476,0
165.87,7.082094,32.71,63.608175575157006,0
-53.07,7.076977,32.71,62.39390995922599,0
37.3,7.066743,32.71,62.112800613078136,0
-72.35,7.023249,32.71,62.457985878508765,0
22.31,7.009177,32.71,63.118935352238,0
59.95,7.051392,32.68,62.23343153000644,0
-19.43,7.12431,32.68,62.112800613078136,0
-36.11,7.155012,32.68,64.45153217728807,0
-28.9,7.169083,32.68,62.56996084384263,0
41.49,7.151174,32.66,63.03967004989794,0
-15.27,7.153732,32.66,62.37788069500277,0
-35.46,7.13966,32.66,62.93647591023825,0
-20.45,7.169083,32.66,63.72597586541927,0
-31.9,7.133264,32.71,63.03967004989794,0
41.19,7.148615,32.71,63.72597586541927,0
27.12,7.07186,32.71,62.93647591023825,0
3.55,7.016852,32.71,61.814237842102365,0
-40.11,7.051392,32.71,63.812224534175265,0
-53.59,7.078257,32.71,62.465990746965666,0
79.87,7.093607,32.71,64.89992295835181,0
50.6,7.108959,32.71,62.465990746965666,0
44.49,7.115355,32.68,62.89674077406555,0
-94.7,7.12431,32.68,63.812224534175265,0
-35.18,7.128147,32.68,62.93647591023825,0
0.48,7.12431,32.68,63.34824385884742,0
-18.16,7.153732,32.71,62.93647591023825,0
39.37,7.163966,32.71,62.93647591023825,0
-34.02,7.13966,32.71,62.465990746965666,0
-4.62,7.129426,32.71,63.34824385884742,0
45.4,7.112796,32.71,62.37788069500277,0
-41.86,7.100004,32.71,62.849025449882674,0
16.26,7.087211,32.71,61.97580172938467,0
14.94,7.060347,32.71,62.465990746965666,0
-12.32,7.062905,32.71,62.465990746965666,0
8.61,7.065464,32.71,62.37788069500277,0
-21.02,7.059068,32.71,62.37788069500277,0
-4.08,7.074419,32.71,61.497967446087195,0
39.82,7.048834,32.68,62.93647591023825,0
12.65,7.041158,32.68,63.34824385884742,0
-13.71,7.019411,32.68,64.02343321003646,0
-12.44,6.981033,32.68,62.30569797378086,0
9.25,6.960566,32.71,62.112800613078136,0
4.89,6.975916,32.71,62.369864518050704,0
-36.52,7.024528,32.71,61.84658438426491,0
10.09,7.015573,32.71,63.26136261573884,0
32.09,6.98743,32.71,62.80923498976882,0
6.01,6.970799,32.71,63.26136261573884,0
-19.22,6.974637,32.71,63.190189111918315,0
-23.77,6.975916,32.71,61.91930232165088,0
-6.18,7.006618,32.68,62.80923498976882,0
0.64,7.02069,32.68,62.80923498976882,0
-12.46,7.024528,32.68,62.80923498976882,0
2.61,7.032203,32.68,63.34824385884742,0
31.09,7.052671,32.66,61.84658438426491,0
19.13,7.030924,32.66,63.34824385884742,0
-7.05,7.025807,32.66,63.34824385884742,0
-24.46,7.052671,32.66,63.190189111918315,0
-36.62,7.070581,32.66,62.80923498976882,0
46.5,7.101283,32.66,62.80923498976882,0
28.57,7.098724,32.66,63.26136261573884,0
-11.19,7.097445,32.66,61.91930232165088,0
6.01,7.131985,32.68,62.37788069500277,0
-1.83,7.119193,32.68,63.26136261573884,0
-15.13,7.080815,32.68,63.26136261573884,0
2.56,7.085932,32.68,63.26136261573884,0
14.71,7.078257,32.71,62.89674077406555,0
-15.62,7.08849,32.71,62.80923498976882,0
-44.8,7.08977,32.71,62.80923498976882,0
-2.66,7.062905,32.71,61.91930232165088,0
-3.36,7.075698,32.66,61.91930232165088,0
2.08,7.1064,32.66,62.465990746965666,0
4.32,7.096166,32.66,61.91930232165088,0
-12.1,7.110238,32.66,64.2339474110069,0
7.73,7.102562,32.68,63.26136261573884,0
2.53,7.083374,32.68,63.26136261573884,0
18.68,7.08977,32.68,62.369864518050704,0
14.88,7.121751,32.68,62.89674077406555,0
-29.51,7.112796,32.66,62.80923498976882,0
41.88,7.08977,32.66,62.80923498976882,0
32.24,7.051392,32.66,64.1482657598785,0
-25.03,7.098724,32.66,62.30569797378086,0
-13.49,7.096166,32.68,63.0,0
1.88,7.098724,32.68,63.812224534175265,0
11.21,7.075698,32.68,62.56196927846821,0
-11.13,7.100004,32.68,61.91930232165088,0
-11.99,7.097445,32.66,63.190189111918315,0
13.6,7.091049,32.66,62.37788069500277,0
-1.3,7.065464,32.66,62.849025449882674,0
21.15,7.068022,32.66,62.37788069500277,0
-11.88,7.07186,32.65,61.90315016216864,0
-11.72,7.060347,32.65,63.26136261573884,0
8.97,7.005339,32.65,63.914004725099176,0
-1.83,7.030924,32.65,63.45076831686122,0
-26.62,7.038599,32.65,63.0,0
-8.01,7.061626,32.65,62.72160712226688,0
54.83,7.009177,32.65,64.53681120105021,0
22.7,6.965683,32.65,61.90315016216864,0
-22.35,7.028366,32.65,63.03967004989794,0
-73.32,7.108959,32.65,63.34824385884742,0
0.12,7.116634,32.65,64.00781202322104,0
65.44,7.076977,32.65,63.914004725099176,0
9.62,7.043717,32.65,62.849025449882674,0
-43.5,7.037321,32.65,62.89674077406555,0
-99.82,7.037321,32.65,63.190189111918315,0
-11.68,7.029645,32.65,62.77738446287803,0
33.75,7.07314,32.66,62.465990746965666,0
-2.76,7.094887,32.66,62.80923498976882,0
41.62,7.117913,32.66,62.37788069500277,0
38.0,7.121751,32.66,62.37788069500277,0
-10.13,7.100004,32.66,63.812224534175265,0
-15.88,7.103841,32.66,62.465990746965666,0
-21.83,7.103841,32.66,62.297672508690084,0
-42.22,7.051392,32.66,62.80923498976882,0
70.38,7.057788,32.65,64.69157595854347,0
20.87,7.065464,32.65,62.77738446287803,0
-55.02,7.114076,32.65,62.80923498976882,0
-19.06,7.117913,32.65,62.465990746965666,0
62.93,7.1064,32.63,62.37788069500277,0
30.85,7.074419,32.63,62.37788069500277,0
1.21,7.079535,32.63,63.26136261573884,0
-52.52,7.096166,32.63,62.80923498976882,0
12.52,7.108959,32.65,62.37788069500277,0
22.83,7.100004,32.65,63.26136261573884,0
-5.44,7.059068,32.65,62.849025449882674,0
4.76,7.011735,32.65,64.60650122085238,0
-22.04,7.07186,32.65,63.26136261573884,0
-10.84,7.1064,32.65,62.465990746965666,0
28.97,7.079535,32.65,62.80923498976882,0
-5.08,7.032203,32.65,63.190189111918315,0
39.44,7.039879,32.65,62.89674077406555,0
9.06,7.05523,32.65,63.26136261573884,0
-33.07,7.112796,32.65,61.97580172938467,0
7.41,7.103841,32.65,63.72597586541927,0
-5.15,7.105121,32.65,63.34824385884742,0
-35.16,7.12303,32.65,62.89674077406555,0
5.65,7.176759,32.65,63.26136261573884,0
15.12,7.197227,32.65,61.497967446087195,0
52.89,7.197227,32.65,62.849025449882674,0
-19.0,7.134543,32.65,62.56996084384263,0
-11.43,7.12303,32.65,62.465990746965666,0
-14.17,7.129426,32.65,63.914004725099176,0
-37.8,7.137102,32.65,62.465990746965666,0
23.19,7.120472,32.65,62.849025449882674,0
41.73,7.076977,32.65,62.37788069500277,0
-8.24,7.036041,32.65,62.93647591023825,0
-45.43,7.013015,32.65,62.93647591023825,0
-19.86,7.033483,32.65,62.56996084384263,0
-2.07,7.027086,32.65,63.812224534175265,0
45.84,7.025807,32.65,62.93647591023825,0
38.54,7.034762,32.65,62.56996084384263,0
-8.4,7.00406,32.65,63.45076831686122,0
-5.34,7.052671,32.65,61.69278726074872,0
-6.35,7.057788,32.65,63.788713735268246,0
2.99,7.053951,32.66,63.84355879804947,0
14.54,7.011735,32.66,63.56886030125127,0
22.71,6.983592,32.66,63.0,0
-58.09,6.989988,32.66,63.45076831686122,0
-20.04,6.984871,32.65,64.33506042586733,0
6.97,6.98615,32.65,61.69278726074872,0
24.99,7.006618,32.65,62.55397669213365,0
2.2,7.038599,32.65,62.89674077406555,0
-23.74,7.068022,32.65,61.603571325045756,0
7.78,7.094887,32.65,62.56196927846821,0
3.1,7.110238,32.65,62.63385665915839,0
31.47,7.097445,32.65,63.56886030125127,0
-20.67,7.042438,32.65,62.20128616033595,0
-14.17,7.042438,32.65,63.33245613427605,0
2.08,7.093607,32.65,61.84658438426491,0
-35.58,7.137102,32.65,61.94352266379432,0
6.15,7.147336,32.63,63.35613624582863,0
8.38,7.116634,32.63,62.30569797378086,0
-5.06,7.085932,32.63,62.465990746965666,0
-68.83,7.060347,32.63,61.587336360651285,0
52.73,7.039879,32.63,63.34824385884742,0
-5.1,7.011735,32.63,62.465990746965666,0
11.64,7.019411,32.63,62.77738446287803,0
27.62,7.033483,32.63,63.34824385884742,0
-10.6,7.029645,32.61,63.72597586541927,0
20.45,7.019411,32.61,62.465990746965666,0
-8.5,7.044996,32.61,62.849025449882674,0
-10.92,7.039879,32.61,62.465990746965666,0
0.45,7.039879,32.63,62.3377895020348,0
-35.22,7.07314,32.63,62.465990746965666,0
18.41,7.069302,32.63,62.457985878508765,0
10.8,7.103841,32.63,63.72597586541927,0
10.24,7.138381,32.63,61.40032573203501,0
-16.67,7.126868,32.63,63.190189111918315,0
18.4,7.070581,32.63,60.90155991434045,0
22.39,7.014294,32.63,63.190189111918315,0
-64.65,6.945214,32.63,62.68173577685928,0
-27.74,7.013015,32.63,63.26136261573884,0
-15.09,7.041158,32.63,62.73754856543249,0
10.43,7.080815,32.63,63.190189111918315,0
27.93,7.126868,32.63,62.30569797378086,0
31.98,7.137102,32.63,62.37788069500277,0
12.57,7.111517,32.63,62.80923498976882,0
-28.6,7.096166,32.63,63.72597586541927,0
-12.98,7.07314,32.61,63.26136261573884,0
-18.27,7.091049,32.61,63.26136261573884,0
14.75,7.14094,32.61,62.77738446287803,0
4.06,7.111517,32.61,63.72597586541927,0
-7.75,7.093607,32.63,62.465990746965666,0
13.23,7.074419,32.63,62.93647591023825,0
-13.13,7.005339,32.63,62.16912416947821,0
-3.21,6.958007,32.63,62.93647591023825,0
29.02,6.906837,32.63,62.37788069500277,0
-2.06,7.011735,32.63,64.20280367709809,0
14.53,7.083374,32.63,61.032778078668514,0
3.35,7.074419,32.63,63.26136261573884,0
-7.44,7.062905,32.63,63.72597586541927,0
50.73,7.087211,32.63,62.112800613078136,0
-87.25,7.07314,32.63,63.34824385884742,0
-62.6,7.100004,32.63,63.26136261573884,0
84.7,7.119193,32.63,62.89674077406555,0
-5.28,7.134543,32.63,63.26136261573884,0
-60.41,7.119193,32.63,62.37788069500277,0
-28.66,7.138381,32.63,61.84658438426491,0
41.28,7.161408,32.61,63.190189111918315,0
-47.09,7.197227,32.61,62.849025449882674,0
46.48,7.218974,32.61,61.97580172938467,0
30.68,7.207461,32.61,62.77738446287803,0
4.01,7.198506,32.63,61.97580172938467,0
-24.96,7.213857,32.63,62.30569797378086,0
-3.08,7.165246,32.63,63.34824385884742,0
-21.75,7.148615,32.63,62.849025449882674,0
32.57,7.125589,32.61,63.33245613427605,0
-12.84,7.091049,32.61,61.97580172938467,0
-34.03,7.075698,32.61,61.97580172938467,0
17.65,7.068022,32.61,63.419239982831705,0
-32.79,7.056509,32.61,62.112800613078136,0
-14.09,7.152453,32.61,62.297672508690084,0
42.62,7.169083,32.61,61.587336360651285,0
41.05,7.166525,32.61,63.26136261573884,0
20.35,7.083374,32.61,62.465990746965666,0
-30.21,7.047554,32.61,62.849025449882674,0
-78.71,7.085932,32.61,62.93647591023825,0
37.57,7.100004,32.61,62.77738446287803,0
-14.34,7.125589,32.63,62.30569797378086,0
25.61,7.166525,32.63,62.93647591023825,0
42.12,7.153732,32.63,62.849025449882674,0
5.83,7.149895,32.63,62.37788069500277,0
-55.57,7.172921,32.63,62.30569797378086,0
-47.21,7.170362,32.63,62.849025449882674,0
2.09,7.151174,32.63,62.37788069500277,0
27.79,7.13966,32.63,62.849025449882674,0
38.43,7.137102,32.63,62.849025449882674,0
-60.11,7.116634,32.63,62.37788069500277,0
13.78,7.142219,32.63,63.72597586541927,0
-1.06,7.094887,32.63,62.37788069500277,0
32.31,7.142219,32.63,62.849025449882674,0
14.68,7.162687,32.63,62.77738446287803,0
-39.82,7.149895,32.63,63.72597586541927,0
-43.73,7.165246,32.63,62.77738446287803,0
95.14,7.201065,32.63,63.72597586541927,0
-8.44,7.138381,32.63,62.37788069500277,0
-19.32,7.119193,32.63,63.72597586541927,0
-22.96,7.161408,32.63,62.30569797378086,0
-29.47,7.172921,32.63,64.1482657598785,0
-13.1,7.186993,32.63,62.37788069500277,0
12.58,7.138381,32.63,63.26136261573884,0
26.5,7.125589,32.63,63.190189111918315,0
-30.28,7.112796,32.59,62.89674077406555,0
-5.47,7.093607,32.59,63.26136261573884,0
-12.21,7.186993,32.59,63.631753079732135,0
18.67,7.239442,32.59,63.13477647065839,0
50.13,7.242001,32.61,62.72160712226688,0
-36.0,7.178038,32.61,62.72160712226688,0
15.05,7.126868,32.61,62.73754856543249,0
46.78,7.142219,32.61,63.190189111918315,0
9.29,7.143498,32.63,63.60031446463138,0
-30.17,7.144777,32.63,63.13477647065839,0
-42.56,7.163966,32.63,62.72160712226688,0
21.7,7.166525,32.63,63.190189111918315,0
38.18,7.198506,32.61,62.72160712226688,0
2.35,7.143498,32.61,62.37788069500277,0
9.4,7.100004,32.61,62.849025449882674,0
-17.48,7.043717,32.61,63.702433234531945,0
-41.85,7.065464,32.59,63.655321851358195,0
-6.82,7.142219,32.59,62.73754856543249,0
34.78,7.197227,32.59,62.185207244167,0
11.66,7.174201,32.59,63.26136261573884,0
26.95,7.121751,32.63,61.84658438426491,0
-22.63,7.121751,32.63,62.80923498976882,0
-115.56,7.114076,32.63,63.190189111918315,0
36.09,7.21002,32.63,61.91930232165088,0
147.66,7.172921,32.63,62.849025449882674,0
-41.02,7.155012,32.63,63.26136261573884,0
-22.06,7.189551,32.63,63.190189111918315,0
-7.64,7.224091,32.63,63.190189111918315,0
-43.14,7.229208,32.61,63.26136261573884,0
76.55,7.202344,32.61,63.26136261573884,0
55.95,7.20874,32.61,62.37788069500277,0
-60.5,7.174201,32.61,62.369864518050704,0
-47.48,7.101283,32.59,63.66317616958802,0
20.76,7.179317,32.59,61.84658438426491,0
-2.34,7.183155,32.59,63.190189111918315,0
23.95,7.197227,32.59,63.26136261573884,0
23.88,7.213857,32.61,61.56297588648554,0
37.34,7.206182,32.61,63.190189111918315,0
-14.66,7.143498,32.61,62.68173577685928,0
-57.44,7.15757,32.61,62.73754856543249,0
9.72,7.169083,32.63,62.73754856543249,0
12.84,7.202344,32.63,62.73754856543249,0
-15.16,7.15757,32.63,62.73754856543249,0
34.1,7.206182,32.63,63.190189111918315,0
8.06,7.220253,32.61,63.190189111918315,0
1.57,7.235604,32.61,62.80923498976882,0
-12.73,7.166525,32.61,61.91930232165088,0
-20.09,7.170362,32.61,62.80923498976882,0
-2.97,7.174201,32.61,62.80923498976882,0
5.86,7.170362,32.61,62.465990746965666,0
27.08,7.20874,32.61,62.297672508690084,0
18.43,7.308522,32.61,62.177166226839255,0
19.2,7.293171,32.61,62.73754856543249,0
-34.92,7.194668,32.61,62.68173577685928,0
-56.95,7.07186,32.61,61.84658438426491,0
-1.34,7.233046,32.61,63.631753079732135,0
-22.57,7.212578,32.61,62.313722405261586,0
60.76,7.239442,32.61,64.47480127925948,0
-4.79,7.186993,32.61,63.198101237299845,0
58.63,7.185714,32.61,63.03967004989794,0
-79.31,7.203623,32.61,61.78996682310163,0
-25.87,7.218974,32.61,62.68173577685928,0
58.01,7.22665,32.61,63.57672530100933,0
-49.67,7.258631,32.61,63.984373092185564,0
3.07,7.25991,32.61,61.84658438426491,0
-23.02,7.235604,32.61,62.73754856543249,0
24.3,7.126868,32.61,62.369864518050704,0
5.05,7.149895,32.61,63.631753079732135,0
-33.07,7.221533,32.59,62.297672508690084,0
17.78,7.24328,32.59,63.26926584053272,0
-22.81,7.158849,32.59,63.702433234531945,0
10.02,7.120472,32.59,63.13477647065839,0
42.69,7.163966,32.61,62.72160712226688,0
-38.68,7.171642,32.61,62.24949798994366,0
-37.39,7.183155,32.61,63.190189111918315,0
13.79,7.211298,32.61,63.13477647065839,0
48.86,7.233046,32.61,63.56099432828282,0
-21.05,7.247118,32.61,63.53739056650029,0
-14.94,7.229208,32.61,63.13477647065839,0
-30.07,7.231767,32.61,62.72160712226688,0
22.76,7.22537,32.57,63.095166217389426,0
24.22,7.227929,32.57,63.20601237224193,0
-7.56,7.22665,32.57,62.37788069500277,0
-3.42,7.120472,32.57,62.30569797378086,0
-7.11,7.070581,32.61,63.190189111918315,0
-5.6,7.14094,32.61,61.40032573203501,0
-12.55,7.167804,32.61,62.80923498976882,0
11.11,7.193389,32.61,62.30569797378086,0
28.87,7.193389,32.61,62.73754856543249,0
37.53,7.137102,32.61,62.30569797378086,0
-40.54,7.097445,32.61,63.26136261573884,0
-54.91,7.169083,32.61,62.72160712226688,0
-33.29,7.227929,32.59,62.30569797378086,0
5.78,7.245838,32.59,62.24949798994366,0
9.55,7.224091,32.59,63.13477647065839,0
5.23,7.193389,32.59,62.30569797378086,0
-2.28,7.190831,32.61,63.190189111918315,0
-18.28,7.234325,32.61,63.655321851358195,0
4.99,7.207461,32.61,63.13477647065839,0
-14.27,7.220253,32.61,63.190189111918315,0
5.78,7.213857,32.61,63.190189111918315,0
32.18,7.22537,32.61,63.631753079732135,0
1.62,7.162687,32.61,62.77738446287803,0
-15.12,7.128147,32.61,63.13477647065839,0
11.94,7.133264,32.61,62.24949798994366,0
-27.22,7.213857,32.61,62.24949798994366,0
16.61,7.212578,32.61,63.13477647065839,0
-0.79,7.189551,32.61,62.617888817813075,0
48.79,7.135823,32.59,63.655321851358195,0
-11.9,7.130706,32.59,62.24949798994366,0
-15.5,7.125589,32.59,62.73754856543249,0
-23.73,7.128147,32.59,62.73754856543249,0
-0.34,7.14094,32.61,63.13477647065839,0
38.5,7.175479,32.61,63.13477647065839,0
3.32,7.181876,32.61,62.68173577685928,0
-10.35,7.20874,32.61,63.190189111918315,0
11.43,7.272703,32.61,62.24949798994366,0
9.27,7.215137,32.61,64.1482657598785,0
-9.36,7.19211,32.61,63.26136261573884,0
-8.16,7.216415,32.61,62.30569797378086,0
-41.54,7.249676,32.59,62.30569797378086,0
59.65,7.27782,32.59,63.190189111918315,0
43.31,7.188272,32.59,63.26136261573884,0
-6.8,7.20874,32.59,62.37788069500277,0
37.39,7.212578,32.61,62.77738446287803,0
-63.13,7.222812,32.61,62.24949798994366,0
22.51,7.199785,32.61,62.30569797378086,0
29.22,7.13966,32.61,62.00806399170998,0
-14.18,7.121751,32.63,63.26136261573884,0
6.41,7.213857,32.63,62.72160712226688,0
-72.04,7.262469,32.63,63.788713735268246,0
13.01,7.270144,32.63,65.00769185258002,0
71.48,7.234325,32.63,61.91930232165088,0
43.96,7.247118,32.63,62.72160712226688,0
-68.67,7.250956,32.63,62.30569797378086,0
-64.27,7.212578,32.63,63.190189111918315,0
-34.54,7.193389,32.63,62.37788069500277,0
9.36,7.206182,32.63,63.190189111918315,0
-1.78,7.224091,32.63,61.84658438426491,0
38.89,7.217695,32.63,63.26136261573884,0
12.37,7.217695,32.61,62.30569797378086,0
10.52,7.240721,32.61,62.24949798994366,0
3.08,7.180596,32.61,63.03967004989794,0
-11.25,7.161408,32.61,62.73754856543249,0
-31.07,7.224091,32.61,62.68173577685928,0
19.13,7.224091,32.61,62.68173577685928,0
13.18,7.170362,32.61,63.60031446463138,0
22.28,7.151174,32.61,64.07807737440318,0
-6.87,7.175479,32.61,63.60031446463138,0
-11.12,7.178038,32.61,63.26136261573884,0
1.3,7.167804,32.61,62.30569797378086,0
4.27,7.162687,32.61,63.190189111918315,0
32.56,7.172921,32.61,63.190189111918315,0
-19.49,7.175479,32.61,63.190189111918315,0
-8.59,7.179317,32.61,63.190189111918315,0
19.39,7.193389,32.61,63.190189111918315,0
2.29,7.202344,32.61,63.190189111918315,0
-7.37,7.15757,32.61,63.190189111918315,0
-12.53,7.148615,32.61,62.24949798994366,0
-19.74,7.155012,32.61,62.80923498976882,0
7.9,7.172921,32.59,62.20932405998316,0
10.4,7.201065,32.59,63.631753079732135,0
18.19,7.207461,32.59,62.73754856543249,0
-9.98,7.183155,32.59,63.788713735268246,0
-1.16,7.176759,32.61,62.369864518050704,0
5.33,7.148615,32.61,63.190189111918315,0
-22.48,7.146057,32.61,63.190189111918315,0
-15.62,7.171642,32.61,63.190189111918315,0
-6.12,7.174201,32.61,63.60031446463138,0
6.52,7.152453,32.61,63.26136261573884,0
6.2,7.151174,32.61,64.1482657598785,0
5.52,7.174201,32.61,63.13477647065839,0
3.94,7.174201,32.61,62.77738446287803,0
13.24,7.151174,32.61,62.369864518050704,0
-8.09,7.142219,32.61,62.30569797378086,0
24.28,7.13966,32.61,63.190189111918315,0
-9.89,7.162687,32.61,63.13477647065839,0
-67.11,7.194668,32.61,63.190189111918315,0
31.22,7.181876,32.61,61.74949392505172,0
25.46,7.165246,32.61,62.80923498976882,0
26.96,7.180596,32.61,63.190189111918315,0
-31.52,7.162687,32.61,62.30569797378086,0
-9.84,7.128147,32.61,62.73754856543249,0
-18.39,7.125589,32.61,62.297672508690084,0
1.79,7.155012,32.59,63.14269553954757,0
30.93,7.230487,32.59,62.457985878508765,0
-39.36,7.202344,32.59,63.26136261573884,0
7.59,7.096166,32.59,62.30569797378086,0
17.44,7.079535,32.59,63.655321851358195,0
-38.74,7.128147,32.59,63.190189111918315,0
11.67,7.165246,32.59,62.30569797378086,0
39.78,7.130706,32.59,63.190189111918315,0
-0.77,7.076977,32.59,63.26136261573884,0
51.47,7.08849,32.59,62.77738446287803,0
-32.1,7.121751,32.59,62.72160712226688,0
-33.05,7.112796,32.59,62.77738446287803,0
-2.44,7.12303,32.59,61.84658438426491,0
52.41,7.116634,32.59,63.190189111918315,0
16.64,7.115355,32.59,62.24949798994366,0
-28.85,7.100004,32.59,62.3377895020348,0
-26.92,7.111517,32.61,64.1482657598785,0
-1.94,7.111517,32.61,63.13477647065839,0
-5.14,7.152453,32.61,61.78996682310163,0
15.14,7.184434,32.61,61.84658438426491,0
10.93,7.079535,32.61,62.30569797378086,0
18.02,7.084653,32.61,63.26136261573884,0
-23.68,7.112796,32.61,63.190189111918315,0
-31.94,7.148615,32.61,62.24949798994366,0
-8.97,7.128147,32.61,63.190189111918315,0
17.3,7.05523,32.61,63.26136261573884,0
3.85,7.085932,32.61,62.37788069500277,0
-34.93,7.156291,32.61,62.24949798994366,0
-37.38,7.202344,32.61,63.190189111918315,0
39.26,7.115355,32.61,62.30569797378086,0
38.82,7.064185,32.61,62.37788069500277,0
46.06,7.080815,32.61,62.24949798994366,0
-66.02,7.107679,32.57,62.72160712226688,0
-3.84,7.057788,32.57,62.77738446287803,0
30.39,7.043717,32.57,62.849025449882674,0
-10.37,7.128147,32.57,64.91532946846992,0
41.05,7.171642,32.59,60.959002616512684,0
-31.3,7.184434,32.59,64.4437739428721,0
-4.39,7.158849,32.59,62.72160712226688,0
41.6,7.167804,32.59,62.24949798994366,0
-9.16,7.160129,32.59,63.13477647065839,0
-60.0,7.098724,32.59,64.07807737440318,0
1.1,7.094887,32.59,63.57672530100933,0
21.12,7.101283,32.59,63.13477647065839,0
1.8,7.114076,32.59,62.68173577685928,0
27.91,7.110238,32.59,62.73754856543249,0
27.52,7.105121,32.59,63.198101237299845,0
-30.35,7.101283,32.59,62.20932405998316,0
-5.16,7.115355,32.59,62.73754856543249,0
1.32,7.163966,32.59,63.13477647065839,0
-9.17,7.158849,32.59,63.13477647065839,0
17.48,7.112796,32.59,63.35613624582863,0
-2.47,7.112796,32.57,63.190189111918315,0
0.57,7.142219,32.57,62.24949798994366,0
-17.62,7.171642,32.57,63.13477647065839,0
-16.43,7.149895,32.57,62.73754856543249,0
13.99,7.142219,32.59,63.190189111918315,0
63.71,7.175479,32.59,63.190189111918315,0
-24.52,7.178038,32.59,63.190189111918315,0
-30.92,7.186993,32.59,64.02343321003646,0
20.69,7.161408,32.57,62.30569797378086,0
23.57,7.158849,32.57,61.84658438426491,0
-29.09,7.155012,32.57,63.190189111918315,0
-14.17,7.131985,32.57,63.13477647065839,0
0.34,7.08849,32.59,63.190189111918315,0
10.47,7.075698,32.59,63.190189111918315,0
13.62,7.084653,32.59,63.13477647065839,0
-11.1,7.112796,32.59,61.78996682310163,0
-2.38,7.116634,32.57,63.190189111918315,0
11.2,7.120472,32.57,62.68173577685928,0
22.83,7.114076,32.57,62.73754856543249,0
18.3,7.126868,32.57,62.73754856543249,0
-29.07,7.135823,32.55,63.190189111918315,0
-3.24,7.135823,32.55,63.13477647065839,0
4.75,7.105121,32.55,62.24949798994366,0
-1.54,7.112796,32.55,63.190189111918315,0
16.36,7.114076,32.59,63.190189111918315,0
-8.58,7.137102,32.59,63.190189111918315,0
-2.09,7.14094,32.59,62.68173577685928,0
3.75,7.149895,32.59,62.73754856543249,0
9.66,7.148615,32.59,63.631753079732135,0
4.06,7.142219,32.59,62.73754856543249,0
0.12,7.128147,32.59,63.631753079732135,0
-1.64,7.110238,32.59,62.68173577685928,0
-0.53,7.102562,32.57,63.57672530100933,0
-5.75,7.101283,32.57,63.13477647065839,0
-12.11,7.107679,32.57,63.13477647065839,0
6.82,7.08977,32.57,64.07807737440318,0
5.97,7.12303,32.57,63.13477647065839,0
-1.9,7.134543,32.57,63.13477647065839,0
-6.47,7.180596,32.57,63.13477647065839,0
8.08,7.203623,32.57,63.56099432828282,0
4.16,7.195948,32.59,63.56099432828282,0
0.08,7.222812,32.59,62.6418390534633,0
-15.84,7.137102,32.59,63.190189111918315,0
-6.38,7.147336,32.59,62.73754856543249,0
9.14,7.171642,32.57,62.68173577685928,0
-28.45,7.189551,32.57,62.20932405998316,0
39.66,7.12303,32.57,63.190189111918315,0
-3.08,7.137102,32.57,63.13477647065839,0
-13.23,7.134543,32.59,62.68173577685928,0
1.06,7.152453,32.59,61.78996682310163,0
-17.43,7.142219,32.59,63.13477647065839,0
-5.05,7.13966,32.59,63.13477647065839,0
13.38,7.14094,32.57,62.68173577685928,0
-6.1,7.137102,32.57,63.13477647065839,0
5.18,7.116634,32.57,63.13477647065839,0
-12.23,7.125589,32.57,62.68173577685928,0
14.94,7.148615,32.57,63.13477647065839,0
3.32,7.155012,32.57,61.36774397026503,0
-7.34,7.092328,32.57,62.465990746965666,0
6.93,7.018132,32.57,63.26136261573884,0
10.34,7.02069,32.57,62.89674077406555,0
-10.72,7.010456,32.57,62.68173577685928,0
23.65,7.110238,32.57,63.13477647065839,0
20.82,7.121751,32.57,64.2339474110069,0
-10.78,7.013015,32.57,63.0,0
-13.03,7.011735,32.57,62.89674077406555,0
29.47,6.989988,32.57,61.84658438426491,0
-57.43,7.091049,32.57,62.37788069500277,0
63.89,7.069302,32.57,63.0,0
14.82,6.947773,32.57,62.25752966509352,0
-44.49,6.922188,32.57,62.369864518050704,0
-27.21,6.996384,32.57,63.198101237299845,0
-13.18,7.016852,32.57,62.24146527838174,0
23.65,6.947773,32.57,62.00806399170998,0
17.58,6.960566,32.57,65.07687761409578,0
48.94,6.991267,32.57,60.868711174132805,0
-75.0,7.066743,32.53,64.35837163881635,0
-26.13,7.053951,32.53,64.68384651518491,0
54.43,7.092328,32.53,63.26926584053272,0
30.12,7.143498,32.53,62.80923498976882,0
-37.21,7.153732,32.57,63.13477647065839,0
-37.49,7.147336,32.57,62.80923498976882,0
11.61,7.133264,32.57,63.35613624582863,0
29.19,7.12303,32.57,62.68173577685928,0
-4.28,7.129426,32.57,62.80923498976882,0
-14.15,7.143498,32.57,62.369864518050704,0
1.7,7.153732,32.57,62.457985878508765,0
20.18,7.175479,32.57,62.24949798994366,0
-19.3,7.197227,32.57,62.89674077406555,0
-1.82,7.20874,32.57,61.40032573203501,0
8.77,7.186993,32.57,62.369864518050704,0
1.01,7.176759,32.57,63.631753079732135,0
-12.81,7.215137,32.57,63.631753079732135,0
6.89,7.21002,32.57,62.30569797378086,0
1.68,7.202344,32.57,63.655321851358195,0
-0.67,7.111517,32.57,63.0,0
72.15,7.083374,32.57,63.0,0
-34.31,7.12303,32.57,63.26136261573884,0
7.25,7.180596,32.57,62.30569797378086,0
-8.59,7.221533,32.57,63.26136261573884,0
8.92,7.201065,32.57,63.190189111918315,0
-4.74,7.203623,32.57,62.73754856543249,0
10.04,7.20874,32.57,63.190189111918315,0
-13.68,7.215137,32.57,63.631753079732135,0
-90.83,7.217695,32.57,62.73754856543249,0
68.92,7.224091,32.57,63.631753079732135,0
-12.87,7.221533,32.57,62.73754856543249,0
-25.58,7.195948,32.57,62.80923498976882,0
7.48,7.194668,32.57,62.369864518050704,0
8.78,7.149895,32.57,62.89674077406555,0
-5.82,7.134543,32.57,63.702433234531945,0
21.99,7.185714,32.57,62.80923498976882,0
-1.78,7.179317,32.57,62.80923498976882,0
-11.47,7.183155,32.57,62.80923498976882,0
7.87,7.169083,32.57,63.631753079732135,0
15.04,7.211298,32.57,62.80923498976882,0
-7.78,7.220253,32.55,63.26136261573884,0
-45.34,7.184434,32.55,63.788713735268246,0
35.16,7.14094,32.55,62.80923498976882,0
42.6,7.13966,32.55,62.80923498976882,0
-38.15,7.171642,32.57,63.26136261573884,0
-17.65,7.206182,32.57,63.26136261573884,0
32.97,7.172921,32.57,62.89674077406555,0
21.16,7.172921,32.57,62.73754856543249,0
36.14,7.186993,32.55,62.73754856543249,0
-48.79,7.21002,32.55,63.26136261573884,0
-36.59,7.138381,32.55,62.80923498976882,0
24.64,7.167804,32.55,62.73754856543249,0
25.79,7.153732,32.55,64.68384651518491,0
-54.82,7.158849,32.55,62.80923498976882,0
-4.15,7.137102,32.55,62.37788069500277,0
64.94,7.155012,32.55,62.30569797378086,0
-18.71,7.163966,32.57,63.190189111918315,0
-45.17,7.176759,32.57,62.80923498976882,0
22.15,7.149895,32.57,62.37788069500277,0
75.65,7.142219,32.57,62.89674077406555,0
-45.05,7.144777,32.57,62.80923498976882,0
-16.34,7.162687,32.57,63.631753079732135,0
-15.14,7.12303,32.57,63.34824385884742,0
34.1,7.08977,32.57,62.80923498976882,0
-2.33,7.074419,32.57,63.190189111918315,0
-32.26,7.093607,32.57,63.190189111918315,0
-6.37,7.144777,32.57,63.13477647065839,0
42.31,7.105121,32.57,62.80923498976882,0
6.72,7.08977,32.55,63.26136261573884,0
4.57,7.062905,32.55,62.73754856543249,0
-37.53,7.092328,32.55,62.24146527838174,0
-23.3,7.112796,32.55,62.73754856543249,0
55.61,7.144777,32.55,62.80923498976882,0
8.36,7.120472,32.55,62.80923498976882,0
40.23,7.120472,32.55,61.84658438426491,0
-55.89,7.184434,32.55,62.80923498976882,0
-7.69,7.188272,32.57,63.190189111918315,0
44.99,7.142219,32.57,61.91930232165088,0
-23.62,7.120472,32.57,63.190189111918315,0
-4.88,7.169083,32.57,62.73754856543249,0
-44.74,7.179317,32.59,62.80923498976882,0
21.91,7.112796,32.59,62.80923498976882,0
39.22,7.117913,32.59,62.73754856543249,0
-4.8,7.13966,32.59,63.631753079732135,0
-62.89,7.15757,32.57,62.73754856543249,0
13.28,7.138381,32.57,63.26136261573884,0
32.1,7.155012,32.57,62.80923498976882,0
27.32,7.135823,32.57,62.80923498976882,0
-72.41,7.166525,32.59,62.80923498976882,0
3.69,7.183155,32.59,63.57672530100933,0
41.34,7.181876,32.59,61.84658438426491,0
-3.94,7.151174,32.59,63.702433234531945,0
17.9,7.116634,32.57,62.89674077406555,0
-48.95,7.110238,32.57,62.89674077406555,0
-42.3,7.102562,32.57,62.73754856543249,0
35.14,7.108959,32.57,62.80923498976882,0
50.19,7.087211,32.59,63.26136261573884,0
-10.31,7.064185,32.59,62.80923498976882,0
16.99,7.068022,32.59,62.73754856543249,0
-60.79,7.084653,32.59,62.80923498976882,0
-13.61,7.050113,32.59,62.73754856543249,0
39.53,7.030924,32.59,62.80923498976882,0
-9.23,7.061626,32.59,62.73754856543249,0
2.61,7.051392,32.59,62.73754856543249,0
-56.83,7.061626,32.57,62.73754856543249,0
57.42,7.101283,32.57,63.26926584053272,0
62.15,7.048834,32.57,62.89674077406555,0
-56.74,7.056509,32.57,62.89674077406555,0
-17.68,7.076977,32.57,61.91930232165088,0
-5.25,7.08849,32.57,62.80923498976882,0
52.67,7.120472,32.57,62.80923498976882,0
40.74,7.093607,32.57,62.73754856543249,0
-19.74,7.092328,32.57,62.73754856543249,0
-36.5,7.153732,32.57,62.56196927846821,0
-18.49,7.08977,32.57,62.89674077406555,0
-25.64,7.043717,32.57,63.34824385884742,0
2.64,7.052671,32.55,62.89674077406555,0
1.16,7.032203,32.55,62.89674077406555,0
15.52,7.053951,32.55,62.80923498976882,0
21.7,7.053951,32.55,62.80923498976882,0
20.66,7.060347,32.57,62.80923498976882,0
-16.9,7.034762,32.57,62.80923498976882,0
-34.52,7.036041,32.57,62.73754856543249,0
18.2,7.044996,32.57,62.80923498976882,0
30.21,7.044996,32.59,62.89674077406555,0
-27.9,7.052671,32.59,62.457985878508765,0
-37.74,7.084653,32.59,62.80923498976882,0
-22.1,7.092328,32.59,63.702433234531945,0
18.07,7.135823,32.57,62.77738446287803,0
42.18,7.144777,32.57,63.14269553954757,0
22.19,7.119193,32.57,63.103090257134,0
-4.57,7.167804,32.57,63.14269553954757,0
-49.75,7.151174,32.57,63.26926584053272,0
39.46,7.085932,32.57,63.35613624582863,0
4.88,7.085932,32.57,62.80923498976882,0
-15.05,7.103841,32.57,63.631753079732135,0
-23.14,7.158849,32.57,62.73754856543249,0
73.37,7.144777,32.57,63.190189111918315,0
40.99,7.135823,32.57,62.72160712226688,0
-8.9,7.143498,32.57,62.457985878508765,0
-49.87,7.134543,32.55,61.78996682310163,0
-35.06,7.203623,32.55,62.73754856543249,0
29.8,7.218974,32.55,62.30569797378086,0
10.18,7.128147,32.55,62.849025449882674,0
2.75,7.087211,32.55,62.465990746965666,0
5.44,7.100004,32.55,62.465990746965666,0
-53.23,7.096166,32.55,63.34824385884742,0
26.21,7.079535,32.55,63.190189111918315,0
89.62,7.101283,32.55,63.190189111918315,0
0.24,7.105121,32.55,62.37788069500277,0
-34.81,7.147336,32.55,63.26136261573884,0
-11.0,7.098724,32.55,62.80923498976882,0
-19.23,7.050113,32.57,63.34824385884742,0
-21.68,7.070581,32.57,62.80923498976882,0
2.24,7.102562,32.57,62.68173577685928,0
60.75,7.131985,32.57,62.80923498976882,0
-7.62,7.161408,32.55,63.198101237299845,0
-15.48,7.166525,32.55,63.57672530100933,0
-6.82,7.161408,32.55,64.04685784642366,0
-21.67,7.203623,32.55,63.592452382338585,0
4.39,7.299567,32.55,62.64982043070834,0
4.91,7.265027,32.55,62.27358990776106,0
-5.53,7.275261,32.55,62.24146527838174,0
8.47,7.291892,32.55,63.166446789415026,0
-29.08,7.305963,32.57,63.56099432828282,0
5.07,7.340503,32.57,63.56886030125127,0
6.57,7.337945,32.57,62.24949798994366,0
27.08,7.353295,32.57,63.56886030125127,0
-25.09,7.357133,32.57,62.64982043070834,0
-9.83,7.357133,32.57,62.24146527838174,0
18.88,7.36353,32.57,63.56886030125127,0
-1.35,7.359692,32.57,62.65780079128216,0
-3.42,7.346899,32.55,63.166446789415026,0
24.97,7.331548,32.55,63.56099432828282,0
-17.29,7.340503,32.55,63.166446789415026,0
-14.76,7.318756,32.55,62.24949798994366,0
11.24,7.308522,32.57,63.15853069855251,0
42.19,7.293171,32.57,62.24146527838174,0
-42.2,7.302125,32.57,63.15853069855251,0
-12.39,7.291892,32.57,63.166446789415026,0
30.09,7.285495,32.55,63.166446789415026,0
16.44,7.275261,32.55,63.166446789415026,0
-39.56,7.270144,32.55,63.15853069855251,0
2.28,7.270144,32.55,63.166446789415026,0
7.9,7.266306,32.57,63.15853069855251,0
3.03,7.265027,32.57,63.166446789415026,0
-5.6,7.258631,32.57,62.24146527838174,0
2.64,7.265027,32.57,62.24949798994366,0
3.02,7.253514,32.55,63.166446789415026,0
-0.42,7.272703,32.55,63.166446789415026,0
-8.46,7.272703,32.55,63.166446789415026,0
3.27,7.273982,32.55,63.166446789415026,0
4.61,7.266306,32.55,63.166446789415026,0
-3.31,7.291892,32.55,63.166446789415026,0
-1.83,7.29445,32.55,63.166446789415026,0
3.1,7.322594,32.55,62.24146527838174,0
-1.62,7.32899,32.57,63.15853069855251,0
-7.59,7.357133,32.57,63.166446789415026,0
5.06,7.341782,32.57,63.166446789415026,0
2.67,7.34562,32.57,62.24949798994366,0
-9.61,7.352016,32.57,62.76941930590086,0
7.51,7.083374,32.57,59.64059020499378,0
7.4,6.556322,32.57,61.36774397026503,0
-0.01,6.442469,32.57,82.83115355951527,0
-4.35,6.423851,32.57,87.60136985230311,0
-45.25,7.016144,32.57,47.94788837894741,0
42.99,7.263748,32.57,57.4978260458602,0
10.81,7.595074,32.57,52.09606511052442,0
71.34,7.980861,32.55,63.34824385884742,0
-29.64,7.911432,32.55,63.28506932918696,0
-122.27,7.79502,32.55,66.2872536767062,0
86.81,7.832119,32.55,74.14175611623992,0
51.04,7.59034,32.57,64.56779382943171,0
-78.68,7.670933,32.57,56.7626637852735,0
-105.11,7.715706,32.57,67.97793759742936,0
-55.4,7.737454,32.57,57.23635208501674,0
47.71,7.770714,32.57,61.29437168288782,0
-12.09,7.65942,32.57,64.13267497929586,0
78.67,7.594178,32.57,56.00892785976178,0
-16.35,7.564755,32.57,55.5517776493246,0
-17.03,7.578826,32.55,63.75735251718032,0
-3.96,7.550683,32.55,53.33854141237835,0
-14.92,7.534053,32.55,63.0,0
19.35,7.519981,32.55,86.27861844049197,0
-31.33,7.516143,32.57,64.68384651518491,0
27.05,7.500792,32.57,74.444610281739,0
8.89,7.486721,32.57,61.1310068623117,0
13.77,7.488,32.57,62.080592780675026,0
30.71,7.484162,32.59,67.88961628997471,0
46.44,7.471369,32.59,67.31270311018568,0
-14.01,7.462415,32.59,72.56031973468694,0
-3.92,7.499513,32.59,68.90573270780887,0
3.57,7.773273,32.61,35.14256678161116,0
52.72,7.869216,32.61,54.89080068645383,0
69.5,7.742571,32.61,73.49149610669251,0
-59.45,7.736175,32.61,111.32385189167684,0
-2.42,7.362633,32.61,75.69015788066504,0
-33.3,7.328443,32.61,77.12976079309465,0
-134.47,7.516493,32.61,70.66823897621902,0
75.49,7.804325,32.61,79.42921376924235,0
-42.54,8.08448,32.61,60.572270883631234,0
54.05,8.173678,32.61,49.73932046178355,0
6.49,8.024006,32.61,38.47076812334269,0
-22.2,7.763039,32.61,104.7807234180028,0
24.84,7.706752,32.61,67.7864293203293,0
23.58,7.711869,32.61,53.842362503887216,0
-45.24,7.736175,32.61,65.0,0
4.05,7.700356,32.61,61.741396161732524,0
-35.76,7.702914,32.59,66.82813778641449,0
10.07,7.696517,32.59,52.820450584977024,0
-8.38,7.710589,32.59,64.00781202322104,0
-0.35,7.702914,32.59,60.94259594077036,0
8.04,7.679887,32.61,67.00746227100382,0
5.51,7.67477,32.61,74.90660852021001,0
18.28,7.654303,32.61,60.423505360083176,0
-19.78,7.649185,32.61,73.65459931328118,0
50.13,7.644068,32.61,72.30490993010088,0
-40.86,7.631276,32.61,45.05552130427524,0
29.73,7.732337,32.61,57.91372894228103,0
14.96,7.695239,32.61,68.7386354243376,0
39.99,7.773273,32.59,68.58571279792899,0
139.28,7.618484,32.59,73.44385610791416,0
-55.66,7.577547,32.59,51.93264869039514,0
56.43,7.644068,32.59,51.980765673468106,0
17.64,7.711869,32.59,59.58187643906493,0
-329.74,7.678608,32.59,71.5122367151245,0
42.74,7.718265,32.59,73.10950690573696,0
91.24,7.696517,32.59,62.96824596572466,0
13.16,7.67477,32.59,53.74011537017761,0
-38.09,7.661978,32.59,65.7723346096214,0
-26.0,7.715706,32.59,69.95712972957081,0
-26.14,7.867938,32.59,58.08614292583042,0
23.18,8.018889,32.59,58.872744118140105,0
86.28,7.998421,32.59,56.7626637852735,0
104.38,8.018889,32.59,64.28841264178172,0
-24.51,7.320418,32.59,59.0,0
53.25,6.824418,32.61,109.80437149767764,0
-141.19,7.596353,32.61,64.6297145282261,0
-46.4,8.055058,32.61,68.48357467305573,0
247.84,8.164723,32.61,66.70832032063167,0
-12.54,8.084131,32.61,63.419239982831705,0
-87.61,8.047032,32.61,62.369864518050704,0
-6.27,8.021447,32.61,63.2771680782255,0
123.99,7.993304,32.61,62.64982043070834,0
53.37,7.976674,32.61,64.5600495662759,0
-7.0,7.980512,32.61,64.89992295835181,0
-26.42,7.938296,32.61,63.54525946126902,0
-43.96,7.910152,32.61,64.03124237432849,0
-25.03,7.902477,32.63,61.84658438426491,0
-34.27,7.903757,32.63,62.5859409132754,0
103.79,7.852586,32.63,62.01612693485461,0
60.46,7.875613,32.63,63.796551630946325,0
-28.59,7.889685,32.61,63.221831672294975,0
-9.23,7.893522,32.61,62.5859409132754,0
-14.88,7.901198,32.61,62.5859409132754,0
11.04,7.91527,32.61,63.221831672294975,0
8.84,7.917828,32.63,63.221831672294975,0
-7.19,7.935738,32.63,59.27900134111572,0
3.89,7.963881,32.63,62.82515419798029,0
4.32,7.96644,32.63,63.63961030678928,0
-1.95,7.963881,32.65,63.387695966961914,0
-5.6,7.970277,32.65,63.387695966961914,0
-6.56,7.963881,32.65,62.82515419798029,0
-14.06,7.960043,32.65,63.387695966961914,0
-17.07,7.962602,32.65,62.82515419798029,0
9.04,7.96644,32.65,62.82515419798029,0
3.74,7.963881,32.65,62.82515419798029,0
-12.23,7.958764,32.65,62.82515419798029,0
10.05,7.956206,32.65,62.82515419798029,0
-3.46,7.930621,32.65,62.82515419798029,0
-9.75,7.956206,32.65,62.82515419798029,0
18.16,7.945971,32.65,62.82515419798029,0
-7.31,7.962602,32.65,62.82515419798029,0
-13.67,7.951089,32.65,63.63961030678928,0
0.0,7.96516,32.65,62.27358990776106,0
-3.43,7.953647,32.65,62.27358990776106,0
-18.5,7.967719,32.65,62.82515419798029,0
18.81,7.96644,32.65,63.387695966961914,0
-0.99,7.967719,32.65,64.19501538281614,0
-0.61,7.96516,32.65,62.27358990776106,0
17.33,7.954926,32.65,62.82515419798029,0
-17.3,7.968998,32.65,62.82515419798029,0
16.25,7.962602,32.65,63.095166217389426,0
18.03,7.96644,32.65,62.56196927846821,0
-4.64,7.974115,32.65,63.63961030678928,0
-25.59,7.988187,32.65,63.095166217389426,0
22.94,7.992025,32.65,63.095166217389426,0
15.37,7.986908,32.65,63.095166217389426,0
-9.48,7.998421,32.65,63.095166217389426,0
-16.92,7.994583,32.65,62.457985878508765,0
4.58,7.9997,32.65,63.095166217389426,0
-2.66,7.980512,32.65,63.095166217389426,0
-23.91,7.993304,32.66,63.39558344238185,0
6.94,7.980512,32.66,62.56196927846821,0
6.45,7.986908,32.66,63.92182725798755,0
-17.89,7.976674,32.66,62.56196927846821,0
8.89,7.976674,32.66,63.39558344238185,0
10.32,7.968998,32.66,63.39558344238185,0
-15.82,7.971557,32.66,63.39558344238185,0
7.5,7.976674,32.66,62.88083968904996,0
-8.6,7.979232,32.66,63.39558344238185,0
-16.64,7.967719,32.66,62.56196927846821,0
15.78,7.967719,32.66,63.39558344238185,0
8.2,7.970277,32.66,62.88083968904996,0
-8.93,7.975394,32.66,62.88083968904996,0
3.98,7.971557,32.66,63.39558344238185,0
-1.41,7.977953,32.66,62.56196927846821,0
0.69,7.971557,32.66,62.88083968904996,0
6.75,7.977953,32.65,63.39558344238185,0
7.14,7.985629,32.65,62.74551776820397,0
-14.41,7.985629,32.65,63.39558344238185,0
14.09,7.975394,32.65,63.39558344238185,0
12.1,7.993304,32.66,63.39558344238185,0
-0.33,7.98307,32.66,63.39558344238185,0
-27.83,7.995862,32.66,62.74551776820397,0
15.66,7.990746,32.66,62.56196927846821,0
11.34,7.989466,32.66,62.22539674441618,0
-3.79,8.000979,32.66,62.88083968904996,0
-17.65,7.9997,32.66,63.39558344238185,0
16.45,8.009934,32.66,63.06346010171025,0
12.87,8.018889,32.66,62.0403094769844,0
-6.22,8.024006,32.66,63.39558344238185,0
-21.01,8.022727,32.66,63.39558344238185,0
-3.31,8.031681,32.66,62.88083968904996,0
-1.76,8.01761,32.66,64.41273166075166,0
-15.19,8.036798,32.66,63.72597586541927,0
14.63,8.03552,32.66,64.41273166075166,0
3.29,8.031681,32.66,62.37788069500277,0
-9.98,8.029123,32.66,62.74551776820397,0
5.73,8.022727,32.66,63.72597586541927,0
9.0,7.974115,32.66,62.88083968904996,0
8.58,7.995862,32.66,63.39558344238185,0
-11.75,8.000979,32.66,63.39558344238185,0
-2.13,8.009934,32.66,62.88083968904996,0
-1.16,7.995862,32.66,62.88083968904996,0
-25.64,8.000979,32.66,62.88083968904996,0
22.47,8.01761,32.66,62.0403094769844,0
26.25,8.043195,32.66,63.229739838148944,0
-16.52,8.043195,32.66,62.37788069500277,0
-20.49,8.055987,32.66,63.229739838148944,0
23.78,8.05087,32.66,62.74551776820397,0
22.04,8.070059,32.66,63.229739838148944,0
-14.97,8.055987,32.66,63.229739838148944,0
-37.62,8.055987,32.66,61.814237842102365,0
22.2,8.036798,32.66,63.229739838148944,0
12.85,8.044474,32.66,63.229739838148944,0
-4.29,8.018889,32.66,63.229739838148944,0
6.1,8.036798,32.66,63.229739838148944,0
-0.46,8.027843,32.65,63.229739838148944,0
0.61,8.036798,32.65,62.74551776820397,0
-24.31,8.021447,32.65,62.74551776820397,0
0.49,8.038077,32.65,62.56196927846821,0
7.84,8.047032,32.66,62.74551776820397,0
6.36,8.064942,32.66,63.14269553954757,0
-3.62,8.064942,32.66,61.886993787063204,0
0.57,8.0675,32.66,63.14269553954757,0
1.29,8.054708,32.66,62.928530890209096,0
-1.32,8.039357,32.66,63.14269553954757,0
1.34,8.041916,32.66,63.608175575157006,0
7.7,8.045753,32.66,62.74551776820397,0
-10.46,8.032961,32.68,62.928530890209096,0
-17.78,8.03552,32.68,63.608175575157006,0
-10.76,8.024006,32.68,63.41135544995076,0
12.3,8.024006,32.68,63.41135544995076,0
10.81,8.016331,32.68,63.72597586541927,0
-0.06,8.032961,32.68,62.37788069500277,0
18.8,8.020168,32.68,63.72597586541927,0
1.16,8.030402,32.68,63.06346010171025,0
32.84,8.008655,32.66,63.229739838148944,0
-27.19,8.032961,32.66,63.41135544995076,0
-3.62,8.018889,32.66,62.56196927846821,0
2.99,8.026565,32.66,63.229739838148944,0
-4.32,8.020168,32.68,62.928530890209096,0
-20.11,8.038077,32.68,62.928530890209096,0
7.01,8.025286,32.68,64.7533782902483,0
3.49,8.041916,32.68,63.608175575157006,0
-19.81,8.038077,32.68,64.08587988004847,0
7.81,8.044474,32.68,63.608175575157006,0
6.69,8.031681,32.68,63.608175575157006,0
8.82,8.022727,32.68,62.07253821135398,0
-30.78,8.024006,32.66,63.608175575157006,0
5.48,8.040636,32.66,62.74551776820397,0
12.42,8.024006,32.66,63.608175575157006,0
16.63,8.026565,32.66,63.14269553954757,0
0.59,8.021447,32.66,61.7980582219215,0
-5.47,8.025286,32.66,64.26507605223851,0
-18.06,8.018889,32.66,63.06346010171025,0
-4.01,8.027843,32.66,63.608175575157006,0
17.28,8.027843,32.66,62.74551776820397,0
-13.06,8.049591,32.66,62.27358990776106,0
-2.53,8.03552,32.66,62.68971207462992,0
0.59,8.049591,32.66,63.324560795950255,0
-0.38,8.05087,32.68,64.01562309311689,0
0.87,8.05087,32.68,63.14269553954757,0
-4.36,8.05215,32.68,62.74551776820397,0
18.84,8.05215,32.68,63.41135544995076,0
4.45,8.057266,32.68,63.14269553954757,0
-16.99,8.054708,32.68,63.324560795950255,0
18.4,8.054708,32.68,63.324560795950255,0
1.9,8.05215,32.68,62.8728876384726,0
-19.26,8.054708,32.66,63.324560795950255,0
19.14,8.048312,32.66,61.814237842102365,0
8.65,8.070059,32.66,63.14269553954757,0
-10.89,8.073896,32.66,63.14269553954757,0
-40.7,8.082851,32.68,63.324560795950255,0
17.27,8.091806,32.68,63.13477647065839,0
6.69,8.096924,32.68,62.68971207462992,0
-5.5,8.089248,32.68,62.457985878508765,0
-17.83,8.084131,32.66,63.14269553954757,0
-9.48,8.090528,32.66,63.608175575157006,0
25.33,8.036798,32.66,63.608175575157006,0
-17.09,8.061105,32.66,63.608175575157006,0
6.46,8.054708,32.66,63.608175575157006,0
17.37,8.066221,32.66,63.608175575157006,0
-12.96,8.073896,32.66,63.608175575157006,0
-11.67,8.079014,32.66,62.74551776820397,0
15.91,8.08541,32.66,63.788713735268246,0
8.46,8.087969,32.66,62.928530890209096,0
0.95,8.086689,32.66,63.608175575157006,0
-11.84,8.084131,32.66,63.608175575157006,0
13.94,8.082851,32.71,63.608175575157006,0
5.98,8.08541,32.71,63.14269553954757,0
-19.17,8.076455,32.71,63.788713735268246,0
2.36,8.057266,32.71,62.928530890209096,0
4.39,8.063663,32.66,63.608175575157006,0
-1.5,8.055987,32.66,63.608175575157006,0
-23.02,8.049591,32.66,63.788713735268246,0
10.95,8.048312,32.66,63.608175575157006,0
5.6,8.047032,32.66,62.457985878508765,0
-10.06,8.049591,32.66,63.324560795950255,0
-11.04,8.047032,32.66,63.608175575157006,0
10.23,8.058546,32.66,63.608175575157006,0
4.8,8.057266,32.68,63.324560795950255,0
-23.78,8.075176,32.68,63.14269553954757,0
10.14,8.055987,32.68,63.324560795950255,0
17.23,8.071339,32.68,63.788713735268246,0
-7.41,8.061105,32.66,62.24949798994366,0
-24.46,8.070059,32.66,62.68971207462992,0
0.16,8.05087,32.66,62.8728876384726,0
-7.96,8.05087,32.66,63.324560795950255,0
18.97,8.041916,32.68,62.68971207462992,0
28.8,8.05215,32.68,63.14269553954757,0
1.85,8.036798,32.68,63.14269553954757,0
-1.27,8.03552,32.68,62.433965115151864,0
-23.42,8.029123,32.66,62.24949798994366,0
-28.8,8.03424,32.66,63.14269553954757,0
26.77,8.032961,32.66,63.13477647065839,0
13.79,8.030402,32.66,62.545983084447556,0
-15.11,8.015051,32.66,62.24949798994366,0
-22.19,8.029123,32.66,62.24949798994366,0
4.3,8.024006,32.66,64.01562309311689,0
29.83,8.032961,32.66,63.56886030125127,0
25.59,8.031681,32.68,63.324560795950255,0
4.74,8.041916,32.68,62.8728876384726,0
0.69,8.031681,32.68,63.324560795950255,0
-3.83,8.040636,32.68,61.36774397026503,0
11.69,8.01761,32.68,63.324560795950255,0
-5.23,8.031681,32.68,64.47480127925948,0
-14.23,8.022727,32.68,62.8728876384726,0
11.54,8.026565,32.68,63.14269553954757,0
0.32,8.022727,32.66,63.14269553954757,0
-9.97,8.036798,32.66,63.788713735268246,0
-11.2,8.008655,32.66,63.608175575157006,0
-15.51,8.01761,32.66,63.608175575157006,0
-19.67,8.015051,32.71,63.14269553954757,0
5.19,8.029123,32.71,63.56886030125127,0
23.41,8.01761,32.71,63.14269553954757,0
-2.76,8.013772,32.71,62.68971207462992,0
5.48,8.004817,32.68,63.14269553954757,0
-7.21,8.016331,32.68,63.13477647065839,0
-19.67,8.013772,32.68,63.324560795950255,0
-4.86,8.029123,32.68,63.56886030125127,0
32.18,8.036798,32.66,62.68971207462992,0
19.19,8.057266,32.66,62.68971207462992,0
5.3,8.043195,32.66,63.56886030125127,0
-11.06,8.059825,32.66,62.68971207462992,0
-12.49,8.043195,32.66,62.24949798994366,0
8.78,8.055987,32.66,62.24949798994366,0
-18.86,8.038077,32.66,63.56886030125127,0
-5.93,8.048312,32.66,63.56886030125127,0
21.21,8.039357,32.65,63.56886030125127,0
18.29,8.025286,32.65,64.01562309311689,0
12.08,8.011213,32.65,63.74950980203691,0
-10.14,8.030402,32.65,62.68971207462992,0
-4.34,8.012493,32.66,63.74950980203691,0
6.59,8.024006,32.66,63.788713735268246,0
-53.32,8.011213,32.66,62.68971207462992,0
-15.24,8.01761,32.66,63.13477647065839,0
33.62,7.9997,32.66,64.01562309311689,0
17.78,8.011213,32.66,64.01562309311689,0
12.94,7.974115,32.66,64.47480127925948,0
-25.01,8.002258,32.66,63.324560795950255,0
16.17,8.006097,32.66,62.27358990776106,0
-45.57,8.025286,32.66,62.68971207462992,0
-8.41,8.021447,32.66,63.324560795950255,0
42.21,8.031681,32.66,63.324560795950255,0
23.18,8.024006,32.66,63.788713735268246,0
-22.6,8.039357,32.66,63.324560795950255,0
6.03,8.029123,32.66,63.74950980203691,0
-1.32,8.040636,32.66,63.14269553954757,0
-10.48,8.022727,32.66,62.68971207462992,0
26.69,8.044474,32.66,62.68971207462992,0
12.7,8.022727,32.66,62.68971207462992,0
16.83,8.030402,32.66,62.68971207462992,0
-8.98,8.016331,32.66,62.68971207462992,0
-8.7,8.029123,32.66,62.68971207462992,0
4.35,8.008655,32.66,63.788713735268246,0
1.78,8.009934,32.66,63.14269553954757,0
-4.29,8.009934,32.66,63.14269553954757,0
-14.52,8.007376,32.66,63.324560795950255,0
-3.71,7.9997,32.66,63.324560795950255,0
-9.91,7.992025,32.66,63.324560795950255,0
-15.43,7.998421,32.66,63.14269553954757,0
11.17,8.011213,32.66,63.14269553954757,0
0.67,7.998421,32.66,63.14269553954757,0
-15.41,8.000979,32.66,63.324560795950255,0
-24.46,8.002258,32.65,63.788713735268246,0
6.35,8.002258,32.65,62.8728876384726,0
9.81,8.004817,32.65,63.14269553954757,0
-9.48,7.998421,32.65,62.433965115151864,0
43.58,7.998421,32.68,63.56886030125127,0
0.59,7.990746,32.68,62.0,0
-20.64,7.975394,32.68,63.324560795950255,0
-6.96,7.962602,32.68,71.00704190430693,0
-52.38,7.757922,32.65,58.83026432033091,0
32.82,7.865379,32.65,64.01562309311689,0
2.92,8.047032,32.65,64.97691897897283,0
-81.01,8.17112,32.65,64.389440128021,0
35.29,8.155769,32.66,63.35613624582863,0
80.96,8.144256,32.66,62.30569797378086,0
169.73,8.127625,32.66,62.10475022089695,0
50.82,8.090528,32.66,65.00769185258002,0
-140.31,8.08541,32.65,62.5859409132754,0
-71.67,8.05215,32.65,62.5859409132754,0
-25.65,8.048312,32.65,62.37788069500277,0
-22.84,8.054708,32.65,63.095166217389426,0
-48.91,8.058546,32.66,62.82515419798029,0
9.96,8.041916,32.66,63.96092557178953,0
33.34,8.05087,32.66,62.65780079128216,0
21.99,8.049591,32.66,63.387695966961914,0
-10.11,8.062384,32.65,62.41794613730894,0
-2.57,8.048312,32.65,63.0,0
65.92,8.045753,32.65,63.166446789415026,0
-43.89,8.040636,32.65,63.0,0
-15.24,8.031681,32.66,62.41794613730894,0
-35.74,8.030402,32.66,63.0,0
-33.33,8.031681,32.66,63.75735251718032,0
-24.05,8.030402,32.66,63.0,0
9.93,8.026565,32.66,63.166446789415026,0
13.14,8.018889,32.66,63.0,0
9.94,8.01761,32.66,63.0,0
22.34,8.015051,32.66,63.166446789415026,0
9.2,8.021447,32.66,63.166446789415026,0
-0.58,8.015051,32.66,63.0,0
-12.16,8.008655,32.66,63.166446789415026,0
7.69,7.995862,32.66,63.0,0
9.7,8.003538,32.66,63.166446789415026,0
-5.18,8.004817,32.66,63.0,0
5.01,8.007376,32.66,63.166446789415026,0
20.26,8.011213,32.66,63.387695966961914,0
0.5,8.007376,32.65,63.166446789415026,0
-19.02,8.008655,32.65,62.41794613730894,0
-17.57,8.006097,32.65,63.0,0
-0.61,8.004817,32.65,63.221831672294975,0
2.1,7.997142,32.65,63.0,0
1.74,7.998421,32.65,63.166446789415026,0
2.61,7.981791,32.65,62.41794613730894,0
-9.64,7.990746,32.65,63.221831672294975,0
-12.47,7.976674,32.66,63.0,0
13.14,7.986908,32.66,62.41794613730894,0
-14.68,7.928062,32.66,63.0,0
-27.97,7.958764,32.66,62.5859409132754,0
25.55,7.954926,32.66,63.166446789415026,0
-7.28,7.975394,32.66,63.166446789415026,0
-10.74,7.976674,32.66,63.166446789415026,0
20.95,7.977953,32.66,63.387695966961914,0
-14.65,7.967719,32.63,62.41794613730894,0
21.41,7.961323,32.63,62.41794613730894,0
18.13,7.96644,32.63,62.41794613730894,0
1.37,7.96644,32.63,62.41794613730894,0
-28.53,7.954926,32.65,62.41794613730894,0
13.79,7.952368,32.65,62.41794613730894,0
11.81,7.953647,32.65,62.41794613730894,0
2.72,7.951089,32.65,62.41794613730894,0
-11.28,7.952368,32.65,62.65780079128216,0
5.79,7.957485,32.65,62.928530890209096,0
4.07,7.943413,32.65,62.65780079128216,0
10.24,7.938296,32.65,63.387695966961914,0
34.49,7.929341,32.65,62.82515419798029,0
-5.49,7.947251,32.65,62.928530890209096,0
-8.5,7.943413,32.65,62.71363488110062,0
-39.02,7.924224,32.65,62.77738446287803,0
-11.08,7.953647,32.63,63.75735251718032,0
-0.29,7.971557,32.63,63.474404290233394,0
6.83,7.977953,32.63,62.65780079128216,0
30.11,7.968998,32.63,62.65780079128216,0
-35.43,7.970277,32.65,63.221831672294975,0
-71.22,7.967719,32.65,63.387695966961914,0
-13.25,7.975394,32.65,63.387695966961914,0
13.72,7.953647,32.65,62.65780079128216,0
0.07,7.972836,32.65,63.387695966961914,0
22.22,7.979232,32.65,63.387695966961914,0
-3.5,7.981791,32.65,63.387695966961914,0
-12.65,7.976674,32.65,63.221831672294975,0
19.3,7.981791,32.65,63.387695966961914,0
-1.85,7.980512,32.65,63.387695966961914,0
-26.27,7.974115,32.65,63.387695966961914,0
27.04,7.970277,32.65,63.387695966961914,0
14.04,7.963881,32.65,63.387695966961914,0
-12.11,7.961323,32.65,63.221831672294975,0
-43.66,7.945971,32.65,62.65780079128216,0
31.32,7.951089,32.65,66.64082832618455,0
12.37,7.920387,32.66,64.10148204214939,0
-8.59,8.15449,32.66,51.088159097779204,0
-23.39,7.449622,32.66,65.92419889539804,0
90.04,6.897336,32.66,74.41102068914255,0
65.49,6.915792,32.66,67.62396025078685,0
-181.69,7.423655,32.66,53.563046963368315,0
-108.97,7.595074,32.66,66.49060083951716,0
79.99,7.831189,32.66,65.76473218982953,0
145.87,7.837585,32.66,64.8459713474939,0
-40.81,7.82863,32.66,63.30876716537765,0
-66.57,7.826072,32.66,62.71363488110062,0
64.23,7.829909,32.66,63.647466563878254,0
-66.83,7.819675,32.63,63.190189111918315,0
111.76,7.840144,32.63,63.190189111918315,0
54.43,7.827351,32.63,63.071388124885914,0
-41.21,7.820955,32.63,63.190189111918315,0
50.41,7.805604,32.66,63.190189111918315,0
34.56,7.801766,32.66,63.190189111918315,0
1.35,7.783856,32.66,63.190189111918315,0
-28.09,7.782577,32.66,63.474404290233394,0
12.85,7.758272,32.65,62.6418390534633,0
24.31,7.772343,32.65,62.6418390534633,0
-8.21,7.762109,32.65,62.6418390534633,0
-64.28,7.754434,32.65,62.6418390534633,0
27.42,7.746758,32.65,62.6418390534633,0
20.04,7.739083,32.65,63.474404290233394,0
-23.83,7.731407,32.65,62.10475022089695,0
-31.71,7.72629,32.65,62.6418390534633,0
25.05,7.722453,32.68,62.6418390534633,0
12.33,7.725011,32.68,62.6418390534633,0
-28.7,7.721173,32.68,63.474404290233394,0
-13.04,7.708381,32.68,62.6418390534633,0
26.9,7.717335,32.66,62.6418390534633,0
7.74,7.70966,32.66,62.6418390534633,0
-31.89,7.698147,32.66,62.6418390534633,0
0.54,7.694309,32.66,63.474404290233394,0
20.18,7.694309,32.68,62.6418390534633,0
1.6,7.696867,32.68,62.6418390534633,0
-47.98,7.652093,32.68,62.6418390534633,0
25.75,7.673841,32.68,62.6418390534633,0
24.68,7.678958,32.68,62.6418390534633,0
-22.98,7.681516,32.68,63.190189111918315,0
-5.87,7.672562,32.68,62.6418390534633,0
19.08,7.682796,32.68,62.6418390534633,0
-28.39,7.684075,32.68,62.6418390534633,0
14.78,7.684075,32.68,62.6418390534633,0
48.44,7.681516,32.68,62.6418390534633,0
-15.43,7.677679,32.68,63.474404290233394,0
-39.42,7.676399,32.71,62.10475022089695,0
38.21,7.67512,32.71,62.6418390534633,0
28.19,7.676399,32.71,64.01562309311689,0
-4.15,7.677679,32.71,65.46754921333164,0
-41.72,7.55615,32.71,61.59545437773797,0
9.2,6.856399,32.71,64.45928947793328,0
5.97,6.642032,32.71,63.94528911499267,0
-22.69,6.791704,32.71,66.60330322138685,0
-88.33,7.469707,32.71,71.90966555338719,0
12.1,7.591969,32.71,62.65780079128216,0
71.18,7.626509,32.71,61.326992425847855,0
43.94,7.62395,32.71,62.5939294181153,0
-7.37,7.622671,32.75,63.914004725099176,0
64.59,7.629067,32.75,63.30876716537765,0
14.44,7.62395,32.75,62.71363488110062,0
-48.46,7.631626,32.75,63.51377803280167,0
-32.21,7.625229,32.71,62.71363488110062,0
-5.62,7.631626,32.71,62.71363488110062,0
-6.0,7.629067,32.71,62.71363488110062,0
-48.4,7.62395,32.71,63.30876716537765,0
23.75,7.621392,32.73,63.30876716537765,0
13.1,7.625229,32.73,62.71363488110062,0
-32.25,7.618833,32.73,62.71363488110062,0
26.49,7.611157,32.73,62.71363488110062,0
13.54,7.60604,32.73,62.71363488110062,0
-38.99,7.58941,32.73,63.30876716537765,0
25.09,7.604761,32.73,62.71363488110062,0
30.69,7.595807,32.73,62.71363488110062,0
5.42,7.608599,32.75,63.51377803280167,0
-20.69,7.612437,32.75,62.71363488110062,0
-19.04,7.60604,32.75,62.71363488110062,0
17.49,7.597086,32.75,62.71363488110062,0
15.51,7.600924,32.73,62.71363488110062,0
-23.31,7.595807,32.73,62.65780079128216,0
-14.57,7.614995,32.73,56.753854494650845,0
14.08,7.580456,32.73,62.0403094769844,0
3.66,7.599644,32.73,64.89992295835181,0
-24.09,7.467881,32.73,64.91532946846992,0
-21.93,7.507538,32.73,64.50581369148055,0
-17.36,7.53824,32.73,63.13477647065839,0
-57.42,7.562546,32.75,62.42595614005443,0
-30.15,7.547195,32.75,63.13477647065839,0
95.15,7.557429,32.75,63.13477647065839,0
43.73,7.557429,32.75,63.13477647065839,0
0.5,7.574059,32.75,63.13477647065839,0
19.84,7.585573,32.75,63.13477647065839,0
19.7,7.593248,32.75,63.13477647065839,0
-4.69,7.59069,32.75,63.13477647065839,0
-3.93,7.599644,32.75,63.85138996137829,0
15.95,7.583014,32.75,63.85138996137829,0
-10.61,7.595807,32.75,63.166446789415026,0
2.87,7.584293,32.75,63.166446789415026,0
23.23,7.591969,32.75,63.984373092185564,0
-11.87,7.618833,32.75,62.112800613078136,0
-2.57,7.593248,32.75,65.62011886609167,0
14.22,7.542078,32.75,60.315835400000886,0
19.09,7.405198,32.71,65.12296062065974,0
27.46,7.502421,32.71,68.70953354520753,0
-41.81,7.568942,32.71,64.319514923544,0
-25.73,7.565104,32.71,62.5939294181153,0
-39.16,7.568942,32.71,62.5939294181153,0
5.5,7.571501,32.71,63.190189111918315,0
16.68,7.576618,32.71,62.5939294181153,0
39.38,7.576618,32.71,62.71363488110062,0
12.42,7.577897,32.75,62.81719509815764,0
13.26,7.576618,32.75,63.51377803280167,0
-8.24,7.575338,32.75,62.93647591023825,0
-23.28,7.57278,32.75,62.369864518050704,0
-40.14,7.570221,32.73,62.12889826803627,0
-0.11,7.568942,32.73,62.81719509815764,0
-2.46,7.52161,32.73,63.74950980203691,0
-12.8,7.534402,32.73,62.369864518050704,0
-33.5,7.542078,32.73,63.74950980203691,0
13.69,7.543357,32.73,62.93647591023825,0
13.01,7.542078,32.73,62.93647591023825,0
-6.31,7.539519,32.73,62.369864518050704,0
-28.97,7.536961,32.75,62.369864518050704,0
17.92,7.535682,32.75,64.56779382943171,0
14.23,7.536961,32.75,62.93647591023825,0
-9.95,7.544637,32.75,63.474404290233394,0
-23.01,7.552312,32.73,61.91930232165088,0
12.07,7.557429,32.73,62.42595614005443,0
3.76,7.536961,32.73,62.94441992742486,0
-1.56,7.548474,32.73,63.474404290233394,0
41.18,7.542078,32.73,62.94441992742486,0
2.76,7.539519,32.73,63.474404290233394,0
-42.74,7.536961,32.73,62.94441992742486,0
-28.43,7.534402,32.73,62.94441992742486,0
23.88,7.542078,32.73,62.42595614005443,0
16.45,7.526727,32.73,63.2771680782255,0
-12.51,7.529285,32.73,63.788713735268246,0
9.28,7.513935,32.73,62.94441992742486,0
35.38,7.517772,32.73,62.94441992742486,0
-19.35,7.506259,32.73,62.94441992742486,0
-41.5,7.520331,32.73,62.94441992742486,0
20.21,7.517772,32.73,62.42595614005443,0
29.73,7.517772,32.73,63.788713735268246,0
-17.46,7.511376,32.73,62.94441992742486,0
-6.75,7.512655,32.73,63.2771680782255,0
28.08,7.506259,32.73,62.94441992742486,0
8.71,7.507538,32.75,62.94441992742486,0
-23.95,7.513935,32.75,63.671029518926424,0
11.3,7.516493,32.75,62.94441992742486,0
12.55,7.508818,32.75,63.788713735268246,0
9.56,7.490908,32.75,62.94441992742486,0
6.59,7.515214,32.75,63.474404290233394,0
-3.14,7.510097,32.75,62.42595614005443,0
0.34,7.512655,32.75,62.94441992742486,0
-6.71,7.513935,32.75,62.94441992742486,0
-17.85,7.516493,32.75,62.94441992742486,0
-16.63,7.502421,32.75,62.94441992742486,0
18.44,7.516493,32.75,62.42595614005443,0
13.43,7.510097,32.73,64.31174076325411,0
-17.95,7.524168,32.73,62.42595614005443,0
10.0,7.511376,32.73,63.788713735268246,0
16.6,7.496025,32.73,62.42595614005443,0
13.29,7.499863,32.75,63.788713735268246,0
-3.49,7.497304,32.75,62.42595614005443,0
9.61,7.493466,32.75,63.788713735268246,0
10.43,7.497304,32.75,62.94441992742486,0
-37.56,7.488349,32.77,62.94441992742486,0
-36.13,7.50498,32.77,62.30569797378086,0
17.06,7.493466,32.77,62.94441992742486,0
12.27,7.499863,32.77,62.42595614005443,0
-2.09,7.493466,32.77,62.94441992742486,0
-22.08,7.513935,32.77,62.94441992742486,0
17.41,7.494746,32.77,62.94441992742486,0
14.6,7.511376,32.77,62.82515419798029,0
-4.36,7.502421,32.77,63.671029518926424,0
-32.49,7.520331,32.77,62.42595614005443,0
20.69,7.508818,32.77,63.671029518926424,0
11.55,7.515214,32.77,62.82515419798029,0
-3.77,7.497304,32.73,63.474404290233394,0
-9.3,7.512655,32.73,63.788713735268246,0
4.78,7.511376,32.73,62.94441992742486,0
-5.73,7.507538,32.73,62.94441992742486,0
-22.71,7.498583,32.73,62.94441992742486,0
-11.93,7.506259,32.73,63.474404290233394,0
14.8,7.501142,32.73,63.788713735268246,0
11.83,7.511376,32.73,62.42595614005443,0
-13.55,7.498583,32.75,62.94441992742486,0
16.67,7.515214,32.75,62.42595614005443,0
17.35,7.50498,32.75,62.42595614005443,0
-0.11,7.502421,32.75,61.326992425847855,0
-26.23,7.48707,32.73,64.91532946846992,0
18.99,7.476836,32.73,68.7386354243376,0
12.69,7.622671,32.73,65.06150935845248,0
46.13,7.663607,32.73,63.56886030125127,0
87.6,7.704543,32.73,78.55571271397135,0
-118.26,7.740362,32.73,66.61080993352356,0
-36.62,7.650815,32.73,61.34329629226001,0
-2.65,7.666165,32.73,65.58200972827838,0
-13.18,7.586852,32.73,66.64082832618455,0
94.17,7.553591,32.73,62.457985878508765,0
-120.8,7.497304,32.73,63.89053137985315,0
-134.77,7.526727,32.73,62.8410693734599,0
199.4,7.55615,32.73,62.56196927846821,0
16.56,7.58941,32.73,66.4981202741852,0
-86.98,7.786415,32.73,58.89821729050889,0
-14.63,7.817117,32.73,64.07027391856539,0
-19.12,7.79537,32.75,73.55949972641196,0
-22.56,7.778739,32.75,69.8426803609369,0
-13.91,7.52161,32.75,65.37583651472461,0
64.15,7.506259,32.75,62.56196927846821,0
31.75,7.447413,32.73,59.84981202978001,0
75.08,7.478116,32.73,54.506880299646575,0
-21.24,7.3003,32.73,123.95563722558164,0
45.57,6.972811,32.73,56.824290580701486,0
4.62,7.080268,32.71,61.97580172938467,0
187.18,7.130159,32.71,63.75735251718032,0
164.72,7.131438,32.71,61.59545437773797,0
-121.76,7.157023,32.71,63.93746945258312,0
-127.77,7.107132,32.71,62.88083968904996,0
-8.64,6.878147,32.71,62.24949798994366,0
-0.56,7.019411,32.71,62.112800613078136,0
23.4,7.133264,32.71,62.465990746965666,0
71.06,7.203623,32.68,62.89674077406555,0
16.19,7.254793,32.68,62.89674077406555,0
157.36,7.257352,32.68,61.91930232165088,0
-143.98,7.108959,32.68,63.914004725099176,0
7.38,6.915792,32.68,66.60330322138685,0
-1.67,7.038599,32.68,63.25345840347388,0
6.16,7.129426,32.68,62.30569797378086,0
-64.89,7.131985,32.68,63.56886030125127,0
34.12,7.131985,32.66,63.56886030125127,0
-36.09,7.137102,32.66,58.974570791146924,0
-25.38,7.064185,32.66,64.20280367709809,0
30.07,7.041158,32.66,78.60661549767933,0
-3.19,7.117913,32.66,70.46985170979147,0
-2.32,7.216415,32.66,35.749125863438955,0
16.14,7.588678,32.66,65.49045732013177,0
23.65,7.755713,32.66,66.12866246946176,0
-10.61,7.712218,32.66,63.90618123468183,0
3.61,7.719894,32.66,60.08327554319921,0
5.89,7.801766,32.66,77.52418977325722,0
29.73,7.745479,32.66,52.78257288158659,0
-22.23,7.481953,32.66,61.39218191268331,0
28.33,7.412874,32.66,90.38805230781334,0
-14.79,7.222265,32.66,58.31809324729333,0
-20.7,7.740362,32.66,68.74590896918885,0
-32.96,7.714777,32.66,70.11419257183242,0
64.14,7.682796,32.66,64.73020933072904,0
168.41,7.664886,32.66,61.59545437773797,0
-234.42,7.657211,32.66,63.12685640834652,0
-41.57,7.672562,32.66,62.96824596572466,0
-2.17,7.667445,32.66,60.489668539346454,0
-7.84,7.673841,32.66,56.96490147450446,0
0.71,7.670003,32.66,58.08614292583042,0
5.18,7.659769,32.68,84.92349498224858,0
2.13,7.528006,32.68,82.08532146492453,0
-5.71,7.62395,32.68,68.70953354520753,0
-34.16,7.643139,32.68,64.45153217728807,0
-60.93,7.621392,32.68,60.96720429870473,0
-84.93,7.55615,32.68,68.07348970047003,0
-8.02,7.551033,32.68,51.633322573702344,0
215.56,7.311813,32.68,65.94694837519019,0
74.66,6.826976,32.66,69.46941773183363,0
-33.61,7.016852,32.66,51.07837115648854,0
-30.83,7.041158,32.66,63.984373092185564,0
-145.04,7.032203,32.66,61.40032573203501,0
-54.27,7.010456,32.66,64.7533782902483,0
-26.89,6.93626,32.66,63.58458932791813,0
48.45,6.690643,32.66,63.079315151640635,0
13.42,6.455261,32.66,64.28841264178172,0
82.62,6.32279,32.68,71.72168430816443,0
158.02,6.601666,32.68,64.47480127925948,0
374.15,6.636206,32.68,64.63745044476924,0
-431.03,6.68098,32.68,63.41135544995076,0
-215.48,6.656674,32.66,61.87891401761993,0
108.44,6.582478,32.66,62.56196927846821,0
75.34,6.591433,32.66,63.25345840347388,0
-70.64,6.634927,32.66,62.42595614005443,0
33.03,6.638765,32.65,63.41135544995076,0
42.33,6.686097,32.65,62.457985878508765,0
-54.32,6.761573,32.65,63.06346010171025,0
14.22,6.701448,32.65,63.35613624582863,0
-43.16,6.623414,32.63,63.2771680782255,0
19.16,6.628531,32.63,63.079315151640635,0
111.19,6.61318,32.63,63.229739838148944,0
-73.76,6.688655,32.63,62.6418390534633,0
-44.74,6.790996,32.63,64.07027391856539,0
26.64,6.801229,32.63,62.39390995922599,0
18.99,6.861354,32.63,63.095166217389426,0
-7.79,7.066035,32.63,63.229739838148944,0
10.63,7.036041,32.63,62.82515419798029,0
62.28,6.885089,32.63,63.671029518926424,0
82.65,6.897882,32.63,62.72160712226688,0
118.56,6.869739,32.63,62.52199612936234,0
-259.9,6.881252,32.65,62.6418390534633,0
-146.62,6.923467,32.65,61.814237842102365,0
3.22,6.932422,32.65,62.928530890209096,0
29.58,6.885089,32.65,62.77738446287803,0
58.87,6.828803,32.63,63.75735251718032,0
83.6,6.801938,32.63,62.928530890209096,0
5.55,6.81601,32.63,63.229739838148944,0
-7.77,6.831361,32.63,63.229739838148944,0
41.25,6.817289,32.63,63.229739838148944,0
64.16,6.817289,32.63,62.39390995922599,0
-12.39,6.79938,32.63,63.079315151640635,0
-22.97,6.807055,32.63,63.079315151640635,0
-63.12,6.79938,32.61,63.229739838148944,0
-16.48,6.814731,32.61,62.94441992742486,0
-20.64,6.814731,32.61,62.24146527838174,0
18.28,6.812172,32.61,62.77738446287803,0
1.72,6.817289,32.65,63.079315151640635,0
21.93,6.831361,32.65,63.079315151640635,0
6.82,6.828803,32.65,63.079315151640635,0
-21.95,6.827523,32.65,63.079315151640635,0
21.24,6.826244,32.63,62.24146527838174,0
19.08,6.823686,32.63,63.079315151640635,0
398.74,6.839036,32.63,63.229739838148944,0
-216.87,6.835199,32.63,63.39558344238185,0
-94.48,6.801938,32.61,62.71363488110062,0
-25.06,6.79938,32.61,63.229739838148944,0
26.51,6.778912,32.61,63.229739838148944,0
-38.98,6.780191,32.61,62.71363488110062,0
50.76,6.791704,32.61,63.229739838148944,0
-3.34,6.7981,32.61,62.39390995922599,0
2.81,6.767398,32.61,62.24146527838174,0
7.42,6.792984,32.61,63.079315151640635,0
-6.64,6.789145,32.63,62.42595614005443,0
20.98,6.824965,32.63,62.56196927846821,0
-25.03,6.831361,32.63,62.56196927846821,0
-39.1,6.836478,32.63,62.56196927846821,0
4.95,6.836478,32.61,62.56196927846821,0
20.91,6.840316,32.61,63.079315151640635,0
-0.73,6.83392,32.61,63.229739838148944,0
28.79,6.836478,32.61,63.229739838148944,0
4.24,6.819848,32.63,63.229739838148944,0
-2.0,6.83392,32.63,63.229739838148944,0
21.56,6.831361,32.63,63.229739838148944,0
-15.4,6.840316,32.63,62.71363488110062,0
12.63,6.855667,32.63,62.71363488110062,0
-36.11,6.864622,32.63,63.229739838148944,0
-6.05,6.869739,32.63,63.229739838148944,0
4.5,6.877414,32.63,62.71363488110062,0
-3.91,6.877414,32.61,62.56196927846821,0
9.09,6.863342,32.61,62.56196927846821,0
12.28,6.864622,32.61,62.56196927846821,0
-5.05,6.865901,32.61,62.56196927846821,0
-12.87,6.846712,32.61,63.079315151640635,0
-5.76,6.844153,32.61,63.079315151640635,0
24.0,6.827523,32.61,63.079315151640635,0
-14.75,6.826244,32.61,63.229739838148944,0
-14.18,6.819848,32.61,63.079315151640635,0
3.34,6.812172,32.61,63.229739838148944,0
5.24,6.800659,32.61,62.56196927846821,0
-8.56,6.672734,32.61,62.56196927846821,0
3.06,6.666337,32.59,62.56196927846821,0
9.85,6.671454,32.59,62.71363488110062,0
-2.58,6.635635,32.59,63.079315151640635,0
-9.82,6.647149,32.59,64.60650122085238,0
10.64,6.621564,32.59,63.92182725798755,0
12.97,6.540971,32.59,61.59545437773797,0
-0.95,6.56016,32.59,60.909769331364245,0
6.07,6.625401,32.59,62.39390995922599,0
-99.56,6.547367,32.59,62.56196927846821,0
31.07,6.447586,32.59,62.56196927846821,0
42.62,6.395707,32.59,63.079315151640635,0
-85.59,6.408499,32.59,63.229739838148944,0
-4.34,6.478858,32.61,63.229739838148944,0
-10.43,6.477579,32.61,62.39390995922599,0
-19.28,6.467345,32.61,63.229739838148944,0
38.21,6.444318,32.61,63.39558344238185,0
27.71,6.455832,32.59,63.39558344238185,0
-53.91,6.472462,32.59,62.56196927846821,0
-20.73,6.464787,32.59,62.56196927846821,0
7.76,6.4763,32.59,62.74551776820397,0
8.66,6.505723,32.61,63.39558344238185,0
-7.28,6.466066,32.61,62.74551776820397,0
5.88,6.457111,32.61,63.57672530100933,0
18.84,6.485254,32.61,62.22539674441618,0
-7.27,6.512119,32.57,62.22539674441618,0
11.23,6.436643,32.57,65.612498809297,0
138.28,6.532587,32.57,62.56196927846821,0
6.56,6.576081,32.57,62.88083968904996,0
0.47,6.554334,32.59,62.20932405998316,0
43.16,6.559451,32.59,63.06346010171025,0
-124.96,6.5441,32.59,63.06346010171025,0
89.84,6.485254,32.59,62.88083968904996,0
1.71,6.284412,32.61,62.88083968904996,0
31.19,6.28825,32.61,62.88083968904996,0
33.41,6.389311,32.61,63.06346010171025,0
-92.11,6.530028,32.61,63.90618123468183,0
-29.63,6.541542,32.59,62.37788069500277,0
43.79,6.549217,32.59,62.76145313805282,0
-17.4,6.52747,32.59,62.56196927846821,0
55.22,6.530028,32.59,62.88083968904996,0
-75.5,6.481417,32.59,63.39558344238185,0
85.68,6.389311,32.59,62.74551776820397,0
63.09,6.362446,32.59,62.56196927846821,0
-30.39,6.42513,32.59,62.56196927846821,0
-2.77,6.454553,32.59,63.57672530100933,0
-49.95,6.434084,32.59,62.56196927846821,0
-66.15,6.446877,32.59,63.39558344238185,0
-5.47,6.444318,32.59,62.0403094769844,0
69.88,6.422571,32.57,63.39558344238185,0
31.26,6.381635,32.57,62.88083968904996,0
68.35,6.299763,32.57,63.06346010171025,0
21.08,6.336861,32.57,63.06346010171025,0
-39.57,6.462228,32.55,62.56196927846821,0
-48.56,6.453273,32.55,62.56196927846821,0
-33.18,6.487813,32.55,62.37788069500277,0
-36.59,6.482696,32.55,62.71363488110062,0
34.15,6.389311,32.59,62.88083968904996,0
97.73,6.32279,32.59,62.88083968904996,0
9.97,6.423851,32.59,62.88083968904996,0
-45.76,6.449435,32.59,63.06346010171025,0
-78.09,6.437922,32.57,62.37788069500277,0
-53.34,6.462228,32.57,62.71363488110062,0
39.82,6.454553,32.57,63.56099432828282,0
57.18,6.395707,32.57,62.71363488110062,0
33.77,6.306159,32.59,62.71363488110062,0
29.71,6.405941,32.59,63.39558344238185,0
-44.22,6.413616,32.59,62.56196927846821,0
-74.41,6.393148,32.59,62.39390995922599,0
-106.29,6.33814,32.59,62.39390995922599,0
52.16,6.251152,32.59,62.39390995922599,0
175.92,6.295925,32.59,63.229739838148944,0
-19.31,6.347095,32.59,62.71363488110062,0
-18.93,6.37268,32.59,62.88083968904996,0
-59.99,6.361167,32.59,62.71363488110062,0
-103.12,6.37396,32.59,62.71363488110062,0
90.87,6.37396,32.59,62.71363488110062,0
25.54,6.381635,32.59,62.88083968904996,0
-7.08,6.37396,32.59,63.72597586541927,0
79.9,6.341979,32.59,63.56099432828282,0
93.83,6.37396,32.59,63.2771680782255,0
-21.33,6.426409,32.59,62.71363488110062,0
-62.66,6.404662,32.59,63.229739838148944,0
-94.06,6.329186,32.59,63.229739838148944,0
-65.09,6.30488,32.59,63.229739838148944,0
81.65,6.299763,32.59,62.56196927846821,0
75.89,6.340699,32.59,62.56196927846821,0
-24.14,6.37268,32.59,62.71363488110062,0
-33.23,6.358609,32.59,62.88083968904996,0
39.49,6.358609,32.59,62.71363488110062,0
67.0,6.330465,32.59,62.71363488110062,0
90.07,6.308718,32.59,62.71363488110062,0
-77.65,6.313835,32.59,62.56196927846821,0
-28.94,6.371401,32.57,63.56099432828282,0
-44.15,6.365005,32.57,62.71363488110062,0
-28.56,6.350933,32.57,62.71363488110062,0
-35.69,6.320231,32.57,62.71363488110062,0
97.12,6.292088,32.59,62.71363488110062,0
54.66,6.247314,32.59,63.56099432828282,0
-64.41,6.228125,32.59,63.56099432828282,0
39.78,6.189747,32.59,62.56196927846821,0
-13.83,6.182072,32.61,62.42595614005443,0
-36.87,6.229404,32.61,63.41135544995076,0
-6.55,6.272899,32.61,62.71363488110062,0
-1.79,6.266502,32.61,62.20932405998316,0
16.8,6.242197,32.59,62.56196927846821,0
57.54,6.252431,32.59,62.42595614005443,0
12.01,6.265223,32.59,63.2771680782255,0
-60.66,6.260106,32.59,62.42595614005443,0
-95.51,6.23708,32.57,62.94441992742486,0
-68.6,6.21917,32.57,62.94441992742486,0
85.17,6.210216,32.57,62.94441992742486,0
54.15,6.216612,32.57,62.30569797378086,0
28.51,6.248593,32.59,62.94441992742486,0
117.7,6.249872,32.59,62.56196927846821,0
-86.85,6.240918,32.59,63.41135544995076,0
-76.95,6.21917,32.59,63.41135544995076,0
9.11,6.226846,32.61,62.56196927846821,0
21.28,6.20254,32.61,62.56196927846821,0
-24.06,6.240918,32.61,62.71363488110062,0
6.72,6.234521,32.61,63.56099432828282,0
13.27,6.240918,32.59,62.71363488110062,0
6.71,6.23708,32.59,62.71363488110062,0
3.99,6.267782,32.59,62.56196927846821,0
3.05,6.283133,32.59,62.56196927846821,0
-3.35,6.293367,32.59,62.56196927846821,0
-5.79,6.289529,32.59,63.41135544995076,0
-8.16,6.281854,32.59,62.56196927846821,0
2.71,6.284412,32.59,63.41135544995076,0
1.39,6.283133,32.59,63.41135544995076,0
-8.25,6.271619,32.59,62.56196927846821,0
6.65,6.275457,32.59,62.56196927846821,0
3.41,6.271619,32.59,62.71363488110062,0
-5.37,6.281854,32.57,62.71363488110062,0
14.87,6.284412,32.57,62.71363488110062,0
42.58,6.285691,32.57,63.41135544995076,0
20.26,6.289529,32.57,62.56196927846821,0
30.01,6.302321,32.57,63.56099432828282,0
18.79,6.284412,32.57,62.56196927846821,0
-17.97,6.284412,32.57,63.2771680782255,0
-58.03,6.271619,32.57,63.2771680782255,0
-43.86,6.283133,32.57,63.41135544995076,0
-62.22,6.248593,32.57,62.71363488110062,0
-97.88,6.246035,32.57,62.71363488110062,0
-75.88,6.244755,32.57,62.056425936400814,0
152.51,6.263944,32.57,62.91263784010332,0
28.24,6.283133,32.57,63.41135544995076,0
29.25,6.283133,32.57,62.77738446287803,0
42.84,6.278016,32.57,62.65780079128216,0
-16.69,6.298484,32.59,62.91263784010332,0
-67.86,6.301042,32.59,62.91263784010332,0
-67.06,6.294646,32.59,62.91263784010332,0
-24.25,6.299763,32.59,63.06346010171025,0
134.98,6.302321,32.59,63.63961030678928,0
155.89,6.303601,32.59,62.65780079128216,0
-41.73,6.30488,32.59,62.91263784010332,0
-84.87,6.313835,32.59,62.56196927846821,0
-69.78,6.317673,32.57,62.91263784010332,0
-8.35,6.326627,32.57,62.77738446287803,0
151.27,6.324069,32.57,63.03967004989794,0
-11.43,6.329186,32.57,62.93647591023825,0
-7.23,6.306159,32.57,62.55397669213365,0
-34.01,6.301042,32.57,62.91263784010332,0
-40.25,6.234521,32.57,63.06346010171025,0
72.94,6.242197,32.57,63.06346010171025,0
12.13,6.233242,32.57,63.06346010171025,0
-8.34,6.256269,32.57,62.91263784010332,0
29.28,6.266502,32.57,63.63961030678928,0
16.8,6.226846,32.57,63.63961030678928,0
-5.03,6.229404,32.57,63.06346010171025,0
-38.79,6.271619,32.57,63.06346010171025,0
-97.76,6.258827,32.57,63.06346010171025,0
-26.88,6.283133,32.57,61.91930232165088,0
171.98,6.281854,32.57,62.77738446287803,0
27.65,6.329186,32.57,62.77738446287803,0
-15.39,6.326627,32.57,62.91263784010332,0
-111.69,6.348374,32.57,62.91263784010332,0
-109.53,6.363726,32.59,62.77738446287803,0
69.78,6.395707,32.59,62.77738446287803,0
69.01,6.398265,32.59,63.29296959378664,0
-38.67,6.39059,32.59,63.06346010171025,0
-68.21,6.380356,32.59,62.42595614005443,0
-34.29,6.393148,32.59,62.289646009589745,0
94.93,6.389311,32.59,62.55397669213365,0
78.53,6.376518,32.59,62.77738446287803,0
-38.88,6.365005,32.57,63.773035054010094,0
-76.43,6.380356,32.57,62.16912416947821,0
-2.36,6.376518,32.57,63.03967004989794,0
101.34,6.367563,32.57,62.77738446287803,0
-61.97,6.341979,32.59,62.42595614005443,0
-84.65,6.35605,32.59,63.03967004989794,0
45.85,6.358609,32.59,63.03967004989794,0
275.38,6.354771,32.59,62.77738446287803,0
-175.76,6.330465,32.57,62.289646009589745,0
-76.51,6.367563,32.57,62.0644825967316,0
41.27,6.361167,32.57,63.15853069855251,0
117.31,6.357329,32.57,62.42595614005443,0
-55.45,6.352212,32.57,63.03967004989794,0
-60.03,6.370122,32.57,63.29296959378664,0
65.17,6.354771,32.57,62.289646009589745,0
-21.92,6.349654,32.57,62.65780079128216,0
-84.5,6.348374,32.59,63.15853069855251,0
11.85,6.348374,32.59,62.55397669213365,0
18.69,6.357329,32.59,61.90315016216864,0
-54.49,6.354771,32.59,62.849025449882674,0
105.65,6.334303,32.59,62.465990746965666,0
-43.72,6.309997,32.59,62.39390995922599,0
15.07,6.28825,32.59,62.8410693734599,0
211.71,6.279295,32.59,64.21059102671458,0
-153.77,6.257548,32.59,62.72160712226688,0
-30.01,6.271619,32.59,63.05553108173778,0
73.98,6.279295,32.59,63.48228099241551,0
49.0,6.279295,32.59,62.39390995922599,0
10.31,6.313835,32.59,62.849025449882674,0
-53.46,6.333024,32.59,63.26136261573884,0
-64.07,6.316393,32.59,62.465990746965666,0
10.97,6.336861,32.59,62.93647591023825,0
30.27,6.353492,32.59,62.68173577685928,0
188.75,6.39059,32.59,62.3377895020348,0
-29.64,6.436643,32.59,61.806148561449774,0
-4.52,6.468624,32.59,62.297672508690084,0
-105.04,6.45839,32.57,62.6418390534633,0
58.46,6.443039,32.57,60.844062980705026,0
-32.58,6.413616,32.57,62.72160712226688,0
13.95,6.42513,32.57,63.166446789415026,0
-18.15,6.443039,32.57,64.03905058634146,0
-17.02,6.443039,32.57,63.655321851358195,0
3.88,6.450715,32.57,62.72160712226688,0
2.3,6.455832,32.57,62.72160712226688,0
-7.39,6.467345,32.57,62.68173577685928,0
-9.36,6.472462,32.57,61.74949392505172,0
15.09,6.469903,32.57,62.24949798994366,0
-12.82,6.446877,32.57,64.07807737440318,0
17.96,6.417454,32.59,60.76183012385325,0
-24.21,6.317673,32.59,67.68308503607086,0
-83.46,6.226846,32.59,61.424750711744856,0
20.28,6.325348,32.59,64.21059102671458,0
111.26,6.347095,32.59,62.505999712027645,0
-54.22,6.35605,32.59,63.166446789415026,0
62.9,6.348374,32.59,62.96824596572466,0
-14.07,6.354771,32.59,61.53048025166064,0
-36.66,6.35605,32.55,61.66036003787198,0
-15.19,6.33814,32.55,63.03967004989794,0
14.21,6.284412,32.55,62.505999712027645,0
14.51,6.298484,32.55,62.465990746965666,0
-5.47,6.316393,32.57,62.96824596572466,0
0.62,6.318952,32.57,62.465990746965666,0
10.47,6.324069,32.57,62.96824596572466,0
-3.39,6.311276,32.57,62.465990746965666,0
-2.36,6.318952,32.57,62.465990746965666,0
4.7,6.317673,32.57,62.55397669213365,0
7.92,6.30488,32.57,62.55397669213365,0
-5.8,6.281854,32.57,63.05553108173778,0
5.93,6.260106,32.53,63.15853069855251,0
8.13,6.231963,32.53,62.55397669213365,0
4.61,6.233242,32.53,62.55397669213365,0
-6.74,6.196144,32.53,63.15853069855251,0
5.97,6.155208,32.53,63.15853069855251,0
6.45,6.107875,32.53,62.42595614005443,0
3.76,6.056705,32.53,63.2771680782255,0
-16.53,6.057984,32.53,59.57348403442592,0
8.54,6.055426,32.53,62.465990746965666,0
7.85,6.216612,32.53,63.26136261573884,0
-21.05,6.128344,32.53,63.82789358893179,0
20.9,5.972275,32.53,61.587336360651285,0
21.62,6.072056,32.5,59.70762095411272,0
-6.99,6.063102,32.5,76.75285010994706,0
9.71,6.040075,32.5,116.11201488218177,0
-33.96,6.32279,32.5,39.67366884975475,0
16.78,6.411058,32.53,60.4979338490167,0
-47.85,6.414896,32.53,67.83067152844649,0
38.3,6.44176,32.53,60.860496218811754,0
-9.17,6.454553,32.53,60.64651680022522,0
3.14,6.471183,32.5,94.99473669630333,0
-10.58,6.487813,32.5,70.90133990271269,0
-13.29,6.480137,32.5,63.60031446463138,0
19.51,6.483975,32.5,73.15736463268753,0
7.26,6.498047,32.49,72.72551134230683,0
-0.18,6.507002,32.49,58.29236656715869,0
15.98,6.52747,32.49,63.474404290233394,0
-19.92,6.531308,32.49,57.4978260458602,0
23.78,6.547938,32.49,72.84229540589725,0
34.01,6.572244,32.49,63.0,0
50.87,6.587595,32.49,63.7808748764079,0
-71.4,6.573523,32.49,62.63385665915839,0
-19.1,6.576081,32.53,63.26926584053272,0
-30.65,6.576081,32.53,62.78534860936905,0
29.86,6.577361,32.53,63.095166217389426,0
-10.87,6.572244,32.53,62.95236294214857,0
-8.62,6.576081,32.5,62.95236294214857,0
0.05,6.568406,32.5,63.13477647065839,0
10.36,6.569685,32.5,62.51399843235114,0
1.35,6.573523,32.5,63.33245613427605,0
8.46,6.609342,32.49,63.54525946126902,0
2.48,6.625972,32.49,60.14149981501958,0
-1.27,6.678421,32.49,62.976185975335156,0
-3.9,6.678421,32.49,61.773780845922005,0
8.18,6.675863,32.53,63.773035054010094,0
14.22,6.652836,32.53,69.46941773183363,0
-4.72,6.57864,32.53,53.4696175411794,0
-3.46,6.553055,32.53,61.1310068623117,0
14.26,6.540262,32.5,74.06753674856482,0
-23.59,6.559451,32.5,56.97367813297646,0
38.99,6.665629,32.5,66.12866246946176,0
-98.23,6.881823,32.5,62.5939294181153,0
112.3,6.614459,32.49,63.89053137985315,0
0.19,6.599108,32.49,61.587336360651285,0
34.73,6.605504,32.49,62.41794613730894,0
-109.65,6.606783,32.49,68.62215385719105,0
22.55,6.569685,32.53,65.92419889539804,0
117.94,6.650278,32.53,62.56196927846821,0
21.5,6.689935,32.53,67.38694235532579,0
-10.21,6.661791,32.53,64.2339474110069,0
10.47,6.64644,32.53,64.51356446515724,0
-17.61,6.631089,32.53,63.984373092185564,0
-14.73,6.617017,32.53,53.49766350038102,0
64.41,6.633647,32.53,65.31462317123173,0
-128.43,6.614459,32.5,61.237243569579455,0
-105.41,6.620855,32.5,63.06346010171025,0
13.17,6.605504,32.5,61.47357155721473,0
30.08,6.590153,32.5,67.63135367564367,0
-21.19,6.591433,32.5,61.02458520956943,0
10.96,6.609342,32.5,62.37788069500277,0
64.03,6.56073,32.5,66.40030120413611,0
81.96,6.604225,32.5,60.44832503882965,0
63.89,6.673305,32.53,53.150729063673246,0
-9.29,6.727033,32.53,39.102429592034305,0
113.6,6.939389,32.53,64.52131430775415,0
135.06,6.343257,32.53,66.34003316248794,0
-52.65,6.514677,32.53,59.27900134111572,0
-84.46,6.582478,32.53,65.28399497579785,0
-332.73,6.546659,32.53,59.62382074305537,0
291.5,6.600387,32.53,79.25276020429824,0
123.9,6.610621,32.53,62.80923498976882,0
63.04,6.547938,32.53,56.71860364994893,0
16.25,6.545379,32.53,77.51773990513398,0
3.11,6.654116,32.53,45.39823785126467,0
-0.74,6.602946,32.55,71.2320152740325,0
-106.89,6.550496,32.55,66.88049042882386,0
7.78,6.541542,32.55,64.07027391856539,0
-208.03,6.52747,32.55,59.0,0
0.52,6.540262,32.5,63.7102817447859,0
163.43,6.614459,32.5,60.8276253029822,0
-62.87,6.985442,32.5,70.69653456853455,0
-22.17,7.030924,32.5,67.1863081289633,0
143.33,6.723904,32.5,65.13063795173512,0
306.05,7.091049,32.5,51.54609587543949,0
-188.48,6.895324,32.5,63.51377803280167,0
-241.83,7.001502,32.5,63.324560795950255,0
-2.03,7.080815,32.53,63.06346010171025,0
-61.76,7.069302,32.53,63.06346010171025,0
-150.94,7.041158,32.53,63.324560795950255,0
124.7,7.021969,32.53,63.06346010171025,0
-8.24,7.030924,32.49,64.01562309311689,0
12.25,7.039879,32.49,63.245553203367585,0
7.24,7.025807,32.49,63.245553203367585,0
-7.33,7.010456,32.49,63.06346010171025,0
46.81,7.005339,32.49,63.245553203367585,0
-3.77,6.998943,32.49,62.297672508690084,0
-15.54,7.001502,32.49,62.297672508690084,0
-25.44,7.001502,32.49,63.245553203367585,0
-5.49,6.996384,32.49,63.324560795950255,0
16.97,6.988709,32.49,63.50590523722971,0
15.01,6.98743,32.49,62.297672508690084,0
-8.14,6.982313,32.49,63.50590523722971,0
10.98,6.983592,32.49,62.56196927846821,0
19.58,6.977196,32.49,63.7808748764079,0
4.53,6.961844,32.49,66.34003316248794,0
-17.73,6.828803,32.49,63.51377803280167,0
23.65,6.702157,32.47,73.1983606373804,0
41.51,6.566556,32.47,69.8426803609369,0
7.45,6.579349,32.47,63.835726674018524,0
-58.71,6.57679,32.47,62.93647591023825,0
85.83,6.595979,32.49,62.93647591023825,0
-12.79,6.588303,32.49,64.02343321003646,0
-25.53,6.606213,32.49,63.03967004989794,0
-8.69,6.598537,32.49,63.03967004989794,0
12.39,6.620285,32.49,63.190189111918315,0
4.96,6.613888,32.49,63.03967004989794,0
-12.26,6.631798,32.49,63.190189111918315,0
10.15,6.625401,32.49,62.20932405998316,0
11.67,6.64587,32.49,62.32976816898969,0
1.29,6.653545,32.49,63.4428877022476,0
-17.66,6.649707,32.49,62.617888817813075,0
30.22,6.64459,32.49,62.617888817813075,0
14.97,6.642032,32.49,65.70388116390082,0
-16.08,6.682968,32.49,53.319789947073126,0
-39.69,6.682968,32.49,55.18151864528558,0
25.34,6.634356,32.49,63.92182725798755,0
99.77,6.610051,32.49,63.03967004989794,0
-44.25,6.587024,32.49,66.30987860040162,0
-126.02,6.549926,32.49,64.01562309311689,0
10.03,6.546088,32.49,63.25345840347388,0
15.69,6.524341,32.49,63.37191807101944,0
11.37,6.615168,32.49,67.07458535093602,0
21.37,6.529458,32.49,61.862751312886175,0
15.01,6.50899,32.49,63.85922016435841,0
30.71,6.515386,32.5,62.37788069500277,0
37.25,6.520503,32.5,60.67948582511226,0
-6.46,6.520503,32.5,63.150613615387776,0
35.2,6.54353,32.5,66.29479617586888,0
-7.75,6.584466,32.49,64.07807737440318,0
-94.93,6.539691,32.49,63.0,0
-35.83,6.597258,32.49,63.53739056650029,0
92.59,6.656104,32.49,62.95236294214857,0
-206.63,6.666337,32.49,61.90315016216864,0
-56.56,6.676571,32.49,62.49799996799898,0
80.44,6.707273,32.49,62.76145313805282,0
128.28,6.716228,32.49,62.49799996799898,0
-15.33,6.714949,32.5,64.19501538281614,0
0.19,6.708553,32.5,66.76076692189807,0
8.82,6.874856,32.5,64.5445582524197,0
6.49,6.961844,32.5,71.20393247567159,0
55.81,6.977196,32.5,56.789083458002736,0
122.15,7.028366,32.5,64.85368146836385,0
-194.35,7.048834,32.5,62.65780079128216,0
-9.8,7.014294,32.5,72.17340230306452,0
-32.75,7.032203,32.5,84.21995013059554,0
-39.43,6.973358,32.5,61.171888968708494,0
68.78,6.964403,32.5,63.92182725798755,0
-26.87,6.928584,32.5,62.63385665915839,0
-103.23,6.924747,32.49,62.78534860936905,0
-89.76,6.928584,32.49,62.63385665915839,0
147.38,6.927305,32.49,62.49799996799898,0
-8.17,6.892765,32.49,62.63385665915839,0
20.28,6.914512,32.49,62.68173577685928,0
-36.22,6.917071,32.49,62.81719509815764,0
19.84,6.929863,32.49,62.78534860936905,0
21.04,6.927305,32.49,61.70899448216605,0
-15.11,6.923467,32.49,64.45153217728807,0
-40.73,6.922188,32.49,62.465990746965666,0
22.25,6.913233,32.49,63.474404290233394,0
19.51,6.923467,32.49,62.68173577685928,0
-8.41,6.920908,32.49,62.68173577685928,0
10.07,6.924747,32.49,62.68173577685928,0
15.15,6.910675,32.49,62.68173577685928,0
11.91,6.915792,32.49,62.81719509815764,0
-6.88,6.909395,32.49,62.68173577685928,0
17.03,6.914512,32.49,62.68173577685928,0
11.57,6.914512,32.49,63.474404290233394,0
-0.44,6.913233,32.49,63.4428877022476,0
-2.53,6.910675,32.47,63.474404290233394,0
8.76,6.911954,32.47,65.26867548832288,0
-0.95,7.02069,32.47,63.4428877022476,0
0.46,7.060347,32.47,63.324560795950255,0
13.19,7.011735,32.49,63.0,0
31.24,6.984871,32.49,63.4428877022476,0
46.81,6.981033,32.49,63.4428877022476,0
-36.92,6.970799,32.49,62.76145313805282,0
-33.34,6.968241,32.47,63.245553203367585,0
-36.34,6.966961,32.47,63.0,0
-17.7,6.966961,32.47,63.198101237299845,0
-7.9,6.960566,32.47,62.76941930590086,0
-23.81,6.956728,32.47,62.81719509815764,0
-10.01,6.958007,32.47,62.297672508690084,0
21.44,6.981033,32.47,62.297672508690084,0
7.3,6.96952,32.47,63.0,0
32.43,6.954169,32.47,63.0,0
80.95,6.964403,32.47,62.76941930590086,0
-66.41,6.975916,32.47,62.55397669213365,0
-84.04,6.958007,32.47,62.76941930590086,0
-32.76,6.949052,32.49,62.76941930590086,0
31.56,6.954169,32.49,62.76941930590086,0
3.89,6.95289,32.49,62.76941930590086,0
-30.31,6.958007,32.49,62.76941930590086,0
-15.86,6.961844,32.47,62.76941930590086,0
15.98,6.960566,32.47,62.76941930590086,0
13.85,6.963124,32.47,62.55397669213365,0
-6.87,6.950331,32.47,62.76941930590086,0
10.12,6.959286,32.47,62.55397669213365,0
13.59,6.954169,32.47,62.55397669213365,0
2.84,6.947773,32.47,62.55397669213365,0
0.49,6.941377,32.47,62.55397669213365,0
11.67,6.942656,32.45,62.76941930590086,0
-0.67,6.938818,32.45,62.55397669213365,0
-12.35,6.93626,32.45,62.369864518050704,0
7.79,6.942656,32.45,62.55397669213365,0
16.29,6.940097,32.47,62.55397669213365,0
6.68,6.95289,32.47,62.55397669213365,0
-5.94,6.961844,32.47,63.33245613427605,0
-6.32,6.956728,32.47,63.54525946126902,0
22.51,6.933701,32.45,62.5859409132754,0
42.44,6.920908,32.45,62.81719509815764,0
-0.37,6.888927,32.45,63.33245613427605,0
-34.74,6.910675,32.45,63.33245613427605,0
-31.13,6.899161,32.47,62.369864518050704,0
-0.44,6.894044,32.47,62.55397669213365,0
0.78,6.90172,32.47,62.55397669213365,0
-13.05,6.91835,32.47,63.51377803280167,0
-12.06,6.93498,32.47,62.55397669213365,0
-15.09,6.946494,32.47,62.55397669213365,0
-7.75,6.964403,32.47,62.55397669213365,0
8.3,6.972079,32.47,62.55397669213365,0
7.45,6.978475,32.45,62.369864518050704,0
-11.55,6.979754,32.45,63.51377803280167,0
-0.75,6.973358,32.45,62.5859409132754,0
9.85,6.964403,32.45,63.198101237299845,0
1.46,6.955448,32.45,62.24949798994366,0
11.77,6.96952,32.45,62.465990746965666,0
0.47,6.959286,32.45,62.465990746965666,0
-18.5,6.96952,32.45,63.198101237299845,0
18.04,6.961844,32.49,63.198101237299845,0
19.78,6.988709,32.49,62.96824596572466,0
7.8,6.991267,32.49,62.55397669213365,0
-11.65,7.005339,32.49,62.75348595894893,0
-12.22,7.001502,32.47,62.55397669213365,0
8.81,7.00278,32.47,62.75348595894893,0
4.82,6.991267,32.47,62.75348595894893,0
0.68,6.991267,32.47,62.55397669213365,0
1.26,6.98743,32.45,62.55397669213365,0
9.32,6.982313,32.45,62.55397669213365,0
6.87,6.972079,32.45,62.55397669213365,0
-2.72,6.958007,32.45,62.55397669213365,0
-6.27,6.956728,32.47,62.55397669213365,0
-5.1,6.961844,32.47,63.51377803280167,0
4.35,6.945214,32.47,62.55397669213365,0
-0.41,6.947773,32.47,62.55397669213365,0
-0.1,6.937539,32.47,62.55397669213365,0
-7.12,6.943935,32.47,62.55397669213365,0
-8.74,6.928584,32.47,62.76941930590086,0
7.37,6.940097,32.47,62.55397669213365,0
-2.46,6.926025,32.45,62.55397669213365,0
-3.18,6.937539,32.45,62.76941930590086,0
-4.99,6.917071,32.45,62.01612693485461,0
4.17,6.942656,32.45,62.76941930590086,0
8.17,6.93498,32.45,62.76941930590086,0
4.17,6.937539,32.45,62.96824596572466,0
3.26,6.924747,32.45,62.76941930590086,0
24.49,6.937539,32.45,63.54525946126902,0
-20.16,6.923467,32.49,63.72597586541927,0
-18.88,6.931142,32.49,62.76941930590086,0
-1.02,6.929863,32.49,62.76941930590086,0
27.17,6.932422,32.49,62.76941930590086,0
-4.58,6.920908,32.47,62.55397669213365,0
-11.85,6.91835,32.47,62.76941930590086,0
-17.08,6.911954,32.47,62.76941930590086,0
4.58,6.917071,32.47,62.76941930590086,0
-11.84,6.90172,32.47,62.55397669213365,0
-9.62,6.902999,32.47,62.55397669213365,0
2.32,6.905558,32.47,62.55397669213365,0
-9.21,6.910675,32.47,62.55397669213365,0
30.61,6.910675,32.45,62.55397669213365,0
32.42,6.928584,32.45,62.55397669213365,0
8.83,6.91835,32.45,62.55397669213365,0
-13.42,6.924747,32.45,63.51377803280167,0
-17.76,6.911954,32.47,62.55397669213365,0
14.25,6.931142,32.47,62.55397669213365,0
9.05,6.919629,32.47,62.55397669213365,0
-12.43,6.91835,32.47,62.55397669213365,0
24.68,6.911954,32.47,62.55397669213365,0
19.82,6.91835,32.47,62.55397669213365,0
-0.93,6.90172,32.47,62.55397669213365,0
-28.84,6.908116,32.47,62.55397669213365,0
15.01,6.905558,32.45,62.76941930590086,0
12.64,6.910675,32.45,62.55397669213365,0
-3.36,6.895324,32.45,62.76941930590086,0
-25.54,6.899161,32.45,62.76941930590086,0
7.82,6.890206,32.45,62.55397669213365,0
12.36,6.896603,32.45,62.55397669213365,0
-3.92,6.88381,32.45,62.55397669213365,0
-34.03,6.892765,32.45,62.55397669213365,0
9.28,6.88381,32.49,62.55397669213365,0
16.16,6.926025,32.49,62.76941930590086,0
4.2,6.868459,32.49,62.01612693485461,0
-2.32,6.891486,32.49,63.198101237299845,0
38.81,6.888927,32.45,63.0,0
7.2,6.892765,32.45,62.76941930590086,0
-27.99,6.860784,32.45,62.76941930590086,0
-27.96,6.872297,32.45,62.76941930590086,0
-16.37,6.864622,32.49,62.81719509815764,0
-0.56,6.877414,32.49,62.76941930590086,0
3.67,6.864622,32.49,62.76941930590086,0
-6.74,6.869739,32.49,62.76941930590086,0
-4.53,6.862063,32.45,62.81719509815764,0
11.71,6.86718,32.45,62.5859409132754,0
9.18,6.862063,32.45,63.51377803280167,0
1.74,6.858225,32.45,62.369864518050704,0
-14.57,6.847991,32.45,62.55397669213365,0
17.4,6.846712,32.45,63.51377803280167,0
-3.62,6.841595,32.45,62.55397669213365,0
-8.8,6.83392,32.45,62.369864518050704,0
-7.58,6.836478,32.45,63.33245613427605,0
9.94,6.859505,32.45,63.33245613427605,0
23.47,6.809614,32.45,47.02127178203499,0
47.06,6.894044,32.45,71.54019849007969,0
41.51,7.033483,32.45,65.6505902486794,0
-2.55,7.041158,32.45,63.702433234531945,0
-197.91,7.019411,32.45,57.532599454570104,0
74.84,6.966961,32.45,61.587336360651285,0
151.79,6.863342,32.45,60.315835400000886,0
36.69,6.879972,32.45,82.37718130647589,0
-56.97,6.762281,32.45,66.17401302626281,0
8.73,6.794263,32.45,68.9492567037528,0
65.26,6.773795,32.47,65.46754921333164,0
27.17,6.737976,32.47,63.686733312362634,0
-24.69,6.757164,32.47,60.199667773169644,0
-217.13,6.778912,32.47,62.80127387243033,0
-33.97,6.777632,32.47,64.28841264178172,0
25.93,6.78147,32.47,61.644140029689765,0
120.62,6.761002,32.47,66.64082832618455,0
34.11,6.796821,32.47,62.49799996799898,0
7.25,6.761002,32.45,63.13477647065839,0
73.93,6.865901,32.45,54.79963503528103,0
146.29,6.767398,32.45,64.50581369148055,0
-10.94,6.709832,32.45,68.60757975617562,0
96.22,6.736696,32.45,61.47357155721473,0
-185.26,6.768678,32.45,65.49045732013177,0
-185.94,6.723904,32.45,61.26173356998641,0
-85.03,6.71367,32.45,61.84658438426491,0
55.14,6.686806,32.43,64.91532946846992,0
-27.95,6.663779,32.43,65.13063795173512,0
-53.39,6.489801,32.43,69.36137253543934,0
22.29,6.359317,32.43,62.23343153000644,0
2.42,6.389311,32.45,62.82515419798029,0
166.79,6.467345,32.45,63.51377803280167,0
-55.56,6.437922,32.45,60.8276253029822,0
-19.3,6.522353,32.45,66.61080993352356,0
132.61,6.531308,32.43,65.12296062065974,0
-29.53,6.538983,32.43,63.13477647065839,0
82.44,6.532587,32.43,60.44832503882965,0
8.86,6.519794,32.43,63.796551630946325,0
-274.5,6.4763,32.45,65.06919393998976,0
6.32,6.487813,32.45,62.048368229954285,0
17.28,6.486534,32.45,62.49799996799898,0
9.25,6.668188,32.45,64.56779382943171,0
73.43,6.633647,32.45,61.99193495931547,0
26.68,6.446877,32.45,61.85466837676846,0
-56.74,6.376518,32.45,62.74551776820397,0
-54.95,6.448156,32.45,59.648973168026956,0
-78.06,6.443039,32.45,65.83312236253116,0
65.1,6.627252,32.45,64.17164482853778,0
25.75,6.807626,32.45,63.56886030125127,0
-29.28,6.843445,32.45,63.48228099241551,0
79.62,6.76669,32.45,64.15605972938177,0
42.47,6.744943,32.45,68.33008122342603,0
-0.93,6.669466,32.45,61.08191221630181,0
-59.1,6.457111,32.45,60.166435825965294,0
-17.39,6.45967,32.45,61.424750711744856,0
9.0,6.421292,32.45,66.43794096749237,0
-50.78,6.448156,32.45,65.06919393998976,0
52.66,6.462228,32.45,63.33245613427605,0
171.87,6.432805,32.43,63.54525946126902,0
-184.44,6.432805,32.43,64.51356446515724,0
-19.81,6.416175,32.43,61.98386886924694,0
77.6,6.428967,32.43,62.88083968904996,0
29.73,6.496768,32.45,63.229739838148944,0
19.24,6.391869,32.45,62.16912416947821,0
119.48,6.395707,32.45,62.16912416947821,0
-99.59,6.381635,32.45,62.95236294214857,0
-13.93,6.384193,32.43,62.96824596572466,0
9.27,6.375239,32.43,62.95236294214857,0
-15.86,6.376518,32.43,63.13477647065839,0
-48.02,6.37268,32.43,62.95236294214857,0
15.37,6.370122,32.45,62.95236294214857,0
15.35,6.368843,32.45,62.78534860936905,0
0.31,6.363726,32.45,62.95236294214857,0
-24.81,6.359888,32.45,62.95236294214857,0
13.18,6.358609,32.43,63.13477647065839,0
14.38,6.358609,32.43,62.95236294214857,0
-3.74,6.357329,32.43,62.16912416947821,0
-4.47,6.349654,32.43,62.95236294214857,0
15.5,6.352212,32.43,63.93746945258312,0
12.44,6.353492,32.43,62.95236294214857,0
-23.2,6.354771,32.43,62.95236294214857,0
5.71,6.354771,32.43,63.13477647065839,0
-16.58,6.353492,32.43,62.78534860936905,0
-26.1,6.347095,32.43,63.93746945258312,0
8.06,6.353492,32.43,63.13477647065839,0
6.36,6.353492,32.43,62.0,0
-6.23,6.381635,32.45,62.78534860936905,0
2.72,6.363726,32.45,61.204574992397426,0
-4.8,6.363726,32.45,62.78534860936905,0
-17.17,6.371401,32.45,62.95236294214857,0
-27.24,6.366284,32.43,61.98386886924694,0
34.76,6.370122,32.43,62.95236294214857,0
43.7,6.368843,32.43,62.78534860936905,0
-35.11,6.371401,32.43,62.95236294214857,0
9.65,6.362446,32.41,62.95236294214857,0
3.11,6.37396,32.41,62.95236294214857,0
-3.72,6.370122,32.41,62.95236294214857,0
9.18,6.362446,32.41,62.95236294214857,0
9.34,6.362446,32.43,63.13477647065839,0
0.15,6.354771,32.43,63.13477647065839,0
12.7,6.358609,32.43,63.33245613427605,0
2.76,6.353492,32.43,63.33245613427605,0
-9.94,6.357329,32.41,63.33245613427605,0
13.97,6.358609,32.41,63.72597586541927,0
5.11,6.357329,32.41,63.33245613427605,0
-6.17,6.350933,32.41,62.369864518050704,0
6.2,6.354771,32.41,63.33245613427605,0
-1.95,6.354771,32.41,63.33245613427605,0
4.27,6.352212,32.41,62.16912416947821,0
-1.12,6.353492,32.41,63.13477647065839,0
-7.01,6.349654,32.43,63.13477647065839,0
6.25,6.348374,32.43,63.13477647065839,0
0.44,6.348374,32.43,62.16912416947821,0
-4.19,6.344537,32.43,63.31666447310692,0
-9.1,6.343257,32.41,63.31666447310692,0
8.5,6.336861,32.41,63.13477647065839,0
1.9,6.330465,32.41,63.13477647065839,0
-0.74,6.334303,32.41,62.95236294214857,0
-4.54,6.335582,32.39,63.13477647065839,0
2.86,6.334303,32.39,63.31666447310692,0
3.94,6.343257,32.39,62.16912416947821,0
-1.25,6.345816,32.39,63.13477647065839,0
-8.56,6.350933,32.39,62.16912416947821,0
4.87,6.329186,32.39,63.13477647065839,0
1.46,6.335582,32.39,63.33245613427605,0
10.24,6.329186,32.39,63.13477647065839,0
2.44,6.334303,32.39,63.31666447310692,0
-2.06,6.32151,32.39,63.51377803280167,0
3.22,6.333024,32.39,63.51377803280167,0
7.74,6.32151,32.39,63.51377803280167,0
-35.43,6.329186,32.37,62.369864518050704,0
2.31,6.318952,32.37,62.55397669213365,0
-1.64,6.32151,32.37,63.31666447310692,0
-7.42,6.320231,32.37,62.16912416947821,0
4.68,6.331744,32.37,62.95236294214857,0
8.07,6.343257,32.37,62.95236294214857,0
-6.75,6.361167,32.37,63.166446789415026,0
3.35,6.367563,32.37,63.166446789415026,0
9.61,6.371401,32.34,63.93746945258312,0
3.11,6.352212,32.34,62.95236294214857,0
2.8,6.326627,32.34,62.16912416947821,0
1.45,6.343257,32.34,63.13477647065839,0
5.21,6.365005,32.37,63.13477647065839,0
-9.44,6.361167,32.37,63.13477647065839,0
8.84,6.381635,32.37,63.31666447310692,0
-6.11,6.377798,32.37,62.95236294214857,0
7.8,6.393148,32.34,61.98386886924694,0
-2.21,6.39059,32.34,62.353829072479584,0
-6.66,6.405941,32.34,63.31666447310692,0
4.81,6.39059,32.34,62.353829072479584,0
-1.94,6.414896,32.37,63.31666447310692,0
-2.38,6.416175,32.37,62.55397669213365,0
3.42,6.416175,32.37,63.31666447310692,0
-1.23,6.408499,32.37,63.31666447310692,0
-5.58,6.412337,32.37,63.31666447310692,0
4.37,6.403382,32.37,63.31666447310692,0
2.23,6.400824,32.37,62.353829072479584,0
-1.05,6.396986,32.37,62.353829072479584,0
-7.82,6.389311,32.34,63.31666447310692,0
4.58,6.379076,32.34,62.353829072479584,0
1.12,6.371401,32.34,62.353829072479584,0
-3.07,6.371401,32.34,63.31666447310692,0
-5.35,6.37396,32.33,63.31666447310692,0
0.77,6.368843,32.33,63.31666447310692,0
7.2,6.375239,32.33,63.31666447310692,0
0.88,6.37396,32.33,62.353829072479584,0
-4.04,6.385473,32.33,63.31666447310692,0
1.28,6.398265,32.33,62.353829072479584,0
2.15,6.402103,32.33,63.13477647065839,0
0.77,6.402103,32.33,63.31666447310692,0
-1.54,6.404662,32.31,63.31666447310692,0
-8.14,6.395707,32.31,63.31666447310692,0
1.74,6.405941,32.31,62.353829072479584,0
1.51,6.399545,32.31,63.31666447310692,0
-3.55,6.402103,32.31,63.31666447310692,0
-3.81,6.398265,32.31,62.353829072479584,0
3.22,6.400824,32.31,63.31666447310692,0
3.37,6.399545,32.31,62.353829072479584,0
-4.45,6.399545,32.31,63.31666447310692,0
5.11,6.403382,32.31,63.31666447310692,0
3.05,6.398265,32.31,62.353829072479584,0
1.28,6.393148,32.31,62.353829072479584,0
-5.27,6.381635,32.31,63.31666447310692,0
5.24,6.386752,32.31,63.31666447310692,0
3.85,6.377798,32.31,62.353829072479584,0
-0.12,6.367563,32.31,63.31666447310692,0
-4.88,6.368843,32.31,63.51377803280167,0
3.84,6.358609,32.31,62.353829072479584,0
4.54,6.358609,32.31,62.353829072479584,0
-0.49,6.349654,32.31,62.353829072479584,0
-5.8,6.353492,32.31,62.353829072479584,0
4.23,6.344537,32.31,63.51377803280167,0
3.99,6.347095,32.31,63.31666447310692,0
-0.52,6.330465,32.31,63.31666447310692,0
-5.86,6.353492,32.31,63.13477647065839,0
4.93,6.343257,32.31,63.31666447310692,0
6.22,6.358609,32.31,62.78534860936905,0
0.38,6.349654,32.31,62.96824596572466,0
-7.89,6.365005,32.33,61.66036003787198,0
7.96,6.359888,32.33,62.20128616033595,0
15.31,6.348374,32.33,63.13477647065839,0
33.45,6.347095,32.33,63.13477647065839,0
-51.87,6.344537,32.31,63.13477647065839,0
-3.25,6.33942,32.31,62.96824596572466,0
8.24,6.334303,32.31,63.13477647065839,0
-18.54,6.334303,32.31,62.95236294214857,0
-8.79,6.334303,32.29,63.13477647065839,0
3.04,6.334303,32.29,62.95236294214857,0
5.97,6.333024,32.29,63.13477647065839,0
-4.24,6.334303,32.29,63.13477647065839,0
9.02,6.333024,32.29,63.13477647065839,0
5.68,6.335582,32.29,63.13477647065839,0
1.14,6.340699,32.29,63.13477647065839,0
-11.06,6.336861,32.29,63.13477647065839,0
8.96,6.329186,32.31,62.16912416947821,0
4.45,6.32279,32.31,63.13477647065839,0
-8.52,6.329186,32.31,63.13477647065839,0
-19.1,6.331744,32.31,63.13477647065839,0
12.75,6.330465,32.31,62.95236294214857,0
5.0,6.347095,32.31,61.98386886924694,0
-1.37,6.309997,32.31,62.95236294214857,0
2.86,6.341979,32.31,63.13477647065839,0
5.4,6.344537,32.27,62.95236294214857,0
2.48,6.366284,32.27,62.95236294214857,0
-3.67,6.35605,32.27,63.13477647065839,0
8.77,6.359888,32.27,62.95236294214857,0
9.05,6.345816,32.29,62.16912416947821,0
-1.67,6.357329,32.29,63.13477647065839,0
-2.22,6.347095,32.29,62.95236294214857,0
21.33,6.352212,32.29,62.95236294214857,0
-4.86,6.343257,32.29,63.13477647065839,0
-17.21,6.350933,32.29,62.95236294214857,0
-20.51,6.347095,32.29,62.95236294214857,0
4.39,6.345816,32.29,62.95236294214857,0
4.98,6.344537,32.29,62.95236294214857,0
-0.51,6.340699,32.29,62.95236294214857,0
-12.1,6.33814,32.29,62.95236294214857,0
3.87,6.330465,32.29,63.13477647065839,0
2.29,6.357329,32.27,62.95236294214857,0
8.26,6.368843,32.27,63.93746945258312,0
10.04,6.361167,32.27,63.93746945258312,0
76.97,6.344537,32.27,62.0,0
-11.39,6.335582,32.27,63.13477647065839,0
-66.69,6.335582,32.27,62.95236294214857,0
-44.4,6.329186,32.27,62.96824596572466,0
-38.94,6.33942,32.27,62.96824596572466,0
2.09,6.335582,32.27,62.96824596572466,0
9.51,6.341979,32.27,63.75735251718032,0
-10.03,6.325348,32.27,62.81719509815764,0
17.13,6.330465,32.27,62.88083968904996,0
21.89,6.327907,32.27,63.474404290233394,0
5.86,6.315114,32.27,62.68173577685928,0
-21.49,6.325348,32.27,62.81719509815764,0
8.88,6.32279,32.27,62.81719509815764,0
12.4,6.325348,32.27,62.81719509815764,0
-1.07,6.32279,32.27,62.96824596572466,0
-17.09,6.32279,32.27,62.96824596572466,0
6.36,6.311276,32.27,62.96824596572466,0
6.86,6.311276,32.25,62.96824596572466,0
0.08,6.297204,32.25,62.96824596572466,0
21.29,6.309997,32.25,62.96824596572466,0
27.92,6.301042,32.25,62.96824596572466,0
-10.62,6.306159,32.25,62.78534860936905,0
-28.36,6.299763,32.25,62.96824596572466,0
2.59,6.30488,32.25,62.96824596572466,0
1.49,6.299763,32.25,62.81719509815764,0
-14.77,6.302321,32.25,62.96824596572466,0
-20.18,6.303601,32.25,62.81719509815764,0
6.59,6.302321,32.25,62.81719509815764,0
-0.11,6.294646,32.25,62.81719509815764,0
-9.34,6.298484,32.25,62.63385665915839,0
11.31,6.295925,32.25,62.81719509815764,0
14.57,6.298484,32.25,62.81719509815764,0
-0.27,6.293367,32.25,62.81719509815764,0
-15.17,6.298484,32.25,62.81719509815764,0
12.34,6.293367,32.25,62.96824596572466,0
8.86,6.301042,32.25,62.96824596572466,0
-7.52,6.297204,32.25,62.96824596572466,0
8.18,6.303601,32.25,62.96824596572466,0
10.79,6.297204,32.25,62.96824596572466,0
-0.52,6.301042,32.25,62.96824596572466,0
-13.54,6.285691,32.25,62.78534860936905,0
10.56,6.298484,32.25,62.78534860936905,0
10.26,6.297204,32.25,62.96824596572466,0
-1.34,6.301042,32.25,62.96824596572466,0
-18.43,6.299763,32.25,62.78534860936905,0
6.93,6.301042,32.27,62.96824596572466,0
3.97,6.302321,32.27,62.78534860936905,0
-6.64,6.302321,32.27,62.96824596572466,0
-14.02,6.303601,32.27,62.96824596572466,0
3.98,6.30488,32.25,62.81719509815764,0
3.79,6.303601,32.25,62.63385665915839,0
-6.86,6.295925,32.25,62.81719509815764,0
7.09,6.298484,32.25,62.81719509815764,0
5.5,6.297204,32.25,63.788713735268246,0
-12.81,6.430247,32.25,63.53739056650029,0
0.97,6.311276,32.25,62.49799996799898,0
1.78,6.318952,32.25,61.587336360651285,0
5.44,6.28825,32.25,62.96824596572466,0
57.79,6.302321,32.25,62.96824596572466,0
-62.08,6.266502,32.25,62.63385665915839,0
-42.72,6.298484,32.25,62.81719509815764,0
6.35,6.298484,32.23,62.81719509815764,0
11.99,6.297204,32.23,62.78534860936905,0
19.81,6.295925,32.23,62.78534860936905,0
-17.95,6.297204,32.23,62.78534860936905,0
0.84,6.289529,32.25,62.0,0
0.31,6.318952,32.25,63.984373092185564,0
-7.17,6.311276,32.25,62.88083968904996,0
20.25,6.315114,32.25,62.68173577685928,0
57.82,6.289529,32.23,63.788713735268246,0
-23.9,6.307438,32.23,62.81719509815764,0
-31.45,6.301042,32.23,62.63385665915839,0
-58.17,6.315114,32.23,63.788713735268246,0
8.08,6.293367,32.21,64.6297145282261,0
-0.37,6.309997,32.21,62.56196927846821,0
19.3,6.315114,32.21,63.0158710167526,0
21.36,6.298484,32.21,63.608175575157006,0
24.55,6.299763,32.21,62.96824596572466,0
-50.0,6.307438,32.21,63.75735251718032,0
-0.86,6.303601,32.21,62.465990746965666,0
-26.25,6.302321,32.21,62.78534860936905,0
-8.91,6.295925,32.21,62.63385665915839,0
20.88,6.295925,32.21,62.96824596572466,0
15.09,6.298484,32.21,62.78534860936905,0
0.5,6.28825,32.21,62.78534860936905,0
8.2,6.298484,32.21,62.81719509815764,0
11.49,6.294646,32.21,62.81719509815764,0
5.41,6.293367,32.21,62.63385665915839,0
3.02,6.279295,32.21,63.608175575157006,0
8.06,6.292088,32.21,62.49799996799898,0
5.59,6.279295,32.21,62.81719509815764,0
-16.87,6.290808,32.21,62.81719509815764,0
7.7,6.284412,32.21,62.78534860936905,0
3.8,6.290808,32.18,62.78534860936905,0
-11.89,6.278016,32.18,62.78534860936905,0
4.75,6.279295,32.18,62.78534860936905,0
8.08,6.286971,32.18,62.78534860936905,0
-0.69,6.284412,32.18,62.78534860936905,0
-8.2,6.283133,32.18,62.78534860936905,0
9.66,6.285691,32.18,62.78534860936905,0
7.6,6.281854,32.18,62.78534860936905,0
-3.78,6.281854,32.18,62.78534860936905,0
-13.68,6.286971,32.18,62.78534860936905,0
3.96,6.285691,32.18,62.78534860936905,0
3.08,6.283133,32.18,62.78534860936905,0
-2.87,6.283133,32.18,62.78534860936905,0
-11.9,6.279295,32.18,62.78534860936905,0
2.81,6.284412,32.18,62.78534860936905,0
0.17,6.279295,32.18,62.78534860936905,0
-6.18,6.279295,32.16,62.78534860936905,0
-7.87,6.276737,32.16,62.78534860936905,0
5.1,6.279295,32.16,62.78534860936905,0
1.28,6.278016,32.16,62.78534860936905,0
-7.05,6.280574,32.16,62.78534860936905,0
10.78,6.286971,32.16,62.96824596572466,0
1.39,6.281854,32.16,62.78534860936905,0
-6.49,6.278016,32.16,62.78534860936905,0
-1.61,6.269061,32.16,62.96824596572466,0
3.39,6.275457,32.16,62.96824596572466,0
-2.27,6.274178,32.16,62.96824596572466,0
-11.59,6.263944,32.16,62.96824596572466,0
7.86,6.274178,32.13,62.78534860936905,0
7.61,6.262665,32.13,63.75735251718032,0
-2.96,6.274178,32.13,62.78534860936905,0
0.38,6.260106,32.13,62.78534860936905,0
6.48,6.272899,32.15,62.81719509815764,0
-0.18,6.260106,32.15,62.63385665915839,0
-12.18,6.271619,32.15,62.63385665915839,0
5.92,6.261385,32.15,62.63385665915839,0
8.03,6.271619,32.13,62.63385665915839,0
-5.33,6.267782,32.13,62.78534860936905,0
-6.06,6.27034,32.13,62.81719509815764,0
6.31,6.274178,32.13,62.63385665915839,0
-0.64,6.280574,32.13,62.63385665915839,0
-13.39,6.274178,32.13,62.96824596572466,0
6.4,6.292088,32.13,62.81719509815764,0
2.53,6.290808,32.13,62.96824596572466,0
-5.4,6.299763,32.11,62.16912416947821,0
-10.65,6.317673,32.11,63.0158710167526,0
4.25,6.27034,32.11,62.56196927846821,0
10.0,6.299763,32.11,63.94528911499267,0
-0.91,6.302321,32.11,62.048368229954285,0
33.98,6.303601,32.11,63.34824385884742,0
8.16,6.301042,32.11,62.56196927846821,0
-23.58,6.302321,32.11,62.56196927846821,0
0.05,6.30488,32.11,62.56196927846821,0
21.96,6.30488,32.11,63.608175575157006,0
7.02,6.30488,32.11,62.385895841928885,0
-15.13,6.298484,32.11,62.64982043070834,0
-25.76,6.302321,32.11,62.048368229954285,0
-7.49,6.28825,32.11,61.90315016216864,0
0.95,6.289529,32.11,61.84658438426491,0
-4.02,6.278016,32.11,62.185207244167,0
-18.39,6.443039,32.11,63.2771680782255,0
-33.02,6.35605,32.11,64.1404708432983,0
-0.84,6.466066,32.11,65.42935121182236,0
23.65,6.283133,32.11,63.166446789415026,0
9.19,6.281854,32.09,62.369864518050704,0
6.23,6.276737,32.09,63.03967004989794,0
12.71,6.290808,32.09,63.2771680782255,0
2.03,6.279295,32.09,63.2771680782255,0
-4.66,6.286971,32.09,62.56996084384263,0
-14.35,6.302321,32.09,63.2771680782255,0
7.36,6.307438,32.09,63.221831672294975,0
0.66,6.309997,32.09,63.221831672294975,0
-9.33,6.313835,32.05,62.24146527838174,0
4.9,6.313835,32.05,63.221831672294975,0
8.86,6.317673,32.05,63.2771680782255,0
-7.13,6.316393,32.05,63.2771680782255,0
13.01,6.315114,32.05,63.2771680782255,0
9.39,6.301042,32.05,63.2771680782255,0
-8.72,6.315114,32.05,62.297672508690084,0
10.91,6.30488,32.05,62.369864518050704,0
10.02,6.320231,32.05,63.34824385884742,0
-1.44,6.315114,32.05,63.34824385884742,0
-0.36,6.320231,32.05,63.34824385884742,0
12.52,6.313835,32.05,63.34824385884742,0
4.61,6.320231,32.05,63.2771680782255,0
-1.65,6.326627,32.05,63.182275995725256,0
-7.55,6.315114,32.05,62.56196927846821,0
9.67,6.311276,32.05,63.53739056650029,0
25.35,6.307438,32.09,62.457985878508765,0
30.94,6.299763,32.09,62.457985878508765,0
-25.82,6.297204,32.09,63.166446789415026,0
-13.8,6.293367,32.09,62.457985878508765,0
-9.17,6.293367,32.05,62.369864518050704,0
-0.23,6.293367,32.05,63.34824385884742,0
-8.38,6.290808,32.05,62.369864518050704,0
4.71,6.285691,32.05,62.369864518050704,0
6.24,6.299763,32.07,63.2771680782255,0
-3.04,6.289529,32.07,63.34824385884742,0
-9.09,6.298484,32.07,62.56996084384263,0
0.3,6.295925,32.07,62.49799996799898,0
-2.95,6.302321,32.05,63.2771680782255,0
-9.55,6.295925,32.05,63.2771680782255,0
-8.61,6.303601,32.05,62.49799996799898,0
5.29,6.299763,32.05,63.474404290233394,0
2.77,6.299763,32.07,62.297672508690084,0
-1.09,6.299763,32.07,63.2771680782255,0
10.01,6.298484,32.07,63.2771680782255,0
2.05,6.298484,32.07,63.2771680782255,0
-2.94,6.294646,32.05,62.056425936400814,0
-11.51,6.295925,32.05,63.34824385884742,0
10.04,6.292088,32.05,63.095166217389426,0
2.86,6.285691,32.05,62.369864518050704,0
-8.42,6.275457,32.07,63.166446789415026,0
-15.99,6.276737,32.07,63.34824385884742,0
6.26,6.272899,32.07,63.34824385884742,0
8.65,6.265223,32.07,62.369864518050704,0
1.33,6.265223,32.07,62.457985878508765,0
3.03,6.258827,32.07,63.34824385884742,0
9.78,6.258827,32.07,63.34824385884742,0
5.8,6.254989,32.07,63.34824385884742,0
-2.42,6.262665,32.07,63.25345840347388,0
3.84,6.257548,32.07,63.43500610861482,0
2.84,6.254989,32.07,63.43500610861482,0
-3.46,6.246035,32.07,63.43500610861482,0
-10.34,6.249872,32.07,63.25345840347388,0
1.23,6.248593,32.07,63.43500610861482,0
5.27,6.214053,32.07,63.43500610861482,0
1.03,6.23708,32.07,62.457985878508765,0
-4.59,6.229404,32.07,63.25345840347388,0
6.51,6.242197,32.07,63.34824385884742,0
4.38,6.229404,32.07,63.34824385884742,0
-3.65,6.234521,32.07,62.369864518050704,0
-8.09,6.228125,32.09,63.34824385884742,0
2.49,6.238359,32.09,62.369864518050704,0
4.15,6.21917,32.09,63.34824385884742,0
-1.64,6.230683,32.09,63.43500610861482,0
-8.81,6.221729,32.07,63.43500610861482,0
7.2,6.233242,32.07,63.43500610861482,0
8.77,6.223008,32.07,62.457985878508765,0
-1.98,6.226846,32.07,63.25345840347388,0
-4.67,6.21917,32.05,63.25345840347388,0
4.73,6.231963,32.05,63.43500610861482,0
-2.33,6.228125,32.05,63.43500610861482,0
-10.99,6.233242,32.05,63.25345840347388,0
8.42,6.221729,32.07,62.457985878508765,0
5.74,6.224287,32.07,63.34824385884742,0
-8.84,6.21917,32.07,63.166446789415026,0
-1.45,6.21917,32.07,62.457985878508765,0
4.85,6.211495,32.07,62.369864518050704,0
1.34,6.221729,32.07,62.56996084384263,0
-12.86,6.211495,32.07,62.457985878508765,0
5.16,6.214053,32.07,63.34824385884742,0
5.03,6.207657,32.07,63.34824385884742,0
-6.79,6.215333,32.07,63.34824385884742,0
7.1,6.206378,32.07,63.34824385884742,0
7.28,6.210216,32.07,62.457985878508765,0
-1.75,6.194864,32.07,63.34824385884742,0
-7.73,6.215333,32.07,63.43500610861482,0
3.59,6.207657,32.07,62.457985878508765,0
-1.46,6.207657,32.07,63.43500610861482,0
-10.65,6.208936,32.05,63.43500610861482,0
7.81,6.207657,32.05,62.457985878508765,0
7.4,6.207657,32.05,62.457985878508765,0
-5.15,6.206378,32.05,63.43500610861482,0
-5.0,6.207657,32.07,62.457985878508765,0
6.01,6.205099,32.07,62.457985878508765,0
2.41,6.20254,32.07,62.457985878508765,0
-6.02,6.193585,32.07,63.43500610861482,0
4.88,6.196144,32.05,62.457985878508765,0
6.66,6.198702,32.05,62.369864518050704,0
-2.67,6.198702,32.05,63.43500610861482,0
-10.8,6.196144,32.05,63.34824385884742,0
5.8,6.189747,32.05,62.457985878508765,0
4.52,6.192306,32.05,63.34824385884742,0
-3.64,6.193585,32.05,63.34824385884742,0
-8.9,6.193585,32.05,62.65780079128216,0
6.85,6.193585,32.05,62.457985878508765,0
7.39,6.201261,32.05,63.34824385884742,0
-3.02,6.191027,32.05,63.34824385884742,0
5.69,6.197423,32.05,63.34824385884742,0
3.49,6.196144,32.03,62.369864518050704,0
-6.12,6.194864,32.03,62.65780079128216,0
-14.04,6.194864,32.03,62.457985878508765,0
6.07,6.192306,32.03,63.34824385884742,0
3.49,6.191027,32.0,62.56996084384263,0
-5.57,6.196144,32.0,62.369864518050704,0
3.23,6.187189,32.0,62.369864518050704,0
2.99,6.187189,32.0,62.369864518050704,0
3.38,6.188468,32.0,62.369864518050704,0
-3.77,6.18591,32.0,62.369864518050704,0
-9.3,6.191027,32.0,63.34824385884742,0
5.31,6.18591,32.0,62.369864518050704,0
4.59,6.18591,31.97,62.369864518050704,0
-0.92,6.170558,31.97,62.65780079128216,0
-9.88,6.183351,31.97,62.369864518050704,0
3.84,6.170558,31.97,62.457985878508765,0
4.14,6.182072,31.93,63.43500610861482,0
-3.34,6.187189,31.93,63.54525946126902,0
-5.97,6.183351,31.93,62.457985878508765,0
4.65,6.175676,31.93,62.457985878508765,0
5.19,6.171838,31.93,63.34824385884742,0
1.2,6.174397,31.93,63.43500610861482,0
-3.77,6.176955,31.93,62.369864518050704,0
1.41,6.175676,31.93,63.54525946126902,0
3.98,6.187189,31.95,62.369864518050704,0
0.58,6.18463,31.95,62.369864518050704,0
-5.23,6.160325,31.95,63.733821476512766,0
-4.69,6.182072,31.95,63.20601237224193,0
4.52,6.196144,31.91,62.94441992742486,0
4.43,6.212774,31.91,63.31666447310692,0
-1.91,6.260106,31.91,62.67375846396959,0
18.72,6.478858,31.91,62.67375846396959,0
18.38,6.45967,31.89,61.032778078668514,0
5.83,6.437922,31.89,65.33758489567853,0
-28.79,6.455832,31.89,62.49799996799898,0
-27.67,6.454553,31.89,62.01612693485461,0
0.52,6.411058,31.89,64.59102104782058,0
-16.81,6.408499,31.89,65.1766829472013,0
-41.25,6.437922,31.89,64.01562309311689,0
27.07,6.400824,31.89,62.67375846396959,0
-8.79,6.347095,31.89,61.87891401761993,0
9.37,6.27034,31.89,63.56099432828282,0
-14.08,6.249872,31.89,63.35613624582863,0
-2.37,6.251152,31.89,62.5859409132754,0
6.05,6.240918,31.89,63.35613624582863,0
19.98,6.238359,31.89,63.15853069855251,0
-18.6,6.234521,31.89,62.5859409132754,0
6.02,6.231963,31.89,62.5859409132754,0
-4.82,6.226846,31.87,63.35613624582863,0
16.04,6.223008,31.87,63.34824385884742,0
2.0,6.221729,31.87,63.34824385884742,0
-6.41,6.214053,31.87,63.34824385884742,0
-11.13,6.210216,31.89,62.37788069500277,0
11.23,6.210216,31.89,63.35613624582863,0
-1.99,6.207657,31.89,63.35613624582863,0
-4.87,6.206378,31.89,62.617888817813075,0
-9.61,6.206378,31.87,62.617888817813075,0
4.91,6.215333,31.87,62.5939294181153,0
2.79,6.201261,31.87,62.617888817813075,0
-5.11,6.203819,31.87,62.37788069500277,0
4.47,6.198702,31.87,63.56886030125127,0
9.88,6.212774,31.87,63.35613624582863,0
2.08,6.199981,31.87,62.37788069500277,0
-12.57,6.203819,31.87,62.5939294181153,0
4.06,6.188468,31.89,63.35613624582863,0
3.02,6.208936,31.89,62.37788069500277,0
-0.07,6.197423,31.89,62.37788069500277,0
-4.96,6.206378,31.89,62.5939294181153,0
3.71,6.198702,31.91,62.5939294181153,0
3.03,6.199981,31.91,62.5939294181153,0
-8.13,6.199981,31.91,62.37788069500277,0
6.14,6.203819,31.91,63.35613624582863,0
2.46,6.206378,31.87,63.3798075099633,0
-1.83,6.207657,31.87,63.3798075099633,0
-0.61,6.205099,31.87,62.37788069500277,0
6.29,6.199981,31.87,62.37788069500277,0
-2.16,6.20254,31.89,62.37788069500277,0
-5.49,6.205099,31.89,62.37788069500277,0
4.1,6.199981,31.89,62.37788069500277,0
2.11,6.203819,31.89,63.35613624582863,0
-6.04,6.194864,31.91,62.37788069500277,0
5.66,6.205099,31.91,63.35613624582863,0
5.17,6.196144,31.91,63.35613624582863,0
-1.54,6.194864,31.91,63.35613624582863,0
-6.3,6.193585,31.89,62.37788069500277,0
1.22,6.192306,31.89,62.37788069500277,0
3.89,6.183351,31.89,62.5939294181153,0
-0.75,6.188468,31.89,63.35613624582863,0
-5.18,6.183351,31.89,62.37788069500277,0
3.56,6.18463,31.89,63.35613624582863,0
2.2,6.183351,31.89,62.37788069500277,0
-3.28,6.180793,31.89,63.35613624582863,0
1.35,6.180793,31.89,62.37788069500277,0
2.44,6.179513,31.89,62.40192304729078,0
-2.25,6.171838,31.89,62.37788069500277,0
-7.84,6.173117,31.89,63.3798075099633,0
3.91,6.174397,31.89,62.40192304729078,0
3.49,6.173117,31.89,63.3798075099633,0
1.38,6.175676,31.89,62.40192304729078,0
-5.69,6.164163,31.89,62.40192304729078,0
7.77,6.174397,31.87,62.40192304729078,0
6.91,6.171838,31.87,63.3798075099633,0
-0.95,6.174397,31.87,63.3798075099633,0
-13.04,6.164163,31.87,63.3798075099633,0
8.45,6.16928,31.89,62.40192304729078,0
6.74,6.161604,31.89,63.35613624582863,0
-0.25,6.130902,31.89,62.37788069500277,0
-14.02,6.148811,31.89,63.35613624582863,0
10.69,6.148811,31.91,63.3798075099633,0
5.6,6.156487,31.91,63.35613624582863,0
-6.77,6.162883,31.91,62.40192304729078,0
8.52,6.15137,31.91,62.40192304729078,0
7.02,6.155208,31.89,62.40192304729078,0
0.56,6.156487,31.89,63.3798075099633,0
-12.53,6.155208,31.89,63.3798075099633,0
5.96,6.148811,31.89,62.37788069500277,0
5.29,6.153928,31.87,62.40192304729078,0
-6.63,6.147532,31.87,62.40192304729078,0
-10.64,6.150091,31.87,62.40192304729078,0
3.86,6.136019,31.87,63.3798075099633,0
0.32,6.146253,31.89,63.3798075099633,0
-2.51,6.138577,31.89,63.3798075099633,0
-6.63,6.146253,31.89,63.35613624582863,0
3.43,6.146253,31.89,63.35613624582863,0
2.53,6.144974,31.89,63.182275995725256,0
-2.44,6.144974,31.89,63.3798075099633,0
6.3,6.143694,31.89,63.3798075099633,0
2.26,6.138577,31.89,63.3798075099633,0
-3.38,6.141136,31.89,63.3798075099633,0
-3.4,6.143694,31.89,62.40192304729078,0
1.32,6.133461,31.89,63.3798075099633,0
-1.57,6.142415,31.89,62.40192304729078,0
-7.43,6.132181,31.89,62.40192304729078,0
5.56,6.150091,31.89,62.40192304729078,0
5.06,6.142415,31.89,62.37788069500277,0
-2.04,6.143694,31.89,62.5939294181153,0
-7.07,6.144974,31.89,63.35613624582863,0
4.35,6.161604,31.89,62.177166226839255,0
6.76,6.150091,31.89,64.81512169239521,0
11.68,6.137298,31.89,63.419239982831705,0
-2.9,6.129622,31.89,62.40192304729078,0
-15.22,6.134739,31.89,63.182275995725256,0
8.03,6.125785,31.89,64.39720490828775,0
-16.86,6.124506,31.89,62.40192304729078,0
-1.95,6.119389,31.89,63.3798075099633,0
4.67,6.130902,31.89,63.3798075099633,0
-0.02,6.11683,31.89,63.3798075099633,0
-9.43,6.121947,31.89,63.419239982831705,0
8.34,6.112992,31.85,63.419239982831705,0
3.67,6.119389,31.85,62.65780079128216,0
-9.67,6.110434,31.85,63.474404290233394,0
4.51,6.112992,31.85,63.2771680782255,0
7.99,6.098921,31.87,62.49799996799898,0
-3.95,6.111713,31.87,63.474404290233394,0
-8.65,6.102758,31.87,63.221831672294975,0
0.56,6.110434,31.87,62.24146527838174,0
2.12,6.101479,31.89,63.221831672294975,0
3.16,6.114272,31.89,62.24146527838174,0
-3.47,6.101479,31.89,62.44197306299666,0
5.44,6.106596,31.89,62.20128616033595,0
2.99,6.107875,31.87,63.221831672294975,0
-3.49,6.115551,31.87,63.221831672294975,0
-4.66,6.102758,31.87,63.221831672294975,0
4.03,6.097641,31.87,63.221831672294975,0
7.16,6.097641,31.87,63.221831672294975,0
-0.05,6.1002,31.87,63.221831672294975,0
-6.4,6.1002,31.87,63.221831672294975,0
-2.35,6.101479,31.87,63.221831672294975,0
3.95,6.101479,31.87,63.221831672294975,0
-0.98,6.107875,31.87,63.221831672294975,0
-1.88,6.104038,31.87,62.24146527838174,0
-9.2,6.110434,31.87,63.221831672294975,0
3.53,6.098921,31.85,63.221831672294975,0
1.28,6.101479,31.85,63.2771680782255,0
-0.23,6.087407,31.85,63.221831672294975,0
-7.12,6.097641,31.85,63.221831672294975,0
5.82,6.098921,31.87,63.221831672294975,0
2.86,6.109155,31.87,62.24146527838174,0
0.32,6.107875,31.87,63.221831672294975,0
-8.94,6.105317,31.87,63.221831672294975,0
3.45,6.107875,31.89,63.221831672294975,0
1.16,6.107875,31.89,62.24146527838174,0
-3.54,6.109155,31.89,63.2771680782255,0
-4.53,6.097641,31.89,63.474404290233394,0
7.53,6.111713,31.87,62.24146527838174,0
1.18,6.095083,31.87,63.2771680782255,0
-3.33,6.084849,31.87,63.2771680782255,0
-3.38,6.098921,31.87,63.221831672294975,0
2.09,6.112992,31.85,63.2771680782255,0
0.67,6.098921,31.85,62.24146527838174,0
-2.9,6.112992,31.85,63.2771680782255,0
7.58,6.110434,31.85,63.2771680782255,0
6.06,6.112992,31.87,63.2771680782255,0
0.97,6.111713,31.87,63.221831672294975,0
-3.78,6.110434,31.87,63.419239982831705,0
1.7,6.106596,31.87,63.419239982831705,0
2.85,6.098921,31.85,63.221831672294975,0
-0.31,6.092525,31.85,63.221831672294975,0
-7.93,6.1002,31.85,63.221831672294975,0
6.3,6.101479,31.85,63.419239982831705,0
6.4,6.102758,31.85,63.419239982831705,0
-4.18,6.104038,31.85,62.44197306299666,0
-7.24,6.101479,31.85,62.44197306299666,0
-3.14,6.098921,31.85,63.54525946126902,0
3.24,6.102758,31.87,63.419239982831705,0
3.96,6.095083,31.87,62.297672508690084,0
1.35,6.102758,31.87,62.369864518050704,0
3.55,6.086128,31.87,63.2771680782255,0
14.13,6.102758,31.87,62.297672508690084,0
-14.53,6.106596,31.87,63.34824385884742,0
0.66,6.111713,31.87,63.34824385884742,0
-10.37,6.111713,31.87,63.2771680782255,0
5.47,6.123226,31.87,62.297672508690084,0
7.1,6.123226,31.87,62.297672508690084,0
4.03,6.129622,31.87,63.2771680782255,0
-4.06,6.129622,31.87,63.34824385884742,0
3.3,6.129622,31.87,63.2771680782255,0
0.89,6.128344,31.87,63.2771680782255,0
2.91,6.115551,31.87,63.2771680782255,0
-6.13,6.121947,31.87,63.2771680782255,0
3.54,6.112992,31.85,62.297672508690084,0
3.22,6.110434,31.85,63.2771680782255,0
-3.42,6.109155,31.85,62.297672508690084,0
-2.16,6.1002,31.85,63.2771680782255,0
6.57,6.104038,31.85,62.297672508690084,0
5.79,6.101479,31.85,63.2771680782255,0
1.27,6.105317,31.85,62.297672508690084,0
-5.17,6.101479,31.85,63.34824385884742,0
3.72,6.098921,31.87,63.34824385884742,0
0.79,6.092525,31.87,63.34824385884742,0
3.12,6.086128,31.87,62.369864518050704,0
-0.51,6.097641,31.87,62.297672508690084,0
-4.17,6.095083,31.85,63.2771680782255,0
2.33,6.107875,31.85,63.2771680782255,0
0.97,6.098921,31.85,62.297672508690084,0
-2.51,6.102758,31.85,63.2771680782255,0
-6.68,6.096362,31.85,63.2771680782255,0
-1.46,6.110434,31.85,63.2771680782255,0
1.09,6.096362,31.85,63.2771680782255,0
-2.1,6.098921,31.85,62.297672508690084,0
-5.48,6.08357,31.89,63.2771680782255,0
1.3,6.101479,31.89,62.297672508690084,0
7.25,6.086128,31.89,63.34824385884742,0
0.44,6.091245,31.89,63.34824385884742,0
-5.55,6.08357,31.85,63.34824385884742,0
1.06,6.096362,31.85,62.369864518050704,0
4.73,6.086128,31.85,63.34824385884742,0
-4.31,6.087407,31.85,62.369864518050704,0
1.08,6.086128,31.87,63.2771680782255,0
3.55,6.092525,31.87,63.2771680782255,0
2.78,6.081011,31.87,62.297672508690084,0
-4.52,6.075894,31.87,62.369864518050704,0
0.56,6.077173,31.85,62.369864518050704,0
3.11,6.077173,31.85,62.297672508690084,0
-3.25,6.069498,31.85,62.297672508690084,0
-5.58,6.074615,31.85,62.56996084384263,0
-1.48,6.075894,31.85,63.2771680782255,0
5.12,6.075894,31.85,63.2771680782255,0
1.33,6.075894,31.85,62.297672508690084,0
-5.59,6.074615,31.85,63.2771680782255,0
3.91,6.074615,31.87,63.2771680782255,0
5.29,6.073336,31.87,63.34824385884742,0
1.33,6.059264,31.87,63.095166217389426,0
-6.59,6.069498,31.87,63.34824385884742,0
3.88,6.069498,31.87,66.76076692189807,0
2.52,6.092525,31.87,62.77738446287803,0
1.08,6.37396,31.87,58.83026432033091,0
-6.63,6.399545,31.87,56.88585061331157,0
-3.35,6.403382,31.87,62.65780079128216,0
-2.99,6.097641,31.87,63.08724118235002,0
34.34,6.086128,31.87,62.928530890209096,0
3.75,6.078453,31.87,63.095166217389426,0
-13.11,6.087407,31.87,62.185207244167,0
0.99,6.081011,31.87,62.185207244167,0
-13.18,6.1002,31.87,63.166446789415026,0
-16.48,6.086128,31.87,63.166446789415026,0
1.17,6.092525,31.89,63.166446789415026,0
2.91,6.092525,31.89,63.166446789415026,0
0.0,6.091245,31.89,63.0,0
-2.68,6.086128,31.89,63.166446789415026,0
5.21,6.089966,31.87,62.185207244167,0
-3.01,6.091245,31.87,63.166446789415026,0
-15.22,6.089966,31.87,62.185207244167,0
5.38,6.091245,31.87,63.166446789415026,0
5.31,6.08357,31.87,63.166446789415026,0
-6.85,6.093803,31.87,63.166446789415026,0
8.15,6.102758,31.87,62.27358990776106,0
4.63,6.104038,31.87,62.369864518050704,0
0.8,6.101479,31.89,63.34824385884742,0
-6.98,6.101479,31.89,62.369864518050704,0
4.3,6.087407,31.89,61.59545437773797,0
7.71,6.097641,31.89,63.34824385884742,0
-3.48,6.081011,31.91,62.40192304729078,0
-9.45,6.069498,31.91,62.40192304729078,0
16.68,6.059264,31.91,62.369864518050704,0
33.25,6.055426,31.91,63.15853069855251,0
46.17,6.052867,31.87,63.15853069855251,0
-15.72,6.06566,31.87,63.150613615387776,0
-7.51,6.060543,31.87,63.15853069855251,0
-47.35,6.066939,31.87,63.150613615387776,0
-35.21,6.057984,31.89,63.15853069855251,0
-9.22,6.069498,31.89,63.15853069855251,0
-0.52,6.057984,31.89,64.1404708432983,0
7.16,6.063102,31.89,62.369864518050704,0
3.8,6.054147,31.89,62.37788069500277,0
20.23,6.059264,31.89,62.369864518050704,0
9.7,6.045192,31.89,63.35613624582863,0
-1.62,6.056705,31.89,63.15853069855251,0
-7.55,6.04903,31.89,63.35613624582863,0
8.09,6.055426,31.89,63.35613624582863,0
8.3,6.04775,31.89,63.15853069855251,0
-1.71,6.051588,31.89,63.15853069855251,0
-4.87,6.052867,31.91,63.150613615387776,0
6.15,6.052867,31.91,63.150613615387776,0
2.44,6.055426,31.91,63.150613615387776,0
-10.91,6.052867,31.91,62.369864518050704,0
10.99,6.052867,31.89,63.15853069855251,0
7.12,6.045192,31.89,63.34824385884742,0
-3.2,6.051588,31.89,62.37788069500277,0
-9.18,6.046471,31.89,63.35613624582863,0
6.53,6.050309,31.91,63.35613624582863,0
-3.43,6.056705,31.91,63.15853069855251,0
-10.83,6.054147,31.91,63.35613624582863,0
7.86,6.055426,31.91,63.35613624582863,0
5.41,6.052867,31.89,62.177166226839255,0
-2.71,6.056705,31.89,63.15853069855251,0
-9.86,6.057984,31.89,63.35613624582863,0
10.17,6.054147,31.89,62.177166226839255,0
9.52,6.04775,31.91,63.15853069855251,0
-9.45,6.056705,31.91,62.177166226839255,0
1.0,6.056705,31.91,63.15853069855251,0
-6.13,6.050309,31.91,63.15853069855251,0
-9.31,6.063102,31.89,63.15853069855251,0
5.35,6.066939,31.89,63.150613615387776,0
8.48,6.072056,31.89,63.15853069855251,0
-3.33,6.068219,31.89,62.37788069500277,0
-6.94,6.075894,31.93,63.15853069855251,0
10.87,6.069498,31.93,63.15853069855251,0
7.58,6.073336,31.93,62.177166226839255,0
2.24,6.059264,31.93,63.150613615387776,0
-5.59,6.077173,31.91,63.150613615387776,0
3.11,6.061822,31.91,62.177166226839255,0
5.48,6.068219,31.91,63.15853069855251,0
0.85,6.059264,31.91,63.15853069855251,0
-3.94,6.06566,31.91,63.35613624582863,0
2.14,6.066939,31.91,63.15853069855251,0
3.66,6.042634,31.91,63.15853069855251,0
5.12,6.06566,31.91,63.0,0
2.02,6.066939,31.89,63.15853069855251,0
-4.45,6.066939,31.89,63.15853069855251,0
-4.28,6.052867,31.89,63.35613624582863,0
-2.94,6.060543,31.89,63.15853069855251,0
-3.05,6.055426,31.91,63.15853069855251,0
-14.46,6.051588,31.91,63.15853069855251,0
-1.16,6.055426,31.91,62.177166226839255,0
2.81,6.056705,31.91,63.15853069855251,0
2.18,6.055426,31.91,62.37788069500277,0
-3.03,6.056705,31.91,62.177166226839255,0
5.39,6.061822,31.91,63.150613615387776,0
2.93,6.057984,31.91,63.150613615387776,0
-3.32,6.055426,31.91,63.150613615387776,0
-7.67,6.052867,31.91,63.150613615387776,0
9.14,6.054147,31.91,63.150613615387776,0
5.39,6.054147,31.91,63.150613615387776,0
-4.73,6.043913,31.91,63.150613615387776,0
-6.95,6.061822,31.91,63.150613615387776,0
9.22,6.055426,31.91,63.150613615387776,0
6.78,6.056705,31.91,63.15853069855251,0
-3.37,6.046471,31.89,63.150613615387776,0
-8.23,6.057984,31.89,63.15853069855251,0
3.11,6.042634,31.89,63.35613624582863,0
0.11,6.04775,31.89,62.177166226839255,0
-7.43,6.034958,31.91,63.35613624582863,0
-9.48,6.051588,31.91,63.15853069855251,0
6.36,6.037517,31.91,63.15853069855251,0
5.89,6.042634,31.91,63.150613615387776,0
-7.7,6.036237,31.91,63.34824385884742,0
8.51,6.04775,31.91,63.34824385884742,0
4.02,6.034958,31.91,63.34824385884742,0
-0.03,6.038796,31.91,63.34824385884742,0
-11.65,6.038796,31.91,62.37788069500277,0
7.87,6.045192,31.91,62.40192304729078,0
13.07,6.153928,31.91,63.182275995725256,0
6.31,6.221729,31.91,63.15853069855251,0
-1.07,6.029841,31.91,63.15853069855251,0
15.85,6.027283,31.91,62.369864518050704,0
14.09,6.024724,31.91,63.34824385884742,0
-21.96,6.0324,31.91,62.369864518050704,0
-37.35,6.028562,31.93,63.34824385884742,0
-7.76,6.03112,31.93,63.34824385884742,0
4.58,6.027283,31.93,63.34824385884742,0
4.84,6.029841,31.93,63.34824385884742,0
-3.59,6.026003,31.89,63.34824385884742,0
11.41,6.037517,31.89,63.150613615387776,0
6.65,6.018328,31.89,63.34824385884742,0
-11.12,6.029841,31.89,63.34824385884742,0
8.25,6.028562,31.91,63.150613615387776,0
4.52,6.029841,31.91,63.35613624582863,0
-5.4,6.026003,31.91,63.34824385884742,0
-2.56,6.027283,31.91,63.34824385884742,0
5.17,6.026003,31.93,63.15853069855251,0
2.75,6.028562,31.93,61.61980201201558,0
-3.68,6.020886,31.93,62.37788069500277,0
-9.95,6.033679,31.93,62.40192304729078,0
6.29,6.0324,31.89,62.177166226839255,0
-0.39,6.009373,31.89,63.3798075099633,0
4.99,5.999139,31.89,62.40192304729078,0
25.25,6.000418,31.89,63.182275995725256,0
-11.24,5.994022,31.91,63.3798075099633,0
-12.38,5.99786,31.91,63.182275995725256,0
-7.48,5.991464,31.91,63.182275995725256,0
-7.48,5.995301,31.91,63.3798075099633,0
3.69,5.992743,31.91,62.40192304729078,0
4.17,5.994022,31.91,62.40192304729078,0
-1.13,5.995301,31.91,63.182275995725256,0
-5.6,5.990184,31.91,63.182275995725256,0
3.6,5.983788,31.93,63.182275995725256,0
6.94,5.978671,31.93,63.3798075099633,0
-2.31,5.987626,31.93,65.14598989960932,0
-6.44,5.990184,31.93,62.12889826803627,0
0.02,6.005535,31.89,63.13477647065839,0
1.1,6.027283,31.89,62.24949798994366,0
-2.99,6.242197,31.89,63.40346993658943,0
-4.99,6.298484,31.89,64.20280367709809,0
11.87,6.292088,31.91,62.41794613730894,0
32.58,6.283133,31.91,62.65780079128216,0
55.36,6.226846,31.91,63.095166217389426,0
-85.21,6.256269,31.91,62.71363488110062,0
-21.03,6.283133,31.91,62.617888817813075,0
-7.7,6.278016,31.91,62.49799996799898,0
29.19,6.311276,31.91,61.538605769061746,0
-11.86,6.320231,31.91,64.91532946846992,0
43.39,6.344537,31.93,63.095166217389426,0
29.99,6.353492,31.93,62.26556030423239,0
17.79,6.362446,31.93,63.0158710167526,0
-61.85,6.361167,31.93,61.91122676865643,0
12.29,6.350933,31.93,63.095166217389426,0
-4.58,6.313835,31.93,62.88083968904996,0
9.72,6.147532,31.93,62.12889826803627,0
39.79,6.109155,31.93,62.76145313805282,0
-43.97,6.106596,31.95,61.78996682310163,0
-1.15,6.073336,31.95,62.617888817813075,0
1.41,6.04775,31.95,63.631753079732135,0
-41.93,6.046471,31.95,71.76350047203663,0
-2.9,6.08357,31.91,87.40709353364863,0
35.66,6.086128,31.91,62.81719509815764,0
-28.94,6.079732,31.91,62.369864518050704,0
-33.24,6.056705,31.91,62.76941930590086,0
3.28,6.06566,31.91,64.13267497929586,0
18.1,6.074615,31.91,62.69768735766894,0
24.78,6.101479,31.91,62.25752966509352,0
-0.99,6.102758,31.91,63.88270501473775,0
19.57,6.109155,31.91,62.69768735766894,0
-2.76,6.101479,31.91,62.69768735766894,0
-22.06,6.105317,31.91,62.69768735766894,0
13.51,6.107875,31.91,62.69768735766894,0
-9.93,6.102758,31.91,62.69768735766894,0
-15.49,6.101479,31.91,62.69768735766894,0
-5.13,6.098921,31.91,63.63961030678928,0
-10.16,6.088686,31.91,62.69768735766894,0
4.05,6.08357,31.91,62.69768735766894,0
5.25,6.089966,31.91,62.69768735766894,0
-5.46,6.08357,31.91,62.69768735766894,0
12.02,6.084849,31.91,62.69768735766894,0
12.52,6.08229,31.91,62.94441992742486,0
-1.37,6.088686,31.91,62.69768735766894,0
-1.21,6.088686,31.91,62.94441992742486,0
0.86,6.091245,31.91,62.94441992742486,0
-6.65,6.096362,31.93,63.190189111918315,0
-15.6,6.095083,31.93,62.94441992742486,0
9.51,6.079732,31.93,62.94441992742486,0
14.21,6.086128,31.93,63.20601237224193,0
1.64,6.086128,31.93,64.319514923544,0
26.58,6.107875,31.93,63.095166217389426,0
36.42,6.35605,31.93,55.44366510251645,0
16.43,6.391869,31.93,60.663003552412405,0
-68.43,6.391869,31.93,63.40346993658943,0
-163.11,6.399545,31.93,62.42595614005443,0
97.4,6.394428,31.93,62.44197306299666,0
-21.91,6.404662,31.93,62.12889826803627,0
-50.46,6.393148,31.93,61.35959582656978,0
23.42,6.39059,31.93,65.46754921333164,0
5.82,6.349654,31.93,63.15853069855251,0
-23.76,6.357329,31.93,61.220911460055866,0
12.4,6.33942,31.97,62.10475022089695,0
70.68,6.32151,31.97,62.56996084384263,0
-45.69,6.274178,31.97,63.15853069855251,0
-2.96,6.276737,31.97,64.17164482853778,0
-10.67,6.280574,31.95,63.26926584053272,0
-5.94,6.308718,31.95,62.24146527838174,0
22.88,6.343257,31.95,62.68173577685928,0
1.84,6.357329,31.95,63.592452382338585,0
20.98,6.349654,31.93,61.424750711744856,0
-2.95,6.347095,31.93,63.592452382338585,0
-1.36,6.33814,31.93,62.3377895020348,0
-2.65,6.334303,31.93,63.48228099241551,0
-40.51,6.32279,31.95,63.25345840347388,0
-12.9,6.325348,31.95,62.68173577685928,0
-1.73,6.307438,31.95,62.3377895020348,0
-3.17,6.286971,31.95,63.25345840347388,0
26.25,6.266502,31.97,63.25345840347388,0
4.65,6.274178,31.97,62.3377895020348,0
-2.17,6.257548,31.97,63.25345840347388,0
9.64,6.258827,31.97,63.03967004989794,0
5.04,6.243476,31.97,63.25345840347388,0
-4.03,6.272899,31.97,63.25345840347388,0
6.2,6.226846,31.97,62.465990746965666,0
1.79,6.254989,31.97,62.3377895020348,0
8.22,6.248593,31.95,62.68173577685928,0
7.69,6.256269,31.95,62.3377895020348,0
1.43,6.243476,31.95,62.3377895020348,0
5.71,6.252431,31.95,63.25345840347388,0
10.54,6.244755,31.95,63.592452382338585,0
0.94,6.243476,31.95,63.25345840347388,0
2.22,6.224287,31.95,63.25345840347388,0
-5.17,6.21917,31.95,63.25345840347388,0
-12.56,6.221729,31.95,62.3377895020348,0
0.09,6.223008,31.95,62.3377895020348,0
-0.34,6.214053,31.95,63.25345840347388,0
-8.23,6.21917,31.95,62.3377895020348,0
0.57,6.210216,31.95,63.592452382338585,0
0.81,6.208936,31.95,63.3798075099633,0
-2.09,6.201261,31.95,63.03967004989794,0
5.57,6.203819,31.95,63.3798075099633,0
2.53,6.201261,31.93,62.3377895020348,0
-11.61,6.203819,31.93,62.68173577685928,0
-0.31,6.187189,31.93,62.3377895020348,0
-4.1,6.201261,31.93,62.68173577685928,0
-0.81,6.18463,31.91,62.68173577685928,0
9.38,6.191027,31.91,62.91263784010332,0
10.19,6.176955,31.91,62.91263784010332,0
-1.65,6.178234,31.91,62.91263784010332,0
-2.88,6.168,31.95,62.91263784010332,0
-4.55,6.16928,31.95,62.91263784010332,0
-12.19,6.166721,31.95,62.68173577685928,0
7.67,6.162883,31.95,62.68173577685928,0
7.27,6.155208,31.97,62.68173577685928,0
-7.44,6.156487,31.97,62.68173577685928,0
6.34,6.150091,31.97,62.68173577685928,0
0.31,6.147532,31.97,62.68173577685928,0
-6.94,6.138577,31.93,62.91263784010332,0
-11.16,6.138577,31.93,62.91263784010332,0
-2.68,6.132181,31.93,62.91263784010332,0
-3.98,6.134739,31.93,62.91263784010332,0
-2.38,6.128344,31.95,62.91263784010332,0
-9.09,6.141136,31.95,62.91263784010332,0
1.47,6.136019,31.95,62.91263784010332,0
6.55,6.132181,31.95,63.26926584053272,0
2.89,6.123226,31.95,62.68173577685928,0
2.01,6.128344,31.95,62.68173577685928,0
6.57,6.124506,31.95,62.68173577685928,0
6.59,6.124506,31.95,62.68173577685928,0
-5.61,6.118109,31.95,62.91263784010332,0
0.07,6.11683,31.95,62.91263784010332,0
-2.27,6.118109,31.95,62.91263784010332,0
-12.9,6.11683,31.95,63.26926584053272,0
-9.23,6.118109,31.97,62.91263784010332,0
0.94,6.120668,31.97,62.91263784010332,0
5.98,6.115551,31.97,62.91263784010332,0
-3.71,6.106596,31.97,62.91263784010332,0
5.51,6.112992,31.93,62.68173577685928,0
8.66,6.107875,31.93,62.91263784010332,0
-1.83,6.110434,31.93,62.91263784010332,0
-2.16,6.106596,31.93,62.91263784010332,0
-1.22,6.107875,31.97,62.91263784010332,0
-6.38,6.102758,31.97,63.26926584053272,0
8.87,6.102758,31.97,62.91263784010332,0
4.82,6.105317,31.97,63.26926584053272,0
-4.97,6.098921,31.93,63.03967004989794,0
4.3,6.095083,31.93,62.68173577685928,0
11.32,6.084849,31.93,62.68173577685928,0
3.18,6.089966,31.93,62.68173577685928,0
-23.29,6.087407,31.95,62.68173577685928,0
-0.32,6.092525,31.95,62.91263784010332,0
-4.11,6.086128,31.95,62.68173577685928,0
-15.54,6.08229,31.95,62.68173577685928,0
6.4,6.08229,31.97,62.68173577685928,0
8.71,6.08357,31.97,62.68173577685928,0
0.94,6.077173,31.97,62.68173577685928,0
-11.85,6.073336,31.97,62.68173577685928,0
11.77,6.073336,31.95,62.68173577685928,0
7.39,6.068219,31.95,62.68173577685928,0
-5.01,6.072056,31.95,62.68173577685928,0
8.18,6.056705,31.95,63.26926584053272,0
3.92,6.064381,31.95,63.03967004989794,0
-1.98,6.063102,31.95,62.68173577685928,0
-4.61,6.023445,31.95,63.03967004989794,0
-2.05,6.045192,31.95,63.03967004989794,0
3.05,6.04775,31.91,63.03967004989794,0
-0.05,6.050309,31.91,63.26926584053272,0
-8.48,6.04775,31.91,63.26926584053272,0
-12.41,6.04775,31.91,63.26926584053272,0
4.27,6.038796,31.93,63.26926584053272,0
6.4,6.04903,31.93,63.26926584053272,0
0.52,6.042634,31.93,63.26926584053272,0
-10.39,6.042634,31.93,63.26926584053272,0
7.2,6.040075,31.93,63.26926584053272,0
1.05,6.038796,31.93,63.26926584053272,0
-5.23,6.040075,31.93,63.26926584053272,0
-5.37,6.043913,31.93,63.26926584053272,0
-5.75,6.04775,31.89,63.26926584053272,0
-8.08,6.050309,31.89,63.26926584053272,0
-6.9,6.050309,31.89,62.369864518050704,0
7.93,6.050309,31.89,63.26926584053272,0
5.9,6.060543,31.91,62.369864518050704,0
-0.04,6.059264,31.91,63.26926584053272,0
-6.6,6.056705,31.91,63.26926584053272,0
11.5,6.055426,31.91,63.26926584053272,0
9.5,6.054147,31.89,63.26926584053272,0
-1.05,6.051588,31.89,63.63961030678928,0
-5.33,6.04775,31.89,63.26926584053272,0
2.89,6.041354,31.89,63.26926584053272,0
4.42,6.036237,31.87,63.26926584053272,0
-9.28,6.028562,31.87,62.369864518050704,0
1.19,6.019607,31.87,62.369864518050704,0
-0.59,6.022165,31.87,63.03967004989794,0
1.6,6.020886,31.89,63.26926584053272,0
-6.11,6.020886,31.89,63.26926584053272,0
6.99,6.020886,31.89,63.41135544995076,0
4.05,6.022165,31.89,63.03967004989794,0
7.84,6.027283,31.89,63.03967004989794,0
16.03,6.026003,31.89,62.13694553162394,0
-10.13,6.027283,31.89,63.26926584053272,0
-16.15,6.023445,31.89,63.03967004989794,0
-11.29,6.011931,31.87,63.26926584053272,0
-15.12,6.009373,31.87,63.26926584053272,0
4.1,6.001698,31.87,63.26926584053272,0
6.4,6.000418,31.87,63.26926584053272,0
2.8,5.992743,31.91,62.369864518050704,0
-4.75,5.994022,31.91,62.369864518050704,0
0.3,5.988905,31.91,63.26926584053272,0
6.05,5.994022,31.91,62.369864518050704,0
9.53,5.987626,31.87,63.26926584053272,0
2.75,6.001698,31.87,62.13694553162394,0
3.28,5.991464,31.87,63.03967004989794,0
3.33,5.995301,31.87,63.03967004989794,0
2.62,5.981229,31.87,63.26926584053272,0
-12.41,5.995301,31.87,63.03967004989794,0
-17.53,5.97995,31.87,62.369864518050704,0
-3.61,5.977392,31.87,62.13694553162394,0
2.78,5.96332,31.87,62.369864518050704,0
2.9,5.973554,31.87,62.369864518050704,0
0.21,5.96332,31.87,62.74551776820397,0
10.15,5.974833,31.87,62.74551776820397,0
-1.68,5.968437,31.89,62.74551776820397,0
-11.77,5.972275,31.89,63.63961030678928,0
9.28,5.965878,31.89,62.74551776820397,0
7.2,5.964599,31.89,62.74551776820397,0
-0.52,5.970995,31.89,63.41135544995076,0
0.66,5.985067,31.89,63.03967004989794,0
3.11,5.976112,31.89,63.41135544995076,0
5.31,5.97995,31.89,63.41135544995076,0
-6.3,5.972275,31.89,62.369864518050704,0
2.9,5.986346,31.89,62.51399843235114,0
3.09,5.976112,31.89,63.41135544995076,0
-5.46,5.97995,31.89,63.41135544995076,0
-8.25,5.977392,31.87,62.51399843235114,0
-8.42,5.985067,31.87,63.41135544995076,0
3.9,5.973554,31.87,63.41135544995076,0
4.01,5.978671,31.87,62.51399843235114,0
4.55,5.972275,31.87,62.51399843235114,0
-2.69,5.97995,31.87,63.41135544995076,0
7.24,5.965878,31.87,62.13694553162394,0
3.59,5.968437,31.87,62.51399843235114,0
-0.15,5.959482,31.87,62.13694553162394,0
-9.12,5.972717,31.87,62.13694553162394,0
1.49,5.934339,31.87,62.13694553162394,0
-2.43,5.952249,31.87,63.41135544995076,0
-1.42,5.944573,31.87,63.41135544995076,0
-3.49,5.948411,31.87,63.41135544995076,0
-3.15,5.944573,31.87,63.03967004989794,0
1.75,5.944573,31.87,63.03967004989794,0
3.82,5.940735,31.85,63.41135544995076,0
-1.02,5.950969,31.85,63.41135544995076,0
-5.98,5.939456,31.85,63.03967004989794,0
2.15,5.944573,31.85,63.41135544995076,0
4.87,5.936898,31.87,63.41135544995076,0
3.79,5.947132,31.87,63.03967004989794,0
-4.57,5.935618,31.87,62.51399843235114,0
-7.51,5.935618,31.87,62.51399843235114,0
8.97,5.920268,31.87,62.68971207462992,0
11.62,5.936898,31.87,63.0,0
4.56,5.924105,31.87,63.41135544995076,0
-15.41,5.926664,31.87,62.00806399170998,0
-2.58,5.917709,31.85,63.984373092185564,0
18.45,5.935618,31.85,63.095166217389426,0
-26.81,5.944573,31.85,62.42595614005443,0
-24.02,5.943294,31.85,62.51399843235114,0
30.92,5.948411,31.85,62.51399843235114,0
6.36,5.952249,31.85,63.58458932791813,0
20.67,5.944573,31.85,62.51399843235114,0
-13.75,5.936898,31.85,62.90468980926621,0
0.32,5.938177,31.85,61.91930232165088,0
14.82,5.942015,31.85,63.0,0
-12.35,5.930501,31.85,63.0,0
15.09,5.929222,31.85,63.198101237299845,0
-3.96,5.920268,31.89,62.297672508690084,0
-20.44,5.93306,31.89,63.796551630946325,0
-3.34,5.925385,31.89,63.58458932791813,0
-9.03,5.926664,31.89,62.68971207462992,0
29.75,5.918988,31.87,62.68971207462992,0
12.33,5.927943,31.87,62.297672508690084,0
-30.57,5.910033,31.87,63.41135544995076,0
3.5,5.91643,31.87,62.297672508690084,0
11.58,5.910033,31.87,63.198101237299845,0
-29.06,5.922826,31.87,63.58458932791813,0
0.81,5.910033,31.87,63.0,0
11.65,5.912592,31.87,63.198101237299845,0
13.89,5.908754,31.85,62.297672508690084,0
-9.9,5.91643,31.85,63.198101237299845,0
3.11,5.912592,31.85,63.198101237299845,0
12.71,5.908754,31.85,63.198101237299845,0
-1.31,5.902358,31.87,63.198101237299845,0
-20.24,5.89852,31.87,62.297672508690084,0
-2.27,5.897241,31.87,62.297672508690084,0
9.08,5.897241,31.87,62.297672508690084,0
7.25,5.890845,31.89,63.198101237299845,0
5.42,5.893403,31.89,63.41135544995076,0
8.72,5.888286,31.89,62.51399843235114,0
0.08,5.890845,31.89,62.297672508690084,0
-7.51,5.884449,31.89,63.198101237299845,0
-11.66,5.894682,31.89,63.198101237299845,0
2.89,5.884449,31.89,63.198101237299845,0
5.55,5.889565,31.89,63.58458932791813,0
-1.0,5.879332,31.87,63.198101237299845,0
-4.45,5.899799,31.87,63.198101237299845,0
13.92,5.889565,31.87,63.198101237299845,0
12.21,5.897241,31.87,62.297672508690084,0
-1.46,5.892124,31.87,63.198101237299845,0
-15.01,5.903637,31.87,63.198101237299845,0
-10.18,5.893403,31.87,63.198101237299845,0
-8.1,5.897241,31.87,63.198101237299845,0
-12.95,5.899799,31.87,63.198101237299845,0
11.06,5.903637,31.87,63.41135544995076,0
15.75,5.901079,31.87,62.297672508690084,0
-2.22,5.890845,31.87,62.297672508690084,0
-7.21,5.895962,31.85,62.297672508690084,0
3.97,5.893403,31.85,63.198101237299845,0
3.97,5.889565,31.85,63.198101237299845,0
-4.49,5.887007,31.85,63.58458932791813,0
1.16,5.887007,31.87,62.297672508690084,0
5.82,5.884449,31.87,63.58458932791813,0
0.53,5.876773,31.87,62.297672508690084,0
-8.34,5.888286,31.87,63.58458932791813,0
8.34,5.885727,31.89,62.297672508690084,0
10.82,5.884449,31.89,62.297672508690084,0
6.57,5.848629,31.89,62.297672508690084,0
-5.88,5.874214,31.89,63.58458932791813,0
5.34,5.878052,31.85,63.41135544995076,0
1.41,5.88061,31.85,63.58458932791813,0
-7.11,5.88189,31.85,62.51399843235114,0
-15.71,5.875494,31.85,63.198101237299845,0
0.16,5.88061,31.87,63.198101237299845,0
3.53,5.879332,31.87,62.297672508690084,0
1.37,5.878052,31.87,63.198101237299845,0
-3.85,5.870377,31.87,63.198101237299845,0
10.49,5.88189,31.87,63.198101237299845,0
8.88,5.862701,31.87,63.198101237299845,0
1.35,5.870377,31.87,63.198101237299845,0
-6.95,5.86398,31.87,63.198101237299845,0
5.98,5.867818,31.85,63.198101237299845,0
0.98,5.862701,31.85,63.41135544995076,0
-2.89,5.86526,31.85,62.51399843235114,0
-8.55,5.858863,31.85,63.198101237299845,0
2.98,5.862701,31.83,62.297672508690084,0
-0.03,5.862701,31.83,63.03967004989794,0
-4.5,5.860143,31.83,62.51399843235114,0
-8.73,5.858863,31.83,62.51399843235114,0
0.44,5.851188,31.85,62.51399843235114,0
1.08,5.858863,31.85,62.51399843235114,0
-0.06,5.855026,31.85,63.41135544995076,0
-10.88,5.848629,31.85,62.297672508690084,0
5.88,5.849908,31.85,63.198101237299845,0
5.16,5.852467,31.85,63.198101237299845,0
2.28,5.849908,31.85,63.198101237299845,0
-3.06,5.848629,31.85,63.198101237299845,0
3.98,5.840954,31.83,63.58458932791813,0
2.21,5.853746,31.83,63.198101237299845,0
-3.35,5.842233,31.83,63.58458932791813,0
-15.7,5.838395,31.83,62.82515419798029,0
6.32,5.834558,31.85,63.58458932791813,0
8.05,5.843513,31.85,63.41135544995076,0
-1.43,5.834558,31.85,62.74551776820397,0
-22.38,5.843513,31.85,62.74551776820397,0
-5.02,5.83072,31.83,62.74551776820397,0
8.44,5.833278,31.83,63.13477647065839,0
-2.1,5.820486,31.83,63.13477647065839,0
4.18,5.814089,31.83,62.74551776820397,0
6.45,5.801297,31.83,62.74551776820397,0
1.23,5.801297,31.83,63.3798075099633,0
-0.5,5.787225,31.83,62.74551776820397,0
1.7,5.79618,31.83,62.74551776820397,0
-5.1,5.792342,31.83,63.13477647065839,0
9.18,5.801297,31.83,62.99206299209449,0
2.24,5.805135,31.83,62.74551776820397,0
-7.83,5.808972,31.83,63.13477647065839,0
10.69,5.811531,31.81,63.13477647065839,0
3.7,5.816648,31.81,63.13477647065839,0
-0.21,5.811531,31.81,62.74551776820397,0
-8.56,5.810252,31.81,63.3798075099633,0
5.7,5.811531,31.83,63.13477647065839,0
-0.47,5.806414,31.83,62.24949798994366,0
-9.8,5.807693,31.83,61.85466837676846,0
-15.33,5.803855,31.83,62.24949798994366,0
7.58,5.806414,31.81,62.74551776820397,0
1.85,5.792342,31.81,62.24949798994366,0
-6.04,5.797459,31.81,63.13477647065839,0
4.0,5.794901,31.81,63.13477647065839,0
8.43,5.793622,31.81,63.13477647065839,0
5.3,5.782108,31.81,62.51399843235114,0
-2.48,5.792342,31.81,62.90468980926621,0
4.71,5.782108,31.81,62.51399843235114,0
3.44,5.788505,31.81,62.51399843235114,0
-2.81,5.780829,31.81,62.74551776820397,0
-11.23,5.789784,31.81,62.74551776820397,0
-4.17,5.789784,31.81,62.74551776820397,0
-2.44,5.789784,31.83,63.13477647065839,0
-4.89,5.792342,31.83,63.13477647065839,0
-3.92,5.789784,31.83,63.13477647065839,0
7.18,5.783388,31.83,62.51399843235114,0
7.23,5.784667,31.79,63.63961030678928,0
3.57,5.782108,31.79,62.74551776820397,0
5.91,5.780829,31.79,62.51399843235114,0
5.27,5.76164,31.79,63.41135544995076,0
-0.98,5.769316,31.81,63.796551630946325,0
-6.37,5.760361,31.81,63.41135544995076,0
1.9,5.737334,31.81,63.41135544995076,0
-5.13,5.752686,31.81,62.51399843235114,0
-10.68,5.759082,31.81,63.41135544995076,0
-2.99,5.753965,31.81,62.51399843235114,0
0.87,5.764199,31.81,62.51399843235114,0
5.42,5.76164,31.81,62.51399843235114,0
3.46,5.760361,31.79,62.74551776820397,0
-0.37,5.762919,31.79,62.24949798994366,0
-1.18,5.76164,31.79,63.13477647065839,0
2.95,5.765478,31.79,63.13477647065839,0
2.5,5.759082,31.79,62.90468980926621,0
8.27,5.76164,31.79,62.90468980926621,0
-0.22,5.769316,31.79,62.90468980926621,0
-5.42,5.769316,31.79,62.90468980926621,0
-5.64,5.771874,31.79,62.90468980926621,0
3.5,5.774433,31.79,62.90468980926621,0
1.58,5.774433,31.79,62.90468980926621,0
-8.12,5.770595,31.79,62.90468980926621,0
-0.32,5.773153,31.81,62.90468980926621,0
1.77,5.766757,31.81,62.90468980926621,0
-1.13,5.771874,31.81,63.13477647065839,0
-1.58,5.769316,31.81,62.51399843235114,0
1.34,5.769316,31.79,63.13477647065839,0
-1.32,5.771874,31.79,62.90468980926621,0
-9.61,5.759082,31.79,62.90468980926621,0
-1.2,5.769316,31.79,62.90468980926621,0
1.73,5.769316,31.79,62.90468980926621,0
2.27,5.776991,31.79,62.90468980926621,0
-3.35,5.765478,31.79,62.51399843235114,0
1.4,5.766757,31.79,62.90468980926621,0
7.89,5.755244,31.79,62.90468980926621,0
3.84,5.771874,31.79,62.90468980926621,0
-1.42,5.757802,31.79,62.51399843235114,0
0.12,5.762919,31.79,62.90468980926621,0
4.85,5.757802,31.77,62.51399843235114,0
-0.86,5.766757,31.77,62.51399843235114,0
-5.68,5.756523,31.77,62.74551776820397,0
3.15,5.759082,31.77,62.90468980926621,0
4.29,5.759082,31.77,62.90468980926621,0
2.01,5.755244,31.77,62.90468980926621,0
-3.61,5.747569,31.77,63.13477647065839,0
5.57,5.74501,31.77,62.90468980926621,0
2.67,5.746289,31.77,63.13477647065839,0
-2.44,5.747569,31.77,62.74551776820397,0
-8.7,5.748847,31.77,63.13477647065839,0
6.93,5.747569,31.77,62.90468980926621,0
4.29,5.748847,31.79,62.51399843235114,0
-1.46,5.755244,31.79,62.51399843235114,0
3.89,5.751406,31.79,62.51399843235114,0
1.64,5.756523,31.79,62.51399843235114,0
-2.71,5.752686,31.79,62.90468980926621,0
-8.1,5.750127,31.79,62.90468980926621,0
5.22,5.74501,31.79,62.90468980926621,0
0.87,5.741172,31.79,62.74551776820397,0
-7.47,5.750127,31.79,62.74551776820397,0
3.95,5.756523,31.79,62.74551776820397,0
1.48,5.753965,31.79,63.13477647065839,0
-7.02,5.746289,31.79,62.74551776820397,0
4.19,5.747569,31.77,62.74551776820397,0
5.19,5.741172,31.77,62.51399843235114,0
-1.06,5.743731,31.77,62.51399843235114,0
2.66,5.738614,31.77,63.13477647065839,0
3.92,5.74501,31.77,63.13477647065839,0
-1.23,5.7271,31.77,62.90468980926621,0
-4.03,5.737334,31.77,63.13477647065839,0
3.94,5.72838,31.77,62.51399843235114,0
0.13,5.732217,31.79,62.51399843235114,0
-8.94,5.725821,31.79,62.90468980926621,0
1.07,5.729659,31.79,62.74551776820397,0
1.02,5.723263,31.79,63.13477647065839,0
-4.25,5.724542,31.75,62.74551776820397,0
-1.3,5.7271,31.75,63.13477647065839,0
-0.88,5.725821,31.75,63.13477647065839,0
-0.97,5.72838,31.75,62.90468980926621,0
-5.76,5.720704,31.75,62.74551776820397,0
5.86,5.721983,31.75,63.13477647065839,0
0.44,5.721983,31.75,63.13477647065839,0
-0.98,5.723263,31.75,62.51399843235114,0
-0.55,5.723263,31.77,63.13477647065839,0
3.62,5.725821,31.77,62.74551776820397,0
0.88,5.696398,31.77,63.13477647065839,0
-8.65,5.718146,31.77,62.90468980926621,0
0.59,5.720704,31.75,63.796551630946325,0
1.69,5.730938,31.75,63.41135544995076,0
-4.59,5.719425,31.75,62.297672508690084,0
8.01,5.714308,31.75,63.198101237299845,0
13.05,5.716866,31.75,62.90468980926621,0
-4.74,5.729659,31.75,62.01612693485461,0
-15.21,5.723263,31.75,63.51377803280167,0
5.98,5.736055,31.75,63.28506932918696,0
15.9,5.734776,31.75,63.324560795950255,0
-23.12,5.741172,31.75,63.3798075099633,0
4.49,5.730938,31.75,62.24949798994366,0
22.95,5.737334,31.75,62.24949798994366,0
-14.22,5.741172,31.77,62.24949798994366,0
-6.46,5.736055,31.77,60.96720429870473,0
57.79,5.72838,31.77,62.01612693485461,0
12.02,5.729659,31.77,63.41135544995076,0
-25.05,5.718146,31.75,62.120849961989414,0
-34.4,5.715587,31.75,62.71363488110062,0
-16.23,5.715587,31.75,63.3798075099633,0
-4.81,5.713029,31.75,64.64518543557594,0
2.84,5.71047,31.77,62.82515419798029,0
-5.83,5.71047,31.77,62.82515419798029,0
-7.78,5.71175,31.77,63.03967004989794,0
1.0,5.702795,31.77,64.10148204214939,0
4.43,5.701515,31.75,63.58458932791813,0
1.56,5.684885,31.75,62.51399843235114,0
11.99,5.683606,31.75,62.297672508690084,0
4.38,5.688723,31.75,62.82515419798029,0
-16.96,5.701515,31.73,58.93216439263028,0
17.47,5.690002,31.73,63.25345840347388,0
25.43,5.683606,31.73,63.03967004989794,0
48.26,5.683606,31.73,63.03967004989794,0
-22.68,5.691281,31.73,63.41135544995076,0
-46.83,5.691281,31.73,63.03967004989794,0
18.97,5.684885,31.73,63.03967004989794,0
3.58,5.682327,31.73,63.03967004989794,0
11.11,5.681047,31.73,63.41135544995076,0
10.78,5.686164,31.73,62.13694553162394,0
-9.67,5.682327,31.73,62.51399843235114,0
-24.23,5.674651,31.73,63.41135544995076,0
-11.13,5.674651,31.71,62.13694553162394,0
0.35,5.678489,31.71,63.41135544995076,0
-5.35,5.674651,31.71,62.13694553162394,0
11.33,5.672092,31.71,63.41135544995076,0
5.66,5.663138,31.73,63.41135544995076,0
-10.49,5.674651,31.73,63.63961030678928,0
2.71,5.663138,31.73,63.26926584053272,0
5.09,5.655462,31.73,63.26926584053272,0
-10.92,5.656742,31.71,62.51399843235114,0
-5.78,5.661859,31.71,63.41135544995076,0
0.77,5.652904,31.71,62.74551776820397,0
-3.11,5.652904,31.71,63.63961030678928,0
16.7,5.645228,31.73,62.51399843235114,0
1.71,5.651625,31.73,63.63961030678928,0
-6.39,5.641391,31.73,62.74551776820397,0
8.84,5.643949,31.73,63.41135544995076,0
9.05,5.634995,31.71,63.03967004989794,0
-6.17,5.638832,31.71,63.63961030678928,0
2.84,5.62604,31.71,62.51399843235114,0
4.33,5.632436,31.71,63.41135544995076,0
2.06,5.627319,31.71,62.51399843235114,0
-12.12,5.628598,31.71,62.51399843235114,0
5.77,5.628598,31.71,62.13694553162394,0
9.55,5.62604,31.71,62.51399843235114,0
-4.77,5.62604,31.71,62.51399843235114,0
-11.61,5.628598,31.71,62.74551776820397,0
1.2,5.620923,31.71,62.369864518050704,0
8.47,5.622202,31.71,63.41135544995076,0
-2.32,5.619643,31.69,63.41135544995076,0
-4.65,5.611968,31.69,63.41135544995076,0
8.45,5.619643,31.69,63.41135544995076,0
5.67,5.614526,31.69,63.41135544995076,0
-5.53,5.615806,31.69,63.41135544995076,0
-9.26,5.611968,31.69,63.41135544995076,0
4.98,5.613247,31.69,62.51399843235114,0
7.04,5.610689,31.69,63.41135544995076,0
-1.03,5.610689,31.69,62.369864518050704,0
-8.96,5.600454,31.69,62.369864518050704,0
5.82,5.585104,31.69,62.74551776820397,0
-2.67,5.5915,31.69,63.41135544995076,0
-9.18,5.599175,31.69,62.74551776820397,0
-6.36,5.595337,31.69,62.74551776820397,0
4.37,5.610689,31.69,63.13477647065839,0
-2.17,5.611968,31.69,62.74551776820397,0
-0.76,5.611968,31.67,62.99206299209449,0
21.66,5.610689,31.67,62.99206299209449,0
34.08,5.604292,31.67,62.49799996799898,0
-10.82,5.594059,31.67,62.76145313805282,0
-13.75,5.597896,31.69,62.76145313805282,0
-16.51,5.588941,31.69,62.76145313805282,0
-25.67,5.587662,31.69,62.64982043070834,0
-12.15,5.57359,31.69,62.76145313805282,0
16.18,5.578707,31.67,63.03967004989794,0
15.76,5.571032,31.67,63.03967004989794,0
0.04,5.565915,31.67,63.03967004989794,0
-10.73,5.553122,31.67,63.03967004989794,0
2.5,5.554401,31.67,63.03967004989794,0
1.72,5.542888,31.67,63.03967004989794,0
-5.63,5.539051,31.67,63.03967004989794,0
-11.09,5.535213,31.67,62.16912416947821,0
6.54,5.531375,31.69,62.16912416947821,0
7.42,5.528817,31.69,62.76145313805282,0
-3.36,5.526258,31.69,62.76145313805282,0
15.18,5.523699,31.69,62.76145313805282,0
18.73,5.527537,31.71,62.49799996799898,0
-27.39,5.527537,31.71,63.3798075099633,0
-21.35,5.528817,31.71,63.3798075099633,0
-1.98,5.521141,31.71,62.49799996799898,0
4.82,5.52242,31.71,62.24949798994366,0
-5.04,5.513465,31.71,63.3798075099633,0
-12.27,5.516024,31.71,62.24949798994366,0
8.63,5.518582,31.71,62.24949798994366,0
12.73,5.516024,31.69,63.53739056650029,0
0.0,5.513465,31.69,62.24949798994366,0
-0.5,5.514745,31.69,62.65780079128216,0
7.25,5.509628,31.69,63.53739056650029,0
7.23,5.507069,31.71,63.13477647065839,0
-7.34,5.499394,31.71,63.53739056650029,0
12.77,5.498115,31.71,62.49799996799898,0
7.26,5.48916,31.71,63.3798075099633,0
-7.12,5.490439,31.71,62.49799996799898,0
-0.91,5.491718,31.71,63.3798075099633,0
5.05,5.486601,31.71,63.13477647065839,0
1.04,5.486601,31.71,63.13477647065839,0
-12.17,5.467412,31.73,63.13477647065839,0
7.54,5.484043,31.73,63.3798075099633,0
2.39,5.47125,31.73,62.65780079128216,0
-10.22,5.494277,31.73,60.67124524847005,0
-13.71,5.499394,31.69,63.30876716537765,0
7.48,5.513465,31.69,62.65780079128216,0
3.66,5.517303,31.69,61.54673021371647,0
-10.31,5.521141,31.69,62.01612693485461,0
14.77,5.519862,31.71,64.19501538281614,0
2.43,5.518582,31.71,60.728905802755904,0
1.72,5.513465,31.71,62.01612693485461,0
10.19,5.524979,31.71,62.24949798994366,0
8.04,5.528817,31.69,62.65780079128216,0
-4.13,5.536492,31.69,62.42595614005443,0
-15.36,5.532654,31.69,62.42595614005443,0
-18.97,5.551843,31.69,62.42595614005443,0
-8.96,5.542888,31.69,63.30876716537765,0
-5.24,5.554401,31.69,62.90468980926621,0
9.4,5.545447,31.69,62.90468980926621,0
5.12,5.551843,31.69,62.90468980926621,0
-5.47,5.549284,31.67,62.90468980926621,0
10.54,5.553122,31.67,62.90468980926621,0
5.16,5.545447,31.67,62.51399843235114,0
-5.55,5.559518,31.67,62.90468980926621,0
5.42,5.550564,31.67,63.0,0
8.1,5.562077,31.67,63.984373092185564,0
1.98,5.559518,31.67,63.095166217389426,0
0.26,5.567194,31.67,63.095166217389426,0
-22.94,5.564636,31.67,63.095166217389426,0
-47.01,5.568473,31.67,63.51377803280167,0
25.76,5.565915,31.67,62.99206299209449,0
29.12,5.631156,31.67,72.00694410957877,0
10.05,5.673372,31.63,74.97332859090625,0
28.64,5.422638,31.63,46.65833258915282,0
-28.03,5.292471,31.63,58.9406481131655,0
-24.61,5.297588,31.63,62.8887907341205,0
-1.24,5.202924,31.65,63.89835678638379,0
7.71,5.100584,31.65,63.608175575157006,0
-12.01,5.109539,31.65,66.40783086353596,0
3.32,5.259211,31.65,64.29618962271404,0
55.02,5.151754,31.61,64.26507605223851,0
11.27,5.150475,31.61,51.12729212465687,0
-48.83,5.178618,31.61,48.68264577855234,0
8.54,5.183735,31.61,78.52388171760232,0
19.26,5.297588,31.57,70.78841713161836,0
-42.18,5.266886,31.57,57.60208329565867,0
-20.87,5.085233,31.57,68.11754546370561,0
-0.85,4.995685,31.57,63.0,0
-354.01,5.011036,31.55,63.92182725798755,0
87.4,4.909975,31.55,62.48199740725323,0
15.03,4.835131,31.55,62.65780079128216,0
31.14,4.791636,31.55,62.369864518050704,0
-47.39,4.754538,31.53,62.56996084384263,0
68.82,4.707206,31.53,62.112800613078136,0
52.03,4.672666,31.53,62.56996084384263,0
-32.48,4.639406,31.53,62.56996084384263,0
12.26,4.621496,31.47,62.457985878508765,0
17.87,4.602307,31.47,62.56996084384263,0
-12.39,4.595911,31.47,62.56996084384263,0
22.1,4.585677,31.47,62.112800613078136,0
16.29,4.576722,31.49,62.112800613078136,0
-4.69,4.565209,31.49,62.112800613078136,0
10.56,4.553696,31.49,62.56996084384263,0
5.55,4.539624,31.49,63.26136261573884,0
-7.04,4.52939,31.47,62.56996084384263,0
-8.88,4.520435,31.47,62.56996084384263,0
1.33,4.505084,31.47,62.80923498976882,0
-3.67,4.501246,31.47,62.112800613078136,0
-13.8,4.488454,31.41,62.80923498976882,0
1.08,4.484616,31.41,62.80923498976882,0
1.46,4.479499,31.41,62.112800613078136,0
-3.85,4.475661,31.41,63.26136261573884,0
-12.29,4.476941,31.41,62.25752966509352,0
2.41,4.487175,31.41,62.80923498976882,0
3.15,4.482058,31.41,62.80923498976882,0
-2.02,4.475661,31.41,62.80923498976882,0
-12.7,4.473103,31.41,62.80923498976882,0
4.31,4.465427,31.41,62.80923498976882,0
6.36,4.46031,31.41,62.369864518050704,0
-1.78,4.464689,31.41,62.25752966509352,0
-8.2,4.459572,31.39,62.369864518050704,0
2.64,4.450617,31.39,62.80923498976882,0
4.51,4.444221,31.39,62.80923498976882,0
-2.69,4.436545,31.39,62.25752966509352,0
6.12,4.431428,31.35,62.80923498976882,0
2.63,4.430149,31.35,62.369864518050704,0
-4.63,4.426311,31.35,62.96824596572466,0
2.52,4.418636,31.35,62.369864518050704,0
2.78,4.404564,31.33,62.369864518050704,0
-3.29,4.404564,31.33,62.80923498976882,0
-8.33,4.396888,31.33,62.80923498976882,0
1.58,4.390492,31.33,62.369864518050704,0
-0.57,4.382817,31.33,62.369864518050704,0
-12.37,4.368745,31.33,62.369864518050704,0
2.87,4.37642,31.33,62.25752966509352,0
6.76,4.362349,31.33,62.25752966509352,0
-1.6,4.368745,31.31,62.52999280345393,0
4.86,4.364907,31.31,62.96824596572466,0
9.9,4.358511,31.31,62.25752966509352,0
-0.64,4.315016,31.31,63.03967004989794,0
-9.45,4.341881,31.27,62.0403094769844,0
6.6,4.387934,31.27,63.2771680782255,0
7.84,4.441662,31.27,62.49799996799898,0
-7.18,4.442942,31.27,63.190189111918315,0
-14.51,4.458292,31.23,63.796551630946325,0
-3.56,4.472364,31.23,62.20128616033595,0
10.64,4.48004,31.23,61.56297588648554,0
-5.57,4.486436,31.23,62.67375846396959,0
-0.09,4.490274,31.23,62.63385665915839,0
7.42,4.495391,31.23,62.88083968904996,0
2.87,4.492832,31.23,62.39390995922599,0
-0.57,4.499228,31.23,63.229739838148944,0
3.18,4.500508,31.19,63.229739838148944,0
4.34,4.497949,31.19,62.67375846396959,0
-2.61,4.471085,31.19,62.96824596572466,0
4.95,4.478761,31.19,62.96824596572466,0
8.35,4.483878,31.15,63.2771680782255,0
-3.98,4.472364,31.15,62.80923498976882,0
-1.94,4.471085,31.15,62.96824596572466,0
6.03,4.458292,31.15,62.96824596572466,0
-3.17,4.455734,31.15,63.33245613427605,0
-13.71,4.440383,31.15,62.20128616033595,0
1.38,4.4455,31.15,62.96824596572466,0
3.1,4.433987,31.15,62.80923498976882,0
-5.43,4.430149,31.09,62.457985878508765,0
-14.11,4.421194,31.09,62.457985878508765,0
9.23,4.418636,31.09,62.78534860936905,0
8.65,4.408401,31.09,63.13477647065839,0
1.56,4.408401,31.07,63.2771680782255,0
2.07,4.414798,31.07,63.796551630946325,0
10.77,4.451896,31.07,66.1362230551458,0
3.31,4.605406,31.07,63.686733312362634,0
-1.48,4.588776,31.03,60.08327554319921,0
5.78,4.560633,31.03,59.28743543112655,0
-46.99,4.59901,31.03,62.625873247404705,0
79.07,4.600289,31.03,62.625873247404705,0
-79.31,4.607965,30.97,66.1362230551458,0
80.51,4.634829,30.97,58.497863208838666,0
-14.89,4.624595,30.97,65.22269543648132,0
8.79,4.592614,30.97,66.76076692189807,0
32.98,4.593893,30.95,63.57672530100933,0
20.81,4.592614,30.95,63.245553203367585,0
6.57,4.590055,30.95,63.25345840347388,0
-41.86,4.579822,30.95,63.57672530100933,0
-0.69,4.588776,30.91,62.63385665915839,0
-24.73,4.579822,30.91,62.297672508690084,0
-7.54,4.58238,30.91,62.625873247404705,0
13.12,4.579822,30.91,62.96824596572466,0
6.0,4.584939,30.87,62.96824596572466,0
-8.88,4.584939,30.87,62.625873247404705,0
8.21,4.584939,30.87,63.57672530100933,0
9.07,4.584939,30.87,62.63385665915839,0
-12.5,4.586218,30.85,61.68468205316454,0
3.42,4.586218,30.85,62.625873247404705,0
13.05,4.579822,30.85,62.625873247404705,0
-1.64,4.58238,30.85,62.625873247404705,0
2.73,4.586218,30.83,62.625873247404705,0
11.72,4.579822,30.83,63.56886030125127,0
-1.12,4.583659,30.83,62.625873247404705,0
8.51,4.578542,30.83,62.30569797378086,0
9.55,4.58238,30.77,62.625873247404705,0
-0.87,4.578542,30.77,62.625873247404705,0
5.92,4.5811,30.77,62.63385665915839,0
7.12,4.575984,30.77,63.57672530100933,0
-1.68,4.583659,30.69,62.0403094769844,0
-0.66,4.572146,30.69,63.0,0
6.57,4.578542,30.69,62.976185975335156,0
1.82,4.572146,30.69,62.976185975335156,0
-2.53,4.574704,30.65,62.976185975335156,0
-5.42,4.568308,30.65,62.63385665915839,0
4.15,4.569587,30.65,62.63385665915839,0
1.26,4.56447,30.65,62.976185975335156,0
-3.03,4.56447,30.61,62.976185975335156,0
-6.84,4.569587,30.61,62.976185975335156,0
1.22,4.563191,30.61,62.976185975335156,0
1.18,4.561912,30.61,62.976185975335156,0
-2.7,4.554236,30.53,62.976185975335156,0
-5.26,4.559353,30.53,62.976185975335156,0
2.62,4.556795,30.53,62.976185975335156,0
1.51,4.546561,30.53,62.976185975335156,0
-0.93,4.555516,30.51,62.63385665915839,0
-7.3,4.544003,30.51,62.976185975335156,0
2.47,4.552957,30.51,62.976185975335156,0
0.42,4.542723,30.51,62.976185975335156,0
-3.97,4.550399,30.47,62.976185975335156,0
-3.9,4.538886,30.47,62.976185975335156,0
1.83,4.54784,30.47,62.976185975335156,0
0.4,4.53121,30.47,62.976185975335156,0
-0.14,4.545281,30.43,62.976185975335156,0
-0.02,4.535048,30.43,62.976185975335156,0
1.61,4.544003,30.43,62.976185975335156,0
-2.89,4.53121,30.43,62.976185975335156,0
-5.3,4.540164,30.39,62.96824596572466,0
-0.41,4.53121,30.39,62.96824596572466,0
1.29,4.515859,30.39,62.625873247404705,0
-4.12,4.536327,30.39,62.96824596572466,0
2.52,4.532489,30.37,62.96824596572466,0
-1.16,4.53121,30.37,62.96824596572466,0
-3.85,4.526093,30.37,62.96824596572466,0
2.21,4.529931,30.37,62.625873247404705,0
2.18,4.528651,30.39,62.96824596572466,0
-2.89,4.527372,30.39,62.976185975335156,0
4.28,4.520976,30.39,62.976185975335156,0
3.73,4.522255,30.39,62.976185975335156,0
0.53,4.522255,30.35,62.976185975335156,0
-1.75,4.526093,30.35,62.976185975335156,0
3.44,4.520976,30.35,62.0403094769844,0
-0.8,4.519697,30.35,62.63385665915839,0
-3.5,4.518417,30.33,62.0403094769844,0
4.11,4.509462,30.33,62.976185975335156,0
2.38,4.515859,30.33,62.976185975335156,0
-1.49,4.510742,30.33,62.976185975335156,0
-2.39,4.510742,30.29,62.976185975335156,0
0.03,4.51458,30.29,62.976185975335156,0
1.03,4.510742,30.29,62.976185975335156,0
-2.68,4.506904,30.29,63.33245613427605,0
1.03,4.504345,30.29,62.976185975335156,0
1.2,4.505625,30.29,62.63385665915839,0
1.25,4.501787,30.29,62.976185975335156,0
-1.62,4.500508,30.29,62.976185975335156,0
1.02,4.492832,30.25,62.976185975335156,0
1.69,4.497949,30.25,62.976185975335156,0
-0.13,4.494112,30.25,62.96824596572466,0
-2.2,4.491553,30.25,62.976185975335156,0
-1.63,4.495391,30.23,62.976185975335156,0
2.24,4.492832,30.23,62.976185975335156,0
0.2,4.492832,30.23,62.976185975335156,0
-4.72,4.491553,30.23,62.976185975335156,0
-2.76,4.494112,30.19,62.976185975335156,0
2.18,4.500508,30.19,62.976185975335156,0
-0.38,4.500508,30.19,62.976185975335156,0
-2.8,4.497949,30.19,62.65780079128216,0
9.35,4.506904,30.19,63.0,0
1.88,4.508183,30.19,63.97655820689325,0
-6.03,4.515859,30.19,63.90618123468183,0
-5.83,4.51458,30.19,63.03967004989794,0
3.97,4.51458,30.17,63.03967004989794,0
4.75,4.515859,30.17,63.095166217389426,0
-5.37,4.512021,30.17,63.03967004989794,0
-15.4,4.515859,30.17,62.10475022089695,0
12.54,4.510742,30.13,62.69768735766894,0
-1.02,4.5133,30.13,62.161081071680215,0
1.72,4.501787,30.13,62.69768735766894,0
1.75,4.504345,30.13,63.2771680782255,0
-2.52,4.500508,30.07,63.914004725099176,0
-4.33,4.501787,30.07,62.63385665915839,0
7.27,4.49667,30.07,62.976185975335156,0
-1.36,4.497949,30.07,62.976185975335156,0
-7.6,4.495391,30.07,62.39390995922599,0
3.89,4.495391,30.07,62.39390995922599,0
0.15,4.495391,30.07,62.96824596572466,0
-3.22,4.492832,30.07,62.96824596572466,0
4.05,4.494112,30.03,62.976185975335156,0
2.47,4.486436,30.03,62.976185975335156,0
-2.92,4.487715,30.03,62.96824596572466,0
-3.61,4.486436,30.03,62.96824596572466,0
6.73,4.486436,29.97,62.976185975335156,0
-0.08,4.483878,29.97,62.96824596572466,0
-1.87,4.483878,29.97,62.96824596572466,0
0.95,4.482598,29.97,62.976185975335156,0
0.25,4.482598,29.93,62.40192304729078,0
-0.53,4.483878,29.93,63.324560795950255,0
-4.02,4.477481,29.93,62.39390995922599,0
2.1,4.481319,29.93,62.39390995922599,0
1.74,4.477481,29.87,63.694583757176716,0
-3.95,4.483878,29.87,62.77738446287803,0
-0.91,4.485157,29.87,62.77738446287803,0
2.51,4.485157,29.87,62.77738446287803,0
0.88,4.486436,29.83,62.76941930590086,0
-2.61,4.485157,29.83,63.702433234531945,0
3.18,4.487715,29.83,62.77738446287803,0
3.85,4.486436,29.83,62.77738446287803,0
-2.26,4.487715,29.81,62.77738446287803,0
5.19,4.485157,29.81,62.77738446287803,0
-1.5,4.46213,29.81,62.77738446287803,0
-3.42,4.471085,29.81,62.80127387243033,0
3.6,4.473644,29.75,62.80127387243033,0
1.91,4.474923,29.75,63.166446789415026,0
-1.45,4.474923,29.75,62.80127387243033,0
4.88,4.473644,29.75,62.77738446287803,0
-0.37,4.474923,29.73,62.77738446287803,0
-5.19,4.473644,29.73,62.76941930590086,0
2.28,4.476202,29.73,62.77738446287803,0
-0.66,4.483878,29.73,62.77738446287803,0
-0.68,4.48004,29.67,62.77738446287803,0
-3.61,4.483878,29.67,61.465437442517235,0
0.46,4.474923,29.67,62.40192304729078,0
2.17,4.481319,29.67,62.40192304729078,0
-2.48,4.478761,29.61,63.33245613427605,0
2.48,4.48004,29.61,65.55150646628954,0
2.73,4.48004,29.61,60.54750201288241,0
0.44,4.561912,29.61,58.94913061275798,0
3.44,4.563191,29.61,67.34983296193094,0
17.94,4.519697,29.61,64.07027391856539,0
35.31,4.5133,29.61,63.13477647065839,0
-97.43,4.503067,29.61,62.65780079128216,0
38.75,4.495391,29.59,62.68173577685928,0
17.31,4.483878,29.59,62.96824596572466,0
-0.12,4.487715,29.59,62.96824596572466,0
-3.84,4.481319,29.59,62.96824596572466,0
-1.57,4.478761,29.59,62.96824596572466,0
4.26,4.476202,29.59,62.96824596572466,0
1.08,4.473644,29.59,62.81719509815764,0
0.78,4.469806,29.59,62.81719509815764,0
4.93,4.468526,29.57,62.81719509815764,0
6.77,4.469806,29.57,62.81719509815764,0
-0.32,4.464689,29.57,62.81719509815764,0
-4.97,4.460851,29.57,62.81719509815764,0
3.06,4.453176,29.57,62.81719509815764,0
2.14,4.46213,29.57,62.81719509815764,0
0.01,4.457013,29.57,62.96824596572466,0
3.7,4.453176,29.57,62.81719509815764,0
4.11,4.453176,29.55,62.96824596572466,0
-2.36,4.453176,29.55,62.96824596572466,0
-8.32,4.448059,29.55,62.96824596572466,0
3.93,4.444221,29.55,62.96824596572466,0
2.96,4.444221,29.55,62.96824596572466,0
-4.89,4.437825,29.55,62.81719509815764,0
-3.27,4.433987,29.55,62.96824596572466,0
2.87,4.439104,29.55,62.55397669213365,0
-1.33,4.453176,29.55,63.13477647065839,0
-5.05,4.451896,29.55,64.10148204214939,0
1.48,4.451896,29.55,63.31666447310692,0
3.54,4.441662,29.55,63.33245613427605,0
-2.96,4.451896,29.55,62.369864518050704,0
7.54,4.440383,29.55,62.369864518050704,0
6.02,4.449338,29.55,63.13477647065839,0
-6.81,4.444221,29.55,63.13477647065839,0
-1.46,4.449338,29.57,63.31666447310692,0
0.75,4.453176,29.57,63.13477647065839,0
-1.33,4.442942,29.57,63.13477647065839,0
4.74,4.444221,29.57,62.0,0
-1.78,4.444221,29.53,63.13477647065839,0
-5.22,4.440383,29.53,62.96824596572466,0
6.66,4.441662,29.53,62.96824596572466,0
0.23,4.433987,29.53,62.96824596572466,0
-6.32,4.433987,29.55,62.96824596572466,0
-0.27,4.419915,29.55,62.96824596572466,0
-2.23,4.426311,29.55,63.166446789415026,0
1.17,4.421194,29.55,63.13477647065839,0
10.31,4.413519,29.55,63.33245613427605,0
2.04,4.405843,29.55,63.13477647065839,0
-3.52,4.403285,29.55,63.33245613427605,0
-7.76,4.402006,29.55,63.33245613427605,0
-5.98,4.403285,29.53,62.20128616033595,0
-2.38,4.409681,29.53,63.33245613427605,0
-4.22,4.407123,29.53,62.369864518050704,0
-5.06,4.41096,29.53,63.33245613427605,0
3.72,4.414798,29.51,63.166446789415026,0
3.08,4.421194,29.51,63.166446789415026,0
0.76,4.413519,29.51,63.33245613427605,0
-0.54,4.417356,29.51,62.20128616033595,0
1.16,4.409681,29.47,63.33245613427605,0
1.38,4.419915,29.47,62.369864518050704,0
0.79,4.391771,29.47,62.369864518050704,0
2.48,4.413519,29.47,62.369864518050704,0
5.45,4.405843,29.47,62.369864518050704,0
0.63,4.414798,29.47,62.369864518050704,0
-3.79,4.404564,29.47,62.369864518050704,0
0.26,4.405843,29.47,62.369864518050704,0
2.06,4.409681,29.45,62.5859409132754,0
-0.05,4.408401,29.45,62.369864518050704,0
-1.49,4.393051,29.45,62.5859409132754,0
1.83,4.393051,29.45,62.55397669213365,0
-0.84,4.395609,29.45,62.76941930590086,0
-2.18,4.39433,29.45,62.76941930590086,0
-1.41,4.391771,29.45,62.5859409132754,0
0.99,4.391771,29.45,63.33245613427605,0
-1.24,4.389213,29.43,63.33245613427605,0
-3.51,4.387934,29.43,63.33245613427605,0
1.36,4.382817,29.43,63.33245613427605,0
1.93,4.380258,29.43,62.369864518050704,0
0.34,4.386654,29.41,63.33245613427605,0
-5.6,4.386654,29.41,63.166446789415026,0
-1.51,4.382817,29.41,63.166446789415026,0
2.03,4.386654,29.41,63.33245613427605,0
-1.77,4.387934,29.43,63.33245613427605,0
2.24,4.389213,29.43,62.5859409132754,0
4.4,4.387934,29.43,63.51377803280167,0
3.88,4.386654,29.43,62.369864518050704,0
0.56,4.386654,29.45,62.55397669213365,0
4.65,4.386654,29.45,62.369864518050704,0
2.31,4.386654,29.45,63.33245613427605,0
-6.21,4.384096,29.45,63.33245613427605,0
-1.1,4.382817,29.47,62.369864518050704,0
4.79,4.37642,29.47,63.51377803280167,0
0.77,4.380258,29.47,63.13477647065839,0
-5.48,4.373862,29.47,62.369864518050704,0
1.18,4.371304,29.49,62.55397669213365,0
0.8,4.371304,29.49,62.55397669213365,0
-3.77,4.370024,29.49,62.55397669213365,0
3.38,4.368745,29.49,62.55397669213365,0
-7.53,4.366187,29.53,62.55397669213365,0
0.01,4.361069,29.53,62.55397669213365,0
3.62,4.361069,29.53,62.55397669213365,0
1.92,4.354673,29.53,62.75348595894893,0
2.77,4.349556,29.47,62.75348595894893,0
-0.78,4.353394,29.47,62.76941930590086,0
1.7,4.344439,29.47,62.55397669213365,0
1.29,4.348277,29.47,62.55397669213365,0
-0.67,4.346998,29.53,62.55397669213365,0
-2.09,4.348277,29.53,62.55397669213365,0
4.49,4.346998,29.53,62.55397669213365,0
-0.23,4.346998,29.53,62.55397669213365,0
-9.76,4.350835,29.53,62.55397669213365,0
2.4,4.352115,29.53,63.51377803280167,0
1.67,4.346998,29.53,62.55397669213365,0
-5.24,4.34316,29.53,62.55397669213365,0
4.43,4.348277,29.53,62.369864518050704,0
1.42,4.346998,29.53,62.369864518050704,0
-2.23,4.349556,29.53,63.33245613427605,0
-6.87,4.348277,29.53,62.369864518050704,0
3.3,4.346998,29.53,63.33245613427605,0
5.2,4.341881,29.53,62.55397669213365,0
2.29,4.341881,29.53,63.51377803280167,0
5.44,4.334205,29.53,62.55397669213365,0
5.89,4.331646,29.51,62.55397669213365,0
3.18,4.325251,29.51,62.76941930590086,0
-1.12,4.320133,29.51,62.55397669213365,0
-2.84,4.325251,29.51,62.55397669213365,0
-8.06,4.323971,29.55,62.55397669213365,0
0.16,4.320133,29.55,62.55397669213365,0
-2.93,4.318854,29.55,62.55397669213365,0
2.48,4.320133,29.55,62.55397669213365,0
-1.87,4.320133,29.55,63.51377803280167,0
-6.22,4.320133,29.55,62.55397669213365,0
0.16,4.322692,29.55,62.55397669213365,0
1.96,4.322692,29.55,62.55397669213365,0
-0.39,4.320133,29.57,62.55397669213365,0
-1.79,4.315016,29.57,62.55397669213365,0
1.67,4.320133,29.57,62.55397669213365,0
4.58,4.317575,29.57,62.55397669213365,0
-2.3,4.320133,29.55,62.55397669213365,0
-0.38,4.318854,29.55,62.55397669213365,0
-0.99,4.295827,29.55,62.55397669213365,0
-2.94,4.30862,29.55,62.55397669213365,0
3.38,4.311179,29.57,62.55397669213365,0
3.91,4.30862,29.57,62.55397669213365,0
-0.71,4.309899,29.57,62.55397669213365,0
2.39,4.304782,29.57,62.55397669213365,0
1.43,4.299665,29.57,62.55397669213365,0
-1.68,4.300945,29.57,63.31666447310692,0
-3.63,4.302224,29.57,62.55397669213365,0
1.49,4.295827,29.57,62.55397669213365,0
2.12,4.297107,29.59,62.55397669213365,0
-0.64,4.294549,29.59,62.55397669213365,0
-0.2,4.297107,29.59,63.51377803280167,0
2.78,4.29199,29.59,63.51377803280167,0
1.31,4.295827,29.59,62.55397669213365,0
-5.87,4.294549,29.59,62.353829072479584,0
-3.23,4.294549,29.59,62.55397669213365,0
-1.13,4.288152,29.59,63.31666447310692,0
1.13,4.293269,29.63,63.51377803280167,0
0.34,4.283035,29.63,63.13477647065839,0
2.15,4.29071,29.63,62.16912416947821,0
-1.27,4.283035,29.63,62.369864518050704,0
-1.56,4.289432,29.65,63.13477647065839,0
-3.88,4.289432,29.65,62.353829072479584,0
-0.55,4.295827,29.65,62.55397669213365,0
-0.44,4.295827,29.65,62.353829072479584,0
-2.89,4.295827,29.65,63.31666447310692,0
1.14,4.298386,29.65,62.353829072479584,0
4.52,4.29199,29.65,62.16912416947821,0
5.11,4.29199,29.65,62.353829072479584,0
0.48,4.297107,29.67,62.55397669213365,0
0.91,4.294549,29.67,63.51377803280167,0
-1.42,4.294549,29.67,63.93746945258312,0
-12.08,4.29071,29.67,66.34003316248794,0
6.94,4.318854,29.67,55.5517776493246,0
19.53,4.363628,29.67,64.45153217728807,0
26.94,4.404564,29.67,67.4166151627327,0
36.5,4.370024,29.67,63.31666447310692,0
51.08,4.380258,29.69,61.84658438426491,0
-46.7,4.405843,29.69,59.88321968631947,0
-143.36,4.421194,29.69,64.28841264178172,0
-1.87,4.421194,29.69,66.82813778641449,0
-2.97,4.421194,29.71,61.1310068623117,0
50.13,4.373862,29.71,67.38694235532579,0
-43.47,4.289432,29.71,65.612498809297,0
33.36,4.332926,29.71,62.13694553162394,0
29.5,4.51458,29.75,64.13267497929586,0
-9.3,4.560633,29.75,65.06919393998976,0
37.66,4.561912,29.75,66.24952830020754,0
72.7,4.630991,29.75,66.87301398920195,0
37.74,4.822879,29.73,64.41273166075166,0
7.45,4.900914,29.73,64.17164482853778,0
13.41,4.68472,29.73,69.3757882838098,0
-58.68,4.648901,29.73,61.75759062657804,0
-18.38,4.622037,29.77,58.90670590009256,0
74.72,4.524814,29.77,59.69087032369355,0
-131.37,4.5811,29.77,70.04284403134984,0
12.96,4.558074,29.77,66.83561924602779,0
-84.63,4.642505,29.79,54.7905101272109,0
127.71,4.632271,29.79,60.71243694664216,0
-0.05,4.5811,29.79,62.93647591023825,0
-41.05,4.532489,29.79,64.7533782902483,0
31.79,4.533768,29.85,61.82232606429493,0
-88.94,4.519697,29.85,63.0,0
-40.87,4.529931,29.85,64.47480127925948,0
90.38,4.512021,29.85,62.23343153000644,0
23.55,4.500508,29.85,63.26926584053272,0
17.22,4.49667,29.85,64.389440128021,0
76.08,4.503067,29.85,63.788713735268246,0
108.69,4.583659,29.85,63.474404290233394,0
89.93,4.634829,29.89,62.68173577685928,0
-96.27,4.636108,29.89,63.53739056650029,0
-71.01,4.628433,29.89,65.42935121182236,0
-68.11,4.63355,29.89,65.39877674696982,0
-49.13,4.682161,29.93,74.81978348003956,0
0.91,4.730773,29.93,45.32107677449864,0
111.22,4.519697,29.93,144.10412901787373,0
49.08,4.510742,29.93,26.570660511172846,0
-48.19,4.519697,29.95,65.42935121182236,0
-97.91,4.512021,29.95,56.68333088307355,0
-100.64,4.487715,29.95,60.440052945046304,0
85.16,4.524814,29.95,60.975404877704584,0
1.92,4.538886,29.95,62.465990746965666,0
2.26,4.721818,29.95,106.1178590059185,0
25.88,5.092801,29.95,59.715994507334464,0
59.52,5.602682,29.95,57.8013840664737,0
83.59,5.828478,29.99,73.11634564172364,0
238.43,5.170943,29.99,62.10475022089695,0
-229.3,4.995685,29.99,64.26507605223851,0
-89.61,4.901021,29.99,65.64297372910524,0
-386.58,4.842806,29.99,63.63961030678928,0
173.61,4.809546,29.99,63.72597586541927,0
116.45,4.769889,29.99,61.34329629226001,0
-25.72,4.75198,29.99,60.340699366182356,0
-5.68,4.726395,30.05,62.10475022089695,0
1.16,4.725115,30.05,77.47257579298626,0
3.03,4.7507,30.05,53.74011537017761,0
6.14,4.699531,30.05,53.225933528685054,0
-65.02,4.653477,30.07,72.70488291717415,0
-9.34,4.635568,30.07,57.94825277780168,0
16.79,4.593352,30.07,58.90670590009256,0
-5.57,4.565209,30.07,60.663003552412405,0
-6.51,4.407861,30.07,66.4304147209695,0
-40.29,4.363628,30.07,61.45730225123781,0
19.89,4.323971,30.07,62.77738446287803,0
4.68,4.400726,30.07,65.42935121182236,0
91.62,4.387934,30.09,66.97014260101288,0
253.44,4.409681,30.09,60.30754513325841,0
-291.79,4.425032,30.09,64.2339474110069,0
-107.8,4.454455,30.09,62.056425936400814,0
-7.67,4.444221,30.09,61.69278726074872,0
16.42,4.460851,30.09,63.324560795950255,0
33.76,4.477481,30.09,62.39390995922599,0
-52.46,4.492832,30.09,63.92182725798755,0
12.87,4.482598,30.09,63.00793600809346,0
-12.42,4.512021,30.09,62.76941930590086,0
37.82,4.529931,30.09,62.489999199871974,0
25.0,4.560633,30.09,63.190189111918315,0
50.44,4.556795,30.09,63.45076831686122,0
-68.61,4.56447,30.09,62.22539674441618,0
-151.82,4.556795,30.09,64.22616289332565,0
179.1,4.579822,30.09,63.671029518926424,0
78.24,4.605406,30.09,62.385895841928885,0
-91.55,4.63355,30.09,63.324560795950255,0
53.25,4.648901,30.09,60.753600716336145,0
8.42,4.637388,30.09,61.90315016216864,0
64.26,4.630991,30.11,63.103090257134,0
49.88,4.630991,30.11,63.84355879804947,0
-93.64,4.63355,30.11,63.56886030125127,0
-39.82,4.636108,30.11,62.609903369994115,0
-91.13,4.628433,30.11,63.56886030125127,0
42.63,4.638667,30.11,62.36184731067546,0
-1.18,4.637388,30.11,62.36184731067546,0
-13.59,4.634829,30.11,62.74551776820397,0
5.91,4.632271,30.11,62.609903369994115,0
-0.61,4.629712,30.11,62.609903369994115,0
2.89,4.628433,30.11,62.609903369994115,0
0.13,4.614361,30.11,62.609903369994115,0
21.44,4.609244,30.09,63.00793600809346,0
-9.71,4.611803,30.09,63.00793600809346,0
-11.98,4.613082,30.09,62.8728876384726,0
8.48,4.595172,30.09,62.24146527838174,0
9.69,4.595172,30.13,62.609903369994115,0
1.03,4.600289,30.13,62.24146527838174,0
9.51,4.601569,30.13,62.489999199871974,0
-25.06,4.607965,30.13,62.609903369994115,0
14.62,4.611803,30.13,63.56886030125127,0
4.69,4.607965,30.13,63.82789358893179,0
-6.88,4.609244,30.13,62.8728876384726,0
-1.16,4.59901,30.13,62.75348595894893,0
7.0,4.609244,30.11,62.75348595894893,0
-5.45,4.601569,30.11,62.489999199871974,0
0.46,4.605406,30.11,62.75348595894893,0
2.09,4.597731,30.11,62.489999199871974,0
3.85,4.600289,30.13,62.8728876384726,0
-3.34,4.59901,30.13,61.78996682310163,0
-0.93,4.597731,30.13,63.15853069855251,0
3.51,4.591335,30.13,62.36184731067546,0
1.1,4.596452,30.11,62.75348595894893,0
0.1,4.58238,30.11,61.741396161732524,0
-5.88,4.535048,30.11,62.8728876384726,0
-0.85,4.554236,30.11,62.74551776820397,0
10.06,4.563191,30.15,62.609903369994115,0
5.08,4.558074,30.15,62.36184731067546,0
-7.99,4.56575,30.15,62.24146527838174,0
7.41,4.558074,30.15,63.324560795950255,0
1.14,4.56575,30.11,62.36184731067546,0
-1.73,4.561912,30.11,62.36184731067546,0
1.74,4.563191,30.11,62.74551776820397,0
-13.37,4.555516,30.11,62.609903369994115,0
0.74,4.558074,30.15,62.36184731067546,0
-1.26,4.545281,30.15,62.74551776820397,0
-5.84,4.555516,30.15,62.609903369994115,0
3.08,4.550399,30.15,62.74551776820397,0
-2.09,4.554236,30.15,62.74551776820397,0
-5.2,4.551678,30.15,63.00793600809346,0
1.18,4.554236,30.15,63.00793600809346,0
2.78,4.549119,30.15,62.609903369994115,0
-5.27,4.552957,30.13,62.609903369994115,0
6.99,4.537606,30.13,62.74551776820397,0
2.45,4.558074,30.13,62.609903369994115,0
-1.45,4.552957,30.13,62.74551776820397,0
1.48,4.550399,30.13,63.702433234531945,0
-4.74,4.552957,30.13,62.74551776820397,0
-1.91,4.556795,30.13,62.609903369994115,0
5.66,4.552957,30.13,63.702433234531945,0
0.52,4.558074,30.15,62.609903369994115,0
-4.01,4.56447,30.15,62.609903369994115,0
2.62,4.56447,30.15,62.36184731067546,0
-0.61,4.56575,30.15,63.56886030125127,0
-4.03,4.568308,30.15,62.609903369994115,0
3.19,4.558074,30.15,63.96092557178953,0
1.41,4.569587,30.15,63.45864795282043,0
-1.14,4.563191,30.15,63.43500610861482,0
1.5,4.570867,30.13,62.49799996799898,0
1.78,4.575984,30.13,63.45864795282043,0
4.25,4.572146,30.13,62.49799996799898,0
7.05,4.569587,30.13,62.49799996799898,0
-0.99,4.570867,30.17,61.53048025166064,0
-8.73,4.569587,30.17,63.06346010171025,0
-5.45,4.568308,30.17,63.56886030125127,0
2.16,4.573425,30.17,62.74551776820397,0
1.16,4.569587,30.17,62.49799996799898,0
-6.89,4.568308,30.17,62.49799996799898,0
2.28,4.561912,30.17,62.609903369994115,0
5.63,4.568308,30.17,63.324560795950255,0
-5.77,4.56575,30.17,62.36184731067546,0
4.79,4.56575,30.17,62.36184731067546,0
3.17,4.559353,30.17,62.36184731067546,0
-3.46,4.559353,30.17,62.49799996799898,0
1.16,4.558074,30.17,62.36184731067546,0
-0.56,4.559353,30.17,62.36184731067546,0
-0.65,4.561912,30.17,62.49799996799898,0
2.05,4.561912,30.17,63.45864795282043,0
2.0,4.56575,30.19,62.49799996799898,0
-1.86,4.563191,30.19,62.36184731067546,0
0.45,4.56575,30.19,62.49799996799898,0
3.92,4.560633,30.19,62.49799996799898,0
1.0,4.563191,30.17,62.36184731067546,0
-2.92,4.563191,30.17,62.36184731067546,0
0.43,4.56575,30.17,62.49799996799898,0
1.73,4.56447,30.17,62.49799996799898,0
2.14,4.56575,30.17,62.49799996799898,0
-2.09,4.56575,30.17,63.45864795282043,0
-1.42,4.563191,30.17,62.49799996799898,0
2.21,4.56447,30.17,62.49799996799898,0
-0.85,4.551678,30.15,62.49799996799898,0
-4.79,4.56575,30.15,62.49799996799898,0
4.37,4.554236,30.15,62.49799996799898,0
2.46,4.558074,30.15,62.49799996799898,0
-2.12,4.551678,30.19,63.45864795282043,0
-4.98,4.561912,30.19,62.49799996799898,0
4.64,4.554236,30.19,62.49799996799898,0
0.08,4.556795,30.19,62.36184731067546,0
-5.89,4.550399,30.17,63.45864795282043,0
2.87,4.552957,30.17,62.49799996799898,0
3.45,4.549119,30.17,62.49799996799898,0
1.11,4.544003,30.17,62.49799996799898,0
-4.87,4.545281,30.17,62.36184731067546,0
1.24,4.549119,30.17,62.49799996799898,0
5.37,4.523534,30.17,62.49799996799898,0
0.4,4.538886,30.17,62.36184731067546,0
-4.95,4.536327,30.19,62.36184731067546,0
3.34,4.542723,30.19,62.49799996799898,0
5.15,4.538886,30.19,62.36184731067546,0
0.56,4.544003,30.19,62.36184731067546,0
-4.03,4.540164,30.21,63.702433234531945,0
-1.45,4.544003,30.21,62.49799996799898,0
5.48,4.533768,30.21,62.49799996799898,0
0.32,4.544003,30.21,62.49799996799898,0
-7.34,4.536327,30.21,62.49799996799898,0
3.06,4.546561,30.21,62.49799996799898,0
5.13,4.537606,30.21,63.45864795282043,0
-1.49,4.542723,30.21,62.49799996799898,0
-6.62,4.536327,30.19,62.49799996799898,0
3.94,4.544003,30.19,62.49799996799898,0
3.66,4.544003,30.19,62.49799996799898,0
-4.23,4.546561,30.19,62.36184731067546,0
6.0,4.540164,30.19,63.45864795282043,0
6.37,4.540164,30.19,62.49799996799898,0
0.27,4.537606,30.19,62.49799996799898,0
-5.7,4.538886,30.19,62.49799996799898,0
-0.98,4.535048,30.21,62.49799996799898,0
7.54,4.545281,30.21,62.49799996799898,0
0.46,4.536327,30.21,62.49799996799898,0
-4.58,4.540164,30.21,63.45864795282043,0
-9.14,4.536327,30.19,62.49799996799898,0
5.32,4.546561,30.19,63.45864795282043,0
1.8,4.535048,30.19,62.49799996799898,0
-1.98,4.538886,30.19,62.49799996799898,0
-8.44,4.528651,30.21,63.324560795950255,0
3.97,4.544003,30.21,62.49799996799898,0
4.49,4.538886,30.21,62.49799996799898,0
0.44,4.538886,30.21,62.49799996799898,0
-6.57,4.538886,30.21,63.45864795282043,0
3.01,4.544003,30.21,62.49799996799898,0
5.69,4.538886,30.21,62.36184731067546,0
-0.34,4.541444,30.21,63.45864795282043,0
-6.49,4.544003,30.19,62.49799996799898,0
3.38,4.541444,30.19,63.45864795282043,0
4.53,4.538886,30.19,62.49799996799898,0
-1.27,4.533768,30.19,62.49799996799898,0
-8.5,4.537606,30.17,62.49799996799898,0
4.66,4.537606,30.17,63.45864795282043,0
3.48,4.536327,30.17,63.324560795950255,0
-1.32,4.536327,30.17,62.49799996799898,0
-7.65,4.536327,30.17,63.45864795282043,0
2.5,4.535048,30.17,62.49799996799898,0
5.05,4.536327,30.17,63.45864795282043,0
0.52,4.537606,30.17,62.49799996799898,0
-5.41,4.535048,30.15,62.36184731067546,0
3.16,4.529931,30.15,63.45864795282043,0
5.08,4.524814,30.15,62.49799996799898,0
1.15,4.527372,30.15,62.49799996799898,0
-4.4,4.535048,30.17,63.45864795282043,0
-0.57,4.53121,30.17,62.49799996799898,0
4.42,4.53121,30.17,62.36184731067546,0
2.22,4.527372,30.17,62.49799996799898,0
-2.13,4.53121,30.15,62.49799996799898,0
-6.18,4.528651,30.15,62.49799996799898,0
2.4,4.533768,30.15,63.45864795282043,0
4.64,4.533768,30.15,63.45864795282043,0
-1.13,4.535048,30.17,62.49799996799898,0
-8.59,4.528651,30.17,62.49799996799898,0
6.44,4.538886,30.17,63.45864795282043,0
4.23,4.536327,30.17,62.49799996799898,0
-0.66,4.537606,30.17,63.45864795282043,0
-5.89,4.541444,30.17,62.36184731067546,0
3.05,4.538886,30.17,63.324560795950255,0
3.3,4.535048,30.17,62.49799996799898,0
-0.0,4.536327,30.17,62.36184731067546,0
-4.57,4.537606,30.17,62.49799996799898,0
1.99,4.536327,30.17,63.324560795950255,0
3.42,4.53121,30.17,62.36184731067546,0
-1.04,4.527372,30.15,63.45864795282043,0
-7.69,4.528651,30.15,62.36184731067546,0
5.0,4.529931,30.15,62.36184731067546,0
2.42,4.526093,30.15,63.45864795282043,0
-2.4,4.529931,30.17,63.324560795950255,0
-7.02,4.528651,30.17,62.36184731067546,0
5.27,4.505625,30.17,63.324560795950255,0
3.21,4.517138,30.17,62.49799996799898,0
-0.04,4.522255,30.13,62.49799996799898,0
-7.28,4.518417,30.13,62.36184731067546,0
4.6,4.519697,30.13,63.324560795950255,0
4.25,4.509462,30.13,62.49799996799898,0
2.4,4.519697,30.15,62.49799996799898,0
-2.52,4.51458,30.15,62.49799996799898,0
-1.48,4.519697,30.15,63.45864795282043,0
4.0,4.51458,30.15,63.324560795950255,0
1.16,4.518417,30.13,63.324560795950255,0
-2.44,4.520976,30.13,62.49799996799898,0
-9.08,4.519697,30.13,62.49799996799898,0
3.74,4.522255,30.13,62.36184731067546,0
2.85,4.520976,30.17,63.45864795282043,0
-0.71,4.520976,30.17,62.36184731067546,0
-6.63,4.517138,30.17,63.324560795950255,0
3.67,4.524814,30.17,62.36184731067546,0
2.68,4.523534,30.17,62.36184731067546,0
-1.5,4.519697,30.17,62.36184731067546,0
-5.98,4.523534,30.17,63.324560795950255,0
3.43,4.519697,30.17,62.36184731067546,0
3.06,4.523534,30.19,62.49799996799898,0
-0.91,4.523534,30.19,63.45864795282043,0
-5.51,4.528651,30.19,63.45864795282043,0
2.34,4.524814,30.19,63.324560795950255,0
1.69,4.522255,30.19,62.49799996799898,0
1.31,4.522255,30.19,62.36184731067546,0
-7.97,4.524814,30.19,62.49799996799898,0
4.34,4.523534,30.19,62.36184731067546,0
3.66,4.523534,30.17,62.26556030423239,0
-0.88,4.522255,30.17,63.45864795282043,0
-9.04,4.5133,30.17,63.45864795282043,0
4.29,4.524814,30.17,63.229739838148944,0
5.31,4.523534,30.17,63.45864795282043,0
-1.72,4.53121,30.17,63.229739838148944,0
-10.0,4.520976,30.17,62.36184731067546,0
2.79,4.523534,30.17,63.45864795282043,0
6.25,4.512021,30.19,63.229739838148944,0
0.08,4.526093,30.19,63.45864795282043,0
-4.25,4.515859,30.19,62.49799996799898,0
-0.6,4.522255,30.19,62.26556030423239,0
5.9,4.518417,30.19,63.45864795282043,0
2.29,4.527372,30.19,63.324560795950255,0
-3.53,4.518417,30.19,63.45864795282043,0
-8.05,4.520976,30.19,62.26556030423239,0
5.3,4.523534,30.19,62.36184731067546,0
3.22,4.527372,30.19,62.49799996799898,0
-0.56,4.518417,30.19,63.45864795282043,0
-8.33,4.515859,30.19,62.36184731067546,0
3.31,4.517138,30.19,63.45864795282043,0
4.04,4.526093,30.19,63.45864795282043,0
-0.07,4.519697,30.19,62.49799996799898,0
-5.71,4.522255,30.19,62.36184731067546,0
1.45,4.518417,30.17,62.49799996799898,0
4.62,4.526093,30.17,62.36184731067546,0
-0.25,4.519697,30.17,62.49799996799898,0
-8.55,4.522255,30.17,62.49799996799898,0
4.25,4.517138,30.19,62.49799996799898,0
1.62,4.524814,30.19,63.324560795950255,0
-5.45,4.508183,30.19,62.26556030423239,0
1.76,4.519697,30.19,62.36184731067546,0
3.29,4.5133,30.19,62.49799996799898,0
1.24,4.518417,30.19,63.324560795950255,0
-8.03,4.512021,30.19,63.324560795950255,0
3.8,4.515859,30.19,62.49799996799898,0
4.49,4.510742,30.19,63.45864795282043,0
-0.23,4.515859,30.19,63.45864795282043,0
-7.13,4.512021,30.19,63.45864795282043,0
3.6,4.5133,30.19,62.26556030423239,0
6.32,4.510742,30.17,63.45864795282043,0
1.46,4.508183,30.17,62.49799996799898,0
-3.79,4.509462,30.17,63.45864795282043,0
-5.34,4.512021,30.17,62.26556030423239,0
3.04,4.506904,30.19,63.45864795282043,0
4.39,4.512021,30.19,63.45864795282043,0
-1.73,4.508183,30.19,63.095166217389426,0
-10.08,4.5133,30.19,63.324560795950255,0
5.35,4.508183,30.19,63.229739838148944,0
4.54,4.5133,30.19,63.324560795950255,0
-2.26,4.486436,30.19,63.324560795950255,0
-7.25,4.504345,30.19,63.324560795950255,0
5.74,4.495391,30.19,62.49799996799898,0
5.86,4.5133,30.19,63.45864795282043,0
0.3,4.505625,30.19,63.45864795282043,0
-4.01,4.51458,30.19,62.36184731067546,0
1.62,4.508183,30.19,63.45864795282043,0
6.93,4.518417,30.19,62.36184731067546,0
2.04,4.510742,30.19,63.324560795950255,0
-3.87,4.5133,30.19,62.36184731067546,0
-4.46,4.51458,30.17,63.45864795282043,0
2.01,4.520976,30.17,62.36184731067546,0
1.89,4.5133,30.17,62.36184731067546,0
-4.45,4.510742,30.17,63.45864795282043,0
-5.22,4.510742,30.19,62.36184731067546,0
3.72,4.519697,30.19,63.324560795950255,0
2.8,4.515859,30.19,62.49799996799898,0
-5.72,4.517138,30.19,62.26556030423239,0
2.8,4.515859,30.19,62.49799996799898,0
4.31,4.520976,30.19,63.45864795282043,0
-1.84,4.506904,30.19,62.49799996799898,0
-8.62,4.517138,30.19,63.324560795950255,0
6.12,4.515859,30.17,63.324560795950255,0
5.6,4.520976,30.17,62.26556030423239,0
-3.09,4.509462,30.17,62.49799996799898,0
-9.71,4.517138,30.17,63.324560795950255,0
4.47,4.51458,30.19,62.26556030423239,0
6.86,4.520976,30.19,63.095166217389426,0
1.05,4.515859,30.19,63.229739838148944,0
-6.24,4.51458,30.19,62.26556030423239,0
1.14,4.515859,30.21,62.26556030423239,0
5.41,4.519697,30.21,63.095166217389426,0
2.18,4.520976,30.21,63.229739838148944,0
-2.44,4.515859,30.21,63.095166217389426,0
-13.46,4.515859,30.19,63.095166217389426,0
6.06,4.508183,30.19,62.49799996799898,0
5.97,4.51458,30.19,63.229739838148944,0
-0.07,4.51458,30.19,62.26556030423239,0
-5.1,4.51458,30.17,62.12889826803627,0
2.97,4.515859,30.17,63.45864795282043,0
5.89,4.5133,30.17,63.324560795950255,0
1.13,4.515859,30.17,63.45864795282043,0
-4.14,4.51458,30.17,63.324560795950255,0
-3.9,4.515859,30.17,63.324560795950255,0
2.76,4.5133,30.17,62.49799996799898,0
1.89,4.51458,30.17,63.45864795282043,0
-4.28,4.508183,30.19,63.45864795282043,0
-3.8,4.518417,30.19,62.36184731067546,0
1.7,4.5133,30.19,63.324560795950255,0
0.06,4.5133,30.19,63.45864795282043,0
-6.33,4.510742,30.17,62.36184731067546,0
3.59,4.5133,30.17,62.49799996799898,0
3.5,4.510742,30.17,63.45864795282043,0
0.53,4.51458,30.17,62.36184731067546,0
-10.44,4.518417,30.15,63.45864795282043,0
5.57,4.520976,30.15,63.45864795282043,0
6.83,4.515859,30.15,63.229739838148944,0
1.03,4.509462,30.15,63.45864795282043,0
-8.45,4.515859,30.15,63.45864795282043,0
3.36,4.520976,30.15,62.26556030423239,0
8.02,4.518417,30.15,63.229739838148944,0
3.22,4.518417,30.15,63.229739838148944,0
-3.4,4.517138,30.17,62.26556030423239,0
-11.7,4.523534,30.17,63.229739838148944,0
6.42,4.517138,30.17,62.49799996799898,0
7.34,4.519697,30.17,63.229739838148944,0
-1.52,4.517138,30.15,63.229739838148944,0
-8.44,4.522255,30.15,63.229739838148944,0
5.44,4.512021,30.15,63.229739838148944,0
6.92,4.519697,30.15,63.229739838148944,0
1.65,4.515859,30.17,63.229739838148944,0
-4.85,4.510742,30.17,63.45864795282043,0
-5.47,4.5133,30.17,63.229739838148944,0
4.12,4.51458,30.17,63.324560795950255,0
3.92,4.51458,30.15,62.49799996799898,0
-1.29,4.51458,30.15,62.36184731067546,0
-7.74,4.51458,30.15,63.45864795282043,0
2.62,4.515859,30.15,62.36184731067546,0
5.0,4.515859,30.15,63.324560795950255,0
0.25,4.508183,30.15,63.324560795950255,0
-6.04,4.491553,30.15,63.324560795950255,0
4.71,4.506904,30.15,62.36184731067546,0
3.58,4.509462,30.17,63.45864795282043,0
-1.96,4.506904,30.17,62.12889826803627,0
-7.65,4.512021,30.17,63.45864795282043,0
3.08,4.506904,30.17,63.324560795950255,0
5.4,4.510742,30.19,62.49799996799898,0
-5.36,4.506904,30.19,62.49799996799898,0
-0.53,4.510742,30.19,63.095166217389426,0
4.34,4.506904,30.19,63.229739838148944,0
0.42,4.503067,30.15,62.49799996799898,0
-9.52,4.510742,30.15,62.26556030423239,0
5.83,4.509462,30.15,62.12889826803627,0
5.59,4.505625,30.15,63.229739838148944,0
1.95,4.509462,30.15,63.229739838148944,0
-3.89,4.505625,30.15,63.229739838148944,0
-13.13,4.510742,30.15,62.12889826803627,0
6.59,4.506904,30.15,63.229739838148944,0
6.72,4.510742,30.15,62.26556030423239,0
1.25,4.506904,30.15,63.229739838148944,0
-5.1,4.512021,30.15,62.26556030423239,0
-4.18,4.500508,30.15,63.229739838148944,0
4.26,4.510742,30.15,63.095166217389426,0
1.32,4.510742,30.15,63.229739838148944,0
0.36,4.5133,30.15,63.095166217389426,0
-6.57,4.508183,30.15,63.229739838148944,0
1.81,4.517138,30.13,63.229739838148944,0
4.54,4.527372,30.13,62.26556030423239,0
-0.45,4.533768,30.13,63.229739838148944,0
-2.91,4.538886,30.13,63.229739838148944,0
-5.53,4.540164,30.15,62.26556030423239,0
2.83,4.538886,30.15,63.095166217389426,0
3.08,4.538886,30.15,63.095166217389426,0
-1.88,4.544003,30.15,62.12889826803627,0
-7.74,4.54784,30.17,63.324560795950255,0
3.59,4.550399,30.17,63.324560795950255,0
5.38,4.551678,30.17,63.324560795950255,0
0.28,4.550399,30.17,63.45864795282043,0
-4.66,4.555516,30.15,62.36184731067546,0
1.94,4.551678,30.15,63.324560795950255,0
5.91,4.558074,30.15,63.45864795282043,0
-1.61,4.552957,30.15,62.36184731067546,0
-6.6,4.558074,30.13,63.45864795282043,0
4.93,4.549119,30.13,63.324560795950255,0
6.33,4.559353,30.13,62.36184731067546,0
-4.26,4.555516,30.13,63.324560795950255,0
-6.57,4.560633,30.15,62.36184731067546,0
6.29,4.558074,30.15,63.229739838148944,0
3.0,4.561912,30.15,63.229739838148944,0
-7.78,4.558074,30.15,63.229739838148944,0
5.35,4.561912,30.15,63.095166217389426,0
8.63,4.560633,30.15,62.12889826803627,0
2.09,4.56447,30.15,63.095166217389426,0
-4.67,4.560633,30.15,63.229739838148944,0
-8.5,4.559353,30.15,63.095166217389426,0
8.01,4.563191,30.15,63.229739838148944,0
5.34,4.567029,30.15,62.26556030423239,0
-0.12,4.560633,30.15,63.095166217389426,0
-7.39,4.56447,30.15,62.26556030423239,0
0.03,4.560633,30.15,63.229739838148944,0
7.0,4.56447,30.15,63.229739838148944,0
4.46,4.560633,30.15,63.229739838148944,0
-0.32,4.56575,30.15,63.095166217389426,0
-6.93,4.560633,30.15,63.095166217389426,0
1.65,4.563191,30.15,62.26556030423239,0
4.84,4.552957,30.15,63.095166217389426,0
-0.1,4.56447,30.15,63.229739838148944,0
-0.76,4.561912,30.15,63.095166217389426,0
-9.05,4.56447,30.15,63.095166217389426,0
3.31,4.560633,30.15,63.229739838148944,0
4.97,4.56447,30.15,63.324560795950255,0
-1.02,4.56447,30.15,62.12889826803627,0
-4.01,4.56447,30.15,63.324560795950255,0
-4.45,4.56575,30.15,62.12889826803627,0
5.09,4.567029,30.15,63.45864795282043,0
3.3,4.563191,30.15,63.324560795950255,0
-2.09,4.560633,30.15,63.324560795950255,0
-8.0,4.56447,30.15,62.36184731067546,0
4.54,4.56575,30.15,63.324560795950255,0
6.07,4.568308,30.15,63.45864795282043,0
-2.04,4.544003,30.15,62.36184731067546,0
-10.32,4.556795,30.15,63.324560795950255,0
5.02,4.561912,30.17,63.45864795282043,0
2.24,4.558074,30.17,62.49799996799898,0
-9.28,4.563191,30.17,62.49799996799898,0
6.71,4.559353,30.17,62.36184731067546,0
1.47,4.56447,30.17,63.095166217389426,0
-10.25,4.554236,30.17,63.095166217389426,0
7.44,4.563191,30.17,62.26556030423239,0
3.44,4.558074,30.17,62.12889826803627,0
-10.05,4.56447,30.17,63.324560795950255,0
7.59,4.560633,30.17,63.095166217389426,0
8.43,4.563191,30.17,63.095166217389426,0
0.53,4.560633,30.17,63.229739838148944,0
-1.97,4.56447,30.15,63.229739838148944,0
-13.65,4.561912,30.15,63.229739838148944,0
7.73,4.560633,30.15,62.12889826803627,0
8.88,4.559353,30.15,63.095166217389426,0
1.23,4.555516,30.15,63.229739838148944,0
-2.46,4.56447,30.15,63.229739838148944,0
-13.32,4.561912,30.15,63.095166217389426,0
7.06,4.563191,30.15,63.229739838148944,0
6.11,4.561912,30.17,62.12889826803627,0
-0.45,4.563191,30.17,63.095166217389426,0
-5.29,4.563191,30.17,63.229739838148944,0
-3.13,4.56447,30.17,63.095166217389426,0
4.7,4.56447,30.15,63.095166217389426,0
3.34,4.56575,30.15,63.45864795282043,0
-0.71,4.56447,30.15,63.095166217389426,0
-11.23,4.556795,30.15,63.324560795950255,0
4.91,4.56575,30.15,63.45864795282043,0
5.38,4.567029,30.15,63.324560795950255,0
0.27,4.567029,30.15,63.324560795950255,0
-5.87,4.569587,30.15,63.324560795950255,0
1.91,4.568308,30.15,63.324560795950255,0
5.38,4.568308,30.15,62.12889826803627,0
-1.29,4.569587,30.15,63.324560795950255,0
-9.67,4.570867,30.15,63.324560795950255,0
4.82,4.570867,30.17,63.324560795950255,0
2.0,4.575984,30.17,63.324560795950255,0
-6.81,4.563191,30.17,62.36184731067546,0
4.35,4.572146,30.17,62.12889826803627,0
5.12,4.569587,30.15,63.095166217389426,0
-6.54,4.568308,30.15,63.095166217389426,0
5.03,4.567029,30.15,63.095166217389426,0
6.3,4.569587,30.15,63.095166217389426,0
1.84,4.559353,30.15,63.095166217389426,0
-3.32,4.574704,30.15,63.095166217389426,0
-11.97,4.574704,30.15,63.229739838148944,0
7.33,4.572146,30.15,63.095166217389426,0
8.2,4.56575,30.17,63.095166217389426,0
1.73,4.567029,30.17,63.095166217389426,0
-4.43,4.56575,30.17,63.095166217389426,0
-13.36,4.568308,30.17,62.12889826803627,0
7.33,4.563191,30.15,63.095166217389426,0
7.65,4.570867,30.15,63.229739838148944,0
-1.74,4.56575,30.15,63.095166217389426,0
-6.98,4.567029,30.15,63.229739838148944,0
-2.84,4.563191,30.13,63.229739838148944,0
7.04,4.568308,30.13,63.095166217389426,0
3.0,4.561912,30.13,63.095166217389426,0
-2.12,4.568308,30.13,63.095166217389426,0
-12.34,4.555516,30.15,63.095166217389426,0
5.75,4.572146,30.15,62.12889826803627,0
6.65,4.567029,30.15,63.095166217389426,0
-1.03,4.568308,30.15,63.095166217389426,0
-7.2,4.568308,30.15,62.12889826803627,0
4.3,4.568308,30.15,63.095166217389426,0
7.7,4.569587,30.15,62.12889826803627,0
1.9,4.568308,30.15,63.095166217389426,0
-5.79,4.570867,30.13,63.095166217389426,0
-5.08,4.570867,30.13,63.324560795950255,0
7.13,4.570867,30.13,63.095166217389426,0
3.92,4.56447,30.13,62.36184731067546,0
-3.95,4.572146,30.15,63.324560795950255,0
-10.05,4.570867,30.15,63.095166217389426,0
4.7,4.569587,30.15,63.095166217389426,0
0.48,4.560633,30.15,62.12889826803627,0
-9.79,4.570867,30.13,63.095166217389426,0
2.73,4.577263,30.13,63.095166217389426,0
6.95,4.550399,30.13,63.095166217389426,0
-2.92,4.56575,30.13,63.095166217389426,0
-4.61,4.567029,30.15,63.095166217389426,0
9.36,4.563191,30.15,62.12889826803627,0
5.53,4.560633,30.15,63.095166217389426,0
-1.84,4.56447,30.15,63.095166217389426,0
-10.96,4.56575,30.11,63.229739838148944,0
9.14,4.561912,30.11,63.095166217389426,0
8.91,4.56575,30.11,63.095166217389426,0
1.89,4.561912,30.11,63.095166217389426,0
-3.9,4.567029,30.11,63.095166217389426,0
-15.63,4.563191,30.11,63.095166217389426,0
11.06,4.567029,30.11,63.095166217389426,0
8.19,4.561912,30.11,63.095166217389426,0
-0.7,4.56575,30.11,63.095166217389426,0
-12.6,4.560633,30.11,63.095166217389426,0
2.72,4.567029,30.11,63.095166217389426,0
9.61,4.561912,30.11,63.095166217389426,0
4.57,4.568308,30.11,63.095166217389426,0
-3.6,4.567029,30.11,63.095166217389426,0
-9.17,4.567029,30.11,63.095166217389426,0
4.17,4.56447,30.11,63.095166217389426,0
2.87,4.568308,30.11,63.095166217389426,0
-3.93,4.56575,30.11,63.095166217389426,0
-12.38,4.569587,30.11,63.095166217389426,0
6.23,4.56447,30.11,62.12889826803627,0
6.5,4.561912,30.11,63.095166217389426,0
-1.44,4.56575,30.11,63.095166217389426,0
-8.2,4.563191,30.11,63.095166217389426,0
2.82,4.56575,30.11,63.095166217389426,0
4.18,4.569587,30.09,63.095166217389426,0
1.81,4.569587,30.09,63.095166217389426,0
-5.35,4.568308,30.09,63.095166217389426,0
-5.08,4.56575,30.09,63.095166217389426,0
4.65,4.568308,30.09,63.095166217389426,0
1.71,4.56447,30.09,63.095166217389426,0
-3.11,4.568308,30.09,63.095166217389426,0
-4.47,4.558074,30.09,63.324560795950255,0
6.02,4.568308,30.09,63.095166217389426,0
0.23,4.563191,30.09,63.095166217389426,0
-7.13,4.568308,30.09,62.12889826803627,0
3.92,4.563191,30.09,63.095166217389426,0
7.99,4.567029,30.09,63.095166217389426,0
-1.61,4.563191,30.09,63.095166217389426,0
-10.52,4.567029,30.09,63.095166217389426,0
7.35,4.568308,30.09,62.12889826803627,0
8.79,4.568308,30.07,63.095166217389426,0
0.15,4.568308,30.07,63.095166217389426,0
-8.63,4.561912,30.07,63.095166217389426,0
5.36,4.569587,30.07,63.095166217389426,0
9.19,4.569587,30.05,63.095166217389426,0
2.1,4.574704,30.05,63.095166217389426,0
-4.15,4.572146,30.05,63.095166217389426,0
-12.57,4.570867,30.05,63.095166217389426,0
8.23,4.573425,30.03,63.095166217389426,0
7.98,4.570867,30.03,63.095166217389426,0
-0.68,4.573425,30.03,63.095166217389426,0
-8.98,4.570867,30.03,63.095166217389426,0
6.07,4.573425,30.07,63.095166217389426,0
8.07,4.567029,30.07,63.095166217389426,0
1.18,4.574704,30.07,63.095166217389426,0
-7.41,4.570867,30.07,63.095166217389426,0
-12.86,4.570867,30.03,63.095166217389426,0
5.71,4.575984,30.03,62.88083968904996,0
5.53,4.574704,30.03,63.095166217389426,0
-1.24,4.572146,30.03,63.095166217389426,0
-9.92,4.574704,30.05,63.095166217389426,0
6.66,4.578542,30.05,63.095166217389426,0
6.33,4.575984,30.05,63.095166217389426,0
-0.36,4.567029,30.05,63.095166217389426,0
-8.1,4.569587,30.05,63.095166217389426,0
3.76,4.577263,30.05,63.095166217389426,0
6.93,4.577263,30.05,63.095166217389426,0
2.57,4.575984,30.05,62.12889826803627,0
-4.62,4.575984,30.05,63.095166217389426,0
-5.98,4.5811,30.05,63.095166217389426,0
6.03,4.578542,30.05,63.095166217389426,0
0.14,4.577263,30.05,63.095166217389426,0
-9.61,4.579822,30.07,63.095166217389426,0
-0.48,4.578542,30.07,63.095166217389426,0
4.12,4.550399,30.07,63.095166217389426,0
-5.2,4.561912,30.07,63.095166217389426,0
4.97,4.570867,30.07,63.095166217389426,0
3.86,4.569587,30.07,63.095166217389426,0
-4.44,4.569587,30.07,63.095166217389426,0
8.58,4.569587,30.07,63.095166217389426,0
8.78,4.56575,30.07,63.095166217389426,0
6.0,4.570867,30.07,63.095166217389426,0
-5.0,4.56575,30.07,63.095166217389426,0
-18.53,4.573425,30.07,63.095166217389426,0
12.27,4.570867,30.03,63.095166217389426,0
11.51,4.577263,30.03,63.095166217389426,0
4.48,4.567029,30.03,63.095166217389426,0
-2.8,4.572146,30.03,63.095166217389426,0
-15.1,4.572146,30.03,63.095166217389426,0
9.57,4.572146,30.03,62.88083968904996,0
7.49,4.572146,30.03,63.095166217389426,0
0.96,4.572146,30.03,63.095166217389426,0
-4.71,4.573425,30.05,63.095166217389426,0
-12.39,4.573425,30.05,63.095166217389426,0
7.24,4.572146,30.05,63.095166217389426,0
4.44,4.572146,30.05,63.095166217389426,0
-3.72,4.572146,30.03,63.095166217389426,0
-9.21,4.56575,30.03,63.095166217389426,0
7.05,4.572146,30.03,62.88083968904996,0
4.75,4.572146,30.03,63.095166217389426,0
-1.19,4.572146,30.01,63.095166217389426,0
-7.55,4.572146,30.01,63.095166217389426,0
0.93,4.572146,30.01,63.095166217389426,0
5.89,4.573425,30.01,63.095166217389426,0
0.71,4.573425,30.03,63.095166217389426,0
-7.39,4.575984,30.03,63.095166217389426,0
-4.44,4.575984,30.03,63.095166217389426,0
7.09,4.574704,30.03,63.095166217389426,0
-1.88,4.56447,30.01,63.095166217389426,0
-12.02,4.58238,30.01,63.095166217389426,0
7.11,4.572146,30.01,63.095166217389426,0
0.94,4.577263,30.01,62.12889826803627,0
-6.61,4.572146,30.01,63.095166217389426,0
7.61,4.5811,30.01,63.095166217389426,0
2.12,4.572146,30.01,63.095166217389426,0
-9.35,4.575984,30.01,63.095166217389426,0
9.31,4.575984,29.99,63.095166217389426,0
5.9,4.58238,29.99,63.095166217389426,0
-6.17,4.578542,29.99,63.095166217389426,0
9.26,4.572146,29.99,63.095166217389426,0
9.18,4.578542,30.01,63.095166217389426,0
6.78,4.577263,30.01,63.095166217389426,0
-2.93,4.577263,30.01,63.095166217389426,0
-10.91,4.575984,30.01,63.095166217389426,0
-9.9,4.575984,29.99,63.095166217389426,0
10.67,4.577263,29.99,63.095166217389426,0
6.75,4.573425,29.99,63.095166217389426,0
2.77,4.5811,29.99,63.095166217389426,0
-5.16,4.577263,29.97,63.095166217389426,0
-13.48,4.577263,29.97,63.095166217389426,0
6.58,4.572146,29.97,63.095166217389426,0
4.94,4.575984,29.97,63.095166217389426,0
-0.01,4.577263,29.95,63.095166217389426,0
-6.16,4.567029,29.95,62.88083968904996,0
-10.82,4.574704,29.95,63.095166217389426,0
6.72,4.56575,29.95,63.095166217389426,0
3.88,4.577263,29.97,62.88083968904996,0
-0.36,4.58238,29.97,62.88083968904996,0
-7.83,4.579822,29.97,62.88083968904996,0
0.43,4.574704,29.97,62.88083968904996,0
5.91,4.575984,29.97,62.88083968904996,0
1.06,4.56575,29.97,63.095166217389426,0
-3.62,4.575984,29.97,63.095166217389426,0
-14.79,4.570867,29.97,63.095166217389426,0
7.26,4.575984,29.93,63.095166217389426,0
5.23,4.572146,29.93,63.095166217389426,0
-1.26,4.579822,29.93,63.095166217389426,0
-9.91,4.573425,29.93,63.095166217389426,0
7.13,4.575984,29.95,63.095166217389426,0
4.93,4.574704,29.95,62.12889826803627,0
-4.19,4.573425,29.95,63.095166217389426,0
-9.13,4.569587,29.95,63.095166217389426,0
4.66,4.567029,29.93,63.095166217389426,0
-0.1,4.575984,29.93,63.095166217389426,0
-11.35,4.550399,29.93,63.095166217389426,0
7.59,4.560633,29.93,63.095166217389426,0
-0.18,4.56575,29.97,63.095166217389426,0
-7.37,4.563191,29.97,63.095166217389426,0
9.82,4.567029,29.97,63.095166217389426,0
6.51,4.568308,29.97,63.095166217389426,0
-0.33,4.568308,29.97,63.095166217389426,0
-8.72,4.568308,29.97,63.095166217389426,0
-0.81,4.567029,29.97,63.095166217389426,0
9.76,4.563191,29.97,63.095166217389426,0
2.98,4.569587,29.95,63.095166217389426,0
-1.01,4.568308,29.95,62.88083968904996,0
-8.41,4.568308,29.95,63.095166217389426,0
0.34,4.570867,29.95,63.095166217389426,0
9.15,4.569587,29.95,62.88083968904996,0
2.47,4.575984,29.95,63.095166217389426,0
-2.29,4.569587,29.95,62.88083968904996,0
-10.31,4.572146,29.95,62.88083968904996,0
6.41,4.561912,29.95,62.88083968904996,0
7.78,4.572146,29.95,63.095166217389426,0
-0.16,4.56447,29.95,63.095166217389426,0
-6.05,4.573425,29.95,63.095166217389426,0
-12.03,4.56575,29.95,63.095166217389426,0
5.87,4.575984,29.95,63.095166217389426,0
3.69,4.567029,29.95,63.095166217389426,0
-2.09,4.569587,29.95,62.88083968904996,0
-9.27,4.56575,29.93,62.88083968904996,0
6.28,4.573425,29.93,62.88083968904996,0
7.48,4.572146,29.93,63.095166217389426,0
0.07,4.570867,29.93,63.095166217389426,0
-5.53,4.56575,29.95,63.095166217389426,0
-9.45,4.568308,29.95,63.095166217389426,0
8.09,4.56575,29.95,63.095166217389426,0
2.83,4.568308,29.95,63.095166217389426,0
-1.97,4.56575,29.93,63.095166217389426,0
-12.97,4.573425,29.93,63.095166217389426,0
12.25,4.567029,29.93,63.095166217389426,0
4.31,4.574704,29.93,63.095166217389426,0
-1.59,4.567029,29.97,63.095166217389426,0
-15.58,4.577263,29.97,63.095166217389426,0
8.13,4.568308,29.97,63.095166217389426,0
4.84,4.577263,29.97,63.095166217389426,0
-5.29,4.563191,29.95,63.095166217389426,0
0.53,4.575984,29.95,63.095166217389426,0
5.18,4.567029,29.95,63.095166217389426,0
-1.47,4.569587,29.95,63.095166217389426,0
1.16,4.56575,29.95,63.095166217389426,0
4.67,4.568308,29.95,63.095166217389426,0
-1.19,4.563191,29.95,63.095166217389426,0
-0.44,4.56575,29.95,63.095166217389426,0
10.26,4.567029,29.95,63.095166217389426,0
6.81,4.572146,29.95,63.095166217389426,0
-2.48,4.563191,29.95,63.095166217389426,0
-14.16,4.560633,29.95,62.88083968904996,0
5.49,4.563191,29.95,63.095166217389426,0
10.05,4.56447,29.95,62.88083968904996,0
7.35,4.560633,29.95,62.88083968904996,0
-3.02,4.561912,29.95,62.88083968904996,0
-16.7,4.559353,29.93,62.88083968904996,0
9.54,4.563191,29.93,62.88083968904996,0
9.03,4.558074,29.93,62.88083968904996,0
1.67,4.561912,29.93,62.88083968904996,0
-7.71,4.558074,29.91,62.88083968904996,0
-15.07,4.559353,29.91,62.88083968904996,0
9.38,4.54784,29.91,62.88083968904996,0
3.95,4.560633,29.91,62.88083968904996,0
-3.49,4.554236,29.95,62.88083968904996,0
-12.25,4.56447,29.95,62.88083968904996,0
7.48,4.556795,29.95,62.88083968904996,0
6.06,4.560633,29.95,62.88083968904996,0
1.96,4.556795,29.95,62.88083968904996,0
-6.68,4.56575,29.95,62.88083968904996,0
-9.79,4.563191,29.95,62.88083968904996,0
5.71,4.563191,29.95,62.88083968904996,0
6.61,4.558074,29.93,62.88083968904996,0
-3.9,4.559353,29.93,62.88083968904996,0
-14.52,4.559353,29.93,62.88083968904996,0
6.25,4.560633,29.93,62.88083968904996,0
8.31,4.558074,29.93,62.88083968904996,0
1.32,4.567029,29.93,62.88083968904996,0
-9.68,4.537606,29.93,62.88083968904996,0
3.67,4.556795,29.93,62.88083968904996,0
6.15,4.555516,29.93,62.88083968904996,0
3.36,4.56575,29.93,63.095166217389426,0
-8.15,4.558074,29.93,63.095166217389426,0
-6.07,4.567029,29.93,63.095166217389426,0
6.08,4.552957,29.93,63.095166217389426,0
4.79,4.567029,29.93,63.095166217389426,0
-11.98,4.560633,29.93,62.88083968904996,0
6.6,4.554236,29.93,63.095166217389426,0
6.58,4.558074,29.93,63.095166217389426,0
-6.99,4.56575,29.93,62.88083968904996,0
9.7,4.559353,29.93,62.88083968904996,0
11.26,4.561912,29.93,62.88083968904996,0
-1.39,4.563191,29.97,62.88083968904996,0
-16.55,4.561912,29.97,62.88083968904996,0
11.32,4.558074,29.97,62.88083968904996,0
13.57,4.554236,29.97,62.88083968904996,0
1.46,4.555516,29.95,62.88083968904996,0
-5.02,4.563191,29.95,62.88083968904996,0
-19.1,4.555516,29.95,62.88083968904996,0
11.76,4.559353,29.95,62.88083968904996,0
11.2,4.555516,29.93,62.88083968904996,0
-0.2,4.559353,29.93,62.88083968904996,0
-6.95,4.555516,29.93,62.88083968904996,0
-14.98,4.559353,29.93,62.88083968904996,0
5.54,4.554236,29.95,62.88083968904996,0
7.38,4.563191,29.95,62.88083968904996,0
-2.83,4.54784,29.95,62.88083968904996,0
-10.04,4.558074,29.95,62.88083968904996,0
3.21,4.552957,29.93,62.88083968904996,0
6.52,4.558074,29.93,62.88083968904996,0
3.41,4.552957,29.93,62.88083968904996,0
-7.29,4.556795,29.93,62.88083968904996,0
-15.25,4.554236,29.95,62.88083968904996,0
6.25,4.558074,29.95,62.88083968904996,0
9.23,4.559353,29.95,62.88083968904996,0
-1.31,4.558074,29.95,62.88083968904996,0
-15.45,4.552957,29.97,62.88083968904996,0
6.17,4.551678,29.97,62.88083968904996,0
7.7,4.555516,29.97,62.88083968904996,0
1.62,4.559353,29.97,62.88083968904996,0
-10.22,4.558074,29.95,62.12889826803627,0
5.92,4.563191,29.95,62.976185975335156,0
3.61,4.559353,29.95,63.095166217389426,0
1.7,4.56447,29.95,63.095166217389426,0
-13.15,4.559353,29.97,62.976185975335156,0
6.54,4.56447,29.97,63.095166217389426,0
5.87,4.558074,29.97,63.095166217389426,0
-6.64,4.563191,29.97,63.095166217389426,0
5.98,4.554236,29.97,63.095166217389426,0
5.83,4.56447,29.97,63.095166217389426,0
-7.1,4.559353,29.97,63.095166217389426,0
11.46,4.563191,29.97,63.095166217389426,0
1.57,4.558074,29.99,62.88083968904996,0
-13.56,4.561912,29.99,63.095166217389426,0
11.34,4.556795,29.99,62.88083968904996,0
9.37,4.560633,29.99,63.095166217389426,0
1.52,4.558074,30.01,63.095166217389426,0
-5.6,4.56447,30.01,62.88083968904996,0
-17.66,4.555516,30.01,63.095166217389426,0
9.67,4.551678,30.01,62.88083968904996,0
6.29,4.559353,30.01,62.88083968904996,0
-1.71,4.560633,30.01,62.88083968904996,0
-9.33,4.561912,30.01,62.88083968904996,0
-14.53,4.560633,30.01,62.88083968904996,0
3.28,4.563191,30.01,62.88083968904996,0
5.28,4.561912,30.01,62.88083968904996,0
-2.02,4.561912,30.01,62.88083968904996,0
-2.09,4.56447,30.01,62.88083968904996,0
-2.62,4.563191,30.03,62.88083968904996,0
6.47,4.561912,30.03,62.88083968904996,0
2.78,4.555516,30.03,62.88083968904996,0
0.11,4.563191,30.03,62.88083968904996,0
-5.56,4.563191,30.03,61.91122676865643,0
2.97,4.561912,30.03,62.88083968904996,0
3.6,4.567029,30.03,62.88083968904996,0
-0.82,4.567029,30.03,62.88083968904996,0
-5.54,4.569587,30.03,62.88083968904996,0
-0.27,4.569587,30.03,62.88083968904996,0
1.73,4.546561,30.03,62.88083968904996,0
-1.15,4.56447,30.03,62.88083968904996,0
-6.12,4.560633,30.03,62.88083968904996,0
3.53,4.56575,30.03,62.88083968904996,0
0.92,4.56575,30.03,62.88083968904996,0
-6.55,4.568308,30.03,62.88083968904996,0
6.4,4.56447,30.05,63.095166217389426,0
3.91,4.574704,30.05,62.88083968904996,0
-1.29,4.567029,30.05,63.095166217389426,0
-5.4,4.575984,30.05,63.095166217389426,0
5.8,4.579822,30.05,63.095166217389426,0
1.52,4.586218,30.05,63.095166217389426,0
-8.18,4.584939,30.05,62.976185975335156,0
7.13,4.591335,30.05,63.095166217389426,0
2.82,4.5811,30.07,63.095166217389426,0
-6.74,4.597731,30.07,62.976185975335156,0
5.04,4.591335,30.07,62.976185975335156,0
3.71,4.597731,30.07,62.976185975335156,0
-3.41,4.595172,30.07,63.095166217389426,0
7.61,4.600289,30.07,63.095166217389426,0
1.94,4.595172,30.07,62.976185975335156,0
-10.22,4.59901,30.07,63.095166217389426,0
7.72,4.597731,30.07,63.095166217389426,0
1.37,4.59901,30.07,63.095166217389426,0
-12.64,4.596452,30.07,63.095166217389426,0
11.11,4.592614,30.07,63.095166217389426,0
8.51,4.593893,30.09,62.88083968904996,0
-2.02,4.602848,30.09,63.095166217389426,0
-5.83,4.595172,30.09,63.095166217389426,0
-8.06,4.602848,30.09,62.88083968904996,0
10.23,4.59901,30.09,62.88083968904996,0
5.57,4.607965,30.09,63.095166217389426,0
-1.62,4.59901,30.09,62.88083968904996,0
-10.28,4.604127,30.09,62.88083968904996,0
7.99,4.59901,30.11,62.88083968904996,0
6.5,4.606686,30.11,62.88083968904996,0
0.59,4.592614,30.11,62.88083968904996,0
-6.42,4.604127,30.11,62.88083968904996,0
-5.98,4.59901,30.11,62.88083968904996,0
4.23,4.609244,30.11,62.88083968904996,0
2.77,4.600289,30.11,62.88083968904996,0
-5.32,4.605406,30.11,62.88083968904996,0
-9.92,4.597731,30.13,62.88083968904996,0
4.52,4.609244,30.13,62.88083968904996,0
3.02,4.606686,30.13,62.88083968904996,0
-2.98,4.606686,30.13,62.88083968904996,0
-8.87,4.606686,30.11,62.88083968904996,0
4.67,4.606686,30.11,62.88083968904996,0
5.04,4.600289,30.11,62.88083968904996,0
-4.78,4.610523,30.11,62.88083968904996,0
-8.0,4.600289,30.15,62.88083968904996,0
4.93,4.611803,30.15,62.88083968904996,0
3.23,4.601569,30.15,62.88083968904996,0
-6.69,4.610523,30.15,62.88083968904996,0
2.18,4.601569,30.13,62.88083968904996,0
4.59,4.613082,30.13,62.88083968904996,0
0.21,4.601569,30.13,62.88083968904996,0
-11.6,4.610523,30.13,62.88083968904996,0
9.81,4.592614,30.13,62.88083968904996,0
6.51,4.611803,30.13,62.88083968904996,0
-8.09,4.609244,30.13,62.88083968904996,0
-6.17,4.611803,30.13,62.88083968904996,0
4.15,4.610523,30.13,62.976185975335156,0
0.75,4.613082,30.13,62.88083968904996,0
-8.62,4.611803,30.13,62.88083968904996,0
5.98,4.613082,30.13,62.88083968904996,0
7.05,4.61692,30.15,62.976185975335156,0
-1.5,4.620758,30.15,62.88083968904996,0
-5.91,4.61692,30.15,62.976185975335156,0
6.29,4.606686,30.15,62.976185975335156,0
0.62,4.613082,30.17,63.095166217389426,0
-12.48,4.61692,30.17,63.095166217389426,0
8.32,4.614361,30.17,62.976185975335156,0
-2.71,4.614361,30.17,63.095166217389426,0
-7.92,4.613082,30.15,63.095166217389426,0
9.24,4.609244,30.15,62.976185975335156,0
-2.08,4.611803,30.15,63.095166217389426,0
-1.76,4.607965,30.15,63.095166217389426,0
6.69,4.609244,30.17,63.095166217389426,0
-3.26,4.606686,30.17,62.12889826803627,0
-7.21,4.579822,30.17,62.976185975335156,0
9.26,4.597731,30.17,63.095166217389426,0
1.86,4.59901,30.17,62.76145313805282,0
-4.42,4.596452,30.17,62.76145313805282,0
-11.24,4.59901,30.17,62.88083968904996,0
9.62,4.597731,30.17,62.88083968904996,0
7.22,4.601569,30.19,62.76145313805282,0
-0.14,4.59901,30.19,62.88083968904996,0
-6.71,4.605406,30.19,62.76145313805282,0
-12.42,4.604127,30.19,62.88083968904996,0
6.46,4.604127,30.17,62.88083968904996,0
4.2,4.602848,30.17,62.88083968904996,0
-3.85,4.605406,30.17,62.88083968904996,0
-10.68,4.605406,30.17,62.88083968904996,0
7.38,4.605406,30.19,62.88083968904996,0
6.98,4.610523,30.19,62.88083968904996,0
0.22,4.605406,30.19,62.88083968904996,0
-8.0,4.606686,30.19,62.88083968904996,0
-11.13,4.605406,30.17,62.88083968904996,0
8.5,4.614361,30.17,62.76145313805282,0
3.65,4.607965,30.17,62.88083968904996,0
-3.75,4.606686,30.17,62.88083968904996,0
-14.73,4.588776,30.17,62.88083968904996,0
8.48,4.607965,30.17,62.88083968904996,0
8.57,4.59901,30.17,62.88083968904996,0
-3.15,4.606686,30.17,62.88083968904996,0
-13.19,4.597731,30.17,62.88083968904996,0
10.91,4.606686,30.17,62.76145313805282,0
9.76,4.596452,30.17,62.88083968904996,0
-3.84,4.607965,30.17,62.88083968904996,0
-13.65,4.59901,30.17,62.88083968904996,0
13.06,4.606686,30.17,62.88083968904996,0
6.54,4.605406,30.17,62.88083968904996,0
-2.78,4.59901,30.17,62.88083968904996,0
-14.7,4.602848,30.19,62.88083968904996,0
9.67,4.604127,30.19,62.88083968904996,0
5.04,4.605406,30.19,63.095166217389426,0
-1.92,4.605406,30.19,63.095166217389426,0
-13.36,4.606686,30.19,62.88083968904996,0
8.72,4.613082,30.19,63.095166217389426,0
5.32,4.607965,30.19,63.095166217389426,0
-2.3,4.607965,30.19,63.095166217389426,0
-13.49,4.59901,30.21,63.095166217389426,0
6.79,4.609244,30.21,63.095166217389426,0
3.53,4.591335,30.21,63.095166217389426,0
-8.97,4.609244,30.21,62.976185975335156,0
3.77,4.59901,30.17,62.12889826803627,0
5.81,4.613082,30.17,63.095166217389426,0
-3.32,4.606686,30.17,62.976185975335156,0
4.24,4.607965,30.17,63.095166217389426,0
1.98,4.607965,30.21,63.095166217389426,0
-4.25,4.614361,30.21,63.095166217389426,0
5.12,4.615641,30.21,63.095166217389426,0
6.33,4.609244,30.21,63.095166217389426,0
-2.63,4.604127,30.21,63.095166217389426,0
-7.41,4.604127,30.21,62.976185975335156,0
8.43,4.602848,30.21,63.095166217389426,0
3.08,4.605406,30.21,63.095166217389426,0
-1.56,4.600289,30.21,63.095166217389426,0
-5.84,4.607965,30.21,63.095166217389426,0
-7.34,4.600289,30.21,63.095166217389426,0
7.92,4.605406,30.21,63.095166217389426,0
3.65,4.597731,30.25,62.88083968904996,0
-0.4,4.606686,30.25,63.095166217389426,0
-5.94,4.597731,30.25,63.095166217389426,0
-3.41,4.59901,30.25,62.88083968904996,0
4.04,4.587497,30.21,62.88083968904996,0
4.27,4.59901,30.21,62.88083968904996,0
-2.02,4.591335,30.21,62.88083968904996,0
-9.23,4.595172,30.21,62.88083968904996,0
5.55,4.591335,30.23,62.88083968904996,0
7.5,4.601569,30.23,62.88083968904996,0
0.8,4.591335,30.23,62.88083968904996,0
-2.74,4.595172,30.23,62.88083968904996,0
-12.42,4.596452,30.21,62.88083968904996,0
8.46,4.595172,30.21,62.88083968904996,0
8.06,4.591335,30.21,62.88083968904996,0
-0.71,4.586218,30.21,62.88083968904996,0
-5.55,4.590055,30.23,62.76145313805282,0
-11.89,4.591335,30.23,62.88083968904996,0
10.32,4.56447,30.23,62.88083968904996,0
5.0,4.583659,30.23,62.88083968904996,0
-3.07,4.58238,30.23,62.88083968904996,0
-12.04,4.590055,30.23,62.88083968904996,0
12.58,4.584939,30.23,62.88083968904996,0
8.41,4.590055,30.23,62.88083968904996,0
-2.86,4.584939,30.27,62.88083968904996,0
-10.51,4.588776,30.27,62.76145313805282,0
8.81,4.577263,30.27,62.88083968904996,0
6.77,4.586218,30.27,62.88083968904996,0
-1.25,4.583659,30.27,62.88083968904996,0
-10.67,4.587497,30.27,62.88083968904996,0
8.25,4.583659,30.27,62.76145313805282,0
8.65,4.588776,30.27,62.88083968904996,0
-2.76,4.583659,30.25,62.76145313805282,0
-10.9,4.592614,30.25,62.88083968904996,0
10.49,4.590055,30.25,62.88083968904996,0
6.88,4.587497,30.25,62.88083968904996,0
-0.75,4.584939,30.29,62.88083968904996,0
-11.33,4.584939,30.29,62.76145313805282,0
7.98,4.583659,30.29,62.76145313805282,0
8.05,4.588776,30.29,62.88083968904996,0
0.66,4.586218,30.25,62.88083968904996,0
-8.49,4.587497,30.25,62.88083968904996,0
2.79,4.588776,30.25,62.88083968904996,0
6.21,4.590055,30.25,62.88083968904996,0
2.18,4.591335,30.27,63.095166217389426,0
-3.44,4.591335,30.27,63.095166217389426,0
-11.89,4.591335,30.27,63.095166217389426,0
4.68,4.591335,30.27,63.095166217389426,0
2.33,4.584939,30.29,63.095166217389426,0
-4.92,4.597731,30.29,63.095166217389426,0
0.1,4.593893,30.29,63.095166217389426,0
3.44,4.593893,30.29,63.324560795950255,0
-1.63,4.590055,30.29,63.095166217389426,0
-6.02,4.592614,30.29,63.324560795950255,0
6.99,4.588776,30.29,63.20601237224193,0
-1.72,4.591335,30.29,63.20601237224193,0
-0.77,4.588776,30.31,63.324560795950255,0
4.04,4.590055,30.31,62.976185975335156,0
-4.99,4.584939,30.31,62.24146527838174,0
4.22,4.579822,30.31,62.976185975335156,0
6.45,4.583659,30.29,63.095166217389426,0
-4.57,4.586218,30.29,63.095166217389426,0
2.32,4.58238,30.29,63.095166217389426,0
6.26,4.584939,30.29,62.976185975335156,0
3.65,4.584939,30.31,63.095166217389426,0
-3.61,4.586218,30.31,63.095166217389426,0
-8.87,4.58238,30.31,63.095166217389426,0
7.9,4.590055,30.31,63.095166217389426,0
8.36,4.590055,30.31,63.095166217389426,0
-0.93,4.588776,30.31,63.095166217389426,0
-5.84,4.58238,30.31,63.095166217389426,0
-11.12,4.590055,30.31,62.88083968904996,0
6.2,4.591335,30.33,63.095166217389426,0
6.17,4.595172,30.33,63.095166217389426,0
-2.1,4.592614,30.33,62.88083968904996,0
-4.69,4.591335,30.33,62.88083968904996,0
-5.03,4.592614,30.33,62.76145313805282,0
6.66,4.592614,30.33,62.88083968904996,0
3.21,4.593893,30.33,62.88083968904996,0
-2.55,4.593893,30.33,62.76145313805282,0
-10.22,4.593893,30.33,62.76145313805282,0
5.87,4.586218,30.33,62.88083968904996,0
7.31,4.593893,30.33,62.88083968904996,0
-0.56,4.593893,30.33,62.76145313805282,0
-9.05,4.593893,30.33,62.88083968904996,0
5.83,4.591335,30.33,62.88083968904996,0
5.17,4.593893,30.33,62.88083968904996,0
-1.83,4.591335,30.33,62.88083968904996,0
-3.24,4.592614,30.33,62.88083968904996,0
-1.01,4.592614,30.33,62.88083968904996,0
8.08,4.593893,30.33,62.88083968904996,0
1.93,4.583659,30.33,62.88083968904996,0
-7.48,4.586218,30.33,62.76145313805282,0
-6.05,4.593893,30.33,62.88083968904996,0
6.01,4.592614,30.33,62.88083968904996,0
2.44,4.588776,30.33,62.88083968904996,0
-7.88,4.592614,30.33,62.88083968904996,0
3.45,4.586218,30.33,62.88083968904996,0
6.58,4.567029,30.33,62.88083968904996,0
-1.18,4.579822,30.33,62.88083968904996,0
-10.09,4.583659,30.35,62.88083968904996,0
9.11,4.583659,30.35,62.88083968904996,0
4.58,4.586218,30.35,62.88083968904996,0
-1.79,4.574704,30.35,62.88083968904996,0
-11.22,4.584939,30.35,62.88083968904996,0
8.23,4.583659,30.35,62.88083968904996,0
4.8,4.591335,30.35,62.76145313805282,0
-7.7,4.583659,30.35,62.88083968904996,0
-3.38,4.590055,30.35,62.88083968904996,0
9.34,4.583659,30.35,62.76145313805282,0
1.72,4.587497,30.35,63.095166217389426,0
-6.48,4.586218,30.35,63.095166217389426,0
-6.44,4.587497,30.35,63.095166217389426,0
5.33,4.584939,30.35,62.976185975335156,0
-0.43,4.578542,30.35,63.095166217389426,0
-7.61,4.583659,30.35,63.095166217389426,0
4.96,4.586218,30.37,62.976185975335156,0
3.45,4.583659,30.37,62.976185975335156,0
-4.53,4.584939,30.37,62.976185975335156,0
6.13,4.5811,30.37,62.976185975335156,0
7.76,4.586218,30.39,62.00806399170998,0
-9.04,4.584939,30.39,62.976185975335156,0
8.65,4.586218,30.39,62.976185975335156,0
5.35,4.5811,30.39,62.976185975335156,0
-10.07,4.583659,30.37,62.976185975335156,0
8.58,4.572146,30.37,62.976185975335156,0
6.81,4.5811,30.37,62.976185975335156,0
-4.43,4.577263,30.37,62.976185975335156,0
-12.75,4.5811,30.37,62.12889826803627,0
9.15,4.575984,30.37,62.976185975335156,0
9.47,4.579822,30.37,62.76145313805282,0
1.88,4.578542,30.37,62.976185975335156,0
-6.41,4.578542,30.39,62.88083968904996,0
-14.85,4.5811,30.39,62.76145313805282,0
5.87,4.579822,30.39,62.88083968904996,0
6.24,4.579822,30.39,62.88083968904996,0
-1.04,4.573425,30.39,62.76145313805282,0
-7.81,4.5811,30.39,62.76145313805282,0
-3.63,4.578542,30.39,62.76145313805282,0
6.94,4.578542,30.39,62.88083968904996,0
3.17,4.578542,30.39,62.88083968904996,0
-3.04,4.579822,30.39,62.88083968904996,0
-11.23,4.578542,30.39,62.88083968904996,0
7.86,4.574704,30.39,62.88083968904996,0
6.73,4.583659,30.41,62.88083968904996,0
0.31,4.5811,30.41,62.88083968904996,0
-6.14,4.578542,30.41,62.88083968904996,0
-2.94,4.572146,30.41,62.88083968904996,0
8.39,4.578542,30.41,62.88083968904996,0
1.45,4.578542,30.41,62.88083968904996,0
-6.08,4.570867,30.41,62.76145313805282,0
-11.9,4.579822,30.41,62.88083968904996,0
8.55,4.578542,30.41,62.88083968904996,0
3.74,4.584939,30.41,62.88083968904996,0
-5.97,4.577263,30.41,62.76145313805282,0
-12.09,4.579822,30.41,62.88083968904996,0
8.05,4.574704,30.41,62.88083968904996,0
5.29,4.58238,30.41,62.76145313805282,0
-6.52,4.567029,30.41,62.76145313805282,0
-9.57,4.577263,30.41,62.76145313805282,0
8.29,4.572146,30.43,62.76145313805282,0
4.9,4.5811,30.43,63.85138996137829,0
-7.34,4.573425,30.43,62.76145313805282,0
2.95,4.5811,30.43,62.976185975335156,0
6.23,4.574704,30.43,62.88083968904996,0
-2.9,4.5811,30.43,62.976185975335156,0
-14.8,4.579822,30.43,62.976185975335156,0
8.31,4.579822,30.43,62.976185975335156,0
3.92,4.575984,30.43,62.976185975335156,0
-7.12,4.577263,30.43,62.976185975335156,0
7.98,4.577263,30.43,62.76145313805282,0
4.44,4.578542,30.43,62.976185975335156,0
-9.58,4.573425,30.43,62.976185975335156,0
11.12,4.577263,30.43,62.976185975335156,0
1.04,4.574704,30.43,62.76145313805282,0
-6.46,4.575984,30.43,62.976185975335156,0
7.44,4.572146,30.45,62.976185975335156,0
-4.29,4.577263,30.45,62.88083968904996,0
7.15,4.549119,30.45,62.76145313805282,0
8.44,4.569587,30.45,62.76145313805282,0
2.59,4.559353,30.45,62.76145313805282,0
-5.28,4.570867,30.45,62.76145313805282,0
-18.83,4.56575,30.45,62.76145313805282,0
12.71,4.570867,30.45,62.88083968904996,0
7.79,4.568308,30.45,62.76145313805282,0
-3.61,4.572146,30.45,62.88083968904996,0
-7.96,4.567029,30.45,62.88083968904996,0
-4.66,4.570867,30.45,62.76145313805282,0
8.38,4.568308,30.45,62.76145313805282,0
2.57,4.574704,30.45,62.88083968904996,0
-3.22,4.567029,30.45,62.88083968904996,0
-12.52,4.563191,30.45,62.76145313805282,0
8.06,4.567029,30.45,62.88083968904996,0
5.88,4.574704,30.45,62.88083968904996,0
-0.27,4.567029,30.45,62.88083968904996,0
-6.79,4.570867,30.45,62.88083968904996,0
-2.9,4.567029,30.45,62.88083968904996,0
5.88,4.575984,30.45,62.88083968904996,0
1.41,4.569587,30.45,62.88083968904996,0
-3.88,4.574704,30.45,62.88083968904996,0
-15.81,4.570867,30.47,62.88083968904996,0
6.67,4.574704,30.47,62.76145313805282,0
5.16,4.563191,30.47,62.88083968904996,0
-1.15,4.575984,30.47,62.88083968904996,0
-13.57,4.569587,30.47,62.68173577685928,0
9.02,4.579822,30.47,62.56196927846821,0
10.87,4.572146,30.47,62.68173577685928,0
0.2,4.575984,30.47,62.56196927846821,0
-12.58,4.570867,30.47,62.68173577685928,0
10.36,4.579822,30.47,62.56196927846821,0
9.12,4.578542,30.47,62.76145313805282,0
-4.67,4.58238,30.47,62.56196927846821,0
-16.55,4.574704,30.47,62.76145313805282,0
9.1,4.575984,30.47,62.76145313805282,0
5.93,4.574704,30.47,62.76145313805282,0
-7.0,4.578542,30.47,62.88083968904996,0
-2.69,4.574704,30.49,62.88083968904996,0
7.58,4.584939,30.49,62.76145313805282,0
0.61,4.575984,30.49,62.76145313805282,0
-12.21,4.5811,30.49,62.76145313805282,0
5.57,4.575984,30.49,62.976185975335156,0
7.92,4.586218,30.49,62.976185975335156,0
0.72,4.577263,30.49,63.095166217389426,0
-0.34,4.5811,30.49,63.095166217389426,0
3.6,4.572146,30.47,63.095166217389426,0
-1.86,4.588776,30.47,62.976185975335156,0
0.95,4.579822,30.47,63.095166217389426,0
3.78,4.584939,30.47,62.976185975335156,0
-6.25,4.5811,30.51,62.976185975335156,0
12.18,4.591335,30.51,63.095166217389426,0
8.32,4.583659,30.51,63.095166217389426,0
-12.85,4.588776,30.51,63.095166217389426,0
15.88,4.588776,30.49,62.976185975335156,0
6.13,4.592614,30.49,62.88083968904996,0
-11.76,4.586218,30.49,62.88083968904996,0
10.77,4.58238,30.49,62.88083968904996,0
9.93,4.583659,30.51,62.88083968904996,0
0.89,4.592614,30.51,62.88083968904996,0
-2.41,4.584939,30.51,62.88083968904996,0
-12.34,4.588776,30.51,62.88083968904996,0
2.39,4.584939,30.53,62.88083968904996,0
9.48,4.595172,30.53,62.88083968904996,0
0.31,4.587497,30.53,62.88083968904996,0
-4.49,4.592614,30.53,62.88083968904996,0
-11.88,4.587497,30.53,62.88083968904996,0
5.97,4.595172,30.53,62.88083968904996,0
6.57,4.579822,30.53,62.88083968904996,0
-0.99,4.590055,30.53,62.88083968904996,0
-3.24,4.584939,30.55,62.88083968904996,0
-11.95,4.595172,30.55,62.88083968904996,0
5.47,4.587497,30.55,62.88083968904996,0
5.3,4.592614,30.55,62.88083968904996,0
-2.52,4.586218,30.51,62.88083968904996,0
-9.02,4.595172,30.51,62.76145313805282,0
7.99,4.595172,30.51,62.88083968904996,0
6.83,4.595172,30.51,62.88083968904996,0
-0.92,4.590055,30.55,62.88083968904996,0
-5.34,4.591335,30.55,62.88083968904996,0
2.61,4.569587,30.55,62.76145313805282,0
6.11,4.586218,30.55,62.88083968904996,0
0.8,4.584939,30.53,62.88083968904996,0
-7.62,4.593893,30.53,62.88083968904996,0
7.26,4.587497,30.53,62.88083968904996,0
5.57,4.592614,30.53,62.88083968904996,0
1.04,4.587497,30.55,62.88083968904996,0
-9.99,4.597731,30.55,62.76145313805282,0
8.88,4.593893,30.55,62.76145313805282,0
7.11,4.596452,30.55,62.88083968904996,0
-2.9,4.588776,30.55,62.88083968904996,0
-11.02,4.602848,30.55,62.76145313805282,0
5.33,4.591335,30.55,62.88083968904996,0
2.26,4.600289,30.55,62.88083968904996,0
-9.3,4.588776,30.53,62.976185975335156,0
4.23,4.605406,30.53,63.095166217389426,0
2.73,4.601569,30.53,62.88083968904996,0
-9.95,4.602848,30.53,63.095166217389426,0
2.15,4.606686,30.57,62.76145313805282,0
-1.11,4.609244,30.57,62.88083968904996,0
-13.11,4.604127,30.57,62.976185975335156,0
6.29,4.597731,30.57,62.76145313805282,0
1.35,4.604127,30.57,62.76145313805282,0
-8.54,4.609244,30.57,62.88083968904996,0
13.14,4.595172,30.57,62.88083968904996,0
5.82,4.604127,30.57,62.76145313805282,0
-0.45,4.602848,30.57,62.76145313805282,0
-12.72,4.604127,30.57,62.76145313805282,0
9.06,4.601569,30.57,62.76145313805282,0
12.22,4.604127,30.57,62.76145313805282,0
5.93,4.601569,30.57,62.88083968904996,0
-4.59,4.609244,30.57,62.76145313805282,0
-21.28,4.596452,30.57,62.76145313805282,0
4.73,4.605406,30.57,62.88083968904996,0
4.75,4.602848,30.57,62.88083968904996,0
0.87,4.602848,30.57,62.88083968904996,0
-11.73,4.601569,30.57,62.76145313805282,0
-1.17,4.602848,30.57,62.76145313805282,0
6.26,4.602848,30.59,62.76145313805282,0
0.81,4.602848,30.59,62.76145313805282,0
2.53,4.601569,30.59,62.76145313805282,0
-9.39,4.602848,30.59,62.76145313805282,0
9.16,4.604127,30.57,62.76145313805282,0
9.56,4.596452,30.57,62.76145313805282,0
-5.13,4.602848,30.57,62.76145313805282,0
-13.85,4.595172,30.57,62.76145313805282,0
4.6,4.601569,30.57,62.76145313805282,0
12.02,4.595172,30.57,62.76145313805282,0
1.8,4.597731,30.57,63.733821476512766,0
-13.19,4.595172,30.57,62.76145313805282,0
10.96,4.600289,30.57,62.76145313805282,0
7.17,4.597731,30.57,62.76145313805282,0
-1.38,4.596452,30.57,62.76145313805282,0
-15.92,4.593893,30.57,62.76145313805282,0
10.08,4.590055,30.57,62.76145313805282,0
8.75,4.593893,30.57,62.76145313805282,0
-8.82,4.595172,30.57,62.76145313805282,0
-3.21,4.591335,30.57,62.76145313805282,0
4.16,4.596452,30.57,62.976185975335156,0
-3.49,4.593893,30.57,62.976185975335156,0
-3.84,4.601569,30.57,63.095166217389426,0
6.79,4.595172,30.57,62.76145313805282,0
-6.19,4.597731,30.59,62.76145313805282,0
8.64,4.595172,30.59,62.76145313805282,0
7.52,4.597731,30.59,62.76145313805282,0
-14.61,4.587497,30.59,62.76145313805282,0
12.86,4.600289,30.59,62.76145313805282,0
3.86,4.600289,30.59,62.76145313805282,0
-18.47,4.600289,30.59,62.76145313805282,0
16.32,4.597731,30.59,62.76145313805282,0
8.09,4.600289,30.61,62.76145313805282,0
-0.72,4.600289,30.61,62.76145313805282,0
-14.87,4.601569,30.61,62.76145313805282,0
10.13,4.601569,30.61,62.76145313805282,0
10.81,4.601569,30.59,62.76145313805282,0
5.07,4.601569,30.59,62.76145313805282,0
-3.6,4.595172,30.59,62.76145313805282,0
-20.42,4.596452,30.59,62.76145313805282,0
12.61,4.597731,30.59,62.76145313805282,0
9.69,4.592614,30.59,62.76145313805282,0
0.89,4.572146,30.59,62.76145313805282,0
-10.97,4.584939,30.59,62.76145313805282,0
6.56,4.588776,30.59,62.76145313805282,0
9.46,4.587497,30.59,62.76145313805282,0
3.58,4.592614,30.59,62.76145313805282,0
-5.37,4.588776,30.59,62.76145313805282,0
-18.44,4.593893,30.63,62.76145313805282,0
2.01,4.583659,30.63,63.53739056650029,0
5.87,4.596452,30.63,62.76145313805282,0
-0.23,4.596452,30.63,63.733821476512766,0
-16.41,4.597731,30.61,62.56196927846821,0
3.48,4.595172,30.61,62.76145313805282,0
10.72,4.597731,30.61,62.76145313805282,0
-7.84,4.596452,30.61,62.76145313805282,0
-22.22,4.596452,30.63,62.76145313805282,0
7.3,4.595172,30.63,62.76145313805282,0
3.77,4.59901,30.63,63.733821476512766,0
-2.18,4.597731,30.63,62.76145313805282,0
-7.29,4.593893,30.63,62.76145313805282,0
12.27,4.59901,30.63,62.76145313805282,0
3.65,4.600289,30.63,62.76145313805282,0
-10.79,4.596452,30.63,62.76145313805282,0
9.42,4.601569,30.63,62.76145313805282,0
6.26,4.59901,30.63,62.76145313805282,0
-9.76,4.604127,30.63,62.76145313805282,0
0.97,4.601569,30.63,62.76145313805282,0
6.82,4.605406,30.63,62.976185975335156,0
-2.77,4.601569,30.63,62.76145313805282,0
-4.79,4.605406,30.63,62.76145313805282,0
5.89,4.595172,30.63,62.76145313805282,0
-2.59,4.609244,30.65,62.76145313805282,0
3.04,4.607965,30.65,62.76145313805282,0
4.54,4.607965,30.65,62.76145313805282,0
-2.76,4.602848,30.65,62.76145313805282,0
12.89,4.607965,30.65,62.76145313805282,0
7.14,4.604127,30.65,62.76145313805282,0
-12.59,4.607965,30.65,62.76145313805282,0
15.47,4.611803,30.65,62.76145313805282,0
10.72,4.611803,30.65,62.76145313805282,0
-0.6,4.607965,30.65,62.76145313805282,0
-9.32,4.602848,30.65,62.76145313805282,0
-16.48,4.606686,30.65,62.76145313805282,0
8.93,4.607965,30.69,62.76145313805282,0
7.52,4.605406,30.69,62.76145313805282,0
-1.44,4.609244,30.69,62.76145313805282,0
-8.95,4.605406,30.69,62.76145313805282,0
-2.36,4.609244,30.69,62.76145313805282,0
5.36,4.606686,30.69,62.76145313805282,0
1.57,4.606686,30.69,62.76145313805282,0
-3.16,4.602848,30.69,62.76145313805282,0
-12.37,4.606686,30.69,62.76145313805282,0
6.31,4.596452,30.69,62.76145313805282,0
7.87,4.607965,30.69,62.76145313805282,0
-3.35,4.604127,30.69,62.76145313805282,0
-6.02,4.606686,30.69,62.76145313805282,0
-1.46,4.609244,30.69,62.56196927846821,0
4.84,4.609244,30.69,62.56196927846821,0
0.56,4.606686,30.69,62.56196927846821,0
-3.83,4.610523,30.69,63.53739056650029,0
-13.6,4.606686,30.69,62.56196927846821,0
4.8,4.600289,30.69,62.76145313805282,0
6.64,4.606686,30.69,62.56196927846821,0
-2.31,4.602848,30.73,62.76145313805282,0
-9.86,4.606686,30.73,62.76145313805282,0
9.12,4.609244,30.73,62.56196927846821,0
10.06,4.604127,30.73,62.76145313805282,0
-2.11,4.606686,30.71,62.76145313805282,0
-12.26,4.605406,30.71,62.76145313805282,0
11.46,4.609244,30.71,62.76145313805282,0
8.94,4.606686,30.71,62.76145313805282,0
-4.63,4.610523,30.69,62.76145313805282,0
-6.58,4.611803,30.69,62.976185975335156,0
4.31,4.611803,30.69,62.76145313805282,0
-1.69,4.601569,30.69,62.76145313805282,0
-17.28,4.613082,30.69,62.976185975335156,0
5.78,4.607965,30.69,62.976185975335156,0
2.93,4.614361,30.69,62.76145313805282,0
-13.92,4.607965,30.69,62.976185975335156,0
10.18,4.613082,30.69,62.976185975335156,0
3.99,4.611803,30.69,62.976185975335156,0
-11.18,4.588776,30.69,62.76145313805282,0
7.62,4.606686,30.69,62.76145313805282,0
-1.27,4.607965,30.71,62.76145313805282,0
8.14,4.604127,30.71,62.76145313805282,0
4.78,4.601569,30.71,62.76145313805282,0
-4.92,4.605406,30.71,62.76145313805282,0
4.26,4.607965,30.71,62.76145313805282,0
6.65,4.605406,30.71,62.76145313805282,0
6.22,4.609244,30.71,62.76145313805282,0
0.51,4.605406,30.71,62.76145313805282,0
-12.66,4.609244,30.73,62.88083968904996,0
7.0,4.605406,30.73,62.76145313805282,0
7.84,4.613082,30.73,62.76145313805282,0
1.65,4.604127,30.73,62.76145313805282,0
-2.46,4.609244,30.73,62.76145313805282,0
-13.84,4.602848,30.73,62.76145313805282,0
9.42,4.611803,30.73,62.76145313805282,0
6.68,4.606686,30.73,62.76145313805282,0
-1.39,4.611803,30.73,62.76145313805282,0
-7.55,4.606686,30.73,62.76145313805282,0
-2.36,4.610523,30.73,62.56196927846821,0
7.12,4.607965,30.73,62.76145313805282,0
1.63,4.613082,30.73,62.56196927846821,0
-7.38,4.609244,30.73,62.76145313805282,0
-16.62,4.610523,30.73,62.56196927846821,0
9.74,4.606686,30.73,62.56196927846821,0
6.65,4.604127,30.73,62.76145313805282,0
-3.78,4.606686,30.73,62.56196927846821,0
-12.8,4.610523,30.73,62.56196927846821,0
8.06,4.606686,30.73,62.56196927846821,0
6.61,4.613082,30.75,62.56196927846821,0
-3.03,4.609244,30.75,62.56196927846821,0
-17.11,4.613082,30.75,62.56196927846821,0
8.12,4.610523,30.75,62.76145313805282,0
7.3,4.615641,30.73,62.76145313805282,0
-12.16,4.61692,30.73,62.76145313805282,0
12.21,4.61692,30.73,63.733821476512766,0
3.29,4.610523,30.73,62.76145313805282,0
-12.46,4.618199,30.77,62.76145313805282,0
12.78,4.618199,30.77,62.76145313805282,0
5.34,4.620758,30.77,62.76145313805282,0
-8.74,4.610523,30.77,62.76145313805282,0
10.54,4.622037,30.79,62.76145313805282,0
4.46,4.613082,30.79,62.976185975335156,0
-13.48,4.624595,30.79,62.976185975335156,0
8.36,4.620758,30.79,62.976185975335156,0
-1.56,4.628433,30.79,62.76145313805282,0
-4.7,4.618199,30.79,62.76145313805282,0
3.82,4.620758,30.79,62.76145313805282,0
-1.28,4.618199,30.79,62.88083968904996,0
2.34,4.622037,30.79,62.88083968904996,0
9.1,4.618199,30.79,62.76145313805282,0
7.27,4.628433,30.79,62.76145313805282,0
-6.95,4.61692,30.79,62.76145313805282,0
-23.9,4.629712,30.79,62.76145313805282,0
10.86,4.619478,30.79,62.76145313805282,0
14.1,4.629712,30.79,62.76145313805282,0
-1.45,4.618199,30.79,62.76145313805282,0
-15.4,4.629712,30.81,62.88083968904996,0
9.24,4.611803,30.81,62.76145313805282,0
5.11,4.629712,30.81,62.76145313805282,0
4.02,4.619478,30.81,62.76145313805282,0
-5.41,4.630991,30.81,62.88083968904996,0
-20.42,4.627154,30.81,62.76145313805282,0
9.35,4.628433,30.81,62.88083968904996,0
7.33,4.628433,30.81,62.76145313805282,0
2.14,4.629712,30.83,62.76145313805282,0
-7.3,4.629712,30.83,62.76145313805282,0
-5.51,4.628433,30.83,62.76145313805282,0
4.54,4.618199,30.83,62.76145313805282,0
2.89,4.619478,30.85,62.76145313805282,0
-2.1,4.627154,30.85,62.76145313805282,0
-9.94,4.629712,30.85,62.76145313805282,0
10.91,4.628433,30.85,62.76145313805282,0
6.7,4.630991,30.85,62.76145313805282,0
-3.8,4.628433,30.85,62.76145313805282,0
-8.25,4.629712,30.85,62.76145313805282,0
-1.47,4.628433,30.85,62.76145313805282,0
3.65,4.630991,30.87,62.76145313805282,0
3.09,4.634829,30.87,62.76145313805282,0
-4.71,4.609244,30.87,62.76145313805282,0
-16.94,4.61692,30.87,62.76145313805282,0
8.86,4.627154,30.87,62.76145313805282,0
5.83,4.632271,30.87,62.76145313805282,0
-2.76,4.629712,30.87,62.88083968904996,0
-15.82,4.624595,30.87,62.88083968904996,0
10.75,4.629712,30.89,62.76145313805282,0
10.31,4.634829,30.89,62.76145313805282,0
0.15,4.63355,30.89,62.88083968904996,0
-17.74,4.632271,30.89,62.76145313805282,0
9.78,4.632271,30.89,62.76145313805282,0
8.65,4.639946,30.89,62.76145313805282,0
-0.04,4.629712,30.89,62.76145313805282,0
-18.94,4.632271,30.89,62.76145313805282,0
10.11,4.637388,30.91,62.76145313805282,0
7.85,4.638667,30.91,62.76145313805282,0
-3.68,4.638667,30.91,62.76145313805282,0
-10.45,4.638667,30.91,62.976185975335156,0
3.17,4.641225,30.91,62.76145313805282,0
5.32,4.641225,30.91,62.976185975335156,0
-13.55,4.642505,30.91,62.76145313805282,0
5.05,4.637388,30.91,62.76145313805282,0
2.4,4.642505,30.91,62.76145313805282,0
-7.37,4.638667,30.91,62.76145313805282,0
4.55,4.643784,30.91,62.76145313805282,0
-3.07,4.638667,30.91,62.76145313805282,0
0.18,4.641225,30.95,62.76145313805282,0
7.31,4.637388,30.95,62.76145313805282,0
4.0,4.639946,30.95,62.76145313805282,0
-3.2,4.638667,30.95,62.76145313805282,0
-17.35,4.641225,30.93,62.88083968904996,0
12.73,4.642505,30.93,62.88083968904996,0
8.73,4.641225,30.93,62.76145313805282,0
0.57,4.630991,30.93,62.76145313805282,0
-8.2,4.634829,30.97,62.88083968904996,0
-8.54,4.630991,30.97,62.76145313805282,0
8.85,4.642505,30.97,62.88083968904996,0
3.51,4.63355,30.97,62.88083968904996,0
-5.21,4.643784,30.97,62.88083968904996,0
-15.4,4.63355,30.97,62.88083968904996,0
8.78,4.645063,30.97,62.76145313805282,0
8.07,4.63355,30.97,62.88083968904996,0
-0.12,4.645063,30.97,62.76145313805282,0
-10.71,4.63355,30.97,62.88083968904996,0
6.01,4.643784,30.97,62.76145313805282,0
7.31,4.625875,30.97,62.76145313805282,0
0.99,4.643784,30.99,62.88083968904996,0
-6.46,4.642505,30.99,62.76145313805282,0
0.29,4.643784,30.99,63.655321851358195,0
7.08,4.642505,30.99,62.76145313805282,0
1.39,4.643784,30.99,62.88083968904996,0
-6.53,4.643784,30.99,62.56196927846821,0
-5.74,4.646342,30.99,62.56196927846821,0
3.54,4.65146,30.99,62.76145313805282,0
2.41,4.647622,31.01,62.76145313805282,0
-3.64,4.65018,31.01,62.76145313805282,0
-6.92,4.641225,31.01,62.76145313805282,0
4.45,4.647622,31.01,62.76145313805282,0
3.41,4.645063,30.99,62.76145313805282,0
-3.18,4.652739,30.99,62.76145313805282,0
-4.45,4.65018,30.99,62.76145313805282,0
-0.69,4.65018,30.99,62.76145313805282,0
2.37,4.643784,31.01,62.976185975335156,0
-7.34,4.647622,31.01,62.976185975335156,0
8.66,4.643784,31.01,62.976185975335156,0
2.23,4.638667,31.01,62.976185975335156,0
-7.2,4.638667,31.01,62.976185975335156,0
7.51,4.642505,31.01,62.76145313805282,0
4.99,4.646342,31.01,62.976185975335156,0
-14.49,4.646342,31.01,62.76145313805282,0
5.5,4.647622,30.99,62.76145313805282,0
-0.02,4.654018,30.99,62.976185975335156,0
-15.26,4.65018,30.99,62.76145313805282,0
7.51,4.65146,30.99,62.76145313805282,0
-0.64,4.652739,31.01,62.76145313805282,0
-4.32,4.660414,31.01,62.76145313805282,0
14.72,4.656577,31.01,62.76145313805282,0
8.28,4.655297,31.01,62.76145313805282,0
-4.75,4.648901,31.01,62.76145313805282,0
-24.0,4.655297,31.01,62.76145313805282,0
14.86,4.628433,31.01,62.88083968904996,0
15.14,4.647622,31.01,62.76145313805282,0
-0.74,4.645063,31.03,62.76145313805282,0
-11.79,4.65018,31.03,62.76145313805282,0
-8.39,4.645063,31.03,62.76145313805282,0
8.48,4.65146,31.03,62.76145313805282,0
4.61,4.647622,31.03,62.76145313805282,0
-0.94,4.652739,31.03,62.76145313805282,0
-10.92,4.648901,31.03,62.76145313805282,0
8.28,4.645063,31.03,62.76145313805282,0
7.62,4.648901,31.01,62.76145313805282,0
-1.01,4.65018,31.01,62.76145313805282,0
-9.59,4.646342,31.01,62.76145313805282,0
1.28,4.65018,31.01,62.76145313805282,0
6.72,4.646342,31.01,62.76145313805282,0
0.68,4.655297,31.01,62.76145313805282,0
-6.08,4.652739,31.01,62.76145313805282,0
-3.64,4.652739,31.01,62.76145313805282,0
3.42,4.654018,31.01,62.76145313805282,0
3.33,4.655297,31.01,62.88083968904996,0
-7.41,4.648901,31.01,62.76145313805282,0
2.79,4.655297,31.01,62.76145313805282,0
5.25,4.656577,31.01,62.76145313805282,0
-1.92,4.657856,31.01,62.76145313805282,0
-11.73,4.65146,31.01,62.76145313805282,0
6.6,4.656577,31.01,62.76145313805282,0
5.8,4.657856,31.01,62.76145313805282,0
-6.1,4.662973,31.01,62.76145313805282,0
-4.84,4.660414,31.01,62.76145313805282,0
4.22,4.648901,31.01,62.76145313805282,0
1.21,4.660414,31.01,63.733821476512766,0
-7.08,4.65146,31.01,62.76145313805282,0
6.57,4.660414,31.01,62.76145313805282,0
8.26,4.652739,31.01,62.76145313805282,0
-0.74,4.659135,31.03,62.76145313805282,0
-7.65,4.655297,31.03,62.76145313805282,0
7.84,4.657856,31.03,62.76145313805282,0
6.88,4.652739,31.03,62.76145313805282,0
-3.7,4.657856,31.01,62.76145313805282,0
-4.57,4.660414,31.01,62.76145313805282,0
3.58,4.657856,31.01,62.76145313805282,0
-0.19,4.65146,31.01,62.76145313805282,0
-6.2,4.654018,31.03,62.76145313805282,0
3.11,4.652739,31.03,62.76145313805282,0
0.77,4.655297,31.03,62.76145313805282,0
-5.54,4.648901,31.03,62.76145313805282,0
6.08,4.655297,31.03,62.76145313805282,0
0.98,4.655297,31.03,62.88083968904996,0
-11.98,4.656577,31.03,62.76145313805282,0
7.15,4.652739,31.03,62.76145313805282,0
6.51,4.655297,31.03,62.88083968904996,0
0.22,4.65146,31.03,62.76145313805282,0
-6.64,4.654018,31.03,62.76145313805282,0
-9.46,4.642505,31.03,62.76145313805282,0
7.59,4.654018,31.01,62.88083968904996,0
3.93,4.647622,31.01,62.88083968904996,0
-2.53,4.65146,31.01,62.76145313805282,0
-12.41,4.647622,31.01,62.76145313805282,0
7.09,4.652739,31.01,62.88083968904996,0
7.19,4.654018,31.01,62.88083968904996,0
-0.55,4.654018,31.01,62.76145313805282,0
-7.19,4.656577,31.01,62.88083968904996,0
-3.73,4.656577,31.01,62.88083968904996,0
6.61,4.656577,31.01,62.76145313805282,0
3.89,4.648901,31.01,62.88083968904996,0
-4.73,4.656577,31.01,62.76145313805282,0
-10.84,4.656577,31.01,62.76145313805282,0
4.73,4.656577,31.01,62.76145313805282,0
5.7,4.656577,31.01,62.76145313805282,0
-3.05,4.652739,31.01,62.76145313805282,0
-8.58,4.655297,31.03,62.76145313805282,0
4.86,4.652739,31.03,62.76145313805282,0
2.96,4.661694,31.03,62.76145313805282,0
-7.46,4.654018,31.03,62.76145313805282,0
2.8,4.655297,31.05,62.76145313805282,0
2.91,4.65146,31.05,62.76145313805282,0
-3.51,4.657856,31.05,62.976185975335156,0
-4.53,4.660414,31.05,62.976185975335156,0
0.99,4.660414,31.05,62.976185975335156,0
-2.01,4.666811,31.05,62.976185975335156,0
0.42,4.638667,31.05,62.976185975335156,0
2.93,4.656577,31.05,62.976185975335156,0
-5.18,4.656577,31.03,62.976185975335156,0
4.26,4.660414,31.03,62.76145313805282,0
4.36,4.648901,31.03,62.76145313805282,0
-7.52,4.660414,31.03,62.76145313805282,0
9.27,4.652739,31.01,62.76145313805282,0
7.6,4.66809,31.01,62.76145313805282,0
-8.43,4.659135,31.01,62.76145313805282,0
2.89,4.661694,31.01,62.76145313805282,0
9.51,4.660414,31.01,62.88083968904996,0
3.22,4.66809,31.01,62.88083968904996,0
-2.45,4.659135,31.01,62.76145313805282,0
-10.9,4.662973,31.01,62.88083968904996,0
6.23,4.662973,31.01,62.88083968904996,0
8.26,4.66809,31.01,62.88083968904996,0
2.79,4.659135,31.01,62.88083968904996,0
-1.75,4.656577,31.01,62.88083968904996,0
-10.79,4.657856,31.01,62.76145313805282,0
6.17,4.666811,31.01,62.88083968904996,0
6.08,4.660414,31.01,62.88083968904996,0
-1.19,4.664252,31.01,62.88083968904996,0
-4.39,4.660414,31.03,62.88083968904996,0
-2.88,4.669369,31.03,62.88083968904996,0
2.73,4.660414,31.03,62.88083968904996,0
0.25,4.664252,31.03,62.76145313805282,0
-3.47,4.660414,31.07,62.76145313805282,0
-9.46,4.66809,31.07,62.88083968904996,0
5.14,4.65146,31.07,62.88083968904996,0
2.79,4.66809,31.07,62.88083968904996,0
-5.11,4.659135,31.03,62.76145313805282,0
-0.76,4.662973,31.03,62.76145313805282,0
3.71,4.660414,31.03,62.76145313805282,0
1.38,4.662973,31.03,62.76145313805282,0
-7.52,4.659135,31.03,62.76145313805282,0
8.48,4.662973,31.03,62.76145313805282,0
4.82,4.660414,31.03,62.88083968904996,0
-4.63,4.664252,31.03,62.76145313805282,0
-4.18,4.660414,31.01,62.76145313805282,0
3.86,4.657856,31.01,62.976185975335156,0
-0.44,4.661694,31.01,62.76145313805282,0
-12.09,4.660414,31.01,62.76145313805282,0
8.12,4.659135,30.99,62.76145313805282,0
4.38,4.662973,30.99,62.976185975335156,0
-12.85,4.659135,30.99,62.976185975335156,0
5.79,4.664252,30.99,62.976185975335156,0
2.58,4.659135,31.03,62.976185975335156,0
-11.82,4.669369,31.03,62.976185975335156,0
3.95,4.661694,31.03,62.976185975335156,0
-0.17,4.669369,31.03,62.976185975335156,0
-5.07,4.656577,31.01,62.976185975335156,0
4.39,4.669369,31.01,62.976185975335156,0
-0.83,4.662973,31.01,62.976185975335156,0
7.59,4.666811,31.01,62.976185975335156,0
3.44,4.661694,31.03,62.76145313805282,0
-7.74,4.670648,31.03,62.76145313805282,0
10.81,4.662973,31.03,62.76145313805282,0
8.21,4.666811,31.03,63.095166217389426,0
0.52,4.660414,31.01,62.976185975335156,0
-9.58,4.670648,31.01,62.88083968904996,0
-16.52,4.66809,31.01,62.76145313805282,0
2.24,4.660414,31.01,62.88083968904996,0
4.21,4.66809,31.01,62.76145313805282,0
0.36,4.66809,31.01,62.88083968904996,0
-4.84,4.66809,31.01,62.88083968904996,0
8.06,4.669369,31.01,62.88083968904996,0
6.91,4.669369,31.01,62.88083968904996,0
-0.39,4.670648,31.01,62.76145313805282,0
-2.95,4.671927,31.01,62.88083968904996,0
-1.13,4.669369,31.01,62.88083968904996,0
1.74,4.669369,31.01,62.76145313805282,0
2.34,4.666811,31.01,62.76145313805282,0
-4.39,4.664252,31.01,62.88083968904996,0
-5.52,4.671927,31.01,62.88083968904996,0
2.65,4.678324,31.01,62.76145313805282,0
2.28,4.68472,31.01,62.88083968904996,0
-1.78,4.694954,31.01,62.88083968904996,0
-4.91,4.696233,31.01,62.76145313805282,0
3.21,4.707747,31.01,62.76145313805282,0
4.4,4.705188,31.01,62.76145313805282,0
-1.76,4.685999,31.01,62.76145313805282,0
-6.11,4.700071,31.01,62.88083968904996,0
2.14,4.705188,31.01,62.76145313805282,0
2.19,4.694954,31.01,62.76145313805282,0
-2.26,4.706467,31.01,62.88083968904996,0
-4.67,4.703909,31.01,62.76145313805282,0
2.87,4.707747,31.01,62.76145313805282,0
1.72,4.705188,31.01,62.976185975335156,0
-4.68,4.709026,31.01,62.76145313805282,0
5.29,4.705188,31.01,62.976185975335156,0
0.85,4.710305,31.01,62.976185975335156,0
-6.18,4.710305,31.01,63.095166217389426,0
-1.21,4.71926,31.01,63.095166217389426,0
4.5,4.711584,31.01,63.095166217389426,0
6.93,4.712863,31.03,63.095166217389426,0
-6.92,4.714143,31.03,63.095166217389426,0
57.5,4.71798,31.03,63.095166217389426,0
-14.37,4.714143,31.03,63.095166217389426,0
-19.6,4.71798,31.03,62.88083968904996,0
-11.87,4.714143,31.03,62.76145313805282,0
-34.73,4.724377,31.03,62.76145313805282,0
3.33,4.716702,31.03,62.76145313805282,0
5.37,4.71926,31.01,62.76145313805282,0
-14.13,4.715422,31.01,62.976185975335156,0
15.4,4.723097,31.01,63.095166217389426,0
20.57,4.709026,31.01,63.095166217389426,0
7.17,4.723097,31.01,62.76145313805282,0
-5.41,4.714143,31.01,62.76145313805282,0
9.95,4.724377,31.01,62.76145313805282,0
20.57,4.715422,31.01,62.76145313805282,0
8.45,4.720539,31.03,62.88083968904996,0
-2.87,4.71926,31.03,63.095166217389426,0
-13.7,4.720539,31.03,62.76145313805282,0
8.33,4.721818,31.03,62.56196927846821,0
5.8,4.71926,31.01,62.76145313805282,0
-4.22,4.714143,31.01,62.76145313805282,0
-15.82,4.707747,31.01,62.76145313805282,0
-0.31,4.709026,31.01,62.76145313805282,0
3.28,4.712863,31.03,62.76145313805282,0
-6.97,4.71926,31.03,62.76145313805282,0
5.16,4.716702,31.03,62.88083968904996,0
1.99,4.715422,31.03,62.76145313805282,0
-8.93,4.716702,31.03,62.76145313805282,0
4.47,4.716702,31.03,62.76145313805282,0
1.03,4.715422,31.03,64.32728814430156,0
-6.06,4.836951,31.03,65.68104749469211,0
13.24,4.865095,31.03,64.90762667052309,0
22.44,4.738449,31.03,61.424750711744856,0
-20.05,4.65018,31.03,68.19090848492928,0
41.28,4.51458,31.03,59.89991652748775,0
-11.97,4.605406,31.01,87.16650732936361,0
-125.79,4.817762,31.01,57.113921245174545,0
111.81,4.935453,31.01,63.984373092185564,0
112.08,4.931615,31.01,59.48949487094339,0
39.7,4.950804,31.01,61.38403701289123,0
94.55,4.960498,31.01,65.34523701081817,0
-292.83,4.970732,31.01,61.66036003787198,0
-67.19,4.850482,31.01,60.876925020897694,0
-22.15,4.755817,31.03,42.59107887809371,0
3.11,4.696972,31.03,92.29301165310405,0
58.93,4.705927,31.03,43.87482193696061,0
157.82,5.07691,31.03,64.91532946846992,0
-21.31,5.09354,31.03,73.49829930005184,0
-30.96,5.09354,31.03,62.40192304729078,0
-97.67,5.112729,31.03,62.8410693734599,0
-147.39,5.115287,31.03,61.66036003787198,0
147.95,5.11017,31.05,63.88270501473775,0
55.91,5.102495,31.05,62.8887907341205,0
-49.33,5.09226,31.05,63.84355879804947,0
-49.9,5.079468,31.05,62.41794613730894,0
-31.27,5.087143,31.05,63.35613624582863,0
20.73,5.064117,31.05,63.419239982831705,0
62.72,5.046207,31.05,63.84355879804947,0
26.52,5.037253,31.05,63.51377803280167,0
-16.52,5.023181,31.03,63.419239982831705,0
52.03,5.021902,31.03,62.69768735766894,0
9.15,5.04237,31.03,62.64982043070834,0
-12.76,5.046207,31.03,62.88083968904996,0
-36.28,5.047487,31.03,63.324560795950255,0
-39.5,5.044928,31.03,63.56886030125127,0
1.36,5.011668,31.03,63.324560795950255,0
-14.89,5.032136,31.03,62.88083968904996,0
-43.09,5.032136,31.07,62.88083968904996,0
-47.76,5.037253,31.07,62.88083968904996,0
7.74,5.034694,31.07,62.88083968904996,0
26.35,5.032136,31.07,62.64982043070834,0
22.95,5.038532,31.05,63.56886030125127,0
14.46,5.046207,31.05,62.89674077406555,0
14.89,5.046207,31.05,63.60031446463138,0
36.01,5.044928,31.05,62.94441992742486,0
-2.91,5.043649,31.05,63.66317616958802,0
-26.18,5.039811,31.05,63.66317616958802,0
-1.32,5.04237,31.05,63.60031446463138,0
-7.56,5.037253,31.05,63.35613624582863,0
4.68,5.030857,31.05,63.60031446463138,0
1.44,5.030857,31.05,63.35613624582863,0
-9.47,5.029577,31.05,63.60031446463138,0
-4.31,5.028298,31.05,63.60031446463138,0
-10.59,5.028298,31.05,63.60031446463138,0
11.6,5.027019,31.05,63.60031446463138,0
-0.38,5.02574,31.05,63.60031446463138,0
-10.85,5.021902,31.05,63.60031446463138,0
21.04,5.015505,31.05,63.60031446463138,0
1.67,5.021902,31.05,63.60031446463138,0
-14.79,5.020623,31.05,63.60031446463138,0
11.16,5.019343,31.05,63.60031446463138,0
4.54,5.020623,31.05,63.35613624582863,0
-14.29,5.023181,31.05,63.35613624582863,0
18.91,5.019343,31.05,63.60031446463138,0
4.91,5.015505,31.05,63.60031446463138,0
-8.56,5.015505,31.05,63.60031446463138,0
19.69,5.018064,31.05,63.60031446463138,0
10.83,5.015505,31.05,63.60031446463138,0
-10.33,5.00783,31.05,63.60031446463138,0
15.54,5.015505,31.05,63.60031446463138,0
10.44,5.015505,31.05,63.60031446463138,0
-9.96,5.014226,31.05,63.60031446463138,0
-3.17,5.011668,31.05,63.60031446463138,0
10.66,5.011668,31.05,63.60031446463138,0
1.0,5.000154,31.05,63.60031446463138,0
-29.29,5.010388,31.05,63.60031446463138,0
11.25,5.005271,31.05,63.60031446463138,0
14.36,5.009109,31.05,63.60031446463138,0
-5.39,4.993758,31.05,62.89674077406555,0
16.83,4.997596,31.05,62.94441992742486,0
16.98,5.002713,31.05,63.60031446463138,0
-2.17,5.001434,31.05,62.89674077406555,0
-9.17,4.997596,31.05,62.89674077406555,0
3.32,5.000154,31.05,63.60031446463138,0
0.32,4.993758,31.05,63.60031446463138,0
-18.13,4.998875,31.05,63.324560795950255,0
5.97,5.003992,31.05,64.07027391856539,0
-0.86,5.010388,31.05,62.89674077406555,0
-0.93,5.003992,31.05,62.63385665915839,0
20.28,5.015505,31.07,63.60031446463138,0
3.73,4.997596,31.07,62.94441992742486,0
26.15,5.003992,31.07,62.94441992742486,0
-29.04,5.000154,31.07,62.94441992742486,0
-29.75,5.003992,31.05,62.94441992742486,0
-15.07,5.006551,31.05,62.94441992742486,0
-8.67,5.005271,31.05,62.94441992742486,0
11.33,4.998875,31.05,62.94441992742486,0
3.26,5.000154,31.07,62.94441992742486,0
-13.0,4.997596,31.07,62.94441992742486,0
14.4,4.998875,31.07,62.94441992742486,0
7.74,4.995038,31.07,62.94441992742486,0
-1.58,4.991199,31.07,63.60031446463138,0
-21.98,4.996317,31.07,63.60031446463138,0
3.43,4.997596,31.07,63.60031446463138,0
12.27,4.997596,31.07,62.89674077406555,0
-12.06,4.996317,31.07,63.35613624582863,0
12.73,4.995038,31.07,63.35613624582863,0
10.63,4.995038,31.07,63.35613624582863,0
-4.67,4.996317,31.07,63.60031446463138,0
5.72,4.996317,31.07,63.60031446463138,0
14.38,4.996317,31.07,62.89674077406555,0
1.76,4.995038,31.07,62.89674077406555,0
-8.37,4.987362,31.07,62.89674077406555,0
2.61,4.995038,31.07,62.89674077406555,0
8.63,4.987362,31.07,62.89674077406555,0
-2.19,4.969452,31.07,62.89674077406555,0
-19.04,4.987362,31.07,62.89674077406555,0
18.29,4.991199,31.09,62.89674077406555,0
7.9,4.988641,31.09,62.89674077406555,0
-4.17,4.989921,31.09,63.60031446463138,0
-23.78,4.992479,31.09,62.64982043070834,0
15.49,4.989921,31.09,62.64982043070834,0
8.8,4.996317,31.09,62.64982043070834,0
-1.4,4.982245,31.09,62.64982043070834,0
-17.0,4.989921,31.09,62.89674077406555,0
11.97,4.984804,31.09,63.324560795950255,0
6.98,4.992479,31.09,65.22269543648132,0
-0.88,4.987362,31.09,62.69768735766894,0
-10.13,4.991199,31.09,62.69768735766894,0
16.27,4.993758,31.07,62.69768735766894,0
10.31,4.997596,31.07,63.419239982831705,0
-6.3,4.995038,31.07,63.419239982831705,0
-15.21,5.001434,31.07,63.35613624582863,0
6.94,5.011668,31.07,63.324560795950255,0
-2.56,5.020623,31.07,62.63385665915839,0
1.12,5.018064,31.07,62.63385665915839,0
54.08,5.021902,31.07,63.324560795950255,0
-9.26,5.019343,31.07,63.324560795950255,0
-78.6,5.033415,31.07,63.324560795950255,0
-15.79,5.02574,31.07,62.63385665915839,0
19.45,5.029577,31.07,63.324560795950255,0
35.35,5.02446,31.07,63.324560795950255,0
13.8,5.033415,31.07,63.324560795950255,0
-21.79,5.023181,31.07,63.324560795950255,0
-16.0,5.028298,31.07,62.63385665915839,0
-10.77,5.018064,31.07,63.095166217389426,0
-5.05,5.035974,31.07,63.324560795950255,0
-5.45,5.02574,31.07,64.26507605223851,0
2.55,5.037253,31.07,63.324560795950255,0
0.86,5.034694,31.07,63.324560795950255,0
4.29,5.038532,31.07,62.64982043070834,0
0.01,5.032136,31.07,63.324560795950255,0
14.6,5.035974,31.07,63.324560795950255,0
-17.18,5.037253,31.09,63.796551630946325,0
2.23,5.034694,31.09,63.095166217389426,0
7.27,5.030857,31.09,62.88083968904996,0
-18.83,5.02574,31.09,63.095166217389426,0
7.08,5.027019,31.09,63.796551630946325,0
15.12,5.038532,31.09,63.095166217389426,0
-10.7,5.034694,31.09,63.095166217389426,0
2.64,5.037253,31.09,63.12685640834652,0
3.61,5.039811,31.09,63.35613624582863,0
3.12,5.04237,31.09,63.12685640834652,0
11.98,5.043649,31.09,62.41794613730894,0
-4.08,5.051324,31.09,63.12685640834652,0
-6.18,5.043649,31.09,63.12685640834652,0
-4.22,5.043649,31.09,62.41794613730894,0
14.46,5.038532,31.09,63.12685640834652,0
-0.49,5.044928,31.09,63.12685640834652,0
0.35,5.039811,31.09,62.41794613730894,0
-0.23,5.04109,31.09,63.12685640834652,0
5.35,5.039811,31.09,63.12685640834652,0
2.26,5.030857,31.09,63.095166217389426,0
4.8,5.039811,31.09,63.12685640834652,0
-8.38,5.04109,31.09,63.12685640834652,0
1.62,5.044928,31.09,63.12685640834652,0
11.4,5.038532,31.09,63.12685640834652,0
-1.59,5.043649,31.09,63.12685640834652,0
-7.03,5.029577,31.09,63.095166217389426,0
0.4,5.039811,31.09,63.095166217389426,0
-7.75,5.035974,31.09,63.12685640834652,0
0.61,5.04237,31.09,62.41794613730894,0
3.18,5.02574,31.09,63.12685640834652,0
4.37,5.04109,31.09,63.095166217389426,0
-1.49,5.035974,31.09,63.095166217389426,0
-1.95,5.04109,31.11,62.41794613730894,0
4.1,5.039811,31.11,63.095166217389426,0
-10.63,5.04237,31.11,62.41794613730894,0
-6.52,5.039811,31.11,64.56779382943171,0
3.27,5.044928,31.11,63.095166217389426,0
9.38,5.048766,31.11,62.88083968904996,0
-4.44,5.050045,31.11,62.88083968904996,0
-13.23,5.044928,31.11,63.58458932791813,0
29.5,5.048766,31.09,63.58458932791813,0
19.56,5.048766,31.09,63.58458932791813,0
-1.1,5.028298,31.09,63.58458932791813,0
-7.47,5.038532,31.09,63.58458932791813,0
-4.25,5.04109,31.09,63.796551630946325,0
-5.41,5.04237,31.09,63.095166217389426,0
6.58,5.044928,31.09,62.88083968904996,0
-2.78,5.030857,31.09,62.88083968904996,0
-21.75,5.043649,31.11,63.56886030125127,0
4.81,5.044928,31.11,62.88083968904996,0
1.72,5.055162,31.11,63.58458932791813,0
-0.79,5.052604,31.11,63.58458932791813,0
17.41,5.064117,31.09,62.20128616033595,0
12.0,5.066676,31.09,62.88083968904996,0
-8.84,5.078189,31.09,62.88083968904996,0
-6.65,5.073072,31.09,62.88083968904996,0
-4.48,5.073072,31.09,62.88083968904996,0
-0.16,5.067955,31.09,62.88083968904996,0
-6.86,5.062838,31.09,62.88083968904996,0
-2.15,5.065396,31.09,63.56886030125127,0
7.15,5.066676,31.11,62.88083968904996,0
-2.21,5.059,31.11,63.095166217389426,0
9.48,5.062838,31.11,63.796551630946325,0
-7.67,5.057721,31.11,62.91263784010332,0
-6.02,5.061559,31.13,62.32976816898969,0
-2.52,5.061559,31.13,62.91263784010332,0
-1.64,5.062838,31.13,63.12685640834652,0
-2.18,5.062838,31.13,63.190189111918315,0
-4.33,5.060279,31.13,63.12685640834652,0
-0.67,5.052604,31.13,62.976185975335156,0
7.18,5.066676,31.13,63.12685640834652,0
6.18,5.066676,31.13,63.12685640834652,0
-5.19,5.067955,31.09,63.12685640834652,0
1.14,5.074351,31.09,62.465990746965666,0
5.89,5.057721,31.09,63.12685640834652,0
5.05,5.067955,31.09,63.12685640834652,0
-1.19,5.066676,31.13,63.796551630946325,0
-2.79,5.07563,31.13,63.095166217389426,0
2.61,5.071793,31.13,63.095166217389426,0
-8.67,5.07691,31.13,63.095166217389426,0
4.64,5.067955,31.13,63.12685640834652,0
3.34,5.088423,31.13,63.12685640834652,0
-1.3,5.082026,31.13,62.24949798994366,0
-8.32,5.096098,31.13,63.631753079732135,0
-7.52,5.11017,31.11,62.976185975335156,0
-5.63,5.139593,31.11,62.91263784010332,0
5.01,5.143431,31.11,62.91263784010332,0
-3.08,5.152385,31.11,62.91263784010332,0
6.63,5.154944,31.13,62.91263784010332,0
3.15,5.158782,31.13,62.91263784010332,0
1.32,5.148548,31.13,63.58458932791813,0
-4.74,5.145989,31.13,62.91263784010332,0
-2.78,5.143431,31.15,62.91263784010332,0
0.61,5.149827,31.15,62.91263784010332,0
1.65,5.137034,31.15,62.91263784010332,0
-0.66,5.139593,31.15,62.41794613730894,0
2.03,5.134476,31.13,62.91263784010332,0
-2.87,5.135755,31.13,62.91263784010332,0
-0.62,5.133197,31.13,62.91263784010332,0
-1.04,5.138314,31.13,62.91263784010332,0
0.48,5.133197,31.11,62.91263784010332,0
-4.58,5.134476,31.11,63.631753079732135,0
2.68,5.120404,31.11,63.12685640834652,0
1.69,5.130638,31.11,63.190189111918315,0
-14.73,5.125521,31.11,63.631753079732135,0
-21.89,5.131917,31.11,63.631753079732135,0
19.08,5.119125,31.11,62.976185975335156,0
7.02,5.120404,31.11,62.976185975335156,0
9.29,5.120404,31.13,62.91263784010332,0
-8.58,5.120404,31.13,62.91263784010332,0
-7.99,5.120404,31.13,63.631753079732135,0
1.44,5.117846,31.13,63.631753079732135,0
-4.69,5.116566,31.13,63.631753079732135,0
3.33,5.108891,31.13,63.796551630946325,0
-1.52,5.117846,31.13,63.631753079732135,0
3.0,5.114008,31.13,62.976185975335156,0
6.68,5.103774,31.13,63.631753079732135,0
-0.54,5.111449,31.13,63.631753079732135,0
-0.18,5.107612,31.13,63.631753079732135,0
-7.58,5.103774,31.13,62.976185975335156,0
-3.18,5.102495,31.15,62.976185975335156,0
-7.78,5.107612,31.15,62.976185975335156,0
-11.36,5.07691,31.15,63.84355879804947,0
21.47,5.094819,31.15,63.631753079732135,0
2.63,5.080747,31.11,62.976185975335156,0
-22.75,5.087143,31.11,62.976185975335156,0
33.76,5.085865,31.11,62.976185975335156,0
13.77,5.087143,31.11,63.071388124885914,0
-0.82,5.079468,31.15,63.7102817447859,0
-11.56,5.084585,31.15,62.8728876384726,0
0.69,5.079468,31.15,63.7102817447859,0
6.94,5.080747,31.15,63.7102817447859,0
-8.94,5.07563,31.15,62.976185975335156,0
-7.06,5.07563,31.15,63.190189111918315,0
1.08,5.07691,31.15,63.7102817447859,0
0.27,5.071793,31.15,62.976185975335156,0
-4.12,5.078189,31.13,63.071388124885914,0
-3.03,5.074351,31.13,63.071388124885914,0
2.48,5.078189,31.13,63.071388124885914,0
2.68,5.078189,31.13,63.7102817447859,0
-1.39,5.080747,31.13,62.976185975335156,0
-12.39,5.079468,31.13,62.976185975335156,0
1.04,5.080747,31.13,63.7102817447859,0
3.93,5.084585,31.13,63.071388124885914,0
-2.04,5.083306,31.13,63.7102817447859,0
-15.91,5.083306,31.13,62.32976816898969,0
4.49,5.07691,31.13,63.7102817447859,0
1.06,5.082026,31.13,62.32976816898969,0
-25.3,5.082026,31.15,63.190189111918315,0
-7.24,5.079468,31.15,63.190189111918315,0
28.73,5.079468,31.15,63.190189111918315,0
18.45,5.078189,31.15,63.28506932918696,0
-22.03,5.07691,31.15,62.545983084447556,0
9.41,5.074351,31.15,62.545983084447556,0
22.39,5.074351,31.15,63.92182725798755,0
14.76,5.071793,31.15,62.545983084447556,0
-9.36,5.066676,31.17,63.190189111918315,0
-15.74,5.066676,31.17,63.28506932918696,0
20.58,5.071793,31.17,63.071388124885914,0
20.48,5.064117,31.17,63.28506932918696,0
9.57,5.067955,31.15,63.190189111918315,0
9.06,5.074351,31.15,62.976185975335156,0
7.95,5.070513,31.15,62.545983084447556,0
-19.54,5.069234,31.15,63.071388124885914,0
-14.61,5.071793,31.17,63.071388124885914,0
-29.53,5.07563,31.17,63.071388124885914,0
5.25,5.070513,31.17,63.071388124885914,0
22.31,5.069234,31.17,63.071388124885914,0
14.59,5.061559,31.17,61.82232606429493,0
-7.59,5.074351,31.17,62.65780079128216,0
-3.99,5.061559,31.17,63.28506932918696,0
-0.42,5.061559,31.17,63.071388124885914,0
-8.43,5.066676,31.13,63.071388124885914,0
-7.68,5.070513,31.13,63.071388124885914,0
-16.89,5.062838,31.13,63.071388124885914,0
3.93,5.060279,31.13,63.84355879804947,0
5.91,5.059,31.15,63.7102817447859,0
-14.47,5.057721,31.15,62.545983084447556,0
-22.1,5.060279,31.15,63.190189111918315,0
-11.72,5.051324,31.15,62.545983084447556,0
1.48,5.061559,31.17,63.190189111918315,0
13.72,5.062838,31.17,63.190189111918315,0
3.24,5.064117,31.17,63.190189111918315,0
-26.91,5.066676,31.17,63.190189111918315,0
-6.9,5.067955,31.17,63.190189111918315,0
21.15,5.069234,31.17,63.190189111918315,0
7.76,5.065396,31.17,62.545983084447556,0
-37.15,5.073072,31.17,63.190189111918315,0
30.78,5.067955,31.15,63.28506932918696,0
18.35,5.07691,31.15,62.976185975335156,0
-37.01,5.062838,31.15,62.976185975335156,0
31.59,5.073072,31.15,62.976185975335156,0
26.55,5.065396,31.19,63.7102817447859,0
-43.37,5.07563,31.19,63.071388124885914,0
22.24,5.066676,31.19,63.071388124885914,0
23.23,5.07563,31.19,63.28506932918696,0
-3.65,5.066676,31.15,63.28506932918696,0
-45.89,5.071793,31.15,63.28506932918696,0
50.5,5.067955,31.15,62.44197306299666,0
35.84,5.069234,31.15,63.92182725798755,0
-21.08,5.066676,31.15,63.28506932918696,0
-77.69,5.062838,31.15,63.28506932918696,0
3.79,5.04237,31.15,63.28506932918696,0
29.27,5.060279,31.15,63.28506932918696,0
-5.74,5.056441,31.17,63.28506932918696,0
-55.74,5.060279,31.17,63.28506932918696,0
20.31,5.055162,31.17,63.28506932918696,0
23.16,5.061559,31.17,63.28506932918696,0
-5.44,5.057721,31.17,64.56779382943171,0
-44.06,5.056441,31.17,67.80855403265875,0
25.99,5.065396,31.17,66.47555941848101,0
13.69,5.098657,31.17,64.45928947793328,0
-27.61,5.122962,31.17,62.3377895020348,0
-90.34,5.129359,31.17,62.20128616033595,0
95.95,5.115287,31.17,63.0317380372777,0
105.46,5.105053,31.17,62.39390995922599,0
-111.92,5.09354,31.17,63.02380502635492,0
-304.12,5.097378,31.17,62.94441992742486,0
72.08,5.096098,31.17,63.60031446463138,0
65.24,5.106332,31.17,63.60031446463138,0
-21.46,5.108891,31.17,63.60031446463138,0
52.24,5.111449,31.17,62.89674077406555,0
24.06,5.101215,31.17,63.15853069855251,0
-53.06,5.09354,31.17,62.89674077406555,0
39.71,5.09354,31.19,62.89674077406555,0
21.87,5.099936,31.19,62.89674077406555,0
-52.12,5.085865,31.19,62.89674077406555,0
51.51,5.085865,31.19,62.89674077406555,0
49.29,5.078189,31.17,63.15853069855251,0
-20.1,5.084585,31.17,62.89674077406555,0
13.61,5.07563,31.17,62.89674077406555,0
37.57,5.078189,31.17,63.60031446463138,0
17.68,5.070513,31.17,63.60031446463138,0
-8.73,5.070513,31.17,63.15853069855251,0
-56.39,5.056441,31.17,63.60031446463138,0
36.24,5.066676,31.17,62.89674077406555,0
25.27,5.056441,31.19,62.89674077406555,0
-4.32,5.060279,31.19,63.60031446463138,0
-38.28,5.053883,31.19,63.35613624582863,0
12.26,5.053883,31.19,62.94441992742486,0
27.12,5.046207,31.19,63.419239982831705,0
22.17,5.057721,31.19,62.77738446287803,0
-15.68,5.055162,31.19,62.65780079128216,0
55.02,5.067955,31.19,62.80127387243033,0
189.48,5.071793,31.17,62.8887907341205,0
98.65,5.065396,31.17,63.13477647065839,0
-149.8,5.059,31.17,63.13477647065839,0
-181.74,5.052604,31.17,63.13477647065839,0
-116.38,5.051324,31.19,63.88270501473775,0
-195.27,5.055162,31.19,63.0317380372777,0
-130.22,5.048766,31.19,63.0317380372777,0
149.41,5.046207,31.19,63.63961030678928,0
108.02,5.04109,31.19,63.0317380372777,0
15.22,5.04237,31.19,64.39720490828775,0
-49.82,5.039811,31.19,65.93178292750773,0
37.37,5.103774,31.19,58.9915248150105,0
42.94,5.117846,31.21,63.88270501473775,0
43.83,5.116566,31.21,57.56735185849702,0
211.04,5.029577,31.21,57.697486947006624,0
-83.29,4.844086,31.21,70.25667228100119,0
-122.95,4.7507,31.21,63.4428877022476,0
-165.19,5.020623,31.21,66.55073252789934,0
-241.98,5.04237,31.21,64.13267497929586,0
251.83,5.047487,31.21,62.94441992742486,0
53.36,5.065396,31.19,63.474404290233394,0
39.63,5.074351,31.19,63.2771680782255,0
26.08,5.084585,31.19,63.8200595424354,0
-18.79,5.069234,31.19,63.474404290233394,0
-34.54,5.07691,31.19,62.65780079128216,0
-37.1,5.073072,31.19,63.474404290233394,0
-10.53,5.073072,31.19,63.474404290233394,0
-14.27,5.065396,31.19,63.474404290233394,0
-18.52,5.070513,31.19,62.94441992742486,0
8.57,5.065396,31.19,63.15853069855251,0
33.34,5.067955,31.19,62.94441992742486,0
10.88,5.066676,31.19,62.94441992742486,0
-19.49,5.065396,31.17,63.15853069855251,0
16.65,5.056441,31.17,63.474404290233394,0
-22.49,5.053883,31.17,63.474404290233394,0
-13.91,5.055162,31.17,63.15853069855251,0
-55.82,5.060279,31.21,63.419239982831705,0
146.76,5.056441,31.21,63.419239982831705,0
41.82,5.033415,31.21,62.96824596572466,0
-15.38,5.039811,31.21,63.419239982831705,0
-21.19,5.039811,31.21,62.617888817813075,0
45.54,5.032136,31.21,62.617888817813075,0
2.59,5.037253,31.21,63.419239982831705,0
-10.27,5.028298,31.21,62.617888817813075,0
-31.11,5.032136,31.17,63.182275995725256,0
-5.01,5.019343,31.17,63.182275995725256,0
1.81,5.028298,31.17,63.41135544995076,0
1.4,5.021902,31.17,63.41135544995076,0
-30.03,5.02446,31.19,63.41135544995076,0
24.16,5.020623,31.19,63.182275995725256,0
7.35,5.019343,31.19,63.56886030125127,0
-10.22,5.019343,31.19,63.56886030125127,0
-23.25,5.023181,31.21,62.80127387243033,0
22.28,5.020623,31.21,64.4980619863884,0
26.36,5.02446,31.21,63.63961030678928,0
-41.71,5.011668,31.21,62.65780079128216,0
4.35,5.010388,31.19,63.0317380372777,0
-32.69,5.010388,31.19,63.20601237224193,0
-25.88,5.020623,31.19,63.45076831686122,0
-53.63,5.011668,31.19,63.45076831686122,0
-63.08,5.020623,31.19,63.20601237224193,0
89.71,5.011668,31.19,59.10160742314882,0
42.76,5.027019,31.19,68.8839603971781,0
-27.02,5.027019,31.19,53.52569476429054,0
54.56,5.034694,31.19,63.631753079732135,0
104.86,5.044928,31.19,66.1362230551458,0
-35.82,5.04109,31.19,71.13367697511495,0
-379.7,5.006551,31.19,68.89121859859934,0
5.65,5.030857,31.21,65.83312236253116,0
239.17,4.838969,31.21,61.554853586049575,0
-55.72,4.746863,31.21,65.49809157525127,0
-206.35,4.753259,31.21,66.0,0
-214.12,4.758376,31.23,63.33245613427605,0
105.04,4.790357,31.23,68.2934843158555,0
-46.41,4.942588,31.23,59.00847396772772,0
75.83,5.067955,31.23,61.69278726074872,0
132.61,5.066676,31.21,61.69278726074872,0
201.49,5.060279,31.21,60.868711174132805,0
-76.92,5.051324,31.21,61.163714733492114,0
-141.23,5.039811,31.21,62.8410693734599,0
5.63,5.046207,31.21,61.61980201201558,0
66.85,5.043649,31.21,61.91930232165088,0
21.45,5.069234,31.21,63.647466563878254,0
19.05,5.069234,31.21,63.655321851358195,0
-18.21,5.069234,31.21,62.8728876384726,0
-143.48,5.061559,31.21,63.12685640834652,0
-46.6,5.055162,31.21,57.67148342118486,0
-57.9,5.047487,31.21,64.69930447848725,0
23.52,5.053883,31.21,64.7533782902483,0
10.78,5.033415,31.21,63.45076831686122,0
38.47,5.027019,31.21,61.82232606429493,0
-29.47,4.861995,31.21,60.34898507845845,0
7.36,4.873508,31.21,64.38167441127949,0
-62.94,4.873508,31.21,61.09009739720506,0
-64.42,4.878625,31.21,63.796551630946325,0
95.22,4.851761,31.21,61.91122676865643,0
33.63,4.970732,31.23,71.09149034870488,0
-41.96,4.685459,31.23,61.1228271597445,0
58.73,4.71744,31.23,63.984373092185564,0
18.86,4.814663,31.23,62.24146527838174,0
354.54,4.855599,31.23,62.77738446287803,0
-247.02,4.882463,31.23,62.465990746965666,0
-285.7,4.865833,31.23,63.166446789415026,0
-100.69,4.859437,31.23,62.68173577685928,0
7.69,4.877347,31.23,62.6418390534633,0
-1.51,4.886301,31.23,63.103090257134,0
44.87,4.90549,31.23,63.56886030125127,0
5.4,4.896535,31.23,62.617888817813075,0
-3.72,4.919562,31.23,63.103090257134,0
32.06,4.923399,31.23,63.079315151640635,0
11.55,4.929796,31.23,63.079315151640635,0
-18.7,4.913166,31.23,62.16912416947821,0
27.01,4.918283,31.21,63.071388124885914,0
-0.01,4.904211,31.21,62.609903369994115,0
-22.41,4.911886,31.21,62.617888817813075,0
14.54,4.874788,31.21,63.51377803280167,0
0.24,4.776286,31.23,63.53739056650029,0
-14.83,4.772448,31.23,63.60031446463138,0
11.2,4.757097,31.23,62.177166226839255,0
20.97,4.757097,31.23,63.592452382338585,0
-16.86,4.728953,31.23,63.28506932918696,0
-18.01,4.855599,31.23,62.297672508690084,0
11.83,4.80187,31.23,62.64982043070834,0
63.32,4.7507,31.23,61.74949392505172,0
87.31,4.877347,31.23,63.953107821277925,0
-131.21,4.874788,31.23,62.617888817813075,0
7.53,4.858158,31.23,66.30987860040162,0
-30.87,4.900373,31.23,63.655321851358195,0
-84.06,4.960498,31.21,63.631753079732135,0
32.68,4.945147,31.21,64.10148204214939,0
29.7,4.892697,31.21,62.89674077406555,0
-54.65,4.911886,31.21,62.77738446287803,0
-9.79,4.92212,31.19,62.80923498976882,0
-49.01,4.861995,31.19,62.80923498976882,0
51.26,4.861995,31.19,63.26136261573884,0
57.91,4.85432,31.19,63.26136261573884,0
-124.33,4.851761,31.19,63.190189111918315,0
23.47,4.850482,31.19,62.80923498976882,0
10.67,4.832572,31.19,96.44687656943589,0
-11.82,4.890139,31.19,50.24937810560445,0
37.67,4.941309,31.23,65.62773803811922,0
42.43,4.865833,31.23,38.88444419044716,0
141.56,4.845365,31.23,76.0,0
-210.96,4.830014,31.23,82.35289915965315,0
26.37,4.81978,31.21,68.24954212300622,0
-44.84,4.828735,31.21,59.21148537234985,0
-13.05,4.813384,31.21,55.68662316930342,0
-57.03,4.80187,31.21,61.40846847137616,0
15.75,4.799312,31.19,57.34980383575867,0
44.94,4.799312,31.19,52.23983154643591,0
-4.55,4.794195,31.19,57.66281297335398,0
-7.01,4.795474,31.19,77.25930364687478,0
-11.83,4.792916,31.21,66.11353870426238,0
-5.22,4.794195,31.21,48.938737212968626,0
20.51,4.787799,31.21,71.47726911403373,0
-0.79,4.76861,31.21,78.33900688673555,0
-22.31,4.775006,31.19,62.112800613078136,0
21.59,4.777565,31.19,79.86864215698174,0
-0.26,4.772448,31.19,70.43436661176133,0
-7.99,4.767331,31.19,59.50630218724736,0
6.15,4.763493,31.21,59.00847396772772,0
-5.59,4.759655,31.21,66.49060083951716,0
16.49,4.757097,31.21,65.49045732013177,0
1.65,4.759655,31.21,60.18305409332431,0
-12.02,4.732791,31.19,63.75735251718032,0
12.46,4.741745,31.19,63.198101237299845,0
-6.23,4.727674,31.19,62.83311228962003,0
9.91,4.736629,31.19,62.080592780675026,0
-34.41,4.726395,31.21,63.0,0
11.02,4.73407,31.21,62.625873247404705,0
-1.07,4.727674,31.21,62.26556030423239,0
-8.34,4.730232,31.21,61.53048025166064,0
-0.09,4.721278,31.23,63.53739056650029,0
0.92,4.722557,31.23,62.080592780675026,0
-7.44,4.721278,31.23,62.44197306299666,0
8.95,4.719998,31.23,62.44197306299666,0
-1.86,4.711044,31.21,62.83311228962003,0
2.66,4.708485,31.21,63.58458932791813,0
0.75,4.708485,31.21,62.81719509815764,0
-6.49,4.707206,31.21,63.35613624582863,0
7.33,4.704648,31.23,63.90618123468183,0
-2.42,4.705927,31.23,63.20601237224193,0
4.32,4.702089,31.23,63.35613624582863,0
-0.83,4.705927,31.23,61.237243569579455,0
-4.7,4.700809,31.21,62.625873247404705,0
4.33,4.707206,31.21,62.83311228962003,0
-5.09,4.704648,31.21,62.64982043070834,0
6.58,4.711044,31.21,63.53739056650029,0
-3.96,4.703368,31.23,61.73329733620261,0
-7.9,4.71744,31.23,62.44197306299666,0
7.64,4.713602,31.23,61.71709649683789,0
-3.6,4.719998,31.23,63.0,0
6.75,4.716161,31.21,62.080592780675026,0
-1.43,4.721278,31.21,63.72597586541927,0
-0.41,4.716161,31.21,63.35613624582863,0
0.24,4.719998,31.21,62.44197306299666,0
-3.58,4.714881,31.23,62.44197306299666,0
4.23,4.716161,31.23,62.44197306299666,0
-1.33,4.686738,31.23,62.44197306299666,0
1.59,4.696972,31.23,62.44197306299666,0
0.7,4.696972,31.23,62.44197306299666,0
-5.03,4.698251,31.23,63.35613624582863,0
5.78,4.690576,31.23,62.44197306299666,0
3.17,4.693134,31.23,61.73329733620261,0
-4.01,4.686738,31.25,63.0,0
6.55,4.691855,31.25,63.0,0
4.35,4.685459,31.25,63.58458932791813,0
-0.05,4.689296,31.25,61.163714733492114,0
-5.08,4.689296,31.25,60.81118318204309,0
4.99,4.694413,31.25,63.92182725798755,0
3.91,4.684179,31.25,63.92182725798755,0
2.42,4.693134,31.25,66.88049042882386,0
-1.92,4.686738,31.23,68.15423684555495,0
0.45,4.693134,31.23,62.44197306299666,0
-1.84,4.688017,31.23,61.73329733620261,0
-1.67,4.690576,31.23,63.35613624582863,0
-10.26,4.686738,31.23,63.0,0
4.65,4.689296,31.23,63.0,0
5.42,4.690576,31.23,63.0,0
-0.99,4.689296,31.23,62.65780079128216,0
-5.9,4.684179,31.23,63.0,0
1.97,4.680342,31.23,63.182275995725256,0
4.15,4.6829,31.23,62.080592780675026,0
-1.69,4.688017,31.23,62.26556030423239,0
-6.16,4.685459,31.23,62.44197306299666,0
3.09,4.695693,31.23,62.080592780675026,0
2.68,4.695693,31.23,61.91930232165088,0
-2.93,4.707206,31.23,63.75735251718032,0
-0.69,4.712323,31.25,62.44197306299666,0
5.29,4.725115,31.25,61.91122676865643,0
6.01,4.719998,31.25,63.0,0
-6.09,4.727674,31.25,62.68173577685928,0
12.83,4.721278,31.23,63.190189111918315,0
-3.25,4.741745,31.23,62.489999199871974,0
0.21,4.749421,31.23,60.41522986797286,0
-4.1,4.771169,31.23,63.592452382338585,0
2.24,4.778844,31.21,63.40346993658943,0
0.86,4.790357,31.21,62.90468980926621,0
-4.61,4.789078,31.21,59.28743543112655,0
-5.19,4.795474,31.21,64.10928169929842,0
4.19,4.795474,31.23,64.69157595854347,0
-4.36,4.796753,31.23,64.89221833163049,0
5.77,4.799312,31.23,61.196405123176966,0
-0.81,4.796753,31.23,64.45153217728807,0
-3.48,4.810825,31.25,62.83311228962003,0
1.8,4.810825,31.25,61.73329733620261,0
-1.0,4.808267,31.25,62.44197306299666,0
-3.56,4.804429,31.25,62.83311228962003,0
2.81,4.80315,31.25,63.35613624582863,0
2.21,4.798033,31.25,62.489999199871974,0
-3.89,4.790357,31.25,78.5175139698144,0
2.84,4.787799,31.25,76.9285382676676,0
7.44,4.771169,31.23,50.21951811795888,0
14.29,4.766051,31.23,54.27706698044764,0
34.72,4.754538,31.23,60.88513775955508,0
42.73,4.767331,31.23,63.88270501473775,0
5.27,4.764772,31.21,65.05382386916237,0
-38.94,4.773727,31.21,63.4428877022476,0
-51.33,4.773727,31.21,63.4428877022476,0
20.08,4.769889,31.21,63.0317380372777,0
29.29,4.76861,31.23,62.080592780675026,0
8.62,4.767331,31.23,63.150613615387776,0
-1.65,4.762214,31.23,62.8728876384726,0
-22.13,4.764772,31.23,63.60031446463138,0
