BVP,EDA,TEMP,ACC_Mag,Label
-10.02,0.329014,33.87,188.51525137240222,0
0.98,0.326456,33.87,139.9928569606321,0
0.74,0.336689,33.87,63.671029518926424,0
45.83,0.332852,33.87,66.76076692189807,0
46.18,0.327735,33.87,67.21606950722423,0
25.33,0.326456,33.87,64.66838485689897,0
-5.53,0.326456,33.89,62.625873247404705,0
-141.0,0.330293,33.89,63.89053137985315,0
33.1,0.340527,33.89,63.25345840347388,0
38.4,0.358435,33.89,63.25345840347388,0
0.62,0.38146,33.87,63.419239982831705,0
-0.15,0.415998,33.87,63.26136261573884,0
-9.8,0.437744,33.87,63.4428877022476,0
-0.19,0.460769,33.87,63.28506932918696,0
0.21,0.479957,33.84,63.28506932918696,0
-15.51,0.488911,33.84,63.92182725798755,0
3.7,0.492749,33.84,63.28506932918696,0
-2.35,0.49019,33.84,63.28506932918696,0
-9.05,0.488911,33.84,63.324560795950255,0
5.14,0.483794,33.84,63.96092557178953,0
-5.51,0.477399,33.84,52.20153254455275,0
7.85,0.469723,33.84,56.22277118748239,0
4.43,0.467165,33.83,76.2954782408499,0
-10.9,0.462048,33.83,69.95712972957081,0
9.49,0.454373,33.83,63.74950980203691,0
9.81,0.451815,33.83,64.29618962271404,0
-20.01,0.447978,33.83,59.33801479658719,0
-5.45,0.445419,33.83,63.94528911499267,0
-14.02,0.445419,33.83,65.4446330878247,0
21.03,0.44414,33.83,57.905094767213704,0
26.65,0.44414,33.79,60.63827174318213,0
-21.92,0.445419,33.79,62.177166226839255,0
20.02,0.442861,33.79,62.13694553162394,0
15.35,0.442861,33.79,65.16133823057964,0
-22.07,0.442861,33.79,64.69157595854347,0
10.08,0.442861,33.79,62.545983084447556,0
-6.85,0.440302,33.79,62.81719509815764,0
2.03,0.442861,33.79,60.340699366182356,0
3.07,0.440302,33.83,60.94259594077036,0
-18.23,0.442861,33.83,59.782940710540494,0
14.74,0.44414,33.83,66.2872536767062,0
9.89,0.442861,33.83,60.81118318204309,0
-5.92,0.440302,33.81,57.706152185014034,0
-7.34,0.437744,33.81,64.10148204214939,0
-22.26,0.440302,33.81,65.91661399070799,0
37.41,0.436465,33.81,62.489999199871974,0
14.37,0.439023,33.81,61.53048025166064,0
-40.53,0.440302,33.81,62.30569797378086,0
-1.52,0.439023,33.81,63.54525946126902,0
1.74,0.439023,33.81,61.71709649683789,0
13.61,0.439023,33.79,65.31462317123173,0
-2.51,0.441582,33.79,62.71363488110062,0
-22.38,0.436465,33.79,61.27805479941412,0
18.76,0.439023,33.79,63.079315151640635,0
-4.66,0.435186,33.81,62.00806399170998,0
16.59,0.439023,33.81,63.26926584053272,0
1.38,0.439023,33.81,62.44197306299666,0
-25.53,0.439023,33.81,62.465990746965666,0
8.6,0.439023,33.79,63.35613624582863,0
-12.2,0.437744,33.79,63.3798075099633,0
0.73,0.439023,33.79,63.198101237299845,0
3.08,0.437744,33.79,62.625873247404705,0
-5.9,0.439023,33.77,61.424750711744856,0
9.77,0.440302,33.77,63.53739056650029,0
13.84,0.436465,33.77,62.120849961989414,0
-11.3,0.437744,33.77,61.554853586049575,0
10.42,0.437744,33.79,62.465990746965666,0
-2.85,0.437744,33.79,63.733821476512766,0
8.93,0.437744,33.79,63.3798075099633,0
2.38,0.436465,33.79,62.82515419798029,0
-16.81,0.436465,33.77,62.465990746965666,0
7.16,0.435186,33.77,63.03967004989794,0
-5.49,0.436465,33.77,61.91930232165088,0
12.09,0.437744,33.77,62.68173577685928,0
3.39,0.436465,33.79,61.91930232165088,0
-9.51,0.436465,33.79,61.773780845922005,0
-0.55,0.427511,33.79,62.13694553162394,0
-6.56,0.436465,33.79,62.13694553162394,0
15.72,0.432627,33.77,62.68173577685928,0
3.79,0.436465,33.77,62.465990746965666,0
-1.95,0.433907,33.77,62.68173577685928,0
0.86,0.433907,33.77,61.773780845922005,0
-9.67,0.433907,33.79,62.91263784010332,0
4.9,0.433907,33.79,62.465990746965666,0
-3.92,0.435186,33.79,62.68173577685928,0
9.8,0.435186,33.79,62.68173577685928,0
-1.34,0.435186,33.79,62.82515419798029,0
3.36,0.430069,33.79,62.68173577685928,0
1.67,0.433907,33.79,62.51399843235114,0
-9.82,0.42879,33.79,62.3377895020348,0
4.34,0.433907,33.77,62.68173577685928,0
-2.81,0.433907,33.77,62.82515419798029,0
11.49,0.433907,33.77,62.68173577685928,0
2.84,0.433907,33.77,62.465990746965666,0
-4.15,0.432627,33.79,62.68173577685928,0
2.65,0.437744,33.79,62.465990746965666,0
-3.59,0.432627,33.79,63.3798075099633,0
11.64,0.435186,33.79,62.120849961989414,0
4.32,0.430069,33.77,62.00806399170998,0
-9.87,0.432627,33.77,61.554853586049575,0
5.94,0.432627,33.77,63.72597586541927,0
1.15,0.431348,33.77,62.8410693734599,0
-5.73,0.432627,33.79,61.424750711744856,0
0.02,0.431348,33.79,62.3377895020348,0
-4.91,0.431348,33.79,62.68173577685928,0
7.28,0.431348,33.79,62.91263784010332,0
2.26,0.431348,33.81,61.91930232165088,0
-9.13,0.431348,33.81,62.465990746965666,0
4.82,0.42879,33.81,62.625873247404705,0
-0.25,0.430069,33.81,63.48228099241551,0
-4.18,0.432627,33.79,62.26556030423239,0
2.13,0.432627,33.79,63.8200595424354,0
-2.76,0.433907,33.79,61.237243569579455,0
7.59,0.433907,33.79,62.369864518050704,0
0.82,0.436465,33.81,62.465990746965666,0
-8.73,0.435186,33.81,62.26556030423239,0
5.0,0.435186,33.81,64.53681120105021,0
-1.15,0.435186,33.81,62.65780079128216,0
-0.46,0.430069,33.81,63.3798075099633,0
-1.93,0.433907,33.81,63.03967004989794,0
-2.83,0.431348,33.81,61.71709649683789,0
4.45,0.435186,33.81,62.465990746965666,0
0.9,0.435186,33.83,62.625873247404705,0
-4.42,0.441582,33.83,62.465990746965666,0
0.1,0.440302,33.83,63.733821476512766,0
-3.82,0.441582,33.83,62.120849961989414,0
6.27,0.441582,33.81,62.68173577685928,0
1.29,0.441582,33.81,62.120849961989414,0
-9.65,0.442861,33.81,62.465990746965666,0
1.9,0.439023,33.81,63.3798075099633,0
-0.33,0.436465,33.83,62.465990746965666,0
-0.51,0.436465,33.83,62.120849961989414,0
2.01,0.435186,33.83,64.8459713474939,0
-2.28,0.432627,33.83,62.32976816898969,0
4.63,0.433907,33.83,64.89221833163049,0
-0.06,0.435186,33.83,59.53990258641679,0
-4.28,0.433907,33.83,61.35144660071187,0
6.35,0.437744,33.83,60.63827174318213,0
-0.59,0.440302,33.81,69.4334213473598,0
-7.16,0.445419,33.81,70.25667228100119,0
10.04,0.447978,33.81,58.9406481131655,0
-3.9,0.44414,33.81,65.46754921333164,0
-2.97,0.441582,33.83,63.39558344238185,0
1.76,0.44414,33.83,58.497863208838666,0
-0.15,0.441582,33.83,69.57010852370435,0
2.11,0.442861,33.83,56.90342696182718,0
-2.95,0.442861,33.83,63.984373092185564,0
-6.42,0.44414,33.83,62.625873247404705,0
6.04,0.435186,33.83,59.413803110051795,0
0.49,0.440302,33.83,66.91786009728644,0
3.17,0.441582,33.83,62.83311228962003,0
0.6,0.440302,33.83,61.424750711744856,0
-5.45,0.441582,33.83,63.079315151640635,0
-3.38,0.437744,33.83,62.5859409132754,0
2.54,0.441582,33.84,78.21125238736431,0
7.77,0.439023,33.84,77.51773990513398,0
-0.05,0.432627,33.84,48.75448697299562,0
-6.29,0.437744,33.84,92.94084139924708,0
5.51,0.436465,33.87,60.37383539249432,0
3.56,0.440302,33.87,73.43704787094863,0
3.09,0.436465,33.87,68.36665854054884,0
16.61,0.439023,33.87,72.56721022610694,0
8.25,0.437744,33.84,55.50675634551167,0
-27.15,0.437744,33.84,71.95137246779939,0
18.09,0.436465,33.84,65.28399497579785,0
-19.85,0.435186,33.84,54.85435260760991,0
3.83,0.435186,33.84,74.47818472546173,0
10.35,0.433907,33.84,69.05794668247819,0
45.99,0.433907,33.84,59.016946718718,0
103.64,0.431348,33.84,58.25804665451803,0
89.56,0.430069,33.87,65.39877674696982,0
-175.0,0.517053,33.87,66.19667665374146,0
-122.89,0.554149,33.87,66.94774081326419,0
43.17,0.486353,33.87,62.489999199871974,0
10.47,0.453094,33.89,73.86474125047755,0
-51.3,0.449257,33.89,43.37049688440288,0
17.57,0.453094,33.89,125.88089608832628,0
110.22,0.449257,33.89,63.06346010171025,0
13.86,0.447978,33.84,61.065538563088104,0
-78.81,0.446698,33.84,68.99275324264136,0
-60.65,0.445419,33.84,61.927376821564145,0
-19.5,0.445419,33.84,48.35286961494633,0
-9.85,0.44414,33.84,58.93216439263028,0
1.25,0.445419,33.84,66.67083320313314,0
70.46,0.442861,33.84,62.36184731067546,0
38.65,0.441582,33.84,63.89835678638379,0
-23.93,0.435186,33.84,59.81638571495272,0
-67.59,0.442861,33.84,65.83312236253116,0
13.76,0.447978,33.84,66.69332800213226,0
-29.97,0.463328,33.84,58.146367040426526,0
-46.25,0.453094,33.84,79.91245209602819,0
-57.77,0.449257,33.84,63.686733312362634,0
-18.96,0.446698,33.84,67.11929677819934,0
52.34,0.445419,33.84,73.40980860893181,0
79.72,0.446698,33.87,59.60704656330491,0
259.02,0.442861,33.87,62.81719509815764,0
-92.18,0.442861,33.87,64.20280367709809,0
-97.42,0.441582,33.87,64.87680633323437,0
9.25,0.440302,33.84,64.63745044476924,0
-45.57,0.442861,33.84,58.83026432033091,0
17.7,0.445419,33.84,62.00806399170998,0
19.41,0.446698,33.84,63.182275995725256,0
27.74,0.442861,33.84,70.37755323965163,0
126.78,0.441582,33.84,59.49789912257407,0
13.21,0.44414,33.84,61.5223536610881,0
-222.28,0.442861,33.84,58.73670062235365,0
58.53,0.441582,33.84,62.433965115151864,0
39.51,0.440302,33.84,62.465990746965666,0
41.37,0.439023,33.84,62.68971207462992,0
-39.2,0.442861,33.84,62.68971207462992,0
-13.51,0.440302,33.84,63.0,0
-11.79,0.441582,33.84,63.03967004989794,0
-3.5,0.439023,33.84,63.03967004989794,0
4.92,0.442861,33.84,63.58458932791813,0
-10.7,0.442861,33.87,62.161081071680215,0
15.73,0.447978,33.87,63.03967004989794,0
4.46,0.447978,33.87,63.0,0
-7.27,0.447978,33.87,63.0,0
1.52,0.449257,33.87,63.0,0
-10.23,0.447978,33.87,63.0,0
4.28,0.449257,33.87,62.465990746965666,0
-5.64,0.447978,33.87,63.63961030678928,0
16.76,0.449257,33.84,62.44197306299666,0
-1.8,0.446698,33.84,63.03967004989794,0
-7.99,0.445419,33.84,62.44197306299666,0
5.4,0.446698,33.84,63.03967004989794,0
-20.37,0.445419,33.87,63.0,0
17.43,0.446698,33.87,63.03967004989794,0
-7.05,0.442861,33.87,62.465990746965666,0
20.49,0.44414,33.87,63.0,0
1.71,0.440302,33.84,62.465990746965666,0
-16.44,0.442861,33.84,63.0,0
6.8,0.441582,33.84,63.0,0
2.09,0.440302,33.84,63.0,0
-1.28,0.441582,33.83,63.0,0
1.76,0.440302,33.83,63.0,0
-4.84,0.435186,33.83,63.0,0
16.78,0.440302,33.83,63.0,0
1.6,0.439023,33.84,63.0,0
-9.06,0.440302,33.84,63.0,0
0.4,0.437744,33.84,63.0,0
-10.85,0.435186,33.84,63.0,0
17.56,0.439023,33.83,62.465990746965666,0
6.03,0.437744,33.83,63.0,0
-23.44,0.439023,33.83,62.465990746965666,0
12.54,0.439023,33.83,62.20128616033595,0
8.16,0.437744,33.83,79.04429138147802,0
-13.12,0.439023,33.83,55.59676249567055,0
12.2,0.449257,33.83,63.190189111918315,0
5.63,0.439023,33.83,60.21627686929839,0
-15.66,0.442861,33.81,60.868711174132805,0
-23.4,0.442861,33.81,71.05631569396206,0
14.87,0.427511,33.81,61.08191221630181,0
56.39,0.433907,33.81,63.34824385884742,0
31.63,0.440302,33.81,85.42833253669417,0
-7.43,0.436465,33.81,59.62382074305537,0
88.14,0.431348,33.81,62.56196927846821,0
209.95,0.432627,33.81,70.66823897621902,0
-201.55,0.440302,33.79,66.03786792439622,0
-84.23,0.44414,33.79,60.753600716336145,0
-66.39,0.44414,33.79,67.74953874381728,0
24.1,0.445419,33.79,65.58963332722634,0
59.44,0.446698,33.79,62.52999280345393,0
-48.89,0.442861,33.79,66.2872536767062,0
-43.14,0.44414,33.79,70.61161377563892,0
32.45,0.441582,33.79,61.43289021363068,0
20.6,0.441582,33.75,65.00769185258002,0
-44.01,0.442861,33.75,70.77428911688199,0
78.85,0.436465,33.75,64.45153217728807,0
-82.14,0.44414,33.75,66.27971031922213,0
8.46,0.44414,33.77,56.04462507680822,0
89.89,0.441582,33.77,76.56369897020389,0
-58.9,0.440302,33.77,53.1224999411737,0
81.61,0.432627,33.77,62.24949798994366,0
184.5,0.430069,33.77,63.56099432828282,0
24.24,0.431348,33.77,63.56886030125127,0
-30.64,0.432627,33.77,64.42049363362563,0
93.12,0.430069,33.77,63.35613624582863,0
-122.35,0.432627,33.77,64.35060217278468,0
-52.71,0.441582,33.77,63.52164985262898,0
-66.15,0.441582,33.77,63.84355879804947,0
47.92,0.442861,33.77,63.0,0
13.92,0.44414,33.77,62.976185975335156,0
-21.63,0.441582,33.77,63.54525946126902,0
-76.66,0.440302,33.77,62.976185975335156,0
72.57,0.437744,33.77,63.29296959378664,0
52.21,0.442861,33.75,62.76941930590086,0
-6.49,0.440302,33.75,60.90155991434045,0
-101.62,0.441582,33.75,63.76519426771944,0
79.88,0.439023,33.75,71.03520254071216,0
44.2,0.441582,33.75,61.7980582219215,0
1.67,0.447978,33.75,55.136195008360886,0
-2.26,0.44414,33.75,63.631753079732135,0
160.5,0.44414,33.75,59.33801479658719,0
-97.07,0.437744,33.75,54.74486277268398,0
-81.51,0.433907,33.75,66.2872536767062,0
-148.95,0.42879,33.75,65.97726881282674,0
-137.06,0.431348,33.75,59.6992462263972,0
-8.84,0.435186,33.75,63.34824385884742,0
-19.21,0.432627,33.75,61.43289021363068,0
161.32,0.42879,33.75,58.762232769015846,0
59.09,0.419836,33.75,60.58052492344384,0
-42.35,0.422394,33.77,63.48228099241551,0
-88.6,0.422394,33.77,68.24954212300622,0
4.44,0.422394,33.77,61.08191221630181,0
148.47,0.424952,33.77,60.4648658313239,0
92.75,0.422394,33.73,65.83312236253116,0
29.76,0.421115,33.73,60.60528029800704,0
-28.66,0.414719,33.73,62.42595614005443,0
-265.08,0.417277,33.73,63.85922016435841,0
-75.87,0.417277,33.71,63.671029518926424,0
149.63,0.415998,33.71,63.7102817447859,0
45.27,0.415998,33.71,63.796551630946325,0
49.59,0.41344,33.71,63.796551630946325,0
57.44,0.41344,33.73,63.647466563878254,0
13.04,0.41344,33.73,64.389440128021,0
-71.29,0.407044,33.73,64.57553716385176,0
60.77,0.410881,33.73,63.773035054010094,0
43.07,0.407044,33.73,63.58458932791813,0
-33.93,0.412161,33.73,64.07807737440318,0
28.19,0.404486,33.73,64.38167441127949,0
29.2,0.408323,33.73,64.4980619863884,0
-13.26,0.407044,33.73,63.7102817447859,0
-4.13,0.407044,33.73,63.29296959378664,0
38.71,0.410881,33.73,64.389440128021,0
15.05,0.412161,33.73,63.82789358893179,0
-65.51,0.417277,33.68,63.984373092185564,0
41.77,0.414719,33.68,65.23802572120036,0
60.01,0.410881,33.68,65.13063795173512,0
-143.78,0.410881,33.68,64.18722614352485,0
59.66,0.417277,33.68,64.01562309311689,0
116.61,0.417277,33.68,64.1404708432983,0
16.43,0.415998,33.68,64.19501538281614,0
-174.37,0.417277,33.68,64.8074069840786,0
32.21,0.414719,33.71,64.76109943476871,0
-32.83,0.410881,33.71,63.96092557178953,0
-67.82,0.409602,33.71,56.1159513863928,0
-0.02,0.412161,33.71,62.321745803531535,0
22.17,0.417277,33.71,74.11477585475112,0
-17.48,0.422394,33.71,62.75348595894893,0
47.15,0.417277,33.71,63.686733312362634,0
56.93,0.417277,33.71,61.0,0
-52.52,0.41344,33.68,68.84039511798287,0
-52.14,0.415998,33.68,58.81326381013045,0
-18.73,0.415998,33.68,65.68865959965997,0
-1.78,0.414719,33.68,65.93178292750773,0
75.43,0.414719,33.66,63.166446789415026,0
-15.39,0.418557,33.66,65.26101439603893,0
-80.64,0.417277,33.66,61.00819617067857,0
-29.14,0.415998,33.66,64.47480127925948,0
49.36,0.415998,33.68,64.41273166075166,0
24.17,0.404486,33.68,64.00781202322104,0
-17.1,0.407044,33.68,62.77738446287803,0
55.08,0.400648,33.68,63.41135544995076,0
76.15,0.404486,33.71,64.02343321003646,0
-64.71,0.407044,33.71,62.297672508690084,0
-50.03,0.404486,33.71,63.58458932791813,0
-58.69,0.405765,33.71,62.68971207462992,0
-3.5,0.404486,33.65,64.26507605223851,0
40.19,0.410881,33.65,63.13477647065839,0
15.06,0.405765,33.65,66.39277069079132,0
-32.56,0.404486,33.65,59.53990258641679,0
16.84,0.400648,33.63,67.4166151627327,0
11.54,0.404486,33.63,63.66317616958802,0
-33.12,0.405765,33.63,63.39558344238185,0
32.44,0.409602,33.63,59.64059020499378,0
46.73,0.41344,33.65,68.36665854054884,0
53.76,0.410881,33.65,61.886993787063204,0
175.8,0.41344,33.65,62.93647591023825,0
-135.34,0.412161,33.65,64.85368146836385,0
-141.64,0.410881,33.65,61.47357155721473,0
75.66,0.414719,33.65,63.788713735268246,0
-0.95,0.410881,33.65,64.51356446515724,0
-103.25,0.412161,33.65,63.28506932918696,0
40.82,0.412161,33.65,63.686733312362634,0
26.87,0.410881,33.65,63.28506932918696,0
-27.25,0.410881,33.65,63.28506932918696,0
18.41,0.410881,33.65,63.28506932918696,0
20.18,0.409602,33.66,62.489999199871974,0
-3.1,0.408323,33.66,64.19501538281614,0
29.97,0.408323,33.66,64.34283176858165,0
-45.59,0.405765,33.66,63.13477647065839,0
-61.66,0.401927,33.66,63.25345840347388,0
-16.88,0.403206,33.66,65.46754921333164,0
66.03,0.404486,33.66,61.0,0
-70.09,0.405765,33.66,63.071388124885914,0
58.96,0.403206,33.66,62.44197306299666,0
59.78,0.407044,33.66,64.07807737440318,0
39.92,0.404486,33.66,63.071388124885914,0
-116.83,0.404486,33.66,62.39390995922599,0
-9.23,0.404486,33.66,63.4428877022476,0
-20.63,0.401927,33.66,63.4428877022476,0
22.46,0.403206,33.66,63.41135544995076,0
7.54,0.400648,33.66,62.76941930590086,0
-30.33,0.401927,33.66,62.76941930590086,0
19.86,0.399369,33.66,63.41135544995076,0
6.04,0.392973,33.66,63.41135544995076,0
-29.07,0.39809,33.66,62.76941930590086,0
24.94,0.39809,33.65,62.76941930590086,0
22.95,0.399369,33.65,64.07807737440318,0
-2.84,0.39809,33.65,62.76941930590086,0
-34.12,0.39809,33.65,62.76941930590086,0
22.56,0.396811,33.65,63.41135544995076,0
19.18,0.39809,33.65,64.31174076325411,0
-2.32,0.396811,33.65,64.70703207534712,0
-26.92,0.394252,33.65,70.97182539571601,0
31.72,0.394252,33.65,63.53739056650029,0
22.7,0.39809,33.65,54.3323108288245,0
-36.59,0.400648,33.65,63.631753079732135,0
-93.56,0.399369,33.65,65.45991139621256,0
-22.44,0.39809,33.65,63.85138996137829,0
155.08,0.400648,33.65,63.095166217389426,0
41.95,0.39809,33.65,65.45991139621256,0
26.8,0.399369,33.65,61.0,0
17.88,0.400648,33.63,65.81793068761733,0
-30.76,0.399369,33.63,63.26926584053272,0
-30.61,0.399369,33.63,63.796551630946325,0
-31.01,0.39809,33.63,63.3798075099633,0
12.16,0.400648,33.65,64.17164482853778,0
-89.09,0.396811,33.65,63.26926584053272,0
24.56,0.399369,33.65,63.773035054010094,0
79.03,0.395531,33.65,63.51377803280167,0
-134.37,0.396811,33.65,63.079315151640635,0
-82.15,0.392973,33.65,63.419239982831705,0
-183.76,0.391694,33.65,63.984373092185564,0
-5.73,0.394252,33.65,63.984373092185564,0
68.51,0.392973,33.63,63.095166217389426,0
63.07,0.390415,33.63,63.45076831686122,0
17.02,0.389135,33.63,63.40346993658943,0
23.39,0.389135,33.63,63.15853069855251,0
28.04,0.390415,33.63,63.773035054010094,0
-2.03,0.391694,33.63,64.04685784642366,0
18.16,0.391694,33.63,64.1404708432983,0
41.6,0.389135,33.63,63.773035054010094,0
-3.35,0.390415,33.63,64.319514923544,0
-25.72,0.389135,33.63,63.92182725798755,0
17.16,0.389135,33.63,63.35613624582863,0
7.25,0.389135,33.63,63.984373092185564,0
-54.0,0.387856,33.63,63.66317616958802,0
-3.7,0.385298,33.63,63.66317616958802,0
50.3,0.386577,33.63,63.66317616958802,0
6.19,0.386577,33.63,64.25729530566937,0
-10.36,0.387856,33.59,63.984373092185564,0
20.25,0.387856,33.59,64.25729530566937,0
15.91,0.387856,33.59,63.079315151640635,0
-21.24,0.386577,33.59,63.72597586541927,0
12.31,0.386577,33.57,62.81719509815764,0
19.23,0.389135,33.57,63.35613624582863,0
13.2,0.386577,33.57,63.0317380372777,0
-14.41,0.384019,33.57,63.66317616958802,0
-6.02,0.378902,33.57,63.419239982831705,0
-8.0,0.384019,33.57,49.79959839195493,0
-33.02,0.38274,33.57,78.21125238736431,0
11.07,0.389135,33.57,66.35510530471637,0
50.49,0.391694,33.55,61.97580172938467,0
7.2,0.390415,33.55,64.35837163881635,0
90.46,0.384019,33.55,56.621550667568265,0
123.37,0.376344,33.55,82.68010643437755,0
-170.61,0.396811,33.57,60.207972893961475,0
-167.45,0.389135,33.57,58.966091951222275,0
38.08,0.392973,33.57,66.91786009728644,0
105.48,0.391694,33.57,63.788713735268246,0
-61.41,0.392973,33.57,63.419239982831705,0
95.49,0.394252,33.57,59.2452529743945,0
-45.58,0.394252,33.57,64.20280367709809,0
-79.23,0.395531,33.57,64.63745044476924,0
7.84,0.387856,33.59,61.91122676865643,0
14.29,0.395531,33.59,61.44916598294886,0
-58.43,0.394252,33.59,63.54525946126902,0
17.18,0.395531,33.59,62.90468980926621,0
78.21,0.395531,33.59,62.69768735766894,0
-28.64,0.395531,33.59,63.324560795950255,0
-25.5,0.395531,33.59,63.419239982831705,0
-38.0,0.39809,33.59,64.97691897897283,0
-20.76,0.401927,33.59,64.07027391856539,0
3.99,0.399369,33.59,63.686733312362634,0
29.91,0.385298,33.59,63.13477647065839,0
23.81,0.384019,33.59,62.71363488110062,0
-11.09,0.384019,33.57,63.48228099241551,0
91.3,0.385298,33.57,63.89835678638379,0
-22.96,0.385298,33.57,63.89835678638379,0
7.77,0.38146,33.57,62.68173577685928,0
-2.76,0.38146,33.57,63.0158710167526,0
31.14,0.377623,33.57,63.84355879804947,0
3.83,0.380181,33.57,63.3798075099633,0
-3.85,0.378902,33.57,59.95831885568507,0
13.58,0.38274,33.59,63.06346010171025,0
-20.08,0.38146,33.59,61.26173356998641,0
-34.25,0.384019,33.59,63.15853069855251,0
-57.04,0.386577,33.59,63.15853069855251,0
-6.55,0.387856,33.57,63.50590523722971,0
-10.36,0.389135,33.57,62.81719509815764,0
-59.66,0.386577,33.57,62.89674077406555,0
5.8,0.386577,33.57,62.89674077406555,0
2.23,0.384019,33.57,62.68971207462992,0
-63.59,0.389135,33.57,63.39558344238185,0
19.0,0.385298,33.57,63.39558344238185,0
21.63,0.385298,33.57,64.10928169929842,0
-34.31,0.387856,33.57,63.39558344238185,0
22.88,0.387856,33.57,64.10928169929842,0
20.84,0.389135,33.57,63.00793600809346,0
-5.28,0.389135,33.57,63.39558344238185,0
131.63,0.390415,33.57,63.984373092185564,0
27.02,0.390415,33.57,63.984373092185564,0
-23.13,0.387856,33.57,62.68971207462992,0
22.8,0.385298,33.57,63.60031446463138,0
-8.92,0.386577,33.57,62.68971207462992,0
-42.65,0.389135,33.57,63.28506932918696,0
-17.06,0.386577,33.57,62.68971207462992,0
18.5,0.387856,33.57,62.68971207462992,0
18.48,0.387856,33.53,62.81719509815764,0
-19.93,0.386577,33.53,63.221831672294975,0
32.79,0.387856,33.53,63.63961030678928,0
11.88,0.386577,33.53,63.079315151640635,0
-22.52,0.386577,33.57,64.50581369148055,0
-72.9,0.387856,33.57,61.652250567193406,0
1.88,0.384019,33.57,66.83561924602779,0
-44.96,0.384019,33.57,58.18934610390462,0
-26.37,0.38274,33.59,67.63135367564367,0
0.32,0.386577,33.59,54.78138369920935,0
44.46,0.386577,33.59,64.8074069840786,0
-9.15,0.391694,33.59,64.42049363362563,0
-26.33,0.390415,33.59,62.3377895020348,0
91.03,0.390415,33.59,67.47592163134935,0
-4.03,0.392973,33.59,61.1228271597445,0
-117.63,0.392973,33.59,63.13477647065839,0
-45.83,0.392973,33.57,61.862751312886175,0
74.32,0.390415,33.57,63.33245613427605,0
84.76,0.392973,33.57,64.20280367709809,0
17.27,0.387856,33.57,63.182275995725256,0
-0.44,0.392973,33.59,63.182275995725256,0
-32.83,0.392973,33.59,63.03967004989794,0
35.66,0.392973,33.59,63.72597586541927,0
8.05,0.392973,33.59,63.72597586541927,0
-31.08,0.392973,33.61,61.95159400693416,0
10.74,0.395531,33.61,63.35613624582863,0
23.81,0.392973,33.61,64.28841264178172,0
8.46,0.392973,33.61,63.31666447310692,0
1.13,0.389135,33.57,62.8887907341205,0
53.11,0.391694,33.57,63.0,0
14.05,0.391694,33.57,62.49799996799898,0
-29.9,0.390415,33.57,66.58077800686922,0
5.09,0.390415,33.57,60.55575942881073,0
-24.31,0.384019,33.57,63.57672530100933,0
-14.53,0.371227,33.57,62.03224967708329,0
-87.87,0.364831,33.57,75.17313349861105,0
18.95,0.36739,33.57,71.11961754677819,0
68.89,0.380181,33.57,57.105166141076936,0
152.08,0.384019,33.57,64.26507605223851,0
-159.17,0.384019,33.57,64.53681120105021,0
-43.68,0.386577,33.57,64.95382975621992,0
261.32,0.386577,33.57,63.45864795282043,0
-55.23,0.387856,33.57,63.45864795282043,0
-39.57,0.386577,33.57,63.03967004989794,0
-30.12,0.389135,33.55,62.6418390534633,0
-81.42,0.387856,33.55,63.66317616958802,0
14.8,0.38274,33.55,64.83054835492293,0
34.58,0.389135,33.55,62.10475022089695,0
25.83,0.386577,33.57,63.06346010171025,0
-31.73,0.389135,33.57,63.2771680782255,0
16.31,0.386577,33.57,55.731499172371095,0
-11.64,0.386577,33.57,84.26743143112884,0
-31.74,0.387856,33.57,62.20932405998316,0
44.75,0.389135,33.57,63.13477647065839,0
-22.9,0.389135,33.57,59.472682804797024,0
10.06,0.389135,33.57,58.497863208838666,0
55.49,0.390415,33.59,63.166446789415026,0
2.91,0.389135,33.59,62.369864518050704,0
-98.99,0.391694,33.59,63.0158710167526,0
33.72,0.390415,33.59,62.369864518050704,0
22.7,0.391694,33.57,62.23343153000644,0
-8.78,0.384019,33.57,63.0158710167526,0
12.44,0.390415,33.57,62.369864518050704,0
-1.03,0.389135,33.57,62.23343153000644,0
-36.17,0.390415,33.55,62.369864518050704,0
24.76,0.390415,33.55,63.76519426771944,0
0.72,0.390415,33.55,63.0158710167526,0
-40.93,0.390415,33.55,63.0158710167526,0
26.01,0.390415,33.57,63.0158710167526,0
13.21,0.390415,33.57,63.0158710167526,0
-32.34,0.391694,33.57,63.0158710167526,0
24.19,0.390415,33.57,63.0158710167526,0
13.93,0.389135,33.55,63.0158710167526,0
-6.66,0.390415,33.55,63.0158710167526,0
6.27,0.389135,33.55,63.0158710167526,0
20.84,0.390415,33.55,63.0158710167526,0
5.95,0.387856,33.57,63.0158710167526,0
-30.02,0.391694,33.57,63.0158710167526,0
11.49,0.389135,33.57,63.0158710167526,0
4.34,0.389135,33.57,63.0158710167526,0
-30.65,0.391694,33.55,63.0158710167526,0
24.48,0.391694,33.55,63.0158710167526,0
13.8,0.389135,33.55,63.0158710167526,0
-23.08,0.386577,33.55,63.0158710167526,0
12.89,0.389135,33.55,63.0158710167526,0
13.03,0.386577,33.55,63.0158710167526,0
-6.4,0.387856,33.55,63.0158710167526,0
-42.82,0.387856,33.55,63.0158710167526,0
11.95,0.387856,33.53,63.0158710167526,0
6.85,0.387856,33.53,62.27358990776106,0
-27.07,0.387856,33.53,63.0158710167526,0
29.26,0.389135,33.53,63.0158710167526,0
21.02,0.386577,33.55,63.0158710167526,0
-9.84,0.387856,33.55,63.0158710167526,0
-13.58,0.377623,33.55,63.0158710167526,0
9.14,0.386577,33.55,63.0158710167526,0
-3.26,0.385298,33.55,63.0158710167526,0
-30.98,0.385298,33.55,63.0158710167526,0
-0.81,0.386577,33.55,62.27358990776106,0
-5.16,0.384019,33.55,63.0158710167526,0
-22.47,0.386577,33.57,63.0158710167526,0
2.98,0.384019,33.57,63.0158710167526,0
-9.34,0.385298,33.57,62.88083968904996,0
-7.05,0.385298,33.57,63.0158710167526,0
14.0,0.384019,33.55,63.0158710167526,0
-7.11,0.384019,33.55,63.0158710167526,0
0.59,0.384019,33.55,63.0158710167526,0
17.23,0.384019,33.55,63.0158710167526,0
-5.25,0.38274,33.53,63.0158710167526,0
-32.92,0.38146,33.53,62.27358990776106,0
14.94,0.38274,33.53,62.27358990776106,0
7.54,0.38274,33.53,62.27358990776106,0
-29.94,0.38146,33.55,63.0158710167526,0
32.24,0.38146,33.55,63.0158710167526,0
16.3,0.38146,33.55,62.27358990776106,0
-14.2,0.38146,33.55,62.88083968904996,0
10.45,0.378902,33.53,63.0158710167526,0
11.63,0.38274,33.53,62.27358990776106,0
-10.69,0.380181,33.53,63.0158710167526,0
-25.23,0.380181,33.53,63.0158710167526,0
12.44,0.380181,33.5,62.13694553162394,0
2.58,0.38274,33.5,62.27358990776106,0
-39.67,0.373785,33.5,62.27358990776106,0
26.25,0.380181,33.5,62.27358990776106,0
19.16,0.38146,33.53,63.0158710167526,0
-16.68,0.380181,33.53,63.0158710167526,0
4.28,0.373785,33.53,62.27358990776106,0
16.88,0.377623,33.53,62.27358990776106,0
-1.04,0.378902,33.53,62.27358990776106,0
-38.06,0.375065,33.53,62.93647591023825,0
24.69,0.378902,33.53,62.27358990776106,0
16.17,0.377623,33.53,62.42595614005443,0
-11.94,0.377623,33.5,63.166446789415026,0
6.28,0.378902,33.5,63.166446789415026,0
9.94,0.377623,33.5,64.19501538281614,0
0.51,0.378902,33.5,62.20128616033595,0
-15.24,0.378902,33.53,65.49045732013177,0
7.74,0.378902,33.53,67.446274915669,0
-4.32,0.378902,33.53,63.85138996137829,0
-36.68,0.377623,33.53,53.03772242470448,0
-1.84,0.376344,33.53,67.95586803212802,0
17.03,0.371227,33.53,58.32666628567074,0
-18.18,0.372506,33.53,65.19202405202648,0
99.9,0.371227,33.53,62.81719509815764,0
-96.79,0.371227,33.53,63.20601237224193,0
-40.37,0.371227,33.53,63.00793600809346,0
0.64,0.371227,33.53,62.42595614005443,0
-98.56,0.372506,33.53,62.65780079128216,0
17.02,0.372506,33.53,64.10928169929842,0
42.08,0.372506,33.53,63.56886030125127,0
6.02,0.372506,33.53,63.56886030125127,0
-16.23,0.372506,33.53,63.166446789415026,0
6.62,0.372506,33.5,63.166446789415026,0
-7.17,0.373785,33.5,64.10928169929842,0
9.58,0.372506,33.5,63.7102817447859,0
14.31,0.369948,33.5,63.56886030125127,0
-9.78,0.371227,33.53,63.56886030125127,0
14.93,0.372506,33.53,63.56886030125127,0
17.78,0.372506,33.53,63.56886030125127,0
-8.62,0.371227,33.53,63.56886030125127,0
-1.83,0.368669,33.5,63.166446789415026,0
14.35,0.372506,33.5,63.56886030125127,0
-0.49,0.368669,33.5,63.166446789415026,0
-34.57,0.372506,33.5,63.7102817447859,0
11.73,0.371227,33.5,63.166446789415026,0
6.79,0.372506,33.5,63.7102817447859,0
-23.63,0.372506,33.5,63.7102817447859,0
16.65,0.369948,33.5,62.42595614005443,0
16.42,0.369948,33.53,64.10928169929842,0
-8.14,0.36739,33.53,63.7102817447859,0
12.27,0.368669,33.53,64.10928169929842,0
5.77,0.359714,33.53,64.10928169929842,0
-9.99,0.368669,33.5,63.166446789415026,0
7.15,0.368669,33.5,63.56886030125127,0
2.08,0.368669,33.5,63.56886030125127,0
-22.09,0.36739,33.5,63.56886030125127,0
16.33,0.36611,33.5,63.56886030125127,0
10.22,0.369948,33.5,63.03967004989794,0
-23.99,0.362273,33.5,63.3798075099633,0
24.34,0.368669,33.5,63.3798075099633,0
24.99,0.36739,33.49,63.3798075099633,0
3.5,0.36739,33.49,62.976185975335156,0
0.61,0.363552,33.49,62.976185975335156,0
2.13,0.36611,33.49,62.976185975335156,0
-18.35,0.364831,33.5,62.976185975335156,0
4.29,0.36611,33.5,63.53739056650029,0
19.4,0.36611,33.5,62.976185975335156,0
1.36,0.36611,33.5,62.976185975335156,0
-32.11,0.36611,33.49,62.976185975335156,0
11.0,0.36739,33.49,63.93746945258312,0
11.52,0.36611,33.49,63.221831672294975,0
-24.66,0.36611,33.49,63.93746945258312,0
19.69,0.364831,33.5,63.93746945258312,0
11.17,0.364831,33.5,63.93746945258312,0
-34.76,0.364831,33.5,63.93746945258312,0
19.34,0.363552,33.5,62.65780079128216,0
5.7,0.364831,33.5,63.3798075099633,0
-41.18,0.362273,33.5,63.221831672294975,0
23.1,0.363552,33.5,63.93746945258312,0
12.14,0.363552,33.5,63.221831672294975,0
-33.87,0.363552,33.49,63.93746945258312,0
29.5,0.364831,33.49,63.221831672294975,0
14.02,0.362273,33.49,63.796551630946325,0
-23.64,0.362273,33.49,62.68971207462992,0
24.74,0.359714,33.47,63.28506932918696,0
19.86,0.363552,33.47,63.28506932918696,0
-2.13,0.349481,33.47,63.28506932918696,0
-22.14,0.362273,33.47,62.5939294181153,0
15.66,0.360994,33.47,63.0,0
3.77,0.360994,33.47,63.28506932918696,0
-37.66,0.362273,33.47,62.68971207462992,0
12.94,0.360994,33.47,63.686733312362634,0
7.07,0.363552,33.49,63.28506932918696,0
-41.37,0.362273,33.49,63.095166217389426,0
19.86,0.362273,33.49,62.68971207462992,0
11.58,0.360994,33.49,63.095166217389426,0
-28.32,0.363552,33.49,63.28506932918696,0
27.71,0.360994,33.49,63.686733312362634,0
18.92,0.360994,33.49,63.095166217389426,0
-18.67,0.362273,33.49,62.68971207462992,0
19.6,0.360994,33.49,62.68971207462992,0
21.8,0.363552,33.49,63.39558344238185,0
-10.82,0.362273,33.49,63.28506932918696,0
1.15,0.362273,33.49,63.28506932918696,0
15.36,0.360994,33.47,63.28506932918696,0
1.21,0.359714,33.47,63.28506932918696,0
-30.96,0.358435,33.47,62.68971207462992,0
9.45,0.359714,33.47,63.686733312362634,0
5.74,0.358435,33.45,63.095166217389426,0
-30.35,0.359714,33.45,63.28506932918696,0
8.21,0.359714,33.45,63.686733312362634,0
-0.36,0.359714,33.45,63.0,0
-26.31,0.358435,33.45,63.20601237224193,0
10.16,0.360994,33.45,62.93647591023825,0
-4.18,0.359714,33.45,63.56099432828282,0
-14.81,0.359714,33.45,63.15853069855251,0
14.38,0.358435,33.45,63.15853069855251,0
-10.59,0.357156,33.45,62.93647591023825,0
-25.08,0.358435,33.45,63.608175575157006,0
17.2,0.355877,33.45,62.52999280345393,0
0.64,0.359714,33.47,63.14269553954757,0
-49.41,0.357156,33.47,63.14269553954757,0
22.7,0.358435,33.47,63.14269553954757,0
20.16,0.358435,33.47,63.796551630946325,0
-12.62,0.357156,33.45,63.14269553954757,0
8.89,0.358435,33.45,63.14269553954757,0
16.06,0.355877,33.45,63.14269553954757,0
-1.29,0.357156,33.45,63.14269553954757,0
-32.31,0.353319,33.45,63.54525946126902,0
21.24,0.358435,33.45,63.14269553954757,0
12.81,0.355877,33.45,62.90468980926621,0
-21.22,0.355877,33.45,63.54525946126902,0
17.71,0.355877,33.45,63.54525946126902,0
15.02,0.354598,33.45,63.15853069855251,0
-13.81,0.354598,33.45,63.54525946126902,0
-15.96,0.354598,33.45,63.54525946126902,0
10.57,0.357156,33.45,62.49799996799898,0
-1.23,0.354598,33.45,63.14269553954757,0
-37.56,0.354598,33.45,63.796551630946325,0
10.45,0.352039,33.45,63.796551630946325,0
6.4,0.354598,33.45,63.796551630946325,0
-36.29,0.353319,33.45,63.796551630946325,0
14.81,0.353319,33.45,63.796551630946325,0
9.69,0.354598,33.45,63.796551630946325,0
-28.93,0.354598,33.43,63.14269553954757,0
13.21,0.353319,33.43,63.15853069855251,0
4.33,0.353319,33.43,63.14269553954757,0
-26.32,0.353319,33.43,62.49799996799898,0
7.75,0.352039,33.43,63.796551630946325,0
-5.77,0.353319,33.43,63.14269553954757,0
-5.3,0.353319,33.43,63.54525946126902,0
8.3,0.352039,33.43,63.54525946126902,0
-15.26,0.353319,33.41,63.14269553954757,0
14.59,0.355877,33.41,62.90468980926621,0
15.57,0.354598,33.41,62.49799996799898,0
-13.35,0.353319,33.41,63.15853069855251,0
-13.7,0.352039,33.43,63.54525946126902,0
19.8,0.355877,33.43,62.90468980926621,0
14.34,0.354598,33.43,64.19501538281614,0
-12.15,0.354598,33.43,63.14269553954757,0
-53.6,0.353319,33.41,63.54525946126902,0
19.84,0.35076,33.41,63.796551630946325,0
21.91,0.353319,33.41,63.14269553954757,0
-6.82,0.35076,33.41,63.14269553954757,0
-45.17,0.353319,33.43,63.54525946126902,0
17.04,0.348202,33.43,62.49799996799898,0
18.63,0.346923,33.43,62.49799996799898,0
-7.28,0.352039,33.43,63.14269553954757,0
-36.25,0.352039,33.43,63.14269553954757,0
10.47,0.354598,33.43,63.14269553954757,0
12.15,0.352039,33.43,63.15853069855251,0
-16.4,0.353319,33.43,62.90468980926621,0
9.55,0.343085,33.43,62.90468980926621,0
8.68,0.353319,33.43,63.54525946126902,0
-7.53,0.352039,33.43,63.56099432828282,0
-40.41,0.352039,33.43,62.93647591023825,0
13.48,0.352039,33.41,63.686733312362634,0
5.07,0.352039,33.41,63.0,0
-38.01,0.35076,33.41,63.686733312362634,0
14.36,0.35076,33.41,63.221831672294975,0
8.96,0.352039,33.41,64.8459713474939,0
-3.45,0.35076,33.41,63.39558344238185,0
68.61,0.35076,33.41,60.14149981501958,0
177.99,0.346923,33.41,65.99242380758567,0
-115.83,0.343085,33.41,65.00769185258002,0
-77.1,0.345644,33.41,65.4446330878247,0
-2.21,0.337968,33.41,59.84981202978001,0
-19.45,0.344364,33.41,57.784080852774665,0
52.0,0.348202,33.41,62.56196927846821,0
-146.39,0.341806,33.41,64.41273166075166,0
-130.43,0.340527,33.41,63.90618123468183,0
202.32,0.349481,33.41,62.68971207462992,0
48.37,0.349481,33.43,63.631753079732135,0
-101.72,0.346923,33.43,63.34824385884742,0
-1.86,0.346923,33.43,62.75348595894893,0
15.43,0.349481,33.43,63.7808748764079,0
-6.21,0.349481,33.41,63.182275995725256,0
30.49,0.35076,33.41,62.489999199871974,0
0.54,0.348202,33.41,63.03967004989794,0
-0.62,0.349481,33.41,63.13477647065839,0
13.65,0.348202,33.41,62.68173577685928,0
-17.35,0.349481,33.41,62.928530890209096,0
-39.62,0.35076,33.41,63.631753079732135,0
29.24,0.348202,33.41,62.32976816898969,0
61.66,0.345644,33.43,62.313722405261586,0
11.83,0.343085,33.43,63.118935352238,0
-50.37,0.345644,33.43,63.85138996137829,0
-72.47,0.345644,33.43,63.37191807101944,0
-38.14,0.348202,33.41,63.079315151640635,0
35.58,0.345644,33.41,63.387695966961914,0
44.14,0.346923,33.41,64.66838485689897,0
17.98,0.346923,33.41,63.324560795950255,0
51.25,0.344364,33.41,63.72597586541927,0
4.08,0.349481,33.41,63.796551630946325,0
-33.76,0.339248,33.41,63.324560795950255,0
-52.74,0.346923,33.41,63.72597586541927,0
-74.88,0.345644,33.39,63.51377803280167,0
10.03,0.348202,33.39,63.51377803280167,0
0.87,0.346923,33.39,63.51377803280167,0
49.2,0.345644,33.39,62.20932405998316,0
43.88,0.346923,33.39,61.47357155721473,0
8.34,0.345644,33.39,62.89674077406555,0
-2.74,0.346923,33.39,63.82789358893179,0
1.8,0.346923,33.39,63.4428877022476,0
-10.25,0.346923,33.37,62.75348595894893,0
-57.72,0.346923,33.37,64.4437739428721,0
6.28,0.344364,33.37,61.106464469808756,0
0.77,0.344364,33.37,64.10148204214939,0
-50.94,0.345644,33.39,62.89674077406555,0
29.78,0.345644,33.39,62.56196927846821,0
63.28,0.346923,33.39,59.481089431852205,0
53.11,0.341806,33.39,64.41273166075166,0
-29.92,0.337968,33.34,61.26173356998641,0
-58.05,0.340527,33.34,64.19501538281614,0
-106.61,0.340527,33.34,63.103090257134,0
34.27,0.341806,33.34,63.3798075099633,0
61.29,0.341806,33.39,63.3798075099633,0
45.68,0.341806,33.39,63.3798075099633,0
-1.99,0.341806,33.39,63.7808748764079,0
23.22,0.33541,33.39,62.90468980926621,0
-28.41,0.340527,33.39,63.166446789415026,0
7.55,0.341806,33.39,63.166446789415026,0
4.92,0.341806,33.39,63.166446789415026,0
-16.51,0.341806,33.39,63.166446789415026,0
25.39,0.341806,33.39,63.166446789415026,0
11.89,0.344364,33.39,63.166446789415026,0
-35.15,0.33541,33.39,63.85922016435841,0
22.86,0.340527,33.39,63.51377803280167,0
15.15,0.340527,33.39,63.02380502635492,0
-29.92,0.340527,33.39,63.60031446463138,0
21.42,0.341806,33.39,63.2771680782255,0
10.51,0.340527,33.39,62.80923498976882,0
-27.87,0.340527,33.39,63.2771680782255,0
22.01,0.340527,33.39,62.96824596572466,0
22.85,0.340527,33.39,64.20280367709809,0
-5.12,0.339248,33.39,63.118935352238,0
17.43,0.340527,33.39,65.29931086925804,0
7.45,0.343085,33.39,62.67375846396959,0
-10.05,0.340527,33.39,64.47480127925948,0
7.22,0.339248,33.39,64.52906321960671,0
10.19,0.337968,33.39,61.237243569579455,0
-7.49,0.341806,33.39,62.52199612936234,0
1.68,0.339248,33.39,64.35060217278468,0
85.5,0.343085,33.39,63.079315151640635,0
16.54,0.341806,33.41,61.204574992397426,0
-4.91,0.343085,33.41,59.21148537234985,0
3.34,0.341806,33.41,61.82232606429493,0
-39.55,0.341806,33.41,65.06150935845248,0
-69.39,0.339248,33.39,61.91930232165088,0
-54.68,0.337968,33.39,62.77738446287803,0
128.27,0.339248,33.39,64.1404708432983,0
-26.14,0.33541,33.39,63.702433234531945,0
-23.92,0.334131,33.39,60.091596750294464,0
7.83,0.329014,33.39,65.79513659838392,0
-4.1,0.330293,33.39,63.592452382338585,0
5.41,0.329014,33.39,66.46803743153546,0
-41.61,0.330293,33.39,61.335144900782616,0
-3.8,0.332852,33.39,62.8887907341205,0
-31.64,0.331573,33.39,61.68468205316454,0
-39.14,0.33541,33.39,62.5859409132754,0
68.97,0.334131,33.39,64.2339474110069,0
29.92,0.334131,33.39,64.77653896280658,0
-34.41,0.331573,33.39,62.16912416947821,0
18.27,0.339248,33.39,66.46803743153546,0
-2.76,0.341806,33.37,63.92182725798755,0
27.51,0.341806,33.37,64.07807737440318,0
27.73,0.344364,33.37,64.7533782902483,0
-52.18,0.345644,33.37,64.28063471995279,0
19.16,0.345644,33.37,62.928530890209096,0
-74.33,0.345644,33.37,63.182275995725256,0
-56.02,0.346923,33.37,62.80923498976882,0
23.05,0.345644,33.37,62.617888817813075,0
32.54,0.344364,33.39,62.112800613078136,0
14.95,0.344364,33.39,64.28063471995279,0
-7.48,0.344364,33.39,63.835726674018524,0
48.33,0.344364,33.39,64.28841264178172,0
117.29,0.345644,33.39,63.33245613427605,0
-53.72,0.344364,33.39,62.5939294181153,0
-139.57,0.344364,33.39,63.82789358893179,0
0.24,0.343085,33.39,63.608175575157006,0
35.48,0.344364,33.37,64.20280367709809,0
7.85,0.345644,33.37,62.71363488110062,0
10.02,0.345644,33.37,62.96824596572466,0
7.28,0.337968,33.37,64.13267497929586,0
-2.35,0.343085,33.39,62.39390995922599,0
-15.45,0.344364,33.39,65.76473218982953,0
13.93,0.343085,33.39,64.13267497929586,0
10.97,0.345644,33.39,62.13694553162394,0
30.62,0.344364,33.41,67.1863081289633,0
-11.56,0.346923,33.41,63.3798075099633,0
-31.45,0.344364,33.41,62.976185975335156,0
11.86,0.344364,33.41,63.53739056650029,0
-25.69,0.345644,33.39,63.221831672294975,0
42.7,0.344364,33.39,63.93746945258312,0
-39.15,0.344364,33.39,63.93746945258312,0
-40.81,0.340527,33.39,63.53739056650029,0
22.22,0.344364,33.41,63.93746945258312,0
14.86,0.336689,33.41,63.796551630946325,0
-20.82,0.343085,33.41,63.686733312362634,0
23.32,0.33541,33.41,63.095166217389426,0
18.31,0.343085,33.39,63.0,0
3.19,0.343085,33.39,63.686733312362634,0
2.98,0.343085,33.39,63.095166217389426,0
29.6,0.344364,33.39,63.095166217389426,0
-34.69,0.341806,33.37,63.095166217389426,0
19.18,0.344364,33.37,63.095166217389426,0
-1.39,0.33541,33.37,63.095166217389426,0
-25.45,0.340527,33.37,63.095166217389426,0
22.23,0.340527,33.39,63.095166217389426,0
13.77,0.339248,33.39,63.095166217389426,0
-27.98,0.341806,33.39,63.095166217389426,0
21.34,0.340527,33.39,63.095166217389426,0
12.76,0.340527,33.39,63.095166217389426,0
-27.99,0.339248,33.39,63.095166217389426,0
23.9,0.341806,33.39,63.095166217389426,0
16.86,0.332852,33.39,63.095166217389426,0
-19.76,0.339248,33.37,63.095166217389426,0
26.01,0.336689,33.37,63.095166217389426,0
18.04,0.337968,33.37,63.095166217389426,0
-10.17,0.336689,33.37,63.095166217389426,0
-2.07,0.336689,33.37,63.095166217389426,0
14.41,0.341806,33.37,63.095166217389426,0
-0.07,0.331573,33.37,62.68971207462992,0
-35.93,0.337968,33.37,62.68971207462992,0
13.48,0.339248,33.37,62.68971207462992,0
11.01,0.339248,33.37,63.39558344238185,0
-20.14,0.337968,33.37,63.39558344238185,0
19.5,0.336689,33.37,63.095166217389426,0
12.24,0.33541,33.34,63.095166217389426,0
-15.36,0.336689,33.34,63.095166217389426,0
19.63,0.336689,33.34,63.095166217389426,0
8.53,0.337968,33.34,63.095166217389426,0
-27.81,0.337968,33.37,63.095166217389426,0
16.47,0.339248,33.37,63.095166217389426,0
5.91,0.337968,33.37,63.095166217389426,0
-41.89,0.339248,33.37,63.095166217389426,0
18.71,0.340527,33.37,63.095166217389426,0
1.36,0.339248,33.37,63.095166217389426,0
-28.89,0.336689,33.37,63.095166217389426,0
15.48,0.334131,33.37,63.095166217389426,0
9.12,0.336689,33.39,63.095166217389426,0
-21.87,0.33541,33.39,63.095166217389426,0
16.95,0.336689,33.39,63.095166217389426,0
26.49,0.33541,33.39,63.095166217389426,0
11.79,0.336689,33.39,63.095166217389426,0
-15.45,0.33541,33.39,63.095166217389426,0
-8.76,0.336689,33.39,63.095166217389426,0
15.27,0.337968,33.39,63.095166217389426,0
10.39,0.334131,33.37,63.095166217389426,0
-11.64,0.336689,33.37,63.095166217389426,0
-6.25,0.331573,33.37,63.095166217389426,0
10.92,0.332852,33.37,63.095166217389426,0
5.47,0.331573,33.37,63.095166217389426,0
-15.47,0.33541,33.37,63.095166217389426,0
9.02,0.332852,33.37,63.095166217389426,0
9.86,0.334131,33.37,63.095166217389426,0
-2.04,0.334131,33.37,63.095166217389426,0
-24.94,0.334131,33.37,63.51377803280167,0
18.52,0.334131,33.37,63.095166217389426,0
17.21,0.332852,33.37,63.095166217389426,0
2.83,0.332852,33.37,63.608175575157006,0
-10.0,0.329014,33.37,62.74551776820397,0
118.87,0.331573,33.37,63.419239982831705,0
46.52,0.327735,33.37,63.51377803280167,0
-73.03,0.327735,33.33,62.976185975335156,0
-98.89,0.327735,33.33,63.387695966961914,0
-5.85,0.326456,33.33,63.4428877022476,0
7.5,0.326456,33.33,62.65780079128216,0
-7.1,0.326456,33.34,62.65780079128216,0
12.25,0.327735,33.34,63.14269553954757,0
29.68,0.325177,33.34,63.54525946126902,0
-85.56,0.327735,33.34,63.54525946126902,0
-34.04,0.325177,33.34,63.54525946126902,0
-8.93,0.327735,33.34,63.54525946126902,0
-36.27,0.323898,33.34,63.54525946126902,0
-21.16,0.325177,33.34,63.54525946126902,0
40.8,0.323898,33.34,62.77738446287803,0
0.25,0.325177,33.34,63.54525946126902,0
-32.42,0.325177,33.34,63.54525946126902,0
6.48,0.325177,33.34,63.54525946126902,0
1.16,0.325177,33.34,63.14269553954757,0
-22.28,0.325177,33.34,63.14269553954757,0
10.94,0.323898,33.34,63.14269553954757,0
14.62,0.321339,33.34,63.14269553954757,0
-20.94,0.323898,33.34,63.14269553954757,0
21.38,0.323898,33.34,63.54525946126902,0
0.95,0.318781,33.34,63.14269553954757,0
-28.52,0.323898,33.34,63.14269553954757,0
10.6,0.323898,33.34,63.54525946126902,0
2.35,0.322618,33.34,63.54525946126902,0
-3.24,0.325177,33.34,63.54525946126902,0
9.53,0.323898,33.34,63.54525946126902,0
-16.19,0.325177,33.34,63.54525946126902,0
14.07,0.323898,33.34,63.54525946126902,0
17.29,0.323898,33.34,62.77738446287803,0
-18.56,0.321339,33.34,63.54525946126902,0
21.99,0.321339,33.34,63.54525946126902,0
24.41,0.323898,33.34,63.54525946126902,0
-10.57,0.322618,33.34,63.54525946126902,0
-15.53,0.322618,33.34,63.06346010171025,0
27.65,0.322618,33.34,63.54525946126902,0
10.57,0.323898,33.34,63.14269553954757,0
-37.84,0.323898,33.34,63.14269553954757,0
23.26,0.321339,33.34,63.14269553954757,0
26.53,0.322618,33.37,63.54525946126902,0
-12.94,0.32006,33.37,62.65780079128216,0
-31.46,0.322618,33.37,63.54525946126902,0
8.0,0.321339,33.37,63.06346010171025,0
7.88,0.322618,33.34,63.06346010171025,0
-27.44,0.32006,33.34,63.06346010171025,0
22.8,0.321339,33.34,63.06346010171025,0
15.58,0.32006,33.34,63.06346010171025,0
-21.76,0.32006,33.34,63.06346010171025,0
18.99,0.321339,33.34,63.54525946126902,0
12.53,0.321339,33.34,62.65780079128216,0
-11.8,0.32006,33.34,63.06346010171025,0
-14.69,0.318781,33.34,62.65780079128216,0
13.58,0.322618,33.34,62.65780079128216,0
5.38,0.318781,33.34,62.65780079128216,0
-32.25,0.32006,33.34,62.65780079128216,0
0.38,0.32006,33.33,63.4428877022476,0
2.54,0.32006,33.33,63.14269553954757,0
-31.66,0.318781,33.33,62.65780079128216,0
12.32,0.318781,33.33,62.65780079128216,0
17.35,0.322618,33.33,63.06346010171025,0
-17.85,0.32006,33.33,63.54525946126902,0
13.76,0.318781,33.33,63.54525946126902,0
1.21,0.316223,33.33,63.54525946126902,0
-43.17,0.318781,33.34,63.54525946126902,0
11.82,0.316223,33.34,63.54525946126902,0
-1.23,0.317502,33.34,62.65780079128216,0
-36.34,0.317502,33.34,63.06346010171025,0
14.26,0.317502,33.34,63.06346010171025,0
12.8,0.32006,33.34,62.65780079128216,0
-12.51,0.317502,33.34,63.06346010171025,0
16.42,0.317502,33.34,63.14269553954757,0
-29.42,0.318781,33.34,62.65780079128216,0
-12.7,0.318781,33.34,62.65780079128216,0
49.1,0.316223,33.34,62.65780079128216,0
-7.91,0.317502,33.34,62.65780079128216,0
-10.39,0.318781,33.34,62.65780079128216,0
-21.18,0.317502,33.34,63.06346010171025,0
8.1,0.318781,33.34,63.06346010171025,0
1.89,0.317502,33.34,63.06346010171025,0
-12.2,0.317502,33.34,63.06346010171025,0
32.14,0.318781,33.34,63.06346010171025,0
9.04,0.318781,33.34,63.06346010171025,0
-22.89,0.317502,33.34,63.06346010171025,0
3.06,0.316223,33.33,63.06346010171025,0
15.74,0.316223,33.33,63.06346010171025,0
6.16,0.316223,33.33,63.06346010171025,0
-60.51,0.317502,33.33,63.06346010171025,0
7.02,0.316223,33.33,63.06346010171025,0
22.28,0.316223,33.33,62.65780079128216,0
-20.08,0.316223,33.33,62.65780079128216,0
28.73,0.314943,33.33,62.65780079128216,0
19.59,0.316223,33.34,63.06346010171025,0
-17.13,0.314943,33.34,63.06346010171025,0
4.4,0.316223,33.34,63.06346010171025,0
13.15,0.309827,33.34,63.06346010171025,0
-3.68,0.314943,33.34,63.06346010171025,0
-15.58,0.316223,33.34,63.54525946126902,0
7.32,0.313664,33.34,63.54525946126902,0
-5.81,0.316223,33.34,63.06346010171025,0
-29.67,0.313664,33.34,63.06346010171025,0
8.72,0.317502,33.34,63.06346010171025,0
-2.27,0.309827,33.34,63.06346010171025,0
-34.23,0.316223,33.34,63.06346010171025,0
11.23,0.314943,33.34,63.06346010171025,0
2.64,0.313664,33.34,63.06346010171025,0
-36.44,0.314943,33.34,63.06346010171025,0
12.11,0.313664,33.34,63.06346010171025,0
9.12,0.314943,33.34,63.06346010171025,0
-32.11,0.312385,33.34,63.06346010171025,0
13.07,0.316223,33.34,63.06346010171025,0
10.16,0.313664,33.34,63.06346010171025,0
-24.85,0.313664,33.34,63.06346010171025,0
18.12,0.314943,33.34,63.06346010171025,0
8.75,0.312385,33.34,63.06346010171025,0
-35.39,0.314943,33.34,63.54525946126902,0
16.57,0.314943,33.34,63.06346010171025,0
11.23,0.313664,33.34,63.06346010171025,0
-37.44,0.311106,33.34,63.06346010171025,0
22.86,0.312385,33.34,63.06346010171025,0
13.12,0.311106,33.34,63.06346010171025,0
-20.56,0.313664,33.34,63.06346010171025,0
24.31,0.312385,33.34,63.06346010171025,0
19.23,0.312385,33.34,63.54525946126902,0
-12.25,0.312385,33.31,63.06346010171025,0
-0.56,0.311106,33.31,63.06346010171025,0
14.09,0.312385,33.31,63.54525946126902,0
3.37,0.312385,33.31,63.06346010171025,0
-32.43,0.313664,33.34,63.06346010171025,0
12.15,0.311106,33.34,63.06346010171025,0
12.1,0.313664,33.34,63.06346010171025,0
-21.35,0.312385,33.34,63.06346010171025,0
21.29,0.312385,33.33,63.06346010171025,0
12.89,0.313664,33.33,63.06346010171025,0
-19.73,0.311106,33.33,63.06346010171025,0
12.84,0.311106,33.33,63.06346010171025,0
14.19,0.309827,33.33,63.06346010171025,0
-10.85,0.313664,33.33,63.06346010171025,0
-7.82,0.309827,33.33,63.06346010171025,0
12.16,0.311106,33.33,63.06346010171025,0
-1.92,0.302152,33.34,63.06346010171025,0
-26.28,0.309827,33.34,63.06346010171025,0
9.23,0.309827,33.34,63.06346010171025,0
0.95,0.311106,33.34,63.06346010171025,0
-25.79,0.308547,33.34,63.06346010171025,0
3.71,0.308547,33.34,62.289646009589745,0
-2.32,0.311106,33.34,63.06346010171025,0
-15.3,0.308547,33.34,63.06346010171025,0
7.24,0.309827,33.33,63.06346010171025,0
-10.35,0.311106,33.33,63.06346010171025,0
-5.46,0.309827,33.33,63.06346010171025,0
11.69,0.308547,33.33,63.48228099241551,0
-9.14,0.309827,33.33,63.06346010171025,0
3.89,0.308547,33.33,63.06346010171025,0
17.86,0.308547,33.33,63.06346010171025,0
-9.54,0.309827,33.33,63.06346010171025,0
4.92,0.307268,33.33,63.06346010171025,0
18.34,0.311106,33.33,63.54525946126902,0
-3.05,0.308547,33.33,63.06346010171025,0
-19.19,0.307268,33.33,63.06346010171025,0
11.31,0.305989,33.34,63.06346010171025,0
3.38,0.307268,33.34,63.06346010171025,0
-30.7,0.30471,33.34,63.06346010171025,0
7.15,0.305989,33.34,63.06346010171025,0
3.47,0.305989,33.33,63.06346010171025,0
-28.36,0.307268,33.33,63.06346010171025,0
7.2,0.305989,33.33,63.06346010171025,0
-3.29,0.307268,33.33,63.48228099241551,0
-36.87,0.307268,33.34,63.06346010171025,0
11.25,0.307268,33.34,63.06346010171025,0
-0.88,0.307268,33.34,63.06346010171025,0
-35.09,0.305989,33.34,63.06346010171025,0
19.27,0.307268,33.34,63.06346010171025,0
5.55,0.307268,33.34,63.06346010171025,0
-41.72,0.307268,33.34,63.06346010171025,0
18.81,0.305989,33.34,63.06346010171025,0
19.9,0.307268,33.34,63.54525946126902,0
-16.05,0.307268,33.34,63.06346010171025,0
11.24,0.305989,33.34,63.06346010171025,0
19.01,0.307268,33.34,63.06346010171025,0
1.24,0.305989,33.33,63.06346010171025,0
-32.67,0.308547,33.33,63.06346010171025,0
11.25,0.302152,33.33,63.06346010171025,0
9.13,0.298314,33.33,63.06346010171025,0
-20.25,0.303431,33.33,63.06346010171025,0
23.15,0.305989,33.33,63.06346010171025,0
10.38,0.303431,33.33,63.48228099241551,0
-18.44,0.305989,33.33,63.06346010171025,0
0.45,0.305989,33.34,63.06346010171025,0
15.57,0.307268,33.34,63.48228099241551,0
-5.3,0.305989,33.34,63.48228099241551,0
-31.97,0.307268,33.34,63.06346010171025,0
13.2,0.307268,33.33,63.06346010171025,0
4.53,0.303431,33.33,63.06346010171025,0
-34.43,0.305989,33.33,63.06346010171025,0
21.36,0.30471,33.33,63.06346010171025,0
13.8,0.305989,33.33,63.06346010171025,0
-14.34,0.303431,33.33,63.06346010171025,0
18.98,0.305989,33.33,63.06346010171025,0
14.22,0.30471,33.33,63.06346010171025,0
-8.19,0.305989,33.33,63.06346010171025,0
10.93,0.307268,33.33,63.06346010171025,0
6.67,0.30471,33.33,63.06346010171025,0
-14.62,0.30471,33.33,63.54525946126902,0
19.26,0.305989,33.33,63.06346010171025,0
9.14,0.307268,33.33,63.06346010171025,0
-21.43,0.303431,33.33,62.289646009589745,0
22.4,0.305989,33.33,63.48228099241551,0
16.57,0.302152,33.33,63.06346010171025,0
-19.12,0.305989,33.33,63.06346010171025,0
21.96,0.30471,33.33,63.48228099241551,0
21.14,0.302152,33.33,63.06346010171025,0
-12.08,0.303431,33.33,63.06346010171025,0
-2.88,0.30471,33.33,63.06346010171025,0
19.15,0.30471,33.33,63.06346010171025,0
2.61,0.303431,33.33,63.06346010171025,0
-37.61,0.303431,33.33,63.54525946126902,0
18.56,0.302152,33.33,63.54525946126902,0
16.69,0.30471,33.33,63.198101237299845,0
-10.72,0.303431,33.33,63.54525946126902,0
14.41,0.30471,33.33,63.48228099241551,0
10.12,0.305989,33.33,63.48228099241551,0
-10.54,0.303431,33.33,63.48228099241551,0
-11.04,0.303431,33.33,63.48228099241551,0
9.03,0.302152,33.31,63.48228099241551,0
-3.0,0.30471,33.31,63.48228099241551,0
-39.95,0.303431,33.31,63.48228099241551,0
16.87,0.30471,33.31,63.48228099241551,0
2.43,0.300872,33.31,63.48228099241551,0
-35.2,0.30471,33.31,63.06346010171025,0
22.54,0.300872,33.31,63.06346010171025,0
18.33,0.302152,33.31,63.06346010171025,0
-3.67,0.302152,33.33,63.06346010171025,0
75.02,0.302152,33.33,62.5939294181153,0
97.78,0.300872,33.33,62.5939294181153,0
-128.35,0.300872,33.33,63.48228099241551,0
-125.36,0.303431,33.31,63.48228099241551,0
49.37,0.302152,33.31,63.48228099241551,0
66.35,0.300872,33.31,63.48228099241551,0
-30.71,0.293197,33.31,63.48228099241551,0
-91.16,0.302152,33.31,62.5939294181153,0
-36.26,0.299593,33.31,64.25729530566937,0
-23.19,0.302152,33.31,62.94441992742486,0
61.75,0.300872,33.31,63.419239982831705,0
12.46,0.299593,33.33,63.35613624582863,0
-66.23,0.300872,33.33,62.83311228962003,0
-3.36,0.300872,33.33,63.06346010171025,0
27.01,0.302152,33.33,63.54525946126902,0
-33.09,0.295756,33.33,62.77738446287803,0
75.87,0.302152,33.33,62.77738446287803,0
33.12,0.302152,33.33,63.54525946126902,0
-152.54,0.300872,33.33,63.3798075099633,0
18.72,0.300872,33.31,62.928530890209096,0
43.12,0.300872,33.31,63.3798075099633,0
-10.74,0.302152,33.31,63.06346010171025,0
43.13,0.302152,33.31,63.48228099241551,0
20.01,0.300872,33.33,63.48228099241551,0
-42.07,0.295756,33.33,63.48228099241551,0
30.48,0.300872,33.33,63.48228099241551,0
23.43,0.300872,33.33,63.48228099241551,0
-22.88,0.299593,33.31,63.48228099241551,0
19.9,0.298314,33.31,63.48228099241551,0
21.8,0.294477,33.31,63.06346010171025,0
-12.55,0.299593,33.31,63.06346010171025,0
17.41,0.298314,33.33,63.2771680782255,0
42.76,0.299593,33.33,62.65780079128216,0
90.16,0.300872,33.33,63.28506932918696,0
-67.68,0.300872,33.33,63.7102817447859,0
-129.24,0.303431,33.31,63.686733312362634,0
21.69,0.305989,33.31,63.28506932918696,0
21.89,0.305989,33.31,62.8728876384726,0
22.21,0.305989,33.31,62.8728876384726,0
13.33,0.302152,33.33,62.91263784010332,0
-8.03,0.302152,33.33,63.34824385884742,0
8.99,0.300872,33.33,63.34824385884742,0
-15.85,0.302152,33.33,63.0158710167526,0
-21.64,0.299593,33.33,63.48228099241551,0
-23.12,0.302152,33.33,63.48228099241551,0
27.02,0.300872,33.33,63.0158710167526,0
5.29,0.302152,33.33,63.48228099241551,0
-41.27,0.303431,33.31,63.48228099241551,0
15.17,0.302152,33.31,63.48228099241551,0
8.59,0.300872,33.31,63.48228099241551,0
-40.65,0.300872,33.31,63.48228099241551,0
16.67,0.302152,33.29,62.71363488110062,0
10.63,0.299593,33.29,63.48228099241551,0
-33.16,0.300872,33.29,63.48228099241551,0
11.02,0.300872,33.29,63.48228099241551,0
1.57,0.302152,33.29,63.48228099241551,0
-15.29,0.300872,33.29,63.48228099241551,0
3.36,0.302152,33.29,63.48228099241551,0
-17.52,0.302152,33.29,63.48228099241551,0
20.56,0.300872,33.34,63.48228099241551,0
13.11,0.299593,33.34,63.48228099241551,0
-27.15,0.298314,33.34,63.48228099241551,0
32.18,0.299593,33.34,63.48228099241551,0
20.9,0.299593,33.31,63.06346010171025,0
-23.51,0.302152,33.31,62.75348595894893,0
27.7,0.297035,33.31,63.39558344238185,0
22.04,0.299593,33.31,63.773035054010094,0
-18.64,0.298314,33.31,63.56886030125127,0
-42.42,0.299593,33.31,62.68173577685928,0
18.13,0.300872,33.31,63.773035054010094,0
10.39,0.299593,33.31,63.39558344238185,0
-10.25,0.299593,33.31,63.39558344238185,0
34.32,0.297035,33.31,63.39558344238185,0
12.37,0.300872,33.31,62.52999280345393,0
-7.34,0.297035,33.31,63.984373092185564,0
2.69,0.300872,33.31,62.8410693734599,0
6.75,0.302152,33.31,62.89674077406555,0
0.67,0.302152,33.31,63.2771680782255,0
94.33,0.302152,33.31,63.35613624582863,0
79.42,0.303431,33.33,62.849025449882674,0
-48.85,0.30471,33.33,63.08724118235002,0
-234.73,0.303431,33.33,63.08724118235002,0
41.05,0.30471,33.33,63.08724118235002,0
15.35,0.302152,33.31,63.08724118235002,0
-17.92,0.303431,33.31,63.08724118235002,0
12.38,0.300872,33.31,63.3798075099633,0
0.22,0.302152,33.31,63.3798075099633,0
-13.42,0.302152,33.31,63.08724118235002,0
15.5,0.300872,33.31,63.3798075099633,0
5.96,0.302152,33.31,62.369864518050704,0
-12.14,0.300872,33.31,62.369864518050704,0
16.94,0.303431,33.31,63.14269553954757,0
10.54,0.300872,33.31,63.14269553954757,0
28.68,0.302152,33.31,62.90468980926621,0
12.41,0.299593,33.31,63.686733312362634,0
-71.37,0.299593,33.31,62.5939294181153,0
11.59,0.294477,33.31,63.45076831686122,0
4.76,0.300872,33.31,62.90468980926621,0
-63.1,0.299593,33.31,62.90468980926621,0
41.63,0.299593,33.29,63.686733312362634,0
-21.49,0.302152,33.29,63.686733312362634,0
-31.78,0.299593,33.29,62.5939294181153,0
15.11,0.302152,33.29,63.3798075099633,0
-20.72,0.299593,33.29,62.849025449882674,0
32.32,0.300872,33.29,62.849025449882674,0
15.56,0.298314,33.29,62.849025449882674,0
-33.35,0.299593,33.29,62.849025449882674,0
23.52,0.298314,33.29,63.15853069855251,0
11.8,0.300872,33.29,62.849025449882674,0
-30.17,0.295756,33.29,63.15853069855251,0
15.24,0.298314,33.29,63.15853069855251,0
-1.15,0.299593,33.29,63.15853069855251,0
7.71,0.298314,33.29,63.15853069855251,0
9.22,0.300872,33.29,63.15853069855251,0
-19.25,0.299593,33.29,63.15853069855251,0
25.95,0.298314,33.31,63.15853069855251,0
12.32,0.297035,33.31,63.15853069855251,0
-34.81,0.298314,33.31,63.15853069855251,0
30.09,0.297035,33.31,63.15853069855251,0
17.17,0.297035,33.31,63.15853069855251,0
-28.5,0.299593,33.31,63.15853069855251,0
31.28,0.297035,33.31,63.76519426771944,0
22.59,0.295756,33.31,63.229739838148944,0
-14.28,0.298314,33.31,62.41794613730894,0
-14.02,0.299593,33.31,63.324560795950255,0
23.39,0.298314,33.31,63.150613615387776,0
35.53,0.297035,33.31,63.4428877022476,0
35.24,0.294477,33.31,63.796551630946325,0
-67.86,0.295756,33.31,62.625873247404705,0
-12.42,0.293197,33.31,62.80127387243033,0
19.54,0.295756,33.31,64.33506042586733,0
-54.06,0.294477,33.31,62.457985878508765,0
19.25,0.295756,33.31,63.34824385884742,0
88.83,0.293197,33.31,63.702433234531945,0
48.55,0.294477,33.31,62.95236294214857,0
78.05,0.291918,33.31,62.88083968904996,0
-66.21,0.291918,33.31,62.5859409132754,0
-35.01,0.293197,33.31,61.814237842102365,0
-0.97,0.290639,33.31,63.13477647065839,0
4.99,0.294477,33.31,64.03905058634146,0
-28.59,0.293197,33.31,64.03124237432849,0
-19.84,0.295756,33.31,56.05354582896607,0
18.72,0.294477,33.31,62.68173577685928,0
77.25,0.297035,33.31,63.58458932791813,0
74.75,0.298314,33.31,65.26101439603893,0
-32.25,0.294477,33.31,62.64982043070834,0
-130.41,0.295756,33.31,63.50590523722971,0
9.1,0.294477,33.31,63.4428877022476,0
35.42,0.295756,33.31,63.41135544995076,0
0.67,0.293197,33.31,57.41950887982237,0
19.72,0.297035,33.31,63.41135544995076,0
7.06,0.295756,33.33,61.97580172938467,0
29.72,0.297035,33.33,65.92419889539804,0
75.87,0.294477,33.33,62.56196927846821,0
-1.38,0.295756,33.33,63.773035054010094,0
-46.3,0.295756,33.29,65.0384501660364,0
-76.68,0.295756,33.29,62.03224967708329,0
-6.31,0.291918,33.29,59.49789912257407,0
52.05,0.28936,33.29,78.44743462982075,0
9.71,0.290639,33.31,62.8887907341205,0
-11.94,0.294477,33.31,62.12889826803627,0
44.79,0.297035,33.31,62.44197306299666,0
18.25,0.295756,33.31,65.45991139621256,0
-66.06,0.297035,33.31,62.37788069500277,0
142.56,0.294477,33.31,66.03786792439622,0
7.77,0.295756,33.31,66.71581521648372,0
-72.95,0.295756,33.31,61.69278726074872,0
7.63,0.297035,33.31,63.7102817447859,0
26.39,0.297035,33.31,62.489999199871974,0
-15.37,0.295756,33.31,62.080592780675026,0
11.87,0.297035,33.31,63.324560795950255,0
-37.86,0.293197,33.31,62.12889826803627,0
-96.69,0.297035,33.31,63.324560795950255,0
45.55,0.295756,33.31,63.324560795950255,0
88.28,0.297035,33.31,62.976185975335156,0
-8.52,0.297035,33.31,63.3798075099633,0
-16.52,0.295756,33.31,62.976185975335156,0
23.62,0.297035,33.31,63.3798075099633,0
18.91,0.297035,33.31,63.3798075099633,0
-13.88,0.297035,33.31,63.3798075099633,0
36.47,0.297035,33.31,63.3798075099633,0
23.22,0.295756,33.31,63.3798075099633,0
-25.89,0.288081,33.31,63.3798075099633,0
35.93,0.295756,33.31,63.3798075099633,0
23.37,0.294477,33.31,63.3798075099633,0
-30.15,0.294477,33.31,62.976185975335156,0
28.36,0.294477,33.31,63.3798075099633,0
18.73,0.294477,33.31,63.84355879804947,0
-18.86,0.294477,33.31,62.976185975335156,0
27.78,0.28936,33.31,62.65780079128216,0
17.92,0.295756,33.31,63.63961030678928,0
-8.48,0.295756,33.31,63.14269553954757,0
-5.38,0.295756,33.31,63.54525946126902,0
12.34,0.293197,33.31,62.369864518050704,0
4.2,0.294477,33.31,62.369864518050704,0
-25.98,0.293197,33.33,62.369864518050704,0
10.37,0.293197,33.33,63.54525946126902,0
8.64,0.291918,33.33,63.54525946126902,0
-14.59,0.291918,33.33,62.75348595894893,0
10.65,0.294477,33.31,63.25345840347388,0
21.04,0.294477,33.31,63.53739056650029,0
43.75,0.294477,33.31,62.88083968904996,0
-0.41,0.294477,33.31,65.06150935845248,0
-2.37,0.291918,33.33,60.27437266367855,0
-20.25,0.291918,33.33,62.12889826803627,0
-35.67,0.291918,33.33,63.06346010171025,0
-34.73,0.291918,33.33,62.65780079128216,0
-51.98,0.291918,33.33,62.369864518050704,0
-58.16,0.293197,33.33,62.369864518050704,0
42.85,0.291918,33.33,63.92182725798755,0
42.72,0.294477,33.33,63.63961030678928,0
-41.14,0.291918,33.33,62.8728876384726,0
35.87,0.294477,33.33,62.8728876384726,0
38.73,0.293197,33.33,64.1482657598785,0
-48.25,0.291918,33.33,62.8728876384726,0
-2.94,0.291918,33.31,62.8728876384726,0
-1.78,0.291918,33.31,62.8728876384726,0
-14.51,0.290639,33.31,62.8728876384726,0
46.51,0.290639,33.31,62.8728876384726,0
30.28,0.293197,33.31,63.0,0
-27.42,0.291918,33.31,62.24146527838174,0
24.01,0.291918,33.31,62.5859409132754,0
20.5,0.291918,33.31,62.5939294181153,0
-27.57,0.293197,33.33,63.39558344238185,0
10.45,0.291918,33.33,63.20601237224193,0
37.23,0.290639,33.33,63.14269553954757,0
13.57,0.290639,33.33,63.3798075099633,0
-33.61,0.291918,33.33,63.3798075099633,0
0.65,0.293197,33.33,63.03967004989794,0
23.44,0.291918,33.33,62.369864518050704,0
24.49,0.290639,33.33,62.489999199871974,0
-8.31,0.291918,33.34,64.07807737440318,0
16.23,0.293197,33.34,63.190189111918315,0
18.71,0.293197,33.34,63.190189111918315,0
102.06,0.293197,33.34,63.89835678638379,0
-23.84,0.293197,33.33,63.54525946126902,0
-36.38,0.294477,33.33,63.03967004989794,0
-25.29,0.291918,33.33,63.03967004989794,0
-13.29,0.291918,33.33,63.41135544995076,0
-10.65,0.291918,33.31,62.95236294214857,0
-49.6,0.293197,33.31,63.35613624582863,0
-25.53,0.293197,33.31,63.31666447310692,0
16.03,0.294477,33.31,62.94441992742486,0
48.89,0.293197,33.31,63.387695966961914,0
1.07,0.295756,33.31,62.5859409132754,0
-21.14,0.294477,33.31,62.5859409132754,0
-37.82,0.293197,33.31,63.387695966961914,0
-85.31,0.293197,33.33,63.387695966961914,0
60.94,0.290639,33.33,63.31666447310692,0
59.11,0.294477,33.33,63.72597586541927,0
6.83,0.291918,33.33,63.41135544995076,0
46.26,0.294477,33.31,63.89835678638379,0
29.3,0.293197,33.31,62.93647591023825,0
-24.01,0.293197,33.31,62.93647591023825,0
-4.26,0.294477,33.31,63.324560795950255,0
-7.12,0.293197,33.29,63.7102817447859,0
-24.26,0.295756,33.29,63.7102817447859,0
-29.07,0.291918,33.29,62.88083968904996,0
-8.62,0.293197,33.29,62.88083968904996,0
-37.15,0.290639,33.31,62.88083968904996,0
-112.88,0.293197,33.31,64.10928169929842,0
54.24,0.290639,33.31,62.88083968904996,0
35.43,0.293197,33.31,62.88083968904996,0
-10.05,0.290639,33.31,63.28506932918696,0
31.27,0.291918,33.31,63.28506932918696,0
20.19,0.291918,33.31,62.88083968904996,0
-20.55,0.290639,33.31,63.28506932918696,0
34.7,0.293197,33.29,62.8887907341205,0
24.92,0.290639,33.29,62.8887907341205,0
-21.52,0.286802,33.29,62.465990746965666,0
37.51,0.28936,33.29,62.8887907341205,0
32.28,0.28936,33.29,62.8887907341205,0
-8.81,0.291918,33.29,62.8887907341205,0
15.25,0.291918,33.29,62.8887907341205,0
21.8,0.291918,33.29,62.8887907341205,0
2.59,0.290639,33.29,63.324560795950255,0
-39.58,0.291918,33.29,62.8887907341205,0
17.12,0.290639,33.29,62.8887907341205,0
17.32,0.291918,33.29,63.29296959378664,0
-12.8,0.291918,33.33,62.8887907341205,0
13.34,0.290639,33.33,62.8887907341205,0
12.16,0.28936,33.33,63.324560795950255,0
-3.47,0.290639,33.33,62.8887907341205,0
-28.1,0.290639,33.31,63.324560795950255,0
4.26,0.290639,33.31,62.8887907341205,0
2.36,0.291918,33.31,63.29296959378664,0
-36.41,0.290639,33.31,62.8887907341205,0
17.05,0.28936,33.29,63.324560795950255,0
7.1,0.291918,33.29,63.324560795950255,0
-26.83,0.290639,33.29,63.324560795950255,0
24.49,0.28936,33.29,63.324560795950255,0
13.88,0.28936,33.31,63.324560795950255,0
-16.07,0.28936,33.31,63.324560795950255,0
18.82,0.28936,33.31,63.324560795950255,0
17.23,0.291918,33.31,62.080592780675026,0
-8.23,0.28936,33.33,63.324560795950255,0
-6.11,0.288081,33.33,62.52199612936234,0
9.07,0.28936,33.33,62.52199612936234,0
0.55,0.288081,33.33,62.52199612936234,0
-27.04,0.290639,33.29,62.52199612936234,0
4.98,0.284243,33.29,62.976185975335156,0
-0.56,0.28936,33.29,62.976185975335156,0
-30.74,0.288081,33.29,62.976185975335156,0
13.81,0.288081,33.33,62.976185975335156,0
5.93,0.28936,33.33,63.3798075099633,0
-31.56,0.286802,33.33,63.3798075099633,0
20.87,0.28936,33.33,62.976185975335156,0
10.94,0.288081,33.31,62.976185975335156,0
-22.57,0.290639,33.31,62.976185975335156,0
21.45,0.28936,33.31,62.976185975335156,0
15.43,0.286802,33.31,62.976185975335156,0
-10.93,0.28936,33.31,63.4428877022476,0
2.93,0.288081,33.31,63.4428877022476,0
11.27,0.28936,33.31,63.4428877022476,0
-0.9,0.286802,33.31,62.976185975335156,0
-27.57,0.28936,33.31,63.4428877022476,0
7.8,0.28936,33.31,63.4428877022476,0
2.88,0.288081,33.31,63.4428877022476,0
-27.56,0.288081,33.31,63.4428877022476,0
11.27,0.28936,33.31,62.65780079128216,0
6.34,0.288081,33.31,63.4428877022476,0
-32.55,0.288081,33.31,63.4428877022476,0
21.92,0.28936,33.31,63.06346010171025,0
14.07,0.28936,33.31,63.84355879804947,0
-18.84,0.290639,33.31,63.84355879804947,0
17.88,0.286802,33.31,63.4428877022476,0
19.03,0.28936,33.31,63.4428877022476,0
-10.55,0.288081,33.31,63.4428877022476,0
-20.23,0.288081,33.31,63.84355879804947,0
11.56,0.286802,33.31,62.976185975335156,0
4.73,0.286802,33.31,62.976185975335156,0
-27.75,0.288081,33.31,63.4428877022476,0
21.41,0.288081,33.31,63.3798075099633,0
14.81,0.28936,33.31,63.4428877022476,0
-10.97,0.288081,33.31,63.84355879804947,0
14.29,0.286802,33.31,63.84355879804947,0
11.22,0.286802,33.31,63.06346010171025,0
-11.79,0.286802,33.31,63.3798075099633,0
-9.07,0.286802,33.31,63.3798075099633,0
10.05,0.288081,33.29,62.5939294181153,0
-1.44,0.286802,33.29,63.3798075099633,0
-33.42,0.286802,33.29,63.3798075099633,0
12.43,0.288081,33.29,63.4428877022476,0
6.04,0.288081,33.31,63.06346010171025,0
-29.45,0.288081,33.31,62.5939294181153,0
19.64,0.286802,33.31,63.3798075099633,0
14.0,0.281685,33.31,62.5939294181153,0
-12.86,0.286802,33.31,63.3798075099633,0
13.02,0.288081,33.31,63.3798075099633,0
13.68,0.276568,33.31,62.185207244167,0
-2.71,0.286802,33.31,63.3798075099633,0
-25.95,0.286802,33.31,62.976185975335156,0
6.69,0.288081,33.31,63.3798075099633,0
2.25,0.285522,33.31,63.3798075099633,0
-28.85,0.286802,33.31,63.3798075099633,0
15.17,0.28936,33.31,63.3798075099633,0
8.45,0.286802,33.31,63.3798075099633,0
-25.77,0.288081,33.31,63.3798075099633,0
21.24,0.284243,33.31,62.5939294181153,0
15.79,0.286802,33.31,62.976185975335156,0
-14.28,0.285522,33.31,62.928530890209096,0
0.13,0.286802,33.31,63.3798075099633,0
12.24,0.285522,33.31,63.3798075099633,0
17.83,0.286802,33.31,63.3798075099633,0
-28.38,0.286802,33.31,63.3798075099633,0
4.32,0.285522,33.31,63.3798075099633,0
6.91,0.286802,33.31,62.928530890209096,0
-19.49,0.285522,33.33,63.3798075099633,0
5.58,0.288081,33.33,63.3798075099633,0
13.82,0.285522,33.33,63.3798075099633,0
-2.83,0.286802,33.33,62.928530890209096,0
-28.22,0.286802,33.31,62.928530890209096,0
7.52,0.286802,33.31,62.52199612936234,0
7.23,0.286802,33.31,62.52199612936234,0
-30.55,0.286802,33.31,62.928530890209096,0
16.87,0.285522,33.31,63.3798075099633,0
17.26,0.285522,33.31,62.928530890209096,0
-31.64,0.288081,33.31,62.928530890209096,0
14.04,0.285522,33.31,62.928530890209096,0
12.56,0.285522,33.31,62.928530890209096,0
-17.71,0.285522,33.31,62.928530890209096,0
5.63,0.286802,33.31,62.928530890209096,0
15.35,0.282964,33.31,62.928530890209096,0
-0.78,0.284243,33.29,62.928530890209096,0
-34.73,0.285522,33.29,62.928530890209096,0
14.66,0.284243,33.29,62.928530890209096,0
7.71,0.284243,33.29,62.928530890209096,0
-18.23,0.284243,33.31,62.928530890209096,0
17.22,0.286802,33.31,62.928530890209096,0
12.12,0.285522,33.31,63.72597586541927,0
-9.07,0.284243,33.31,62.928530890209096,0
9.06,0.284243,33.29,62.928530890209096,0
12.18,0.285522,33.29,62.928530890209096,0
-4.8,0.285522,33.29,62.8887907341205,0
-20.59,0.284243,33.29,63.72597586541927,0
14.1,0.285522,33.29,62.928530890209096,0
7.97,0.284243,33.29,62.52199612936234,0
-34.91,0.285522,33.29,62.080592780675026,0
16.34,0.284243,33.29,63.29296959378664,0
11.82,0.285522,33.29,63.72597586541927,0
-21.61,0.284243,33.29,62.489999199871974,0
12.32,0.284243,33.29,62.928530890209096,0
17.6,0.282964,33.29,62.928530890209096,0
-1.16,0.282964,33.31,62.928530890209096,0
-40.26,0.284243,33.31,63.29296959378664,0
26.0,0.279126,33.31,62.489999199871974,0
16.64,0.285522,33.31,62.928530890209096,0
-5.71,0.285522,33.31,62.489999199871974,0
4.39,0.284243,33.31,63.72597586541927,0
7.86,0.284243,33.31,63.72597586541927,0
-7.52,0.285522,33.31,63.29296959378664,0
-36.99,0.285522,33.31,62.489999199871974,0
9.08,0.280406,33.31,63.29296959378664,0
6.09,0.284243,33.31,62.489999199871974,0
-25.68,0.284243,33.31,63.72597586541927,0
23.19,0.282964,33.29,62.489999199871974,0
14.48,0.284243,33.29,63.72597586541927,0
-21.4,0.282964,33.29,63.29296959378664,0
18.81,0.284243,33.29,63.72597586541927,0
19.42,0.282964,33.27,63.324560795950255,0
-2.83,0.284243,33.27,63.702433234531945,0
32.73,0.285522,33.27,63.702433234531945,0
70.03,0.285522,33.27,66.55073252789934,0
1.23,0.285522,33.31,59.405386961116584,0
-4.18,0.280406,33.31,63.34824385884742,0
-37.13,0.284243,33.31,63.34824385884742,0
9.19,0.282964,33.31,63.34824385884742,0
-1.88,0.284243,33.29,68.38128398911503,0
43.84,0.284243,33.29,58.66003750424986,0
-24.51,0.279126,33.29,65.30696746902278,0
22.09,0.284243,33.29,65.05382386916237,0
-68.2,0.282964,33.29,61.35959582656978,0
-77.92,0.285522,33.29,64.07807737440318,0
6.02,0.282964,33.29,63.984373092185564,0
-41.08,0.282964,33.29,65.33758489567853,0
-63.42,0.277847,33.29,66.39277069079132,0
66.03,0.280406,33.29,62.88083968904996,0
-4.19,0.279126,33.29,63.43500610861482,0
-24.31,0.280406,33.29,63.33245613427605,0
56.69,0.280406,33.29,63.43500610861482,0
21.38,0.281685,33.29,64.20280367709809,0
-51.94,0.279126,33.29,71.14773362518304,0
26.59,0.281685,33.29,60.149812967290266,0
75.0,0.281685,33.29,63.3798075099633,0
95.48,0.280406,33.29,57.0350769263968,0
0.05,0.276568,33.29,62.36184731067546,0
-49.56,0.279126,33.29,62.96824596572466,0
-97.21,0.281685,33.29,66.58077800686922,0
28.15,0.279126,33.29,63.60031446463138,0
126.95,0.280406,33.29,63.13477647065839,0
59.82,0.280406,33.29,63.29296959378664,0
-116.25,0.280406,33.31,64.07807737440318,0
45.16,0.277847,33.31,63.56886030125127,0
5.95,0.280406,33.31,64.65291950097846,0
-16.87,0.280406,33.31,62.20128616033595,0
-49.52,0.279126,33.31,64.59876159803684,0
37.86,0.282964,33.31,63.324560795950255,0
-0.97,0.277847,33.31,63.324560795950255,0
38.45,0.279126,33.31,63.984373092185564,0
6.47,0.279126,33.31,63.324560795950255,0
-47.44,0.279126,33.31,63.324560795950255,0
-9.34,0.281685,33.31,64.89221833163049,0
0.84,0.281685,33.31,65.80273550544841,0
-27.4,0.282964,33.31,61.36774397026503,0
41.66,0.282964,33.31,59.6992462263972,0
38.45,0.281685,33.31,64.81512169239521,0
-39.13,0.280406,33.31,62.95236294214857,0
-6.12,0.280406,33.33,63.45076831686122,0
-139.94,0.280406,33.33,61.91930232165088,0
-95.09,0.279126,33.33,63.631753079732135,0
93.07,0.279126,33.33,63.72597586541927,0
61.77,0.280406,33.31,65.12296062065974,0
-8.5,0.280406,33.31,62.24146527838174,0
14.09,0.276568,33.31,59.04235767650204,0
24.75,0.272731,33.31,63.56099432828282,0
-44.76,0.288081,33.33,65.76473218982953,0
-38.03,0.285522,33.33,59.77457653551382,0
-36.3,0.284243,33.33,66.60330322138685,0
56.35,0.281685,33.33,62.64982043070834,0
-13.93,0.279126,33.31,63.474404290233394,0
154.3,0.282964,33.31,64.38167441127949,0
-39.42,0.282964,33.31,63.190189111918315,0
-82.32,0.282964,33.31,64.97691897897283,0
19.09,0.282964,33.31,60.83584469702052,0
38.48,0.285522,33.31,62.14499175315739,0
-31.06,0.284243,33.31,63.773035054010094,0
29.24,0.285522,33.31,62.07253821135398,0
57.39,0.285522,33.34,63.702433234531945,0
30.32,0.284243,33.34,65.68865959965997,0
-26.44,0.282964,33.34,61.39218191268331,0
-67.71,0.280406,33.34,64.32728814430156,0
-38.86,0.281685,33.37,63.52952069707436,0
90.58,0.280406,33.37,63.51377803280167,0
26.91,0.281685,33.37,63.51377803280167,0
-110.2,0.275289,33.37,63.51377803280167,0
-74.67,0.281685,33.37,63.51377803280167,0
-5.86,0.280406,33.37,62.95236294214857,0
9.09,0.280406,33.37,63.88270501473775,0
23.8,0.280406,33.37,63.88270501473775,0
-7.13,0.279126,33.37,63.324560795950255,0
-26.94,0.281685,33.37,63.88270501473775,0
40.42,0.279126,33.37,63.88270501473775,0
15.06,0.280406,33.37,62.77738446287803,0
-36.63,0.277847,33.34,62.20932405998316,0
34.07,0.280406,33.34,63.51377803280167,0
27.95,0.279126,33.34,62.40192304729078,0
2.77,0.277847,33.34,63.52952069707436,0
-27.9,0.279126,33.37,63.15853069855251,0
37.64,0.272731,33.37,63.15853069855251,0
18.25,0.27401,33.37,63.15853069855251,0
-3.48,0.277847,33.37,63.52952069707436,0
39.76,0.276568,33.34,63.15853069855251,0
5.29,0.277847,33.34,62.40192304729078,0
-16.14,0.277847,33.34,63.15853069855251,0
-33.47,0.276568,33.34,62.40192304729078,0
9.98,0.277847,33.39,62.95236294214857,0
-1.41,0.279126,33.39,63.324560795950255,0
-16.35,0.271451,33.39,63.702433234531945,0
8.62,0.277847,33.39,63.702433234531945,0
9.27,0.277847,33.39,63.702433234531945,0
-23.45,0.279126,33.39,62.95236294214857,0
-26.99,0.279126,33.39,62.95236294214857,0
-6.01,0.277847,33.39,62.20932405998316,0
1.74,0.279126,33.37,62.77738446287803,0
-21.27,0.276568,33.37,62.95236294214857,0
0.34,0.276568,33.37,63.15853069855251,0
-82.25,0.277847,33.37,63.15853069855251,0
-1.14,0.275289,33.37,61.741396161732524,0
38.81,0.276568,33.37,61.78996682310163,0
34.38,0.276568,33.37,62.161081071680215,0
8.65,0.277847,33.37,62.95236294214857,0
-12.85,0.277847,33.37,65.09992319503918,0
36.42,0.279126,33.37,63.324560795950255,0
24.35,0.271451,33.37,63.150613615387776,0
-45.25,0.276568,33.37,63.150613615387776,0
16.12,0.277847,33.37,63.150613615387776,0
-10.08,0.275289,33.37,63.72597586541927,0
-60.62,0.276568,33.37,63.35613624582863,0
12.44,0.27401,33.37,63.35613624582863,0
18.65,0.27401,33.39,63.35613624582863,0
-15.16,0.275289,33.39,64.319514923544,0
21.58,0.27401,33.39,63.0,0
17.87,0.275289,33.39,63.733821476512766,0
-10.43,0.276568,33.34,63.733821476512766,0
-1.86,0.27401,33.34,63.0,0
22.44,0.27401,33.34,63.0,0
6.69,0.275289,33.34,63.0,0
-22.47,0.268893,33.34,63.0,0
20.98,0.27401,33.34,63.592452382338585,0
16.17,0.272731,33.34,63.0,0
-9.64,0.27401,33.34,63.0,0
0.63,0.27401,33.37,63.0,0
12.6,0.27401,33.37,63.0,0
0.67,0.272731,33.37,63.0,0
-32.48,0.272731,33.37,63.0,0
15.96,0.27401,33.37,63.0,0
14.9,0.271451,33.37,63.0,0
-10.59,0.272731,33.37,63.733821476512766,0
-0.26,0.271451,33.37,63.0,0
0.95,0.271451,33.37,62.65780079128216,0
6.76,0.272731,33.37,63.39558344238185,0
-18.4,0.272731,33.37,63.0,0
15.62,0.27401,33.37,63.0,0
15.15,0.272731,33.37,63.733821476512766,0
-7.87,0.275289,33.37,63.0,0
4.46,0.27401,33.37,64.91532946846992,0
2.6,0.271451,33.37,64.62197768561404,0
-10.08,0.271451,33.37,60.00833275470999,0
0.39,0.272731,33.37,62.489999199871974,0
5.34,0.266335,33.37,65.99242380758567,0
-4.02,0.295756,33.37,71.22499561249548,0
20.2,0.285522,33.39,55.5517776493246,0
27.63,0.280406,33.39,64.41273166075166,0
-38.39,0.280406,33.39,65.99242380758567,0
-113.14,0.279126,33.39,63.72597586541927,0
226.22,0.279126,33.37,62.65780079128216,0
42.52,0.280406,33.37,64.20280367709809,0
-119.6,0.272731,33.37,63.20601237224193,0
-137.49,0.276568,33.37,62.849025449882674,0
6.44,0.279126,33.39,65.6505902486794,0
-18.91,0.279126,33.39,62.465990746965666,0
7.83,0.279126,33.39,65.45991139621256,0
23.25,0.277847,33.39,58.93216439263028,0
-37.22,0.280406,33.39,64.10148204214939,0
-17.24,0.277847,33.39,61.862751312886175,0
6.85,0.277847,33.39,64.56779382943171,0
13.44,0.279126,33.39,62.56196927846821,0
79.66,0.277847,33.41,61.465437442517235,0
-11.74,0.276568,33.41,61.35959582656978,0
-51.88,0.266335,33.41,58.249463516842795,0
-65.46,0.27401,33.41,71.85401867675878,0
24.55,0.282964,33.41,67.43886120034946,0
-36.28,0.277847,33.41,60.73713855624086,0
-23.92,0.276568,33.41,70.2922470831599,0
52.09,0.276568,33.41,62.8410693734599,0
-122.68,0.277847,33.41,63.095166217389426,0
178.9,0.277847,33.41,64.03905058634146,0
32.35,0.276568,33.41,63.835726674018524,0
1.21,0.277847,33.41,63.118935352238,0
-26.63,0.279126,33.41,62.42595614005443,0
-29.42,0.275289,33.41,62.88083968904996,0
-106.13,0.276568,33.41,64.07807737440318,0
53.93,0.277847,33.41,63.72597586541927,0
59.05,0.277847,33.45,63.0,0
6.14,0.277847,33.45,63.92182725798755,0
41.1,0.276568,33.45,63.773035054010094,0
53.63,0.277847,33.45,64.52906321960671,0
2.81,0.277847,33.45,62.489999199871974,0
-60.45,0.280406,33.45,62.91263784010332,0
-61.46,0.277847,33.45,64.10148204214939,0
-4.62,0.277847,33.45,62.080592780675026,0
-12.39,0.276568,33.45,63.28506932918696,0
74.84,0.279126,33.45,62.91263784010332,0
53.57,0.277847,33.45,63.72597586541927,0
-50.67,0.276568,33.45,62.928530890209096,0
12.07,0.277847,33.45,63.34824385884742,0
19.65,0.276568,33.45,63.796551630946325,0
-48.09,0.277847,33.45,63.796551630946325,0
-47.9,0.271451,33.45,62.489999199871974,0
34.3,0.277847,33.5,62.13694553162394,0
21.46,0.277847,33.5,63.3798075099633,0
13.84,0.277847,33.5,62.928530890209096,0
31.64,0.276568,33.5,62.976185975335156,0
4.91,0.276568,33.47,62.976185975335156,0
-57.54,0.276568,33.47,63.4428877022476,0
2.94,0.276568,33.47,63.14269553954757,0
26.56,0.276568,33.47,62.77738446287803,0
3.92,0.270172,33.47,63.788713735268246,0
-32.01,0.275289,33.47,64.45153217728807,0
-37.6,0.275289,33.47,63.96092557178953,0
-9.0,0.276568,33.47,63.96092557178953,0
39.95,0.275289,33.47,63.96092557178953,0
63.32,0.275289,33.47,63.48228099241551,0
-48.74,0.275289,33.47,63.48228099241551,0
1.72,0.27401,33.47,62.71363488110062,0
0.35,0.27401,33.49,62.289646009589745,0
-34.01,0.275289,33.49,62.71363488110062,0
51.71,0.276568,33.49,63.48228099241551,0
25.81,0.275289,33.49,63.48228099241551,0
-23.97,0.276568,33.49,63.48228099241551,0
15.23,0.276568,33.49,62.5939294181153,0
25.72,0.276568,33.49,63.3798075099633,0
0.08,0.277847,33.49,63.0158710167526,0
-20.82,0.27401,33.49,63.0158710167526,0
17.86,0.27401,33.49,63.48228099241551,0
6.29,0.276568,33.49,63.0158710167526,0
-32.18,0.276568,33.49,63.48228099241551,0
15.26,0.27401,33.49,63.48228099241551,0
6.52,0.27401,33.49,63.48228099241551,0
-29.34,0.272731,33.49,63.48228099241551,0
22.5,0.272731,33.49,63.48228099241551,0
13.04,0.27401,33.49,63.48228099241551,0
-16.91,0.276568,33.49,63.0158710167526,0
0.95,0.275289,33.49,63.0158710167526,0
18.47,0.275289,33.49,63.48228099241551,0
1.0,0.272731,33.5,63.48228099241551,0
-40.05,0.27401,33.5,62.56196927846821,0
19.35,0.272731,33.5,63.34824385884742,0
19.29,0.27401,33.5,62.56196927846821,0
-14.33,0.27401,33.49,63.796551630946325,0
7.86,0.276568,33.49,64.68384651518491,0
12.35,0.27401,33.49,63.0158710167526,0
-4.11,0.275289,33.49,63.45076831686122,0
-33.08,0.276568,33.49,63.45076831686122,0
2.36,0.27401,33.49,63.45076831686122,0
-1.31,0.27401,33.49,63.45076831686122,0
-32.2,0.272731,33.49,63.45076831686122,0
9.68,0.27401,33.5,63.45076831686122,0
17.49,0.272731,33.5,63.48228099241551,0
-48.01,0.270172,33.5,63.0158710167526,0
14.37,0.272731,33.5,63.0158710167526,0
6.36,0.27401,33.49,63.0158710167526,0
-28.21,0.268893,33.49,63.0158710167526,0
24.43,0.27401,33.49,63.0158710167526,0
19.04,0.276568,33.49,64.25729530566937,0
-14.64,0.27401,33.5,63.34824385884742,0
13.92,0.272731,33.5,63.796551630946325,0
12.39,0.270172,33.5,63.796551630946325,0
-8.06,0.272731,33.5,62.5939294181153,0
10.64,0.271451,33.49,62.928530890209096,0
-2.02,0.275289,33.49,63.796551630946325,0
-13.53,0.272731,33.49,63.796551630946325,0
-5.16,0.27401,33.49,63.3798075099633,0
13.48,0.27401,33.5,63.0158710167526,0
-0.31,0.275289,33.5,62.44197306299666,0
-15.82,0.27401,33.5,64.72248450113763,0
15.74,0.27401,33.5,68.0,0
14.52,0.275289,33.49,63.82789358893179,0
-10.81,0.272731,33.49,62.457985878508765,0
37.05,0.275289,33.49,60.382116557802114,0
97.71,0.27401,33.49,63.4428877022476,0
-72.96,0.275289,33.5,63.89053137985315,0
-5.25,0.27401,33.5,62.01612693485461,0
10.71,0.272731,33.5,63.773035054010094,0
17.52,0.27401,33.5,61.47357155721473,0
-8.49,0.272731,33.5,65.85590330410783,0
-26.07,0.275289,33.5,63.41135544995076,0
-74.03,0.271451,33.5,64.76109943476871,0
12.32,0.271451,33.5,62.112800613078136,0
4.38,0.266335,33.5,63.57672530100933,0
-19.19,0.268893,33.5,67.43144666993287,0
-8.99,0.267614,33.5,62.5859409132754,0
-41.51,0.271451,33.5,60.81118318204309,0
54.48,0.271451,33.53,67.0,0
55.93,0.272731,33.53,63.182275995725256,0
130.22,0.272731,33.53,64.66838485689897,0
-66.57,0.272731,33.53,64.07027391856539,0
-36.17,0.272731,33.53,63.095166217389426,0
-7.47,0.27401,33.53,63.3798075099633,0
-59.99,0.27401,33.53,62.94441992742486,0
-90.77,0.272731,33.53,64.389440128021,0
31.79,0.272731,33.53,63.198101237299845,0
33.31,0.275289,33.53,62.44197306299666,0
-20.33,0.275289,33.53,63.198101237299845,0
25.56,0.276568,33.53,63.631753079732135,0
18.02,0.275289,33.5,63.198101237299845,0
-35.79,0.276568,33.5,63.150613615387776,0
34.77,0.279126,33.5,65.27633568147036,0
21.09,0.279126,33.5,61.806148561449774,0
-20.62,0.275289,33.53,62.37788069500277,0
39.94,0.27401,33.53,63.324560795950255,0
74.22,0.271451,33.53,66.73829485385434,0
68.28,0.267614,33.53,66.19667665374146,0
-23.82,0.267614,33.53,64.85368146836385,0
-81.0,0.270172,33.53,66.49060083951716,0
42.98,0.268893,33.53,62.77738446287803,0
-1.53,0.270172,33.53,63.15853069855251,0
-13.86,0.270172,33.5,66.49060083951716,0
1.46,0.268893,33.5,66.19667665374146,0
-31.0,0.270172,33.5,62.20932405998316,0
35.23,0.271451,33.5,62.20128616033595,0
32.27,0.271451,33.53,66.1362230551458,0
-29.58,0.272731,33.53,59.87486951969081,0
16.32,0.27401,33.53,59.941638282582836,0
-26.75,0.27401,33.53,67.4166151627327,0
-38.52,0.276568,33.5,64.69157595854347,0
21.42,0.275289,33.5,65.98484674529449,0
-8.16,0.275289,33.5,61.40032573203501,0
45.67,0.275289,33.5,60.73713855624086,0
43.16,0.275289,33.53,62.32976816898969,0
-18.3,0.275289,33.53,62.25752966509352,0
-10.61,0.275289,33.53,63.97655820689325,0
-5.14,0.267614,33.53,62.40192304729078,0
6.04,0.27401,33.5,64.15605972938177,0
1.53,0.27401,33.5,63.608175575157006,0
-22.67,0.271451,33.5,64.22616289332565,0
30.81,0.272731,33.5,63.88270501473775,0
6.74,0.272731,33.53,63.608175575157006,0
-8.26,0.27401,33.53,63.694583757176716,0
10.63,0.268893,33.53,65.0384501660364,0
-9.78,0.27401,33.53,64.5832795698701,0
-14.72,0.27401,33.53,62.81719509815764,0
9.85,0.272731,33.53,63.071388124885914,0
-2.47,0.272731,33.53,64.20280367709809,0
-23.36,0.270172,33.53,63.74950980203691,0
9.59,0.272731,33.57,62.81719509815764,0
5.84,0.270172,33.57,63.39558344238185,0
-25.86,0.272731,33.57,63.39558344238185,0
10.93,0.270172,33.57,63.631753079732135,0
-7.89,0.270172,33.55,64.20280367709809,0
-7.69,0.271451,33.55,63.631753079732135,0
15.41,0.270172,33.55,62.81719509815764,0
17.4,0.271451,33.55,62.81719509815764,0
1.98,0.270172,33.55,62.81719509815764,0
-10.83,0.272731,33.55,63.39558344238185,0
5.11,0.268893,33.55,64.20280367709809,0
-6.9,0.268893,33.55,63.39558344238185,0
-16.21,0.268893,33.55,63.51377803280167,0
9.7,0.270172,33.55,63.51377803280167,0
-3.85,0.270172,33.55,63.51377803280167,0
-4.78,0.268893,33.55,63.39558344238185,0
3.47,0.270172,33.55,63.51377803280167,0
-10.82,0.262497,33.55,63.39558344238185,0
6.53,0.270172,33.55,62.81719509815764,0
10.75,0.270172,33.55,63.39558344238185,0
-10.68,0.268893,33.57,63.39558344238185,0
17.76,0.266335,33.57,63.39558344238185,0
7.49,0.267614,33.57,63.39558344238185,0
-15.14,0.268893,33.57,63.984373092185564,0
23.61,0.267614,33.55,63.39558344238185,0
5.71,0.270172,33.55,63.39558344238185,0
-22.58,0.267614,33.55,63.39558344238185,0
12.71,0.266335,33.55,64.20280367709809,0
-4.87,0.267614,33.53,63.39558344238185,0
-0.09,0.267614,33.53,63.39558344238185,0
1.1,0.266335,33.53,63.39558344238185,0
-18.84,0.266335,33.53,64.10148204214939,0
18.8,0.266335,33.55,64.20280367709809,0
2.34,0.266335,33.55,63.39558344238185,0
-23.06,0.266335,33.55,63.39558344238185,0
13.23,0.267614,33.55,62.81719509815764,0
-3.06,0.265056,33.55,63.39558344238185,0
-11.64,0.267614,33.55,63.39558344238185,0
11.26,0.265056,33.55,63.39558344238185,0
8.71,0.266335,33.55,63.39558344238185,0
-25.18,0.267614,33.57,63.39558344238185,0
15.66,0.266335,33.57,63.39558344238185,0
6.93,0.265056,33.57,63.984373092185564,0
-15.48,0.265056,33.57,63.39558344238185,0
14.98,0.265056,33.55,62.5939294181153,0
13.22,0.263776,33.55,63.796551630946325,0
-1.44,0.266335,33.55,63.914004725099176,0
-26.85,0.266335,33.55,63.914004725099176,0
10.31,0.266335,33.55,63.30876716537765,0
8.01,0.266335,33.55,63.30876716537765,0
-14.62,0.266335,33.55,63.190189111918315,0
9.22,0.267614,33.55,63.30876716537765,0
7.77,0.266335,33.55,63.30876716537765,0
-2.58,0.265056,33.55,63.914004725099176,0
-30.31,0.265056,33.55,63.914004725099176,0
13.02,0.266335,33.55,63.914004725099176,0
10.44,0.263776,33.57,63.30876716537765,0
-12.83,0.266335,33.57,63.914004725099176,0
4.17,0.265056,33.57,63.914004725099176,0
10.92,0.265056,33.57,62.52199612936234,0
1.92,0.265056,33.57,63.796551630946325,0
-24.99,0.263776,33.57,63.30876716537765,0
16.32,0.265056,33.57,63.30876716537765,0
10.47,0.265056,33.57,63.914004725099176,0
-14.26,0.266335,33.57,63.914004725099176,0
12.74,0.262497,33.57,63.914004725099176,0
5.59,0.263776,33.57,63.30876716537765,0
-12.51,0.262497,33.57,64.69930447848725,0
12.57,0.263776,33.57,62.65780079128216,0
11.82,0.262497,33.57,63.0158710167526,0
-9.21,0.262497,33.57,65.0384501660364,0
5.04,0.263776,33.57,63.221831672294975,0
12.41,0.263776,33.55,71.05631569396206,0
-0.84,0.266335,33.55,66.91786009728644,0
-28.57,0.261218,33.55,58.70264048575669,0
6.49,0.265056,33.55,63.25345840347388,0
3.73,0.261218,33.55,64.27285585688566,0
-22.21,0.259939,33.55,64.07807737440318,0
23.97,0.25866,33.55,64.19501538281614,0
-5.35,0.261218,33.55,64.81512169239521,0
-1.22,0.262497,33.55,63.2771680782255,0
48.58,0.261218,33.55,64.85368146836385,0
20.25,0.261218,33.55,63.2771680782255,0
37.66,0.259939,33.55,63.4428877022476,0
-37.12,0.261218,33.55,64.17164482853778,0
-85.8,0.262497,33.55,64.17164482853778,0
22.79,0.253543,33.55,64.17164482853778,0
-13.61,0.259939,33.55,64.17164482853778,0
-49.57,0.259939,33.55,64.17164482853778,0
14.43,0.25866,33.55,64.17164482853778,0
11.12,0.261218,33.55,64.47480127925948,0
-13.89,0.25866,33.55,64.47480127925948,0
23.31,0.261218,33.53,64.47480127925948,0
15.78,0.257381,33.53,64.389440128021,0
-6.53,0.25866,33.53,64.17164482853778,0
12.24,0.259939,33.53,64.47480127925948,0
12.46,0.257381,33.55,64.47480127925948,0
-7.89,0.25866,33.55,64.47480127925948,0
5.54,0.254822,33.55,64.17164482853778,0
8.09,0.257381,33.55,64.47480127925948,0
-7.65,0.256101,33.53,64.17164482853778,0
4.11,0.25866,33.53,64.17164482853778,0
8.91,0.256101,33.53,64.17164482853778,0
-5.49,0.256101,33.53,63.221831672294975,0
-5.12,0.256101,33.55,64.17164482853778,0
9.92,0.257381,33.55,64.17164482853778,0
-3.96,0.257381,33.55,64.17164482853778,0
-14.44,0.256101,33.55,64.47480127925948,0
9.08,0.257381,33.53,64.17164482853778,0
-1.27,0.254822,33.53,64.17164482853778,0
-17.06,0.256101,33.53,64.17164482853778,0
3.87,0.254822,33.53,64.17164482853778,0
-3.57,0.256101,33.57,64.17164482853778,0
-6.23,0.256101,33.57,64.17164482853778,0
4.16,0.254822,33.57,64.17164482853778,0
-9.76,0.257381,33.57,64.17164482853778,0
1.79,0.256101,33.55,64.17164482853778,0
11.13,0.25866,33.55,64.17164482853778,0
-8.08,0.256101,33.55,64.17164482853778,0
5.57,0.257381,33.55,64.17164482853778,0
13.07,0.256101,33.55,64.17164482853778,0
-3.76,0.25866,33.55,64.17164482853778,0
-0.05,0.256101,33.55,64.17164482853778,0
10.96,0.254822,33.55,64.17164482853778,0
-0.07,0.256101,33.55,64.17164482853778,0
-19.7,0.254822,33.55,64.17164482853778,0
10.27,0.254822,33.55,63.88270501473775,0
3.24,0.250985,33.55,63.88270501473775,0
-22.06,0.257381,33.53,63.88270501473775,0
11.25,0.256101,33.53,63.88270501473775,0
5.14,0.256101,33.53,63.88270501473775,0
-24.46,0.254822,33.53,63.88270501473775,0
14.6,0.256101,33.55,63.88270501473775,0
3.57,0.254822,33.55,63.88270501473775,0
-25.17,0.254822,33.55,63.608175575157006,0
16.93,0.254822,33.55,63.88270501473775,0
9.95,0.249705,33.57,63.88270501473775,0
-16.76,0.257381,33.57,63.88270501473775,0
17.87,0.256101,33.57,63.88270501473775,0
14.19,0.257381,33.57,63.88270501473775,0
-11.31,0.256101,33.55,64.17164482853778,0
16.13,0.256101,33.55,63.88270501473775,0
14.84,0.254822,33.55,63.88270501473775,0
-4.36,0.254822,33.55,63.88270501473775,0
4.54,0.253543,33.57,63.88270501473775,0
7.76,0.256101,33.57,63.88270501473775,0
-7.22,0.254822,33.57,63.88270501473775,0
6.23,0.254822,33.57,63.984373092185564,0
9.82,0.256101,33.57,63.88270501473775,0
-10.26,0.253543,33.57,63.88270501473775,0
7.85,0.254822,33.57,63.608175575157006,0
12.59,0.254822,33.57,63.7102817447859,0
-5.51,0.254822,33.59,63.88270501473775,0
-1.51,0.252264,33.59,63.7102817447859,0
12.79,0.249705,33.59,63.7102817447859,0
1.43,0.252264,33.59,63.984373092185564,0
-25.64,0.253543,33.59,63.88270501473775,0
9.84,0.254822,33.59,63.984373092185564,0
9.3,0.254822,33.59,63.984373092185564,0
-14.66,0.250985,33.59,63.984373092185564,0
15.74,0.253543,33.57,63.984373092185564,0
8.68,0.253543,33.57,63.984373092185564,0
-8.21,0.253543,33.57,63.984373092185564,0
-0.81,0.252264,33.57,63.88270501473775,0
8.28,0.253543,33.59,64.17164482853778,0
-7.19,0.253543,33.59,64.17164482853778,0
-23.38,0.250985,33.59,64.17164482853778,0
6.74,0.253543,33.59,64.17164482853778,0
-1.78,0.252264,33.61,63.221831672294975,0
-26.56,0.252264,33.61,64.17164482853778,0
10.71,0.245868,33.61,64.17164482853778,0
6.09,0.252264,33.61,64.17164482853778,0
-19.2,0.254822,33.63,64.17164482853778,0
19.88,0.253543,33.63,64.17164482853778,0
12.38,0.252264,33.63,64.17164482853778,0
-9.65,0.249705,33.63,64.17164482853778,0
14.13,0.252264,33.61,64.17164482853778,0
5.51,0.250985,33.61,64.08587988004847,0
-15.18,0.252264,33.61,64.17164482853778,0
14.07,0.244589,33.61,64.17164482853778,0
8.62,0.252264,33.65,64.17164482853778,0
-13.21,0.252264,33.65,64.17164482853778,0
5.52,0.252264,33.65,64.17164482853778,0
12.34,0.253543,33.65,64.17164482853778,0
-5.1,0.252264,33.65,64.17164482853778,0
-19.48,0.250985,33.65,64.17164482853778,0
10.79,0.248426,33.65,64.17164482853778,0
4.01,0.250985,33.65,64.17164482853778,0
-23.4,0.245868,33.66,64.08587988004847,0
13.78,0.250985,33.66,64.08587988004847,0
12.83,0.253543,33.66,64.17164482853778,0
-9.87,0.250985,33.66,64.17164482853778,0
4.38,0.250985,33.66,64.08587988004847,0
11.44,0.250985,33.66,64.17164482853778,0
0.65,0.252264,33.66,63.88270501473775,0
-20.4,0.252264,33.66,63.796551630946325,0
4.17,0.252264,33.66,64.17164482853778,0
2.35,0.250985,33.66,63.796551630946325,0
-27.87,0.249705,33.66,64.17164482853778,0
9.23,0.252264,33.66,63.796551630946325,0
3.08,0.250985,33.68,63.88270501473775,0
-30.63,0.250985,33.68,63.88270501473775,0
13.22,0.250985,33.68,63.88270501473775,0
9.79,0.252264,33.68,64.17164482853778,0
-18.5,0.250985,33.68,64.17164482853778,0
18.63,0.253543,33.68,63.88270501473775,0
14.81,0.252264,33.68,63.88270501473775,0
-10.56,0.250985,33.68,63.88270501473775,0
-4.11,0.250985,33.71,63.88270501473775,0
16.82,0.249705,33.71,63.88270501473775,0
5.01,0.249705,33.71,64.17164482853778,0
-22.55,0.249705,33.71,64.17164482853778,0
13.34,0.250985,33.68,63.88270501473775,0
9.28,0.249705,33.68,64.17164482853778,0
-12.03,0.248426,33.68,63.88270501473775,0
12.3,0.249705,33.68,63.88270501473775,0
10.78,0.250985,33.71,63.88270501473775,0
-11.42,0.250985,33.71,63.88270501473775,0
1.15,0.249705,33.71,63.88270501473775,0
12.78,0.249705,33.71,63.88270501473775,0
-8.18,0.249705,33.73,63.88270501473775,0
-16.97,0.250985,33.73,63.88270501473775,0
11.67,0.249705,33.73,63.88270501473775,0
2.18,0.248426,33.73,63.88270501473775,0
-27.85,0.248426,33.73,63.88270501473775,0
13.45,0.248426,33.73,63.88270501473775,0
8.01,0.249705,33.73,64.17164482853778,0
-21.47,0.249705,33.73,63.88270501473775,0
16.42,0.249705,33.73,63.88270501473775,0
11.49,0.248426,33.73,63.88270501473775,0
-9.89,0.247147,33.73,63.88270501473775,0
16.22,0.248426,33.73,63.88270501473775,0
9.04,0.247147,33.73,63.796551630946325,0
-13.14,0.248426,33.73,63.796551630946325,0
10.33,0.24203,33.73,63.88270501473775,0
8.35,0.249705,33.73,63.88270501473775,0
-11.5,0.247147,33.77,63.608175575157006,0
-0.56,0.249705,33.77,63.88270501473775,0
9.73,0.248426,33.77,63.88270501473775,0
-1.35,0.247147,33.77,63.608175575157006,0
-24.83,0.248426,33.79,63.608175575157006,0
10.95,0.245868,33.79,63.608175575157006,0
5.36,0.247147,33.79,63.88270501473775,0
-21.25,0.245868,33.79,63.88270501473775,0
17.05,0.248426,33.77,63.88270501473775,0
13.79,0.240751,33.77,63.88270501473775,0
-7.89,0.247147,33.77,63.88270501473775,0
-2.01,0.247147,33.77,63.608175575157006,0
10.59,0.245868,33.79,63.88270501473775,0
-0.71,0.249705,33.79,63.608175575157006,0
-22.25,0.245868,33.79,63.608175575157006,0
4.39,0.248426,33.79,63.608175575157006,0
2.87,0.245868,33.81,63.608175575157006,0
-25.64,0.248426,33.81,63.608175575157006,0
8.43,0.247147,33.81,63.34824385884742,0
6.43,0.247147,33.81,63.88270501473775,0
-21.94,0.247147,33.79,63.88270501473775,0
13.63,0.247147,33.79,63.88270501473775,0
11.63,0.247147,33.79,63.608175575157006,0
-12.82,0.247147,33.79,63.88270501473775,0
15.42,0.248426,33.81,63.88270501473775,0
16.26,0.245868,33.81,63.608175575157006,0
-5.12,0.245868,33.81,63.608175575157006,0
-4.6,0.24331,33.81,63.88270501473775,0
10.99,0.245868,33.79,63.608175575157006,0
2.86,0.247147,33.79,63.608175575157006,0
-22.41,0.245868,33.79,63.608175575157006,0
6.78,0.245868,33.79,64.56779382943171,0
8.17,0.244589,33.81,63.608175575157006,0
-12.93,0.248426,33.81,63.608175575157006,0
13.86,0.245868,33.81,63.608175575157006,0
8.16,0.247147,33.81,63.608175575157006,0
-17.7,0.245868,33.83,63.608175575157006,0
13.04,0.247147,33.83,63.608175575157006,0
11.5,0.244589,33.83,63.608175575157006,0
-8.99,0.245868,33.83,63.608175575157006,0
3.11,0.245868,33.83,63.608175575157006,0
11.87,0.244589,33.83,63.608175575157006,0
-0.35,0.245868,33.83,63.608175575157006,0
-25.25,0.244589,33.83,63.608175575157006,0
11.52,0.247147,33.83,63.608175575157006,0
6.89,0.247147,33.83,63.88270501473775,0
-14.63,0.247147,33.83,63.88270501473775,0
15.4,0.247147,33.83,63.608175575157006,0
13.02,0.244589,33.84,63.608175575157006,0
-2.22,0.245868,33.84,63.608175575157006,0
-12.42,0.245868,33.84,63.608175575157006,0
7.27,0.24331,33.84,63.608175575157006,0
-0.53,0.244589,33.87,63.608175575157006,0
-28.14,0.247147,33.87,63.608175575157006,0
6.92,0.244589,33.87,63.608175575157006,0
2.93,0.244589,33.87,63.88270501473775,0
-24.33,0.244589,33.84,63.608175575157006,0
15.58,0.247147,33.84,63.608175575157006,0
11.13,0.245868,33.84,63.52164985262898,0
-14.55,0.244589,33.84,63.608175575157006,0
13.43,0.24331,33.87,63.52164985262898,0
15.78,0.24331,33.87,63.608175575157006,0
-1.85,0.244589,33.87,63.608175575157006,0
-18.8,0.244589,33.87,63.608175575157006,0
12.31,0.244589,33.89,63.88270501473775,0
4.27,0.245868,33.89,63.796551630946325,0
-15.67,0.244589,33.89,63.608175575157006,0
14.82,0.245868,33.89,63.52164985262898,0
13.48,0.245868,33.91,63.608175575157006,0
-8.91,0.245868,33.91,63.608175575157006,0
-8.03,0.24331,33.91,63.608175575157006,0
7.02,0.244589,33.91,64.56779382943171,0
-5.15,0.244589,33.89,63.608175575157006,0
-28.1,0.245868,33.89,63.608175575157006,0
8.58,0.245868,33.89,63.608175575157006,0
5.46,0.244589,33.89,63.608175575157006,0
-22.14,0.245868,33.91,63.608175575157006,0
13.27,0.244589,33.91,63.608175575157006,0
14.02,0.239472,33.91,63.608175575157006,0
-11.17,0.245868,33.91,63.608175575157006,0
7.41,0.244589,33.93,63.52164985262898,0
15.55,0.245868,33.93,63.88270501473775,0
-0.65,0.24203,33.93,63.608175575157006,0
-23.28,0.24331,33.93,63.608175575157006,0
9.67,0.240751,33.93,63.608175575157006,0
6.88,0.244589,33.93,63.88270501473775,0
-13.37,0.24203,33.93,63.608175575157006,0
13.57,0.24331,33.93,63.608175575157006,0
11.1,0.236914,33.93,64.56779382943171,0
-14.31,0.24331,33.93,63.34824385884742,0
9.42,0.244589,33.93,63.608175575157006,0
10.77,0.24203,33.93,63.608175575157006,0
-3.67,0.24331,33.95,63.34824385884742,0
-20.16,0.240751,33.95,63.608175575157006,0
10.16,0.24203,33.95,63.7102817447859,0
5.28,0.24203,33.95,63.7102817447859,0
-24.15,0.244589,33.95,64.66838485689897,0
15.31,0.238193,33.95,63.7102817447859,0
15.92,0.24203,33.95,63.7102817447859,0
-10.58,0.24331,33.95,63.45076831686122,0
0.87,0.24203,33.93,63.7102817447859,0
14.72,0.24331,33.93,63.984373092185564,0
1.42,0.24203,33.93,63.984373092185564,0
-23.5,0.24203,33.93,64.27285585688566,0
9.35,0.240751,33.97,63.984373092185564,0
6.66,0.244589,33.97,62.465990746965666,0
-10.48,0.240751,33.97,63.03967004989794,0
10.14,0.24331,33.97,68.52736679604726,0
5.86,0.24331,33.97,64.91532946846992,0
-7.4,0.244589,33.97,58.42088667591412,0
19.28,0.245868,33.97,61.326992425847855,0
124.2,0.244589,33.97,65.13063795173512,0
117.08,0.244589,33.99,62.71363488110062,0
-1.8,0.244589,33.99,64.45928947793328,0
-330.48,0.245868,33.99,64.10928169929842,0
-51.57,0.24203,33.99,62.68173577685928,0
-75.68,0.244589,34.0,58.215118311311535,0
-1.3,0.250985,34.0,81.19729059519166,0
33.33,0.276568,34.0,46.33573135281238,0
46.59,0.254822,34.0,60.909769331364245,0
-6.83,0.252264,34.03,62.27358990776106,0
-86.98,0.252264,34.03,63.76519426771944,0
-81.65,0.252264,34.03,60.81118318204309,0
151.81,0.253543,34.03,61.106464469808756,0
-33.65,0.252264,34.0,62.68173577685928,0
16.59,0.253543,34.0,62.545983084447556,0
43.9,0.252264,34.0,63.03967004989794,0
-26.68,0.253543,34.0,65.49045732013177,0
8.18,0.252264,34.05,60.94259594077036,0
-72.89,0.252264,34.05,61.196405123176966,0
-10.46,0.249705,34.05,65.06919393998976,0
99.74,0.250985,34.05,62.24949798994366,0
-25.81,0.250985,34.03,63.31666447310692,0
-200.33,0.250985,34.03,59.50630218724736,0
43.26,0.249705,34.03,58.497863208838666,0
22.64,0.271451,34.03,67.0,0
-23.85,0.305989,34.05,53.33854141237835,0
54.33,0.263776,34.05,66.46803743153546,0
83.5,0.25866,34.05,62.24949798994366,0
-112.81,0.256101,34.05,64.39720490828775,0
38.61,0.256101,34.07,64.82283548256741,0
23.37,0.257381,34.07,63.0,0
-197.79,0.254822,34.07,62.44197306299666,0
-9.9,0.254822,34.07,63.20601237224193,0
28.93,0.254822,34.07,64.28841264178172,0
20.74,0.254822,34.07,61.84658438426491,0
30.48,0.253543,34.07,63.58458932791813,0
19.71,0.253543,34.07,63.75735251718032,0
7.67,0.253543,34.07,63.75735251718032,0
7.28,0.254822,34.07,62.489999199871974,0
-25.63,0.256101,34.07,63.75735251718032,0
9.59,0.256101,34.07,62.83311228962003,0
-9.74,0.25866,34.09,62.83311228962003,0
0.39,0.257381,34.09,63.190189111918315,0
11.28,0.25866,34.09,62.83311228962003,0
-20.77,0.257381,34.09,62.83311228962003,0
25.81,0.25866,34.09,62.81719509815764,0
13.92,0.257381,34.09,64.31174076325411,0
-27.34,0.252264,34.09,58.18934610390462,0
15.98,0.252264,34.09,66.30987860040162,0
13.65,0.252264,34.11,70.75309180523492,0
-3.4,0.261218,34.11,55.71355310873648,0
102.0,0.256101,34.11,60.174745533321534,0
-76.37,0.25866,34.11,66.96267617113283,0
-101.69,0.261218,34.13,62.120849961989414,0
-57.21,0.261218,34.13,62.71363488110062,0
185.12,0.261218,34.13,63.54525946126902,0
-2.28,0.262497,34.13,63.85138996137829,0
-13.42,0.261218,34.11,62.68173577685928,0
-125.92,0.259939,34.11,63.41135544995076,0
-191.69,0.25866,34.11,62.849025449882674,0
60.78,0.25866,34.11,63.103090257134,0
30.32,0.257381,34.11,63.51377803280167,0
-18.5,0.252264,34.11,63.592452382338585,0
17.04,0.259939,34.11,67.03730304837748,0
9.45,0.257381,34.11,61.78996682310163,0
-21.72,0.257381,34.11,61.98386886924694,0
65.93,0.257381,34.11,63.0,0
72.28,0.254822,34.11,64.42049363362563,0
10.99,0.254822,34.11,63.75735251718032,0
-55.38,0.253543,34.15,62.8728876384726,0
-87.43,0.256101,34.15,61.69278726074872,0
-38.51,0.256101,34.15,63.30876716537765,0
13.53,0.253543,34.15,63.30876716537765,0
22.36,0.256101,34.11,63.4428877022476,0
-30.5,0.254822,34.11,62.313722405261586,0
-6.26,0.254822,34.11,64.13267497929586,0
-7.57,0.250985,34.11,62.96824596572466,0
-49.63,0.253543,34.11,62.96824596572466,0
-33.86,0.253543,34.11,63.33245613427605,0
34.43,0.252264,34.11,63.166446789415026,0
15.02,0.247147,34.11,63.33245613427605,0
-70.01,0.252264,34.13,63.20601237224193,0
20.03,0.252264,34.13,63.74950980203691,0
42.24,0.247147,34.13,62.177166226839255,0
8.04,0.265056,34.13,74.47147104764348,0
80.35,0.322618,34.15,58.31809324729333,0
113.57,0.280406,34.15,65.03076195155643,0
-16.49,0.265056,34.15,65.00769185258002,0
-35.05,0.263776,34.15,65.68865959965997,0
-7.18,0.263776,34.13,62.37788069500277,0
225.01,0.265056,34.13,69.75672010638115,0
-71.82,0.27401,34.13,72.58787777583802,0
-104.99,0.259939,34.13,61.40846847137616,0
66.73,0.259939,34.13,66.03786792439622,0
86.25,0.249705,34.13,62.42595614005443,0
-189.88,0.257381,34.13,62.27358990776106,0
-25.48,0.257381,34.13,63.72597586541927,0
-55.74,0.256101,34.15,61.644140029689765,0
-126.12,0.256101,34.15,64.15605972938177,0
48.6,0.256101,34.15,60.44832503882965,0
-17.79,0.257381,34.15,62.25752966509352,0
50.61,0.253543,34.15,62.39390995922599,0
54.8,0.252264,34.15,60.6217782649107,0
49.29,0.245868,34.15,69.32532004974806,0
-22.12,0.253543,34.15,65.58963332722634,0
-81.62,0.252264,34.15,58.83026432033091,0
-18.35,0.253543,34.15,54.817880294662984,0
152.49,0.253543,34.15,65.01538279515087,0
-60.21,0.253543,34.15,63.608175575157006,0
-56.64,0.252264,34.13,63.229739838148944,0
388.11,0.253543,34.13,62.20128616033595,0
-63.09,0.252264,34.13,63.4428877022476,0
-143.39,0.250985,34.13,63.324560795950255,0
-27.6,0.252264,34.16,63.631753079732135,0
-8.78,0.252264,34.16,66.0,0
-60.17,0.252264,34.16,62.68173577685928,0
37.05,0.248426,34.16,64.389440128021,0
134.33,0.250985,34.16,63.97655820689325,0
-33.05,0.250985,34.16,62.49799996799898,0
-60.61,0.252264,34.16,62.353829072479584,0
-29.91,0.250985,34.16,62.27358990776106,0
-59.9,0.250985,34.16,63.35613624582863,0
73.06,0.252264,34.16,64.51356446515724,0
88.42,0.250985,34.16,63.35613624582863,0
13.79,0.253543,34.16,63.35613624582863,0
-76.61,0.248426,34.16,63.190189111918315,0
0.92,0.252264,34.16,63.190189111918315,0
21.11,0.245868,34.16,63.474404290233394,0
-47.73,0.250985,34.16,63.03967004989794,0
65.02,0.250985,34.18,62.78534860936905,0
52.62,0.250985,34.18,60.93439094632849,0
-1.06,0.250985,34.18,63.72597586541927,0
-0.76,0.248426,34.18,62.71363488110062,0
9.49,0.249705,34.16,63.198101237299845,0
-25.32,0.248426,34.16,62.90468980926621,0
-79.31,0.248426,34.16,62.20128616033595,0
-11.07,0.245868,34.16,55.86591089385369,0
-5.3,0.256101,34.16,72.15261603018979,0
-77.12,0.302152,34.16,63.76519426771944,0
-68.38,0.254822,34.16,54.680892457969264,0
94.47,0.253543,34.16,64.85368146836385,0
-44.9,0.250985,34.18,64.42049363362563,0
56.81,0.252264,34.18,63.20601237224193,0
231.49,0.24331,34.18,61.554853586049575,0
-130.32,0.249705,34.18,64.04685784642366,0
-82.32,0.244589,34.21,62.048368229954285,0
-21.04,0.250985,34.21,64.45153217728807,0
-20.59,0.248426,34.21,60.00833275470999,0
68.36,0.250985,34.21,64.64518543557594,0
44.75,0.249705,34.18,65.7723346096214,0
-16.63,0.250985,34.18,62.56196927846821,0
71.11,0.250985,34.18,62.12889826803627,0
24.05,0.249705,34.18,65.58200972827838,0
-102.55,0.250985,34.21,61.814237842102365,0
-113.04,0.250985,34.21,60.54750201288241,0
-3.34,0.250985,34.21,65.7723346096214,0
39.64,0.248426,34.21,61.56297588648554,0
102.69,0.249705,34.21,63.72597586541927,0
66.21,0.249705,34.21,62.49799996799898,0
-9.85,0.250985,34.21,65.98484674529449,0
-32.51,0.249705,34.21,62.617888817813075,0
64.91,0.250985,34.18,63.06346010171025,0
9.71,0.250985,34.18,63.324560795950255,0
-112.73,0.24331,34.18,62.65780079128216,0
-198.14,0.249705,34.18,63.0,0
75.77,0.24331,34.21,63.0,0
30.96,0.250985,34.21,63.419239982831705,0
-6.52,0.249705,34.21,62.65780079128216,0
11.72,0.248426,34.21,62.65780079128216,0
23.19,0.247147,34.21,63.92182725798755,0
-10.51,0.249705,34.21,62.65780079128216,0
22.42,0.249705,34.21,62.65780079128216,0
25.92,0.250985,34.21,63.92182725798755,0
-11.22,0.253543,34.21,62.65780079128216,0
20.77,0.250985,34.21,63.58458932791813,0
24.94,0.252264,34.21,62.65780079128216,0
-5.3,0.245868,34.21,62.32976816898969,0
-5.08,0.252264,34.23,62.120849961989414,0
17.06,0.250985,34.23,62.26556030423239,0
4.63,0.249705,34.23,62.26556030423239,0
-31.11,0.248426,34.23,63.182275995725256,0
24.49,0.250985,34.23,63.182275995725256,0
-11.01,0.250985,34.23,62.82515419798029,0
-21.04,0.248426,34.23,63.733821476512766,0
11.98,0.249705,34.23,63.733821476512766,0
5.26,0.249705,34.23,62.82515419798029,0
-32.37,0.250985,34.23,63.733821476512766,0
15.94,0.249705,34.23,62.465990746965666,0
5.02,0.249705,34.23,63.733821476512766,0
-40.38,0.24331,34.23,62.82515419798029,0
13.98,0.249705,34.23,63.733821476512766,0
6.05,0.245868,34.23,62.465990746965666,0
-37.28,0.247147,34.23,63.733821476512766,0
13.77,0.247147,34.25,63.182275995725256,0
5.98,0.249705,34.25,63.50590523722971,0
-31.67,0.248426,34.25,63.03967004989794,0
21.18,0.247147,34.25,63.4428877022476,0
42.94,0.249705,34.21,63.50590523722971,0
42.44,0.247147,34.21,62.56196927846821,0
-121.57,0.248426,34.21,63.702433234531945,0
3.12,0.248426,34.21,62.76145313805282,0
6.03,0.248426,34.21,62.76145313805282,0
26.19,0.248426,34.21,62.76145313805282,0
10.89,0.248426,34.21,62.76145313805282,0
-18.67,0.248426,34.21,62.76145313805282,0
20.89,0.247147,34.21,62.76145313805282,0
11.08,0.249705,34.21,63.702433234531945,0
-27.6,0.24331,34.21,63.25345840347388,0
12.42,0.247147,34.21,63.702433234531945,0
16.56,0.247147,34.21,62.76145313805282,0
-6.54,0.252264,34.21,62.76145313805282,0
26.94,0.249705,34.21,62.76145313805282,0
7.24,0.249705,34.21,62.76145313805282,0
-38.13,0.248426,34.21,63.50590523722971,0
6.57,0.250985,34.21,63.4428877022476,0
27.99,0.249705,34.21,62.297672508690084,0
6.23,0.249705,34.21,63.245553203367585,0
-10.31,0.248426,34.21,63.4428877022476,0
21.27,0.250985,34.21,63.4428877022476,0
11.46,0.249705,34.21,62.49799996799898,0
-36.53,0.249705,34.21,62.49799996799898,0
3.84,0.249705,34.21,63.4428877022476,0
8.45,0.249705,34.21,62.49799996799898,0
-35.98,0.248426,34.21,62.76145313805282,0
17.78,0.245868,34.21,62.49799996799898,0
12.79,0.248426,34.21,64.85368146836385,0
-28.86,0.248426,34.21,65.30696746902278,0
25.11,0.248426,34.21,63.324560795950255,0
26.59,0.249705,34.21,61.39218191268331,0
30.51,0.249705,34.16,62.76145313805282,0
221.48,0.250985,34.16,63.773035054010094,0
-47.15,0.249705,34.16,62.120849961989414,0
-50.91,0.250985,34.16,62.07253821135398,0
-38.74,0.249705,34.18,65.18435395092905,0
-62.34,0.249705,34.18,64.10928169929842,0
-18.44,0.247147,34.18,65.85590330410783,0
34.37,0.249705,34.18,61.40846847137616,0
-5.59,0.244589,34.18,61.54673021371647,0
22.75,0.250985,34.18,66.76076692189807,0
-35.72,0.249705,34.18,60.07495318350236,0
-24.3,0.249705,34.18,63.608175575157006,0
-36.62,0.250985,34.16,63.45864795282043,0
3.07,0.249705,34.16,62.8728876384726,0
-40.13,0.250985,34.16,59.782940710540494,0
-178.24,0.249705,34.16,62.01612693485461,0
69.4,0.250985,34.18,63.06346010171025,0
117.14,0.249705,34.18,61.814237842102365,0
104.24,0.254822,34.18,57.323642591866054,0
174.52,0.252264,34.18,71.62401831787993,0
-166.79,0.249705,34.18,61.82232606429493,0
17.13,0.248426,34.18,65.49045732013177,0
34.7,0.248426,34.18,64.1482657598785,0
73.31,0.249705,34.18,63.788713735268246,0
57.31,0.247147,34.18,62.49799996799898,0
-71.06,0.252264,34.18,63.788713735268246,0
-23.32,0.248426,34.18,61.84658438426491,0
-17.47,0.248426,34.18,60.54750201288241,0
-18.44,0.247147,34.15,63.984373092185564,0
6.87,0.248426,34.15,65.09992319503918,0
56.5,0.248426,34.15,62.63385665915839,0
53.2,0.249705,34.15,62.81719509815764,0
-50.31,0.248426,34.15,62.81719509815764,0
-254.24,0.249705,34.15,62.63385665915839,0
66.79,0.250985,34.15,62.96824596572466,0
73.2,0.249705,34.15,62.63385665915839,0
8.73,0.249705,34.15,62.78534860936905,0
13.92,0.250985,34.15,62.63385665915839,0
33.09,0.249705,34.15,62.96824596572466,0
4.09,0.249705,34.15,62.78534860936905,0
3.36,0.249705,34.16,62.96824596572466,0
20.36,0.248426,34.16,62.96824596572466,0
-3.45,0.249705,34.16,62.96824596572466,0
-0.55,0.250985,34.16,63.788713735268246,0
13.61,0.249705,34.16,62.96824596572466,0
-11.27,0.249705,34.16,62.96824596572466,0
7.69,0.249705,34.16,62.96824596572466,0
19.02,0.250985,34.16,62.96824596572466,0
-1.77,0.249705,34.15,62.96824596572466,0
-1.38,0.252264,34.15,62.96824596572466,0
14.13,0.24203,34.15,62.78534860936905,0
-4.79,0.248426,34.15,62.95236294214857,0
-19.46,0.248426,34.13,62.95236294214857,0
5.37,0.248426,34.13,62.78534860936905,0
3.26,0.249705,34.13,62.78534860936905,0
-18.21,0.249705,34.13,62.78534860936905,0
12.54,0.248426,34.13,62.78534860936905,0
9.84,0.248426,34.13,62.78534860936905,0
-12.87,0.247147,34.13,62.95236294214857,0
22.56,0.248426,34.13,62.78534860936905,0
6.33,0.249705,34.16,62.78534860936905,0
-22.13,0.248426,34.16,62.78534860936905,0
6.08,0.249705,34.16,62.78534860936905,0
10.87,0.248426,34.16,63.13477647065839,0
-14.43,0.249705,34.15,64.10148204214939,0
2.61,0.249705,34.15,63.13477647065839,0
11.17,0.248426,34.15,63.13477647065839,0
-12.98,0.248426,34.15,63.13477647065839,0
-2.21,0.248426,34.13,62.95236294214857,0
5.62,0.249705,34.13,62.95236294214857,0
-24.13,0.248426,34.13,62.95236294214857,0
28.93,0.248426,34.13,62.95236294214857,0
33.01,0.247147,34.13,62.78534860936905,0
-22.08,0.248426,34.13,62.78534860936905,0
-46.29,0.245868,34.13,62.78534860936905,0
5.8,0.248426,34.13,62.95236294214857,0
4.71,0.247147,34.13,62.95236294214857,0
-29.02,0.249705,34.13,67.00746227100382,0
8.4,0.24203,34.13,63.3798075099633,0
1.98,0.248426,34.13,64.56779382943171,0
23.97,0.249705,34.13,62.489999199871974,0
185.97,0.249705,34.13,65.18435395092905,0
117.55,0.247147,34.13,63.14269553954757,0
-398.94,0.247147,34.13,62.52199612936234,0
-227.54,0.245868,34.11,64.01562309311689,0
40.02,0.24331,34.11,64.01562309311689,0
65.33,0.247147,34.11,60.340699366182356,0
57.78,0.244589,34.11,63.33245613427605,0
6.67,0.247147,34.13,64.17164482853778,0
85.47,0.244589,34.13,62.27358990776106,0
206.29,0.24331,34.13,61.326992425847855,0
-6.61,0.239472,34.13,63.72597586541927,0
-152.62,0.236914,34.11,62.40192304729078,0
-91.92,0.248426,34.11,62.74551776820397,0
-60.37,0.25866,34.11,65.34523701081817,0
49.39,0.245868,34.11,57.07889277132134,0
-36.5,0.244589,34.11,63.7102817447859,0
-52.43,0.247147,34.11,63.20601237224193,0
100.56,0.245868,34.11,61.538605769061746,0
295.79,0.245868,34.11,62.8728876384726,0
-78.88,0.245868,34.09,63.103090257134,0
-88.03,0.248426,34.09,62.849025449882674,0
8.41,0.247147,34.09,63.13477647065839,0
-59.88,0.245868,34.09,63.324560795950255,0
97.0,0.239472,34.11,62.14499175315739,0
-100.86,0.245868,34.11,62.52199612936234,0
7.64,0.247147,34.11,63.06346010171025,0
34.74,0.245868,34.11,63.20601237224193,0
71.38,0.248426,34.13,63.103090257134,0
38.06,0.247147,34.13,63.103090257134,0
-13.05,0.248426,34.13,64.7688196588451,0
25.16,0.247147,34.13,65.19202405202648,0
0.21,0.249705,34.16,61.603571325045756,0
-42.94,0.249705,34.16,63.608175575157006,0
19.38,0.247147,34.16,63.671029518926424,0
24.21,0.245868,34.16,62.928530890209096,0
24.81,0.244589,34.13,61.53048025166064,0
-2.18,0.244589,34.13,61.326992425847855,0
-52.09,0.244589,34.13,62.07253821135398,0
-53.92,0.245868,34.13,61.0163912403872,0
48.65,0.245868,34.15,64.29618962271404,0
-11.27,0.247147,34.15,62.68173577685928,0
5.19,0.248426,34.15,63.53739056650029,0
-34.68,0.245868,34.15,63.53739056650029,0
-102.44,0.247147,34.15,63.53739056650029,0
29.53,0.247147,34.15,63.2771680782255,0
50.9,0.245868,34.15,63.2771680782255,0
1.96,0.245868,34.15,63.2771680782255,0
-0.33,0.245868,34.15,63.2771680782255,0
27.23,0.244589,34.15,63.2771680782255,0
1.26,0.247147,34.15,62.52199612936234,0
5.56,0.247147,34.15,63.88270501473775,0
23.6,0.245868,34.15,63.88270501473775,0
-0.77,0.249705,34.15,63.13477647065839,0
-6.75,0.245868,34.15,62.52199612936234,0
14.66,0.245868,34.15,63.39558344238185,0
-8.38,0.247147,34.15,63.13477647065839,0
-1.8,0.247147,34.15,63.13477647065839,0
16.91,0.24203,34.15,63.13477647065839,0
-10.81,0.245868,34.15,63.13477647065839,0
-10.64,0.244589,34.16,63.13477647065839,0
15.75,0.245868,34.16,62.52199612936234,0
-4.36,0.247147,34.16,62.52199612936234,0
-34.74,0.245868,34.16,63.13477647065839,0
15.7,0.245868,34.15,62.52199612936234,0
2.19,0.247147,34.15,63.88270501473775,0
-34.5,0.247147,34.15,63.2771680782255,0
23.88,0.247147,34.15,63.2771680782255,0
14.71,0.245868,34.15,63.2771680782255,0
-15.45,0.244589,34.15,62.52199612936234,0
14.95,0.245868,34.15,63.88270501473775,0
15.34,0.24331,34.15,63.13477647065839,0
-6.23,0.245868,34.15,63.13477647065839,0
-16.87,0.245868,34.15,63.2771680782255,0
6.25,0.244589,34.15,62.8728876384726,0
-6.6,0.245868,34.15,62.297672508690084,0
-26.95,0.244589,34.13,62.048368229954285,0
6.12,0.248426,34.13,62.369864518050704,0
-24.59,0.244589,34.13,67.72001181334805,0
-16.67,0.244589,34.13,66.11353870426238,0
27.97,0.24331,34.15,57.148928248918196,0
-7.92,0.245868,34.15,62.56196927846821,0
-1.03,0.244589,34.15,59.782940710540494,0
144.49,0.24331,34.15,50.38849074937649,0
-13.14,0.24331,34.13,70.2922470831599,0
-174.28,0.245868,34.13,53.1224999411737,0
-23.55,0.249705,34.13,49.73932046178355,0
101.87,0.247147,34.13,46.62617290749907,0
-233.03,0.249705,34.16,54.01851534427802,0
102.89,0.252264,34.16,76.76587783644501,0
25.48,0.252264,34.16,65.92419889539804,0
64.66,0.254822,34.16,44.339598554790726,0
18.84,0.257381,34.15,66.24198064671678,0
-32.72,0.257381,34.15,77.6273147803014,0
5.0,0.257381,34.15,76.72027111526653,0
12.57,0.25866,34.15,74.91995728776145,0
63.09,0.25866,34.16,63.13477647065839,0
34.89,0.253543,34.16,66.5432190384565,0
-37.09,0.259939,34.16,66.27216610312357,0
-29.38,0.261218,34.16,71.04927867332644,0
-80.49,0.25866,34.13,55.036351623268054,0
11.37,0.250985,34.13,67.86751800382861,0
75.89,0.248426,34.13,65.83312236253116,0
53.87,0.252264,34.13,66.83561924602779,0
-128.08,0.249705,34.15,58.489315263559035,0
-11.45,0.248426,34.15,70.63993204979744,0
89.26,0.247147,34.15,65.4446330878247,0
-23.4,0.252264,34.15,60.473134530963414,0
-177.25,0.253543,34.13,64.89221833163049,0
14.96,0.249705,34.13,69.2314957226839,0
6.94,0.249705,34.13,51.778373863998475,0
7.39,0.247147,34.13,63.166446789415026,0
51.35,0.249705,34.15,62.20128616033595,0
78.7,0.248426,34.15,62.37788069500277,0
-68.78,0.249705,34.15,62.849025449882674,0
110.44,0.247147,34.15,62.77738446287803,0
-71.47,0.248426,34.13,63.26136261573884,0
-44.48,0.248426,34.13,62.849025449882674,0
13.5,0.247147,34.13,62.77738446287803,0
12.93,0.247147,34.13,62.77738446287803,0
-14.26,0.247147,34.13,62.77738446287803,0
22.36,0.250985,34.13,62.77738446287803,0
16.99,0.247147,34.13,63.26136261573884,0
-9.0,0.249705,34.13,63.33245613427605,0
17.2,0.239472,34.13,65.5286197016235,0
16.65,0.248426,34.13,63.56886030125127,0
-8.13,0.245868,34.13,60.61352984276695,0
8.51,0.245868,34.13,58.70264048575669,0
5.92,0.245868,34.11,65.4217089351845,0
-85.5,0.244589,34.11,63.29296959378664,0
78.92,0.244589,34.11,62.90468980926621,0
91.21,0.24331,34.11,63.92182725798755,0
-26.35,0.245868,34.11,62.71363488110062,0
-2.09,0.24331,34.11,59.799665550904216,0
-66.21,0.240751,34.11,61.28621378417825,0
-120.69,0.236914,34.11,68.03675477269621,0
47.63,0.239472,34.11,69.98571282769076,0
30.94,0.238193,34.11,53.291650377896914,0
17.07,0.235635,34.11,53.60970061472084,0
-37.45,0.240751,34.11,66.24952830020754,0
-32.86,0.240751,34.11,61.84658438426491,0
78.37,0.24331,34.11,63.15853069855251,0
236.8,0.24203,34.11,62.0403094769844,0
-71.4,0.24331,34.11,63.03967004989794,0
-145.92,0.24331,34.11,62.64982043070834,0
-68.86,0.240751,34.11,63.733821476512766,0
71.04,0.24203,34.11,62.75348595894893,0
37.37,0.24331,34.11,65.30696746902278,0
-25.51,0.240751,34.11,63.06346010171025,0
35.1,0.240751,34.11,62.8410693734599,0
35.05,0.24203,34.11,65.612498809297,0
-8.37,0.24203,34.11,62.26556030423239,0
62.53,0.240751,34.11,62.20128616033595,0
-26.19,0.24203,34.11,62.976185975335156,0
-67.24,0.240751,34.11,62.976185975335156,0
-100.35,0.240751,34.11,64.42049363362563,0
59.2,0.240751,34.13,62.64982043070834,0
33.26,0.240751,34.13,63.3798075099633,0
-20.21,0.24203,34.13,63.72597586541927,0
5.15,0.24203,34.13,62.96824596572466,0
33.47,0.240751,34.13,63.41135544995076,0
16.53,0.24203,34.13,64.47480127925948,0
-36.75,0.240751,34.13,63.182275995725256,0
31.88,0.240751,34.13,60.149812967290266,0
27.08,0.234355,34.09,64.72248450113763,0
-5.71,0.24203,34.09,64.03124237432849,0
47.46,0.238193,34.09,63.92182725798755,0
12.51,0.238193,34.09,61.554853586049575,0
-86.43,0.236914,34.11,63.53739056650029,0
-77.2,0.238193,34.11,63.96092557178953,0
71.15,0.236914,34.11,60.70420084310476,0
47.29,0.235635,34.11,65.50572494064927,0
-28.24,0.239472,34.13,64.52906321960671,0
-26.84,0.259939,34.13,59.0,0
24.29,0.250985,34.13,67.80855403265875,0
97.62,0.240751,34.13,63.198101237299845,0
-158.09,0.238193,34.13,63.245553203367585,0
25.77,0.240751,34.13,68.89121859859934,0
-4.87,0.240751,34.13,62.12889826803627,0
-9.62,0.236914,34.13,63.702433234531945,0
71.63,0.238193,34.11,61.927376821564145,0
-39.63,0.233076,34.11,63.66317616958802,0
-186.33,0.238193,34.11,65.49045732013177,0
102.39,0.236914,34.11,58.872744118140105,0
42.12,0.230518,34.09,64.19501538281614,0
7.78,0.235635,34.09,67.27555276621665,0
18.67,0.233076,34.09,74.33034373659252,0
-57.25,0.234355,34.09,61.39218191268331,0
32.24,0.235635,34.09,59.43904440685432,0
17.4,0.233076,34.09,63.43500610861482,0
43.98,0.233076,34.09,62.69768735766894,0
69.35,0.233076,34.09,62.56196927846821,0
-8.79,0.233076,34.11,63.43500610861482,0
19.52,0.235635,34.11,65.05382386916237,0
-27.7,0.236914,34.11,63.45076831686122,0
40.36,0.229239,34.11,63.13477647065839,0
34.82,0.236914,34.13,62.22539674441618,0
7.48,0.238193,34.13,63.26136261573884,0
9.27,0.240751,34.13,63.26136261573884,0
-25.4,0.240751,34.13,62.297672508690084,0
27.61,0.239472,34.13,63.190189111918315,0
28.93,0.239472,34.13,63.45076831686122,0
-36.32,0.239472,34.13,63.39558344238185,0
15.97,0.240751,34.13,63.13477647065839,0
13.02,0.240751,34.15,63.071388124885914,0
-25.11,0.239472,34.15,63.33245613427605,0
27.7,0.239472,34.15,63.324560795950255,0
19.97,0.239472,34.15,63.608175575157006,0
-20.4,0.240751,34.13,63.39558344238185,0
47.36,0.240751,34.13,63.671029518926424,0
-2.15,0.240751,34.13,65.58963332722634,0
-17.85,0.239472,34.13,63.28506932918696,0
26.56,0.239472,34.15,71.05631569396206,0
14.03,0.240751,34.15,56.789083458002736,0
-17.15,0.240751,34.15,63.50590523722971,0
5.28,0.24203,34.15,65.64297372910524,0
-14.76,0.24203,34.15,65.4217089351845,0
19.92,0.235635,34.15,62.177166226839255,0
82.47,0.240751,34.15,61.69278726074872,0
-27.83,0.24203,34.15,62.385895841928885,0
-51.35,0.244589,34.11,61.424750711744856,0
-19.89,0.244589,34.11,58.8387627334226,0
26.65,0.238193,34.11,69.00724599634447,0
32.84,0.235635,34.11,68.044103344816,0
-32.47,0.234355,34.15,63.33245613427605,0
-83.96,0.240751,34.15,63.914004725099176,0
-89.73,0.24203,34.15,60.14149981501958,0
108.87,0.24331,34.15,65.28399497579785,0
-11.32,0.24331,34.15,62.120849961989414,0
38.98,0.24203,34.15,64.28841264178172,0
117.43,0.244589,34.15,64.26507605223851,0
57.53,0.244589,34.15,61.39218191268331,0
-83.46,0.24331,34.11,62.465990746965666,0
-61.6,0.24331,34.11,62.177166226839255,0
-77.31,0.24331,34.11,62.313722405261586,0
-39.56,0.24331,34.11,63.702433234531945,0
54.34,0.238193,34.13,63.72597586541927,0
-70.9,0.24331,34.13,61.424750711744856,0
60.04,0.24331,34.13,65.33758489567853,0
69.45,0.24331,34.13,62.056425936400814,0
3.88,0.24331,34.15,63.96092557178953,0
60.12,0.24331,34.15,62.8728876384726,0
-27.94,0.244589,34.15,63.45076831686122,0
-44.31,0.244589,34.15,59.64059020499378,0
-10.4,0.24331,34.16,61.773780845922005,0
-19.31,0.244589,34.16,61.35144660071187,0
-39.99,0.24203,34.16,62.080592780675026,0
26.72,0.238193,34.16,62.617888817813075,0
-7.93,0.238193,34.16,65.76473218982953,0
-27.3,0.239472,34.16,61.927376821564145,0
7.69,0.236914,34.16,63.0,0
-56.14,0.238193,34.16,62.69768735766894,0
-28.53,0.236914,34.15,62.5939294181153,0
92.36,0.239472,34.15,62.76145313805282,0
23.32,0.235635,34.15,69.00724599634447,0
2.36,0.231797,34.15,52.28766584960549,0
2.24,0.236914,34.15,62.03224967708329,0
-31.24,0.239472,34.15,65.33758489567853,0
70.42,0.240751,34.15,63.66317616958802,0
16.75,0.24203,34.15,63.51377803280167,0
87.68,0.24203,34.15,64.07027391856539,0
26.8,0.239472,34.15,64.03124237432849,0
-52.29,0.239472,34.15,63.15853069855251,0
-52.32,0.240751,34.15,63.773035054010094,0
24.13,0.24203,34.16,63.655321851358195,0
7.0,0.240751,34.16,71.27411872482185,0
3.09,0.236914,34.16,61.66846844214635,0
36.45,0.233076,34.16,63.0,0
-49.67,0.233076,34.15,63.733821476512766,0
-101.65,0.233076,34.15,64.82283548256741,0
35.03,0.233076,34.15,62.369864518050704,0
17.4,0.233076,34.15,59.76621118993574,0
11.81,0.233076,34.16,79.17701686727027,0
44.81,0.231797,34.16,59.21148537234985,0
49.38,0.234355,34.16,56.806689746895124,0
-4.9,0.239472,34.16,67.1863081289633,0
119.64,0.240751,34.18,64.72248450113763,0
-54.87,0.239472,34.18,69.2098258919931,0
31.84,0.238193,34.18,64.47480127925948,0
37.44,0.238193,34.18,65.22269543648132,0
-91.1,0.239472,34.15,62.32976816898969,0
-67.77,0.240751,34.15,62.385895841928885,0
42.46,0.24331,34.15,64.01562309311689,0
60.96,0.24203,34.15,60.249481325568276,0
-8.22,0.239472,34.16,58.966091951222275,0
-30.56,0.235635,34.16,67.23094525588644,0
-63.95,0.235635,34.16,59.76621118993574,0
-90.51,0.238193,34.16,62.67375846396959,0
26.94,0.238193,34.16,67.01492371106603,0
-2.23,0.240751,34.16,64.69157595854347,0
76.44,0.240751,34.16,63.166446789415026,0
112.73,0.240751,34.16,63.31666447310692,0
-81.35,0.240751,34.18,62.5859409132754,0
-145.01,0.24331,34.18,65.22269543648132,0
36.84,0.24203,34.18,62.52199612936234,0
42.79,0.24203,34.18,63.7102817447859,0
-24.91,0.24203,34.18,63.0317380372777,0
54.66,0.24203,34.18,63.095166217389426,0
41.07,0.238193,34.18,63.85922016435841,0
1.62,0.240751,34.18,63.33245613427605,0
12.46,0.239472,34.18,63.4428877022476,0
-2.21,0.240751,34.18,61.13918547053109,0
-8.14,0.240751,34.18,61.53048025166064,0
-78.18,0.240751,34.18,63.095166217389426,0
-50.04,0.240751,34.18,63.60031446463138,0
99.45,0.24203,34.18,64.45153217728807,0
28.21,0.24203,34.18,63.33245613427605,0
-25.31,0.24203,34.18,64.03905058634146,0
-4.54,0.24203,34.16,63.03967004989794,0
-2.28,0.24331,34.16,63.63961030678928,0
9.27,0.240751,34.16,59.58187643906493,0
-16.14,0.238193,34.16,64.01562309311689,0
9.0,0.239472,34.16,64.42049363362563,0
-27.52,0.239472,34.16,61.163714733492114,0
-32.66,0.240751,34.16,62.01612693485461,0
-66.53,0.240751,34.16,62.489999199871974,0
19.98,0.239472,34.16,62.177166226839255,0
107.75,0.24203,34.16,62.617888817813075,0
-15.38,0.239472,34.16,62.617888817813075,0
-74.49,0.240751,34.16,62.93647591023825,0
47.07,0.240751,34.18,62.93647591023825,0
25.15,0.239472,34.18,63.773035054010094,0
22.0,0.238193,34.18,62.12889826803627,0
37.8,0.239472,34.18,63.72597586541927,0
-59.9,0.238193,34.23,63.43500610861482,0
15.61,0.238193,34.23,63.25345840347388,0
-1.5,0.239472,34.23,64.78425734698207,0
-89.32,0.238193,34.23,62.3377895020348,0
15.74,0.239472,34.21,63.671029518926424,0
44.11,0.238193,34.21,63.06346010171025,0
0.58,0.239472,34.21,61.35144660071187,0
5.31,0.238193,34.21,61.02458520956943,0
-41.21,0.235635,34.18,64.57553716385176,0
-0.68,0.235635,34.18,63.51377803280167,0
-16.16,0.233076,34.18,65.58200972827838,0
13.18,0.229239,34.18,68.76045375068433,0
7.21,0.230518,34.18,60.44832503882965,0
23.24,0.236914,34.18,66.37770710110436,0
-46.11,0.236914,34.18,61.99193495931547,0
-74.27,0.239472,34.18,62.10475022089695,0
51.68,0.239472,34.18,64.10928169929842,0
196.08,0.240751,34.18,63.3798075099633,0
7.85,0.24203,34.18,63.095166217389426,0
-91.37,0.24203,34.18,63.686733312362634,0
-38.35,0.238193,34.18,62.32976816898969,0
-54.12,0.238193,34.18,62.297672508690084,0
-11.84,0.236914,34.18,66.24952830020754,0
-3.9,0.238193,34.18,63.984373092185564,0
58.17,0.239472,34.21,62.6418390534633,0
22.16,0.238193,34.21,62.056425936400814,0
-65.04,0.236914,34.21,63.35613624582863,0
-16.58,0.238193,34.21,63.914004725099176,0
-47.9,0.238193,34.23,57.59340239992772,0
-132.46,0.238193,34.23,62.69768735766894,0
48.8,0.229239,34.23,70.78135347674555,0
38.31,0.22796,34.23,60.51446108162907,0
15.21,0.22796,34.21,53.907327887774215,0
23.85,0.236914,34.21,67.12674578735364,0
-4.39,0.236914,34.21,63.56099432828282,0
-45.27,0.236914,34.21,63.85138996137829,0
235.64,0.239472,34.18,62.928530890209096,0
-19.31,0.238193,34.18,60.687725282795036,0
-22.15,0.240751,34.18,63.166446789415026,0
-11.3,0.239472,34.18,64.5832795698701,0
-71.02,0.240751,34.21,62.976185975335156,0
12.17,0.238193,34.21,59.30430001273095,0
5.52,0.236914,34.21,61.69278726074872,0
1.41,0.238193,34.21,62.89674077406555,0
-7.95,0.238193,34.21,62.78534860936905,0
-21.59,0.240751,34.21,65.0,0
66.44,0.236914,34.21,62.849025449882674,0
4.81,0.233076,34.21,61.1310068623117,0
-96.67,0.230518,34.25,69.77822009767804,0
15.45,0.230518,34.25,53.33854141237835,0
-21.26,0.230518,34.25,68.044103344816,0
-126.68,0.236914,34.25,63.608175575157006,0
10.55,0.236914,34.23,65.18435395092905,0
37.47,0.238193,34.23,62.95236294214857,0
114.95,0.234355,34.23,63.229739838148944,0
-23.35,0.234355,34.23,63.50590523722971,0
-81.26,0.238193,34.25,61.1310068623117,0
-0.44,0.236914,34.25,65.03076195155643,0
-1.37,0.238193,34.25,63.0158710167526,0
-13.71,0.236914,34.25,63.35613624582863,0
-4.46,0.236914,34.25,62.3377895020348,0
-2.68,0.238193,34.25,63.702433234531945,0
3.08,0.236914,34.25,63.06346010171025,0
48.88,0.236914,34.25,63.76519426771944,0
28.83,0.235635,34.27,63.4428877022476,0
-21.49,0.236914,34.27,62.73754856543249,0
17.63,0.234355,34.27,63.06346010171025,0
8.48,0.236914,34.27,63.06346010171025,0
-20.95,0.235635,34.25,63.06346010171025,0
35.33,0.236914,34.25,63.06346010171025,0
25.16,0.235635,34.25,63.06346010171025,0
-14.09,0.236914,34.25,63.3798075099633,0
17.02,0.236914,34.25,63.702433234531945,0
19.32,0.235635,34.25,62.73754856543249,0
-5.62,0.235635,34.25,62.73754856543249,0
-35.82,0.234355,34.25,63.06346010171025,0
11.81,0.235635,34.27,63.3798075099633,0
8.19,0.233076,34.27,63.06346010171025,0
-19.44,0.236914,34.27,63.06346010171025,0
25.29,0.235635,34.27,63.702433234531945,0
13.58,0.236914,34.27,63.06346010171025,0
-13.47,0.236914,34.27,63.06346010171025,0
11.36,0.235635,34.27,63.06346010171025,0
6.42,0.236914,34.27,63.06346010171025,0
-8.0,0.235635,34.29,63.06346010171025,0
-28.33,0.236914,34.29,63.06346010171025,0
9.33,0.235635,34.29,63.702433234531945,0
1.72,0.235635,34.29,63.06346010171025,0
-39.53,0.234355,34.25,63.06346010171025,0
16.92,0.234355,34.25,63.06346010171025,0
11.18,0.235635,34.25,63.06346010171025,0
-25.8,0.234355,34.25,63.702433234531945,0
25.47,0.235635,34.25,62.68971207462992,0
17.26,0.235635,34.25,66.21933252457322,0
-19.38,0.236914,34.25,61.497967446087195,0
20.86,0.235635,34.25,61.40846847137616,0
8.69,0.238193,34.27,61.163714733492114,0
-11.64,0.235635,34.27,64.319514923544,0
42.24,0.234355,34.27,62.77738446287803,0
5.78,0.234355,34.27,63.3798075099633,0
-22.98,0.235635,34.27,63.00793600809346,0
52.01,0.235635,34.27,63.56886030125127,0
135.89,0.233076,34.27,63.25345840347388,0
-16.51,0.235635,34.27,63.39558344238185,0
-85.32,0.235635,34.27,63.25345840347388,0
-43.1,0.236914,34.27,63.14269553954757,0
-71.38,0.234355,34.27,63.06346010171025,0
9.66,0.234355,34.27,63.06346010171025,0
-25.48,0.233076,34.27,63.702433234531945,0
-104.72,0.234355,34.27,63.0158710167526,0
38.27,0.233076,34.27,63.0158710167526,0
43.33,0.233076,34.27,63.0158710167526,0
-9.73,0.233076,34.25,63.0158710167526,0
37.54,0.234355,34.25,63.0158710167526,0
32.16,0.234355,34.25,63.35613624582863,0
-3.44,0.235635,34.25,63.0158710167526,0
15.84,0.235635,34.27,63.0158710167526,0
22.7,0.234355,34.27,63.340350488452465,0
-1.32,0.235635,34.27,63.35613624582863,0
3.82,0.233076,34.27,63.0158710167526,0
11.64,0.233076,34.27,63.340350488452465,0
-7.14,0.233076,34.27,63.35613624582863,0
-20.56,0.234355,34.27,62.65780079128216,0
14.7,0.234355,34.27,62.69768735766894,0
3.83,0.233076,34.27,62.68173577685928,0
-16.31,0.231797,34.27,62.68173577685928,0
80.18,0.231797,34.27,63.245553203367585,0
3.52,0.231797,34.27,62.369864518050704,0
-14.71,0.231797,34.27,63.66317616958802,0
-66.24,0.230518,34.27,63.984373092185564,0
-32.07,0.229239,34.27,63.39558344238185,0
-31.95,0.231797,34.27,63.39558344238185,0
40.62,0.229239,34.25,63.39558344238185,0
8.45,0.225401,34.25,63.39558344238185,0
-36.5,0.22796,34.25,62.65780079128216,0
17.68,0.230518,34.25,62.65780079128216,0
2.04,0.230518,34.25,62.65780079128216,0
-42.83,0.230518,34.25,63.25345840347388,0
7.4,0.231797,34.25,62.65780079128216,0
6.85,0.229239,34.25,63.25345840347388,0
-24.34,0.229239,34.23,63.25345840347388,0
8.48,0.229239,34.23,62.65780079128216,0
-2.59,0.229239,34.23,62.65780079128216,0
-29.4,0.229239,34.23,62.65780079128216,0
15.83,0.22796,34.23,62.65780079128216,0
12.57,0.22668,34.23,63.25345840347388,0
-23.54,0.22796,34.23,63.25345840347388,0
20.83,0.22796,34.23,65.81033353509159,0
18.82,0.229239,34.27,63.06346010171025,0
-11.35,0.22668,34.27,60.74537019394976,0
22.32,0.225401,34.27,68.24954212300622,0
27.85,0.22668,34.27,61.61980201201558,0
40.76,0.229239,34.25,65.7419196555744,0
28.27,0.230518,34.25,65.37583651472461,0
-32.51,0.231797,34.25,63.0,0
-62.69,0.234355,34.25,63.0,0
54.15,0.233076,34.27,62.24146527838174,0
121.92,0.233076,34.27,63.631753079732135,0
5.86,0.233076,34.27,63.694583757176716,0
-107.84,0.234355,34.27,63.45864795282043,0
-166.85,0.234355,34.25,63.984373092185564,0
32.61,0.234355,34.25,63.45864795282043,0
-24.29,0.233076,34.25,61.0,0
46.0,0.231797,34.25,63.4428877022476,0
-17.45,0.235635,34.27,62.3377895020348,0
-42.38,0.233076,34.27,64.42049363362563,0
41.24,0.234355,34.27,63.15853069855251,0
41.33,0.233076,34.27,64.00781202322104,0
-20.71,0.233076,34.29,63.56886030125127,0
1.98,0.233076,34.29,63.48228099241551,0
-32.64,0.233076,34.29,63.702433234531945,0
-92.67,0.22796,34.29,63.0,0
8.97,0.231797,34.27,62.369864518050704,0
10.18,0.231797,34.27,62.68173577685928,0
66.51,0.230518,34.27,63.340350488452465,0
57.97,0.230518,34.27,62.42595614005443,0
-35.16,0.230518,34.31,64.69157595854347,0
-8.86,0.231797,34.31,61.587336360651285,0
66.09,0.230518,34.31,62.5939294181153,0
-9.22,0.235635,34.31,62.14499175315739,0
-65.03,0.233076,34.25,62.8728876384726,0
26.08,0.235635,34.25,62.57795138864806,0
20.93,0.235635,34.25,62.57795138864806,0
83.5,0.233076,34.25,63.33245613427605,0
26.29,0.233076,34.29,62.3377895020348,0
-121.0,0.231797,34.29,62.849025449882674,0
-76.31,0.234355,34.29,62.5939294181153,0
-108.5,0.231797,34.29,62.5939294181153,0
-54.72,0.234355,34.31,62.5939294181153,0
47.74,0.234355,34.31,63.702433234531945,0
-4.75,0.234355,34.31,63.071388124885914,0
55.37,0.231797,34.31,62.30569797378086,0
37.74,0.233076,34.31,62.8728876384726,0
-38.08,0.234355,34.31,62.81719509815764,0
45.52,0.230518,34.31,62.545983084447556,0
41.37,0.231797,34.31,63.608175575157006,0
-23.03,0.230518,34.29,64.47480127925948,0
27.21,0.231797,34.29,62.93647591023825,0
4.21,0.229239,34.29,62.94441992742486,0
-40.95,0.231797,34.29,63.13477647065839,0
25.0,0.231797,34.29,63.13477647065839,0
8.78,0.231797,34.29,63.13477647065839,0
-26.26,0.229239,34.29,63.13477647065839,0
9.55,0.233076,34.29,63.7102817447859,0
-16.0,0.233076,34.29,63.13477647065839,0
19.48,0.230518,34.29,63.41135544995076,0
8.33,0.230518,34.29,63.41135544995076,0
-25.51,0.230518,34.29,62.6418390534633,0
13.33,0.230518,34.27,63.41135544995076,0
-11.43,0.229239,34.27,63.41135544995076,0
37.8,0.231797,34.27,63.41135544995076,0
4.24,0.229239,34.27,63.41135544995076,0
-19.17,0.231797,34.29,63.41135544995076,0
23.91,0.230518,34.29,63.41135544995076,0
-14.75,0.22796,34.29,63.41135544995076,0
7.04,0.231797,34.29,63.41135544995076,0
26.92,0.231797,34.29,63.41135544995076,0
9.44,0.230518,34.29,62.6418390534633,0
-32.42,0.229239,34.29,63.41135544995076,0
19.3,0.230518,34.29,63.41135544995076,0
26.2,0.229239,34.29,63.41135544995076,0
5.52,0.230518,34.29,63.41135544995076,0
-29.27,0.229239,34.29,62.6418390534633,0
22.45,0.230518,34.29,63.702433234531945,0
22.11,0.230518,34.27,62.93647591023825,0
-2.27,0.231797,34.27,63.702433234531945,0
-35.61,0.230518,34.27,63.702433234531945,0
27.21,0.231797,34.27,63.41135544995076,0
18.79,0.224122,34.27,63.41135544995076,0
-11.6,0.230518,34.27,63.41135544995076,0
-39.95,0.230518,34.27,63.41135544995076,0
8.96,0.229239,34.27,63.41135544995076,0
8.14,0.230518,34.29,63.702433234531945,0
-18.89,0.230518,34.29,63.41135544995076,0
26.17,0.230518,34.29,63.702433234531945,0
10.76,0.229239,34.29,63.41135544995076,0
-18.96,0.230518,34.27,63.702433234531945,0
-2.36,0.231797,34.27,63.41135544995076,0
6.99,0.231797,34.27,62.93647591023825,0
-11.22,0.230518,34.27,63.41135544995076,0
-10.55,0.22796,34.27,63.41135544995076,0
7.21,0.230518,34.27,63.702433234531945,0
-10.49,0.229239,34.27,63.702433234531945,0
-8.62,0.230518,34.27,63.41135544995076,0
8.83,0.229239,34.27,63.41135544995076,0
-8.04,0.230518,34.27,62.849025449882674,0
1.81,0.229239,34.27,63.41135544995076,0
8.69,0.230518,34.27,63.41135544995076,0
-10.81,0.231797,34.27,63.41135544995076,0
4.08,0.231797,34.27,63.41135544995076,0
12.16,0.230518,34.27,63.41135544995076,0
-9.36,0.229239,34.27,63.702433234531945,0
16.14,0.230518,34.27,63.702433234531945,0
10.52,0.229239,34.27,63.41135544995076,0
-17.99,0.230518,34.27,63.41135544995076,0
24.95,0.229239,34.27,63.702433234531945,0
9.66,0.229239,34.27,62.93647591023825,0
-31.45,0.230518,34.27,62.93647591023825,0
28.69,0.229239,34.27,63.702433234531945,0
15.12,0.230518,34.27,63.702433234531945,0
-32.13,0.231797,34.25,63.702433234531945,0
32.04,0.22796,34.25,63.702433234531945,0
21.58,0.229239,34.25,62.93647591023825,0
-20.4,0.229239,34.25,63.14269553954757,0
23.22,0.22668,34.25,63.41135544995076,0
20.98,0.229239,34.25,63.14269553954757,0
-8.65,0.229239,34.25,63.702433234531945,0
-30.36,0.229239,34.25,62.849025449882674,0
15.49,0.22796,34.25,63.41135544995076,0
7.83,0.229239,34.25,62.6418390534633,0
-33.74,0.229239,34.25,63.702433234531945,0
28.71,0.229239,34.25,62.93647591023825,0
19.59,0.229239,34.27,63.41135544995076,0
-15.47,0.229239,34.27,62.297672508690084,0
25.92,0.22796,34.27,63.08724118235002,0
42.89,0.229239,34.27,62.55397669213365,0
106.36,0.22796,34.23,62.849025449882674,0
150.02,0.22668,34.23,67.29784543356496,0
-289.39,0.22668,34.23,59.413803110051795,0
-88.5,0.224122,34.23,67.15653356152326,0
-10.59,0.222843,34.25,64.77653896280658,0
48.82,0.224122,34.25,52.507142371300304,0
-15.54,0.22668,34.25,62.68173577685928,0
-125.49,0.22796,34.25,63.0,0
59.09,0.229239,34.25,63.079315151640635,0
119.1,0.230518,34.25,62.94441992742486,0
116.86,0.229239,34.25,63.079315151640635,0
-15.0,0.230518,34.25,62.457985878508765,0
-157.48,0.229239,34.23,63.48228099241551,0
94.78,0.230518,34.23,64.319514923544,0
-22.0,0.230518,34.23,63.914004725099176,0
-95.44,0.231797,34.23,63.150613615387776,0
30.76,0.230518,34.27,63.60031446463138,0
29.46,0.231797,34.27,62.849025449882674,0
-32.5,0.225401,34.27,62.849025449882674,0
40.52,0.22796,34.27,63.0158710167526,0
20.87,0.230518,34.25,63.686733312362634,0
-46.09,0.229239,34.25,62.71363488110062,0
30.15,0.230518,34.25,61.212743771211564,0
32.64,0.230518,34.25,62.52199612936234,0
9.05,0.233076,34.25,63.33245613427605,0
17.72,0.230518,34.25,64.70703207534712,0
-42.05,0.229239,34.25,63.41135544995076,0
-60.16,0.230518,34.25,61.74949392505172,0
32.05,0.230518,34.27,63.88270501473775,0
51.23,0.230518,34.27,63.15853069855251,0
41.94,0.229239,34.27,60.41522986797286,0
-38.79,0.230518,34.27,64.19501538281614,0
-25.98,0.22796,34.25,63.608175575157006,0
-17.51,0.231797,34.25,63.15853069855251,0
102.65,0.22796,34.25,62.67375846396959,0
-21.06,0.229239,34.25,63.50590523722971,0
-93.53,0.229239,34.23,63.50590523722971,0
1.57,0.229239,34.23,63.50590523722971,0
16.72,0.225401,34.23,63.50590523722971,0
-7.25,0.229239,34.23,63.15853069855251,0
24.97,0.229239,34.23,63.15853069855251,0
34.4,0.22668,34.23,63.15853069855251,0
-11.95,0.229239,34.23,63.15853069855251,0
25.36,0.22796,34.23,62.67375846396959,0
25.61,0.229239,34.25,63.229739838148944,0
-6.68,0.229239,34.25,63.229739838148944,0
28.15,0.22796,34.25,63.229739838148944,0
20.24,0.22796,34.25,63.229739838148944,0
-9.31,0.22796,34.23,63.229739838148944,0
7.19,0.224122,34.23,63.229739838148944,0
5.38,0.229239,34.23,63.229739838148944,0
3.03,0.22796,34.23,62.39390995922599,0
15.64,0.229239,34.23,63.229739838148944,0
8.69,0.229239,34.23,63.50590523722971,0
-15.84,0.22796,34.23,63.229739838148944,0
18.69,0.229239,34.23,63.229739838148944,0
8.82,0.22796,34.23,63.50590523722971,0
-16.33,0.229239,34.23,63.229739838148944,0
19.83,0.22796,34.23,63.229739838148944,0
11.53,0.229239,34.23,63.229739838148944,0
-18.78,0.224122,34.21,63.229739838148944,0
0.06,0.229239,34.21,63.229739838148944,0
12.37,0.22796,34.21,63.3798075099633,0
-3.07,0.225401,34.21,67.63135367564367,0
-28.98,0.22796,34.23,59.51470406546604,0
18.44,0.224122,34.23,67.03730304837748,0
21.17,0.225401,34.23,63.41135544995076,0
-11.04,0.22796,34.23,60.21627686929839,0
35.71,0.230518,34.25,70.58328414008518,0
40.2,0.229239,34.25,62.94441992742486,0
-121.36,0.231797,34.25,63.166446789415026,0
64.38,0.231797,34.25,63.88270501473775,0
155.86,0.231797,34.25,65.5133574166368,0
-65.26,0.230518,34.25,64.06246951218786,0
-132.62,0.22796,34.25,58.728187440104094,0
-8.07,0.230518,34.25,64.35060217278468,0
-6.13,0.229239,34.25,62.01612693485461,0
-0.77,0.233076,34.25,62.20128616033595,0
-12.02,0.230518,34.25,62.95236294214857,0
38.57,0.231797,34.25,65.00769185258002,0
19.05,0.230518,34.27,62.68173577685928,0
-69.59,0.235635,34.27,60.67124524847005,0
-35.69,0.233076,34.27,62.67375846396959,0
10.6,0.231797,34.27,62.457985878508765,0
41.55,0.231797,34.25,64.47480127925948,0
69.25,0.252264,34.25,63.66317616958802,0
32.24,0.257381,34.25,62.617888817813075,0
-94.01,0.248426,34.25,63.229739838148944,0
-101.02,0.24331,34.25,63.96092557178953,0
116.63,0.24203,34.25,63.221831672294975,0
50.19,0.24331,34.25,64.70703207534712,0
-31.62,0.234355,34.25,64.1404708432983,0
6.52,0.233076,34.25,63.25345840347388,0
67.04,0.233076,34.25,69.30367955599472,0
0.36,0.230518,34.25,59.34644049983116,0
-15.98,0.229239,34.25,63.93746945258312,0
-13.84,0.22668,34.23,63.7102817447859,0
-10.92,0.229239,34.23,63.60031446463138,0
80.62,0.224122,34.23,61.106464469808756,0
-29.96,0.229239,34.23,65.33758489567853,0
-15.1,0.22796,34.23,63.40346993658943,0
-47.93,0.230518,34.23,63.39558344238185,0
0.24,0.229239,34.23,62.24949798994366,0
1.48,0.230518,34.23,64.89221833163049,0
67.41,0.233076,34.25,60.844062980705026,0
138.11,0.233076,34.25,61.09828148156051,0
-76.75,0.231797,34.25,63.166446789415026,0
-16.45,0.230518,34.25,63.15853069855251,0
10.48,0.231797,34.25,62.625873247404705,0
-68.71,0.22796,34.25,62.52199612936234,0
8.01,0.230518,34.25,63.40346993658943,0
-38.79,0.229239,34.25,62.71363488110062,0
11.71,0.230518,34.23,63.35613624582863,0
-17.62,0.229239,34.23,62.68173577685928,0
-46.18,0.229239,34.23,63.592452382338585,0
-21.58,0.230518,34.23,63.90618123468183,0
-21.2,0.231797,34.25,63.56886030125127,0
-43.85,0.229239,34.25,63.00793600809346,0
28.55,0.229239,34.25,63.00793600809346,0
17.39,0.230518,34.25,62.457985878508765,0
-16.9,0.231797,34.25,63.229739838148944,0
43.5,0.230518,34.25,63.773035054010094,0
15.17,0.230518,34.25,62.68173577685928,0
-35.23,0.231797,34.25,63.773035054010094,0
16.87,0.22796,34.27,62.24146527838174,0
32.18,0.230518,34.27,64.57553716385176,0
16.06,0.22796,34.27,63.33245613427605,0
32.46,0.229239,34.27,63.43500610861482,0
-26.86,0.22796,34.23,62.5859409132754,0
-97.59,0.22796,34.23,63.43500610861482,0
-43.08,0.22668,34.23,63.43500610861482,0
-14.75,0.22796,34.23,63.43500610861482,0
26.32,0.22796,34.23,63.0,0
24.19,0.22796,34.23,63.0,0
-8.49,0.22668,34.23,63.43500610861482,0
43.4,0.22668,34.23,63.0,0
37.02,0.22668,34.25,63.15853069855251,0
-3.06,0.22796,34.25,63.43500610861482,0
44.96,0.22668,34.25,63.43500610861482,0
30.73,0.224122,34.25,63.43500610861482,0
-38.62,0.225401,34.25,63.43500610861482,0
25.44,0.22668,34.25,63.0,0
32.01,0.225401,34.25,63.85922016435841,0
3.0,0.221564,34.25,63.0,0
21.32,0.22796,34.25,63.0,0
-13.86,0.22668,34.25,63.0,0
-14.3,0.22668,34.25,63.0,0
31.01,0.225401,34.25,63.43500610861482,0
-14.63,0.22668,34.23,63.0,0
-7.42,0.22796,34.23,63.0,0
-10.95,0.224122,34.23,63.0,0
-9.96,0.225401,34.23,63.0,0
-9.27,0.225401,34.25,62.72160712226688,0
-32.8,0.225401,34.25,63.85922016435841,0
37.61,0.225401,34.25,62.72160712226688,0
21.88,0.225401,34.25,63.166446789415026,0
-21.88,0.22668,34.23,63.58458932791813,0
27.65,0.225401,34.23,63.58458932791813,0
33.33,0.22668,34.23,63.58458932791813,0
-42.83,0.225401,34.23,63.0,0
-57.91,0.22668,34.23,63.166446789415026,0
17.92,0.224122,34.23,63.166446789415026,0
-16.98,0.224122,34.23,63.166446789415026,0
-26.49,0.225401,34.23,63.58458932791813,0
26.81,0.225401,34.23,63.166446789415026,0
-6.87,0.225401,34.23,62.90468980926621,0
-81.58,0.224122,34.23,63.3798075099633,0
-5.57,0.220284,34.23,64.06246951218786,0
8.64,0.225401,34.25,62.177166226839255,0
-38.57,0.22668,34.25,61.00819617067857,0
56.7,0.22796,34.25,62.94441992742486,0
63.61,0.225401,34.25,63.25345840347388,0
31.47,0.225401,34.23,62.76145313805282,0
-7.46,0.225401,34.23,63.166446789415026,0
-66.48,0.225401,34.23,63.166446789415026,0
-62.79,0.224122,34.23,62.72160712226688,0
66.93,0.225401,34.21,62.72160712226688,0
23.22,0.22668,34.21,63.58458932791813,0
-32.81,0.215168,34.21,62.72160712226688,0
41.93,0.224122,34.21,62.57795138864806,0
20.8,0.224122,34.25,63.58458932791813,0
-19.19,0.225401,34.25,63.85922016435841,0
25.02,0.225401,34.25,63.85922016435841,0
9.73,0.224122,34.25,63.166446789415026,0
-28.6,0.224122,34.25,62.57795138864806,0
34.55,0.22668,34.25,63.4428877022476,0
20.57,0.225401,34.25,63.4428877022476,0
-20.63,0.224122,34.25,63.4428877022476,0
25.57,0.225401,34.23,63.166446789415026,0
23.56,0.219005,34.23,63.166446789415026,0
-8.71,0.224122,34.23,63.166446789415026,0
7.69,0.225401,34.23,63.166446789415026,0
33.34,0.225401,34.21,62.90468980926621,0
19.08,0.22668,34.21,63.166446789415026,0
-56.5,0.225401,34.21,63.166446789415026,0
-2.12,0.224122,34.21,63.166446789415026,0
-1.09,0.224122,34.23,63.166446789415026,0
-55.98,0.225401,34.23,63.166446789415026,0
10.25,0.224122,34.23,63.166446789415026,0
-2.43,0.224122,34.23,63.166446789415026,0
-63.15,0.225401,34.23,63.166446789415026,0
12.03,0.225401,34.23,63.166446789415026,0
2.06,0.224122,34.23,63.166446789415026,0
-58.03,0.225401,34.23,63.166446789415026,0
19.97,0.225401,34.23,62.03224967708329,0
2.22,0.224122,34.23,67.65352910233139,0
-71.62,0.222843,34.23,61.814237842102365,0
2.98,0.219005,34.23,64.18722614352485,0
8.28,0.219005,34.25,63.41135544995076,0
-34.87,0.219005,34.25,70.37044834303673,0
115.66,0.220284,34.25,61.814237842102365,0
-6.72,0.222843,34.25,57.77542730261716,0
-88.72,0.22668,34.23,64.91532946846992,0
-33.07,0.225401,34.23,60.959002616512684,0
68.07,0.22668,34.23,67.42403132415029,0
216.42,0.225401,34.23,61.603571325045756,0
-12.15,0.224122,34.27,61.886993787063204,0
-204.42,0.224122,34.27,64.13267497929586,0
-33.68,0.225401,34.27,64.07027391856539,0
38.93,0.224122,34.27,64.77653896280658,0
77.48,0.224122,34.25,63.835726674018524,0
182.23,0.22796,34.25,66.55824516917495,0
-96.75,0.225401,34.25,75.4254598925323,0
-118.56,0.22668,34.25,47.843494855622744,0
-119.51,0.224122,34.27,60.315835400000886,0
-3.39,0.231797,34.27,61.27805479941412,0
26.81,0.312385,34.27,61.326992425847855,0
5.25,0.346923,34.27,49.4064773081425,0
92.38,0.277847,34.29,46.79743582719036,0
-51.23,0.24203,34.29,62.625873247404705,0
-75.59,0.235635,34.29,73.98648525237566,0
108.08,0.231797,34.29,60.54750201288241,0
126.22,0.229239,34.29,60.71243694664216,0
-41.88,0.22796,34.29,64.28841264178172,0
24.96,0.221564,34.29,67.32013071882734,0
-16.76,0.225401,34.29,58.728187440104094,0
1.34,0.22668,34.29,68.38859554048467,0
-16.95,0.225401,34.29,65.55913361233506,0
-27.38,0.22668,34.29,66.37770710110436,0
5.52,0.220284,34.29,76.26925986267338,0
-1.06,0.225401,34.31,46.76537180435969,0
76.98,0.22668,34.31,56.66568626602876,0
79.95,0.22668,34.31,62.24949798994366,0
-72.29,0.22796,34.31,65.39877674696982,0
-10.6,0.22668,34.33,62.96824596572466,0
14.31,0.22668,34.33,63.608175575157006,0
25.28,0.225401,34.33,64.389440128021,0
63.23,0.22668,34.33,64.389440128021,0
-45.32,0.225401,34.34,63.4428877022476,0
-3.72,0.22668,34.34,64.08587988004847,0
-33.02,0.224122,34.34,63.796551630946325,0
-38.41,0.225401,34.34,64.17164482853778,0
57.54,0.224122,34.37,63.88270501473775,0
-20.95,0.22668,34.37,64.17164482853778,0
-70.06,0.224122,34.37,63.796551630946325,0
1.68,0.224122,34.37,63.796551630946325,0
2.84,0.225401,34.34,63.796551630946325,0
-47.24,0.222843,34.34,63.796551630946325,0
20.18,0.217726,34.34,63.796551630946325,0
7.04,0.221564,34.34,64.17164482853778,0
-48.29,0.222843,34.34,64.17164482853778,0
13.45,0.220284,34.34,64.17164482853778,0
13.57,0.222843,34.34,64.27285585688566,0
-29.2,0.221564,34.34,63.221831672294975,0
13.58,0.224122,34.33,63.54525946126902,0
-17.11,0.217726,34.33,63.686733312362634,0
-36.03,0.224122,34.33,63.84355879804947,0
45.32,0.224122,34.33,63.984373092185564,0
-3.63,0.221564,34.34,64.17164482853778,0
-10.04,0.225401,34.34,63.84355879804947,0
13.75,0.224122,34.34,63.631753079732135,0
34.7,0.225401,34.34,63.34824385884742,0
135.91,0.222843,34.37,63.54525946126902,0
-57.0,0.225401,34.37,63.84355879804947,0
-112.09,0.221564,34.37,63.43500610861482,0
-11.67,0.222843,34.37,63.190189111918315,0
-32.13,0.222843,34.34,64.60650122085238,0
-25.34,0.222843,34.34,63.25345840347388,0
27.68,0.224122,34.34,63.655321851358195,0
-22.0,0.224122,34.34,63.796551630946325,0
59.35,0.224122,34.37,63.94528911499267,0
-17.58,0.225401,34.37,63.796551630946325,0
-58.05,0.224122,34.37,63.34824385884742,0
3.96,0.221564,34.37,63.7102817447859,0
18.72,0.222843,34.34,63.608175575157006,0
-10.93,0.224122,34.34,63.26136261573884,0
84.88,0.221564,34.34,63.88270501473775,0
-4.68,0.221564,34.34,63.7102817447859,0
23.48,0.221564,34.37,63.7102817447859,0
9.63,0.221564,34.37,63.7102817447859,0
-52.34,0.221564,34.37,63.7102817447859,0
34.12,0.222843,34.37,63.7102817447859,0
11.45,0.224122,34.39,64.41273166075166,0
-25.84,0.221564,34.39,63.45076831686122,0
34.74,0.221564,34.39,64.08587988004847,0
7.86,0.220284,34.39,64.27285585688566,0
-43.68,0.220284,34.37,63.88270501473775,0
13.43,0.221564,34.37,63.88270501473775,0
3.94,0.220284,34.37,63.52164985262898,0
-4.16,0.221564,34.37,63.796551630946325,0
-1.48,0.221564,34.37,63.52164985262898,0
-21.16,0.222843,34.37,63.52164985262898,0
48.42,0.222843,34.37,63.796551630946325,0
54.66,0.224122,34.37,63.796551630946325,0
10.54,0.221564,34.37,63.52164985262898,0
-7.7,0.221564,34.37,63.52164985262898,0
-93.53,0.216447,34.37,63.52164985262898,0
-68.22,0.220284,34.37,64.31174076325411,0
21.88,0.221564,34.34,63.88270501473775,0
8.57,0.220284,34.34,63.52164985262898,0
-66.81,0.220284,34.34,63.608175575157006,0
22.47,0.220284,34.34,63.608175575157006,0
10.75,0.221564,34.37,63.608175575157006,0
-27.96,0.222843,34.37,63.608175575157006,0
45.16,0.222843,34.37,63.608175575157006,0
24.96,0.220284,34.37,63.796551630946325,0
-19.58,0.220284,34.34,63.608175575157006,0
-44.56,0.221564,34.34,63.88270501473775,0
8.17,0.220284,34.34,63.52164985262898,0
8.06,0.221564,34.34,63.88270501473775,0
-55.47,0.220284,34.34,63.796551630946325,0
20.86,0.220284,34.34,63.88270501473775,0
3.5,0.219005,34.34,63.608175575157006,0
-62.92,0.221564,34.34,63.608175575157006,0
44.89,0.220284,34.33,63.608175575157006,0
19.25,0.220284,34.33,63.608175575157006,0
-69.91,0.220284,34.33,63.88270501473775,0
47.54,0.219005,34.33,63.608175575157006,0
35.23,0.213889,34.33,63.88270501473775,0
-35.84,0.219005,34.33,63.608175575157006,0
32.72,0.220284,34.33,63.88270501473775,0
38.76,0.217726,34.33,63.608175575157006,0
3.62,0.220284,34.34,63.608175575157006,0
-71.97,0.220284,34.34,63.608175575157006,0
40.95,0.220284,34.34,63.608175575157006,0
36.82,0.222843,34.34,63.88270501473775,0
-15.8,0.221564,34.34,63.608175575157006,0
-53.01,0.220284,34.34,63.608175575157006,0
22.29,0.216447,34.34,63.608175575157006,0
16.26,0.220284,34.34,63.608175575157006,0
-25.63,0.217726,34.39,63.608175575157006,0
33.78,0.221564,34.39,63.608175575157006,0
22.31,0.219005,34.39,63.608175575157006,0
-14.59,0.220284,34.39,63.608175575157006,0
-43.2,0.219005,34.34,63.608175575157006,0
20.72,0.219005,34.34,63.608175575157006,0
3.62,0.217726,34.34,63.608175575157006,0
-59.8,0.220284,34.34,64.31174076325411,0
34.13,0.217726,34.37,64.31174076325411,0
26.61,0.219005,34.37,64.56779382943171,0
-25.68,0.217726,34.37,63.34824385884742,0
-8.8,0.217726,34.37,64.31174076325411,0
19.51,0.219005,34.34,64.41273166075166,0
9.33,0.217726,34.34,63.608175575157006,0
-56.33,0.219005,34.34,63.608175575157006,0
37.88,0.219005,34.34,63.34824385884742,0
28.07,0.219005,34.34,64.31174076325411,0
-24.61,0.220284,34.34,64.31174076325411,0
27.61,0.219005,34.34,63.34824385884742,0
20.12,0.217726,34.34,63.34824385884742,0
-7.58,0.219005,34.39,64.41273166075166,0
28.74,0.219005,34.39,64.56779382943171,0
16.03,0.217726,34.39,63.34824385884742,0
-27.33,0.212609,34.39,63.608175575157006,0
1.77,0.216447,34.37,63.88270501473775,0
24.6,0.219005,34.37,63.88270501473775,0
-11.85,0.217726,34.37,63.608175575157006,0
-11.16,0.217726,34.37,63.88270501473775,0
29.49,0.217726,34.37,63.88270501473775,0
2.6,0.217726,34.37,63.88270501473775,0
-70.23,0.217726,34.37,63.608175575157006,0
30.46,0.216447,34.37,63.608175575157006,0
21.15,0.217726,34.39,63.608175575157006,0
-29.79,0.217726,34.39,63.608175575157006,0
36.31,0.217726,34.39,63.608175575157006,0
25.51,0.217726,34.39,64.56779382943171,0
-24.63,0.216447,34.34,64.389440128021,0
2.5,0.219005,34.34,65.13831437794502,0
20.9,0.213889,34.34,63.93746945258312,0
-7.92,0.216447,34.34,63.796551630946325,0
-79.46,0.216447,34.39,68.24954212300622,0
73.99,0.212609,34.39,72.37402849088892,0
20.54,0.215168,34.39,66.49060083951716,0
-49.09,0.215168,34.39,64.17164482853778,0
2.48,0.215168,34.39,64.20280367709809,0
168.26,0.215168,34.39,62.49799996799898,0
-39.38,0.216447,34.39,60.93439094632849,0
-50.77,0.215168,34.39,64.22616289332565,0
-20.71,0.217726,34.41,66.52818951391959,0
-30.92,0.215168,34.41,63.914004725099176,0
-23.58,0.217726,34.41,61.30252849597641,0
22.44,0.212609,34.41,63.29296959378664,0
-17.47,0.220284,34.41,53.49766350038102,0
-28.51,0.219005,34.41,62.385895841928885,0
79.84,0.219005,34.41,64.69930447848725,0
84.59,0.217726,34.41,64.40496875241847,0
-22.87,0.216447,34.39,64.35060217278468,0
-91.87,0.216447,34.39,71.68681887209112,0
-15.19,0.217726,34.39,62.8410693734599,0
-29.74,0.217726,34.39,61.40032573203501,0
-92.94,0.212609,34.39,72.64296249465602,0
4.29,0.213889,34.39,63.608175575157006,0
17.01,0.215168,34.39,53.563046963368315,0
-43.92,0.216447,34.39,63.079315151640635,0
38.51,0.219005,34.41,66.58828725834597,0
27.88,0.217726,34.41,63.35613624582863,0
143.19,0.215168,34.41,62.68173577685928,0
-54.75,0.217726,34.41,63.7102817447859,0
-173.16,0.217726,34.41,63.35613624582863,0
6.1,0.217726,34.41,63.40346993658943,0
30.2,0.219005,34.41,62.8728876384726,0
-9.48,0.21133,34.41,63.25345840347388,0
73.24,0.219005,34.41,65.46754921333164,0
26.96,0.219005,34.41,61.82232606429493,0
-27.77,0.220284,34.41,63.45076831686122,0
34.99,0.217726,34.41,63.45076831686122,0
59.84,0.219005,34.41,64.47480127925948,0
88.12,0.217726,34.41,64.25729530566937,0
-221.08,0.216447,34.41,55.83009940883144,0
-18.22,0.221564,34.41,61.14736298484179,0
-35.48,0.219005,34.43,61.497967446087195,0
102.27,0.219005,34.43,66.34003316248794,0
94.75,0.216447,34.43,63.245553203367585,0
-31.47,0.216447,34.43,63.984373092185564,0
-85.64,0.215168,34.45,64.40496875241847,0
-74.48,0.215168,34.45,62.369864518050704,0
-17.59,0.212609,34.45,62.369864518050704,0
69.38,0.213889,34.45,63.35613624582863,0
40.12,0.212609,34.43,63.071388124885914,0
-10.16,0.213889,34.43,63.8200595424354,0
-32.29,0.212609,34.43,63.3798075099633,0
-25.89,0.212609,34.43,62.3377895020348,0
-23.67,0.213889,34.41,63.15853069855251,0
-42.62,0.213889,34.41,63.655321851358195,0
11.05,0.216447,34.41,63.15853069855251,0
2.15,0.215168,34.41,63.15853069855251,0
-41.36,0.212609,34.41,63.15853069855251,0
42.39,0.213889,34.41,63.15853069855251,0
26.91,0.213889,34.41,63.15853069855251,0
-35.33,0.21133,34.41,63.45076831686122,0
33.11,0.212609,34.45,63.45076831686122,0
21.53,0.213889,34.45,63.15853069855251,0
-21.23,0.212609,34.45,62.67375846396959,0
32.42,0.215168,34.45,63.45076831686122,0
21.58,0.212609,34.43,63.45076831686122,0
-8.47,0.216447,34.43,62.63385665915839,0
34.43,0.207493,34.43,62.63385665915839,0
2.59,0.213889,34.43,62.63385665915839,0
-41.1,0.212609,34.43,62.14499175315739,0
2.85,0.213889,34.43,63.45076831686122,0
38.6,0.212609,34.43,63.15853069855251,0
29.8,0.212609,34.43,63.45076831686122,0
-24.43,0.212609,34.45,63.45076831686122,0
11.8,0.212609,34.45,62.63385665915839,0
-32.77,0.212609,34.45,63.13477647065839,0
-91.38,0.21133,34.45,63.13477647065839,0
61.19,0.212609,34.43,63.13477647065839,0
33.13,0.207493,34.43,62.63385665915839,0
-57.46,0.212609,34.43,62.63385665915839,0
16.03,0.210051,34.43,62.63385665915839,0
-38.87,0.212609,34.43,63.50590523722971,0
9.94,0.21133,34.43,63.03967004989794,0
7.87,0.21133,34.43,63.43500610861482,0
30.66,0.212609,34.43,62.72160712226688,0
38.28,0.213889,34.45,62.88083968904996,0
-21.37,0.216447,34.45,63.914004725099176,0
12.21,0.212609,34.45,63.166446789415026,0
4.0,0.215168,34.45,63.166446789415026,0
-40.27,0.213889,34.41,63.0,0
-78.72,0.212609,34.41,62.14499175315739,0
29.29,0.21133,34.41,63.15853069855251,0
5.47,0.212609,34.41,63.15853069855251,0
-79.34,0.212609,34.45,60.844062980705026,0
-20.75,0.212609,34.45,63.93746945258312,0
-33.93,0.212609,34.45,61.163714733492114,0
-98.25,0.210051,34.45,64.03124237432849,0
130.76,0.212609,34.43,66.94027188471824,0
80.99,0.206214,34.43,67.1863081289633,0
45.85,0.210051,34.43,63.835726674018524,0
-31.06,0.213889,34.43,57.77542730261716,0
26.66,0.215168,34.43,68.9129886160802,0
-77.63,0.215168,34.43,62.88083968904996,0
-17.02,0.216447,34.43,63.53739056650029,0
259.96,0.215168,34.43,62.120849961989414,0
46.59,0.215168,34.41,62.94441992742486,0
-77.22,0.217726,34.41,64.28841264178172,0
-173.29,0.215168,34.41,63.93746945258312,0
42.46,0.212609,34.41,63.12685640834652,0
-10.81,0.216447,34.43,63.85138996137829,0
20.28,0.216447,34.43,56.595052787324086,0
31.56,0.213889,34.43,62.95236294214857,0
-17.97,0.213889,34.43,63.914004725099176,0
39.78,0.212609,34.45,63.57672530100933,0
51.29,0.213889,34.45,62.68173577685928,0
19.4,0.213889,34.45,61.66036003787198,0
-76.06,0.213889,34.45,63.28506932918696,0
-10.49,0.213889,34.45,63.702433234531945,0
0.7,0.216447,34.45,62.465990746965666,0
-44.39,0.210051,34.45,63.702433234531945,0
29.4,0.213889,34.45,63.324560795950255,0
32.2,0.215168,34.47,57.99137866959192,0
3.31,0.216447,34.47,64.16385275215322,0
-19.78,0.215168,34.47,62.112800613078136,0
10.22,0.216447,34.47,63.324560795950255,0
31.42,0.216447,34.43,63.76519426771944,0
12.55,0.213889,34.43,62.465990746965666,0
9.52,0.213889,34.43,64.60650122085238,0
6.36,0.212609,34.43,64.59876159803684,0
-81.55,0.212609,34.43,64.53681120105021,0
-30.4,0.210051,34.43,66.6783323126786,0
56.48,0.203655,34.43,62.52199612936234,0
40.7,0.210051,34.43,62.849025449882674,0
-135.72,0.21133,34.45,62.120849961989414,0
-41.7,0.21133,34.45,68.31544481301428,0
47.65,0.208772,34.45,62.96824596572466,0
6.43,0.208772,34.45,63.94528911499267,0
17.07,0.21133,34.47,61.74949392505172,0
-18.67,0.213889,34.47,62.369864518050704,0
-7.41,0.213889,34.47,64.68384651518491,0
133.91,0.213889,34.47,63.50590523722971,0
-25.81,0.212609,34.47,63.103090257134,0
-136.27,0.215168,34.47,61.741396161732524,0
-1.45,0.212609,34.47,64.07807737440318,0
43.94,0.215168,34.47,64.03124237432849,0
22.52,0.212609,34.45,63.0,0
87.08,0.212609,34.45,63.0158710167526,0
30.35,0.206214,34.45,64.35060217278468,0
-0.11,0.21133,34.45,64.01562309311689,0
8.49,0.21133,34.47,63.071388124885914,0
-21.31,0.210051,34.47,63.03967004989794,0
-48.97,0.212609,34.47,64.19501538281614,0
-7.01,0.212609,34.47,61.97580172938467,0
-73.35,0.208772,34.47,62.77738446287803,0
30.83,0.208772,34.47,73.84443106964804,0
40.87,0.207493,34.47,67.80855403265875,0
-7.83,0.210051,34.47,63.40346993658943,0
-8.14,0.213889,34.45,66.09841147864296,0
-8.0,0.212609,34.45,64.91532946846992,0
-100.47,0.216447,34.45,63.53739056650029,0
196.77,0.216447,34.45,63.14269553954757,0
56.8,0.217726,34.47,63.92182725798755,0
-105.79,0.219005,34.47,63.92182725798755,0
-177.6,0.217726,34.47,62.75348595894893,0
47.4,0.216447,34.47,60.241181927316134,0
51.23,0.219005,34.47,60.07495318350236,0
21.17,0.220284,34.47,63.50590523722971,0
83.59,0.217726,34.47,63.702433234531945,0
163.43,0.213889,34.47,65.13063795173512,0
-64.24,0.210051,34.49,63.984373092185564,0
-100.1,0.215168,34.49,63.608175575157006,0
-145.12,0.216447,34.49,63.8200595424354,0
24.8,0.216447,34.49,63.15853069855251,0
79.37,0.216447,34.47,63.15853069855251,0
48.25,0.215168,34.47,63.0,0
-37.77,0.216447,34.47,63.76519426771944,0
-57.23,0.217726,34.47,63.76519426771944,0
49.05,0.216447,34.49,63.0,0
28.74,0.216447,34.49,62.5859409132754,0
-38.12,0.215168,34.49,63.198101237299845,0
23.71,0.215168,34.49,63.198101237299845,0
15.36,0.212609,34.5,63.198101237299845,0
-26.76,0.215168,34.5,63.198101237299845,0
38.3,0.213889,34.5,63.198101237299845,0
24.99,0.215168,34.5,63.198101237299845,0
-12.75,0.215168,34.5,63.198101237299845,0
36.71,0.215168,34.5,63.198101237299845,0
18.2,0.216447,34.5,62.44197306299666,0
-16.04,0.216447,34.5,63.198101237299845,0
26.52,0.215168,34.5,63.198101237299845,0
9.36,0.216447,34.5,63.198101237299845,0
-21.28,0.208772,34.5,63.198101237299845,0
14.45,0.215168,34.5,63.198101237299845,0
11.17,0.216447,34.53,63.198101237299845,0
-8.0,0.215168,34.53,63.198101237299845,0
-27.75,0.215168,34.53,63.198101237299845,0
13.31,0.215168,34.53,63.198101237299845,0
7.12,0.215168,34.5,62.44197306299666,0
-34.43,0.216447,34.5,63.8200595424354,0
29.51,0.21133,34.5,63.8200595424354,0
19.84,0.213889,34.5,63.071388124885914,0
-17.01,0.213889,34.5,63.071388124885914,0
-15.97,0.215168,34.5,63.198101237299845,0
10.58,0.213889,34.5,63.198101237299845,0
18.54,0.215168,34.5,62.385895841928885,0
11.06,0.215168,34.5,62.5859409132754,0
179.42,0.216447,34.5,63.35613624582863,0
62.99,0.213889,34.5,63.35613624582863,0
-173.51,0.215168,34.5,63.35613624582863,0
-234.77,0.215168,34.5,63.35613624582863,0
13.08,0.213889,34.5,62.5859409132754,0
28.38,0.213889,34.5,63.35613624582863,0
14.81,0.213889,34.5,63.35613624582863,0
24.1,0.215168,34.5,63.35613624582863,0
12.23,0.216447,34.5,63.35613624582863,0
2.27,0.216447,34.5,63.35613624582863,0
13.8,0.216447,34.5,63.35613624582863,0
-2.59,0.216447,34.49,63.35613624582863,0
16.92,0.216447,34.49,63.35613624582863,0
11.64,0.216447,34.49,63.35613624582863,0
-8.11,0.216447,34.49,62.5859409132754,0
20.3,0.215168,34.5,63.35613624582863,0
15.7,0.215168,34.5,62.5859409132754,0
-9.35,0.215168,34.5,62.5859409132754,0
1.07,0.213889,34.5,62.5859409132754,0
15.02,0.21133,34.53,62.5859409132754,0
2.58,0.208772,34.53,62.5859409132754,0
-40.67,0.215168,34.53,63.35613624582863,0
18.01,0.213889,34.53,63.35613624582863,0
16.79,0.213889,34.5,62.5859409132754,0
-15.91,0.215168,34.5,62.5859409132754,0
-8.19,0.215168,34.5,62.5859409132754,0
8.79,0.215168,34.5,62.5859409132754,0
5.29,0.213889,34.49,62.5859409132754,0
-23.79,0.215168,34.49,62.5859409132754,0
22.43,0.213889,34.49,62.976185975335156,0
15.09,0.213889,34.49,62.44197306299666,0
-2.63,0.213889,34.47,63.198101237299845,0
-33.66,0.215168,34.47,63.071388124885914,0
33.26,0.213889,34.47,63.7102817447859,0
111.43,0.213889,34.47,66.76825593049439,0
78.05,0.213889,34.49,58.52349955359813,0
-203.51,0.21133,34.49,69.68500556073738,0
-182.75,0.212609,34.49,63.88270501473775,0
14.96,0.215168,34.49,59.23681287847955,0
73.76,0.212609,34.49,63.96092557178953,0
49.13,0.215168,34.49,62.96824596572466,0
37.65,0.213889,34.49,63.60031446463138,0
182.95,0.215168,34.49,63.30876716537765,0
-44.82,0.213889,34.5,61.886993787063204,0
-159.0,0.217726,34.5,62.20128616033595,0
-46.69,0.217726,34.5,63.0,0
5.99,0.217726,34.5,60.909769331364245,0
25.62,0.219005,34.5,62.94441992742486,0
23.34,0.219005,34.5,59.48949487094339,0
-17.51,0.217726,34.5,65.7723346096214,0
51.27,0.216447,34.5,63.340350488452465,0
60.0,0.216447,34.5,63.15853069855251,0
-20.42,0.213889,34.5,63.647466563878254,0
10.01,0.213889,34.5,62.617888817813075,0
-51.44,0.213889,34.5,62.617888817813075,0
-102.64,0.213889,34.5,63.182275995725256,0
38.6,0.213889,34.5,63.182275995725256,0
-8.72,0.216447,34.5,63.182275995725256,0
-88.98,0.216447,34.5,62.96824596572466,0
12.66,0.216447,34.49,62.96824596572466,0
27.99,0.216447,34.49,63.182275995725256,0
-9.38,0.213889,34.49,63.182275995725256,0
16.92,0.215168,34.49,63.182275995725256,0
24.96,0.213889,34.53,62.39390995922599,0
-1.78,0.216447,34.53,63.20601237224193,0
-50.45,0.215168,34.53,62.976185975335156,0
27.36,0.216447,34.53,63.20601237224193,0
27.41,0.213889,34.49,63.20601237224193,0
-20.11,0.216447,34.49,63.20601237224193,0
13.06,0.216447,34.49,63.20601237224193,0
24.13,0.213889,34.49,63.20601237224193,0
-1.2,0.213889,34.5,63.20601237224193,0
-51.65,0.21133,34.5,63.20601237224193,0
32.76,0.21133,34.5,63.20601237224193,0
29.26,0.212609,34.5,63.20601237224193,0
-16.0,0.216447,34.49,63.20601237224193,0
-43.57,0.212609,34.49,63.20601237224193,0
19.84,0.213889,34.49,63.20601237224193,0
23.49,0.213889,34.49,63.20601237224193,0
-21.36,0.215168,34.53,63.20601237224193,0
25.9,0.215168,34.53,63.20601237224193,0
19.73,0.213889,34.53,63.20601237224193,0
0.58,0.215168,34.53,63.20601237224193,0
-26.03,0.212609,34.53,63.20601237224193,0
3.42,0.213889,34.53,63.20601237224193,0
0.3,0.212609,34.53,63.20601237224193,0
-48.39,0.216447,34.53,63.20601237224193,0
17.99,0.213889,34.49,63.20601237224193,0
10.49,0.215168,34.49,62.433965115151864,0
-46.86,0.213889,34.49,64.1482657598785,0
29.16,0.215168,34.49,64.22616289332565,0
21.99,0.215168,34.5,60.96720429870473,0
-21.85,0.212609,34.5,62.976185975335156,0
35.23,0.210051,34.5,67.29041536504289,0
-141.01,0.21133,34.5,65.85590330410783,0
83.81,0.215168,34.49,61.98386886924694,0
109.3,0.206214,34.49,68.00735254367721,0
-51.26,0.213889,34.49,62.3377895020348,0
-62.58,0.215168,34.49,63.592452382338585,0
212.95,0.213889,34.47,61.87891401761993,0
-30.25,0.212609,34.47,63.914004725099176,0
-55.68,0.213889,34.47,63.914004725099176,0
-133.01,0.216447,34.47,63.13477647065839,0
-33.94,0.213889,34.49,62.433965115151864,0
4.3,0.213889,34.49,63.66317616958802,0
-16.22,0.212609,34.49,63.82789358893179,0
63.81,0.215168,34.49,62.88083968904996,0
8.37,0.212609,34.5,63.56886030125127,0
-115.17,0.215168,34.5,62.89674077406555,0
65.74,0.212609,34.5,62.89674077406555,0
91.94,0.215168,34.5,65.23802572120036,0
-66.07,0.215168,34.49,62.74551776820397,0
-68.27,0.213889,34.49,62.49799996799898,0
24.7,0.215168,34.49,63.35613624582863,0
42.85,0.213889,34.49,63.39558344238185,0
21.17,0.212609,34.47,63.75735251718032,0
-25.39,0.212609,34.47,62.65780079128216,0
11.09,0.21133,34.47,65.16133823057964,0
33.22,0.210051,34.47,63.94528911499267,0
-1.17,0.213889,34.47,61.97580172938467,0
-37.74,0.207493,34.47,63.56886030125127,0
-7.51,0.212609,34.47,62.72160712226688,0
10.58,0.21133,34.47,63.20601237224193,0
67.86,0.21133,34.49,63.94528911499267,0
-123.87,0.213889,34.49,62.81719509815764,0
-122.08,0.21133,34.49,62.81719509815764,0
14.45,0.21133,34.49,63.34824385884742,0
58.78,0.210051,34.49,62.545983084447556,0
18.12,0.21133,34.49,62.80923498976882,0
-63.62,0.208772,34.49,62.545983084447556,0
34.44,0.212609,34.49,63.095166217389426,0
22.05,0.21133,34.5,63.095166217389426,0
-41.23,0.212609,34.5,63.095166217389426,0
36.58,0.203655,34.5,63.095166217389426,0
35.96,0.212609,34.5,63.095166217389426,0
-16.05,0.21133,34.5,63.095166217389426,0
33.29,0.210051,34.5,63.095166217389426,0
21.75,0.210051,34.5,63.095166217389426,0
-28.42,0.210051,34.5,63.095166217389426,0
34.85,0.210051,34.49,63.095166217389426,0
15.02,0.208772,34.49,63.095166217389426,0
-47.92,0.210051,34.49,63.34824385884742,0
23.51,0.208772,34.49,63.103090257134,0
12.3,0.21133,34.5,62.297672508690084,0
-38.08,0.210051,34.5,63.103090257134,0
35.62,0.210051,34.5,63.103090257134,0
19.98,0.212609,34.5,63.103090257134,0
-29.46,0.210051,34.5,63.103090257134,0
22.42,0.210051,34.5,63.103090257134,0
16.22,0.208772,34.5,63.103090257134,0
-15.06,0.21133,34.5,63.103090257134,0
-25.65,0.208772,34.49,62.8728876384726,0
14.78,0.21133,34.49,62.56996084384263,0
5.56,0.206214,34.49,62.3377895020348,0
-26.19,0.21133,34.49,62.8728876384726,0
11.39,0.210051,34.5,63.15853069855251,0
16.99,0.212609,34.5,62.76145313805282,0
-38.24,0.212609,34.5,63.12685640834652,0
7.45,0.21133,34.5,63.12685640834652,0
-13.59,0.21133,34.49,63.071388124885914,0
-49.35,0.210051,34.49,63.387695966961914,0
38.66,0.21133,34.49,62.89674077406555,0
22.54,0.210051,34.49,63.788713735268246,0
-49.79,0.21133,34.5,62.89674077406555,0
23.06,0.21133,34.5,62.89674077406555,0
18.35,0.21133,34.5,63.74950980203691,0
-21.16,0.210051,34.5,63.31666447310692,0
29.24,0.21133,34.5,62.89674077406555,0
12.72,0.212609,34.5,62.849025449882674,0
-32.86,0.208772,34.5,69.23871749245504,0
18.1,0.207493,34.5,59.10160742314882,0
32.22,0.204934,34.53,65.64297372910524,0
-50.44,0.204934,34.53,55.09083408335728,0
27.91,0.204934,34.53,59.983331017875294,0
-8.96,0.212609,34.53,60.844062980705026,0
27.32,0.213889,34.47,63.82789358893179,0
-99.0,0.215168,34.47,63.2771680782255,0
24.36,0.212609,34.47,62.369864518050704,0
258.25,0.215168,34.47,62.77738446287803,0
-31.15,0.216447,34.49,62.75348595894893,0
-129.17,0.215168,34.49,61.78996682310163,0
-69.72,0.216447,34.49,65.30696746902278,0
-30.65,0.212609,34.49,63.071388124885914,0
58.35,0.212609,34.49,63.608175575157006,0
66.63,0.208772,34.49,63.773035054010094,0
-19.62,0.210051,34.49,62.94441992742486,0
-16.13,0.208772,34.49,62.94441992742486,0
-46.24,0.210051,34.53,62.94441992742486,0
-83.53,0.210051,34.53,62.94441992742486,0
45.15,0.208772,34.53,62.94441992742486,0
23.93,0.21133,34.53,62.94441992742486,0
-39.13,0.208772,34.5,62.94441992742486,0
40.15,0.210051,34.5,62.94441992742486,0
62.66,0.208772,34.5,62.94441992742486,0
-10.36,0.210051,34.5,62.94441992742486,0
-71.64,0.207493,34.53,62.94441992742486,0
21.05,0.210051,34.53,62.94441992742486,0
17.06,0.208772,34.53,62.74551776820397,0
-25.39,0.210051,34.53,64.29618962271404,0
29.99,0.210051,34.55,63.0317380372777,0
39.67,0.212609,34.55,65.00769185258002,0
11.55,0.21133,34.55,58.29236656715869,0
-54.04,0.208772,34.55,71.89575787207477,0
36.57,0.207493,34.55,66.16645675869307,0
16.63,0.21133,34.55,59.16079783099616,0
-62.77,0.212609,34.55,66.6783323126786,0
4.25,0.21133,34.55,63.0,0
-6.07,0.213889,34.5,63.92182725798755,0
124.14,0.213889,34.5,62.12889826803627,0
86.76,0.215168,34.5,62.120849961989414,0
-108.54,0.213889,34.5,62.56196927846821,0
-11.7,0.217726,34.53,62.68173577685928,0
41.6,0.213889,34.53,64.03124237432849,0
-33.18,0.219005,34.53,63.72597586541927,0
-37.15,0.219005,34.53,62.76145313805282,0
-64.82,0.217726,34.57,62.849025449882674,0
-8.99,0.217726,34.57,63.340350488452465,0
39.86,0.215168,34.57,62.56996084384263,0
29.46,0.215168,34.57,63.474404290233394,0
11.53,0.213889,34.57,63.702433234531945,0
-0.44,0.216447,34.57,63.15853069855251,0
52.84,0.213889,34.57,62.6418390534633,0
59.79,0.216447,34.57,62.8728876384726,0
-76.18,0.216447,34.55,62.8728876384726,0
11.96,0.217726,34.55,63.387695966961914,0
-57.19,0.215168,34.55,62.8728876384726,0
-141.77,0.215168,34.55,62.8728876384726,0
-14.41,0.215168,34.55,62.8728876384726,0
38.24,0.212609,34.55,63.387695966961914,0
14.74,0.215168,34.55,63.387695966961914,0
122.26,0.213889,34.55,62.56996084384263,0
23.1,0.215168,34.57,63.387695966961914,0
-20.8,0.212609,34.57,62.56996084384263,0
-65.5,0.210051,34.57,62.56996084384263,0
40.32,0.213889,34.57,62.56996084384263,0
39.82,0.213889,34.57,62.56996084384263,0
-11.36,0.213889,34.57,63.387695966961914,0
-33.18,0.212609,34.57,63.103090257134,0
22.56,0.206214,34.57,63.103090257134,0
16.91,0.212609,34.57,63.103090257134,0
-23.38,0.213889,34.57,62.56996084384263,0
38.44,0.212609,34.57,62.56996084384263,0
22.27,0.212609,34.57,63.103090257134,0
-15.07,0.21133,34.59,62.56996084384263,0
-28.28,0.213889,34.59,63.103090257134,0
16.98,0.215168,34.59,63.103090257134,0
7.82,0.215168,34.59,63.103090257134,0
-44.55,0.212609,34.57,63.103090257134,0
32.0,0.213889,34.57,63.103090257134,0
17.24,0.206214,34.57,63.103090257134,0
-29.09,0.21133,34.57,63.103090257134,0
26.06,0.212609,34.57,63.103090257134,0
15.82,0.212609,34.57,63.103090257134,0
-16.36,0.213889,34.57,63.387695966961914,0
12.56,0.213889,34.57,63.474404290233394,0
22.33,0.213889,34.57,62.976185975335156,0
41.57,0.216447,34.57,62.976185975335156,0
197.74,0.213889,34.57,63.340350488452465,0
136.74,0.213889,34.57,63.8200595424354,0
-111.96,0.213889,34.57,63.20601237224193,0
-68.74,0.215168,34.57,63.20601237224193,0
-45.83,0.212609,34.57,63.702433234531945,0
-108.29,0.212609,34.57,63.474404290233394,0
-95.37,0.21133,34.59,62.6418390534633,0
-122.14,0.213889,34.59,62.8728876384726,0
-73.77,0.212609,34.59,62.8728876384726,0
87.83,0.213889,34.59,62.6418390534633,0
43.68,0.213889,34.55,63.474404290233394,0
-97.27,0.213889,34.55,63.15853069855251,0
6.31,0.212609,34.55,62.6418390534633,0
25.09,0.213889,34.55,63.15853069855251,0
-40.61,0.212609,34.57,63.15853069855251,0
38.71,0.213889,34.57,63.15853069855251,0
62.53,0.213889,34.57,62.6418390534633,0
20.77,0.21133,34.57,62.6418390534633,0
-32.07,0.206214,34.57,63.387695966961914,0
25.9,0.213889,34.57,63.15853069855251,0
12.58,0.212609,34.57,63.387695966961914,0
-36.65,0.212609,34.57,63.15853069855251,0
41.02,0.21133,34.55,63.387695966961914,0
35.24,0.21133,34.55,63.387695966961914,0
-8.38,0.21133,34.55,63.15853069855251,0
-67.63,0.21133,34.55,63.387695966961914,0
44.4,0.210051,34.59,63.15853069855251,0
37.06,0.210051,34.59,63.387695966961914,0
-23.74,0.212609,34.59,63.914004725099176,0
-8.82,0.21133,34.59,62.3377895020348,0
7.56,0.212609,34.57,62.8728876384726,0
4.24,0.210051,34.57,62.56996084384263,0
-34.55,0.212609,34.57,62.56996084384263,0
36.57,0.212609,34.57,62.56996084384263,0
23.25,0.21133,34.57,62.56996084384263,0
-15.69,0.210051,34.57,63.387695966961914,0
36.72,0.21133,34.57,63.387695966961914,0
25.09,0.202376,34.57,62.56996084384263,0
-31.55,0.21133,34.59,62.56996084384263,0
-27.55,0.212609,34.59,62.56996084384263,0
11.61,0.21133,34.59,62.8728876384726,0
-6.69,0.210051,34.59,63.103090257134,0
-58.52,0.21133,34.59,62.8728876384726,0
22.81,0.21133,34.59,63.103090257134,0
10.46,0.21133,34.59,62.8728876384726,0
-56.91,0.21133,34.59,63.103090257134,0
44.6,0.21133,34.57,63.103090257134,0
22.68,0.210051,34.57,63.103090257134,0
-44.88,0.21133,34.57,63.103090257134,0
31.18,0.21133,34.57,63.103090257134,0
18.23,0.208772,34.57,63.103090257134,0
-42.69,0.21133,34.57,63.103090257134,0
35.88,0.21133,34.57,63.103090257134,0
10.81,0.21133,34.57,63.103090257134,0
-49.81,0.21133,34.61,63.103090257134,0
43.61,0.21133,34.61,63.387695966961914,0
27.49,0.207493,34.61,62.297672508690084,0
-27.2,0.208772,34.61,62.80923498976882,0
50.43,0.208772,34.61,67.90434448545984,0
29.95,0.208772,34.61,66.19667665374146,0
-89.06,0.212609,34.61,57.34980383575867,0
-26.52,0.213889,34.61,68.49087530467106,0
0.31,0.213889,34.61,63.72597586541927,0
56.09,0.216447,34.61,67.59437846448475,0
49.16,0.213889,34.61,63.15853069855251,0
32.37,0.215168,34.61,63.118935352238,0
-70.54,0.213889,34.59,62.77738446287803,0
-74.68,0.213889,34.59,63.2771680782255,0
-83.57,0.213889,34.59,63.788713735268246,0
7.25,0.217726,34.59,62.94441992742486,0
126.88,0.215168,34.59,64.19501538281614,0
102.05,0.217726,34.59,54.67174773134658,0
60.23,0.217726,34.59,60.728905802755904,0
16.19,0.216447,34.59,62.369864518050704,0
-80.16,0.217726,34.63,65.06919393998976,0
-65.54,0.217726,34.63,61.00819617067857,0
-43.32,0.219005,34.63,63.079315151640635,0
-49.33,0.216447,34.63,64.53681120105021,0
-125.05,0.216447,34.63,63.592452382338585,0
118.99,0.216447,34.63,62.3377895020348,0
97.85,0.216447,34.63,63.94528911499267,0
9.9,0.215168,34.63,62.68971207462992,0
38.65,0.215168,34.61,63.8200595424354,0
3.43,0.212609,34.61,62.13694553162394,0
39.53,0.213889,34.61,62.8728876384726,0
8.65,0.213889,34.61,62.8728876384726,0
-100.03,0.212609,34.63,63.387695966961914,0
-35.92,0.215168,34.63,62.56996084384263,0
-2.15,0.207493,34.63,63.103090257134,0
13.56,0.212609,34.63,62.8728876384726,0
1.44,0.21133,34.65,63.474404290233394,0
-29.2,0.212609,34.65,63.474404290233394,0
-95.48,0.21133,34.65,63.474404290233394,0
106.71,0.213889,34.65,62.976185975335156,0
47.25,0.213889,34.63,63.474404290233394,0
-18.92,0.212609,34.63,63.20601237224193,0
-21.69,0.212609,34.63,63.474404290233394,0
18.65,0.21133,34.63,59.23681287847955,0
5.74,0.215168,34.65,63.914004725099176,0
-42.67,0.21133,34.65,56.302753041036986,0
62.7,0.210051,34.65,73.1778655059028,0
-60.71,0.203655,34.65,64.42049363362563,0
-104.39,0.212609,34.66,58.01723881744115,0
83.58,0.213889,34.66,65.1536645170477,0
72.1,0.215168,34.66,64.60650122085238,0
8.38,0.215168,34.66,63.773035054010094,0
83.9,0.216447,34.65,62.93647591023825,0
59.04,0.217726,34.65,62.93647591023825,0
-54.15,0.217726,34.65,63.05553108173778,0
-99.87,0.219005,34.65,62.89674077406555,0
50.82,0.219005,34.65,63.324560795950255,0
-22.89,0.219005,34.65,62.56196927846821,0
28.21,0.217726,34.65,62.3377895020348,0
1.37,0.219005,34.65,57.697486947006624,0
-34.63,0.217726,34.66,60.96720429870473,0
15.9,0.217726,34.66,63.324560795950255,0
3.64,0.213889,34.66,63.56886030125127,0
45.28,0.213889,34.66,63.324560795950255,0
-61.47,0.213889,34.65,62.68173577685928,0
0.51,0.212609,34.65,63.45076831686122,0
-33.15,0.213889,34.65,63.13477647065839,0
-32.54,0.21133,34.65,64.31174076325411,0
99.56,0.213889,34.65,63.20601237224193,0
2.6,0.210051,34.65,62.297672508690084,0
-98.94,0.213889,34.65,63.103090257134,0
1.61,0.21133,34.65,63.103090257134,0
87.61,0.215168,34.66,62.297672508690084,0
-37.67,0.215168,34.66,62.849025449882674,0
-27.8,0.213889,34.66,62.849025449882674,0
-2.36,0.215168,34.66,62.849025449882674,0
-6.95,0.215168,34.66,62.849025449882674,0
-23.84,0.215168,34.66,62.849025449882674,0
-29.14,0.213889,34.66,62.849025449882674,0
43.64,0.213889,34.66,62.297672508690084,0
39.12,0.213889,34.65,63.103090257134,0
-6.3,0.215168,34.65,62.56996084384263,0
-30.02,0.207493,34.65,63.28506932918696,0
48.13,0.21133,34.65,63.914004725099176,0
103.88,0.210051,34.65,63.35613624582863,0
92.52,0.212609,34.65,63.45076831686122,0
-214.44,0.21133,34.65,62.94441992742486,0
-71.25,0.212609,34.65,63.45076831686122,0
30.5,0.212609,34.65,62.68173577685928,0
34.67,0.213889,34.65,62.94441992742486,0
-13.56,0.21133,34.65,63.7102817447859,0
29.11,0.210051,34.65,62.94441992742486,0
12.93,0.212609,34.65,62.94441992742486,0
-31.42,0.210051,34.65,62.94441992742486,0
-33.93,0.21133,34.65,62.94441992742486,0
3.45,0.210051,34.65,63.53739056650029,0
13.33,0.213889,34.66,62.94441992742486,0
-37.2,0.21133,34.66,62.94441992742486,0
7.39,0.21133,34.66,62.94441992742486,0
15.88,0.21133,34.66,64.94613152451807,0
-2.41,0.210051,34.65,60.08327554319921,0
-51.05,0.208772,34.65,61.27805479941412,0
38.59,0.210051,34.65,74.2563128629479,0
34.38,0.215168,34.65,61.335144900782616,0
46.66,0.212609,34.68,56.97367813297646,0
34.03,0.217726,34.68,62.080592780675026,0
-122.96,0.215168,34.68,64.66838485689897,0
92.58,0.215168,34.68,62.20932405998316,0
59.84,0.215168,34.65,63.15853069855251,0
-65.02,0.215168,34.65,63.58458932791813,0
-69.94,0.207493,34.65,64.69930447848725,0
-81.75,0.207493,34.65,61.08191221630181,0
-25.58,0.210051,34.66,55.83009940883144,0
43.03,0.213889,34.66,61.106464469808756,0
-63.63,0.216447,34.66,63.198101237299845,0
37.74,0.215168,34.66,62.24146527838174,0
149.39,0.216447,34.66,62.68173577685928,0
-10.44,0.217726,34.66,64.20280367709809,0
-125.42,0.217726,34.66,62.8887907341205,0
-36.1,0.213889,34.66,68.11754546370561,0
1.92,0.21133,34.71,59.67411499134277,0
18.11,0.215168,34.71,57.367238037053866,0
-42.77,0.217726,34.71,63.72597586541927,0
23.31,0.210051,34.71,63.0,0
47.49,0.215168,34.71,62.80127387243033,0
121.52,0.216447,34.71,61.065538563088104,0
3.57,0.215168,34.71,62.51399843235114,0
-124.3,0.216447,34.71,63.51377803280167,0
-84.25,0.215168,34.71,63.340350488452465,0
-2.76,0.216447,34.71,63.474404290233394,0
31.68,0.215168,34.71,63.474404290233394,0
56.93,0.215168,34.71,63.41135544995076,0
29.07,0.216447,34.71,63.53739056650029,0
-61.64,0.216447,34.71,62.617888817813075,0
-86.97,0.216447,34.71,63.35613624582863,0
20.55,0.215168,34.71,63.13477647065839,0
96.57,0.215168,34.71,63.41135544995076,0
-29.03,0.215168,34.71,62.94441992742486,0
0.2,0.215168,34.71,63.53739056650029,0
-29.62,0.216447,34.71,62.94441992742486,0
-86.26,0.215168,34.73,62.68173577685928,0
6.06,0.215168,34.73,62.8728876384726,0
13.97,0.213889,34.73,62.8728876384726,0
-21.68,0.213889,34.73,63.34824385884742,0
29.91,0.215168,34.71,64.21059102671458,0
9.59,0.212609,34.71,63.15853069855251,0
116.12,0.213889,34.71,63.474404290233394,0
67.12,0.213889,34.71,63.26136261573884,0
-24.91,0.215168,34.73,63.15853069855251,0
108.54,0.213889,34.73,63.182275995725256,0
41.05,0.216447,34.73,62.0644825967316,0
-19.74,0.213889,34.73,62.617888817813075,0
-330.63,0.215168,34.75,63.41135544995076,0
-203.57,0.213889,34.75,62.617888817813075,0
56.93,0.215168,34.75,62.617888817813075,0
78.45,0.215168,34.75,62.617888817813075,0
10.61,0.213889,34.71,62.617888817813075,0
25.04,0.215168,34.71,63.20601237224193,0
48.99,0.213889,34.71,62.65780079128216,0
10.3,0.212609,34.71,62.65780079128216,0
-28.05,0.212609,34.75,62.65780079128216,0
34.39,0.213889,34.75,62.65780079128216,0
13.0,0.210051,34.75,62.8728876384726,0
-3.67,0.212609,34.75,62.65780079128216,0
8.94,0.207493,34.73,62.65780079128216,0
-14.44,0.216447,34.73,62.65780079128216,0
36.3,0.213889,34.73,62.8728876384726,0
8.78,0.213889,34.73,62.8728876384726,0
-42.22,0.215168,34.73,62.65780079128216,0
41.59,0.216447,34.73,62.8728876384726,0
9.49,0.216447,34.73,62.8728876384726,0
-49.78,0.216447,34.73,62.8728876384726,0
21.92,0.217726,34.75,62.8728876384726,0
-7.66,0.216447,34.75,62.8728876384726,0
5.81,0.217726,34.75,62.65780079128216,0
11.98,0.21133,34.75,62.8728876384726,0
-12.46,0.217726,34.73,62.8728876384726,0
26.97,0.212609,34.73,62.65780079128216,0
6.72,0.217726,34.73,62.65780079128216,0
-19.32,0.216447,34.73,62.8728876384726,0
30.8,0.217726,34.75,62.65780079128216,0
8.72,0.216447,34.75,62.65780079128216,0
-19.89,0.217726,34.75,62.8728876384726,0
32.01,0.216447,34.75,62.8728876384726,0
6.9,0.216447,34.73,62.8728876384726,0
-33.31,0.217726,34.73,62.8728876384726,0
23.71,0.216447,34.73,62.8728876384726,0
0.11,0.219005,34.73,62.8728876384726,0
-36.22,0.216447,34.73,62.8728876384726,0
8.3,0.219005,34.73,62.8728876384726,0
-14.22,0.210051,34.73,62.8728876384726,0
-1.17,0.217726,34.73,62.8728876384726,0
11.98,0.216447,34.73,62.8728876384726,0
-16.34,0.217726,34.73,62.8728876384726,0
15.62,0.216447,34.73,62.8728876384726,0
19.12,0.219005,34.73,62.8728876384726,0
-7.15,0.219005,34.73,62.8728876384726,0
-33.94,0.219005,34.73,62.8728876384726,0
22.04,0.219005,34.73,62.8728876384726,0
14.16,0.217726,34.73,62.8728876384726,0
-30.54,0.219005,34.71,62.8728876384726,0
29.47,0.216447,34.71,62.8728876384726,0
26.13,0.219005,34.71,62.8728876384726,0
-1.42,0.213889,34.71,62.8728876384726,0
-40.94,0.219005,34.73,62.8728876384726,0
30.88,0.219005,34.73,62.8728876384726,0
24.11,0.217726,34.73,62.8728876384726,0
-12.44,0.217726,34.73,62.8728876384726,0
-26.84,0.217726,34.71,62.8728876384726,0
11.02,0.219005,34.71,63.103090257134,0
2.86,0.216447,34.71,63.103090257134,0
-34.94,0.216447,34.71,63.103090257134,0
32.76,0.215168,34.73,63.103090257134,0
18.75,0.217726,34.73,63.103090257134,0
-14.61,0.215168,34.73,63.103090257134,0
-50.83,0.216447,34.73,63.103090257134,0
20.15,0.216447,34.73,63.103090257134,0
12.72,0.219005,34.73,63.103090257134,0
-32.42,0.216447,34.73,62.8728876384726,0
28.76,0.219005,34.73,62.8728876384726,0
20.26,0.220284,34.68,62.8728876384726,0
-13.62,0.219005,34.68,62.8728876384726,0
-28.74,0.220284,34.68,62.8728876384726,0
11.74,0.219005,34.68,62.8728876384726,0
5.12,0.219005,34.68,62.8728876384726,0
-47.46,0.217726,34.68,62.8728876384726,0
16.48,0.220284,34.68,63.103090257134,0
8.81,0.217726,34.68,63.103090257134,0
-39.29,0.220284,34.73,63.103090257134,0
13.07,0.217726,34.73,62.297672508690084,0
-4.73,0.219005,34.73,63.103090257134,0
-15.28,0.220284,34.73,63.103090257134,0
11.2,0.219005,34.66,63.103090257134,0
-13.28,0.217726,34.66,63.103090257134,0
6.27,0.219005,34.66,63.103090257134,0
15.47,0.217726,34.66,63.103090257134,0
-10.57,0.216447,34.71,63.103090257134,0
-5.85,0.217726,34.71,63.103090257134,0
15.62,0.216447,34.71,63.103090257134,0
0.38,0.216447,34.71,63.103090257134,0
-58.11,0.216447,34.68,62.8728876384726,0
22.06,0.220284,34.68,62.8728876384726,0
28.75,0.213889,34.68,62.8728876384726,0
-19.71,0.219005,34.68,63.103090257134,0
6.72,0.217726,34.68,63.103090257134,0
15.43,0.219005,34.68,63.103090257134,0
2.2,0.219005,34.68,63.103090257134,0
-36.55,0.216447,34.68,63.103090257134,0
11.97,0.217726,34.68,63.103090257134,0
4.49,0.216447,34.68,63.103090257134,0
-43.06,0.217726,34.68,63.103090257134,0
28.44,0.216447,34.68,63.103090257134,0
15.1,0.219005,34.65,63.103090257134,0
-27.31,0.217726,34.65,63.103090257134,0
26.69,0.217726,34.65,63.103090257134,0
21.41,0.210051,34.65,63.103090257134,0
-10.38,0.216447,34.68,63.103090257134,0
-21.41,0.219005,34.68,63.647466563878254,0
17.99,0.215168,34.68,62.0644825967316,0
6.19,0.217726,34.68,63.103090257134,0
-39.01,0.215168,34.71,63.103090257134,0
29.72,0.216447,34.71,63.103090257134,0
18.76,0.216447,34.71,62.297672508690084,0
-13.5,0.217726,34.71,62.297672508690084,0
26.56,0.217726,34.68,63.103090257134,0
12.25,0.216447,34.68,62.297672508690084,0
-32.19,0.215168,34.68,63.647466563878254,0
24.4,0.215168,34.68,62.297672508690084,0
6.29,0.216447,34.68,63.103090257134,0
-39.69,0.215168,34.68,63.103090257134,0
27.89,0.215168,34.68,62.297672508690084,0
18.49,0.216447,34.68,62.297672508690084,0
-22.59,0.216447,34.66,62.297672508690084,0
30.98,0.217726,34.66,62.297672508690084,0
24.04,0.216447,34.66,62.297672508690084,0
-14.39,0.216447,34.66,63.103090257134,0
8.43,0.217726,34.68,63.103090257134,0
19.68,0.216447,34.68,63.103090257134,0
0.91,0.215168,34.68,63.103090257134,0
-43.55,0.213889,34.68,63.103090257134,0
17.22,0.213889,34.66,63.103090257134,0
12.39,0.215168,34.66,63.103090257134,0
-27.94,0.216447,34.66,63.103090257134,0
35.49,0.215168,34.66,62.297672508690084,0
-16.73,0.216447,34.68,63.103090257134,0
-63.98,0.215168,34.68,63.103090257134,0
12.11,0.215168,34.68,63.34824385884742,0
16.93,0.216447,34.68,63.103090257134,0
-42.64,0.217726,34.66,63.103090257134,0
7.32,0.215168,34.66,63.103090257134,0
1.88,0.216447,34.66,63.103090257134,0
-53.14,0.216447,34.66,63.103090257134,0
25.24,0.215168,34.66,63.103090257134,0
26.46,0.215168,34.66,63.103090257134,0
-20.39,0.216447,34.66,63.103090257134,0
2.13,0.216447,34.66,63.103090257134,0
21.81,0.216447,34.66,62.297672508690084,0
11.32,0.219005,34.66,63.103090257134,0
-24.59,0.216447,34.66,63.103090257134,0
40.57,0.216447,34.66,63.103090257134,0
18.25,0.215168,34.66,63.103090257134,0
-21.17,0.215168,34.66,63.34824385884742,0
-12.44,0.215168,34.66,63.34824385884742,0
4.34,0.216447,34.66,62.297672508690084,0
-6.76,0.217726,34.66,63.103090257134,0
-32.04,0.216447,34.66,62.297672508690084,0
7.92,0.217726,34.66,63.34824385884742,0
-0.47,0.217726,34.66,63.103090257134,0
-58.47,0.219005,34.65,63.103090257134,0
19.64,0.21133,34.65,62.297672508690084,0
12.55,0.219005,34.65,62.297672508690084,0
-39.46,0.216447,34.65,63.103090257134,0
31.92,0.219005,34.66,63.103090257134,0
26.25,0.216447,34.66,63.103090257134,0
-17.01,0.216447,34.66,63.103090257134,0
7.71,0.217726,34.66,63.103090257134,0
15.13,0.216447,34.65,63.103090257134,0
2.49,0.217726,34.65,62.297672508690084,0
-38.9,0.216447,34.65,63.103090257134,0
10.96,0.216447,34.65,63.34824385884742,0
3.84,0.217726,34.66,62.545983084447556,0
-45.98,0.216447,34.66,63.34824385884742,0
15.95,0.213889,34.66,62.545983084447556,0
5.4,0.213889,34.66,62.297672508690084,0
-47.01,0.215168,34.66,62.545983084447556,0
33.37,0.215168,34.66,63.34824385884742,0
25.74,0.213889,34.66,63.34824385884742,0
-22.87,0.215168,34.66,63.34824385884742,0
-4.17,0.217726,34.63,63.34824385884742,0
20.02,0.216447,34.63,63.103090257134,0
11.17,0.217726,34.63,63.103090257134,0
-29.27,0.216447,34.63,62.56996084384263,0
42.12,0.216447,34.66,62.3377895020348,0
28.32,0.216447,34.66,62.3377895020348,0
-22.05,0.217726,34.66,63.103090257134,0
-29.22,0.215168,34.66,62.56996084384263,0
9.95,0.217726,34.65,62.56996084384263,0
8.93,0.217726,34.65,63.103090257134,0
-40.1,0.217726,34.65,62.56996084384263,0
17.37,0.217726,34.65,62.56996084384263,0
6.85,0.217726,34.63,63.387695966961914,0
-48.06,0.217726,34.63,63.103090257134,0
21.7,0.216447,34.63,62.94441992742486,0
5.1,0.216447,34.63,63.45076831686122,0
-49.78,0.212609,34.63,64.27285585688566,0
23.79,0.213889,34.63,60.60528029800704,0
26.36,0.210051,34.63,64.17164482853778,0
-4.48,0.21133,34.63,65.43699259593154,0
-31.5,0.212609,34.65,58.881236400062114,0
55.65,0.213889,34.65,67.86751800382861,0
88.7,0.213889,34.65,62.56196927846821,0
74.44,0.213889,34.65,63.41135544995076,0
56.24,0.212609,34.65,65.62011886609167,0
-148.77,0.213889,34.65,62.37788069500277,0
-95.45,0.212609,34.65,62.489999199871974,0
-73.18,0.21133,34.65,63.733821476512766,0
-4.49,0.213889,34.63,62.41794613730894,0
5.5,0.212609,34.63,63.28506932918696,0
47.44,0.212609,34.63,63.94528911499267,0
13.53,0.21133,34.63,63.52164985262898,0
-42.61,0.213889,34.65,63.52164985262898,0
6.71,0.212609,34.65,63.52164985262898,0
-18.08,0.213889,34.65,60.73713855624086,0
-50.37,0.213889,34.65,65.76473218982953,0
41.08,0.213889,34.65,63.26136261573884,0
22.94,0.215168,34.65,60.663003552412405,0
-7.07,0.215168,34.65,65.7419196555744,0
112.07,0.217726,34.65,62.112800613078136,0
157.97,0.215168,34.65,63.06346010171025,0
-166.7,0.219005,34.65,61.326992425847855,0
37.19,0.217726,34.65,64.28841264178172,0
-59.66,0.217726,34.65,63.647466563878254,0
-27.68,0.217726,34.65,64.73020933072904,0
-31.65,0.217726,34.65,62.74551776820397,0
35.85,0.217726,34.65,63.13477647065839,0
18.59,0.217726,34.65,62.65780079128216,0
-10.73,0.210051,34.65,63.13477647065839,0
-41.09,0.215168,34.65,63.079315151640635,0
-33.71,0.216447,34.65,63.75735251718032,0
23.13,0.213889,34.65,62.24949798994366,0
75.13,0.215168,34.68,62.90468980926621,0
-10.61,0.216447,34.68,62.65780079128216,0
-37.58,0.216447,34.68,63.13477647065839,0
-81.04,0.213889,34.68,63.13477647065839,0
5.37,0.215168,34.71,62.74551776820397,0
85.54,0.216447,34.71,62.74551776820397,0
115.57,0.216447,34.71,63.63961030678928,0
-110.41,0.215168,34.71,63.63961030678928,0
24.83,0.212609,34.71,64.02343321003646,0
7.17,0.215168,34.71,62.90468980926621,0
-12.46,0.213889,34.71,62.90468980926621,0
-43.6,0.215168,34.71,62.90468980926621,0
-19.97,0.213889,34.71,62.90468980926621,0
11.4,0.215168,34.71,63.30876716537765,0
-82.31,0.215168,34.71,63.30876716537765,0
69.44,0.215168,34.71,63.53739056650029,0
38.07,0.215168,34.71,63.53739056650029,0
-28.63,0.215168,34.71,62.65780079128216,0
45.67,0.213889,34.71,63.53739056650029,0
13.77,0.213889,34.71,63.324560795950255,0
-40.34,0.215168,34.71,62.65780079128216,0
37.39,0.213889,34.71,63.079315151640635,0
-4.24,0.210051,34.71,63.324560795950255,0
-56.3,0.213889,34.71,63.75735251718032,0
55.69,0.215168,34.71,63.324560795950255,0
31.11,0.216447,34.71,62.457985878508765,0
-35.25,0.213889,34.71,63.75735251718032,0
53.54,0.215168,34.71,62.20932405998316,0
57.99,0.213889,34.68,63.324560795950255,0
-4.77,0.213889,34.68,63.51377803280167,0
11.32,0.212609,34.68,63.079315151640635,0
23.93,0.213889,34.68,63.51377803280167,0
-5.78,0.213889,34.71,63.51377803280167,0
-59.51,0.213889,34.71,63.51377803280167,0
28.57,0.213889,34.71,63.51377803280167,0
20.24,0.212609,34.71,62.64982043070834,0
-38.02,0.213889,34.71,63.75735251718032,0
41.99,0.213889,34.71,64.07027391856539,0
23.89,0.213889,34.71,63.229739838148944,0
-28.01,0.213889,34.71,62.96824596572466,0
-6.12,0.213889,34.68,62.96824596572466,0
16.58,0.21133,34.68,62.96824596572466,0
0.81,0.212609,34.68,62.96824596572466,0
-49.7,0.212609,34.68,62.96824596572466,0
42.5,0.212609,34.71,62.96824596572466,0
32.35,0.21133,34.71,62.96824596572466,0
-7.36,0.212609,34.71,62.96824596572466,0
-55.19,0.213889,34.71,62.96824596572466,0
29.36,0.212609,34.66,63.103090257134,0
17.2,0.216447,34.66,62.64982043070834,0
-21.45,0.213889,34.66,63.51377803280167,0
1.46,0.213889,34.66,62.89674077406555,0
30.28,0.21133,34.71,62.89674077406555,0
41.82,0.212609,34.71,62.89674077406555,0
-59.2,0.206214,34.71,62.89674077406555,0
19.13,0.212609,34.71,62.89674077406555,0
6.58,0.215168,34.71,62.89674077406555,0
-31.38,0.215168,34.71,62.89674077406555,0
24.19,0.216447,34.71,62.89674077406555,0
8.33,0.213889,34.71,63.75735251718032,0
-24.46,0.215168,34.73,62.89674077406555,0
-16.46,0.213889,34.73,62.89674077406555,0
16.24,0.213889,34.73,62.89674077406555,0
3.27,0.213889,34.73,62.89674077406555,0
-58.16,0.212609,34.68,63.34824385884742,0
31.59,0.212609,34.68,62.96824596572466,0
30.24,0.213889,34.68,63.812224534175265,0
22.15,0.215168,34.68,67.96322535018479,0
129.95,0.21133,34.71,59.62382074305537,0
-1.52,0.212609,34.71,66.25707509390978,0
-133.52,0.219005,34.71,62.91263784010332,0
-131.08,0.217726,34.71,63.75735251718032,0
50.13,0.217726,34.71,63.33245613427605,0
-24.17,0.217726,34.71,64.25729530566937,0
-14.61,0.215168,34.71,61.97580172938467,0
58.32,0.215168,34.71,63.84355879804947,0
121.71,0.215168,34.68,62.65780079128216,0
33.31,0.216447,34.68,63.54525946126902,0
5.88,0.215168,34.68,63.2771680782255,0
-158.83,0.217726,34.68,63.54525946126902,0
-152.9,0.217726,34.68,62.77738446287803,0
33.9,0.217726,34.68,63.96092557178953,0
13.41,0.220284,34.68,60.70420084310476,0
31.7,0.217726,34.68,61.886993787063204,0
19.96,0.219005,34.71,64.69930447848725,0
-1.14,0.216447,34.71,63.324560795950255,0
6.08,0.217726,34.71,63.15853069855251,0
0.42,0.215168,34.71,64.01562309311689,0
29.91,0.216447,34.71,63.324560795950255,0
99.47,0.216447,34.71,62.89674077406555,0
59.84,0.216447,34.71,63.324560795950255,0
-54.47,0.215168,34.71,63.324560795950255,0
-14.5,0.215168,34.68,63.75735251718032,0
-27.25,0.217726,34.68,63.34824385884742,0
31.49,0.215168,34.68,63.34824385884742,0
-56.11,0.216447,34.68,62.89674077406555,0
-36.07,0.215168,34.71,62.96824596572466,0
-31.46,0.215168,34.71,62.49799996799898,0
-88.36,0.215168,34.71,62.49799996799898,0
10.6,0.215168,34.71,63.812224534175265,0
36.9,0.216447,34.73,62.96824596572466,0
-28.01,0.213889,34.73,62.96824596572466,0
-24.6,0.21133,34.73,62.96824596572466,0
-9.89,0.213889,34.73,62.96824596572466,0
200.66,0.215168,34.73,62.88083968904996,0
3.25,0.212609,34.73,62.88083968904996,0
-125.24,0.215168,34.73,63.89053137985315,0
99.24,0.21133,34.73,62.849025449882674,0
-2.32,0.213889,34.73,63.06346010171025,0
1.32,0.213889,34.73,63.812224534175265,0
-49.9,0.215168,34.73,63.079315151640635,0
32.24,0.212609,34.73,62.96824596572466,0
17.3,0.213889,34.71,63.7102817447859,0
7.09,0.213889,34.71,63.7102817447859,0
126.96,0.212609,34.71,63.45076831686122,0
30.54,0.213889,34.71,63.7102817447859,0
-66.86,0.212609,34.73,63.7102817447859,0
-157.63,0.215168,34.73,63.45076831686122,0
-26.15,0.206214,34.73,62.96824596572466,0
2.26,0.212609,34.73,63.45076831686122,0
-62.47,0.21133,34.73,63.45076831686122,0
104.33,0.212609,34.73,63.7102817447859,0
48.41,0.213889,34.73,62.88083968904996,0
-70.23,0.215168,34.73,62.88083968904996,0
29.91,0.213889,34.73,63.3798075099633,0
15.47,0.213889,34.73,63.3798075099633,0
-39.35,0.215168,34.73,63.3798075099633,0
-16.13,0.215168,34.73,63.229739838148944,0
-87.05,0.215168,34.71,62.76145313805282,0
-63.47,0.212609,34.71,62.76145313805282,0
174.87,0.215168,34.71,63.229739838148944,0
150.49,0.210051,34.71,62.76145313805282,0
-55.37,0.213889,34.71,63.7102817447859,0
42.82,0.213889,34.71,62.56196927846821,0
-3.45,0.213889,34.71,63.079315151640635,0
-38.99,0.212609,34.71,62.8410693734599,0
-94.33,0.213889,34.75,63.35613624582863,0
90.92,0.215168,34.75,63.079315151640635,0
-5.43,0.212609,34.75,63.079315151640635,0
-64.97,0.213889,34.75,62.88083968904996,0
-96.46,0.212609,34.73,63.7102817447859,0
57.1,0.213889,34.73,63.94528911499267,0
72.51,0.212609,34.73,64.66065264130884,0
-23.48,0.213889,34.73,62.433965115151864,0
-36.76,0.21133,34.71,61.66846844214635,0
29.8,0.212609,34.71,63.245553203367585,0
-109.49,0.213889,34.71,63.914004725099176,0
-74.79,0.215168,34.71,64.4437739428721,0
163.81,0.216447,34.71,64.13267497929586,0
123.63,0.215168,34.71,63.54525946126902,0
54.49,0.216447,34.71,61.773780845922005,0
22.94,0.213889,34.71,60.96720429870473,0
2.58,0.216447,34.73,62.68173577685928,0
-104.55,0.215168,34.73,71.5122367151245,0
-165.17,0.217726,34.73,63.56886030125127,0
68.01,0.215168,34.73,63.631753079732135,0
31.12,0.215168,34.73,63.095166217389426,0
-4.18,0.210051,34.73,63.655321851358195,0
96.73,0.215168,34.73,62.185207244167,0
-37.45,0.216447,34.73,63.43500610861482,0
-218.62,0.216447,34.71,63.39558344238185,0
64.4,0.215168,34.71,63.655321851358195,0
44.49,0.213889,34.71,63.41135544995076,0
-56.05,0.213889,34.71,74.21590126111789,0
81.71,0.212609,34.71,66.61831579978588,0
8.87,0.219005,34.71,53.9351462406472,0
-98.79,0.217726,34.71,61.38403701289123,0
33.0,0.219005,34.71,61.87891401761993,0
0.74,0.217726,34.73,62.65780079128216,0
137.09,0.221564,34.73,63.2771680782255,0
203.36,0.221564,34.73,62.03224967708329,0
-128.47,0.220284,34.73,62.00806399170998,0
-99.3,0.220284,34.68,64.63745044476924,0
28.64,0.217726,34.68,61.47357155721473,0
-13.91,0.219005,34.68,63.75735251718032,0
-86.6,0.216447,34.68,63.229739838148944,0
73.18,0.219005,34.73,63.7102817447859,0
48.7,0.215168,34.73,62.8410693734599,0
-25.1,0.219005,34.73,62.8410693734599,0
-174.83,0.21133,34.73,62.8410693734599,0
50.07,0.219005,34.75,62.8410693734599,0
66.16,0.221564,34.75,63.13477647065839,0
-15.49,0.215168,34.75,63.647466563878254,0
23.08,0.216447,34.75,62.849025449882674,0
12.99,0.216447,34.75,62.849025449882674,0
-24.51,0.217726,34.75,62.849025449882674,0
-52.24,0.215168,34.75,62.849025449882674,0
28.69,0.216447,34.75,63.15853069855251,0
32.4,0.216447,34.75,62.849025449882674,0
-10.57,0.217726,34.75,62.849025449882674,0
17.42,0.216447,34.75,62.849025449882674,0
7.17,0.217726,34.75,62.849025449882674,0
2.34,0.217726,34.75,62.849025449882674,0
-45.89,0.217726,34.75,64.17164482853778,0
29.43,0.216447,34.75,59.715994507334464,0
30.19,0.213889,34.75,60.95079983068311,0
-7.18,0.215168,34.75,63.66317616958802,0
67.35,0.213889,34.75,63.229739838148944,0
195.47,0.215168,34.75,61.72519744804386,0
-216.91,0.216447,34.75,68.47627326307996,0
-111.72,0.219005,34.75,69.20260110718382,0
26.37,0.219005,34.75,62.20128616033595,0
-4.81,0.220284,34.75,62.489999199871974,0
-11.73,0.220284,34.75,63.90618123468183,0
-29.96,0.219005,34.77,63.90618123468183,0
-14.68,0.220284,34.77,63.0,0
33.88,0.217726,34.77,62.68971207462992,0
-5.3,0.220284,34.77,62.89674077406555,0
-48.85,0.217726,34.75,62.89674077406555,0
35.38,0.221564,34.75,64.20280367709809,0
7.6,0.217726,34.75,63.31666447310692,0
-47.75,0.222843,34.75,64.19501538281614,0
23.12,0.221564,34.77,63.41135544995076,0
-7.6,0.222843,34.77,64.26507605223851,0
24.45,0.222843,34.77,65.42935121182236,0
19.75,0.224122,34.77,62.39390995922599,0
-24.8,0.221564,34.77,63.57672530100933,0
41.28,0.220284,34.77,63.06346010171025,0
12.58,0.221564,34.77,63.06346010171025,0
-51.26,0.222843,34.77,63.06346010171025,0
40.11,0.222843,34.79,63.57672530100933,0
18.5,0.220284,34.79,63.06346010171025,0
-36.48,0.221564,34.79,63.06346010171025,0
34.74,0.221564,34.79,63.06346010171025,0
12.69,0.221564,34.77,63.57672530100933,0
-37.66,0.222843,34.77,63.57672530100933,0
33.29,0.221564,34.77,63.57672530100933,0
14.7,0.220284,34.77,63.57672530100933,0
-25.11,0.219005,34.77,62.74551776820397,0
21.5,0.220284,34.77,63.57672530100933,0
12.9,0.220284,34.77,63.57672530100933,0
-8.86,0.220284,34.77,63.57672530100933,0
-42.75,0.221564,34.79,62.74551776820397,0
12.59,0.215168,34.79,62.74551776820397,0
6.32,0.220284,34.79,63.2771680782255,0
-40.75,0.221564,34.79,63.2771680782255,0
33.39,0.220284,34.75,63.2771680782255,0
15.46,0.222843,34.75,63.57672530100933,0
-21.56,0.220284,34.75,63.57672530100933,0
30.86,0.220284,34.75,62.74551776820397,0
9.28,0.219005,34.77,63.57672530100933,0
-18.98,0.220284,34.77,63.2771680782255,0
16.35,0.220284,34.77,63.2771680782255,0
3.05,0.219005,34.77,63.2771680782255,0
-14.88,0.221564,34.75,63.2771680782255,0
22.84,0.222843,34.75,63.2771680782255,0
0.26,0.220284,34.75,63.2771680782255,0
-16.8,0.221564,34.75,63.2771680782255,0
46.24,0.220284,34.75,64.63745044476924,0
12.49,0.221564,34.75,63.00793600809346,0
-42.72,0.220284,34.75,62.65780079128216,0
38.47,0.221564,34.75,63.57672530100933,0
16.38,0.213889,34.75,63.2771680782255,0
-37.27,0.222843,34.75,62.74551776820397,0
39.75,0.222843,34.75,62.74551776820397,0
11.91,0.221564,34.75,63.2771680782255,0
-42.7,0.222843,34.77,63.2771680782255,0
26.12,0.221564,34.77,63.2771680782255,0
11.23,0.222843,34.77,60.56401571890688,0
-31.01,0.222843,34.77,61.644140029689765,0
28.0,0.222843,34.79,62.385895841928885,0
11.85,0.221564,34.79,64.5600495662759,0
-32.58,0.219005,34.79,60.71243694664216,0
-0.21,0.219005,34.79,62.30569797378086,0
-0.41,0.220284,34.77,64.8459713474939,0
-27.01,0.219005,34.77,59.04235767650204,0
5.81,0.219005,34.77,66.87301398920195,0
-2.05,0.222843,34.77,61.603571325045756,0
-24.58,0.22668,34.75,62.80127387243033,0
18.77,0.231797,34.75,62.56196927846821,0
186.32,0.229239,34.75,58.957611891934704,0
-59.41,0.22796,34.75,63.3798075099633,0
-15.72,0.224122,34.77,62.24146527838174,0
51.03,0.22668,34.77,66.67083320313314,0
-94.83,0.225401,34.77,62.89674077406555,0
-46.25,0.22668,34.77,63.28506932918696,0
-19.59,0.225401,34.77,63.35613624582863,0
-2.3,0.224122,34.77,63.324560795950255,0
-1.5,0.222843,34.77,62.93647591023825,0
1.83,0.221564,34.77,63.387695966961914,0
2.05,0.222843,34.75,62.976185975335156,0
-23.53,0.224122,34.75,63.773035054010094,0
42.1,0.222843,34.75,63.773035054010094,0
20.71,0.220284,34.75,62.976185975335156,0
-42.6,0.221564,34.77,62.976185975335156,0
33.96,0.219005,34.77,64.17164482853778,0
16.01,0.224122,34.77,62.976185975335156,0
-18.31,0.222843,34.77,63.324560795950255,0
19.13,0.221564,34.75,62.93647591023825,0
5.13,0.222843,34.75,65.45991139621256,0
-7.2,0.222843,34.75,60.11655346075655,0
18.72,0.222843,34.75,62.8728876384726,0
22.99,0.222843,34.75,62.48199740725323,0
43.48,0.219005,34.75,75.98684096605149,0
40.97,0.213889,34.75,57.89645930452051,0
-151.07,0.216447,34.75,58.146367040426526,0
-56.3,0.216447,34.75,64.76109943476871,0
92.79,0.222843,34.75,65.02307282803544,0
34.87,0.221564,34.75,63.8200595424354,0
85.12,0.221564,34.75,62.457985878508765,0
53.8,0.220284,34.73,65.4217089351845,0
-170.77,0.222843,34.73,61.644140029689765,0
-48.02,0.215168,34.73,62.5939294181153,0
-20.11,0.220284,34.73,63.96092557178953,0
-1.23,0.221564,34.77,63.8200595424354,0
19.7,0.220284,34.77,64.389440128021,0
-24.8,0.220284,34.77,63.7102817447859,0
-12.26,0.219005,34.77,63.7102817447859,0
47.41,0.221564,34.75,63.50590523722971,0
24.88,0.220284,34.75,63.03967004989794,0
-35.03,0.224122,34.75,64.09368143584827,0
48.51,0.222843,34.75,62.976185975335156,0
44.11,0.225401,34.75,63.58458932791813,0
-8.77,0.22796,34.75,61.30252849597641,0
-31.42,0.225401,34.75,59.57348403442592,0
17.29,0.225401,34.75,66.6783323126786,0
18.2,0.230518,34.75,62.81719509815764,0
-1.87,0.230518,34.75,74.47147104764348,0
-38.75,0.229239,34.75,54.662601474865795,0
-12.92,0.224122,34.75,57.532599454570104,0
-33.98,0.234355,34.77,69.0,0
56.85,0.239472,34.77,54.26785420486054,0
103.62,0.24203,34.77,64.15605972938177,0
-35.31,0.252264,34.77,66.24952830020754,0
-11.49,0.261218,34.75,66.2117814289874,0
-33.56,0.266335,34.75,62.5859409132754,0
-32.87,0.268893,34.75,64.07807737440318,0
-51.39,0.272731,34.75,65.6505902486794,0
10.37,0.27401,34.73,65.25335240430181,0
67.54,0.27401,34.73,62.928530890209096,0
238.48,0.276568,34.73,60.50619802962338,0
-109.6,0.272731,34.73,69.32532004974806,0
-57.25,0.270172,34.73,60.94259594077036,0
-75.38,0.280406,34.73,69.82120021884471,0
-30.08,0.280406,34.73,60.60528029800704,0
3.05,0.284243,34.73,60.27437266367855,0
50.56,0.284243,34.75,65.6505902486794,0
70.31,0.282964,34.75,63.474404290233394,0
161.39,0.281685,34.75,62.545983084447556,0
90.26,0.276568,34.75,61.237243569579455,0
-395.81,0.275289,34.73,62.77738446287803,0
34.44,0.282964,34.73,64.4437739428721,0
21.91,0.275289,34.73,62.94441992742486,0
-21.03,0.282964,34.73,61.22907805936653,0
93.31,0.284243,34.75,66.10597552415364,0
95.79,0.286802,34.75,62.93647591023825,0
-110.38,0.28936,34.75,62.94441992742486,0
26.13,0.279126,34.75,57.723478758647246,0
43.59,0.285522,34.75,75.45197147855052,0
-14.21,0.284243,34.75,63.340350488452465,0
39.31,0.285522,34.75,63.88270501473775,0
15.4,0.281685,34.75,67.5721836261046,0
-22.75,0.284243,34.75,69.57010852370435,0
54.04,0.284243,34.75,66.67083320313314,0
8.99,0.280406,34.75,60.0416522091123,0
-20.37,0.282964,34.75,63.72597586541927,0
55.17,0.282964,34.71,63.324560795950255,0
-12.34,0.284243,34.71,61.1310068623117,0
-42.21,0.281685,34.71,63.89053137985315,0
204.22,0.284243,34.71,63.15853069855251,0
88.64,0.282964,34.73,61.36774397026503,0
-306.88,0.286802,34.73,62.56196927846821,0
-72.66,0.284243,34.73,61.35144660071187,0
-30.56,0.286802,34.73,67.49814812274482,0
-14.3,0.286802,34.75,68.67313885355759,0
1.8,0.286802,34.75,65.67343450741707,0
-15.2,0.282964,34.75,64.91532946846992,0
-14.7,0.285522,34.75,63.03967004989794,0
3.23,0.286802,34.75,61.71709649683789,0
-38.73,0.284243,34.75,64.19501538281614,0
24.99,0.284243,34.75,62.489999199871974,0
28.27,0.282964,34.75,62.545983084447556,0
5.39,0.284243,34.75,64.59876159803684,0
74.44,0.282964,34.75,62.76145313805282,0
15.88,0.284243,34.75,61.48983655857283,0
-41.66,0.281685,34.75,63.57672530100933,0
20.78,0.285522,34.75,62.64982043070834,0
11.34,0.285522,34.75,64.69930447848725,0
-40.34,0.282964,34.75,62.88083968904996,0
18.1,0.284243,34.75,63.75735251718032,0
23.64,0.284243,34.75,64.07807737440318,0
-20.71,0.276568,34.75,63.52952069707436,0
8.09,0.284243,34.75,62.617888817813075,0
-6.97,0.290639,34.75,63.190189111918315,0
-8.16,0.290639,34.73,63.75735251718032,0
-3.43,0.291918,34.73,62.617888817813075,0
-23.0,0.290639,34.73,63.198101237299845,0
21.05,0.288081,34.73,63.0,0
-0.32,0.288081,34.73,64.19501538281614,0
-2.07,0.288081,34.73,63.05553108173778,0
54.36,0.28936,34.73,63.05553108173778,0
-23.09,0.28936,34.73,63.89053137985315,0
-42.11,0.288081,34.73,62.96824596572466,0
-0.3,0.28936,34.73,63.97655820689325,0
-16.83,0.28936,34.73,63.05553108173778,0
1.31,0.288081,34.73,63.05553108173778,0
12.59,0.288081,34.75,63.05553108173778,0
-5.49,0.288081,34.75,63.97655820689325,0
-29.82,0.286802,34.75,63.05553108173778,0
10.42,0.286802,34.75,63.97655820689325,0
22.28,0.286802,34.75,63.97655820689325,0
-26.93,0.288081,34.75,63.97655820689325,0
11.36,0.288081,34.75,63.97655820689325,0
8.7,0.286802,34.75,63.05553108173778,0
-14.59,0.285522,34.71,63.15853069855251,0
15.95,0.288081,34.71,63.15853069855251,0
6.56,0.28936,34.71,64.07807737440318,0
-10.42,0.286802,34.71,63.05553108173778,0
20.23,0.284243,34.73,63.15853069855251,0
15.12,0.286802,34.73,64.07807737440318,0
-15.62,0.285522,34.73,63.72597586541927,0
36.28,0.286802,34.73,63.0,0
7.42,0.288081,34.73,63.72597586541927,0
-22.89,0.286802,34.73,63.56099432828282,0
23.23,0.284243,34.73,63.15853069855251,0
16.86,0.282964,34.73,63.54525946126902,0
-10.23,0.284243,34.73,63.608175575157006,0
28.08,0.284243,34.73,63.7102817447859,0
10.29,0.282964,34.73,63.7102817447859,0
-31.61,0.282964,34.73,62.78534860936905,0
22.62,0.281685,34.73,62.78534860936905,0
-0.82,0.280406,34.73,63.7102817447859,0
-21.99,0.276568,34.73,63.7102817447859,0
10.15,0.280406,34.73,63.15853069855251,0
4.63,0.281685,34.73,63.15853069855251,0
-16.05,0.280406,34.73,65.11528238439882,0
20.23,0.279126,34.73,63.0,0
3.9,0.281685,34.73,63.35613624582863,0
-19.83,0.282964,34.75,64.27285585688566,0
63.18,0.284243,34.75,67.5721836261046,0
176.91,0.282964,34.75,55.59676249567055,0
-105.83,0.28936,34.75,64.45153217728807,0
-195.78,0.288081,34.75,62.75348595894893,0
35.04,0.290639,34.75,63.35613624582863,0
100.31,0.290639,34.75,61.326992425847855,0
41.19,0.288081,34.75,63.419239982831705,0
-88.47,0.288081,34.73,63.05553108173778,0
-54.52,0.288081,34.73,63.66317616958802,0
-26.76,0.28936,34.73,62.52199612936234,0
24.36,0.288081,34.73,63.39558344238185,0
-56.35,0.28936,34.75,63.03967004989794,0
34.32,0.288081,34.75,64.28841264178172,0
39.16,0.290639,34.75,63.15853069855251,0
-1.81,0.28936,34.75,63.92182725798755,0
-13.27,0.290639,34.71,63.92182725798755,0
10.12,0.291918,34.71,63.15853069855251,0
-8.01,0.294477,34.71,64.07027391856539,0
-22.54,0.28936,34.71,64.45928947793328,0
14.26,0.291918,34.75,66.9776081985614,0
4.96,0.291918,34.75,61.1228271597445,0
-26.06,0.290639,34.75,67.17142249498666,0
34.85,0.293197,34.75,66.79071791798619,0
16.72,0.290639,34.75,64.53681120105021,0
58.37,0.28936,34.75,62.40192304729078,0
-25.04,0.28936,34.75,63.76519426771944,0
-1.51,0.28936,34.75,63.93746945258312,0
-102.26,0.291918,34.75,62.80923498976882,0
-100.11,0.291918,34.75,63.26926584053272,0
34.85,0.28936,34.75,62.78534860936905,0
87.38,0.286802,34.75,67.72001181334805,0
-22.96,0.28936,34.71,60.83584469702052,0
-7.88,0.288081,34.71,63.85138996137829,0
57.06,0.28936,34.71,65.75712889109438,0
4.31,0.288081,34.71,62.68173577685928,0
-16.82,0.28936,34.73,63.4428877022476,0
-34.91,0.288081,34.73,64.06246951218786,0
-82.4,0.288081,34.73,63.03967004989794,0
-31.74,0.288081,34.73,63.41135544995076,0
11.28,0.288081,34.68,63.03967004989794,0
-29.73,0.288081,34.68,63.03967004989794,0
60.8,0.286802,34.68,63.03967004989794,0
44.64,0.288081,34.68,63.03967004989794,0
-8.84,0.286802,34.75,63.03967004989794,0
48.69,0.286802,34.75,63.03967004989794,0
34.26,0.285522,34.75,63.03967004989794,0
-6.91,0.288081,34.75,63.41135544995076,0
15.06,0.286802,34.71,63.41135544995076,0
20.93,0.286802,34.71,63.41135544995076,0
1.72,0.288081,34.71,63.41135544995076,0
-17.8,0.288081,34.71,63.41135544995076,0
11.9,0.286802,34.71,63.41135544995076,0
3.56,0.286802,34.71,63.41135544995076,0
-24.28,0.286802,34.71,63.41135544995076,0
7.68,0.285522,34.71,62.76941930590086,0
-1.48,0.281685,34.71,63.41135544995076,0
-43.6,0.286802,34.71,63.41135544995076,0
12.11,0.286802,34.71,63.41135544995076,0
4.9,0.286802,34.71,62.76941930590086,0
-48.55,0.285522,34.73,62.76941930590086,0
15.57,0.286802,34.73,62.76941930590086,0
11.84,0.286802,34.73,62.76941930590086,0
-39.87,0.284243,34.73,62.76941930590086,0
25.41,0.285522,34.71,62.76941930590086,0
14.21,0.284243,34.71,62.76941930590086,0
-28.75,0.284243,34.71,62.76941930590086,0
31.1,0.285522,34.71,62.76941930590086,0
14.09,0.285522,34.73,62.76941930590086,0
-21.12,0.285522,34.73,63.82789358893179,0
26.87,0.282964,34.73,63.15853069855251,0
11.13,0.284243,34.73,63.15853069855251,0
-17.31,0.284243,34.73,63.15853069855251,0
27.53,0.284243,34.73,63.15853069855251,0
8.8,0.279126,34.73,63.15853069855251,0
-40.17,0.280406,34.73,63.4428877022476,0
24.94,0.276568,34.75,63.82789358893179,0
6.77,0.282964,34.75,63.15853069855251,0
-47.37,0.284243,34.75,63.15853069855251,0
11.42,0.281685,34.75,63.15853069855251,0
-1.96,0.282964,34.75,63.15853069855251,0
-13.74,0.281685,34.75,63.82789358893179,0
14.58,0.282964,34.75,63.82789358893179,0
-4.7,0.282964,34.75,63.82789358893179,0
-4.95,0.284243,34.73,63.82789358893179,0
15.07,0.281685,34.73,63.15853069855251,0
-3.45,0.281685,34.73,63.15853069855251,0
-25.4,0.281685,34.73,63.4428877022476,0
11.76,0.281685,34.71,63.4428877022476,0
4.81,0.282964,34.71,63.4428877022476,0
-43.18,0.281685,34.71,63.82789358893179,0
21.59,0.281685,34.71,63.4428877022476,0
16.71,0.280406,34.73,63.82789358893179,0
-21.41,0.281685,34.73,63.82789358893179,0
29.39,0.282964,34.73,62.52999280345393,0
14.23,0.282964,34.73,63.82789358893179,0
-22.47,0.279126,34.71,63.82789358893179,0
27.08,0.280406,34.71,63.15853069855251,0
12.66,0.280406,34.71,63.15853069855251,0
-25.12,0.279126,34.71,62.76941930590086,0
12.4,0.280406,34.71,63.82789358893179,0
13.6,0.279126,34.71,63.82789358893179,0
-13.54,0.280406,34.71,63.82789358893179,0
-16.1,0.279126,34.71,63.647466563878254,0
15.9,0.279126,34.73,53.291650377896914,0
5.57,0.277847,34.73,74.76630257007497,0
-17.83,0.267614,34.73,62.13694553162394,0
123.46,0.265056,34.73,52.26853738148792,0
33.24,0.268893,34.71,66.01514977639603,0
-77.35,0.276568,34.71,69.46221994724903,0
-6.59,0.277847,34.71,61.814237842102365,0
125.43,0.282964,34.71,62.44197306299666,0
48.56,0.284243,34.68,64.60650122085238,0
19.07,0.28936,34.68,62.8728876384726,0
-87.85,0.28936,34.68,63.60031446463138,0
-45.43,0.293197,34.68,65.7419196555744,0
-1.71,0.295756,34.68,51.59457335805772,0
-0.46,0.298314,34.68,64.53681120105021,0
14.52,0.299593,34.68,68.9129886160802,0
-13.25,0.299593,34.68,62.82515419798029,0
-15.63,0.30471,34.68,47.77028364998475,0
42.94,0.308547,34.68,67.74953874381728,0
10.45,0.314943,34.68,61.70899448216605,0
-33.95,0.322618,34.68,60.340699366182356,0
22.48,0.329014,34.71,56.96490147450446,0
8.5,0.334131,34.71,72.22188034107116,0
62.09,0.349481,34.71,46.850827100489916,0
27.57,0.358435,34.71,73.37574531137656,0
-48.58,0.359714,34.66,65.49045732013177,0
10.29,0.352039,34.66,56.02677931132576,0
3.9,0.355877,34.66,74.11477585475112,0
-6.55,0.355877,34.66,60.61352984276695,0
73.35,0.352039,34.71,59.27900134111572,0
3.22,0.352039,34.71,60.174745533321534,0
-18.89,0.35076,34.71,64.01562309311689,0
5.51,0.349481,34.71,63.0158710167526,0
7.49,0.345644,34.71,63.06346010171025,0
-29.78,0.344364,34.71,67.24581771381771,0
66.28,0.340527,34.71,59.20304046246274,0
2.02,0.336689,34.71,64.07027391856539,0
-21.91,0.330293,34.71,60.868711174132805,0
16.78,0.332852,34.71,61.53048025166064,0
-13.76,0.334131,34.71,54.00925846556311,0
54.11,0.329014,34.71,63.60031446463138,0
50.0,0.334131,34.71,64.63745044476924,0
-20.92,0.336689,34.71,64.25729530566937,0
-0.2,0.337968,34.71,60.597029630172464,0
22.77,0.33541,34.71,56.3382640840131,0
-86.21,0.337968,34.71,70.14983962918234,0
-47.37,0.337968,34.71,64.03124237432849,0
-53.01,0.339248,34.71,62.56196927846821,0
147.35,0.336689,34.71,62.489999199871974,0
69.02,0.339248,34.73,62.489999199871974,0
-173.29,0.343085,34.73,62.609903369994115,0
-51.39,0.337968,34.73,61.94352266379432,0
-3.16,0.344364,34.73,62.74551776820397,0
46.34,0.344364,34.71,62.609903369994115,0
4.41,0.345644,34.71,62.74551776820397,0
-27.2,0.346923,34.71,63.324560795950255,0
7.85,0.348202,34.71,63.324560795950255,0
-10.44,0.35076,34.71,70.46985170979147,0
31.32,0.352039,34.71,64.68384651518491,0
3.0,0.35076,34.71,65.91661399070799,0
-14.94,0.348202,34.71,81.42481194328913,0
-36.17,0.345644,34.71,51.749396131742444,0
163.59,0.344364,34.71,62.93647591023825,0
99.74,0.343085,34.71,64.319514923544,0
-159.49,0.339248,34.71,61.87083319303208,0
10.72,0.337968,34.68,59.74110812497538,0
-15.2,0.340527,34.68,63.56886030125127,0
-37.21,0.343085,34.68,62.89674077406555,0
3.38,0.340527,34.68,63.56886030125127,0
0.59,0.339248,34.71,64.94613152451807,0
-55.54,0.339248,34.71,63.06346010171025,0
-58.71,0.339248,34.71,62.5939294181153,0
61.86,0.339248,34.71,63.733821476512766,0
54.82,0.337968,34.71,63.324560795950255,0
38.14,0.334131,34.71,63.85138996137829,0
-97.9,0.329014,34.71,61.91122676865643,0
-146.81,0.330293,34.71,62.88083968904996,0
83.62,0.329014,34.71,65.27633568147036,0
15.56,0.326456,34.71,64.6297145282261,0
18.26,0.327735,34.71,63.773035054010094,0
3.23,0.326456,34.71,63.15853069855251,0
-106.67,0.331573,34.71,63.3798075099633,0
103.79,0.331573,34.71,65.22269543648132,0
90.57,0.332852,34.71,54.71745608121781,0
-30.68,0.322618,34.71,54.08326913195984,0
-25.22,0.323898,34.71,64.42049363362563,0
-40.54,0.334131,34.71,65.06150935845248,0
-6.69,0.332852,34.71,63.51377803280167,0
25.43,0.336689,34.71,53.88877434122992,0
-15.65,0.339248,34.73,75.49172140042907,0
-13.37,0.341806,34.73,63.0317380372777,0
-0.2,0.341806,34.73,62.489999199871974,0
-7.66,0.341806,34.73,63.324560795950255,0
-8.95,0.340527,34.68,63.324560795950255,0
70.4,0.343085,34.68,63.324560795950255,0
-24.97,0.345644,34.68,63.324560795950255,0
0.12,0.348202,34.68,63.56886030125127,0
-21.91,0.352039,34.71,63.324560795950255,0
14.49,0.357156,34.71,63.324560795950255,0
7.24,0.363552,34.71,63.095166217389426,0
21.31,0.36739,34.71,62.75348595894893,0
-4.26,0.371227,34.68,62.75348595894893,0
21.3,0.375065,34.68,63.56886030125127,0
1.8,0.38274,34.68,63.45076831686122,0
7.3,0.378902,34.68,63.324560795950255,0
-2.27,0.38146,34.68,63.324560795950255,0
-7.61,0.38146,34.68,63.324560795950255,0
5.27,0.38274,34.68,63.095166217389426,0
-3.83,0.373785,34.68,63.095166217389426,0
-12.94,0.380181,34.71,63.095166217389426,0
3.71,0.378902,34.71,63.095166217389426,0
1.41,0.376344,34.71,62.68173577685928,0
-14.17,0.384019,34.71,62.88083968904996,0
9.58,0.390415,34.71,62.88083968904996,0
7.2,0.400648,34.71,62.88083968904996,0
-3.59,0.404486,34.71,62.88083968904996,0
-24.58,0.408323,34.71,62.88083968904996,0
8.69,0.407044,34.71,62.88083968904996,0
6.88,0.412161,34.71,62.88083968904996,0
-11.34,0.409602,34.71,62.88083968904996,0
7.1,0.410881,34.71,62.88083968904996,0
6.59,0.408323,34.71,62.88083968904996,0
-3.21,0.410881,34.71,62.88083968904996,0
-28.1,0.409602,34.71,63.095166217389426,0
15.46,0.410881,34.71,63.095166217389426,0
12.91,0.403206,34.71,62.88083968904996,0
-14.81,0.412161,34.71,63.095166217389426,0
17.99,0.414719,34.71,62.88083968904996,0
12.07,0.41344,34.71,63.85138996137829,0
-5.36,0.414719,34.68,62.88083968904996,0
-6.12,0.414719,34.68,62.88083968904996,0
7.2,0.409602,34.68,62.88083968904996,0
-2.23,0.412161,34.68,62.88083968904996,0
9.37,0.414719,34.71,63.095166217389426,0
5.21,0.415998,34.71,63.095166217389426,0
-16.66,0.421115,34.71,63.095166217389426,0
18.18,0.422394,34.71,63.324560795950255,0
4.66,0.423673,34.68,63.095166217389426,0
-11.36,0.424952,34.68,63.095166217389426,0
8.65,0.427511,34.68,63.095166217389426,0
-4.42,0.422394,34.68,63.095166217389426,0
15.2,0.418557,34.68,63.85138996137829,0
2.9,0.415998,34.68,63.095166217389426,0
-14.82,0.414719,34.68,63.095166217389426,0
16.02,0.405765,34.68,63.095166217389426,0
5.95,0.412161,34.71,63.324560795950255,0
-11.72,0.412161,34.71,63.324560795950255,0
3.01,0.410881,34.71,63.324560795950255,0
-4.67,0.407044,34.71,63.095166217389426,0
1.48,0.408323,34.68,63.095166217389426,0
13.91,0.407044,34.68,63.095166217389426,0
0.15,0.405765,34.68,63.324560795950255,0
4.55,0.405765,34.68,63.095166217389426,0
13.98,0.404486,34.68,63.095166217389426,0
-3.53,0.405765,34.68,63.324560795950255,0
8.52,0.407044,34.68,63.324560795950255,0
-8.26,0.41344,34.68,63.095166217389426,0
-16.7,0.422394,34.68,63.324560795950255,0
-2.24,0.437744,34.68,63.324560795950255,0
-7.54,0.441582,34.68,63.095166217389426,0
10.62,0.454373,34.68,63.324560795950255,0
4.67,0.456932,34.68,63.324560795950255,0
-20.08,0.455653,34.68,63.324560795950255,0
-7.06,0.453094,34.68,63.324560795950255,0
9.14,0.450536,34.68,63.324560795950255,0
2.28,0.447978,34.68,63.324560795950255,0
5.65,0.445419,34.68,63.324560795950255,0
-12.15,0.445419,34.68,63.324560795950255,0
-15.83,0.442861,34.68,63.324560795950255,0
25.82,0.442861,34.66,63.20601237224193,0
-5.01,0.441582,34.66,63.324560795950255,0
-44.77,0.445419,34.66,63.095166217389426,0
13.47,0.442861,34.66,63.095166217389426,0
6.57,0.445419,34.66,63.095166217389426,0
-29.17,0.450536,34.66,63.095166217389426,0
4.86,0.456932,34.66,63.095166217389426,0
2.46,0.460769,34.66,63.324560795950255,0
0.09,0.464607,34.68,63.095166217389426,0
3.54,0.467165,34.68,63.324560795950255,0
-4.57,0.465886,34.68,63.324560795950255,0
11.08,0.463328,34.68,63.324560795950255,0
1.47,0.45949,34.66,63.324560795950255,0
-11.03,0.463328,34.66,63.095166217389426,0
9.88,0.458211,34.66,63.095166217389426,0
8.41,0.458211,34.66,63.324560795950255,0
-15.43,0.453094,34.65,63.095166217389426,0
13.16,0.456932,34.65,63.324560795950255,0
3.5,0.455653,34.65,63.324560795950255,0
-27.41,0.458211,34.65,63.324560795950255,0
17.16,0.463328,34.66,63.324560795950255,0
18.23,0.465886,34.66,63.324560795950255,0
-26.91,0.467165,34.66,63.095166217389426,0
5.47,0.464607,34.66,63.095166217389426,0
-2.65,0.469723,34.66,62.12889826803627,0
-6.74,0.468444,34.66,63.095166217389426,0
3.74,0.469723,34.66,63.095166217389426,0
-16.35,0.468444,34.66,63.324560795950255,0
-22.01,0.467165,34.71,63.095166217389426,0
18.83,0.462048,34.71,63.324560795950255,0
61.5,0.464607,34.71,63.095166217389426,0
11.82,0.465886,34.71,63.095166217389426,0
-25.85,0.469723,34.66,63.324560795950255,0
-4.64,0.471003,34.66,63.095166217389426,0
2.06,0.476119,34.66,63.324560795950255,0
-18.97,0.483794,34.66,63.324560795950255,0
19.84,0.481236,34.66,63.324560795950255,0
8.45,0.488911,34.66,63.095166217389426,0
-17.87,0.485074,34.66,63.324560795950255,0
17.65,0.491469,34.66,63.095166217389426,0
9.44,0.488911,34.68,63.324560795950255,0
-17.26,0.486353,34.68,63.324560795950255,0
15.28,0.477399,34.68,63.324560795950255,0
6.22,0.483794,34.68,63.324560795950255,0
-16.69,0.478678,34.66,63.095166217389426,0
-1.47,0.476119,34.66,62.88083968904996,0
23.16,0.476119,34.66,62.88083968904996,0
15.79,0.477399,34.66,62.88083968904996,0
-37.22,0.477399,34.68,62.88083968904996,0
-8.93,0.482515,34.68,62.88083968904996,0
-0.54,0.486353,34.68,62.88083968904996,0
-14.12,0.488911,34.68,62.88083968904996,0
20.51,0.486353,34.66,62.88083968904996,0
-5.13,0.496586,34.66,62.88083968904996,0
21.39,0.497865,34.66,62.88083968904996,0
13.38,0.492749,34.66,62.88083968904996,0
-22.79,0.491469,34.66,62.88083968904996,0
-3.27,0.492749,34.66,62.88083968904996,0
-9.58,0.488911,34.66,62.88083968904996,0
-33.63,0.485074,34.66,62.68173577685928,0
7.7,0.485074,34.66,62.68173577685928,0
1.25,0.485074,34.66,63.655321851358195,0
-8.21,0.483794,34.66,62.68173577685928,0
5.31,0.488911,34.66,62.88083968904996,0
-7.33,0.492749,34.66,62.88083968904996,0
9.1,0.494028,34.66,62.68173577685928,0
6.05,0.491469,34.66,63.655321851358195,0
2.22,0.488911,34.66,62.68173577685928,0
15.02,0.483794,34.66,62.68173577685928,0
8.05,0.49019,34.66,62.68173577685928,0
-12.32,0.488911,34.66,62.88083968904996,0
15.02,0.486353,34.66,62.88083968904996,0
4.82,0.486353,34.66,62.88083968904996,0
-14.14,0.483794,34.66,62.88083968904996,0
3.96,0.479957,34.66,62.88083968904996,0
-5.21,0.478678,34.66,63.984373092185564,0
-6.68,0.473561,34.65,62.88083968904996,0
18.89,0.469723,34.65,62.88083968904996,0
-8.31,0.468444,34.65,62.88083968904996,0
-23.62,0.47484,34.65,62.88083968904996,0
-2.25,0.482515,34.65,62.88083968904996,0
-6.33,0.488911,34.65,62.88083968904996,0
16.45,0.495307,34.65,62.88083968904996,0
1.88,0.500424,34.65,62.88083968904996,0
-8.1,0.501703,34.63,62.88083968904996,0
25.2,0.504261,34.63,62.88083968904996,0
-0.52,0.502982,34.63,62.88083968904996,0
-26.85,0.500424,34.63,62.88083968904996,0
4.65,0.497865,34.66,62.88083968904996,0
-4.25,0.495307,34.66,62.88083968904996,0
3.98,0.497865,34.66,62.88083968904996,0
12.02,0.497865,34.66,63.85138996137829,0
-6.04,0.496586,34.66,62.88083968904996,0
15.78,0.496586,34.66,62.88083968904996,0
7.31,0.495307,34.66,62.88083968904996,0
-15.06,0.492749,34.66,62.88083968904996,0
19.92,0.492749,34.65,62.88083968904996,0
11.96,0.492749,34.65,62.68173577685928,0
-8.56,0.491469,34.65,62.68173577685928,0
2.49,0.486353,34.65,62.88083968904996,0
-10.19,0.482515,34.66,62.88083968904996,0
9.31,0.486353,34.66,62.88083968904996,0
-0.14,0.487632,34.66,62.68173577685928,0
-22.44,0.496586,34.66,62.88083968904996,0
2.44,0.50554,34.65,62.88083968904996,0
-6.04,0.517053,34.65,63.655321851358195,0
1.47,0.524728,34.65,62.68173577685928,0
6.26,0.532403,34.65,62.68173577685928,0
-9.0,0.531124,34.66,63.0158710167526,0
11.84,0.527286,34.66,62.88083968904996,0
15.77,0.523449,34.66,63.655321851358195,0
-9.66,0.515774,34.66,62.88083968904996,0
-14.89,0.513215,34.65,62.88083968904996,0
12.13,0.508099,34.65,62.68173577685928,0
0.86,0.504261,34.65,62.68173577685928,0
-23.35,0.502982,34.65,62.88083968904996,0
16.65,0.501703,34.65,62.68173577685928,0
2.04,0.504261,34.65,62.68173577685928,0
-14.15,0.499144,34.65,63.655321851358195,0
1.44,0.500424,34.65,63.655321851358195,0
-7.16,0.497865,34.65,62.68173577685928,0
-3.68,0.499144,34.65,62.68173577685928,0
3.13,0.486353,34.65,62.68173577685928,0
-9.11,0.496586,34.65,62.68173577685928,0
12.45,0.495307,34.63,62.68173577685928,0
13.89,0.495307,34.63,62.68173577685928,0
-21.53,0.494028,34.63,62.68173577685928,0
5.31,0.494028,34.63,62.88083968904996,0
-3.39,0.491469,34.63,62.68173577685928,0
-3.41,0.49019,34.63,63.655321851358195,0
3.43,0.491469,34.63,62.68173577685928,0
-12.45,0.491469,34.63,63.655321851358195,0
16.35,0.494028,34.63,62.68173577685928,0
13.37,0.491469,34.63,62.88083968904996,0
-8.67,0.495307,34.63,63.655321851358195,0
13.32,0.491469,34.63,63.655321851358195,0
-3.62,0.494028,34.63,63.655321851358195,0
-24.91,0.492749,34.63,62.68173577685928,0
4.53,0.495307,34.63,62.68173577685928,0
-6.59,0.497865,34.63,62.68173577685928,0
0.36,0.502982,34.63,63.474404290233394,0
6.48,0.50682,34.63,62.32976816898969,0
-9.76,0.50682,34.63,63.29296959378664,0
9.51,0.50682,34.63,63.02380502635492,0
12.61,0.500424,34.63,63.29296959378664,0
7.89,0.502982,34.63,63.15853069855251,0
13.26,0.497865,34.63,63.15853069855251,0
13.25,0.500424,34.63,63.29296959378664,0
-9.68,0.496586,34.63,63.15853069855251,0
-11.35,0.501703,34.63,63.02380502635492,0
0.47,0.500424,34.63,63.15853069855251,0
-18.64,0.50554,34.63,63.15853069855251,0
-6.15,0.510657,34.61,63.29296959378664,0
8.3,0.513215,34.61,63.608175575157006,0
-0.47,0.511936,34.61,62.63385665915839,0
27.5,0.508099,34.61,63.608175575157006,0
11.38,0.50682,34.63,63.655321851358195,0
-12.86,0.50554,34.63,63.608175575157006,0
15.33,0.502982,34.63,62.68173577685928,0
-5.92,0.500424,34.63,63.788713735268246,0
-13.27,0.502982,34.63,62.68173577685928,0
46.56,0.508099,34.63,63.788713735268246,0
32.97,0.519611,34.63,62.68173577685928,0
-35.23,0.532403,34.63,62.68173577685928,0
-13.4,0.536241,34.63,62.68173577685928,0
-25.65,0.542636,34.63,62.68173577685928,0
-49.66,0.541357,34.63,62.63385665915839,0
8.06,0.545195,34.63,62.63385665915839,0
7.58,0.543916,34.61,63.474404290233394,0
-27.48,0.543916,34.61,63.474404290233394,0
8.42,0.53752,34.61,63.608175575157006,0
13.52,0.534961,34.61,63.608175575157006,0
12.68,0.529845,34.59,62.49799996799898,0
13.15,0.529845,34.59,62.63385665915839,0
-12.69,0.528566,34.59,63.608175575157006,0
8.53,0.529845,34.59,63.608175575157006,0
6.55,0.529845,34.63,62.49799996799898,0
-17.41,0.528566,34.63,63.474404290233394,0
16.55,0.529845,34.63,63.608175575157006,0
14.33,0.528566,34.63,62.68173577685928,0
-11.77,0.527286,34.61,63.655321851358195,0
4.84,0.526007,34.61,63.474404290233394,0
-3.0,0.523449,34.61,62.68173577685928,0
12.61,0.52217,34.61,62.81719509815764,0
4.29,0.52089,34.63,63.655321851358195,0
-7.37,0.52217,34.63,63.655321851358195,0
16.37,0.519611,34.63,62.68173577685928,0
-13.84,0.518332,34.63,63.474404290233394,0
-29.65,0.515774,34.61,63.474404290233394,0
6.93,0.515774,34.61,62.68173577685928,0
0.58,0.514495,34.61,63.655321851358195,0
-1.48,0.514495,34.61,63.474404290233394,0
8.49,0.513215,34.63,63.474404290233394,0
-0.32,0.513215,34.63,62.81719509815764,0
14.79,0.513215,34.63,63.655321851358195,0
4.25,0.517053,34.63,62.68173577685928,0
-18.0,0.524728,34.59,62.68173577685928,0
11.99,0.531124,34.59,63.788713735268246,0
7.95,0.531124,34.59,63.788713735268246,0
-15.66,0.529845,34.59,63.474404290233394,0
21.95,0.529845,34.61,62.68173577685928,0
15.92,0.528566,34.61,63.474404290233394,0
-14.72,0.517053,34.61,63.474404290233394,0
16.51,0.52089,34.61,63.655321851358195,0
11.76,0.511936,34.61,63.474404290233394,0
-9.68,0.517053,34.61,63.474404290233394,0
17.16,0.515774,34.61,62.49799996799898,0
10.07,0.515774,34.61,63.474404290233394,0
-20.35,0.517053,34.61,63.608175575157006,0
12.95,0.514495,34.61,63.655321851358195,0
20.52,0.511936,34.61,63.474404290233394,0
-19.26,0.511936,34.61,62.81719509815764,0
10.68,0.510657,34.61,63.655321851358195,0
3.23,0.510657,34.61,62.81719509815764,0
-19.36,0.509378,34.61,62.68173577685928,0
15.94,0.508099,34.61,63.655321851358195,0
14.36,0.509378,34.61,63.474404290233394,0
-8.86,0.50682,34.61,62.49799996799898,0
-23.95,0.509378,34.61,62.49799996799898,0
10.74,0.502982,34.61,63.30876716537765,0
5.12,0.509378,34.61,63.30876716537765,0
-19.55,0.50682,34.61,63.30876716537765,0
23.09,0.509378,34.61,63.4428877022476,0
24.03,0.509378,34.61,63.30876716537765,0
-7.58,0.508099,34.61,63.30876716537765,0
16.83,0.509378,34.61,63.30876716537765,0
5.44,0.50682,34.61,63.4428877022476,0
-14.63,0.508099,34.61,63.4428877022476,0
10.41,0.510657,34.59,63.4428877022476,0
-5.93,0.517053,34.59,63.4428877022476,0
-25.72,0.517053,34.59,63.29296959378664,0
16.78,0.523449,34.59,63.4428877022476,0
9.11,0.52089,34.61,62.465990746965666,0
-30.44,0.527286,34.61,63.30876716537765,0
11.9,0.518332,34.61,63.30876716537765,0
4.88,0.523449,34.61,63.30876716537765,0
6.95,0.519611,34.59,63.30876716537765,0
5.31,0.518332,34.59,63.30876716537765,0
-11.37,0.514495,34.59,63.30876716537765,0
23.44,0.511936,34.59,63.30876716537765,0
7.25,0.509378,34.61,63.30876716537765,0
-22.43,0.508099,34.61,63.4428877022476,0
21.42,0.509378,34.61,63.30876716537765,0
11.21,0.50682,34.61,63.30876716537765,0
-39.46,0.513215,34.59,63.29296959378664,0
-0.76,0.511936,34.59,63.4428877022476,0
-2.1,0.518332,34.59,63.4428877022476,0
-26.72,0.518332,34.59,63.29296959378664,0
8.06,0.518332,34.61,62.465990746965666,0
6.83,0.517053,34.61,63.15853069855251,0
-19.84,0.517053,34.61,63.4428877022476,0
14.27,0.518332,34.61,63.4428877022476,0
14.72,0.518332,34.57,63.4428877022476,0
-14.02,0.52089,34.57,63.608175575157006,0
15.22,0.52089,34.57,63.608175575157006,0
13.47,0.526007,34.57,62.465990746965666,0
-4.47,0.526007,34.59,62.81719509815764,0
15.5,0.532403,34.59,63.0158710167526,0
5.57,0.529845,34.59,62.94441992742486,0
-11.34,0.531124,34.59,63.608175575157006,0
4.94,0.527286,34.59,64.03905058634146,0
15.37,0.524728,34.59,62.68173577685928,0
141.19,0.52217,34.59,64.08587988004847,0
53.09,0.518332,34.59,63.0158710167526,0
-15.28,0.514495,34.59,66.24952830020754,0
-26.99,0.508099,34.59,64.1404708432983,0
0.96,0.510657,34.59,63.89053137985315,0
-136.52,0.513215,34.59,62.03224967708329,0
-65.27,0.514495,34.57,62.976185975335156,0
51.78,0.52089,34.57,63.4428877022476,0
10.01,0.531124,34.57,62.44197306299666,0
-40.73,0.531124,34.57,63.103090257134,0
65.6,0.536241,34.57,78.33900688673555,0
87.19,0.533682,34.57,50.68530358989675,0
-96.97,0.526007,34.57,71.89575787207477,0
-86.86,0.519611,34.57,64.1404708432983,0
-72.99,0.523449,34.57,63.474404290233394,0
25.24,0.519611,34.57,65.06919393998976,0
114.63,0.514495,34.57,64.73020933072904,0
21.37,0.515774,34.57,64.88451279003334,0
13.06,0.517053,34.55,64.66065264130884,0
3.87,0.515774,34.55,64.52131430775415,0
-14.91,0.50554,34.55,64.60650122085238,0
-14.11,0.513215,34.55,63.631753079732135,0
14.54,0.514495,34.55,63.84355879804947,0
-10.52,0.513215,34.55,64.90762667052309,0
-54.91,0.50554,34.55,63.85922016435841,0
15.84,0.495307,34.55,63.190189111918315,0
13.79,0.494028,34.55,63.702433234531945,0
-18.7,0.501703,34.55,53.81449618829484,0
-37.99,0.514495,34.55,78.93034904268447,0
66.72,0.513215,34.55,58.489315263559035,0
31.94,0.514495,34.53,81.81075723888638,0
29.08,0.514495,34.53,83.09632964216891,0
136.92,0.511936,34.53,72.20803279414278,0
-86.06,0.509378,34.53,62.89674077406555,0
-108.56,0.508099,34.5,54.89990892524322,0
4.4,0.50554,34.5,63.72597586541927,0
-88.15,0.508099,34.5,66.89544080129826,0
18.42,0.511936,34.5,61.78996682310163,0
194.56,0.509378,34.55,62.13694553162394,0
-269.16,0.504261,34.55,64.26507605223851,0
-18.7,0.497865,34.55,58.489315263559035,0
50.47,0.499144,34.55,62.849025449882674,0
31.99,0.497865,34.55,63.2771680782255,0
-0.51,0.501703,34.55,62.90468980926621,0
80.94,0.510657,34.55,63.15853069855251,0
185.44,0.515774,34.55,63.15853069855251,0
-328.38,0.515774,34.57,63.66317616958802,0
1.12,0.518332,34.57,67.80855403265875,0
31.78,0.519611,34.57,67.36467917239716,0
-28.07,0.526007,34.57,55.263007518592396,0
49.85,0.519611,34.55,64.7533782902483,0
-45.65,0.524728,34.55,60.489668539346454,0
-58.38,0.52089,34.55,65.3834841531101,0
45.01,0.518332,34.55,61.43289021363068,0
25.54,0.515774,34.55,64.00781202322104,0
8.0,0.517053,34.55,63.66317616958802,0
-6.27,0.513215,34.55,62.433965115151864,0
-41.57,0.508099,34.55,65.67343450741707,0
-30.92,0.504261,34.55,62.5939294181153,0
35.32,0.511936,34.55,65.28399497579785,0
-16.9,0.529845,34.55,69.4334213473598,0
24.58,0.556707,34.55,60.18305409332431,0
-20.0,0.572057,34.57,60.77005841695399,0
61.99,0.572057,34.57,61.652250567193406,0
-24.35,0.579732,34.57,62.44197306299666,0
-69.75,0.577174,34.57,61.28621378417825,0
-6.76,0.56822,34.57,63.7102817447859,0
-18.71,0.563103,34.57,64.20280367709809,0
201.72,0.557986,34.57,60.844062980705026,0
6.83,0.549032,34.57,62.8887907341205,0
-20.33,0.547753,34.5,61.886993787063204,0
-59.78,0.549032,34.5,64.93843238021688,0
-46.1,0.545195,34.5,59.58187643906493,0
34.84,0.543916,34.5,64.1248781675256,0
55.03,0.538799,34.53,63.071388124885914,0
-13.31,0.534961,34.53,62.76145313805282,0
61.13,0.540078,34.53,63.39558344238185,0
43.16,0.540078,34.53,63.14269553954757,0
-63.76,0.532403,34.55,62.26556030423239,0
37.37,0.526007,34.55,59.28743543112655,0
-9.0,0.519611,34.55,61.814237842102365,0
-6.02,0.52217,34.55,64.19501538281614,0
-1.22,0.52089,34.53,63.72597586541927,0
-46.32,0.523449,34.53,62.49799996799898,0
-45.92,0.52089,34.53,62.74551776820397,0
-28.79,0.519611,34.53,63.13477647065839,0
120.74,0.523449,34.53,63.45076831686122,0
111.28,0.524728,34.53,61.98386886924694,0
-7.08,0.531124,34.53,55.5517776493246,0
-81.53,0.528566,34.53,64.68384651518491,0
-66.87,0.531124,34.55,66.23443213314356,0
-108.77,0.523449,34.55,62.41794613730894,0
-50.7,0.518332,34.55,63.984373092185564,0
-96.43,0.517053,34.55,63.095166217389426,0
-41.69,0.515774,34.57,63.387695966961914,0
44.55,0.514495,34.57,62.297672508690084,0
56.56,0.511936,34.57,63.51377803280167,0
9.75,0.510657,34.57,63.51377803280167,0
-23.93,0.510657,34.55,62.63385665915839,0
-113.97,0.514495,34.55,63.095166217389426,0
62.21,0.502982,34.55,63.0,0
46.26,0.509378,34.55,65.03076195155643,0
-18.34,0.50682,34.5,63.198101237299845,0
115.28,0.52217,34.5,62.297672508690084,0
49.35,0.526007,34.5,63.26926584053272,0
-62.36,0.528566,34.5,63.41135544995076,0
-21.29,0.529845,34.55,62.51399843235114,0
-16.41,0.528566,34.55,63.13477647065839,0
21.73,0.531124,34.55,62.90468980926621,0
39.61,0.527286,34.55,62.90468980926621,0
-16.62,0.523449,34.55,63.796551630946325,0
60.75,0.523449,34.55,62.51399843235114,0
47.47,0.52089,34.55,63.796551630946325,0
-49.83,0.515774,34.55,62.90468980926621,0
19.99,0.523449,34.53,62.90468980926621,0
29.0,0.52217,34.53,62.90468980926621,0
11.99,0.526007,34.53,62.90468980926621,0
-29.42,0.523449,34.53,63.30876716537765,0
35.37,0.526007,34.55,62.90468980926621,0
12.71,0.526007,34.55,62.90468980926621,0
-6.8,0.524728,34.55,62.90468980926621,0
-9.84,0.526007,34.55,62.90468980926621,0
24.01,0.52089,34.53,62.90468980926621,0
16.08,0.519611,34.53,63.03967004989794,0
-39.25,0.517053,34.53,63.41135544995076,0
12.18,0.52089,34.53,63.41135544995076,0
24.01,0.515774,34.53,62.74551776820397,0
-0.51,0.517053,34.53,62.74551776820397,0
-15.0,0.515774,34.53,63.13477647065839,0
5.22,0.517053,34.53,62.74551776820397,0
-8.19,0.514495,34.5,63.63961030678928,0
-29.04,0.515774,34.5,62.74551776820397,0
21.98,0.515774,34.5,63.13477647065839,0
14.35,0.518332,34.5,62.74551776820397,0
-3.71,0.517053,34.55,63.13477647065839,0
-25.38,0.517053,34.55,62.51399843235114,0
-1.41,0.518332,34.55,61.85466837676846,0
11.21,0.515774,34.55,63.796551630946325,0
14.63,0.513215,34.53,63.13477647065839,0
-20.41,0.508099,34.53,63.13477647065839,0
-23.9,0.511936,34.53,63.63961030678928,0
-45.13,0.511936,34.53,64.42049363362563,0
-9.86,0.515774,34.55,62.297672508690084,0
-0.04,0.52217,34.55,63.03967004989794,0
41.67,0.524728,34.55,62.369864518050704,0
1.99,0.52217,34.55,63.03967004989794,0
-2.46,0.519611,34.5,63.26926584053272,0
-41.79,0.519611,34.5,64.17164482853778,0
-18.05,0.517053,34.5,63.51377803280167,0
-31.34,0.519611,34.5,63.51377803280167,0
73.2,0.515774,34.53,63.63961030678928,0
2.64,0.514495,34.53,63.51377803280167,0
-8.07,0.511936,34.53,62.617888817813075,0
33.62,0.510657,34.53,63.51377803280167,0
10.04,0.511936,34.55,62.99206299209449,0
-23.46,0.515774,34.55,62.617888817813075,0
19.65,0.513215,34.55,63.15853069855251,0
3.72,0.514495,34.55,63.51377803280167,0
-19.97,0.519611,34.53,63.51377803280167,0
-14.75,0.52089,34.53,63.26926584053272,0
64.73,0.52089,34.53,63.26926584053272,0
-3.6,0.519611,34.53,63.41135544995076,0
-65.05,0.518332,34.53,63.26926584053272,0
17.42,0.514495,34.53,62.91263784010332,0
16.85,0.517053,34.53,62.91263784010332,0
-13.59,0.518332,34.53,62.91263784010332,0
-36.88,0.519611,34.5,62.91263784010332,0
17.33,0.515774,34.5,62.91263784010332,0
17.21,0.510657,34.5,63.26926584053272,0
-15.63,0.511936,34.5,63.26926584053272,0
-1.67,0.509378,34.53,63.26926584053272,0
21.66,0.511936,34.53,63.26926584053272,0
8.17,0.50554,34.53,63.26926584053272,0
-21.92,0.50682,34.53,62.91263784010332,0
30.02,0.50554,34.53,62.91263784010332,0
17.52,0.50554,34.53,62.68173577685928,0
-17.75,0.504261,34.53,62.56996084384263,0
9.41,0.502982,34.53,63.25345840347388,0
6.83,0.499144,34.5,63.15853069855251,0
-24.74,0.495307,34.5,62.849025449882674,0
-6.57,0.49019,34.5,63.48228099241551,0
12.37,0.500424,34.5,63.15853069855251,0
26.65,0.500424,34.53,63.15853069855251,0
27.18,0.50682,34.53,63.15853069855251,0
-13.98,0.497865,34.53,63.15853069855251,0
-20.04,0.50554,34.53,63.15853069855251,0
-19.51,0.502982,34.5,63.25345840347388,0
7.64,0.504261,34.5,63.773035054010094,0
-12.29,0.502982,34.5,62.849025449882674,0
-51.05,0.501703,34.5,62.849025449882674,0
3.55,0.497865,34.53,63.095166217389426,0
23.8,0.497865,34.53,62.849025449882674,0
-29.04,0.497865,34.53,62.849025449882674,0
47.91,0.496586,34.53,62.849025449882674,0
25.96,0.496586,34.5,63.15853069855251,0
-25.26,0.496586,34.5,63.15853069855251,0
13.32,0.496586,34.5,62.55397669213365,0
16.23,0.494028,34.5,63.15853069855251,0
-5.87,0.497865,34.5,63.15853069855251,0
-2.65,0.496586,34.5,63.15853069855251,0
3.4,0.495307,34.5,62.81719509815764,0
-12.75,0.492749,34.5,63.72597586541927,0
-21.95,0.495307,34.5,63.40346993658943,0
9.07,0.495307,34.5,63.15853069855251,0
-6.76,0.497865,34.5,63.40346993658943,0
-58.53,0.495307,34.5,62.849025449882674,0
23.89,0.496586,34.49,63.40346993658943,0
9.66,0.497865,34.49,63.40346993658943,0
-41.99,0.494028,34.49,63.40346993658943,0
48.14,0.494028,34.49,63.40346993658943,0
51.36,0.494028,34.49,63.40346993658943,0
-53.54,0.496586,34.49,63.095166217389426,0
-10.54,0.485074,34.49,64.63745044476924,0
21.27,0.495307,34.49,63.095166217389426,0
16.6,0.494028,34.49,63.095166217389426,0
-18.52,0.492749,34.49,63.095166217389426,0
12.49,0.492749,34.49,63.095166217389426,0
29.82,0.492749,34.49,63.40346993658943,0
-27.74,0.494028,34.5,63.40346993658943,0
0.28,0.491469,34.5,63.095166217389426,0
8.59,0.491469,34.5,63.40346993658943,0
-5.25,0.49019,34.5,62.489999199871974,0
15.83,0.49019,34.5,63.773035054010094,0
1.5,0.485074,34.5,62.80127387243033,0
-27.6,0.491469,34.5,62.80127387243033,0
2.51,0.491469,34.5,62.849025449882674,0
40.99,0.495307,34.5,63.095166217389426,0
35.76,0.494028,34.5,62.80127387243033,0
-47.77,0.492749,34.5,62.80127387243033,0
-24.08,0.491469,34.5,62.80127387243033,0
10.08,0.491469,34.5,62.80127387243033,0
-51.03,0.492749,34.5,62.80127387243033,0
-5.42,0.488911,34.5,63.095166217389426,0
14.33,0.487632,34.5,63.095166217389426,0
-22.78,0.482515,34.53,62.80127387243033,0
26.09,0.487632,34.53,62.80127387243033,0
20.35,0.485074,34.53,63.095166217389426,0
-10.84,0.488911,34.53,62.80127387243033,0
-1.08,0.485074,34.5,62.80127387243033,0
6.07,0.488911,34.5,62.80127387243033,0
-17.22,0.486353,34.5,62.80127387243033,0
22.13,0.486353,34.5,63.40346993658943,0
23.59,0.483794,34.5,62.80127387243033,0
-16.47,0.488911,34.5,64.01562309311689,0
-8.87,0.488911,34.5,64.01562309311689,0
19.33,0.485074,34.5,62.80127387243033,0
13.95,0.488911,34.5,63.45076831686122,0
-36.32,0.487632,34.5,63.72597586541927,0
75.15,0.49019,34.5,62.80127387243033,0
-9.29,0.49019,34.5,62.78534860936905,0
-125.44,0.49019,34.5,63.06346010171025,0
12.69,0.49019,34.5,62.80127387243033,0
46.84,0.49019,34.5,63.72597586541927,0
-15.31,0.488911,34.5,63.06346010171025,0
-12.71,0.487632,34.5,63.06346010171025,0
31.42,0.485074,34.5,63.06346010171025,0
15.67,0.482515,34.5,63.06346010171025,0
-25.56,0.482515,34.5,62.80127387243033,0
41.48,0.482515,34.49,62.57795138864806,0
18.3,0.476119,34.49,69.74955196988724,0
-34.19,0.478678,34.49,62.93647591023825,0
8.13,0.49019,34.49,61.91930232165088,0
-46.09,0.536241,34.49,63.48228099241551,0
169.84,0.556707,34.49,64.93843238021688,0
121.39,0.542636,34.49,61.95159400693416,0
-27.1,0.540078,34.49,62.24146527838174,0
-60.4,0.559266,34.5,63.324560795950255,0
-46.48,0.551591,34.5,66.48308055437865,0
68.87,0.534961,34.5,58.728187440104094,0
-118.23,0.511936,34.5,62.0403094769844,0
18.55,0.502982,34.53,62.24949798994366,0
-213.93,0.50554,34.53,64.02343321003646,0
-37.06,0.504261,34.53,62.74551776820397,0
-72.05,0.50554,34.53,63.63961030678928,0
75.36,0.509378,34.5,63.63961030678928,0
91.19,0.514495,34.5,63.26926584053272,0
-7.93,0.513215,34.5,63.26926584053272,0
52.7,0.513215,34.5,62.25752966509352,0
25.25,0.50554,34.5,63.15853069855251,0
-41.7,0.508099,34.5,63.8200595424354,0
26.13,0.508099,34.5,62.81719509815764,0
11.54,0.508099,34.5,63.48228099241551,0
-51.13,0.50682,34.5,63.15853069855251,0
34.31,0.50682,34.5,61.927376821564145,0
21.88,0.508099,34.5,63.095166217389426,0
-55.0,0.50682,34.5,62.489999199871974,0
40.19,0.508099,34.5,63.40346993658943,0
18.09,0.50682,34.5,63.095166217389426,0
-41.17,0.504261,34.5,63.095166217389426,0
26.67,0.500424,34.5,63.095166217389426,0
29.98,0.501703,34.5,62.849025449882674,0
-10.48,0.495307,34.5,63.095166217389426,0
-19.48,0.501703,34.5,63.095166217389426,0
13.51,0.501703,34.5,63.095166217389426,0
-1.88,0.500424,34.5,62.80127387243033,0
-53.0,0.501703,34.5,65.0,0
55.96,0.502982,34.5,63.095166217389426,0
16.0,0.504261,34.5,62.55397669213365,0
-26.41,0.501703,34.49,62.80127387243033,0
39.73,0.501703,34.49,62.80127387243033,0
4.71,0.496586,34.49,62.849025449882674,0
-15.0,0.499144,34.49,63.773035054010094,0
13.45,0.499144,34.5,62.55397669213365,0
-7.56,0.510657,34.5,62.80127387243033,0
-36.1,0.52217,34.5,63.72597586541927,0
32.08,0.541357,34.5,62.80127387243033,0
12.54,0.55287,34.49,62.80127387243033,0
-34.85,0.559266,34.49,62.55397669213365,0
44.77,0.556707,34.49,62.849025449882674,0
26.18,0.555428,34.49,63.25345840347388,0
-42.59,0.555428,34.49,63.773035054010094,0
38.78,0.545195,34.49,63.773035054010094,0
29.83,0.541357,34.49,63.48228099241551,0
-24.53,0.534961,34.49,62.55397669213365,0
31.56,0.529845,34.49,63.48228099241551,0
30.5,0.524728,34.49,63.773035054010094,0
-13.2,0.52217,34.49,62.849025449882674,0
20.71,0.518332,34.49,62.849025449882674,0
28.91,0.517053,34.5,62.55397669213365,0
-24.2,0.514495,34.5,63.48228099241551,0
-55.33,0.513215,34.5,62.55397669213365,0
10.84,0.510657,34.5,63.48228099241551,0
1.58,0.510657,34.49,63.48228099241551,0
-23.25,0.509378,34.49,63.48228099241551,0
16.41,0.518332,34.49,63.45076831686122,0
-5.9,0.519611,34.49,63.20601237224193,0
-49.46,0.519611,34.47,63.190189111918315,0
39.23,0.52217,34.47,62.94441992742486,0
19.99,0.518332,34.47,63.190189111918315,0
-57.02,0.518332,34.47,63.190189111918315,0
55.31,0.518332,34.49,62.94441992742486,0
29.81,0.518332,34.49,63.190189111918315,0
-50.4,0.515774,34.49,63.190189111918315,0
3.86,0.513215,34.49,63.7102817447859,0
18.06,0.510657,34.5,63.7102817447859,0
-31.75,0.508099,34.5,63.7102817447859,0
-52.72,0.504261,34.5,63.7102817447859,0
29.09,0.502982,34.5,63.7102817447859,0
7.51,0.501703,34.49,63.45076831686122,0
-55.95,0.502982,34.49,63.45076831686122,0
13.6,0.494028,34.49,62.80127387243033,0
11.9,0.499144,34.49,62.52199612936234,0
-52.91,0.499144,34.49,62.80127387243033,0
23.67,0.499144,34.49,63.72597586541927,0
8.62,0.496586,34.49,63.72597586541927,0
-67.4,0.497865,34.49,62.80127387243033,0
27.82,0.499144,34.5,62.80127387243033,0
19.6,0.496586,34.5,62.80127387243033,0
-50.93,0.499144,34.5,62.80127387243033,0
30.05,0.495307,34.5,62.80127387243033,0
13.42,0.496586,34.49,62.80127387243033,0
-53.24,0.494028,34.49,62.44197306299666,0
36.77,0.494028,34.49,63.45076831686122,0
26.05,0.486353,34.49,62.52199612936234,0
-33.63,0.492749,34.49,63.095166217389426,0
43.3,0.49019,34.49,62.80127387243033,0
31.03,0.49019,34.49,62.55397669213365,0
-36.96,0.49019,34.49,63.773035054010094,0
-0.27,0.491469,34.49,63.48228099241551,0
16.47,0.492749,34.49,62.27358990776106,0
-0.1,0.491469,34.49,63.20601237224193,0
37.37,0.491469,34.49,63.20601237224193,0
38.58,0.49019,34.5,63.48228099241551,0
-11.72,0.494028,34.5,63.48228099241551,0
-8.51,0.49019,34.5,63.48228099241551,0
4.02,0.491469,34.5,62.55397669213365,0
-27.53,0.481236,34.47,62.55397669213365,0
32.28,0.491469,34.47,63.72597586541927,0
32.3,0.485074,34.47,63.45076831686122,0
-21.78,0.49019,34.47,63.48228099241551,0
8.72,0.488911,34.49,62.55397669213365,0
28.46,0.488911,34.49,63.48228099241551,0
-4.41,0.488911,34.49,63.20601237224193,0
-66.81,0.486353,34.49,63.20601237224193,0
30.42,0.487632,34.47,63.48228099241551,0
20.47,0.485074,34.47,63.48228099241551,0
-21.85,0.485074,34.47,63.48228099241551,0
48.9,0.481236,34.47,62.55397669213365,0
16.68,0.482515,34.47,63.48228099241551,0
-25.03,0.483794,34.47,63.20601237224193,0
15.27,0.481236,34.47,63.20601237224193,0
14.06,0.482515,34.47,63.20601237224193,0
-20.77,0.482515,34.47,62.94441992742486,0
-27.27,0.482515,34.47,62.94441992742486,0
17.67,0.481236,34.47,62.94441992742486,0
-16.1,0.482515,34.47,60.398675482166,0
-70.16,0.481236,34.47,64.64518543557594,0
21.87,0.499144,34.47,61.927376821564145,0
47.26,0.49019,34.47,61.69278726074872,0
33.19,0.49019,34.47,63.095166217389426,0
100.55,0.486353,34.47,63.095166217389426,0
16.04,0.488911,34.47,63.095166217389426,0
-57.83,0.479957,34.47,63.72597586541927,0
-51.57,0.486353,34.47,63.984373092185564,0
31.84,0.487632,34.45,63.324560795950255,0
-39.32,0.487632,34.45,63.324560795950255,0
-40.07,0.49019,34.45,63.0317380372777,0
-102.52,0.491469,34.45,61.91122676865643,0
-178.42,0.49019,34.45,68.65129277733959,0
66.8,0.487632,34.45,55.29014378711634,0
64.75,0.488911,34.45,64.91532946846992,0
-15.76,0.494028,34.45,61.53048025166064,0
-61.33,0.494028,34.47,61.773780845922005,0
276.77,0.487632,34.47,62.3377895020348,0
37.11,0.487632,34.47,64.42049363362563,0
-249.21,0.486353,34.47,65.07687761409578,0
-36.91,0.485074,34.49,63.13477647065839,0
-33.37,0.488911,34.49,63.631753079732135,0
48.32,0.486353,34.49,63.835726674018524,0
11.46,0.485074,34.49,63.608175575157006,0
-59.61,0.482515,34.45,63.324560795950255,0
47.58,0.486353,34.45,62.8887907341205,0
20.99,0.482515,34.45,62.433965115151864,0
-38.89,0.485074,34.45,63.324560795950255,0
21.06,0.481236,34.43,63.324560795950255,0
31.92,0.482515,34.43,62.80923498976882,0
-28.4,0.477399,34.43,69.72087205421343,0
43.89,0.481236,34.43,61.773780845922005,0
32.26,0.482515,34.45,63.324560795950255,0
-5.22,0.462048,34.45,61.18823416311342,0
78.63,0.462048,34.45,61.85466837676846,0
129.44,0.468444,34.45,59.43904440685432,0
-85.33,0.479957,34.43,63.0,0
-56.73,0.486353,34.43,54.86346689738081,0
-144.67,0.491469,34.43,75.35250493513803,0
-10.07,0.486353,34.43,64.56779382943171,0
85.86,0.488911,34.45,60.69596362197407,0
51.64,0.483794,34.45,64.389440128021,0
-110.53,0.486353,34.45,63.35613624582863,0
32.11,0.483794,34.45,61.814237842102365,0
71.45,0.492749,34.41,63.631753079732135,0
91.78,0.495307,34.41,63.48228099241551,0
-58.05,0.491469,34.41,62.95236294214857,0
-169.75,0.494028,34.41,62.51399843235114,0
42.95,0.495307,34.41,62.928530890209096,0
59.84,0.495307,34.41,62.928530890209096,0
85.28,0.491469,34.41,63.15853069855251,0
-58.24,0.492749,34.41,63.15853069855251,0
-108.79,0.492749,34.45,63.15853069855251,0
29.09,0.494028,34.45,63.15853069855251,0
39.94,0.492749,34.45,63.15853069855251,0
-33.39,0.491469,34.45,63.15853069855251,0
47.64,0.49019,34.43,63.15853069855251,0
32.46,0.487632,34.43,63.15853069855251,0
-29.36,0.487632,34.43,63.15853069855251,0
43.12,0.483794,34.43,63.15853069855251,0
36.17,0.483794,34.45,63.15853069855251,0
-7.49,0.483794,34.45,63.48228099241551,0
-57.55,0.482515,34.45,63.48228099241551,0
27.27,0.479957,34.45,63.15853069855251,0
17.78,0.481236,34.43,63.15853069855251,0
-22.63,0.481236,34.43,63.15853069855251,0
-18.88,0.479957,34.43,63.15853069855251,0
18.0,0.471003,34.43,63.15853069855251,0
6.95,0.476119,34.43,63.15853069855251,0
-26.36,0.478678,34.43,63.15853069855251,0
32.73,0.477399,34.43,63.15853069855251,0
20.21,0.477399,34.43,63.15853069855251,0
-22.99,0.478678,34.45,63.15853069855251,0
-12.28,0.479957,34.45,63.15853069855251,0
11.02,0.477399,34.45,63.15853069855251,0
-3.69,0.479957,34.45,62.928530890209096,0
-60.48,0.478678,34.45,63.15853069855251,0
23.38,0.479957,34.45,62.928530890209096,0
15.66,0.477399,34.45,62.928530890209096,0
-41.09,0.47484,34.45,63.15853069855251,0
37.53,0.476119,34.45,63.15853069855251,0
24.3,0.477399,34.45,62.928530890209096,0
-24.32,0.476119,34.45,63.15853069855251,0
35.45,0.473561,34.45,63.15853069855251,0
17.04,0.473561,34.45,63.15853069855251,0
-20.12,0.473561,34.45,63.15853069855251,0
32.75,0.472282,34.45,62.71363488110062,0
11.72,0.473561,34.45,63.85138996137829,0
-27.46,0.47484,34.45,62.71363488110062,0
42.62,0.473561,34.45,62.71363488110062,0
9.28,0.473561,34.45,62.71363488110062,0
-64.14,0.476119,34.45,62.71363488110062,0
12.11,0.477399,34.43,62.71363488110062,0
-0.46,0.478678,34.43,62.71363488110062,0
-6.29,0.481236,34.43,62.71363488110062,0
8.42,0.478678,34.43,62.71363488110062,0
-23.53,0.481236,34.45,63.03967004989794,0
28.39,0.481236,34.45,63.095166217389426,0
28.29,0.481236,34.45,81.19729059519166,0
-17.34,0.481236,34.45,61.032778078668514,0
17.11,0.479957,34.41,77.63375554486592,0
44.43,0.476119,34.41,51.468436929831086,0
27.86,0.463328,34.41,65.5286197016235,0
-30.07,0.450536,34.41,61.07372593840988,0
49.82,0.449257,34.41,61.5223536610881,0
-96.9,0.45949,34.41,74.24957912338628,0
-150.91,0.469723,34.41,67.67569726275453,0
134.65,0.477399,34.41,56.929781309961136,0
16.29,0.485074,34.41,59.74110812497538,0
-118.18,0.492749,34.41,70.63285354564121,0
-46.91,0.500424,34.41,64.17164482853778,0
-48.59,0.508099,34.41,63.92182725798755,0
24.56,0.50554,34.41,63.54525946126902,0
27.33,0.50682,34.41,62.88083968904996,0
-17.83,0.499144,34.41,63.166446789415026,0
6.5,0.502982,34.41,63.229739838148944,0
10.03,0.504261,34.41,63.166446789415026,0
22.32,0.508099,34.41,62.56196927846821,0
26.82,0.509378,34.41,63.190189111918315,0
-1.78,0.508099,34.41,63.190189111918315,0
35.23,0.509378,34.43,63.190189111918315,0
-28.01,0.500424,34.43,63.45076831686122,0
16.8,0.504261,34.43,63.190189111918315,0
-0.48,0.499144,34.43,63.190189111918315,0
14.13,0.497865,34.41,63.26136261573884,0
6.44,0.495307,34.41,63.984373092185564,0
-27.86,0.494028,34.41,63.071388124885914,0
16.15,0.492749,34.41,62.849025449882674,0
6.82,0.491469,34.43,63.796551630946325,0
-24.7,0.49019,34.43,63.84355879804947,0
50.11,0.486353,34.43,62.88083968904996,0
82.01,0.487632,34.43,62.88083968904996,0
-63.27,0.485074,34.43,63.85138996137829,0
-9.53,0.487632,34.43,63.229739838148944,0
19.01,0.481236,34.43,63.984373092185564,0
-29.61,0.485074,34.43,70.0,0
-27.43,0.483794,34.39,63.095166217389426,0
23.22,0.485074,34.39,62.505999712027645,0
-49.08,0.478678,34.39,63.51377803280167,0
11.03,0.476119,34.39,62.928530890209096,0
-114.37,0.477399,34.41,63.35613624582863,0
-64.59,0.478678,34.41,62.76145313805282,0
25.68,0.478678,34.41,63.671029518926424,0
59.48,0.478678,34.41,62.93647591023825,0
-35.25,0.481236,34.41,63.56099432828282,0
-27.84,0.478678,34.41,62.93647591023825,0
59.33,0.485074,34.41,62.93647591023825,0
-52.66,0.485074,34.41,62.93647591023825,0
-36.41,0.483794,34.43,63.671029518926424,0
-46.25,0.479957,34.43,63.06346010171025,0
46.93,0.483794,34.43,63.671029518926424,0
22.71,0.482515,34.43,63.06346010171025,0
-8.82,0.485074,34.41,63.06346010171025,0
25.02,0.487632,34.41,62.07253821135398,0
-6.45,0.49019,34.41,62.94441992742486,0
51.68,0.488911,34.41,63.812224534175265,0
17.32,0.486353,34.39,63.53739056650029,0
-10.73,0.481236,34.39,63.35613624582863,0
10.72,0.486353,34.39,63.08724118235002,0
-24.44,0.485074,34.39,63.08724118235002,0
40.92,0.481236,34.43,63.08724118235002,0
54.29,0.481236,34.43,63.08724118235002,0
-78.09,0.481236,34.43,62.55397669213365,0
5.17,0.477399,34.43,63.3798075099633,0
5.81,0.477399,34.41,63.08724118235002,0
-31.89,0.479957,34.41,63.08724118235002,0
6.86,0.478678,34.41,63.08724118235002,0
-4.24,0.478678,34.41,64.19501538281614,0
-19.23,0.476119,34.41,60.93439094632849,0
11.33,0.476119,34.41,72.71863585079137,0
7.3,0.473561,34.41,66.76076692189807,0
71.08,0.477399,34.41,65.12296062065974,0
-37.0,0.472282,34.41,62.90468980926621,0
-51.03,0.473561,34.41,61.78996682310163,0
-17.63,0.473561,34.41,54.31390245600108,0
58.73,0.471003,34.41,57.810033731178535,0
92.92,0.460769,34.43,65.54387843269576,0
-80.63,0.45949,34.43,64.17164482853778,0
-81.15,0.45949,34.43,61.94352266379432,0
-123.89,0.465886,34.43,62.289646009589745,0
36.1,0.468444,34.43,63.608175575157006,0
-9.23,0.465886,34.43,61.0163912403872,0
6.69,0.468444,34.43,65.1536645170477,0
-45.59,0.468444,34.43,65.62011886609167,0
30.42,0.467165,34.43,59.57348403442592,0
71.79,0.468444,34.43,64.66065264130884,0
-9.19,0.471003,34.43,63.796551630946325,0
103.72,0.469723,34.43,61.1310068623117,0
71.35,0.476119,34.41,72.75987905432498,0
-126.06,0.469723,34.41,54.415071441651165,0
-83.84,0.477399,34.41,61.22907805936653,0
-103.65,0.478678,34.41,62.849025449882674,0
-219.93,0.481236,34.41,66.51315659326356,0
-101.3,0.485074,34.41,63.33245613427605,0
147.3,0.478678,34.41,63.33245613427605,0
11.53,0.485074,34.41,62.56196927846821,0
106.54,0.488911,34.39,63.52952069707436,0
79.83,0.509378,34.39,61.886993787063204,0
-46.34,0.491469,34.39,56.72741841473134,0
-95.96,0.485074,34.39,58.9406481131655,0
10.86,0.488911,34.41,65.43699259593154,0
84.23,0.496586,34.41,66.52067347825036,0
61.56,0.491469,34.41,63.13477647065839,0
25.58,0.491469,34.41,71.8679344353238,0
17.49,0.479957,34.39,66.55824516917495,0
-53.58,0.483794,34.39,68.86218120274728,0
-129.02,0.478678,34.39,54.53439281774392,0
-27.26,0.479957,34.39,73.25298628724975,0
123.39,0.479957,34.37,63.7102817447859,0
62.34,0.485074,34.37,64.06246951218786,0
56.68,0.488911,34.37,63.0,0
-35.52,0.491469,34.37,62.81719509815764,0
-117.63,0.497865,34.37,62.505999712027645,0
-64.72,0.500424,34.37,63.08724118235002,0
40.41,0.500424,34.37,59.64059020499378,0
-1.42,0.497865,34.37,61.87083319303208,0
46.58,0.496586,34.39,68.15423684555495,0
75.03,0.49019,34.39,63.788713735268246,0
-25.45,0.488911,34.39,57.245087125446844,0
115.84,0.488911,34.39,55.299186250793966,0
34.89,0.487632,34.41,74.91995728776145,0
-32.39,0.47484,34.41,61.00819617067857,0
-39.67,0.468444,34.41,95.2732911156112,0
-39.65,0.482515,34.41,36.345563690772494,0
18.01,0.481236,34.39,68.71681017043792,0
24.38,0.486353,34.39,133.82824813917276,0
95.93,0.486353,34.39,50.78385570237849,0
-114.52,0.497865,34.39,140.63783274780653,0
-41.59,0.499144,34.39,139.52060779684126,0
70.21,0.497865,34.39,83.6301381082203,0
84.69,0.491469,34.39,97.205966895042,0
-112.23,0.499144,34.39,63.33245613427605,0
149.59,0.486353,34.39,55.83009940883144,0
27.68,0.486353,34.39,73.70888684548153,0
-16.5,0.486353,34.39,56.74504383644443,0
35.05,0.482515,34.39,77.3950902835574,0
17.43,0.482515,34.39,75.39230729988306,0
-32.42,0.479957,34.39,53.009433122794285,0
27.62,0.479957,34.39,76.05918747922567,0
31.99,0.481236,34.39,70.2922470831599,0
-53.06,0.482515,34.37,55.14526271584895,0
19.2,0.487632,34.37,64.10148204214939,0
13.11,0.488911,34.37,62.465990746965666,0
11.58,0.492749,34.37,58.872744118140105,0
-6.28,0.501703,34.39,68.86218120274728,0
-12.06,0.509378,34.39,64.20280367709809,0
-35.16,0.509378,34.39,66.2872536767062,0
5.71,0.50682,34.39,52.46903848937962,0
-3.28,0.501703,34.41,69.72804313904126,0
26.47,0.497865,34.41,64.69930447848725,0
4.81,0.491469,34.41,59.782940710540494,0
-13.9,0.49019,34.41,61.27805479941412,0
15.22,0.487632,34.39,64.29618962271404,0
3.19,0.486353,34.39,59.2452529743945,0
13.86,0.485074,34.39,65.06919393998976,0
14.1,0.488911,34.39,61.91930232165088,0
19.96,0.495307,34.43,62.928530890209096,0
-28.85,0.504261,34.43,62.465990746965666,0
-25.29,0.50682,34.43,62.3377895020348,0
-10.03,0.52089,34.43,62.56996084384263,0
2.97,0.526007,34.39,60.29096117993144,0
0.98,0.526007,34.39,64.41273166075166,0
9.17,0.518332,34.39,63.198101237299845,0
5.87,0.509378,34.39,64.69157595854347,0
-11.77,0.50682,34.41,61.204574992397426,0
-6.36,0.50554,34.41,66.1362230551458,0
28.6,0.509378,34.41,63.3798075099633,0
-11.52,0.513215,34.41,63.96092557178953,0
-10.23,0.511936,34.39,61.56297588648554,0
-10.23,0.514495,34.39,62.73754856543249,0
-17.36,0.518332,34.39,63.984373092185564,0
-24.27,0.518332,34.39,60.332412515993425,0
9.83,0.515774,34.41,63.56099432828282,0
-1.27,0.514495,34.41,61.66846844214635,0
8.28,0.501703,34.41,62.8410693734599,0
6.65,0.504261,34.41,67.80855403265875,0
10.34,0.50682,34.39,63.0158710167526,0
9.34,0.504261,34.39,62.94441992742486,0
-17.23,0.499144,34.39,62.489999199871974,0
54.43,0.502982,34.39,65.21502894272147,0
-10.35,0.504261,34.37,63.96092557178953,0
7.52,0.502982,34.37,61.47357155721473,0
0.1,0.50554,34.37,62.82515419798029,0
7.13,0.504261,34.37,63.53739056650029,0
-4.64,0.504261,34.41,61.91930232165088,0
9.82,0.501703,34.41,62.65780079128216,0
13.53,0.499144,34.41,63.182275995725256,0
-12.56,0.496586,34.41,63.182275995725256,0
-36.71,0.494028,34.41,62.8410693734599,0
-0.29,0.497865,34.41,62.26556030423239,0
15.99,0.495307,34.41,61.0,0
12.38,0.496586,34.41,63.733821476512766,0
-25.78,0.492749,34.39,62.8410693734599,0
-10.69,0.491469,34.39,62.26556030423239,0
2.31,0.487632,34.39,62.8410693734599,0
-4.29,0.486353,34.39,63.3798075099633,0
18.94,0.487632,34.39,62.65780079128216,0
8.36,0.492749,34.39,62.8410693734599,0
-16.8,0.491469,34.39,62.26556030423239,0
12.38,0.491469,34.39,63.96092557178953,0
16.02,0.499144,34.39,62.65780079128216,0
-1.0,0.499144,34.39,60.54750201288241,0
14.31,0.500424,34.39,63.53739056650029,0
11.93,0.497865,34.39,62.51399843235114,0
-21.32,0.500424,34.39,62.8410693734599,0
0.82,0.499144,34.39,61.91930232165088,0
15.34,0.502982,34.39,63.3798075099633,0
-4.15,0.50554,34.39,63.3798075099633,0
-35.16,0.50554,34.37,62.32976816898969,0
2.41,0.508099,34.37,62.32976816898969,0
18.81,0.50682,34.37,62.65780079128216,0
-21.54,0.509378,34.37,62.8410693734599,0
-6.4,0.508099,34.39,63.182275995725256,0
-5.25,0.517053,34.39,63.182275995725256,0
-5.99,0.523449,34.39,63.182275995725256,0
3.71,0.528566,34.39,62.26556030423239,0
-3.16,0.528566,34.39,62.20128616033595,0
5.79,0.531124,34.39,63.35613624582863,0
13.61,0.533682,34.39,61.204574992397426,0
-3.67,0.529845,34.39,62.120849961989414,0
23.61,0.519611,34.41,61.73329733620261,0
10.0,0.52217,34.41,62.82515419798029,0
-2.78,0.52089,34.41,62.8410693734599,0
18.07,0.52089,34.41,62.8410693734599,0
-4.7,0.523449,34.39,62.51399843235114,0
-19.87,0.528566,34.39,62.51399843235114,0
0.26,0.527286,34.39,62.120849961989414,0
1.85,0.524728,34.39,63.3798075099633,0
13.35,0.524728,34.39,63.03967004989794,0
27.52,0.523449,34.39,63.03967004989794,0
-15.11,0.519611,34.39,62.120849961989414,0
-15.58,0.515774,34.39,62.120849961989414,0
-1.44,0.511936,34.41,62.71363488110062,0
-5.66,0.510657,34.41,63.182275995725256,0
2.89,0.510657,34.41,62.120849961989414,0
0.66,0.509378,34.41,62.8410693734599,0
0.68,0.509378,34.41,62.8410693734599,0
-3.43,0.509378,34.41,63.43500610861482,0
3.23,0.510657,34.41,62.8410693734599,0
-4.57,0.50682,34.41,62.51399843235114,0
-8.3,0.50682,34.41,62.8410693734599,0
2.7,0.501703,34.41,62.8410693734599,0
1.59,0.500424,34.41,62.8410693734599,0
-7.26,0.49019,34.41,62.8410693734599,0
-4.46,0.497865,34.41,61.78996682310163,0
-4.76,0.499144,34.41,63.03967004989794,0
5.52,0.497865,34.41,62.120849961989414,0
1.99,0.497865,34.41,63.03967004989794,0
-2.66,0.500424,34.39,62.8410693734599,0
6.4,0.500424,34.39,62.8410693734599,0
29.81,0.501703,34.39,62.8410693734599,0
127.82,0.50554,34.39,63.03967004989794,0
150.8,0.510657,34.39,61.69278726074872,0
-217.43,0.523449,34.39,67.23838189605696,0
-71.54,0.519611,34.39,61.497967446087195,0
6.69,0.542636,34.39,64.90762667052309,0
12.01,0.561824,34.39,63.7102817447859,0
-15.51,0.555428,34.39,62.52999280345393,0
0.08,0.534961,34.39,62.74551776820397,0
-15.38,0.549032,34.39,65.16133823057964,0
-38.6,0.547753,34.39,62.07253821135398,0
48.89,0.541357,34.39,66.79071791798619,0
62.24,0.545195,34.39,61.61980201201558,0
40.66,0.542636,34.39,61.497967446087195,0
102.01,0.543916,34.41,61.43289021363068,0
-91.42,0.536241,34.41,62.24949798994366,0
-274.42,0.541357,34.41,62.12889826803627,0
81.46,0.53752,34.41,62.52199612936234,0
28.13,0.538799,34.39,61.40846847137616,0
16.66,0.536241,34.39,62.65780079128216,0
19.42,0.53752,34.39,62.5859409132754,0
32.41,0.536241,34.39,62.37788069500277,0
79.57,0.540078,34.37,63.75735251718032,0
-10.95,0.542636,34.37,63.166446789415026,0
-13.98,0.543916,34.37,62.41794613730894,0
-54.84,0.545195,34.37,63.071388124885914,0
-17.88,0.542636,34.39,63.221831672294975,0
-54.57,0.551591,34.39,61.95159400693416,0
-13.42,0.554149,34.39,61.95159400693416,0
4.17,0.557986,34.39,62.20932405998316,0
-5.74,0.555428,34.37,61.91122676865643,0
29.82,0.561824,34.37,61.212743771211564,0
13.89,0.556707,34.37,62.01612693485461,0
-16.43,0.557986,34.37,62.20932405998316,0
8.88,0.556707,34.34,62.80923498976882,0
4.82,0.560545,34.34,62.505999712027645,0
-24.51,0.555428,34.34,62.505999712027645,0
6.67,0.55287,34.34,62.10475022089695,0
-2.03,0.555428,34.37,62.01612693485461,0
-5.93,0.555428,34.37,63.166446789415026,0
8.74,0.556707,34.37,62.37788069500277,0
0.34,0.555428,34.37,62.5859409132754,0
-9.71,0.555428,34.34,61.84658438426491,0
12.17,0.55287,34.34,62.65780079128216,0
0.1,0.55287,34.34,61.84658438426491,0
-12.97,0.55287,34.34,61.84658438426491,0
-1.16,0.55287,34.33,61.69278726074872,0
-4.58,0.55287,34.33,62.26556030423239,0
14.05,0.55287,34.33,62.65780079128216,0
1.68,0.560545,34.33,62.505999712027645,0
-10.94,0.565662,34.34,61.84658438426491,0
6.0,0.56822,34.34,61.95159400693416,0
-0.31,0.570778,34.34,62.505999712027645,0
10.94,0.570778,34.34,62.10475022089695,0
3.15,0.570778,34.34,62.65780079128216,0
-11.19,0.563103,34.34,62.41794613730894,0
-2.68,0.569499,34.34,63.0,0
-22.61,0.566941,34.34,63.0,0
22.39,0.563103,34.34,62.26556030423239,0
23.41,0.561824,34.34,62.41794613730894,0
6.16,0.563103,34.34,62.26556030423239,0
-1.57,0.561824,34.34,62.41794613730894,0
-10.6,0.561824,34.34,62.41794613730894,0
2.08,0.561824,34.34,63.0,0
-0.57,0.557986,34.34,62.41794613730894,0
1.97,0.559266,34.34,63.0,0
-1.37,0.556707,34.33,62.41794613730894,0
-3.22,0.557986,34.33,62.41794613730894,0
5.53,0.55287,34.33,62.41794613730894,0
2.15,0.554149,34.33,62.41794613730894,0
-6.65,0.550311,34.34,63.0,0
1.77,0.559266,34.34,60.67124524847005,0
2.21,0.551591,34.34,62.41794613730894,0
-6.99,0.561824,34.34,62.369864518050704,0
3.58,0.560545,34.33,62.928530890209096,0
0.8,0.557986,34.33,62.10475022089695,0
-13.86,0.559266,34.33,61.84658438426491,0
3.27,0.557986,34.33,63.0,0
1.83,0.560545,34.34,62.41794613730894,0
-5.66,0.559266,34.34,62.26556030423239,0
-2.53,0.559266,34.34,62.26556030423239,0
-0.35,0.555428,34.34,62.41794613730894,0
-6.6,0.559266,34.33,62.41794613730894,0
1.38,0.557986,34.33,63.221831672294975,0
-0.74,0.550311,34.33,62.41794613730894,0
0.6,0.555428,34.33,62.41794613730894,0
1.23,0.555428,34.34,62.41794613730894,0
-3.12,0.545195,34.34,62.41794613730894,0
4.75,0.551591,34.34,62.41794613730894,0
2.89,0.55287,34.34,62.26556030423239,0
-3.87,0.55287,34.34,62.41794613730894,0
7.44,0.559266,34.34,62.41794613730894,0
1.76,0.560545,34.34,62.26556030423239,0
-6.0,0.570778,34.34,62.41794613730894,0
0.97,0.572057,34.34,62.41794613730894,0
-1.17,0.575895,34.34,62.20932405998316,0
-2.26,0.575895,34.34,63.221831672294975,0
0.98,0.578453,34.34,62.26556030423239,0
-1.24,0.573337,34.34,62.41794613730894,0
7.43,0.575895,34.34,61.84658438426491,0
-1.31,0.574616,34.34,62.26556030423239,0
-8.35,0.570778,34.34,63.071388124885914,0
4.32,0.569499,34.33,62.505999712027645,0
0.54,0.56822,34.33,63.071388124885914,0
-2.24,0.575895,34.33,63.071388124885914,0
2.23,0.577174,34.33,62.26556030423239,0
-4.32,0.582291,34.33,62.26556030423239,0
3.92,0.579732,34.33,62.26556030423239,0
1.57,0.582291,34.33,62.41794613730894,0
-5.21,0.577174,34.33,63.592452382338585,0
4.84,0.577174,34.33,62.41794613730894,0
2.48,0.575895,34.33,62.37788069500277,0
-6.23,0.572057,34.33,62.20932405998316,0
-1.3,0.56822,34.33,62.20932405998316,0
5.88,0.561824,34.31,62.41794613730894,0
-1.32,0.563103,34.31,62.37788069500277,0
0.53,0.559266,34.31,63.0,0
-1.2,0.560545,34.31,63.0,0
-5.72,0.557986,34.34,63.0,0
1.23,0.561824,34.34,62.41794613730894,0
-4.73,0.561824,34.34,62.41794613730894,0
-9.72,0.566941,34.34,62.5859409132754,0
1.48,0.570778,34.37,61.78996682310163,0
-2.27,0.578453,34.37,62.41794613730894,0
-6.39,0.581012,34.37,63.387695966961914,0
1.26,0.579732,34.37,61.84658438426491,0
-1.88,0.586128,34.31,61.84658438426491,0
-4.37,0.587408,34.31,63.221831672294975,0
0.31,0.587408,34.31,62.65780079128216,0
3.13,0.58357,34.31,62.65780079128216,0
-2.57,0.588687,34.33,62.10475022089695,0
-0.36,0.587408,34.33,62.505999712027645,0
2.53,0.592524,34.33,63.071388124885914,0
-3.2,0.595083,34.33,61.326992425847855,0
1.67,0.595083,34.34,63.984373092185564,0
-1.48,0.606595,34.34,62.24146527838174,0
20.3,0.61427,34.34,62.81719509815764,0
78.38,0.607874,34.34,61.886993787063204,0
-27.91,0.600199,34.33,62.99206299209449,0
63.58,0.59892,34.33,63.30876716537765,0
-112.93,0.597641,34.33,62.6418390534633,0
-26.73,0.602758,34.33,61.45730225123781,0
7.57,0.596362,34.31,62.52199612936234,0
-8.6,0.59892,34.31,62.26556030423239,0
46.2,0.59892,34.31,61.69278726074872,0
46.18,0.600199,34.31,60.8276253029822,0
-4.29,0.604037,34.31,62.96824596572466,0
-52.73,0.600199,34.31,61.84658438426491,0
-18.2,0.601478,34.31,64.10148204214939,0
53.17,0.59892,34.31,61.09828148156051,0
26.94,0.596362,34.33,64.59876159803684,0
-76.64,0.596362,34.33,63.15853069855251,0
-4.8,0.600199,34.33,61.30252849597641,0
0.72,0.602758,34.33,63.095166217389426,0
11.85,0.61427,34.31,61.74949392505172,0
55.74,0.609154,34.31,63.095166217389426,0
-79.73,0.609154,34.31,61.74949392505172,0
-6.12,0.605316,34.31,62.00806399170998,0
52.2,0.602758,34.29,62.27358990776106,0
53.45,0.597641,34.29,63.08724118235002,0
-10.28,0.604037,34.29,62.545983084447556,0
-9.86,0.601478,34.29,61.75759062657804,0
32.6,0.588687,34.29,62.96824596572466,0
31.07,0.588687,34.29,62.96824596572466,0
24.13,0.573337,34.29,61.97580172938467,0
71.75,0.579732,34.29,61.97580172938467,0
9.6,0.577174,34.29,62.76941930590086,0
-186.29,0.579732,34.29,62.76941930590086,0
-50.7,0.58357,34.29,62.56196927846821,0
9.67,0.591245,34.29,61.97580172938467,0
-13.39,0.606595,34.29,62.76145313805282,0
13.57,0.616829,34.29,62.56196927846821,0
8.47,0.619387,34.29,63.34824385884742,0
28.05,0.623224,34.29,61.97580172938467,0
6.82,0.620666,34.31,62.40192304729078,0
-1.86,0.615549,34.31,63.54525946126902,0
16.05,0.609154,34.31,62.76941930590086,0
-8.6,0.611712,34.31,63.34824385884742,0
48.96,0.620666,34.29,61.18823416311342,0
136.89,0.627062,34.29,62.96824596572466,0
-5.29,0.627062,34.29,61.97580172938467,0
-30.45,0.627062,34.29,62.76941930590086,0
-96.26,0.625783,34.27,62.76145313805282,0
-14.14,0.615549,34.27,63.41135544995076,0
1.5,0.612991,34.27,62.976185975335156,0
10.91,0.607874,34.27,67.86015030929418,0
9.34,0.59892,34.29,62.177166226839255,0
3.86,0.596362,34.29,62.177166226839255,0
11.89,0.600199,34.29,61.40032573203501,0
-2.17,0.602758,34.29,62.82515419798029,0
-4.09,0.604037,34.27,62.01612693485461,0
7.64,0.604037,34.27,62.41794613730894,0
-4.48,0.605316,34.27,62.5859409132754,0
3.83,0.605316,34.27,63.221831672294975,0
-1.37,0.604037,34.25,62.65780079128216,0
-7.57,0.607874,34.25,63.592452382338585,0
4.76,0.605316,34.25,72.58098924649622,0
0.21,0.621945,34.25,61.335144900782616,0
12.14,0.615549,34.27,57.105166141076936,0
30.46,0.610433,34.27,57.105166141076936,0
59.49,0.607874,34.27,58.111960903070546,0
-20.99,0.606595,34.27,72.78736154031138,0
-31.45,0.623224,34.25,60.21627686929839,0
-78.12,0.621945,34.25,47.7179211617606,0
12.31,0.616829,34.25,76.72027111526653,0
34.87,0.58357,34.25,65.00769185258002,0
-53.53,0.566941,34.25,59.28743543112655,0
35.53,0.605316,34.25,73.34166619323561,0
75.9,0.606595,34.25,76.97402159170326,0
-87.62,0.607874,34.25,75.29276193632427,0
74.02,0.621945,34.27,62.01612693485461,0
-173.86,0.619387,34.27,62.56196927846821,0
82.77,0.618108,34.27,63.592452382338585,0
-93.87,0.623224,34.27,63.592452382338585,0
-47.95,0.61427,34.25,58.27520913733386,0
116.57,0.606595,34.25,58.83026432033091,0
79.18,0.611712,34.25,63.387695966961914,0
-78.16,0.636016,34.25,65.33758489567853,0
133.6,0.627062,34.25,60.6217782649107,0
-25.07,0.621945,34.25,67.2532527094415,0
-143.45,0.616829,34.25,62.297672508690084,0
27.9,0.612991,34.25,63.773035054010094,0
28.38,0.611712,34.25,60.315835400000886,0
-46.81,0.610433,34.25,63.58458932791813,0
8.7,0.605316,34.25,64.72248450113763,0
-20.61,0.600199,34.25,62.20128616033595,0
2.06,0.592524,34.25,63.608175575157006,0
-10.72,0.587408,34.25,60.860496218811754,0
78.01,0.588687,34.25,61.73329733620261,0
199.39,0.588687,34.25,64.03124237432849,0
6.86,0.588687,34.25,61.171888968708494,0
-162.48,0.581012,34.25,58.966091951222275,0
-117.74,0.595083,34.25,64.01562309311689,0
-19.39,0.605316,34.25,61.587336360651285,0
-26.18,0.607874,34.23,63.733821476512766,0
36.57,0.601478,34.23,62.49799996799898,0
2.07,0.604037,34.23,64.76109943476871,0
49.92,0.596362,34.23,62.81719509815764,0
308.88,0.579732,34.25,63.0158710167526,0
-175.47,0.574616,34.25,60.61352984276695,0
-82.93,0.574616,34.25,62.32976816898969,0
-88.72,0.577174,34.25,62.88083968904996,0
-46.19,0.577174,34.25,62.20932405998316,0
6.34,0.578453,34.25,61.237243569579455,0
2.93,0.573337,34.25,62.26556030423239,0
9.09,0.58357,34.25,63.324560795950255,0
-8.96,0.586128,34.23,63.095166217389426,0
14.66,0.591245,34.23,63.324560795950255,0
24.88,0.591245,34.23,62.36184731067546,0
22.78,0.584849,34.23,62.36184731067546,0
8.34,0.582291,34.23,62.489999199871974,0
20.81,0.577174,34.23,66.2872536767062,0
12.47,0.574616,34.23,64.10928169929842,0
33.69,0.572057,34.23,62.49799996799898,0
87.91,0.56822,34.23,62.56196927846821,0
-38.57,0.56822,34.23,62.01612693485461,0
-11.75,0.565662,34.23,58.54912467321779,0
45.86,0.56822,34.23,59.312730505347666,0
-70.04,0.561824,34.21,63.788713735268246,0
-179.63,0.561824,34.21,75.19308478842984,0
139.09,0.565662,34.21,66.1362230551458,0
-53.78,0.566941,34.21,61.814237842102365,0
61.71,0.560545,34.21,61.497967446087195,0
60.95,0.569499,34.21,62.32976816898969,0
-8.88,0.56822,34.21,62.42595614005443,0
-27.19,0.565662,34.21,63.35613624582863,0
16.88,0.564382,34.21,63.26926584053272,0
23.39,0.563103,34.21,63.26926584053272,0
-6.13,0.559266,34.21,63.26926584053272,0
-3.51,0.559266,34.21,63.26926584053272,0
18.44,0.560545,34.21,61.36774397026503,0
8.43,0.556707,34.21,64.19501538281614,0
-15.13,0.556707,34.21,62.32976816898969,0
14.22,0.549032,34.21,63.14269553954757,0
8.9,0.556707,34.21,64.19501538281614,0
-4.56,0.557986,34.21,63.198101237299845,0
7.51,0.559266,34.21,63.20601237224193,0
8.54,0.559266,34.21,61.30252849597641,0
-1.05,0.559266,34.21,66.52818951391959,0
-12.22,0.563103,34.21,60.94259594077036,0
9.29,0.554149,34.21,56.18718715152058,0
15.3,0.550311,34.21,58.39520528262573,0
70.48,0.551591,34.21,67.89698078707183,0
117.24,0.55287,34.21,56.894639466297704,0
139.33,0.549032,34.21,67.52777206453653,0
-183.81,0.550311,34.21,67.15653356152326,0
-290.54,0.542636,34.21,64.06246951218786,0
-5.92,0.559266,34.21,61.204574992397426,0
-79.82,0.584849,34.21,59.48949487094339,0
-51.18,0.589966,34.21,77.99358948016176,0
11.12,0.64625,34.18,61.36774397026503,0
-56.79,1.14129,34.18,62.55397669213365,0
32.32,1.389519,34.18,65.00769185258002,0
43.51,0.807495,34.18,59.36328831862332,0
47.54,0.717952,34.18,63.796551630946325,0
137.49,0.700044,34.18,60.423505360083176,0
88.81,0.662948,34.18,44.73253849269008,0
80.22,0.647598,34.18,76.56369897020389,0
-89.56,0.633527,34.18,63.229739838148944,0
30.08,0.629689,34.18,57.01754116059373,0
-39.75,0.627131,34.18,58.70264048575669,0
-177.3,0.622014,34.18,62.41794613730894,0
-44.26,0.624573,34.16,58.80476171195663,0
139.82,0.629689,34.16,73.1778655059028,0
-79.48,0.642481,34.16,66.21933252457322,0
-13.66,0.637364,34.16,68.87670143089025,0
117.29,0.623293,34.15,66.40030120413611,0
22.31,0.61306,34.15,56.37375275782161,0
-100.54,0.618177,34.15,69.83552104767315,0
-904.2,0.648877,34.15,61.68468205316454,0
480.72,0.656552,34.16,63.7102817447859,0
221.16,0.648877,34.16,63.66317616958802,0
24.37,0.645039,34.16,59.531504264548865,0
-55.36,0.64376,34.16,67.86015030929418,0
-6.7,0.639923,34.16,64.66065264130884,0
8.82,0.642481,34.16,76.66159403508382,0
-10.87,0.657831,34.16,63.13477647065839,0
-56.26,0.662948,34.16,63.03967004989794,0
-32.53,0.669344,34.16,63.914004725099176,0
29.87,0.665506,34.16,62.39390995922599,0
371.24,0.623293,34.16,62.3377895020348,0
-414.87,0.618177,34.16,62.20128616033595,0
-3.89,0.62841,34.16,62.72160712226688,0
57.23,0.632248,34.16,63.796551630946325,0
-71.05,0.645039,34.16,62.88083968904996,0
-195.3,0.664227,34.16,63.52952069707436,0
128.54,0.664227,34.21,61.497967446087195,0
-45.01,0.648877,34.21,60.94259594077036,0
-15.78,0.655273,34.21,61.22907805936653,0
-101.18,0.673181,34.21,62.81719509815764,0
-82.65,0.67574,34.16,62.68173577685928,0
68.27,0.67446,34.16,63.29296959378664,0
224.11,0.67574,34.16,63.29296959378664,0
-103.36,0.673181,34.16,64.19501538281614,0
-64.32,0.671902,34.16,62.39390995922599,0
-88.84,0.673181,34.16,65.39877674696982,0
2.66,0.677019,34.16,63.72597586541927,0
-11.59,0.683415,34.16,63.72597586541927,0
57.94,0.68981,34.15,63.43500610861482,0
-31.81,0.694927,34.15,62.20932405998316,0
-30.77,0.696206,34.15,63.15853069855251,0
-33.95,0.694927,34.15,62.89674077406555,0
48.72,0.69109,34.18,63.15853069855251,0
-35.88,0.692369,34.18,63.773035054010094,0
13.81,0.688531,34.18,62.89674077406555,0
-22.38,0.687252,34.18,63.608175575157006,0
24.21,0.684694,34.16,62.89674077406555,0
-10.94,0.685973,34.16,63.608175575157006,0
-2.42,0.683415,34.16,63.06346010171025,0
5.4,0.683415,34.16,62.64982043070834,0
-13.46,0.685973,34.16,62.64982043070834,0
-15.63,0.684694,34.16,63.773035054010094,0
-16.7,0.685973,34.16,62.64982043070834,0
-30.07,0.683415,34.16,62.64982043070834,0
53.57,0.679577,34.18,62.64982043070834,0
-28.38,0.677019,34.18,63.773035054010094,0
5.57,0.67574,34.18,63.608175575157006,0
15.62,0.70644,34.18,62.64982043070834,0
-18.55,0.708998,34.18,63.3798075099633,0
39.78,0.710277,34.18,62.81719509815764,0
11.25,0.705161,34.18,63.54525946126902,0
-43.26,0.70644,34.18,63.3798075099633,0
21.95,0.702602,34.18,62.81719509815764,0
-1.94,0.707719,34.18,62.49799996799898,0
-26.78,0.712836,34.18,61.94352266379432,0
21.4,0.711556,34.18,63.54525946126902,0
-4.06,0.70644,34.18,62.64982043070834,0
70.0,0.715394,34.18,62.41794613730894,0
1.16,0.72179,34.18,63.54525946126902,0
-51.16,0.724348,34.18,66.76076692189807,0
-20.03,0.724348,34.23,73.3621155638249,0
-65.15,0.708998,34.23,50.99019513592785,0
27.34,0.683415,34.23,80.38034585643433,0
-25.12,0.67446,34.23,63.773035054010094,0
-11.84,0.678298,34.21,63.182275995725256,0
241.98,0.67574,34.21,61.773780845922005,0
153.23,0.670623,34.21,62.65780079128216,0
-133.76,0.653994,34.21,64.66065264130884,0
23.25,0.650156,34.21,63.96092557178953,0
193.02,0.627131,34.21,63.75735251718032,0
125.08,0.615618,34.21,62.64982043070834,0
10.8,0.614339,34.21,63.85922016435841,0
-185.69,0.618177,34.21,64.01562309311689,0
-210.87,0.622014,34.21,63.75735251718032,0
-53.3,0.618177,34.21,62.457985878508765,0
-17.23,0.619456,34.21,63.324560795950255,0
4.61,0.616898,34.18,63.75735251718032,0
22.72,0.611781,34.18,63.75735251718032,0
1.94,0.606664,34.18,63.324560795950255,0
-39.14,0.598989,34.18,63.58458932791813,0
81.59,0.600268,34.21,64.87680633323437,0
52.01,0.595152,34.21,63.166446789415026,0
-32.39,0.595152,34.21,63.4428877022476,0
60.73,0.591314,34.21,64.45153217728807,0
44.16,0.595152,34.23,63.58458932791813,0
-30.12,0.598989,34.23,63.58458932791813,0
52.67,0.600268,34.23,62.72160712226688,0
11.62,0.605385,34.23,63.85922016435841,0
-27.79,0.610502,34.23,64.01562309311689,0
-5.56,0.611781,34.23,63.43500610861482,0
49.18,0.606664,34.23,63.85922016435841,0
-5.21,0.604106,34.23,63.58458932791813,0
-52.36,0.59771,34.23,63.324560795950255,0
26.45,0.59771,34.23,63.58458932791813,0
-12.81,0.588756,34.23,63.85922016435841,0
-37.92,0.593872,34.23,64.03905058634146,0
18.2,0.593872,34.25,63.66317616958802,0
-27.94,0.602827,34.25,65.21502894272147,0
13.36,0.591314,34.25,61.39218191268331,0
-21.33,0.592593,34.25,68.7749954561976,0
-135.33,0.610502,34.23,62.41794613730894,0
82.38,0.614339,34.23,63.74950980203691,0
69.11,0.637364,34.23,63.655321851358195,0
55.23,0.664227,34.23,63.914004725099176,0
51.1,0.662948,34.21,64.1404708432983,0
127.42,0.662948,34.21,63.88270501473775,0
61.69,0.662948,34.21,63.655321851358195,0
-143.55,0.660389,34.21,64.82283548256741,0
-185.58,0.662948,34.23,63.41135544995076,0
8.63,0.65911,34.23,64.1482657598785,0
44.54,0.65911,34.23,63.4428877022476,0
-57.0,0.652714,34.23,64.19501538281614,0
-46.74,0.657831,34.23,64.19501538281614,0
-30.4,0.661669,34.23,64.19501538281614,0
80.42,0.661669,34.23,64.19501538281614,0
36.33,0.665506,34.23,64.19501538281614,0
-34.2,0.665506,34.23,64.19501538281614,0
57.37,0.666785,34.23,63.85138996137829,0
-3.34,0.665506,34.23,64.10928169929842,0
35.43,0.664227,34.23,64.10928169929842,0
32.89,0.661669,34.25,64.19501538281614,0
-25.13,0.65911,34.25,62.048368229954285,0
27.71,0.657831,34.25,60.73713855624086,0
13.68,0.65911,34.25,72.09715667070374,0
-39.07,0.671902,34.23,61.326992425847855,0
11.79,0.685973,34.23,64.94613152451807,0
-3.78,0.693648,34.23,64.50581369148055,0
232.64,0.707719,34.23,62.44197306299666,0
71.08,0.712836,34.25,60.95079983068311,0
-325.35,0.719231,34.25,68.7386354243376,0
-92.98,0.882966,34.25,62.83311228962003,0
5.56,0.908549,34.25,64.41273166075166,0
-3.95,0.820286,34.25,61.00819617067857,0
79.07,0.772957,34.25,61.603571325045756,0
193.67,0.753769,34.25,61.773780845922005,0
-53.33,0.725627,34.25,61.22907805936653,0
-147.72,0.723069,34.25,65.06919393998976,0
-136.29,0.72179,34.25,64.60650122085238,0
-236.34,0.723069,34.25,64.20280367709809,0
359.61,0.720511,34.25,63.079315151640635,0
153.41,0.716673,34.23,63.75735251718032,0
74.63,0.712836,34.23,64.38167441127949,0
-105.58,0.708998,34.23,63.953107821277925,0
19.07,0.70644,34.23,62.63385665915839,0
-6.14,0.702602,34.25,63.953107821277925,0
-42.07,0.702602,34.25,63.72597586541927,0
29.82,0.698765,34.25,63.72597586541927,0
-16.72,0.697486,34.25,63.72597586541927,0
21.54,0.696206,34.23,63.51377803280167,0
14.47,0.694927,34.23,63.72597586541927,0
-30.5,0.693648,34.23,63.953107821277925,0
41.15,0.697486,34.23,63.72597586541927,0
3.74,0.694927,34.23,63.953107821277925,0
-73.92,0.697486,34.23,63.953107821277925,0
31.08,0.693648,34.23,63.31666447310692,0
-3.19,0.694927,34.23,63.72597586541927,0
-15.87,0.685973,34.21,63.51377803280167,0
22.01,0.693648,34.21,63.51377803280167,0
-47.1,0.692369,34.21,63.095166217389426,0
41.55,0.694927,34.21,63.095166217389426,0
11.3,0.700044,34.25,63.72597586541927,0
-71.41,0.703881,34.25,64.39720490828775,0
30.77,0.710277,34.25,64.20280367709809,0
-10.31,0.714115,34.25,64.20280367709809,0
23.14,0.716673,34.23,63.51377803280167,0
9.54,0.712836,34.23,64.60650122085238,0
-60.63,0.710277,34.23,63.88270501473775,0
45.23,0.701323,34.23,64.6297145282261,0
-5.11,0.705161,34.25,64.19501538281614,0
-39.37,0.696206,34.25,63.96092557178953,0
34.5,0.696206,34.25,63.75735251718032,0
-11.16,0.685973,34.25,62.8728876384726,0
23.13,0.68981,34.25,64.83054835492293,0
53.91,0.694927,34.25,64.06246951218786,0
-28.3,0.669344,34.25,62.928530890209096,0
50.05,0.653994,34.25,64.8459713474939,0
6.3,0.657831,34.25,63.58458932791813,0
-109.87,0.665506,34.25,64.17164482853778,0
48.72,0.661669,34.25,64.1404708432983,0
128.46,0.673181,34.25,63.419239982831705,0
-56.74,0.671902,34.23,64.319514923544,0
85.61,0.679577,34.23,64.17164482853778,0
31.33,0.67446,34.23,63.03967004989794,0
-82.29,0.67574,34.23,64.17164482853778,0
1.99,0.668064,34.25,64.17164482853778,0
-39.92,0.677019,34.25,64.17164482853778,0
23.05,0.678298,34.25,63.41135544995076,0
25.27,0.67574,34.25,63.26926584053272,0
-38.8,0.677019,34.25,64.17164482853778,0
53.86,0.67446,34.25,63.51377803280167,0
19.56,0.677019,34.25,64.41273166075166,0
-67.75,0.673181,34.25,63.26926584053272,0
28.32,0.678298,34.23,64.17164482853778,0
7.72,0.67574,34.23,64.17164482853778,0
-58.78,0.680856,34.23,63.63961030678928,0
17.75,0.67574,34.23,63.03967004989794,0
-9.02,0.677019,34.25,63.26926584053272,0
-36.46,0.67574,34.25,63.26926584053272,0
10.83,0.671902,34.25,63.26926584053272,0
-20.21,0.669344,34.25,63.63961030678928,0
8.43,0.666785,34.25,63.63961030678928,0
8.03,0.669344,34.25,63.63961030678928,0
-32.69,0.665506,34.25,63.51377803280167,0
33.32,0.668064,34.25,64.17164482853778,0
4.53,0.666785,34.25,63.63961030678928,0
-67.94,0.669344,34.25,63.88270501473775,0
26.63,0.665506,34.25,63.26926584053272,0
-7.1,0.666785,34.25,63.88270501473775,0
-20.48,0.668064,34.23,63.51377803280167,0
26.99,0.666785,34.23,63.63961030678928,0
-29.98,0.668064,34.23,63.26926584053272,0
40.62,0.668064,34.23,63.63961030678928,0
31.68,0.670623,34.23,63.63961030678928,0
-52.5,0.671902,34.23,63.88270501473775,0
54.63,0.67446,34.23,63.51377803280167,0
30.0,0.67574,34.23,63.88270501473775,0
-66.26,0.678298,34.23,63.26926584053272,0
36.67,0.678298,34.23,63.41135544995076,0
8.78,0.679577,34.23,63.51377803280167,0
-48.04,0.679577,34.23,63.63961030678928,0
31.46,0.678298,34.23,63.26926584053272,0
-16.34,0.67446,34.23,63.51377803280167,0
23.31,0.673181,34.23,63.63961030678928,0
26.5,0.671902,34.23,63.26926584053272,0
-41.22,0.669344,34.25,63.51377803280167,0
47.71,0.669344,34.25,63.63961030678928,0
19.78,0.665506,34.25,63.63961030678928,0
-63.46,0.665506,34.25,63.63961030678928,0
37.76,0.664227,34.25,63.63961030678928,0
12.63,0.662948,34.25,63.88270501473775,0
-61.76,0.660389,34.25,63.26926584053272,0
34.73,0.65911,34.25,63.63961030678928,0
14.21,0.657831,34.23,63.63961030678928,0
-51.15,0.65911,34.23,63.63961030678928,0
30.35,0.656552,34.23,63.88270501473775,0
10.55,0.657831,34.23,63.63961030678928,0
-46.25,0.657831,34.23,63.88270501473775,0
20.62,0.661669,34.23,63.88270501473775,0
3.22,0.660389,34.23,63.88270501473775,0
-57.71,0.664227,34.23,63.88270501473775,0
13.99,0.668064,34.23,63.63961030678928,0
-9.59,0.669344,34.23,63.88270501473775,0
-15.25,0.668064,34.23,63.51377803280167,0
19.15,0.666785,34.23,63.63961030678928,0
-26.28,0.661669,34.25,63.88270501473775,0
29.23,0.660389,34.25,63.88270501473775,0
13.61,0.65911,34.25,63.88270501473775,0
-43.38,0.657831,34.25,64.26507605223851,0
32.88,0.657831,34.27,64.1404708432983,0
-0.06,0.657831,34.27,63.63961030678928,0
-55.14,0.656552,34.27,64.52131430775415,0
15.5,0.655273,34.27,63.25345840347388,0
-3.79,0.657831,34.25,63.796551630946325,0
48.83,0.656552,34.25,64.02343321003646,0
31.83,0.648877,34.25,64.19501538281614,0
-59.75,0.655273,34.25,63.796551630946325,0
27.7,0.656552,34.25,63.58458932791813,0
-6.18,0.657831,34.25,63.58458932791813,0
-16.09,0.656552,34.25,63.095166217389426,0
35.2,0.656552,34.25,63.796551630946325,0
-22.51,0.653994,34.25,64.26507605223851,0
15.75,0.655273,34.25,63.7808748764079,0
28.48,0.651435,34.25,63.13477647065839,0
-17.19,0.653994,34.25,64.02343321003646,0
18.28,0.655273,34.25,64.26507605223851,0
36.07,0.660389,34.25,63.3798075099633,0
-14.75,0.657831,34.25,63.3798075099633,0
4.86,0.660389,34.25,64.02343321003646,0
16.22,0.652714,34.25,63.13477647065839,0
-11.81,0.657831,34.25,64.02343321003646,0
42.24,0.656552,34.25,63.3798075099633,0
19.92,0.657831,34.25,64.42049363362563,0
-55.64,0.65911,34.25,63.30876716537765,0
29.55,0.660389,34.25,62.625873247404705,0
-5.23,0.636085,34.25,62.177166226839255,0
-26.75,0.568289,34.25,61.26989472816156,0
34.04,0.604106,34.25,64.39720490828775,0
22.7,0.641202,34.25,61.424750711744856,0
168.09,0.664227,34.25,61.48983655857283,0
-268.39,0.666785,34.25,63.56886030125127,0
-226.81,0.677019,34.25,69.74955196988724,0
73.83,0.687252,34.25,70.34912934784623,0
-33.44,0.692369,34.25,63.41135544995076,0
70.84,0.698765,34.25,62.63385665915839,0
100.51,0.711556,34.23,53.319789947073126,0
93.22,0.717952,34.23,94.98420921395304,0
39.44,0.700044,34.23,69.92853494818836,0
2.03,0.698765,34.23,73.60027173862879,0
-40.37,0.692369,34.25,61.30252849597641,0
-121.45,0.692369,34.25,60.54750201288241,0
-31.45,0.684694,34.25,73.33484846919642,0
185.17,0.683415,34.25,60.4648658313239,0
63.39,0.678298,34.18,53.48831648126533,0
-18.91,0.67574,34.18,52.848841046895245,0
150.76,0.661669,34.18,56.938563381947034,0
115.92,0.668064,34.18,65.93178292750773,0
11.01,0.680856,34.23,64.50581369148055,0
122.6,0.694927,34.23,65.31462317123173,0
-141.92,0.715394,34.23,64.06246951218786,0
-175.6,0.70644,34.23,62.26556030423239,0
-286.77,0.69109,34.21,65.39877674696982,0
505.83,0.671902,34.21,63.60031446463138,0
-265.63,0.670623,34.21,59.0,0
90.05,0.67446,34.21,60.199667773169644,0
-40.23,0.696206,34.18,62.369864518050704,0
-59.56,0.694927,34.18,53.87021440462252,0
3.22,0.65911,34.18,61.43289021363068,0
54.47,0.703881,34.18,66.34003316248794,0
20.24,0.831799,34.21,59.824744044584094,0
21.05,0.990416,34.21,68.97825744392213,0
71.1,0.79854,34.21,67.45368781616021,0
42.73,0.717952,34.21,67.31270311018568,0
87.64,0.698765,34.16,60.95079983068311,0
-169.47,0.702602,34.16,61.424750711744856,0
11.96,0.692369,34.16,60.54750201288241,0
63.0,0.69109,34.16,64.66065264130884,0
3.8,0.679577,34.15,63.25345840347388,0
11.26,0.682135,34.15,62.69768735766894,0
-14.95,0.687252,34.15,62.80923498976882,0
-114.22,0.683415,34.15,60.95079983068311,0
-19.45,0.680856,34.13,62.55397669213365,0
118.27,0.67574,34.13,62.40192304729078,0
77.99,0.679577,34.13,62.39390995922599,0
100.91,0.657831,34.13,61.424750711744856,0
152.89,0.662948,34.05,61.7980582219215,0
-151.12,0.694927,34.05,62.64982043070834,0
-463.06,0.69109,34.05,62.20128616033595,0
-22.36,0.687252,34.05,61.814237842102365,0
182.85,0.692369,34.09,62.928530890209096,0
112.7,0.69109,34.09,63.41135544995076,0
134.16,0.688531,34.09,62.74551776820397,0
119.4,0.68981,34.09,62.928530890209096,0
1.4,0.687252,34.09,61.71709649683789,0
-70.5,0.694927,34.09,62.56196927846821,0
-44.44,0.683415,34.09,62.56196927846821,0
-340.26,0.693648,34.09,61.71709649683789,0
180.01,0.692369,34.05,61.71709649683789,0
83.35,0.693648,34.05,62.56196927846821,0
-39.53,0.687252,34.05,62.22539674441618,0
-30.57,0.684694,34.05,62.22539674441618,0
39.43,0.685973,34.07,61.71709649683789,0
22.85,0.688531,34.07,63.06346010171025,0
-16.66,0.69109,34.07,61.71709649683789,0
-10.22,0.69109,34.07,62.22539674441618,0
23.26,0.697486,34.09,62.22539674441618,0
7.2,0.700044,34.09,62.22539674441618,0
-32.94,0.703881,34.09,62.22539674441618,0
31.36,0.697486,34.09,62.22539674441618,0
27.78,0.705161,34.07,62.0403094769844,0
-8.38,0.705161,34.07,62.56196927846821,0
-15.31,0.702602,34.07,63.387695966961914,0
20.58,0.703881,34.07,63.45076831686122,0
-0.97,0.696206,34.09,62.63385665915839,0
-74.65,0.68981,34.09,61.237243569579455,0
-91.74,0.684694,34.09,62.81719509815764,0
222.04,0.697486,34.09,62.297672508690084,0
49.02,0.694927,34.09,62.297672508690084,0
37.68,0.702602,34.09,62.8728876384726,0
140.1,0.693648,34.09,61.5223536610881,0
-66.03,0.701323,34.09,62.0644825967316,0
-144.51,0.698765,34.07,62.8728876384726,0
-7.54,0.696206,34.07,62.8728876384726,0
-12.41,0.693648,34.07,62.0644825967316,0
-24.55,0.687252,34.07,62.8728876384726,0
6.57,0.688531,34.07,62.0644825967316,0
4.27,0.680856,34.07,62.0644825967316,0
-22.59,0.684694,34.07,62.545983084447556,0
9.85,0.673181,34.07,63.45076831686122,0
10.54,0.682135,34.05,62.80923498976882,0
14.91,0.67446,34.05,61.326992425847855,0
127.36,0.67446,34.05,63.229739838148944,0
58.86,0.670623,34.05,62.07253821135398,0
-6.17,0.670623,34.05,62.01612693485461,0
-259.61,0.67446,34.05,62.01612693485461,0
-61.44,0.677019,34.05,63.08724118235002,0
70.26,0.673181,34.05,62.56996084384263,0
10.91,0.671902,34.03,62.30569797378086,0
-50.56,0.687252,34.03,62.056425936400814,0
-53.06,0.685973,34.03,62.056425936400814,0
82.32,0.687252,34.03,62.617888817813075,0
43.11,0.688531,34.03,62.849025449882674,0
-97.99,0.685973,34.03,62.056425936400814,0
-36.07,0.68981,34.03,62.849025449882674,0
-21.52,0.68981,34.03,62.056425936400814,0
32.41,0.692369,34.03,62.625873247404705,0
26.64,0.69109,34.03,62.849025449882674,0
-11.28,0.692369,34.03,62.625873247404705,0
32.8,0.687252,34.03,61.82232606429493,0
14.88,0.68981,34.03,62.0644825967316,0
-18.45,0.683415,34.03,62.625873247404705,0
26.19,0.687252,34.03,61.82232606429493,0
19.25,0.683415,34.03,62.625873247404705,0
-6.94,0.684694,34.03,62.625873247404705,0
23.87,0.682135,34.03,62.056425936400814,0
16.37,0.682135,34.03,63.41135544995076,0
-0.28,0.684694,34.03,62.617888817813075,0
-3.59,0.683415,34.0,62.056425936400814,0
10.18,0.687252,34.0,61.82232606429493,0
3.28,0.682135,34.0,61.82232606429493,0
-12.24,0.687252,34.0,63.41135544995076,0
14.77,0.67446,34.0,62.297672508690084,0
31.58,0.678298,34.0,61.204574992397426,0
92.16,0.67574,34.0,62.56996084384263,0
243.33,0.673181,34.0,63.3798075099633,0
-46.77,0.668064,34.03,62.6418390534633,0
-97.52,0.665506,34.03,62.24146527838174,0
-63.3,0.666785,34.03,62.48199740725323,0
-98.59,0.668064,34.03,64.45153217728807,0
124.39,0.664227,34.0,61.497967446087195,0
28.85,0.657831,34.0,64.27285585688566,0
-83.76,0.670623,34.0,62.849025449882674,0
-265.46,0.671902,34.0,62.95236294214857,0
97.46,0.671902,33.97,62.6418390534633,0
117.5,0.678298,33.97,61.82232606429493,0
-128.22,0.67446,33.97,61.05735008989499,0
150.66,0.682135,33.97,65.0,0
14.79,0.684694,33.99,63.00793600809346,0
-19.24,0.687252,33.99,62.928530890209096,0
22.46,0.692369,33.99,63.474404290233394,0
-88.22,0.68981,33.99,60.88513775955508,0
-16.99,0.760165,33.93,66.6783323126786,0
53.32,0.929016,33.93,62.0,0
22.21,1.088913,33.93,63.92182725798755,0
-42.89,1.183572,33.93,62.41794613730894,0
78.01,1.399752,33.97,63.35613624582863,0
58.48,1.578837,33.97,64.27285585688566,0
58.82,1.131225,33.97,61.69278726074872,0
-114.89,0.938069,33.97,62.73754856543249,0
-15.3,0.921341,34.0,62.625873247404705,0
-215.11,0.895758,34.0,61.48983655857283,0
-61.64,0.886803,34.0,62.42595614005443,0
100.43,0.879128,34.0,62.24146527838174,0
101.98,0.881687,33.97,61.91930232165088,0
43.99,0.879128,33.97,62.489999199871974,0
29.53,0.882966,33.97,62.93647591023825,0
109.12,0.87657,33.97,62.93647591023825,0
-17.18,0.871453,33.97,62.177166226839255,0
-80.83,0.862499,33.97,62.177166226839255,0
-53.68,0.852266,33.97,62.68173577685928,0
-43.31,0.844591,33.97,61.814237842102365,0
34.54,0.836915,33.99,61.814237842102365,0
34.39,0.831799,33.99,62.369864518050704,0
3.92,0.822845,33.99,62.93647591023825,0
25.49,0.820286,33.99,62.369864518050704,0
20.41,0.817728,33.97,62.369864518050704,0
-1.8,0.816449,33.97,61.603571325045756,0
-9.54,0.807495,33.97,62.369864518050704,0
12.49,0.810053,33.97,62.369864518050704,0
2.11,0.804936,33.99,62.07253821135398,0
-20.76,0.808774,33.99,63.8200595424354,0
10.53,0.806215,33.99,62.93647591023825,0
9.12,0.79854,33.99,61.741396161732524,0
-15.62,0.787028,33.99,63.90618123468183,0
61.15,0.792144,33.99,62.6418390534633,0
79.67,0.794703,33.99,63.221831672294975,0
131.05,0.789586,33.99,63.221831672294975,0
-71.44,0.788307,33.97,62.465990746965666,0
-121.43,0.785749,33.97,61.87891401761993,0
-58.14,0.78319,33.97,62.465990746965666,0
26.29,0.780632,33.97,62.465990746965666,0
16.34,0.781911,33.97,62.465990746965666,0
-15.67,0.779353,33.97,62.465990746965666,0
20.46,0.778073,33.97,62.465990746965666,0
8.72,0.775515,33.97,62.465990746965666,0
-18.1,0.772957,33.97,62.465990746965666,0
8.9,0.774236,33.97,61.71709649683789,0
-4.86,0.774236,33.97,62.465990746965666,0
23.6,0.775515,33.97,62.321745803531535,0
12.74,0.774236,33.97,62.321745803531535,0
-21.61,0.776794,33.97,61.71709649683789,0
19.99,0.774236,33.97,62.465990746965666,0
4.85,0.774236,33.97,62.01612693485461,0
6.27,0.772957,33.99,61.71709649683789,0
19.91,0.771678,33.99,62.465990746965666,0
-1.59,0.76784,33.99,62.465990746965666,0
25.74,0.760165,33.99,63.06346010171025,0
16.89,0.764003,33.95,63.06346010171025,0
-3.05,0.761444,33.95,63.06346010171025,0
15.49,0.761444,33.95,62.465990746965666,0
6.75,0.761444,33.95,63.06346010171025,0
-6.37,0.762723,33.97,63.06346010171025,0
-0.19,0.765282,33.97,62.321745803531535,0
9.77,0.765282,33.97,62.321745803531535,0
1.15,0.758886,33.97,62.93647591023825,0
-13.28,0.764003,33.97,62.321745803531535,0
10.46,0.764003,33.97,63.06346010171025,0
3.1,0.756328,33.97,63.06346010171025,0
-7.55,0.757607,33.97,61.71709649683789,0
-1.42,0.756328,33.97,62.321745803531535,0
4.48,0.760165,33.97,63.06346010171025,0
-2.72,0.758886,33.97,61.43289021363068,0
-10.62,0.765282,33.97,63.06346010171025,0
9.01,0.762723,33.95,62.465990746965666,0
5.12,0.772957,33.95,62.78534860936905,0
-5.06,0.765282,33.95,63.06346010171025,0
-12.09,0.772957,33.95,63.06346010171025,0
-0.07,0.776794,33.99,62.32976816898969,0
1.6,0.772957,33.99,62.27358990776106,0
1.86,0.790865,33.99,61.72519744804386,0
55.21,0.789586,33.99,62.617888817813075,0
179.68,0.804936,33.97,62.489999199871974,0
-95.18,0.881687,33.97,58.40376700179535,0
-110.49,0.844591,33.97,63.0158710167526,0
-267.03,1.005767,33.97,64.48255578061404,0
68.64,1.079959,33.97,61.1228271597445,0
71.43,1.20148,33.97,61.69278726074872,0
97.61,1.008325,33.97,65.86349520030045,0
185.43,0.872732,33.97,59.81638571495272,0
-24.38,0.842032,33.97,59.94997914928745,0
-324.79,0.833078,33.97,63.190189111918315,0
-568.32,0.833078,33.97,63.190189111918315,0
509.49,0.833078,33.97,62.44197306299666,0
212.79,0.836915,33.97,61.61980201201558,0
165.44,0.836915,33.97,62.81719509815764,0
-86.12,0.834357,33.97,62.24146527838174,0
-7.46,0.82924,33.97,63.623894882347464,0
25.65,0.825403,33.97,62.8728876384726,0
-26.18,0.821565,33.97,62.24146527838174,0
46.52,0.820286,33.97,61.30252849597641,0
14.38,0.81389,33.97,63.12685640834652,0
-2.58,0.81517,33.97,63.75735251718032,0
19.95,0.817728,33.97,61.814237842102365,0
3.43,0.811332,33.97,62.489999199871974,0
-35.99,0.810053,33.97,60.844062980705026,0
-106.91,0.804936,33.97,62.41794613730894,0
-80.92,0.802378,33.97,60.61352984276695,0
216.65,0.795982,33.97,63.82789358893179,0
292.57,0.789586,33.97,61.814237842102365,0
-156.49,0.788307,33.95,63.694583757176716,0
20.29,0.788307,33.95,61.91122676865643,0
187.48,0.78319,33.95,65.33758489567853,0
109.79,0.776794,33.95,62.63385665915839,0
-206.36,0.78319,33.89,71.0,0
-34.29,0.778073,33.89,66.52067347825036,0
-56.56,0.775515,33.89,62.20128616033595,0
-174.86,0.762723,33.89,65.19969325081216,0
82.61,0.760165,33.93,62.457985878508765,0
-163.93,0.762723,33.93,61.032778078668514,0
-64.08,0.762723,33.93,66.37770710110436,0
65.49,0.760165,33.93,60.241181927316134,0
164.32,0.758886,33.87,54.62600113499065,0
53.86,0.751211,33.87,55.90169943749474,0
17.69,0.758886,33.87,61.862751312886175,0
-195.55,0.758886,33.87,65.58200972827838,0
113.17,0.766561,33.87,60.440052945046304,0
303.67,0.769119,33.87,67.54257916307313,0
-241.62,0.778073,33.87,76.32168761236873,0
-176.03,0.784469,33.87,61.84658438426491,0
93.07,0.781911,33.89,63.84355879804947,0
55.82,0.780632,33.89,60.88513775955508,0
77.63,0.803657,33.89,61.72519744804386,0
1.32,1.0774,33.89,64.45153217728807,0
11.46,1.312768,33.91,64.60650122085238,0
-41.83,1.102984,33.91,62.52999280345393,0
29.39,0.884245,33.91,61.91122676865643,0
6.56,0.839474,33.91,62.76145313805282,0
-76.49,0.826682,33.91,60.96720429870473,0
-68.72,0.811332,33.91,66.97014260101288,0
54.94,0.807495,33.91,63.2771680782255,0
-19.53,0.797261,33.91,61.91930232165088,0
-0.27,0.803657,33.89,62.369864518050704,0
31.02,0.799819,33.89,62.489999199871974,0
-194.58,0.79854,33.89,62.68173577685928,0
214.19,0.794703,33.89,62.12889826803627,0
89.38,0.794703,33.87,62.68173577685928,0
-112.1,0.799819,33.87,62.12889826803627,0
-31.71,0.795982,33.87,62.369864518050704,0
-27.75,0.804936,33.87,62.90468980926621,0
29.09,0.806215,33.89,62.12889826803627,0
11.27,0.807495,33.89,61.814237842102365,0
-30.92,0.808774,33.89,62.12889826803627,0
9.42,0.806215,33.89,62.68173577685928,0
3.35,0.803657,33.89,61.814237842102365,0
-28.13,0.794703,33.89,61.814237842102365,0
13.46,0.787028,33.89,62.369864518050704,0
3.96,0.794703,33.89,62.369864518050704,0
-27.02,0.792144,33.89,61.814237842102365,0
6.34,0.79854,33.89,62.5939294181153,0
4.78,0.795982,33.89,61.814237842102365,0
-15.74,0.799819,33.89,63.14269553954757,0
-7.07,0.801099,33.89,61.814237842102365,0
-4.9,0.806215,33.89,61.814237842102365,0
19.61,0.801099,33.89,62.369864518050704,0
10.59,0.806215,33.89,62.369864518050704,0
-11.76,0.808774,33.89,61.814237842102365,0
19.41,0.807495,33.89,62.5939294181153,0
7.13,0.808774,33.89,62.12889826803627,0
-5.41,0.806215,33.89,61.814237842102365,0
15.1,0.808774,33.89,62.369864518050704,0
6.69,0.806215,33.89,63.245553203367585,0
14.57,0.804936,33.89,62.369864518050704,0
7.21,0.801099,33.89,62.369864518050704,0
-11.58,0.799819,33.87,61.814237842102365,0
14.21,0.79854,33.87,62.369864518050704,0
8.61,0.795982,33.87,61.814237842102365,0
-11.42,0.794703,33.87,61.814237842102365,0
4.95,0.788307,33.89,61.814237842102365,0
-0.87,0.795982,33.89,60.96720429870473,0
-1.48,0.792144,33.89,62.849025449882674,0
1.55,0.801099,33.89,62.5939294181153,0
-7.54,0.811332,33.89,62.489999199871974,0
9.04,0.817728,33.89,62.81719509815764,0
0.09,0.83052,33.89,62.12889826803627,0
-15.85,0.838195,33.89,62.68173577685928,0
-1.69,0.849707,33.89,62.369864518050704,0
4.19,0.849707,33.89,62.369864518050704,0
16.05,0.850986,33.89,62.55397669213365,0
53.35,0.840753,33.89,62.01612693485461,0
-28.23,0.838195,33.89,62.80923498976882,0
-24.38,0.834357,33.89,62.80923498976882,0
-5.51,0.827961,33.89,62.545983084447556,0
-9.72,0.821565,33.89,62.80923498976882,0
-2.32,0.819007,33.91,62.80923498976882,0
5.68,0.817728,33.91,62.80923498976882,0
-1.54,0.812611,33.91,63.35613624582863,0
-7.95,0.812611,33.91,62.80923498976882,0
7.46,0.804936,33.89,62.80923498976882,0
2.08,0.812611,33.89,62.80923498976882,0
-6.69,0.810053,33.89,62.01612693485461,0
4.19,0.81517,33.89,62.80923498976882,0
1.62,0.81517,33.87,62.80923498976882,0
-3.75,0.827961,33.87,62.01612693485461,0
-8.99,0.82924,33.87,62.01612693485461,0
3.43,0.82924,33.87,62.01612693485461,0
2.56,0.83052,33.89,62.849025449882674,0
-6.68,0.826682,33.89,62.80923498976882,0
3.51,0.825403,33.89,62.80923498976882,0
3.86,0.822845,33.89,62.80923498976882,0
-1.93,0.820286,33.89,62.80923498976882,0
-9.77,0.820286,33.89,62.80923498976882,0
0.38,0.819007,33.89,62.80923498976882,0
2.76,0.824124,33.89,62.56996084384263,0
-3.18,0.824124,33.91,62.01612693485461,0
8.84,0.82924,33.91,62.01612693485461,0
4.6,0.824124,33.91,62.01612693485461,0
-3.18,0.819007,33.91,62.01612693485461,0
1.39,0.820286,33.91,62.01612693485461,0
2.37,0.817728,33.91,62.01612693485461,0
-0.27,0.816449,33.91,62.01612693485461,0
-6.47,0.81389,33.91,62.56996084384263,0
0.69,0.811332,33.89,63.13477647065839,0
-3.18,0.812611,33.89,62.56996084384263,0
-5.32,0.812611,33.89,62.01612693485461,0
2.48,0.811332,33.89,62.01612693485461,0
-5.79,0.811332,33.87,62.80923498976882,0
-2.41,0.816449,33.87,62.80923498976882,0
0.31,0.822845,33.87,62.849025449882674,0
-3.9,0.833078,33.87,63.08724118235002,0
6.78,0.847149,33.89,62.01612693485461,0
1.32,0.86122,33.89,62.80923498976882,0
-6.6,0.867616,33.89,62.01612693485461,0
2.91,0.868895,33.89,62.297672508690084,0
-0.87,0.870174,33.89,62.01612693485461,0
3.98,0.866337,33.89,62.80923498976882,0
1.89,0.852266,33.89,62.01612693485461,0
-3.7,0.856103,33.89,62.07253821135398,0
9.23,0.850986,33.91,61.78996682310163,0
2.05,0.844591,33.91,62.56996084384263,0
-6.62,0.842032,33.91,63.35613624582863,0
1.57,0.839474,33.91,62.07253821135398,0
-3.25,0.838195,33.89,62.01612693485461,0
-6.11,0.840753,33.89,62.56996084384263,0
4.72,0.84587,33.89,62.07253821135398,0
2.24,0.865057,33.89,62.56996084384263,0
-3.39,0.875291,33.84,62.80923498976882,0
-5.54,0.888083,33.84,62.01612693485461,0
2.44,0.889362,33.84,62.01612693485461,0
-1.22,0.893199,33.84,62.56996084384263,0
-6.11,0.890641,33.87,62.56996084384263,0
5.53,0.89192,33.87,62.01612693485461,0
2.44,0.888083,33.87,63.35613624582863,0
-2.39,0.884245,33.87,62.56996084384263,0
-2.45,0.889362,33.87,61.78996682310163,0
4.19,0.89192,33.87,63.35613624582863,0
-0.91,0.899595,33.87,62.80923498976882,0
-4.56,0.898316,33.87,62.01612693485461,0
2.67,0.897037,33.89,62.01612693485461,0
1.19,0.89192,33.89,62.01612693485461,0
-4.41,0.886803,33.89,62.297672508690084,0
6.49,0.879128,33.89,62.01612693485461,0
2.48,0.874012,33.87,62.56996084384263,0
-1.44,0.865057,33.87,62.56996084384263,0
-3.68,0.866337,33.87,62.01612693485461,0
0.51,0.858661,33.87,62.01612693485461,0
-1.46,0.852266,33.87,62.56996084384263,0
-4.34,0.849707,33.87,62.01612693485461,0
4.45,0.844591,33.87,62.80923498976882,0
1.66,0.843311,33.87,63.35613624582863,0
-2.15,0.840753,33.84,62.01612693485461,0
4.08,0.840753,33.84,62.01612693485461,0
0.51,0.836915,33.84,62.56996084384263,0
-1.84,0.838195,33.84,62.01612693485461,0
0.15,0.842032,33.87,62.80923498976882,0
2.64,0.839474,33.87,62.01612693485461,0
-2.89,0.842032,33.87,62.80923498976882,0
2.6,0.838195,33.87,62.56996084384263,0
3.07,0.840753,33.84,62.01612693485461,0
-2.61,0.836915,33.84,62.01612693485461,0
2.53,0.836915,33.84,62.01612693485461,0
1.68,0.831799,33.84,62.56996084384263,0
-5.23,0.83052,33.84,62.01612693485461,0
1.53,0.826682,33.84,62.80923498976882,0
0.35,0.826682,33.84,62.01612693485461,0
-1.58,0.826682,33.84,62.80923498976882,0
1.48,0.821565,33.84,62.01612693485461,0
-0.36,0.820286,33.84,62.80923498976882,0
3.89,0.819007,33.84,61.78996682310163,0
4.73,0.824124,33.84,68.21290200541243,0
5.73,0.824124,33.84,63.7102817447859,0
40.0,0.843311,33.84,75.35250493513803,0
85.79,0.872732,33.84,58.172158288995945,0
-104.06,0.871453,33.84,60.489668539346454,0
102.89,0.870174,33.84,52.99056519796708,0
63.41,0.884245,33.84,65.18435395092905,0
36.16,0.850986,33.84,72.5741000633146,0
-214.25,0.843311,33.84,58.557663887829406,0
-93.85,0.847149,33.87,64.73020933072904,0
-204.61,0.852266,33.87,61.08191221630181,0
251.15,0.866337,33.87,72.86288492778748,0
211.46,0.863778,33.87,72.18032973047436,0
-2.54,0.852266,33.84,68.1248853210044,0
-16.98,0.854824,33.84,74.15524256584965,0
-100.85,0.884245,33.84,60.844062980705026,0
169.64,0.889362,33.84,61.62791575252241,0
84.58,0.884245,33.87,58.111960903070546,0
-260.23,0.872732,33.87,65.83312236253116,0
90.83,0.863778,33.87,64.7688196588451,0
-18.34,0.868895,33.87,66.1362230551458,0
-118.92,0.870174,33.84,60.51446108162907,0
235.07,0.880407,33.84,73.90534486760751,0
-59.49,0.899595,33.84,64.35837163881635,0
-53.92,0.908549,33.84,62.609903369994115,0
-76.37,0.888083,33.84,64.5445582524197,0
22.44,0.89192,33.84,56.90342696182718,0
255.23,0.867616,33.84,65.16133823057964,0
101.98,0.839474,33.84,63.92182725798755,0
-271.99,0.817728,33.81,65.26101439603893,0
-240.3,0.816449,33.81,58.42088667591412,0
136.8,0.844591,33.81,62.69768735766894,0
184.6,0.82924,33.81,60.37383539249432,0
23.53,0.827961,33.81,61.538605769061746,0
-146.89,0.820286,33.81,63.41135544995076,0
-236.97,0.822845,33.81,61.26989472816156,0
135.12,0.816449,33.81,61.84658438426491,0
99.49,0.825403,33.81,61.84658438426491,0
31.65,0.822845,33.81,63.0317380372777,0
8.07,0.821565,33.81,63.51377803280167,0
-33.48,0.822845,33.81,62.77738446287803,0
-52.41,0.821565,33.79,62.69768735766894,0
4.07,0.825403,33.79,62.69768735766894,0
29.55,0.831799,33.79,62.69768735766894,0
-20.09,0.862499,33.79,62.77738446287803,0
37.85,0.879128,33.81,58.966091951222275,0
30.28,0.904712,33.81,67.65352910233139,0
-3.87,0.934133,33.81,62.64982043070834,0
85.71,0.959716,33.81,62.8728876384726,0
93.03,0.963554,33.79,63.12685640834652,0
-209.26,0.960995,33.79,60.41522986797286,0
35.95,0.948204,33.79,65.06919393998976,0
-99.92,0.936691,33.79,64.28841264178172,0
-29.53,0.92262,33.77,69.92138442565336,0
3.7,0.913666,33.77,50.22947341949744,0
37.08,0.913666,33.77,64.01562309311689,0
245.82,0.921341,33.77,63.914004725099176,0
-106.81,0.923899,33.75,62.3377895020348,0
-24.39,0.916224,33.75,65.31462317123173,0
-96.22,0.912387,33.75,63.984373092185564,0
3.58,0.908549,33.75,69.6491205974634,0
74.81,0.905991,33.77,60.44832503882965,0
42.35,0.913666,33.77,55.51576352712804,0
89.16,0.912387,33.77,61.04096984812741,0
-97.25,0.920062,33.77,55.44366510251645,0
-121.2,0.925179,33.79,61.87891401761993,0
74.6,0.936691,33.79,77.36278174936577,0
-8.39,0.940529,33.79,64.4437739428721,0
-23.39,0.944366,33.79,64.69930447848725,0
35.21,0.940529,33.77,62.185207244167,0
-108.15,0.93797,33.77,119.3859288191033,0
55.78,0.920062,33.77,82.54695633395576,0
-46.28,0.920062,33.77,61.97580172938467,0
-22.82,0.925179,33.77,73.78346698278686,0
34.24,0.925179,33.77,60.64651680022522,0
205.96,0.930295,33.77,53.49766350038102,0
84.3,0.926458,33.77,61.25357132445422,0
-65.27,0.935412,33.79,61.91122676865643,0
-34.59,0.930295,33.79,67.23094525588644,0
-18.71,0.930295,33.79,64.79197481170026,0
0.43,0.921341,33.79,75.13321502504735,0
-0.58,0.916224,33.77,57.28874234961002,0
5.3,0.918783,33.77,65.33758489567853,0
35.17,0.911108,33.77,87.68694315575154,0
-6.69,0.871453,33.77,53.907327887774215,0
5.01,0.888083,33.77,58.557663887829406,0
-28.12,0.898316,33.77,71.23903424387504,0
123.62,0.886803,33.77,60.249481325568276,0
-168.72,0.888083,33.77,60.14149981501958,0
-109.94,0.886803,33.77,63.92182725798755,0
-47.15,0.877849,33.77,63.8200595424354,0
21.74,0.867616,33.77,58.25804665451803,0
29.0,0.862499,33.77,62.52999280345393,0
170.04,0.859941,33.79,64.77653896280658,0
64.64,0.856103,33.79,61.30252849597641,0
-138.35,0.856103,33.79,63.06346010171025,0
-89.33,0.852266,33.79,62.00806399170998,0
-49.83,0.854824,33.77,63.03967004989794,0
-43.11,0.854824,33.77,60.67124524847005,0
83.28,0.862499,33.77,64.19501538281614,0
129.35,0.872732,33.77,62.42595614005443,0
-59.4,0.881687,33.77,62.42595614005443,0
-101.34,0.885524,33.77,62.42595614005443,0
-97.72,0.888083,33.77,63.671029518926424,0
-51.41,0.886803,33.77,63.229739838148944,0
37.76,0.872732,33.75,58.88972745734183,0
59.93,0.872732,33.75,59.632206063502295,0
92.37,0.862499,33.75,63.984373092185564,0
54.85,0.865057,33.75,67.38694235532579,0
34.92,0.862499,33.73,62.32976816898969,0
-151.91,0.868895,33.73,64.24951361683604,0
-29.02,0.863778,33.73,65.5133574166368,0
-128.6,0.867616,33.73,59.782940710540494,0
138.87,0.867616,33.75,67.47592163134935,0
113.54,0.871453,33.75,60.909769331364245,0
141.8,0.89192,33.75,78.41555968046137,0
-26.12,0.889362,33.75,65.5133574166368,0
-123.76,0.894478,33.71,63.2771680782255,0
-127.19,0.900874,33.71,62.20128616033595,0
-5.34,0.889362,33.71,59.799665550904216,0
366.33,0.881687,33.71,61.032778078668514,0
-87.93,0.888083,33.73,63.53739056650029,0
-25.87,0.897037,33.73,61.74949392505172,0
-60.88,0.898316,33.73,60.60528029800704,0
-89.0,0.900874,33.73,61.04096984812741,0
-21.41,0.889362,33.71,61.465437442517235,0
121.14,0.888083,33.71,46.36809247747852,0
9.36,0.879128,33.71,75.82875444051551,0
-22.95,0.87657,33.71,63.76519426771944,0
-55.98,0.894478,33.73,37.33630940518894,0
-43.6,0.898316,33.73,130.61776295741709,0
-28.05,0.904712,33.73,77.30459236035075,0
-47.49,0.917503,33.73,70.22107945624305,0
33.96,0.948204,33.75,84.5872330792301,0
166.74,0.962275,33.75,37.70941526992961,0
-167.88,0.963554,33.75,122.34786471369249,0
-122.23,0.949483,33.75,52.40229002629561,0
13.8,0.939249,33.73,67.59437846448475,0
41.49,0.929016,33.73,114.84337159801605,0
42.16,0.918783,33.73,55.362442142665635,0
52.19,0.9546,33.73,56.07138307550475,0
-70.08,0.977625,33.73,97.54998718605759,0
-20.73,0.925179,33.73,62.78534860936905,0
58.51,0.927737,33.73,79.1012010022604,0
54.07,0.934133,33.73,82.95179322956196,0
227.12,0.930295,33.75,123.81033882515628,0
152.47,0.668064,33.75,82.35289915965315,0
-319.36,0.492818,33.75,65.40642170307133,0
-258.48,0.566941,33.75,62.68173577685928,0
145.35,0.853476,33.75,61.773780845922005,0
112.97,1.067098,33.75,61.652250567193406,0
-103.96,1.03135,33.75,67.02984409947557,0
186.1,1.010883,33.75,62.78534860936905,0
-24.53,1.007046,33.73,65.92419889539804,0
-212.97,1.005767,33.73,68.33739825307956,0
347.04,1.00065,33.73,59.481089431852205,0
74.42,1.012162,33.73,65.49809157525127,0
-212.81,1.024954,33.71,63.56886030125127,0
-29.32,1.041583,33.71,57.56735185849702,0
-44.25,1.078679,33.71,63.72597586541927,0
-63.64,1.09403,33.71,66.21933252457322,0
83.75,1.105542,33.71,61.29437168288782,0
47.3,1.110659,33.71,67.06713054842886,0
-57.49,1.102984,33.71,60.8276253029822,0
-25.07,1.083796,33.71,57.175169435691224,0
-34.01,1.065888,33.73,69.8426803609369,0
87.31,1.053096,33.73,62.76941930590086,0
-9.94,1.050538,33.73,64.42049363362563,0
105.66,1.042863,33.73,62.72160712226688,0
96.36,1.03135,33.71,63.8200595424354,0
-107.48,1.03135,33.71,63.33245613427605,0
8.72,1.024954,33.71,62.72160712226688,0
-23.28,1.021117,33.71,62.72160712226688,0
57.94,1.016,33.73,63.20601237224193,0
93.86,1.017279,33.73,62.72160712226688,0
-24.96,1.007046,33.73,63.20601237224193,0
-17.9,1.012162,33.73,62.72160712226688,0
6.9,1.007046,33.68,62.72160712226688,0
-0.11,1.004487,33.68,63.20601237224193,0
-11.58,1.004487,33.68,63.20601237224193,0
-3.39,1.001929,33.68,62.3377895020348,0
-23.04,0.999371,33.68,63.20601237224193,0
-4.05,0.994254,33.68,63.20601237224193,0
-26.53,0.994254,33.68,62.72160712226688,0
2.87,0.990416,33.68,63.20601237224193,0
-30.48,0.986579,33.71,62.3377895020348,0
12.29,0.981462,33.71,62.3377895020348,0
-18.23,0.96995,33.71,63.20601237224193,0
33.88,0.972508,33.71,62.72160712226688,0
2.58,0.96867,33.71,62.72160712226688,0
-43.23,0.96867,33.71,63.20601237224193,0
26.84,0.966112,33.71,62.3377895020348,0
1.76,0.973787,33.71,63.20601237224193,0
-35.42,0.982741,33.68,63.20601237224193,0
14.04,1.00065,33.68,62.297672508690084,0
-13.65,1.009604,33.68,61.741396161732524,0
25.28,1.027513,33.68,65.92419889539804,0
37.63,1.024954,33.71,59.43904440685432,0
76.7,1.028792,33.71,65.06150935845248,0
170.76,1.037746,33.71,65.49045732013177,0
-75.22,1.028792,33.71,63.20601237224193,0
-169.37,1.033908,33.71,65.73431371817918,0
30.51,1.021117,33.71,67.83804242458652,0
147.2,1.009604,33.71,60.63827174318213,0
189.77,1.004487,33.71,54.92722457943783,0
53.94,1.027513,33.71,61.106464469808756,0
-411.39,1.027513,33.71,58.008620049092706,0
-307.36,1.026233,33.71,60.67124524847005,0
-19.47,1.0467,33.71,59.23681287847955,0
22.35,1.054375,33.73,65.19202405202648,0
276.26,1.06205,33.73,62.94441992742486,0
173.99,1.053096,33.73,62.353829072479584,0
-180.49,1.054375,33.73,62.465990746965666,0
8.21,1.045421,33.73,63.45076831686122,0
-51.82,1.042863,33.73,63.45076831686122,0
41.79,1.035188,33.73,63.095166217389426,0
-1.99,1.027513,33.73,63.095166217389426,0
-38.26,1.019837,33.75,63.095166217389426,0
12.92,1.010883,33.75,62.20932405998316,0
5.47,1.00065,33.75,63.15853069855251,0
17.98,0.999371,33.75,62.27358990776106,0
4.53,0.996812,33.68,62.27358990776106,0
-31.53,1.003208,33.68,63.15853069855251,0
36.29,1.001929,33.68,63.15853069855251,0
10.23,1.005767,33.68,63.15853069855251,0
18.83,1.001929,33.68,62.27358990776106,0
11.14,1.001929,33.68,62.52199612936234,0
-22.15,0.998092,33.68,62.52199612936234,0
3.88,0.991696,33.68,62.80127387243033,0
-9.22,0.982741,33.71,62.88083968904996,0
15.29,0.975066,33.71,63.35613624582863,0
1.45,0.976346,33.71,62.80127387243033,0
-20.49,0.972508,33.71,62.457985878508765,0
7.56,0.967391,33.68,62.80127387243033,0
-21.09,0.963554,33.68,62.80127387243033,0
12.55,0.962275,33.68,62.80127387243033,0
1.09,0.960995,33.68,62.80127387243033,0
22.93,0.963554,33.68,62.80127387243033,0
3.68,0.967391,33.68,62.80127387243033,0
-6.91,0.966112,33.68,62.80127387243033,0
-1.45,0.959716,33.68,63.095166217389426,0
-22.54,0.964833,33.68,63.35613624582863,0
12.3,0.96995,33.68,62.80127387243033,0
-13.77,0.96867,33.68,62.457985878508765,0
20.69,0.96995,33.68,62.457985878508765,0
-14.76,0.964833,33.68,63.694583757176716,0
21.99,0.96867,33.68,62.75348595894893,0
10.27,0.967391,33.68,63.0317380372777,0
20.26,0.971229,33.68,62.457985878508765,0
2.37,0.967391,33.68,62.80127387243033,0
-13.77,0.973787,33.68,63.35613624582863,0
3.9,0.976346,33.68,62.80127387243033,0
-10.9,0.973787,33.68,63.35613624582863,0
18.31,0.976346,33.68,62.52199612936234,0
2.12,0.967391,33.68,62.457985878508765,0
-13.04,0.967391,33.68,63.35613624582863,0
5.96,0.963554,33.68,63.35613624582863,0
-4.76,0.964833,33.68,62.457985878508765,0
5.06,0.966112,33.68,62.80127387243033,0
-3.69,0.967391,33.68,63.694583757176716,0
-9.33,0.96867,33.68,62.457985878508765,0
9.73,0.967391,33.66,62.80127387243033,0
-5.87,0.964833,33.66,63.647466563878254,0
-0.16,0.958437,33.66,62.457985878508765,0
0.01,0.960995,33.66,63.35613624582863,0
-10.87,0.950762,33.68,58.70264048575669,0
10.39,0.948204,33.68,69.24593850905626,0
-5.87,0.93797,33.68,60.0416522091123,0
-1.64,0.943087,33.68,63.0158710167526,0
-10.74,0.93797,33.68,63.103090257134,0
57.08,0.935412,33.68,63.26136261573884,0
-26.47,0.93797,33.68,62.297672508690084,0
2.49,0.930295,33.68,63.34824385884742,0
-44.69,0.944366,33.68,62.489999199871974,0
32.64,0.945645,33.68,61.53048025166064,0
4.74,0.946925,33.68,64.1248781675256,0
-86.22,0.935412,33.68,61.78996682310163,0
16.3,0.939249,33.68,66.34003316248794,0
14.96,0.939249,33.68,64.41273166075166,0
130.42,0.934133,33.68,62.385895841928885,0
-240.07,0.932854,33.68,63.45076831686122,0
-210.87,0.930295,33.68,62.385895841928885,0
-9.71,0.931574,33.68,63.45076831686122,0
-130.02,0.929016,33.68,62.385895841928885,0
115.54,0.926458,33.68,62.385895841928885,0
25.05,0.923899,33.66,63.20601237224193,0
-7.14,0.923899,33.66,63.26136261573884,0
46.75,0.923899,33.66,62.297672508690084,0
-0.48,0.92262,33.66,62.64982043070834,0
-13.72,0.927737,33.68,63.26136261573884,0
24.74,0.930295,33.68,62.297672508690084,0
12.91,0.927737,33.68,62.385895841928885,0
-3.27,0.930295,33.68,63.26136261573884,0
9.54,0.930295,33.66,63.103090257134,0
13.04,0.930295,33.66,63.34824385884742,0
-25.17,0.926458,33.66,62.385895841928885,0
26.74,0.921341,33.66,62.75348595894893,0
21.16,0.916224,33.66,62.489999199871974,0
-1.18,0.92262,33.66,62.489999199871974,0
9.52,0.92262,33.66,62.489999199871974,0
-16.68,0.921341,33.66,62.64982043070834,0
-11.5,0.920062,33.66,62.64982043070834,0
26.69,0.917503,33.66,62.489999199871974,0
-9.28,0.920062,33.66,62.489999199871974,0
-50.12,0.926458,33.66,62.489999199871974,0
-18.54,0.929016,33.66,63.45076831686122,0
8.51,0.930295,33.66,62.489999199871974,0
28.25,0.926458,33.66,63.45076831686122,0
-10.64,0.930295,33.66,62.489999199871974,0
2.82,0.925179,33.65,62.489999199871974,0
-3.32,0.927737,33.65,62.609903369994115,0
-21.88,0.92262,33.65,62.609903369994115,0
2.71,0.920062,33.65,62.609903369994115,0
13.0,0.914945,33.66,62.609903369994115,0
5.34,0.912387,33.66,62.609903369994115,0
-5.4,0.911108,33.66,63.45076831686122,0
-9.54,0.911108,33.66,62.489999199871974,0
-5.89,0.918783,33.65,63.34824385884742,0
0.58,0.913666,33.65,60.35726965329032,0
-23.99,0.916224,33.65,63.15853069855251,0
9.98,0.902153,33.65,61.87891401761993,0
47.01,0.914945,33.68,62.8887907341205,0
64.51,0.92262,33.68,64.83054835492293,0
-5.45,0.918783,33.68,62.22539674441618,0
-99.46,0.92262,33.68,63.13477647065839,0
-34.99,0.920062,33.66,62.12889826803627,0
85.09,0.92262,33.66,63.095166217389426,0
-40.23,0.92262,33.66,63.071388124885914,0
-44.01,0.92262,33.66,63.071388124885914,0
38.45,0.92262,33.66,62.369864518050704,0
11.76,0.929016,33.66,63.071388124885914,0
-2.06,0.930295,33.66,63.071388124885914,0
11.35,0.932854,33.66,63.071388124885914,0
15.45,0.931574,33.66,63.071388124885914,0
2.13,0.930295,33.66,63.071388124885914,0
23.4,0.930295,33.66,63.071388124885914,0
8.99,0.931574,33.66,63.06346010171025,0
-19.36,0.935412,33.66,63.06346010171025,0
12.8,0.93797,33.66,63.071388124885914,0
-1.64,0.935412,33.66,63.06346010171025,0
17.73,0.931574,33.66,63.06346010171025,0
-6.56,0.934133,33.66,63.071388124885914,0
-1.64,0.932854,33.66,63.071388124885914,0
5.13,0.932854,33.66,62.10475022089695,0
-10.77,0.930295,33.66,63.071388124885914,0
10.85,0.932854,33.65,62.81719509815764,0
18.62,0.931574,33.65,63.071388124885914,0
-13.4,0.92262,33.65,63.071388124885914,0
14.82,0.929016,33.65,63.071388124885914,0
-11.89,0.926458,33.66,63.071388124885914,0
8.59,0.92262,33.66,63.071388124885914,0
9.31,0.916224,33.66,63.071388124885914,0
-9.99,0.921341,33.66,63.06346010171025,0
12.73,0.917503,33.63,63.33245613427605,0
1.0,0.921341,33.63,63.071388124885914,0
-5.41,0.917503,33.63,63.06346010171025,0
14.52,0.918783,33.63,63.324560795950255,0
10.37,0.909828,33.65,63.06346010171025,0
-8.42,0.917503,33.65,63.06346010171025,0
0.36,0.914945,33.65,63.071388124885914,0
-6.76,0.911108,33.65,66.25707509390978,0
-24.02,0.904712,33.63,64.20280367709809,0
-4.53,0.871453,33.63,69.6419413859206,0
2.4,0.884245,33.63,66.65583245298194,0
-30.66,0.884245,33.63,62.37788069500277,0
-38.95,0.89192,33.63,63.324560795950255,0
73.76,0.881687,33.63,63.15853069855251,0
-210.79,0.889362,33.63,63.4428877022476,0
-28.73,0.889362,33.63,63.324560795950255,0
-80.09,0.893199,33.63,63.50590523722971,0
30.62,0.899595,33.63,63.50590523722971,0
39.56,0.902153,33.63,63.324560795950255,0
-11.57,0.911108,33.63,62.297672508690084,0
19.42,0.911108,33.65,62.56196927846821,0
3.18,0.923899,33.65,63.324560795950255,0
-16.17,0.92262,33.65,63.50590523722971,0
19.07,0.923899,33.65,62.56196927846821,0
-4.08,0.921341,33.63,63.50590523722971,0
-6.82,0.918783,33.63,62.56196927846821,0
14.49,0.914945,33.63,62.56196927846821,0
-7.94,0.909828,33.63,62.976185975335156,0
4.67,0.905991,33.63,62.76145313805282,0
14.33,0.899595,33.63,62.56196927846821,0
-4.98,0.895758,33.63,62.76145313805282,0
10.93,0.893199,33.63,62.76145313805282,0
-3.44,0.894478,33.63,63.702433234531945,0
-2.54,0.893199,33.63,62.76145313805282,0
24.16,0.894478,33.63,63.50590523722971,0
4.28,0.899595,33.63,63.702433234531945,0
-12.32,0.902153,33.63,62.56196927846821,0
14.21,0.909828,33.63,63.4428877022476,0
4.23,0.909828,33.63,63.324560795950255,0
-12.41,0.911108,33.63,63.50590523722971,0
6.77,0.900874,33.61,63.245553203367585,0
-11.6,0.905991,33.61,63.245553203367585,0
-10.91,0.898316,33.61,63.245553203367585,0
5.03,0.899595,33.61,63.06346010171025,0
-7.76,0.898316,33.61,62.76145313805282,0
-1.92,0.900874,33.61,63.245553203367585,0
7.36,0.911108,33.61,62.56196927846821,0
-18.93,0.914945,33.61,62.10475022089695,0
-33.55,0.921341,33.63,62.76145313805282,0
104.83,0.92262,33.63,62.76145313805282,0
-7.02,0.92262,33.63,62.76145313805282,0
-58.77,0.921341,33.63,62.76145313805282,0
-29.36,0.918783,33.61,62.76145313805282,0
-2.3,0.918783,33.61,63.245553203367585,0
5.96,0.918783,33.61,62.89674077406555,0
-17.84,0.918783,33.61,62.89674077406555,0
7.16,0.916224,33.61,63.15853069855251,0
29.29,0.916224,33.61,59.12698199637793,0
64.27,0.902153,33.61,62.00806399170998,0
-24.15,0.885524,33.61,67.00746227100382,0
0.63,0.898316,33.61,75.11324783285569,0
-0.67,0.898316,33.61,62.80127387243033,0
65.88,0.897037,33.61,63.45076831686122,0
-55.45,0.895758,33.61,62.55397669213365,0
167.99,0.897037,33.57,63.45076831686122,0
-36.77,0.905991,33.57,63.45076831686122,0
-52.78,0.909828,33.57,62.52199612936234,0
-24.29,0.913666,33.57,62.52199612936234,0
28.57,0.914945,33.61,63.45076831686122,0
0.13,0.917503,33.61,62.52199612936234,0
-18.23,0.917503,33.61,62.80127387243033,0
15.41,0.918783,33.61,62.80127387243033,0
7.09,0.918783,33.59,64.52131430775415,0
-12.44,0.923899,33.59,66.2268827591938,0
9.52,0.898316,33.59,71.54019849007969,0
-6.88,0.911108,33.59,61.514225996918796,0
-19.09,0.911108,33.59,68.1615727518079,0
31.68,0.917503,33.59,62.16912416947821,0
-105.63,0.92262,33.59,65.81033353509159,0
177.02,0.902153,33.59,67.14908785679818,0
-38.13,0.898316,33.57,67.7126280689208,0
53.66,0.909828,33.57,62.65780079128216,0
229.26,0.917503,33.57,63.54525946126902,0
-57.08,0.921341,33.57,62.369864518050704,0
-290.35,0.921341,33.61,63.221831672294975,0
96.13,0.92262,33.61,63.419239982831705,0
-89.26,0.916224,33.61,63.221831672294975,0
-20.91,0.918783,33.61,62.49799996799898,0
24.68,0.912387,33.57,62.49799996799898,0
-8.53,0.914945,33.57,63.474404290233394,0
8.29,0.912387,33.57,63.419239982831705,0
16.85,0.914945,33.57,62.44197306299666,0
-7.44,0.913666,33.59,62.49799996799898,0
21.63,0.913666,33.59,63.474404290233394,0
10.96,0.914945,33.59,63.3798075099633,0
9.08,0.914945,33.59,62.369864518050704,0
9.11,0.918783,33.59,61.71709649683789,0
-7.33,0.899595,33.59,65.09224224129939,0
20.13,0.895758,33.59,64.60650122085238,0
41.37,0.90727,33.59,68.71681017043792,0
93.01,0.914945,33.59,63.166446789415026,0
117.72,0.912387,33.59,63.3798075099633,0
-434.92,0.916224,33.59,62.20128616033595,0
300.96,0.914945,33.59,62.20128616033595,0
-55.47,0.917503,33.57,62.20128616033595,0
-112.92,0.920062,33.57,63.166446789415026,0
-12.11,0.92262,33.57,63.33245613427605,0
2.22,0.927737,33.57,63.33245613427605,0
-11.35,0.926458,33.57,63.166446789415026,0
21.13,0.936691,33.57,63.3798075099633,0
17.17,0.930295,33.57,62.369864518050704,0
-8.94,0.935412,33.57,63.3798075099633,0
9.79,0.934133,33.57,63.3798075099633,0
7.11,0.932854,33.57,62.369864518050704,0
-17.58,0.929016,33.57,62.41794613730894,0
21.68,0.92262,33.57,63.229739838148944,0
-13.0,0.920062,33.55,59.2452529743945,0
-5.44,0.912387,33.55,66.39277069079132,0
24.54,0.893199,33.55,61.554853586049575,0
11.56,0.898316,33.55,59.16924876994806,0
-3.62,0.914945,33.53,62.20128616033595,0
239.2,0.916224,33.53,62.40192304729078,0
-202.6,0.916224,33.53,64.33506042586733,0
-305.42,0.920062,33.53,63.150613615387776,0
80.53,0.925179,33.55,63.15853069855251,0
-5.05,0.936691,33.55,63.15853069855251,0
-38.54,0.946925,33.55,62.177166226839255,0
35.36,0.959716,33.55,63.15853069855251,0
-16.85,0.963554,33.57,63.15853069855251,0
-18.07,0.96995,33.57,63.182275995725256,0
9.14,0.963554,33.57,63.182275995725256,0
4.77,0.964833,33.57,63.182275995725256,0
5.49,0.959716,33.53,63.182275995725256,0
11.94,0.957158,33.53,63.984373092185564,0
-1.24,0.9546,33.53,63.96092557178953,0
11.68,0.952041,33.53,63.96092557178953,0
-2.06,0.948204,33.55,62.369864518050704,0
-7.58,0.946925,33.55,61.40032573203501,0
8.87,0.945645,33.55,65.23802572120036,0
-6.83,0.945645,33.55,61.39218191268331,0
21.75,0.941808,33.55,58.12916651733448,0
5.73,0.943087,33.55,64.16385275215322,0
-10.08,0.948204,33.55,60.21627686929839,0
-12.2,0.952041,33.55,64.20280367709809,0
84.26,0.95332,33.55,65.18435395092905,0
-33.86,0.9546,33.55,62.44197306299666,0
-13.19,0.9546,33.55,63.221831672294975,0
18.28,0.952041,33.55,63.419239982831705,0
24.29,0.949483,33.55,64.20280367709809,0
-45.08,0.948204,33.55,62.24146527838174,0
1.03,0.945645,33.55,62.49799996799898,0
6.19,0.944366,33.55,62.297672508690084,0
-21.95,0.944366,33.53,62.24146527838174,0
86.16,0.943087,33.53,62.369864518050704,0
69.56,0.939249,33.53,63.34824385884742,0
-107.93,0.948204,33.53,63.2771680782255,0
-15.53,0.946925,33.53,62.369864518050704,0
7.95,0.946925,33.53,62.369864518050704,0
-7.0,0.944366,33.53,63.34824385884742,0
-38.89,0.944366,33.53,62.369864518050704,0
-15.69,0.941808,33.53,62.369864518050704,0
12.18,0.950762,33.53,62.369864518050704,0
0.81,0.949483,33.53,63.43500610861482,0
0.94,0.945645,33.53,62.457985878508765,0
8.12,0.948204,33.55,62.457985878508765,0
-0.14,0.945645,33.55,63.43500610861482,0
15.18,0.948204,33.55,63.53739056650029,0
7.02,0.939249,33.55,63.53739056650029,0
-14.22,0.944366,33.53,62.56196927846821,0
13.28,0.941808,33.53,62.76145313805282,0
7.58,0.936691,33.53,62.56196927846821,0
-12.6,0.934133,33.53,62.56196927846821,0
8.93,0.927737,33.53,62.56196927846821,0
-4.72,0.930295,33.53,62.56196927846821,0
6.92,0.920062,33.53,62.68173577685928,0
-5.78,0.920062,33.53,62.88083968904996,0
-19.7,0.918783,33.5,62.88083968904996,0
-3.53,0.916224,33.5,62.68173577685928,0
8.02,0.920062,33.5,62.68173577685928,0
-0.79,0.92262,33.5,62.88083968904996,0
-15.09,0.932854,33.5,62.68173577685928,0
-18.85,0.939249,33.5,62.68173577685928,0
-13.51,0.950762,33.5,62.68173577685928,0
51.82,0.962275,33.5,62.68173577685928,0
26.58,0.973787,33.49,62.76145313805282,0
-38.94,0.978904,33.49,62.68173577685928,0
-6.42,0.980183,33.49,62.68173577685928,0
2.82,0.978904,33.49,62.68173577685928,0
27.09,0.975066,33.5,62.68173577685928,0
35.79,0.975066,33.5,62.68173577685928,0
-5.07,0.966112,33.5,62.68173577685928,0
-27.54,0.960995,33.5,63.655321851358195,0
11.72,0.955879,33.53,62.68173577685928,0
-49.28,0.952041,33.53,62.88083968904996,0
-2.89,0.949483,33.53,63.655321851358195,0
9.09,0.946925,33.53,62.68173577685928,0
-9.31,0.941808,33.5,62.68173577685928,0
24.67,0.943087,33.5,63.655321851358195,0
15.8,0.944366,33.5,62.68173577685928,0
-11.44,0.936691,33.5,62.88083968904996,0
1.38,0.943087,33.5,63.655321851358195,0
-5.12,0.941808,33.5,62.49799996799898,0
-31.93,0.940529,33.5,62.63385665915839,0
8.07,0.941808,33.5,64.28841264178172,0
7.14,0.940529,33.49,62.63385665915839,0
-4.87,0.944366,33.49,62.68173577685928,0
-2.14,0.940529,33.49,62.49799996799898,0
15.98,0.940529,33.49,62.56196927846821,0
-8.15,0.943087,33.49,62.369864518050704,0
6.26,0.941808,33.49,63.34824385884742,0
10.18,0.941808,33.49,63.34824385884742,0
-1.34,0.93797,33.49,63.34824385884742,0
31.56,0.943087,33.49,63.43500610861482,0
14.17,0.944366,33.49,63.34824385884742,0
-6.5,0.943087,33.49,62.185207244167,0
-3.95,0.944366,33.49,63.53739056650029,0
-20.85,0.941808,33.49,64.51356446515724,0
-19.58,0.936691,33.49,61.5223536610881,0
16.96,0.930295,33.49,61.40032573203501,0
3.37,0.934133,33.49,72.26340706055866,0
4.26,0.927737,33.49,63.15853069855251,0
32.26,0.931574,33.49,60.4979338490167,0
-40.34,0.920062,33.49,63.51377803280167,0
-3.46,0.927737,33.49,60.909769331364245,0
-14.23,0.930295,33.47,62.96824596572466,0
-21.48,0.931574,33.47,63.13477647065839,0
114.17,0.93797,33.47,64.63745044476924,0
89.54,0.941808,33.47,62.83311228962003,0
22.84,0.949483,33.49,63.03967004989794,0
-131.7,0.943087,33.49,62.112800613078136,0
-125.89,0.949483,33.49,62.297672508690084,0
59.49,0.946925,33.49,63.2771680782255,0
21.33,0.948204,33.47,62.27358990776106,0
-4.74,0.948204,33.47,62.37788069500277,0
5.94,0.940529,33.47,62.81719509815764,0
-3.59,0.952041,33.47,66.2117814289874,0
8.91,0.957158,33.49,61.814237842102365,0
3.98,0.966112,33.49,61.554853586049575,0
-9.6,0.95332,33.49,64.91532946846992,0
25.15,0.949483,33.49,64.27285585688566,0
32.66,0.945645,33.47,63.03967004989794,0
81.35,0.943087,33.47,66.34756966159348,0
-116.45,0.93797,33.47,63.608175575157006,0
-87.83,0.941808,33.47,65.55913361233506,0
-6.86,0.940529,33.49,65.49045732013177,0
-42.17,0.941808,33.49,62.81719509815764,0
-68.58,0.945645,33.49,63.608175575157006,0
9.41,0.945645,33.49,62.49799996799898,0
102.55,0.946925,33.49,62.68173577685928,0
-53.04,0.944366,33.49,62.49799996799898,0
-15.13,0.941808,33.49,62.68173577685928,0
6.55,0.936691,33.49,62.81719509815764,0
-5.95,0.93797,33.49,63.655321851358195,0
17.6,0.941808,33.49,62.68173577685928,0
25.39,0.935412,33.49,62.68173577685928,0
11.84,0.945645,33.49,62.68173577685928,0
18.4,0.950762,33.5,63.655321851358195,0
4.04,0.9546,33.5,62.56196927846821,0
-16.36,0.955879,33.5,62.49799996799898,0
7.03,0.960995,33.5,62.49799996799898,0
-0.17,0.962275,33.49,62.63385665915839,0
-12.5,0.962275,33.49,62.96824596572466,0
5.82,0.95332,33.49,62.96824596572466,0
1.15,0.955879,33.49,62.63385665915839,0
-0.31,0.946925,33.47,62.68173577685928,0
7.64,0.9546,33.47,62.16912416947821,0
3.68,0.943087,33.47,62.369864518050704,0
15.74,0.946925,33.47,62.81719509815764,0
1.06,0.943087,33.49,62.78534860936905,0
-21.14,0.944366,33.49,62.78534860936905,0
-11.68,0.946925,33.49,63.13477647065839,0
-7.13,0.950762,33.49,62.95236294214857,0
-3.67,0.960995,33.45,63.13477647065839,0
20.17,0.963554,33.45,62.96824596572466,0
40.84,0.96867,33.45,62.95236294214857,0
-22.49,0.967391,33.45,62.95236294214857,0
-6.65,0.960995,33.47,63.31666447310692,0
-17.16,0.959716,33.47,63.13477647065839,0
-5.41,0.950762,33.47,64.90762667052309,0
10.78,0.952041,33.47,63.13477647065839,0
7.5,0.958437,33.45,63.56886030125127,0
-28.66,0.941808,33.45,64.85368146836385,0
-23.95,0.93797,33.45,62.369864518050704,0
-40.39,0.939249,33.45,64.73020933072904,0
91.0,0.944366,33.45,63.608175575157006,0
-31.27,0.944366,33.45,62.68173577685928,0
59.11,0.95332,33.45,63.30876716537765,0
41.07,0.963554,33.45,63.608175575157006,0
67.38,0.962275,33.45,62.63385665915839,0
-25.61,0.96995,33.45,62.63385665915839,0
-21.17,0.96867,33.45,62.49799996799898,0
4.94,0.973787,33.45,62.63385665915839,0
-20.09,0.972508,33.45,62.63385665915839,0
19.39,0.973787,33.45,62.63385665915839,0
14.11,0.971229,33.45,62.63385665915839,0
-3.32,0.967391,33.45,62.63385665915839,0
30.39,0.971229,33.45,62.63385665915839,0
13.5,0.96995,33.45,62.63385665915839,0
-11.33,0.976346,33.45,62.63385665915839,0
20.07,0.978904,33.45,62.63385665915839,0
11.86,0.981462,33.45,62.63385665915839,0
-7.51,0.980183,33.45,62.63385665915839,0
18.79,0.977625,33.45,62.63385665915839,0
9.73,0.976346,33.45,63.608175575157006,0
-20.77,0.972508,33.45,62.49799996799898,0
17.67,0.96995,33.45,63.30876716537765,0
9.26,0.962275,33.45,62.465990746965666,0
-17.79,0.966112,33.45,62.49799996799898,0
-0.01,0.957158,33.45,62.37788069500277,0
-23.4,0.960995,33.45,63.474404290233394,0
-0.72,0.957158,33.45,63.474404290233394,0
93.71,0.957158,33.45,62.37788069500277,0
-60.48,0.955879,33.45,62.49799996799898,0
-35.85,0.9546,33.45,63.190189111918315,0
5.03,0.948204,33.45,63.35613624582863,0
2.55,0.949483,33.45,63.35613624582863,0
-11.39,0.950762,33.43,63.35613624582863,0
5.45,0.949483,33.43,62.37788069500277,0
-9.33,0.949483,33.43,62.20932405998316,0
28.9,0.950762,33.43,63.35613624582863,0
5.72,0.95332,33.43,63.35613624582863,0
-11.77,0.957158,33.43,62.37788069500277,0
8.07,0.958437,33.43,63.35613624582863,0
-1.23,0.964833,33.43,62.37788069500277,0
-5.4,0.964833,33.45,62.37788069500277,0
12.77,0.96995,33.45,63.190189111918315,0
8.11,0.96867,33.45,63.190189111918315,0
1.76,0.967391,33.45,63.190189111918315,0
38.68,0.964833,33.43,62.20932405998316,0
-24.52,0.971229,33.43,63.30876716537765,0
-12.85,0.96867,33.43,63.190189111918315,0
-28.76,0.960995,33.43,63.30876716537765,0
31.87,0.967391,33.41,62.32976816898969,0
-5.32,0.967391,33.41,63.474404290233394,0
-3.36,0.963554,33.41,63.35613624582863,0
11.26,0.963554,33.41,63.474404290233394,0
2.6,0.962275,33.43,63.35613624582863,0
28.98,0.960995,33.43,63.35613624582863,0
3.16,0.959716,33.43,63.35613624582863,0
1.07,0.958437,33.43,63.35613624582863,0
10.4,0.963554,33.43,62.37788069500277,0
-11.65,0.963554,33.43,63.35613624582863,0
-15.7,0.967391,33.43,62.37788069500277,0
-3.43,0.963554,33.43,62.37788069500277,0
-13.47,0.963554,33.43,62.37788069500277,0
-3.84,0.963554,33.43,63.35613624582863,0
-8.99,0.964833,33.43,63.25345840347388,0
-2.61,0.967391,33.43,63.35613624582863,0
10.79,0.963554,33.41,62.27358990776106,0
5.95,0.96867,33.41,63.592452382338585,0
-8.17,0.964833,33.41,64.5832795698701,0
10.45,0.966112,33.41,62.63385665915839,0
7.41,0.964833,33.43,62.63385665915839,0
-1.29,0.962275,33.43,62.63385665915839,0
11.09,0.959716,33.43,63.592452382338585,0
-10.34,0.957158,33.43,64.10148204214939,0
-3.69,0.960995,33.41,62.78534860936905,0
-11.53,0.966112,33.41,63.608175575157006,0
8.86,0.978904,33.41,62.63385665915839,0
-3.85,0.991696,33.41,62.49799996799898,0
-20.92,0.999371,33.41,62.63385665915839,0
25.34,1.004487,33.41,62.49799996799898,0
6.22,1.007046,33.41,63.608175575157006,0
1.98,1.005767,33.41,63.474404290233394,0
16.18,1.001929,33.41,63.474404290233394,0
18.26,0.999371,33.41,63.53739056650029,0
7.59,0.991696,33.41,62.37788069500277,0
-5.93,0.990416,33.41,63.608175575157006,0
17.85,0.994254,33.41,64.10928169929842,0
-10.08,0.990416,33.41,62.5859409132754,0
3.62,0.992975,33.41,63.166446789415026,0
3.89,0.987858,33.41,63.166446789415026,0
-72.84,0.984021,33.41,62.465990746965666,0
98.62,0.981462,33.41,61.5223536610881,0
-41.89,0.982741,33.41,62.63385665915839,0
5.78,0.984021,33.41,62.465990746965666,0
-7.39,0.989137,33.37,62.465990746965666,0
7.61,0.986579,33.37,61.66036003787198,0
83.69,0.991696,33.37,66.37770710110436,0
-35.87,0.987858,33.37,58.08614292583042,0
-26.26,0.977625,33.41,57.28001396647874,0
-43.35,0.975066,33.41,64.33506042586733,0
-90.46,0.971229,33.41,62.96824596572466,0
35.91,0.96995,33.41,64.78425734698207,0
153.99,0.976346,33.37,62.65780079128216,0
-3.41,0.981462,33.37,62.96824596572466,0
-21.65,0.978904,33.37,63.0,0
62.94,0.9853,33.37,63.984373092185564,0
-51.09,0.992975,33.39,62.8728876384726,0
-108.09,1.005767,33.39,62.8728876384726,0
-22.21,1.010883,33.39,62.976185975335156,0
40.87,1.014721,33.39,63.0,0
-53.03,1.014721,33.39,62.68173577685928,0
2.95,1.008325,33.39,61.82232606429493,0
6.13,0.992975,33.39,63.984373092185564,0
-25.93,1.00065,33.39,66.37770710110436,0
9.24,0.998092,33.39,68.19824044651006,0
31.62,0.995533,33.39,62.976185975335156,0
-74.34,0.987858,33.39,63.0,0
29.15,0.982741,33.39,63.0,0
32.78,0.980183,33.37,63.0,0
145.63,0.982741,33.37,63.0,0
-129.61,0.984021,33.37,64.02343321003646,0
-20.62,0.984021,33.37,63.03967004989794,0
8.96,0.984021,33.37,63.03967004989794,0
-40.6,0.980183,33.37,62.056425936400814,0
-2.35,0.981462,33.37,63.03967004989794,0
-1.2,0.972508,33.37,63.03967004989794,0
1.53,0.975066,33.37,63.03967004989794,0
18.48,0.96867,33.37,63.03967004989794,0
-7.85,0.971229,33.37,63.03967004989794,0
-13.39,0.96867,33.37,63.03967004989794,0
0.42,0.971229,33.34,63.03967004989794,0
-1.31,0.973787,33.34,63.03967004989794,0
-18.91,0.972508,33.34,63.03967004989794,0
11.16,0.976346,33.34,63.03967004989794,0
9.86,0.976346,33.37,62.056425936400814,0
-1.28,0.982741,33.37,63.03967004989794,0
13.28,0.978904,33.37,63.03967004989794,0
2.26,0.9853,33.37,63.03967004989794,0
-79.86,0.978904,33.34,63.095166217389426,0
65.36,0.978904,33.34,63.095166217389426,0
76.36,0.977625,33.34,63.095166217389426,0
38.75,0.980183,33.34,63.03967004989794,0
-53.58,0.977625,33.34,63.095166217389426,0
-54.02,0.976346,33.34,63.095166217389426,0
-35.7,0.978904,33.34,63.095166217389426,0
-68.9,0.975066,33.34,63.095166217389426,0
96.25,0.981462,33.33,62.112800613078136,0
50.74,0.978904,33.33,63.095166217389426,0
-75.85,0.977625,33.33,63.095166217389426,0
-13.71,0.978904,33.33,62.112800613078136,0
1.46,0.976346,33.33,63.095166217389426,0
2.37,0.976346,33.33,63.095166217389426,0
17.31,0.977625,33.33,62.297672508690084,0
-16.02,0.981462,33.33,63.095166217389426,0
-10.53,0.973787,33.33,63.095166217389426,0
11.12,0.982741,33.33,63.095166217389426,0
-7.79,0.977625,33.33,63.095166217389426,0
-17.7,0.980183,33.33,63.095166217389426,0
14.76,0.980183,33.34,63.166446789415026,0
-0.11,0.982741,33.34,63.166446789415026,0
-23.12,0.9853,33.34,64.1482657598785,0
15.17,0.984021,33.34,63.166446789415026,0
11.31,0.986579,33.33,63.166446789415026,0
-2.41,0.990416,33.33,63.25345840347388,0
-11.11,0.991696,33.33,65.1536645170477,0
29.37,0.991696,33.33,63.095166217389426,0
-15.49,0.991696,33.34,63.0,0
44.98,0.986579,33.34,64.02343321003646,0
-11.78,0.989137,33.34,63.095166217389426,0
1.63,0.995533,33.34,63.984373092185564,0
-0.8,0.999371,33.33,62.112800613078136,0
-31.65,1.001929,33.33,63.095166217389426,0
10.64,1.001929,33.33,63.095166217389426,0
58.44,1.00065,33.33,63.166446789415026,0
-71.07,1.003208,33.34,63.095166217389426,0
-21.62,1.00065,33.34,63.095166217389426,0
-7.16,1.00065,33.34,63.03967004989794,0
77.46,1.001929,33.34,62.112800613078136,0
-47.78,1.003208,33.34,63.095166217389426,0
-26.36,1.008325,33.34,63.166446789415026,0
-6.96,1.009604,33.34,63.166446789415026,0
-23.66,1.008325,33.34,63.25345840347388,0
14.95,1.007046,33.33,63.25345840347388,0
10.44,1.004487,33.33,63.166446789415026,0
-5.71,1.00065,33.33,63.166446789415026,0
20.65,1.001929,33.33,63.08724118235002,0
13.13,1.001929,33.33,63.25345840347388,0
0.59,1.005767,33.33,63.190189111918315,0
30.97,1.00065,33.33,63.30876716537765,0
-14.38,0.998092,33.33,62.32976816898969,0
-7.86,1.001929,33.33,62.32976816898969,0
-13.06,1.00065,33.33,63.30876716537765,0
7.11,0.991696,33.33,62.49799996799898,0
4.68,0.995533,33.33,63.35613624582863,0
-2.65,0.995533,33.33,63.166446789415026,0
23.23,0.995533,33.33,63.2771680782255,0
6.71,0.998092,33.33,63.34824385884742,0
4.76,0.998092,33.33,62.369864518050704,0
5.37,0.999371,33.31,62.49799996799898,0
-21.62,1.001929,33.31,63.2771680782255,0
13.44,0.996812,33.31,63.34824385884742,0
-2.91,1.004487,33.31,62.457985878508765,0
-17.98,1.004487,33.31,62.457985878508765,0
-9.37,1.007046,33.31,63.34824385884742,0
-11.62,1.008325,33.31,63.3798075099633,0
2.34,1.017279,33.31,63.150613615387776,0
30.9,1.017279,33.33,61.39218191268331,0
20.04,1.014721,33.33,62.24146527838174,0
14.4,1.019837,33.33,63.34824385884742,0
-5.56,1.024954,33.33,62.369864518050704,0
-70.01,1.037746,33.31,62.297672508690084,0
-20.83,1.042863,33.31,62.297672508690084,0
19.92,1.054375,33.31,62.44197306299666,0
-5.62,1.050538,33.31,62.49799996799898,0
-1.32,1.053096,33.31,62.369864518050704,0
5.08,1.050538,33.31,63.54525946126902,0
-6.26,1.041583,33.31,62.297672508690084,0
0.88,1.036467,33.31,62.56996084384263,0
26.45,1.028792,33.31,62.297672508690084,0
3.93,1.027513,33.31,63.2771680782255,0
-12.98,1.022396,33.31,63.2771680782255,0
5.75,1.019837,33.31,62.369864518050704,0
18.19,1.010883,33.31,63.166446789415026,0
-26.87,1.017279,33.31,62.369864518050704,0
8.03,1.009604,33.31,63.2771680782255,0
-2.29,1.008325,33.31,64.32728814430156,0
7.32,1.005767,33.31,63.2771680782255,0
-13.34,1.001929,33.31,63.2771680782255,0
3.52,1.00065,33.31,63.2771680782255,0
30.13,0.998092,33.31,63.221831672294975,0
-52.2,1.00065,33.31,63.2771680782255,0
-7.78,1.00065,33.31,63.2771680782255,0
81.95,1.007046,33.31,62.369864518050704,0
-42.89,1.009604,33.31,63.34824385884742,0
-5.21,1.018558,33.33,62.56196927846821,0
-6.29,1.035188,33.33,64.66838485689897,0
-9.26,1.055654,33.33,63.324560795950255,0
17.53,1.059492,33.33,63.60031446463138,0
15.27,1.045421,33.31,63.60031446463138,0
54.96,1.049258,33.31,64.50581369148055,0
-27.05,1.041583,33.31,63.474404290233394,0
-60.13,1.030071,33.31,63.35613624582863,0
-5.36,1.030071,33.31,61.26173356998641,0
-62.23,1.028792,33.31,64.2339474110069,0
-33.88,1.028792,33.31,63.095166217389426,0
80.94,1.032629,33.31,62.112800613078136,0
-40.66,1.032629,33.29,63.182275995725256,0
46.78,1.032629,33.29,62.976185975335156,0
-46.06,1.028792,33.29,63.182275995725256,0
33.7,1.024954,33.29,63.15853069855251,0
-18.84,1.024954,33.31,63.15853069855251,0
-11.02,1.023675,33.31,62.01612693485461,0
-6.17,1.021117,33.31,63.095166217389426,0
-7.31,1.019837,33.31,62.20128616033595,0
-50.6,1.016,33.27,59.472682804797024,0
48.47,1.018558,33.27,62.976185975335156,0
50.98,1.024954,33.27,69.0869017976635,0
-29.5,1.023675,33.27,59.23681287847955,0
85.47,1.032629,33.29,57.758116312774604,0
-79.87,1.039025,33.29,38.63935817272331,0
82.71,1.036467,33.29,60.06662967072483,0
8.08,1.024954,33.29,61.39218191268331,0
-5.1,1.022396,33.29,63.166446789415026,0
-52.79,1.018558,33.29,65.16133823057964,0
-81.36,1.016,33.29,62.76145313805282,0
70.05,1.013442,33.29,62.56996084384263,0
94.82,1.012162,33.29,63.54525946126902,0
-58.47,1.014721,33.29,63.474404290233394,0
-39.48,1.014721,33.29,62.88083968904996,0
-7.76,1.013442,33.29,62.88083968904996,0
-12.17,1.014721,33.29,62.65780079128216,0
-2.57,1.018558,33.29,63.43500610861482,0
5.77,1.009604,33.29,62.44197306299666,0
18.18,1.026233,33.29,62.40192304729078,0
4.81,1.033908,33.23,62.177166226839255,0
-12.35,1.044142,33.23,63.15853069855251,0
22.18,1.054375,33.23,63.182275995725256,0
-18.97,1.063329,33.23,62.177166226839255,0
-10.82,1.078679,33.27,63.15853069855251,0
10.85,1.083796,33.27,63.15853069855251,0
-1.96,1.088913,33.27,70.09992867328754,0
-3.62,1.101705,33.27,61.70899448216605,0
14.82,1.104263,33.27,62.81719509815764,0
10.74,1.099146,33.27,62.63385665915839,0
-3.44,1.09275,33.27,62.68173577685928,0
1.11,1.086354,33.27,63.35613624582863,0
1.52,1.076121,33.27,63.53739056650029,0
-7.06,1.063329,33.27,66.10597552415364,0
27.24,1.035188,33.27,60.28266749240614,0
15.33,1.026233,33.27,65.93178292750773,0
-53.4,1.026233,33.23,61.196405123176966,0
-10.03,1.024954,33.23,64.16385275215322,0
6.92,1.023675,33.23,62.177166226839255,0
82.02,1.022396,33.23,63.15853069855251,0
-52.46,1.018558,33.23,63.15853069855251,0
66.1,1.026233,33.23,63.15853069855251,0
-73.61,1.024954,33.23,62.976185975335156,0
22.45,1.026233,33.23,63.15853069855251,0
-16.09,1.026233,33.25,63.182275995725256,0
-9.01,1.024954,33.25,63.182275995725256,0
-19.92,1.024954,33.25,62.40192304729078,0
6.62,1.021117,33.25,62.40192304729078,0
7.06,1.024954,33.23,62.56996084384263,0
-1.37,1.019837,33.23,62.369864518050704,0
0.91,1.022396,33.23,63.43500610861482,0
7.2,1.018558,33.23,64.56779382943171,0
-4.45,1.017279,33.21,63.608175575157006,0
-1.77,1.017279,33.21,66.37017402418047,0
16.62,1.016,33.21,62.297672508690084,0
-9.63,1.013442,33.21,62.457985878508765,0
-16.63,1.009604,33.23,62.457985878508765,0
69.93,1.013442,33.23,62.457985878508765,0
-74.71,1.008325,33.23,62.369864518050704,0
12.19,1.010883,33.23,63.34824385884742,0
-3.29,1.005767,33.23,65.60487786742691,0
-92.37,1.017279,33.23,60.63827174318213,0
94.99,1.016,33.23,65.92419889539804,0
-8.07,1.037746,33.23,69.74955196988724,0
29.46,1.040304,33.21,63.14269553954757,0
-24.98,1.021117,33.21,60.091596750294464,0
68.34,1.044142,33.21,59.648973168026956,0
-130.67,1.03135,33.21,62.56996084384263,0
-138.3,1.035188,33.21,62.369864518050704,0
-220.84,1.036467,33.21,62.49799996799898,0
180.9,1.033908,33.21,61.318838867023565,0
-38.84,1.036467,33.21,63.54525946126902,0
-27.98,1.037746,33.23,62.457985878508765,0
13.88,1.037746,33.23,62.56196927846821,0
9.9,1.039025,33.23,62.76145313805282,0
84.44,1.045421,33.23,61.91122676865643,0
4.1,1.042863,33.21,62.88083968904996,0
50.3,1.050538,33.21,63.198101237299845,0
52.38,1.054375,33.21,63.06346010171025,0
-36.94,1.06205,33.21,63.245553203367585,0
-24.15,1.063329,33.21,61.09828148156051,0
108.26,1.064609,33.21,62.55397669213365,0
-61.29,1.068446,33.21,62.55397669213365,0
-58.45,1.065888,33.21,62.55397669213365,0
-112.62,1.065888,33.23,64.96922348312314,0
31.61,1.063329,33.23,62.76941930590086,0
-2.62,1.06205,33.23,63.773035054010094,0
21.41,1.059492,33.23,62.76941930590086,0
19.94,1.058213,33.18,62.76941930590086,0
8.62,1.054375,33.18,62.55397669213365,0
17.54,1.054375,33.18,63.51377803280167,0
24.29,1.055654,33.18,63.0,0
-1.7,1.054375,33.21,63.245553203367585,0
-4.59,1.050538,33.21,63.0,0
18.81,1.045421,33.21,62.56196927846821,0
-29.19,1.037746,33.21,62.8410693734599,0
58.37,1.040304,33.21,62.56196927846821,0
-17.58,1.035188,33.21,63.50590523722971,0
53.24,1.019837,33.21,62.56196927846821,0
-16.47,1.024954,33.21,63.50590523722971,0
-105.49,1.028792,33.21,62.56196927846821,0
15.09,1.039025,33.21,63.50590523722971,0
-9.81,1.045421,33.21,63.0,0
-26.04,1.049258,33.21,63.0,0
27.8,1.0467,33.21,63.245553203367585,0
-0.14,1.0467,33.21,63.0,0
-39.74,1.039025,33.21,63.0,0
10.53,1.036467,33.21,65.70388116390082,0
39.27,1.023675,33.21,65.23802572120036,0
4.23,1.041583,33.21,61.84658438426491,0
-59.68,1.044142,33.21,63.733821476512766,0
-99.49,1.050538,33.21,62.457985878508765,0
223.94,1.068446,33.21,62.369864518050704,0
101.55,1.076121,33.21,63.34824385884742,0
-101.68,1.085075,33.21,62.369864518050704,0
-59.5,1.082517,33.21,63.34824385884742,0
-24.95,1.079959,33.21,63.2771680782255,0
16.54,1.072284,33.21,63.2771680782255,0
16.5,1.076121,33.21,63.34824385884742,0
-2.73,1.079959,33.21,63.2771680782255,0
6.61,1.079959,33.21,63.2771680782255,0
15.21,1.083796,33.21,63.2771680782255,0
-2.21,1.0774,33.21,62.297672508690084,0
4.59,1.081238,33.21,63.2771680782255,0
12.98,1.071004,33.18,63.2771680782255,0
-1.09,1.0774,33.18,63.2771680782255,0
-1.66,1.063329,33.18,63.2771680782255,0
8.33,1.067167,33.18,63.2771680782255,0
-0.62,1.063329,33.16,63.095166217389426,0
-9.32,1.06205,33.16,63.2771680782255,0
7.31,1.059492,33.16,63.2771680782255,0
-1.8,1.055654,33.16,63.221831672294975,0
-12.58,1.054375,33.21,63.2771680782255,0
7.95,1.0467,33.21,63.796551630946325,0
2.96,1.047979,33.21,64.1404708432983,0
0.4,1.041583,33.21,66.94027188471824,0
27.29,1.035188,33.18,62.489999199871974,0
43.1,1.039025,33.18,63.221831672294975,0
6.0,1.044142,33.18,62.68971207462992,0
28.34,1.0467,33.18,63.4428877022476,0
-44.14,1.0467,33.18,66.76825593049439,0
-19.18,1.053096,33.18,60.74537019394976,0
-20.97,1.067167,33.18,63.095166217389426,0
-36.93,1.0774,33.18,61.75759062657804,0
-34.98,1.069725,33.21,63.914004725099176,0
23.39,1.073563,33.21,62.96824596572466,0
-16.35,1.067167,33.21,62.81719509815764,0
-26.12,1.063329,33.21,63.3798075099633,0
0.7,1.058213,33.18,62.20128616033595,0
-26.79,1.056934,33.18,62.88083968904996,0
41.97,1.059492,33.18,61.30252849597641,0
-35.6,1.056934,33.18,64.34283176858165,0
-19.42,1.059492,33.15,62.5859409132754,0
135.39,1.055654,33.15,63.324560795950255,0
-66.7,1.059492,33.15,63.631753079732135,0
38.86,1.047979,33.15,62.00806399170998,0
-39.65,1.051817,33.15,62.78534860936905,0
63.63,1.041583,33.15,61.5223536610881,0
24.62,1.0467,33.15,62.976185975335156,0
2.44,1.047979,33.15,59.67411499134277,0
-40.9,1.042863,33.16,63.198101237299845,0
-30.55,1.051817,33.16,64.01562309311689,0
51.16,1.056934,33.16,62.89674077406555,0
-64.81,1.060771,33.16,62.49799996799898,0
139.51,1.059492,33.15,63.20601237224193,0
105.74,1.063329,33.15,63.984373092185564,0
-69.4,1.058213,33.15,60.67124524847005,0
-51.26,1.0467,33.15,70.45565981523414,0
-14.34,1.045421,33.13,53.38539126015655,0
-34.84,1.023675,33.13,43.289721643826724,0
-63.25,1.023675,33.13,81.40024569987489,0
156.1,1.009604,33.13,31.20897306865447,0
75.49,1.037746,33.15,65.7419196555744,0
-15.02,1.021117,33.15,73.06846104852626,0
-76.58,1.013442,33.15,39.102429592034305,0
68.23,1.009604,33.15,58.532042506647585,0
-44.15,1.010883,33.16,63.198101237299845,0
-86.76,0.999371,33.16,63.245553203367585,0
-1.05,0.991696,33.16,61.57921727336261,0
-64.46,0.996812,33.16,57.57603668193913,0
-55.92,1.001929,33.16,62.489999199871974,0
50.72,1.00065,33.16,58.12056434688156,0
-6.49,1.008325,33.16,61.30252849597641,0
23.91,1.016,33.16,62.55397669213365,0
-22.82,1.024954,33.15,63.26926584053272,0
-28.02,1.03135,33.15,66.17401302626281,0
80.02,1.026233,33.15,62.5859409132754,0
-25.77,1.027513,33.15,63.419239982831705,0
-95.9,1.017279,33.15,62.44197306299666,0
-135.0,1.019837,33.15,62.49799996799898,0
-20.42,1.013442,33.15,61.68468205316454,0
-21.07,1.017279,33.15,62.49799996799898,0
-27.79,1.018558,33.13,63.54525946126902,0
-45.49,1.030071,33.13,63.631753079732135,0
79.82,1.030071,33.13,62.8728876384726,0
-34.96,1.028792,33.13,62.81719509815764,0
-14.27,1.033908,33.13,63.85138996137829,0
16.24,1.028792,33.13,63.166446789415026,0
-2.07,1.026233,33.13,63.93746945258312,0
-44.89,1.013442,33.13,62.81719509815764,0
39.61,1.013442,33.16,63.166446789415026,0
-7.3,1.003208,33.16,63.655321851358195,0
7.1,1.004487,33.16,63.53739056650029,0
1.22,0.992975,33.16,62.56996084384263,0
-8.87,0.991696,33.15,62.65780079128216,0
20.79,0.989137,33.15,63.984373092185564,0
-3.67,0.989137,33.15,61.78996682310163,0
12.61,0.991696,33.15,64.70703207534712,0
13.81,0.984021,33.16,62.76145313805282,0
-9.51,0.982741,33.16,62.976185975335156,0
-29.02,0.978904,33.16,63.095166217389426,0
48.36,0.982741,33.16,62.65780079128216,0
7.28,0.984021,33.16,63.474404290233394,0
-12.04,0.986579,33.16,63.34824385884742,0
-3.57,0.987858,33.16,62.65780079128216,0
-27.33,0.996812,33.16,63.229739838148944,0
14.79,1.007046,33.16,63.51377803280167,0
33.1,1.010883,33.16,60.54750201288241,0
31.09,1.022396,33.16,62.8728876384726,0
101.59,1.028792,33.16,62.65780079128216,0
15.68,1.037746,33.13,59.76621118993574,0
-227.24,1.036467,33.13,62.37788069500277,0
-55.88,1.036467,33.13,63.592452382338585,0
57.37,1.030071,33.13,64.73020933072904,0
70.07,1.033908,33.15,62.56996084384263,0
-88.09,1.032629,33.15,62.26556030423239,0
22.47,1.03135,33.15,58.56620185738529,0
136.58,1.014721,33.15,63.773035054010094,0
-101.86,1.023675,33.13,61.59545437773797,0
-72.59,1.030071,33.13,64.16385275215322,0
358.96,1.030071,33.13,62.617888817813075,0
43.89,1.026233,33.13,64.35837163881635,0
-462.43,1.017279,33.09,64.73020933072904,0
-107.82,1.019837,33.09,62.65780079128216,0
66.37,1.019837,33.09,64.82283548256741,0
117.53,1.028792,33.09,63.0158710167526,0
53.14,1.035188,33.11,63.51377803280167,0
-170.38,1.045421,33.11,63.92182725798755,0
-20.38,1.039025,33.11,63.788713735268246,0
-24.91,1.044142,33.11,63.788713735268246,0
111.92,1.0467,33.13,62.68173577685928,0
-46.34,1.041583,33.13,61.204574992397426,0
-14.35,1.021117,33.13,68.09552114493287,0
14.99,1.024954,33.13,63.20601237224193,0
30.41,1.022396,33.15,61.78996682310163,0
63.37,1.026233,33.15,61.84658438426491,0
8.54,1.042863,33.15,61.91122676865643,0
52.81,1.033908,33.15,63.3798075099633,0
-251.73,1.033908,33.11,62.26556030423239,0
89.78,1.022396,33.11,63.166446789415026,0
-14.92,1.030071,33.11,63.166446789415026,0
39.44,1.032629,33.11,63.0158710167526,0
41.61,1.030071,33.15,62.88083968904996,0
-17.45,1.033908,33.15,60.81940479813988,0
-19.28,1.030071,33.15,62.8728876384726,0
-76.22,1.028792,33.15,62.78534860936905,0
98.69,1.022396,33.13,63.84355879804947,0
93.68,1.027513,33.13,61.68468205316454,0
-7.25,1.009604,33.13,62.44197306299666,0
-49.66,1.030071,33.13,61.61980201201558,0
-20.32,1.03135,33.13,62.5939294181153,0
2.21,1.037746,33.13,62.617888817813075,0
-19.48,1.040304,33.13,62.65780079128216,0
14.25,1.040304,33.13,62.71363488110062,0
22.21,1.044142,33.13,62.71363488110062,0
-10.98,1.040304,33.13,63.631753079732135,0
11.76,1.047979,33.13,63.592452382338585,0
19.86,1.041583,33.13,61.741396161732524,0
9.36,1.035188,33.11,65.70388116390082,0
-35.79,1.037746,33.11,55.09083408335728,0
31.69,0.994254,33.11,69.98571282769076,0
31.9,1.017279,33.11,54.092513345194085,0
73.99,0.958437,33.13,67.86751800382861,0
-12.89,1.012162,33.13,80.39900496896712,0
64.49,1.018558,33.13,64.91532946846992,0
67.61,1.009604,33.13,56.124860801609124,0
-174.22,1.014721,33.13,66.11353870426238,0
141.72,1.040304,33.13,62.8728876384726,0
-89.42,1.033908,33.13,63.655321851358195,0
197.23,1.041583,33.13,68.65857557508748,0
-73.77,1.036467,33.13,65.93178292750773,0
80.95,1.0467,33.13,70.2353187506115,0
60.71,1.032629,33.13,77.6273147803014,0
38.25,1.028792,33.13,58.625932828399414,0
136.66,1.028792,33.13,56.302753041036986,0
-53.85,1.023675,33.13,59.06775770248944,0
-264.63,1.009604,33.13,51.894122981316485,0
57.04,1.027513,33.13,83.86894538504703,0
-35.79,1.049258,33.11,93.65895579174476,0
35.66,1.040304,33.11,72.58098924649622,0
44.5,0.995533,33.11,43.840620433565945,0
-61.52,1.013442,33.11,48.82622246293481,0
-143.62,1.03135,33.11,66.34003316248794,0
10.53,1.059492,33.11,65.02307282803544,0
-42.73,1.059492,33.11,61.40846847137616,0
-173.91,1.065888,33.11,61.91122676865643,0
-116.46,1.033908,33.13,66.2268827591938,0
167.65,1.050538,33.13,52.66877632905477,0
-20.77,1.063329,33.13,54.56189146281496,0
56.17,1.072284,33.13,63.40346993658943,0
82.21,1.071004,33.09,61.59545437773797,0
10.4,1.068446,33.09,60.44832503882965,0
129.15,1.0774,33.09,63.03967004989794,0
-218.89,1.071004,33.09,63.96092557178953,0
-36.49,1.071004,33.13,63.63961030678928,0
-12.61,1.064609,33.13,63.7808748764079,0
49.25,1.060771,33.13,62.71363488110062,0
79.97,1.053096,33.13,63.33245613427605,0
6.5,1.051817,33.09,62.40192304729078,0
12.91,1.047979,33.09,62.8410693734599,0
4.84,1.049258,33.09,63.33245613427605,0
8.26,1.049258,33.09,63.03967004989794,0
-7.55,1.045421,33.09,63.03967004989794,0
31.13,1.049258,33.09,63.03967004989794,0
1.48,1.044142,33.09,62.321745803531535,0
-19.57,1.042863,33.09,63.25345840347388,0
-18.14,1.040304,33.09,62.40192304729078,0
3.28,1.045421,33.09,63.33245613427605,0
-3.16,1.044142,33.09,62.40192304729078,0
-7.95,1.0467,33.09,63.33245613427605,0
-12.11,1.044142,33.09,63.33245613427605,0
11.77,1.049258,33.09,62.617888817813075,0
1.35,1.0467,33.09,63.33245613427605,0
-15.97,1.045421,33.09,63.54525946126902,0
16.26,1.042863,33.09,63.33245613427605,0
4.93,1.041583,33.09,62.40192304729078,0
-12.32,1.039025,33.09,62.40192304729078,0
-1.34,1.039025,33.09,63.33245613427605,0
9.89,1.041583,33.11,62.617888817813075,0
-3.35,1.047979,33.11,62.617888817813075,0
-12.49,1.051817,33.11,61.773780845922005,0
9.52,1.056934,33.11,62.369864518050704,0
2.56,1.069725,33.09,64.1404708432983,0
2.39,1.073563,33.09,62.37788069500277,0
42.66,1.072284,33.09,64.33506042586733,0
-4.29,1.068446,33.09,63.35613624582863,0
-62.54,1.064609,33.09,63.56886030125127,0
-57.76,1.059492,33.09,62.5939294181153,0
-25.71,1.053096,33.09,63.631753079732135,0
-32.66,1.065888,33.09,62.65780079128216,0
58.25,1.069725,33.11,62.71363488110062,0
52.07,1.082517,33.11,63.686733312362634,0
-17.18,1.087634,33.11,62.65780079128216,0
-8.82,1.09403,33.11,62.49799996799898,0
-43.96,1.095309,33.11,62.65780079128216,0
-36.89,1.09403,33.11,62.65780079128216,0
15.85,1.088913,33.11,63.85922016435841,0
-7.39,1.083796,33.11,63.592452382338585,0
-2.38,1.081238,33.11,61.814237842102365,0
-5.44,1.090192,33.11,65.02307282803544,0
16.15,1.085075,33.11,65.12296062065974,0
-4.73,1.099146,33.11,63.85922016435841,0
-32.62,1.095309,33.11,62.56196927846821,0
40.03,1.091471,33.11,63.00793600809346,0
-43.23,1.087634,33.11,63.00793600809346,0
9.94,1.078679,33.11,63.15853069855251,0
-10.93,1.072284,33.11,62.489999199871974,0
71.14,1.060771,33.11,64.07027391856539,0
23.95,1.055654,33.11,62.65780079128216,0
54.02,1.050538,33.11,63.03967004989794,0
-4.96,1.055654,33.13,62.76145313805282,0
-8.01,1.059492,33.13,63.25345840347388,0
-52.55,1.065888,33.13,62.976185975335156,0
21.29,1.068446,33.13,63.20601237224193,0
-54.08,1.063329,33.11,62.27358990776106,0
-1.98,1.067167,33.11,63.20601237224193,0
-5.69,1.059492,33.11,63.20601237224193,0
7.87,1.055654,33.11,62.55397669213365,0
-18.51,1.049258,33.13,62.55397669213365,0
-20.34,1.047979,33.13,63.72597586541927,0
8.7,1.040304,33.13,63.72597586541927,0
13.2,1.037746,33.13,63.45076831686122,0
-0.5,1.03135,33.13,62.27358990776106,0
2.74,1.033908,33.13,63.20601237224193,0
10.56,1.032629,33.13,62.27358990776106,0
12.78,1.028792,33.13,63.20601237224193,0
8.66,1.036467,33.09,63.45076831686122,0
6.8,1.030071,33.09,63.45076831686122,0
-56.24,1.042863,33.09,60.93439094632849,0
-60.76,1.047979,33.09,61.1310068623117,0
17.88,1.055654,33.15,62.71363488110062,0
-12.97,1.041583,33.15,62.3377895020348,0
-0.9,1.035188,33.15,64.10148204214939,0
-5.16,1.041583,33.15,57.463031594234565,0
12.92,1.037746,33.13,62.37788069500277,0
39.17,1.037746,33.13,62.44197306299666,0
-44.04,1.042863,33.13,62.49799996799898,0
9.92,1.064609,33.13,60.54750201288241,0
6.49,1.069725,33.13,57.148928248918196,0
-2.36,1.073563,33.13,73.87827826905551,0
30.14,1.06205,33.13,77.67882594375381,0
-0.2,1.055654,33.13,32.264531609803356,0
76.03,1.056934,33.13,69.95712972957081,0
-43.45,1.058213,33.13,85.90692637965812,0
32.58,1.055654,33.13,90.41017641836565,0
35.84,1.044142,33.13,86.77557259966655,0
8.44,1.037746,33.13,63.071388124885914,0
-7.54,1.027513,33.13,68.15423684555495,0
146.46,1.030071,33.13,62.44197306299666,0
111.13,1.047979,33.13,77.5306391048081,0
69.35,1.040304,33.13,57.3149195236284,0
-140.44,1.040304,33.13,74.73285756613352,0
-365.47,1.0467,33.13,62.5859409132754,0
101.2,1.055654,33.13,65.64297372910524,0
128.32,1.041583,33.11,60.315835400000886,0
-191.86,1.035188,33.11,62.12889826803627,0
161.72,1.032629,33.11,63.655321851358195,0
10.19,1.033908,33.11,62.44197306299666,0
100.53,1.0467,33.11,64.17164482853778,0
-129.31,1.050538,33.11,46.06517122512408,0
-65.85,1.036467,33.11,73.95268757793728,0
-4.39,1.030071,33.11,26.49528259898354,0
-15.21,1.035188,33.11,70.00714249274856,0
71.34,1.041583,33.11,62.01612693485461,0
-214.52,1.037746,33.11,62.177166226839255,0
312.26,1.040304,33.11,69.0941386804988,0
-221.31,1.042863,33.11,57.175169435691224,0
-154.89,1.030071,33.11,53.907327887774215,0
64.66,1.040304,33.11,91.79324593890337,0
122.89,1.036467,33.11,63.4428877022476,0
143.17,1.0467,33.11,45.44227107000705,0
8.91,1.0467,33.11,64.66065264130884,0
-14.64,1.047979,33.11,63.095166217389426,0
-250.99,1.047979,33.11,64.90762667052309,0
23.1,1.053096,33.11,63.953107821277925,0
-75.04,1.054375,33.11,63.229739838148944,0
57.43,1.051817,33.11,63.608175575157006,0
63.68,1.051817,33.11,61.163714733492114,0
11.45,1.054375,33.13,62.64982043070834,0
-49.51,1.063329,33.13,63.733821476512766,0
38.97,1.060771,33.13,63.608175575157006,0
23.42,1.059492,33.13,63.06346010171025,0
7.22,1.059492,33.09,64.90762667052309,0
-4.43,1.060771,33.09,61.773780845922005,0
-50.81,1.056934,33.09,63.4428877022476,0
182.86,1.053096,33.09,62.976185975335156,0
-4.19,1.051817,33.11,62.71363488110062,0
-45.22,1.049258,33.11,63.245553203367585,0
34.17,1.047979,33.11,62.49799996799898,0
-25.52,1.047979,33.11,63.733821476512766,0
-51.16,1.054375,33.07,63.914004725099176,0
43.49,1.055654,33.07,62.88083968904996,0
-14.96,1.064609,33.07,62.51399843235114,0
41.99,1.071004,33.07,63.88270501473775,0
52.44,1.072284,33.07,61.106464469808756,0
-67.85,1.078679,33.07,57.323642591866054,0
-34.35,1.071004,33.07,60.0416522091123,0
-21.09,1.074842,33.07,64.39720490828775,0
-25.18,1.059492,33.07,55.731499172371095,0
1.87,1.063329,33.07,64.82283548256741,0
42.48,1.063329,33.07,61.78996682310163,0
91.76,1.065888,33.07,62.20932405998316,0
149.16,1.063329,33.07,63.079315151640635,0
-177.66,1.06205,33.07,62.369864518050704,0
-14.12,1.06205,33.07,62.56996084384263,0
17.45,1.059492,33.07,62.91263784010332,0
-9.02,1.06205,33.07,63.63961030678928,0
-0.41,1.059492,33.07,63.96092557178953,0
-1.83,1.060771,33.07,64.24951361683604,0
-26.47,1.063329,33.07,63.48228099241551,0
-6.05,1.059492,33.07,61.91930232165088,0
68.27,1.060771,33.07,64.34283176858165,0
-11.49,1.060771,33.07,61.68468205316454,0
-110.21,1.049258,33.07,61.48170459575759,0
107.48,1.041583,33.07,62.81719509815764,0
-11.7,1.041583,33.07,60.024994793835674,0
53.74,1.03135,33.07,46.71188285650665,0
-88.6,1.030071,33.07,96.66954018717581,0
-25.18,1.058213,33.07,67.95586803212802,0
8.73,1.051817,33.07,58.249463516842795,0
-53.2,1.055654,33.07,66.97014260101288,0
36.97,1.082517,33.07,65.83312236253116,0
30.36,1.0774,33.05,64.66838485689897,0
-2.13,1.067167,33.05,57.706152185014034,0
-83.54,1.06205,33.05,59.61543424315552,0
13.2,1.065888,33.05,68.68769904429759,0
99.99,1.067167,33.07,108.5679510721281,0
-53.46,1.078679,33.07,71.30918594402827,0
-24.52,1.069725,33.07,63.15853069855251,0
4.22,1.067167,33.07,62.617888817813075,0
165.96,1.065888,33.05,62.00806399170998,0
-4.95,1.074842,33.05,62.69768735766894,0
49.16,1.076121,33.05,62.465990746965666,0
56.37,1.076121,33.05,62.94441992742486,0
-68.6,1.074842,33.05,63.198101237299845,0
-5.09,1.072284,33.05,62.5859409132754,0
6.29,1.078679,33.05,63.3798075099633,0
-6.8,1.076121,33.05,63.84355879804947,0
14.53,1.0774,33.07,63.229739838148944,0
-3.59,1.073563,33.07,61.644140029689765,0
-31.11,1.06205,33.07,64.56779382943171,0
9.6,1.056934,33.07,58.22370651203855,0
8.22,1.053096,33.07,61.814237842102365,0
95.02,1.056934,33.07,63.92182725798755,0
-57.62,1.050538,33.07,62.96824596572466,0
-3.65,1.053096,33.07,62.96824596572466,0
-32.16,1.050538,33.05,62.76941930590086,0
3.99,1.060771,33.05,62.76941930590086,0
5.98,1.051817,33.05,62.76941930590086,0
3.25,1.058213,33.05,62.5859409132754,0
-13.12,1.058213,33.05,62.76941930590086,0
7.87,1.056934,33.05,62.76941930590086,0
3.16,1.056934,33.05,62.76941930590086,0
-8.53,1.058213,33.05,62.5859409132754,0
13.83,1.058213,33.05,62.76941930590086,0
4.5,1.050538,33.05,62.76941930590086,0
0.03,1.054375,33.05,62.76941930590086,0
-10.42,1.050538,33.05,62.5859409132754,0
6.07,1.054375,33.05,62.5859409132754,0
0.14,1.054375,33.05,62.5859409132754,0
-9.78,1.053096,33.05,62.5859409132754,0
4.36,1.055654,33.05,62.5859409132754,0
2.12,1.056934,33.05,62.5859409132754,0
-6.22,1.063329,33.05,63.54525946126902,0
7.22,1.060771,33.05,64.50581369148055,0
8.68,1.067167,33.05,59.62382074305537,0
-6.79,1.071004,33.03,65.31462317123173,0
-7.85,1.087634,33.03,64.66838485689897,0
-2.05,1.078679,33.03,61.0163912403872,0
-10.34,1.081238,33.03,73.03423854604085,0
47.51,1.090192,33.05,59.84981202978001,0
54.7,1.101705,33.05,63.76519426771944,0
-2.44,1.117055,33.05,60.29096117993144,0
-78.6,1.136242,33.05,64.45153217728807,0
271.54,1.149034,33.03,62.5859409132754,0
45.27,1.166942,33.03,62.5859409132754,0
-105.05,1.168222,33.03,63.76519426771944,0
-93.33,1.166942,33.03,62.75348595894893,0
-93.76,1.161826,33.03,63.221831672294975,0
26.54,1.151592,33.03,63.4428877022476,0
5.14,1.145197,33.03,62.10475022089695,0
12.58,1.136242,33.03,64.45928947793328,0
70.15,1.131126,33.05,63.13477647065839,0
-41.22,1.122171,33.05,62.72160712226688,0
-7.4,1.120892,33.05,60.332412515993425,0
55.44,1.118334,33.05,62.297672508690084,0
-54.09,1.115776,33.05,61.69278726074872,0
-96.52,1.111938,33.05,63.54525946126902,0
46.72,1.111938,33.05,62.76941930590086,0
25.32,1.113217,33.05,62.048368229954285,0
153.34,1.110659,33.05,62.048368229954285,0
-74.06,1.110659,33.05,63.06346010171025,0
-23.32,1.105542,33.05,62.49799996799898,0
6.36,1.105542,33.05,62.112800613078136,0
98.29,1.110659,33.05,62.89674077406555,0
5.6,1.120892,33.05,62.89674077406555,0
-148.12,1.131126,33.05,62.64982043070834,0
134.75,1.142638,33.05,62.49799996799898,0
137.5,1.147755,33.05,63.702433234531945,0
-79.15,1.149034,33.05,62.74551776820397,0
-152.91,1.143917,33.05,62.74551776820397,0
-183.62,1.137522,33.05,62.74551776820397,0
-77.27,1.133684,33.07,62.609903369994115,0
-1.17,1.131126,33.07,62.609903369994115,0
77.77,1.122171,33.07,62.609903369994115,0
39.07,1.117055,33.07,62.609903369994115,0
-2.66,1.110659,33.05,62.609903369994115,0
41.23,1.104263,33.05,62.609903369994115,0
15.92,1.101705,33.05,62.609903369994115,0
-26.04,1.100425,33.05,63.56886030125127,0
19.59,1.099146,33.0,62.609903369994115,0
24.15,1.097867,33.0,62.609903369994115,0
54.68,1.097867,33.0,62.609903369994115,0
-3.15,1.106821,33.0,62.609903369994115,0
-23.18,1.115776,33.05,62.609903369994115,0
-21.96,1.120892,33.05,62.489999199871974,0
14.25,1.123451,33.05,62.75348595894893,0
1.81,1.12473,33.05,62.489999199871974,0
-21.5,1.123451,33.05,62.75348595894893,0
15.12,1.118334,33.05,62.75348595894893,0
-0.42,1.111938,33.05,62.27358990776106,0
-12.78,1.110659,33.05,63.150613615387776,0
13.95,1.105542,33.05,60.753600716336145,0
2.11,1.108101,33.05,63.182275995725256,0
-9.85,1.111938,33.05,62.048368229954285,0
26.69,1.114496,33.05,64.08587988004847,0
45.68,1.118334,33.05,63.26136261573884,0
16.69,1.123451,33.05,63.0317380372777,0
-19.24,1.111938,33.05,62.75348595894893,0
-115.21,1.126009,33.05,62.24146527838174,0
-26.56,1.129846,33.05,63.095166217389426,0
1.2,1.132405,33.05,64.06246951218786,0
-8.05,1.133684,33.05,63.324560795950255,0
17.26,1.136242,33.05,62.88083968904996,0
-3.98,1.14008,33.03,62.68173577685928,0
2.65,1.145197,33.03,62.76145313805282,0
17.82,1.152872,33.03,62.56196927846821,0
-6.65,1.150313,33.03,62.76145313805282,0
-15.52,1.161826,33.03,62.56196927846821,0
13.12,1.161826,33.03,62.76145313805282,0
7.86,1.157988,33.03,62.76145313805282,0
-10.94,1.152872,33.03,62.56196927846821,0
16.51,1.146476,33.0,62.56196927846821,0
15.35,1.14008,33.0,62.56196927846821,0
1.81,1.131126,33.0,62.56196927846821,0
-13.2,1.12473,33.0,62.56196927846821,0
19.08,1.120892,33.0,62.56196927846821,0
13.41,1.122171,33.0,62.56196927846821,0
-0.8,1.110659,33.0,62.56196927846821,0
-17.24,1.115776,33.0,62.56196927846821,0
17.33,1.115776,33.0,62.56196927846821,0
7.27,1.111938,33.0,62.56196927846821,0
-4.62,1.111938,33.0,62.56196927846821,0
-11.55,1.111938,33.0,62.56196927846821,0
7.17,1.10938,33.03,62.56196927846821,0
-0.99,1.104263,33.03,63.733821476512766,0
-14.83,1.100425,33.03,63.53739056650029,0
14.11,1.10938,33.03,62.56196927846821,0
7.4,1.117055,33.03,62.457985878508765,0
-7.85,1.122171,33.03,62.56196927846821,0
14.95,1.129846,33.03,62.56196927846821,0
0.77,1.12473,33.03,62.56196927846821,0
-13.39,1.133684,33.03,62.56196927846821,0
11.0,1.133684,33.03,62.457985878508765,0
6.93,1.128567,33.03,62.56196927846821,0
-7.4,1.127288,33.03,62.56196927846821,0
14.12,1.126009,33.03,63.53739056650029,0
5.97,1.122171,33.03,62.457985878508765,0
-7.86,1.12473,33.03,63.53739056650029,0
13.86,1.127288,33.03,62.56196927846821,0
7.19,1.12473,33.0,62.56196927846821,0
-3.8,1.128567,33.0,62.457985878508765,0
7.63,1.120892,33.0,62.457985878508765,0
8.48,1.119613,33.0,63.84355879804947,0
-2.36,1.117055,32.99,63.631753079732135,0
-5.15,1.113217,32.99,62.76145313805282,0
7.71,1.111938,32.99,62.00806399170998,0
-2.44,1.111938,32.99,56.674509261219015,0
-46.86,1.097867,33.0,56.64803615307419,0
18.59,1.074842,33.0,76.12489737267302,0
-12.65,1.122171,33.0,64.66065264130884,0
-10.52,1.119613,33.0,62.25752966509352,0
102.82,1.119613,33.03,61.587336360651285,0
-179.94,1.127288,33.03,62.49799996799898,0
124.09,1.14008,33.03,62.49799996799898,0
61.56,1.138801,33.03,62.63385665915839,0
-23.86,1.151592,33.03,62.68173577685928,0
-113.0,1.157988,33.03,62.49799996799898,0
-37.74,1.156709,33.03,62.68173577685928,0
-10.03,1.154151,33.03,62.49799996799898,0
-23.54,1.15543,33.03,62.37788069500277,0
21.75,1.151592,33.03,63.166446789415026,0
11.38,1.145197,33.03,63.166446789415026,0
-11.65,1.141359,33.03,62.185207244167,0
-19.54,1.134963,33.0,63.25345840347388,0
62.64,1.136242,33.0,62.56196927846821,0
53.9,1.131126,33.0,62.68173577685928,0
-4.76,1.136242,33.0,62.56196927846821,0
10.99,1.129846,33.0,62.68173577685928,0
3.37,1.142638,33.0,62.68173577685928,0
-52.51,1.142638,33.0,62.81719509815764,0
-44.48,1.150313,33.0,62.96824596572466,0
21.37,1.15543,32.99,62.96824596572466,0
40.83,1.156709,32.99,62.96824596572466,0
7.84,1.15543,32.99,62.81719509815764,0
26.05,1.146476,32.99,62.81719509815764,0
15.73,1.134963,32.99,63.0158710167526,0
-35.34,1.136242,32.99,62.0,0
-48.4,1.123451,32.99,63.0158710167526,0
24.44,1.129846,32.99,63.0158710167526,0
4.52,1.129846,32.97,63.0158710167526,0
2.26,1.12473,32.97,63.0158710167526,0
-20.58,1.128567,32.97,62.88083968904996,0
-23.13,1.128567,32.97,62.88083968904996,0
-6.36,1.129846,32.97,63.0158710167526,0
6.9,1.131126,32.97,63.0158710167526,0
-22.31,1.131126,32.97,63.0158710167526,0
-13.64,1.128567,32.97,63.0158710167526,0
20.0,1.12473,32.99,62.88083968904996,0
33.68,1.127288,32.99,63.0158710167526,0
-9.69,1.120892,32.99,63.0158710167526,0
-3.96,1.120892,32.99,63.0158710167526,0
-10.81,1.117055,32.99,63.0158710167526,0
-11.85,1.123451,32.99,63.0158710167526,0
23.38,1.122171,32.99,63.0158710167526,0
22.84,1.120892,32.99,63.0158710167526,0
0.14,1.122171,32.97,63.0158710167526,0
14.16,1.123451,32.97,62.88083968904996,0
13.11,1.123451,32.97,63.0158710167526,0
1.52,1.120892,32.97,62.88083968904996,0
-16.91,1.122171,32.99,63.0158710167526,0
13.95,1.123451,32.99,63.0158710167526,0
-12.53,1.126009,32.99,62.048368229954285,0
-20.76,1.118334,32.99,63.0158710167526,0
-12.93,1.123451,32.97,63.0158710167526,0
22.0,1.123451,32.97,63.0158710167526,0
-7.5,1.12473,32.97,63.229739838148944,0
-23.3,1.128567,32.97,62.20128616033595,0
11.7,1.133684,32.95,63.51377803280167,0
-2.28,1.136242,32.95,62.10475022089695,0
3.33,1.126009,32.95,73.23933369440222,0
11.23,1.114496,32.95,62.27358990776106,0
14.65,1.10938,32.97,62.8728876384726,0
168.5,1.117055,32.97,68.86218120274728,0
50.92,1.10938,32.97,63.4428877022476,0
-241.41,1.128567,32.97,62.49799996799898,0
153.17,1.129846,32.97,63.198101237299845,0
-289.32,1.14008,32.97,62.24949798994366,0
84.33,1.14008,32.97,62.24949798994366,0
-71.86,1.142638,32.97,62.24949798994366,0
-27.72,1.142638,32.97,63.198101237299845,0
29.27,1.141359,32.97,63.198101237299845,0
-4.11,1.141359,32.97,62.465990746965666,0
45.54,1.138801,32.97,62.24949798994366,0
17.99,1.142638,32.97,62.24949798994366,0
-2.9,1.134963,32.97,63.198101237299845,0
49.38,1.145197,32.97,62.96824596572466,0
15.94,1.146476,32.97,63.198101237299845,0
8.17,1.149034,32.99,62.24949798994366,0
42.18,1.149034,32.99,62.96824596572466,0
30.48,1.147755,32.99,62.96824596572466,0
-18.79,1.146476,32.99,62.24949798994366,0
-18.36,1.147755,32.97,62.23343153000644,0
42.31,1.150313,32.97,62.55397669213365,0
25.78,1.150313,32.97,63.095166217389426,0
-16.83,1.156709,32.97,62.27358990776106,0
-23.07,1.151592,32.97,62.849025449882674,0
13.86,1.160547,32.97,64.06246951218786,0
34.24,1.160547,32.97,63.72597586541927,0
-56.26,1.163105,32.97,63.48228099241551,0
-14.83,1.146476,32.99,63.773035054010094,0
-9.31,1.150313,32.99,62.76145313805282,0
-18.07,1.152872,32.99,61.82232606429493,0
18.77,1.152872,32.99,62.76145313805282,0
27.38,1.15543,32.99,62.76145313805282,0
-19.85,1.152872,32.99,62.976185975335156,0
15.56,1.154151,32.99,62.976185975335156,0
22.85,1.152872,32.99,62.71363488110062,0
-11.56,1.17078,32.97,62.71363488110062,0
26.04,1.187409,32.97,62.94441992742486,0
18.08,1.205318,32.97,62.71363488110062,0
-4.21,1.207876,32.97,63.655321851358195,0
-2.27,1.212993,32.99,62.94441992742486,0
-42.4,1.211714,32.99,61.773780845922005,0
-3.51,1.209155,32.99,61.82232606429493,0
17.86,1.209155,32.99,65.58963332722634,0
-7.13,1.202759,32.97,66.21933252457322,0
54.6,1.200201,32.97,59.54829972383762,0
-54.97,1.177176,32.97,69.38299503480663,0
-73.16,1.197643,32.97,62.49799996799898,0
55.84,1.198922,32.95,62.65780079128216,0
22.7,1.215551,32.95,60.44832503882965,0
-77.68,1.215551,32.95,64.52131430775415,0
118.75,1.224505,32.95,61.886993787063204,0
18.26,1.206597,32.99,61.163714733492114,0
-106.64,1.206597,32.99,62.36184731067546,0
-63.35,1.219389,32.99,63.43500610861482,0
47.4,1.234739,32.99,61.91930232165088,0
111.2,1.23218,32.97,62.63385665915839,0
-127.88,1.224505,32.97,61.25357132445422,0
-25.4,1.221947,32.97,63.52952069707436,0
-44.36,1.210434,32.97,65.0384501660364,0
-23.73,1.206597,33.0,62.112800613078136,0
26.89,1.205318,33.0,63.45076831686122,0
37.1,1.204039,33.0,62.22539674441618,0
-19.73,1.197643,33.0,62.76941930590086,0
-13.03,1.195084,32.99,64.70703207534712,0
49.48,1.18613,32.99,62.82515419798029,0
17.89,1.178455,32.99,64.10148204214939,0
-5.68,1.174618,32.99,62.0644825967316,0
86.25,1.168222,32.99,68.03675477269621,0
63.25,1.177176,32.99,66.07571414672717,0
-104.59,1.182293,32.99,65.12296062065974,0
-27.9,1.18613,32.99,63.45076831686122,0
-19.1,1.188689,32.99,62.76941930590086,0
-35.58,1.195084,32.99,62.8410693734599,0
6.34,1.191247,32.99,62.76941930590086,0
34.75,1.191247,32.99,62.76941930590086,0
56.03,1.187409,32.97,62.76941930590086,0
-1.88,1.18613,32.97,63.06346010171025,0
-32.34,1.181013,32.97,63.06346010171025,0
6.76,1.179734,32.97,63.06346010171025,0
2.24,1.187409,32.99,63.37191807101944,0
20.49,1.184851,32.99,62.49799996799898,0
14.08,1.179734,32.99,62.49799996799898,0
-4.86,1.175897,32.99,62.49799996799898,0
44.85,1.172059,32.97,62.91263784010332,0
-13.09,1.168222,32.97,62.82515419798029,0
-32.77,1.161826,32.97,62.82515419798029,0
10.15,1.159267,32.97,63.4428877022476,0
1.48,1.157988,32.97,63.4428877022476,0
0.94,1.15543,32.97,63.4428877022476,0
-32.68,1.151592,32.97,63.4428877022476,0
-10.09,1.151592,32.97,62.13694553162394,0
16.63,1.142638,32.99,68.0294054067798,0
11.02,1.168222,32.99,62.056425936400814,0
23.86,1.17078,32.99,62.42595614005443,0
-4.85,1.169501,32.99,62.91263784010332,0
12.19,1.168222,32.99,62.91263784010332,0
-6.65,1.157988,32.99,62.91263784010332,0
-108.53,1.157988,32.99,63.06346010171025,0
-58.09,1.160547,32.99,63.06346010171025,0
1.06,1.160547,32.97,63.06346010171025,0
-11.18,1.164384,32.97,62.71363488110062,0
23.83,1.175897,32.97,62.71363488110062,0
7.5,1.189968,32.97,62.52199612936234,0
-5.83,1.182293,32.97,61.587336360651285,0
17.04,1.169501,32.97,56.22277118748239,0
34.06,1.193805,32.97,62.609903369994115,0
37.28,1.20148,32.97,62.489999199871974,0
30.52,1.20148,32.95,63.82789358893179,0
-46.81,1.197643,32.95,62.385895841928885,0
-178.9,1.191247,32.95,63.7102817447859,0
-17.05,1.181013,32.95,62.385895841928885,0
12.12,1.173338,32.97,63.45076831686122,0
-43.25,1.173338,32.97,62.385895841928885,0
92.16,1.174618,32.97,62.385895841928885,0
-51.78,1.173338,32.97,62.385895841928885,0
26.42,1.181013,32.97,64.07027391856539,0
4.87,1.178455,32.97,62.8728876384726,0
-25.19,1.177176,32.97,62.8728876384726,0
28.35,1.179734,32.97,62.64982043070834,0
-42.02,1.181013,32.99,63.34824385884742,0
-36.94,1.182293,32.99,62.75348595894893,0
109.62,1.177176,32.99,63.4428877022476,0
34.14,1.168222,32.99,63.150613615387776,0
-5.28,1.166942,32.95,63.4428877022476,0
17.12,1.163105,32.95,63.4428877022476,0
-5.05,1.149034,32.95,62.49799996799898,0
-5.66,1.154151,32.95,63.4428877022476,0
-2.58,1.150313,32.99,62.49799996799898,0
-12.01,1.151592,32.99,62.49799996799898,0
10.64,1.141359,32.99,63.4428877022476,0
5.91,1.154151,32.99,63.4428877022476,0
-13.08,1.157988,32.97,62.49799996799898,0
-6.65,1.163105,32.97,63.4428877022476,0
5.9,1.165663,32.97,63.150613615387776,0
-2.17,1.169501,32.97,62.8728876384726,0
-6.34,1.164384,32.97,62.8728876384726,0
28.87,1.160547,32.97,62.75348595894893,0
2.2,1.161826,32.97,62.8728876384726,0
-49.88,1.157988,32.97,62.489999199871974,0
7.55,1.15543,32.99,63.150613615387776,0
10.43,1.154151,32.99,63.150613615387776,0
-19.81,1.15543,32.99,62.20128616033595,0
-35.11,1.154151,32.99,62.20128616033595,0
-1.75,1.151592,32.97,62.49799996799898,0
28.58,1.147755,32.97,63.4428877022476,0
30.08,1.154151,32.97,62.49799996799898,0
-3.43,1.149034,32.97,63.4428877022476,0
29.18,1.146476,32.95,63.4428877022476,0
-8.18,1.146476,32.95,63.4428877022476,0
-21.05,1.14008,32.95,63.4428877022476,0
19.35,1.141359,32.95,63.4428877022476,0
17.95,1.132405,32.95,63.0317380372777,0
-14.97,1.138801,32.95,63.150613615387776,0
-12.58,1.137522,32.95,63.150613615387776,0
-12.75,1.136242,32.95,62.080592780675026,0
-32.35,1.132405,32.97,61.53048025166064,0
17.54,1.138801,32.97,63.82789358893179,0
9.75,1.142638,32.97,62.609903369994115,0
-53.56,1.141359,32.97,62.8728876384726,0
26.87,1.143917,32.97,62.609903369994115,0
-7.47,1.143917,32.97,62.609903369994115,0
-21.94,1.146476,32.97,62.8728876384726,0
19.14,1.145197,32.97,62.8728876384726,0
2.41,1.143917,32.95,62.8728876384726,0
-2.22,1.150313,32.95,62.609903369994115,0
21.36,1.147755,32.95,62.8728876384726,0
12.25,1.146476,32.95,62.609903369994115,0
3.5,1.147755,32.97,62.609903369994115,0
11.57,1.150313,32.97,62.489999199871974,0
-14.32,1.145197,32.97,62.8728876384726,0
-5.26,1.147755,32.97,62.489999199871974,0
3.59,1.149034,32.99,62.8728876384726,0
5.02,1.156709,32.99,62.75348595894893,0
-15.39,1.159267,32.99,62.20128616033595,0
15.4,1.157988,32.99,62.8728876384726,0
-0.58,1.156709,32.99,62.8728876384726,0
-10.06,1.152872,32.99,62.8728876384726,0
-8.97,1.152872,32.99,62.8728876384726,0
24.37,1.152872,32.99,62.8728876384726,0
18.74,1.151592,32.97,62.8728876384726,0
20.94,1.146476,32.97,62.8728876384726,0
-17.05,1.141359,32.97,62.8728876384726,0
-20.39,1.132405,32.97,63.150613615387776,0
-2.9,1.137522,32.97,63.15853069855251,0
-29.25,1.136242,32.97,61.652250567193406,0
19.36,1.142638,32.97,62.609903369994115,0
25.12,1.14008,32.97,63.45076831686122,0
-16.94,1.134963,32.97,62.609903369994115,0
-14.92,1.126009,32.97,62.36184731067546,0
32.75,1.128567,32.97,61.40032573203501,0
-13.57,1.131126,32.97,63.56886030125127,0
-12.89,1.133684,32.97,62.24146527838174,0
26.95,1.146476,32.97,67.3721010508059,0
0.54,1.154151,32.97,62.36184731067546,0
-43.1,1.174618,32.97,63.324560795950255,0
8.56,1.173338,32.97,60.64651680022522,0
-5.63,1.172059,32.97,60.4979338490167,0
-9.63,1.182293,32.97,63.20601237224193,0
23.25,1.179734,32.97,63.324560795950255,0
-9.26,1.173338,32.97,63.20601237224193,0
-9.89,1.175897,32.97,62.976185975335156,0
-33.79,1.174618,32.97,63.20601237224193,0
49.09,1.164384,32.97,63.20601237224193,0
53.39,1.154151,32.97,62.24146527838174,0
-44.64,1.147755,32.97,63.324560795950255,0
-25.83,1.138801,32.97,62.36184731067546,0
-5.54,1.146476,32.97,62.489999199871974,0
-15.39,1.142638,32.99,63.20601237224193,0
77.19,1.138801,32.99,62.609903369994115,0
7.43,1.133684,32.99,62.489999199871974,0
-19.89,1.127288,32.99,62.489999199871974,0
-9.5,1.133684,32.97,62.489999199871974,0
-22.87,1.136242,32.97,63.45076831686122,0
-36.72,1.142638,32.97,63.45076831686122,0
7.38,1.150313,32.97,62.489999199871974,0
-22.11,1.150313,32.97,62.24146527838174,0
70.08,1.152872,32.97,63.20601237224193,0
18.87,1.145197,32.97,62.489999199871974,0
-38.15,1.143917,32.97,63.20601237224193,0
-12.06,1.14008,32.97,62.24146527838174,0
9.25,1.137522,32.97,63.324560795950255,0
2.99,1.127288,32.97,63.20601237224193,0
-13.4,1.128567,32.97,63.45076831686122,0
-21.74,1.127288,32.97,62.609903369994115,0
7.16,1.126009,32.97,62.609903369994115,0
-1.44,1.126009,32.97,62.609903369994115,0
-11.27,1.12473,32.97,62.609903369994115,0
27.49,1.127288,32.97,62.489999199871974,0
26.18,1.126009,32.97,62.489999199871974,0
0.98,1.129846,32.97,63.56886030125127,0
-25.39,1.134963,32.97,62.489999199871974,0
8.18,1.141359,32.97,62.609903369994115,0
3.73,1.14008,32.97,63.45076831686122,0
-16.37,1.147755,32.97,62.609903369994115,0
16.68,1.149034,32.97,63.56886030125127,0
13.44,1.150313,32.97,62.609903369994115,0
-9.61,1.150313,32.97,62.609903369994115,0
1.5,1.150313,32.97,62.609903369994115,0
10.19,1.149034,32.97,62.609903369994115,0
-3.75,1.147755,32.97,63.56886030125127,0
-15.09,1.156709,32.97,62.609903369994115,0
6.56,1.152872,32.97,63.56886030125127,0
6.54,1.15543,32.97,62.609903369994115,0
-7.04,1.152872,32.97,62.609903369994115,0
-9.88,1.161826,32.97,62.609903369994115,0
-18.2,1.160547,32.97,62.609903369994115,0
-52.31,1.161826,32.97,62.609903369994115,0
73.36,1.161826,32.95,62.609903369994115,0
-28.3,1.164384,32.95,62.609903369994115,0
7.11,1.166942,32.95,62.609903369994115,0
-8.06,1.172059,32.95,62.74551776820397,0
-7.56,1.178455,32.95,62.609903369994115,0
-18.4,1.182293,32.95,62.74551776820397,0
7.51,1.183572,32.95,62.609903369994115,0
-2.01,1.174618,32.95,62.74551776820397,0
-12.95,1.178455,32.95,62.74551776820397,0
8.16,1.17078,32.95,62.74551776820397,0
-5.61,1.168222,32.95,62.8728876384726,0
15.42,1.163105,32.95,62.8728876384726,0
3.33,1.157988,32.95,62.8728876384726,0
-34.44,1.150313,32.95,62.8728876384726,0
-1.6,1.149034,32.95,62.609903369994115,0
-3.5,1.145197,32.95,62.609903369994115,0
-28.21,1.142638,32.95,62.609903369994115,0
89.74,1.138801,32.95,62.609903369994115,0
14.78,1.132405,32.95,62.36184731067546,0
-2.6,1.142638,32.95,62.609903369994115,0
-78.0,1.133684,32.93,62.609903369994115,0
35.83,1.137522,32.93,62.609903369994115,0
24.29,1.134963,32.93,62.36184731067546,0
-21.04,1.138801,32.93,62.36184731067546,0
53.46,1.141359,32.97,62.609903369994115,0
-41.8,1.138801,32.97,62.609903369994115,0
-21.4,1.145197,32.97,62.609903369994115,0
-14.07,1.142638,32.97,62.609903369994115,0
65.25,1.142638,32.95,62.609903369994115,0
104.03,1.14008,32.95,62.609903369994115,0
-66.81,1.141359,32.95,62.609903369994115,0
-57.1,1.134963,32.95,62.609903369994115,0
19.1,1.142638,32.99,62.609903369994115,0
-3.04,1.143917,32.99,62.74551776820397,0
-21.27,1.145197,32.99,62.74551776820397,0
6.58,1.145197,32.99,62.74551776820397,0
4.75,1.142638,32.97,62.609903369994115,0
-5.68,1.141359,32.97,62.609903369994115,0
15.72,1.126009,32.97,62.74551776820397,0
8.69,1.132405,32.97,62.8728876384726,0
-12.39,1.126009,32.95,62.609903369994115,0
9.35,1.132405,32.95,62.609903369994115,0
-9.65,1.127288,32.95,62.8728876384726,0
-21.08,1.128567,32.95,63.00793600809346,0
6.44,1.122171,32.97,62.74551776820397,0
-14.32,1.129846,32.97,63.00793600809346,0
16.28,1.132405,32.97,62.74551776820397,0
9.61,1.136242,32.97,63.00793600809346,0
-22.68,1.138801,32.97,63.00793600809346,0
26.89,1.141359,32.97,63.00793600809346,0
9.41,1.141359,32.97,63.00793600809346,0
-26.21,1.137522,32.97,62.74551776820397,0
20.24,1.146476,32.95,62.609903369994115,0
11.2,1.147755,32.95,62.609903369994115,0
-13.61,1.150313,32.95,62.8728876384726,0
7.6,1.145197,32.95,62.74551776820397,0
20.54,1.145197,32.95,62.74551776820397,0
0.28,1.141359,32.95,63.00793600809346,0
-28.2,1.14008,32.95,63.00793600809346,0
12.97,1.14008,32.95,63.00793600809346,0
11.45,1.134963,32.97,63.00793600809346,0
-8.07,1.134963,32.97,62.74551776820397,0
-19.06,1.126009,32.97,62.74551776820397,0
12.61,1.131126,32.97,62.74551776820397,0
5.94,1.127288,32.97,62.609903369994115,0
-15.39,1.128567,32.97,62.74551776820397,0
14.62,1.12473,32.97,62.74551776820397,0
15.18,1.126009,32.97,62.74551776820397,0
-22.62,1.12473,32.95,62.74551776820397,0
-27.66,1.127288,32.95,62.74551776820397,0
12.57,1.127288,32.95,62.74551776820397,0
1.04,1.127288,32.95,62.74551776820397,0
-18.84,1.127288,32.95,62.609903369994115,0
12.54,1.12473,32.95,62.74551776820397,0
10.62,1.129846,32.95,62.74551776820397,0
-2.84,1.128567,32.95,62.74551776820397,0
-29.91,1.131126,32.99,62.74551776820397,0
11.9,1.132405,32.99,62.74551776820397,0
2.54,1.134963,32.99,62.74551776820397,0
-16.13,1.128567,32.99,63.00793600809346,0
12.91,1.131126,32.95,63.00793600809346,0
5.92,1.132405,32.95,63.00793600809346,0
-14.7,1.126009,32.95,63.00793600809346,0
22.21,1.120892,32.95,63.00793600809346,0
30.71,1.113217,32.97,62.8728876384726,0
-9.44,1.118334,32.97,63.00793600809346,0
7.53,1.120892,32.97,63.00793600809346,0
1.44,1.127288,32.97,62.74551776820397,0
-28.42,1.126009,32.97,63.00793600809346,0
18.02,1.127288,32.97,63.00793600809346,0
-1.19,1.126009,32.97,63.00793600809346,0
-35.68,1.129846,32.97,63.00793600809346,0
-12.36,1.126009,32.95,63.00793600809346,0
33.54,1.126009,32.95,63.00793600809346,0
27.55,1.113217,32.95,63.00793600809346,0
-15.95,1.115776,32.95,62.74551776820397,0
67.62,1.119613,32.95,63.00793600809346,0
-29.22,1.119613,32.95,62.74551776820397,0
-16.46,1.120892,32.95,62.609903369994115,0
13.05,1.12473,32.95,62.74551776820397,0
16.47,1.131126,32.95,63.00793600809346,0
-25.69,1.132405,32.95,62.74551776820397,0
-16.02,1.134963,32.95,62.74551776820397,0
39.67,1.132405,32.95,63.00793600809346,0
-6.33,1.131126,32.97,63.00793600809346,0
-25.17,1.127288,32.97,62.74551776820397,0
-26.7,1.126009,32.97,62.74551776820397,0
12.79,1.12473,32.97,63.00793600809346,0
57.09,1.122171,32.99,63.00793600809346,0
-29.95,1.120892,32.99,62.74551776820397,0
-2.48,1.119613,32.99,62.74551776820397,0
6.28,1.117055,32.99,63.00793600809346,0
-9.8,1.115776,32.97,63.00793600809346,0
-16.77,1.113217,32.97,63.00793600809346,0
8.76,1.111938,32.97,63.00793600809346,0
-24.84,1.111938,32.97,63.00793600809346,0
-41.41,1.110659,32.95,62.74551776820397,0
51.01,1.110659,32.95,63.00793600809346,0
27.17,1.101705,32.95,62.74551776820397,0
-29.86,1.110659,32.95,62.74551776820397,0
9.53,1.106821,32.97,63.00793600809346,0
0.57,1.108101,32.97,63.00793600809346,0
-23.72,1.099146,32.97,63.00793600809346,0
14.04,1.105542,32.97,63.00793600809346,0
15.94,1.105542,32.95,62.74551776820397,0
-14.94,1.105542,32.95,63.00793600809346,0
11.56,1.106821,32.95,63.00793600809346,0
17.52,1.108101,32.95,63.00793600809346,0
-4.11,1.105542,32.97,63.00793600809346,0
-31.37,1.10938,32.97,63.00793600809346,0
17.73,1.114496,32.97,63.00793600809346,0
8.89,1.117055,32.97,63.00793600809346,0
-18.77,1.12473,32.95,63.00793600809346,0
13.87,1.131126,32.95,63.00793600809346,0
18.91,1.137522,32.95,63.00793600809346,0
0.23,1.14008,32.95,63.00793600809346,0
-36.04,1.142638,32.97,63.00793600809346,0
18.52,1.14008,32.97,63.00793600809346,0
13.97,1.14008,32.97,63.00793600809346,0
-10.69,1.132405,32.97,62.74551776820397,0
-10.53,1.134963,32.93,63.00793600809346,0
12.94,1.133684,32.93,63.00793600809346,0
1.92,1.129846,32.93,63.00793600809346,0
-15.28,1.126009,32.93,63.00793600809346,0
22.05,1.119613,32.95,63.00793600809346,0
6.29,1.118334,32.95,63.00793600809346,0
-20.59,1.114496,32.95,63.00793600809346,0
-19.08,1.115776,32.95,63.00793600809346,0
20.71,1.111938,32.95,63.00793600809346,0
7.49,1.118334,32.95,63.00793600809346,0
-26.54,1.114496,32.95,63.00793600809346,0
20.74,1.119613,32.95,63.00793600809346,0
10.69,1.119613,32.95,63.00793600809346,0
-10.89,1.122171,32.95,63.00793600809346,0
16.48,1.12473,32.95,63.00793600809346,0
20.31,1.123451,32.95,63.00793600809346,0
-6.58,1.120892,32.93,63.00793600809346,0
-26.26,1.118334,32.93,63.00793600809346,0
-4.18,1.120892,32.93,63.00793600809346,0
-31.08,1.118334,32.93,63.00793600809346,0
17.62,1.120892,32.95,63.00793600809346,0
29.05,1.113217,32.95,63.00793600809346,0
19.48,1.118334,32.95,63.15853069855251,0
-21.46,1.113217,32.95,63.00793600809346,0
-47.82,1.118334,32.95,63.00793600809346,0
56.22,1.118334,32.95,63.15853069855251,0
10.63,1.111938,32.95,63.00793600809346,0
-29.5,1.113217,32.95,63.00793600809346,0
15.72,1.113217,32.95,63.00793600809346,0
5.36,1.115776,32.95,63.00793600809346,0
-23.57,1.117055,32.95,63.00793600809346,0
18.3,1.123451,32.95,63.00793600809346,0
14.45,1.122171,32.95,63.00793600809346,0
-13.21,1.132405,32.95,63.00793600809346,0
-5.97,1.129846,32.95,63.00793600809346,0
6.16,1.129846,32.95,63.00793600809346,0
-2.98,1.127288,32.95,63.00793600809346,0
-24.46,1.126009,32.95,62.74551776820397,0
22.93,1.120892,32.95,63.00793600809346,0
5.4,1.118334,32.95,63.00793600809346,0
-32.4,1.119613,32.95,63.00793600809346,0
9.59,1.117055,32.95,63.00793600809346,0
21.29,1.118334,32.95,63.00793600809346,0
-13.3,1.114496,32.95,63.00793600809346,0
6.52,1.119613,32.95,63.00793600809346,0
18.26,1.117055,32.95,63.00793600809346,0
-2.1,1.118334,32.95,63.00793600809346,0
-3.42,1.113217,32.95,63.00793600809346,0
8.28,1.115776,32.95,63.00793600809346,0
-3.4,1.111938,32.95,63.00793600809346,0
-42.79,1.113217,32.95,62.74551776820397,0
15.44,1.117055,32.95,63.00793600809346,0
8.46,1.114496,32.95,62.74551776820397,0
-19.63,1.114496,32.95,63.00793600809346,0
16.59,1.106821,32.95,63.00793600809346,0
20.95,1.110659,32.95,63.00793600809346,0
-1.04,1.10938,32.93,63.00793600809346,0
-32.88,1.113217,32.93,63.00793600809346,0
14.96,1.097867,32.93,63.00793600809346,0
1.94,1.108101,32.93,63.15853069855251,0
-33.95,1.10938,32.93,63.00793600809346,0
24.59,1.10938,32.93,63.00793600809346,0
39.5,1.10938,32.93,63.00793600809346,0
-30.01,1.106821,32.93,63.00793600809346,0
23.91,1.106821,32.95,63.15853069855251,0
16.23,1.100425,32.95,63.00793600809346,0
-25.71,1.104263,32.95,63.00793600809346,0
5.64,1.097867,32.95,63.00793600809346,0
-23.45,1.101705,32.95,63.00793600809346,0
-24.86,1.100425,32.95,63.00793600809346,0
18.83,1.100425,32.95,63.00793600809346,0
-18.08,1.099146,32.95,63.00793600809346,0
28.67,1.099146,32.95,63.00793600809346,0
26.33,1.099146,32.95,63.15853069855251,0
-20.3,1.096588,32.95,63.15853069855251,0
19.61,1.100425,32.95,63.15853069855251,0
14.33,1.09403,32.95,63.00793600809346,0
-21.32,1.100425,32.95,63.00793600809346,0
16.3,1.100425,32.95,62.89674077406555,0
19.16,1.100425,32.95,62.89674077406555,0
-20.35,1.097867,32.95,62.74551776820397,0
34.32,1.099146,32.95,62.89674077406555,0
22.99,1.099146,32.95,62.74551776820397,0
-33.74,1.097867,32.95,63.15853069855251,0
21.68,1.099146,32.95,62.74551776820397,0
8.15,1.096588,32.95,62.74551776820397,0
-12.3,1.096588,32.95,62.74551776820397,0
22.39,1.082517,32.95,63.00793600809346,0
0.58,1.095309,32.95,63.15853069855251,0
-35.58,1.090192,32.95,63.00793600809346,0
3.32,1.096588,32.95,63.15853069855251,0
-18.77,1.095309,32.95,63.00793600809346,0
-44.76,1.096588,32.95,63.00793600809346,0
61.84,1.100425,32.95,63.15853069855251,0
16.24,1.099146,32.95,62.89674077406555,0
-29.74,1.102984,32.95,62.74551776820397,0
10.63,1.100425,32.91,63.15853069855251,0
10.98,1.104263,32.91,63.15853069855251,0
-29.5,1.095309,32.91,63.00793600809346,0
6.75,1.102984,32.91,63.15853069855251,0
-7.68,1.100425,32.95,63.15853069855251,0
-17.91,1.106821,32.95,63.00793600809346,0
14.95,1.101705,32.95,63.15853069855251,0
-2.61,1.113217,32.95,63.00793600809346,0
0.58,1.115776,32.93,63.15853069855251,0
13.99,1.118334,32.93,63.15853069855251,0
-10.36,1.118334,32.93,63.15853069855251,0
12.59,1.118334,32.93,63.15853069855251,0
9.36,1.115776,32.95,63.15853069855251,0
-15.45,1.108101,32.95,63.15853069855251,0
11.1,1.10938,32.95,63.15853069855251,0
13.7,1.104263,32.95,63.00793600809346,0
-16.07,1.108101,32.95,63.00793600809346,0
10.35,1.102984,32.95,63.15853069855251,0
9.52,1.104263,32.95,63.15853069855251,0
-12.68,1.09403,32.95,63.15853069855251,0
7.39,1.100425,32.95,63.00793600809346,0
13.56,1.104263,32.95,63.15853069855251,0
-1.32,1.102984,32.95,63.15853069855251,0
-8.66,1.102984,32.95,63.00793600809346,0
8.53,1.096588,32.95,63.15853069855251,0
1.67,1.105542,32.95,63.15853069855251,0
-32.21,1.104263,32.95,63.15853069855251,0
10.67,1.106821,32.95,63.15853069855251,0
-1.59,1.105542,32.93,63.15853069855251,0
-34.66,1.115776,32.93,63.15853069855251,0
13.81,1.117055,32.93,63.15853069855251,0
12.03,1.120892,32.93,63.15853069855251,0
-29.73,1.127288,32.93,63.15853069855251,0
29.42,1.128567,32.93,63.15853069855251,0
1.0,1.128567,32.93,63.15853069855251,0
13.96,1.120892,32.93,63.15853069855251,0
6.78,1.126009,32.93,63.15853069855251,0
-26.11,1.12473,32.93,63.15853069855251,0
16.53,1.123451,32.93,63.15853069855251,0
12.75,1.113217,32.93,63.15853069855251,0
-24.46,1.119613,32.97,63.15853069855251,0
22.27,1.120892,32.97,63.15853069855251,0
8.35,1.108101,32.97,63.15853069855251,0
-26.17,1.115776,32.97,63.15853069855251,0
28.62,1.113217,32.95,63.15853069855251,0
20.48,1.114496,32.95,63.15853069855251,0
-7.93,1.108101,32.95,63.15853069855251,0
20.17,1.114496,32.95,63.15853069855251,0
11.56,1.10938,32.97,63.15853069855251,0
-20.38,1.110659,32.97,63.15853069855251,0
1.55,1.105542,32.97,63.15853069855251,0
13.02,1.102984,32.97,63.15853069855251,0
-9.24,1.102984,32.95,63.15853069855251,0
-26.51,1.102984,32.95,63.15853069855251,0
19.33,1.102984,32.95,63.15853069855251,0
1.67,1.100425,32.95,63.15853069855251,0
-26.8,1.104263,32.97,63.15853069855251,0
20.65,1.09275,32.97,63.15853069855251,0
21.08,1.104263,32.97,63.15853069855251,0
-37.53,1.102984,32.97,63.15853069855251,0
-2.25,1.102984,32.97,63.15853069855251,0
23.44,1.102984,32.97,63.15853069855251,0
-3.61,1.101705,32.97,63.15853069855251,0
-31.76,1.105542,32.97,63.15853069855251,0
10.6,1.102984,32.97,63.15853069855251,0
3.94,1.108101,32.97,63.15853069855251,0
-34.01,1.106821,32.97,63.15853069855251,0
19.34,1.106821,32.97,63.15853069855251,0
7.86,1.105542,32.95,63.15853069855251,0
-33.89,1.108101,32.95,63.15853069855251,0
14.63,1.10938,32.95,63.15853069855251,0
7.02,1.106821,32.95,62.20932405998316,0
-19.09,1.10938,32.95,63.15853069855251,0
15.21,1.110659,32.95,63.15853069855251,0
-9.98,1.113217,32.95,63.15853069855251,0
21.39,1.118334,32.95,63.15853069855251,0
1.94,1.123451,32.95,63.15853069855251,0
-32.91,1.129846,32.95,63.15853069855251,0
22.33,1.128567,32.95,63.15853069855251,0
2.04,1.127288,32.95,63.15853069855251,0
-21.7,1.127288,32.97,63.15853069855251,0
20.41,1.132405,32.97,63.15853069855251,0
-0.97,1.129846,32.97,63.15853069855251,0
-8.79,1.12473,32.97,63.15853069855251,0
17.75,1.127288,32.95,63.15853069855251,0
-2.23,1.126009,32.95,63.15853069855251,0
-28.02,1.12473,32.95,63.15853069855251,0
14.96,1.12473,32.95,63.15853069855251,0
10.28,1.123451,32.95,63.15853069855251,0
-12.78,1.120892,32.95,63.00793600809346,0
-4.75,1.118334,32.95,63.15853069855251,0
12.26,1.119613,32.95,63.15853069855251,0
-2.91,1.119613,32.95,63.15853069855251,0
-30.08,1.118334,32.95,62.89674077406555,0
17.63,1.115776,32.95,62.89674077406555,0
13.96,1.113217,32.95,62.89674077406555,0
-5.27,1.113217,32.93,62.89674077406555,0
11.98,1.113217,32.93,63.15853069855251,0
11.01,1.114496,32.93,62.89674077406555,0
-22.3,1.111938,32.93,62.74551776820397,0
-26.01,1.10938,32.95,62.89674077406555,0
14.8,1.10938,32.95,63.15853069855251,0
-7.43,1.10938,32.95,62.74551776820397,0
-33.68,1.111938,32.95,62.89674077406555,0
20.71,1.111938,32.97,62.89674077406555,0
6.74,1.111938,32.97,62.89674077406555,0
-34.39,1.110659,32.97,62.74551776820397,0
21.63,1.110659,32.97,62.89674077406555,0
3.95,1.113217,32.95,62.89674077406555,0
-33.64,1.111938,32.95,62.89674077406555,0
14.54,1.10938,32.95,62.89674077406555,0
2.96,1.108101,32.95,62.89674077406555,0
-25.45,1.106821,32.97,62.89674077406555,0
26.98,1.117055,32.97,62.89674077406555,0
13.02,1.122171,32.97,62.89674077406555,0
-23.52,1.128567,32.97,62.89674077406555,0
21.77,1.134963,32.97,62.89674077406555,0
11.75,1.142638,32.97,62.89674077406555,0
-21.79,1.145197,32.97,62.89674077406555,0
20.71,1.146476,32.97,62.89674077406555,0
3.07,1.146476,32.97,62.89674077406555,0
-0.67,1.143917,32.97,62.89674077406555,0
51.18,1.131126,32.97,62.89674077406555,0
-0.68,1.134963,32.97,62.89674077406555,0
-47.53,1.134963,32.97,62.89674077406555,0
6.1,1.134963,32.97,63.15853069855251,0
4.47,1.131126,32.97,62.89674077406555,0
-42.02,1.132405,32.97,62.89674077406555,0
2.24,1.129846,32.97,62.89674077406555,0
48.51,1.133684,32.97,62.89674077406555,0
17.51,1.132405,32.97,63.15853069855251,0
-14.48,1.138801,32.97,63.15853069855251,0
-25.26,1.143917,32.95,62.89674077406555,0
14.32,1.146476,32.95,62.89674077406555,0
1.29,1.145197,32.95,62.89674077406555,0
-34.22,1.146476,32.95,62.89674077406555,0
16.63,1.146476,32.95,62.89674077406555,0
-1.66,1.141359,32.95,62.89674077406555,0
-34.9,1.14008,32.95,62.74551776820397,0
21.16,1.133684,32.95,62.74551776820397,0
8.41,1.132405,32.95,62.89674077406555,0
-21.7,1.129846,32.95,62.89674077406555,0
5.62,1.127288,32.95,62.89674077406555,0
24.07,1.12473,32.95,62.89674077406555,0
-3.55,1.122171,32.97,62.64982043070834,0
-29.86,1.118334,32.97,62.89674077406555,0
10.81,1.123451,32.97,62.64982043070834,0
13.45,1.122171,32.97,62.74551776820397,0
-6.66,1.122171,32.95,62.89674077406555,0
-25.67,1.126009,32.95,62.89674077406555,0
19.57,1.123451,32.95,62.89674077406555,0
3.09,1.127288,32.95,62.64982043070834,0
-52.15,1.12473,32.97,62.89674077406555,0
56.63,1.128567,32.97,62.89674077406555,0
20.6,1.123451,32.97,62.89674077406555,0
-10.83,1.122171,32.97,62.89674077406555,0
-49.0,1.115776,32.97,62.89674077406555,0
5.5,1.118334,32.97,62.89674077406555,0
-18.97,1.120892,32.97,62.64982043070834,0
-10.03,1.119613,32.97,62.89674077406555,0
82.12,1.122171,32.93,62.89674077406555,0
-2.46,1.120892,32.93,63.15853069855251,0
-40.05,1.12473,32.93,62.3377895020348,0
9.52,1.123451,32.93,62.3377895020348,0
-11.45,1.120892,32.95,63.28506932918696,0
14.34,1.123451,32.95,62.3377895020348,0
69.92,1.122171,32.95,62.056425936400814,0
-19.49,1.122171,32.95,61.94352266379432,0
-55.25,1.131126,32.95,62.89674077406555,0
6.55,1.136242,32.95,62.89674077406555,0
-12.9,1.143917,32.95,62.74551776820397,0
-18.25,1.147755,32.95,62.89674077406555,0
-14.96,1.147755,32.97,62.89674077406555,0
-17.98,1.146476,32.97,62.89674077406555,0
-34.85,1.143917,32.97,62.89674077406555,0
20.77,1.14008,32.97,62.89674077406555,0
13.7,1.136242,32.93,62.89674077406555,0
-16.28,1.132405,32.93,62.89674077406555,0
27.91,1.128567,32.93,62.89674077406555,0
9.13,1.128567,32.93,62.89674077406555,0
-22.52,1.128567,32.97,62.89674077406555,0
16.49,1.12473,32.97,62.89674077406555,0
10.31,1.12473,32.97,62.89674077406555,0
-19.95,1.126009,32.97,62.89674077406555,0
13.3,1.127288,32.95,62.89674077406555,0
13.0,1.127288,32.95,62.89674077406555,0
-15.72,1.128567,32.95,62.89674077406555,0
-22.28,1.129846,32.95,62.89674077406555,0
17.25,1.129846,32.97,62.89674077406555,0
6.93,1.133684,32.97,62.89674077406555,0
-31.29,1.136242,32.97,62.89674077406555,0
20.63,1.14008,32.97,62.89674077406555,0
12.4,1.134963,32.97,62.89674077406555,0
-30.96,1.147755,32.97,62.89674077406555,0
16.8,1.152872,32.97,62.89674077406555,0
11.22,1.156709,32.97,62.89674077406555,0
35.34,1.160547,32.97,62.64982043070834,0
-12.92,1.161826,32.97,62.89674077406555,0
3.95,1.163105,32.97,62.89674077406555,0
-1.5,1.163105,32.97,62.89674077406555,0
-37.83,1.156709,32.97,62.89674077406555,0
8.81,1.157988,32.97,62.89674077406555,0
-0.4,1.145197,32.97,62.64982043070834,0
-40.83,1.150313,32.97,62.89674077406555,0
9.77,1.149034,32.97,62.64982043070834,0
15.41,1.146476,32.97,62.64982043070834,0
-22.3,1.14008,32.97,62.64982043070834,0
15.67,1.138801,32.97,62.89674077406555,0
1.98,1.138801,32.97,62.89674077406555,0
-26.15,1.14008,32.97,62.89674077406555,0
-0.01,1.134963,32.97,62.89674077406555,0
-6.34,1.129846,32.97,62.89674077406555,0
-28.04,1.133684,32.97,62.89674077406555,0
-21.78,1.132405,32.97,62.64982043070834,0
-5.94,1.131126,32.97,62.89674077406555,0
45.29,1.128567,32.97,62.64982043070834,0
-8.19,1.132405,32.95,62.89674077406555,0
7.31,1.129846,32.95,62.64982043070834,0
-2.14,1.131126,32.95,62.64982043070834,0
-1.22,1.132405,32.95,62.64982043070834,0
4.53,1.132405,32.95,62.64982043070834,0
-4.2,1.128567,32.95,62.89674077406555,0
-52.24,1.126009,32.95,62.64982043070834,0
32.25,1.128567,32.95,62.64982043070834,0
54.89,1.128567,32.97,62.89674077406555,0
-19.55,1.129846,32.97,62.64982043070834,0
-59.89,1.128567,32.97,62.64982043070834,0
5.41,1.128567,32.97,62.64982043070834,0
4.43,1.123451,32.97,62.64982043070834,0
-19.02,1.126009,32.97,62.89674077406555,0
17.66,1.126009,32.97,62.89674077406555,0
36.28,1.127288,32.97,62.89674077406555,0
21.09,1.120892,32.97,62.89674077406555,0
-16.24,1.119613,32.97,62.64982043070834,0
8.82,1.119613,32.97,62.89674077406555,0
17.32,1.120892,32.97,62.89674077406555,0
-8.13,1.122171,32.95,62.89674077406555,0
4.71,1.128567,32.95,62.89674077406555,0
10.12,1.136242,32.95,62.89674077406555,0
-10.59,1.138801,32.95,62.64982043070834,0
-30.29,1.143917,32.95,62.89674077406555,0
13.06,1.145197,32.95,62.89674077406555,0
-4.13,1.146476,32.95,62.64982043070834,0
-45.12,1.143917,32.95,62.89674077406555,0
4.2,1.142638,32.97,62.89674077406555,0
5.97,1.151592,32.97,62.89674077406555,0
-22.48,1.152872,32.97,62.64982043070834,0
36.63,1.154151,32.97,62.89674077406555,0
1.91,1.152872,32.95,62.64982043070834,0
-37.11,1.152872,32.95,62.64982043070834,0
-1.88,1.149034,32.95,62.89674077406555,0
32.57,1.147755,32.95,62.89674077406555,0
18.28,1.151592,32.97,62.89674077406555,0
-44.42,1.164384,32.97,62.89674077406555,0
45.0,1.181013,32.97,62.89674077406555,0
20.77,1.191247,32.97,62.89674077406555,0
-22.96,1.210434,32.95,62.89674077406555,0
28.8,1.215551,32.95,62.89674077406555,0
19.84,1.215551,32.95,62.89674077406555,0
-4.5,1.212993,32.95,62.89674077406555,0
6.93,1.211714,32.95,62.89674077406555,0
11.56,1.212993,32.95,62.89674077406555,0
-7.17,1.214272,32.95,62.89674077406555,0
-10.68,1.218109,32.95,62.89674077406555,0
6.21,1.220668,32.95,62.89674077406555,0
-11.0,1.210434,32.95,62.89674077406555,0
2.82,1.210434,32.95,62.89674077406555,0
6.31,1.211714,32.95,62.89674077406555,0
-16.09,1.205318,32.97,62.89674077406555,0
-8.02,1.200201,32.97,62.89674077406555,0
-21.68,1.193805,32.97,62.89674077406555,0
-11.99,1.187409,32.97,62.89674077406555,0
49.5,1.179734,32.93,62.89674077406555,0
-0.01,1.181013,32.93,62.64982043070834,0
-4.56,1.177176,32.93,62.89674077406555,0
38.14,1.17078,32.93,62.89674077406555,0
2.53,1.166942,32.95,62.89674077406555,0
-24.37,1.163105,32.95,62.89674077406555,0
-44.82,1.163105,32.95,62.89674077406555,0
3.16,1.160547,32.95,62.89674077406555,0
26.5,1.159267,32.93,62.89674077406555,0
8.8,1.156709,32.93,62.89674077406555,0
-47.59,1.149034,32.93,62.89674077406555,0
4.3,1.160547,32.93,62.89674077406555,0
5.15,1.168222,32.95,62.89674077406555,0
-0.43,1.17078,32.95,62.89674077406555,0
6.22,1.173338,32.95,62.89674077406555,0
43.13,1.173338,32.95,62.89674077406555,0
-13.22,1.166942,32.95,62.89674077406555,0
-11.98,1.169501,32.95,63.06346010171025,0
29.3,1.160547,32.95,62.89674077406555,0
-0.18,1.160547,32.95,62.89674077406555,0
-23.03,1.160547,32.93,62.89674077406555,0
-0.61,1.159267,32.93,62.89674077406555,0
34.93,1.151592,32.93,62.89674077406555,0
-18.68,1.150313,32.93,62.89674077406555,0
-25.32,1.150313,32.93,62.89674077406555,0
-1.94,1.152872,32.93,62.64982043070834,0
15.09,1.143917,32.93,62.89674077406555,0
-9.42,1.151592,32.93,62.89674077406555,0
34.89,1.156709,32.95,62.20932405998316,0
12.47,1.15543,32.95,62.89674077406555,0
1.64,1.152872,32.95,62.89674077406555,0
-7.41,1.151592,32.95,62.89674077406555,0
-20.08,1.150313,32.93,62.89674077406555,0
-31.22,1.147755,32.93,62.89674077406555,0
45.62,1.150313,32.93,62.89674077406555,0
37.16,1.141359,32.93,62.89674077406555,0
-64.14,1.136242,32.93,63.324560795950255,0
16.47,1.133684,32.93,62.37788069500277,0
-23.64,1.126009,32.93,63.324560795950255,0
-31.26,1.129846,32.93,62.37788069500277,0
11.32,1.127288,32.95,62.37788069500277,0
9.82,1.127288,32.95,63.324560795950255,0
-34.78,1.123451,32.95,63.324560795950255,0
39.84,1.127288,32.95,63.15853069855251,0
86.38,1.127288,32.93,63.15853069855251,0
-17.39,1.133684,32.93,63.324560795950255,0
16.51,1.137522,32.93,63.15853069855251,0
30.7,1.136242,32.93,63.15853069855251,0
-13.28,1.138801,32.93,63.324560795950255,0
-1.68,1.136242,32.93,63.15853069855251,0
6.72,1.145197,32.93,62.489999199871974,0
-5.43,1.147755,32.93,62.78534860936905,0
-20.29,1.149034,32.95,62.78534860936905,0
12.23,1.147755,32.95,62.78534860936905,0
-11.69,1.149034,32.95,62.95236294214857,0
-30.99,1.149034,32.95,63.26136261573884,0
12.75,1.151592,32.93,63.89053137985315,0
7.29,1.156709,32.93,62.95236294214857,0
-29.4,1.157988,32.93,62.95236294214857,0
11.54,1.163105,32.93,62.01612693485461,0
-13.1,1.168222,32.93,63.72597586541927,0
-17.26,1.18613,32.93,62.65780079128216,0
8.42,1.193805,32.93,62.489999199871974,0
-9.83,1.206597,32.93,62.489999199871974,0
-2.42,1.205318,32.93,63.43500610861482,0
13.78,1.210434,32.93,62.489999199871974,0
-10.87,1.207876,32.93,58.146367040426526,0
3.85,1.207876,32.93,63.324560795950255,0
8.6,1.209155,32.93,63.324560795950255,0
-17.36,1.202759,32.93,63.324560795950255,0
14.62,1.198922,32.93,63.324560795950255,0
0.63,1.18613,32.93,63.06346010171025,0
-23.64,1.189968,32.93,62.89674077406555,0
21.56,1.184851,32.93,63.324560795950255,0
18.71,1.187409,32.93,63.324560795950255,0
-14.44,1.181013,32.93,63.324560795950255,0
-4.55,1.18613,32.93,63.324560795950255,0
21.25,1.182293,32.93,63.324560795950255,0
2.02,1.192526,32.93,63.324560795950255,0
-36.25,1.198922,32.93,63.06346010171025,0
19.52,1.197643,32.93,63.324560795950255,0
18.45,1.195084,32.93,63.324560795950255,0
36.64,1.187409,32.93,63.324560795950255,0
-31.7,1.187409,32.93,63.324560795950255,0
28.91,1.182293,32.93,63.324560795950255,0
31.16,1.184851,32.93,63.324560795950255,0
-10.14,1.179734,32.93,63.324560795950255,0
-33.09,1.181013,32.93,63.324560795950255,0
11.13,1.179734,32.91,63.324560795950255,0
3.64,1.181013,32.91,63.324560795950255,0
-20.53,1.169501,32.91,63.324560795950255,0
14.43,1.178455,32.91,63.324560795950255,0
7.47,1.178455,32.93,63.324560795950255,0
-20.45,1.174618,32.93,63.324560795950255,0
14.65,1.183572,32.93,63.324560795950255,0
5.07,1.181013,32.93,63.324560795950255,0
-31.85,1.183572,32.93,63.324560795950255,0
20.94,1.177176,32.93,63.324560795950255,0
0.75,1.182293,32.93,63.324560795950255,0
-36.67,1.179734,32.93,63.324560795950255,0
20.01,1.177176,32.91,63.324560795950255,0
-1.52,1.177176,32.91,63.324560795950255,0
-12.28,1.172059,32.91,63.06346010171025,0
22.63,1.173338,32.91,63.06346010171025,0
-3.46,1.166942,32.95,63.324560795950255,0
-27.12,1.174618,32.95,63.324560795950255,0
24.8,1.17078,32.95,63.324560795950255,0
8.63,1.172059,32.95,63.324560795950255,0
-33.73,1.163105,32.93,63.324560795950255,0
17.09,1.17078,32.93,63.324560795950255,0
19.04,1.17078,32.93,63.324560795950255,0
-10.05,1.169501,32.93,63.324560795950255,0
-0.55,1.169501,32.93,63.06346010171025,0
14.51,1.164384,32.93,63.06346010171025,0
0.63,1.165663,32.93,63.324560795950255,0
-32.36,1.156709,32.93,63.324560795950255,0
10.2,1.163105,32.89,63.324560795950255,0
-0.6,1.15543,32.89,63.324560795950255,0
-35.25,1.163105,32.89,63.06346010171025,0
17.54,1.161826,32.89,63.324560795950255,0
11.71,1.159267,32.91,63.06346010171025,0
-22.77,1.160547,32.91,63.324560795950255,0
13.42,1.159267,32.91,63.324560795950255,0
16.86,1.166942,32.91,63.324560795950255,0
-5.31,1.17078,32.91,63.324560795950255,0
-27.34,1.178455,32.91,63.324560795950255,0
18.44,1.164384,32.91,63.324560795950255,0
5.94,1.175897,32.91,63.324560795950255,0
-31.44,1.182293,32.91,63.06346010171025,0
17.26,1.179734,32.91,63.06346010171025,0
10.76,1.177176,32.91,63.06346010171025,0
30.98,1.17078,32.91,63.06346010171025,0
39.69,1.169501,32.91,63.06346010171025,0
-18.51,1.168222,32.91,63.324560795950255,0
-31.26,1.168222,32.91,63.06346010171025,0
2.27,1.157988,32.91,63.06346010171025,0
10.32,1.164384,32.91,63.324560795950255,0
-13.52,1.160547,32.91,63.06346010171025,0
5.48,1.168222,32.91,63.324560795950255,0
9.14,1.172059,32.91,63.06346010171025,0
-14.93,1.173338,32.93,63.324560795950255,0
7.2,1.174618,32.93,62.489999199871974,0
13.73,1.172059,32.93,62.489999199871974,0
-4.54,1.177176,32.93,63.72597586541927,0
0.67,1.178455,32.91,62.489999199871974,0
-1.15,1.181013,32.91,59.2452529743945,0
-2.17,1.181013,32.91,62.112800613078136,0
-7.98,1.177176,32.91,63.06346010171025,0
10.42,1.173338,32.89,62.89674077406555,0
5.08,1.175897,32.89,62.89674077406555,0
-36.95,1.175897,32.89,62.89674077406555,0
-0.25,1.177176,32.89,63.06346010171025,0
-9.57,1.182293,32.89,62.89674077406555,0
-9.6,1.184851,32.89,62.89674077406555,0
17.95,1.191247,32.89,62.89674077406555,0
-2.88,1.192526,32.89,62.89674077406555,0
-25.09,1.195084,32.91,63.06346010171025,0
15.43,1.196364,32.91,62.112800613078136,0
4.71,1.189968,32.91,63.06346010171025,0
-25.8,1.184851,32.91,63.324560795950255,0
15.99,1.18613,32.89,63.06346010171025,0
10.42,1.183572,32.89,62.112800613078136,0
-24.16,1.179734,32.89,63.15853069855251,0
15.82,1.183572,32.89,62.89674077406555,0
14.82,1.179734,32.89,63.06346010171025,0
-0.74,1.184851,32.89,63.06346010171025,0
-20.63,1.183572,32.89,63.06346010171025,0
19.34,1.184851,32.89,63.06346010171025,0
9.14,1.183572,32.89,63.06346010171025,0
-20.33,1.183572,32.89,63.324560795950255,0
18.98,1.166942,32.89,63.324560795950255,0
19.19,1.177176,32.89,62.56196927846821,0
-10.02,1.178455,32.91,62.56196927846821,0
-18.01,1.175897,32.91,62.76145313805282,0
13.64,1.179734,32.91,62.976185975335156,0
-9.89,1.189968,32.91,62.976185975335156,0
-38.22,1.195084,32.89,63.48228099241551,0
0.05,1.202759,32.89,62.976185975335156,0
15.18,1.205318,32.89,62.976185975335156,0
9.8,1.21683,32.89,62.56196927846821,0
7.12,1.23218,32.91,62.56196927846821,0
-13.07,1.250089,32.91,63.50590523722971,0
17.17,1.266718,32.91,63.245553203367585,0
-11.42,1.276952,32.91,63.50590523722971,0
30.21,1.278231,32.87,62.56196927846821,0
19.23,1.284627,32.87,63.245553203367585,0
-31.7,1.274393,32.87,63.245553203367585,0
-4.31,1.265439,32.87,62.297672508690084,0
-12.13,1.246251,32.89,62.297672508690084,0
-26.48,1.246251,32.89,63.245553203367585,0
15.73,1.236018,32.89,63.245553203367585,0
6.08,1.224505,32.89,62.297672508690084,0
-24.36,1.21683,32.91,63.245553203367585,0
11.41,1.219389,32.91,62.56196927846821,0
3.4,1.215551,32.91,62.56196927846821,0
-0.16,1.209155,32.91,62.56196927846821,0
-34.28,1.209155,32.91,62.56196927846821,0
-26.75,1.206597,32.91,62.8410693734599,0
89.32,1.207876,32.91,62.8410693734599,0
-7.26,1.198922,32.91,61.09828148156051,0
-3.09,1.200201,32.87,63.245553203367585,0
8.38,1.200201,32.87,62.297672508690084,0
-7.22,1.193805,32.87,62.297672508690084,0
23.5,1.18613,32.87,62.297672508690084,0
43.22,1.188689,32.84,63.245553203367585,0
-73.89,1.187409,32.84,62.297672508690084,0
-53.86,1.184851,32.84,63.245553203367585,0
2.42,1.181013,32.84,63.245553203367585,0
5.92,1.183572,32.87,63.245553203367585,0
-7.2,1.18613,32.87,62.297672508690084,0
-17.1,1.181013,32.87,63.245553203367585,0
9.76,1.183572,32.87,62.297672508690084,0
-0.16,1.181013,32.89,63.245553203367585,0
-32.67,1.187409,32.89,62.297672508690084,0
12.73,1.177176,32.89,62.297672508690084,0
8.41,1.183572,32.89,62.56196927846821,0
-33.32,1.181013,32.89,62.297672508690084,0
17.86,1.184851,32.89,63.50590523722971,0
2.88,1.173338,32.89,63.50590523722971,0
-25.45,1.183572,32.89,62.297672508690084,0
12.29,1.187409,32.89,63.245553203367585,0
-18.69,1.184851,32.89,62.297672508690084,0
1.88,1.188689,32.89,62.297672508690084,0
24.45,1.188689,32.89,62.297672508690084,0
-21.76,1.187409,32.89,63.50590523722971,0
26.7,1.179734,32.89,63.50590523722971,0
38.11,1.184851,32.89,63.245553203367585,0
-5.83,1.182293,32.89,63.245553203367585,0
-25.54,1.183572,32.89,63.245553203367585,0
38.81,1.177176,32.89,62.37788069500277,0
13.86,1.175897,32.89,63.245553203367585,0
-25.08,1.164384,32.89,62.297672508690084,0
17.83,1.17078,32.89,62.297672508690084,0
25.98,1.175897,32.89,63.245553203367585,0
17.6,1.17078,32.89,63.245553203367585,0
-60.04,1.173338,32.89,62.297672508690084,0
-26.12,1.165663,32.89,63.245553203367585,0
5.87,1.17078,32.89,63.50590523722971,0
54.66,1.169501,32.89,62.297672508690084,0
-16.34,1.172059,32.89,63.245553203367585,0
56.88,1.172059,32.87,63.245553203367585,0
26.01,1.174618,32.87,63.245553203367585,0
-25.06,1.17078,32.87,63.245553203367585,0
-51.51,1.172059,32.87,63.245553203367585,0
4.4,1.165663,32.87,63.50590523722971,0
6.51,1.172059,32.87,62.297672508690084,0
-45.83,1.174618,32.87,62.56196927846821,0
6.67,1.172059,32.87,63.245553203367585,0
17.86,1.177176,32.87,63.245553203367585,0
-22.57,1.178455,32.87,63.245553203367585,0
15.45,1.173338,32.87,62.297672508690084,0
-10.14,1.182293,32.87,63.245553203367585,0
8.81,1.188689,32.89,62.297672508690084,0
-8.9,1.191247,32.89,63.245553203367585,0
-52.64,1.195084,32.89,63.245553203367585,0
28.36,1.200201,32.89,63.245553203367585,0
6.54,1.205318,32.87,63.245553203367585,0
-13.68,1.210434,32.87,63.245553203367585,0
-9.36,1.210434,32.87,63.245553203367585,0
-10.1,1.215551,32.87,62.297672508690084,0
-10.18,1.211714,32.84,63.245553203367585,0
29.22,1.209155,32.84,63.245553203367585,0
-0.39,1.205318,32.84,63.245553203367585,0
-28.31,1.200201,32.84,62.56196927846821,0
15.52,1.193805,32.89,63.245553203367585,0
-19.48,1.195084,32.89,62.56196927846821,0
-46.27,1.187409,32.89,62.56196927846821,0
-60.78,1.183572,32.89,62.56196927846821,0
99.28,1.182293,32.81,63.245553203367585,0
-0.78,1.175897,32.81,62.56196927846821,0
-1.26,1.178455,32.81,63.245553203367585,0
60.87,1.172059,32.81,63.245553203367585,0
31.33,1.173338,32.81,63.245553203367585,0
-1.6,1.17078,32.81,63.245553203367585,0
-1.52,1.174618,32.81,62.56196927846821,0
45.77,1.168222,32.81,63.50590523722971,0
-109.49,1.169501,32.77,62.56196927846821,0
-73.59,1.169501,32.77,62.56196927846821,0
9.59,1.168222,32.77,63.50590523722971,0
27.89,1.166942,32.77,63.245553203367585,0
22.47,1.164384,32.77,63.50590523722971,0
40.04,1.174618,32.77,61.61980201201558,0
-26.68,1.181013,32.77,63.50590523722971,0
8.21,1.195084,32.77,63.50590523722971,0
-37.13,1.207876,32.75,63.245553203367585,0
-65.57,1.225785,32.75,62.297672508690084,0
1.35,1.230901,32.75,63.06346010171025,0
1.73,1.242414,32.75,63.06346010171025,0
-16.69,1.246251,32.73,63.4428877022476,0
52.54,1.234739,32.73,62.37788069500277,0
89.1,1.229622,32.73,62.37788069500277,0
-124.71,1.218109,32.73,62.56196927846821,0
16.8,1.219389,32.75,63.50590523722971,0
32.66,1.214272,32.75,63.245553203367585,0
55.57,1.218109,32.75,63.06346010171025,0
7.62,1.223226,32.75,63.245553203367585,0
-18.02,1.23218,32.75,63.245553203367585,0
79.86,1.236018,32.75,63.245553203367585,0
-70.45,1.236018,32.75,63.50590523722971,0
-39.28,1.238576,32.75,63.50590523722971,0
-7.53,1.230901,32.81,62.56196927846821,0
5.39,1.23346,32.81,62.37788069500277,0
-20.65,1.224505,32.81,63.4428877022476,0
22.95,1.227064,32.81,62.56196927846821,0
2.69,1.224505,32.83,63.324560795950255,0
-2.16,1.224505,32.83,60.73713855624086,0
-28.22,1.219389,32.83,63.773035054010094,0
6.62,1.207876,32.83,62.297672508690084,0
-34.07,1.210434,32.84,63.245553203367585,0
-3.85,1.209155,32.84,63.75735251718032,0
39.47,1.195084,32.84,64.5600495662759,0
0.12,1.205318,32.84,63.51377803280167,0
100.27,1.21683,32.83,68.00735254367721,0
145.02,1.211714,32.83,54.78138369920935,0
16.62,1.177176,32.83,91.70059977993601,0
-393.44,1.223226,32.83,65.86349520030045,0
268.8,1.244972,32.83,65.30696746902278,0
94.45,1.241135,32.83,57.4978260458602,0
96.92,1.234739,32.83,64.2339474110069,0
16.91,1.236018,32.83,63.324560795950255,0
-62.38,1.243693,32.84,61.652250567193406,0
28.8,1.24881,32.84,62.609903369994115,0
24.0,1.251368,32.84,63.324560795950255,0
-128.77,1.252647,32.84,62.76145313805282,0
33.25,1.244972,32.83,63.150613615387776,0
8.0,1.253926,32.83,62.385895841928885,0
61.11,1.253926,32.83,62.112800613078136,0
128.62,1.252647,32.83,62.76941930590086,0
-15.33,1.24881,32.87,62.42595614005443,0
-208.95,1.24881,32.87,62.82515419798029,0
-75.58,1.223226,32.87,63.166446789415026,0
-56.32,1.23346,32.87,62.928530890209096,0
62.86,1.218109,32.84,67.07458535093602,0
81.81,1.214272,32.84,62.16912416947821,0
43.17,1.210434,32.84,63.26136261573884,0
176.71,1.192526,32.84,63.671029518926424,0
5.61,1.192526,32.83,62.93647591023825,0
-138.15,1.181013,32.83,62.465990746965666,0
-35.03,1.181013,32.83,62.56196927846821,0
-23.63,1.179734,32.83,62.5859409132754,0
-29.6,1.184851,32.84,63.25345840347388,0
-107.07,1.18613,32.84,61.90315016216864,0
73.13,1.181013,32.84,62.321745803531535,0
77.53,1.183572,32.84,63.03967004989794,0
-19.82,1.184851,32.84,63.03967004989794,0
14.74,1.187409,32.84,62.10475022089695,0
-27.61,1.174618,32.84,62.976185975335156,0
29.69,1.178455,32.84,63.03967004989794,0
5.08,1.169501,32.84,62.76145313805282,0
-37.1,1.177176,32.84,62.976185975335156,0
2.55,1.172059,32.84,62.976185975335156,0
2.77,1.172059,32.84,62.76145313805282,0
41.97,1.169501,32.81,62.976185975335156,0
9.16,1.166942,32.81,62.976185975335156,0
-27.29,1.168222,32.81,62.976185975335156,0
7.4,1.168222,32.81,62.976185975335156,0
-19.44,1.169501,32.83,63.25345840347388,0
24.46,1.166942,32.83,62.976185975335156,0
9.44,1.177176,32.83,63.25345840347388,0
5.14,1.174618,32.83,63.25345840347388,0
5.22,1.175897,32.81,63.25345840347388,0
-10.5,1.172059,32.81,62.976185975335156,0
7.69,1.17078,32.81,63.25345840347388,0
13.73,1.166942,32.81,63.25345840347388,0
-7.3,1.164384,32.81,63.25345840347388,0
7.82,1.164384,32.81,62.976185975335156,0
-11.84,1.159267,32.81,63.914004725099176,0
10.04,1.157988,32.81,62.976185975335156,0
5.35,1.15543,32.83,62.0403094769844,0
-12.3,1.161826,32.83,63.25345840347388,0
19.13,1.160547,32.83,62.321745803531535,0
-33.78,1.161826,32.83,63.25345840347388,0
-0.78,1.159267,32.83,62.976185975335156,0
11.1,1.163105,32.83,62.10475022089695,0
-17.84,1.147755,32.83,62.40192304729078,0
14.09,1.151592,32.83,63.25345840347388,0
14.4,1.152872,32.79,63.25345840347388,0
-26.41,1.15543,32.79,62.928530890209096,0
-7.95,1.151592,32.79,62.928530890209096,0
20.15,1.143917,32.79,63.25345840347388,0
11.2,1.145197,32.81,62.71363488110062,0
22.27,1.141359,32.81,62.40192304729078,0
-4.89,1.142638,32.81,62.617888817813075,0
-29.58,1.143917,32.81,62.617888817813075,0
6.32,1.152872,32.81,62.10475022089695,0
-4.14,1.157988,32.81,63.25345840347388,0
-2.36,1.160547,32.81,62.617888817813075,0
-5.3,1.161826,32.81,62.617888817813075,0
-10.47,1.154151,32.83,62.928530890209096,0
-9.61,1.15543,32.83,62.928530890209096,0
-32.82,1.147755,32.83,63.85138996137829,0
-23.59,1.151592,32.83,62.00806399170998,0
34.53,1.147755,32.83,61.78996682310163,0
5.69,1.151592,32.83,64.47480127925948,0
-1.79,1.150313,32.83,63.25345840347388,0
11.14,1.152872,32.83,62.976185975335156,0
-5.52,1.145197,32.83,63.25345840347388,0
59.74,1.151592,32.83,62.976185975335156,0
-12.51,1.154151,32.83,62.976185975335156,0
-46.77,1.151592,32.83,62.976185975335156,0
9.11,1.150313,32.83,62.976185975335156,0
1.08,1.143917,32.83,62.976185975335156,0
-28.89,1.147755,32.83,62.976185975335156,0
28.12,1.146476,32.83,62.976185975335156,0
14.3,1.146476,32.84,62.976185975335156,0
-26.78,1.141359,32.84,62.976185975335156,0
25.44,1.143917,32.84,62.976185975335156,0
13.61,1.142638,32.84,62.976185975335156,0
-7.86,1.142638,32.84,62.976185975335156,0
21.79,1.142638,32.84,62.976185975335156,0
12.32,1.131126,32.84,62.976185975335156,0
-5.23,1.14008,32.84,62.976185975335156,0
-25.83,1.134963,32.84,62.976185975335156,0
15.66,1.138801,32.84,62.976185975335156,0
7.83,1.138801,32.84,62.976185975335156,0
-24.12,1.143917,32.84,62.976185975335156,0
15.32,1.145197,32.84,62.976185975335156,0
5.77,1.151592,32.84,62.976185975335156,0
-35.0,1.150313,32.84,62.976185975335156,0
13.36,1.150313,32.84,62.976185975335156,0
-9.4,1.152872,32.84,62.976185975335156,0
-32.87,1.149034,32.84,62.976185975335156,0
23.0,1.147755,32.84,62.976185975335156,0
2.6,1.14008,32.84,62.976185975335156,0
-31.93,1.143917,32.84,62.976185975335156,0
18.94,1.141359,32.84,62.976185975335156,0
9.06,1.141359,32.84,62.976185975335156,0
-24.27,1.137522,32.84,62.976185975335156,0
17.57,1.138801,32.83,62.976185975335156,0
12.36,1.134963,32.83,62.976185975335156,0
-22.47,1.134963,32.83,63.25345840347388,0
13.38,1.131126,32.83,62.976185975335156,0
12.42,1.136242,32.83,62.976185975335156,0
-8.42,1.138801,32.83,62.976185975335156,0
5.04,1.133684,32.83,62.976185975335156,0
19.26,1.137522,32.83,62.976185975335156,0
3.47,1.134963,32.84,63.25345840347388,0
-24.4,1.136242,32.84,63.20601237224193,0
10.55,1.129846,32.84,63.20601237224193,0
-1.44,1.132405,32.84,63.20601237224193,0
-31.97,1.129846,32.84,63.20601237224193,0
20.27,1.134963,32.84,62.27358990776106,0
20.37,1.136242,32.84,62.976185975335156,0
-7.63,1.134963,32.84,62.27358990776106,0
20.2,1.138801,32.84,62.976185975335156,0
0.84,1.133684,32.84,62.976185975335156,0
-38.33,1.14008,32.84,63.20601237224193,0
9.73,1.137522,32.84,63.20601237224193,0
1.85,1.138801,32.84,62.321745803531535,0
-31.23,1.137522,32.84,62.976185975335156,0
12.05,1.137522,32.84,62.976185975335156,0
-2.41,1.138801,32.84,63.20601237224193,0
-37.13,1.146476,32.87,62.976185975335156,0
40.98,1.151592,32.87,62.976185975335156,0
13.15,1.157988,32.87,62.976185975335156,0
-31.56,1.156709,32.87,62.0403094769844,0
-5.86,1.152872,32.83,62.976185975335156,0
11.23,1.150313,32.83,62.976185975335156,0
13.22,1.15543,32.83,63.20601237224193,0
-15.86,1.152872,32.83,62.976185975335156,0
18.18,1.147755,32.84,62.976185975335156,0
23.06,1.149034,32.84,63.20601237224193,0
9.2,1.145197,32.84,63.20601237224193,0
-14.68,1.143917,32.84,62.976185975335156,0
12.12,1.14008,32.84,62.976185975335156,0
13.42,1.138801,32.84,62.976185975335156,0
-4.03,1.136242,32.84,62.976185975335156,0
-20.53,1.133684,32.84,62.976185975335156,0
6.3,1.136242,32.84,62.976185975335156,0
14.26,1.138801,32.84,63.48228099241551,0
-8.23,1.136242,32.84,63.20601237224193,0
-31.16,1.133684,32.84,63.20601237224193,0
-0.48,1.133684,32.83,62.94441992742486,0
-1.33,1.136242,32.83,63.914004725099176,0
-0.37,1.134963,32.83,62.00806399170998,0
29.31,1.136242,32.83,62.94441992742486,0
22.31,1.138801,32.83,63.20601237224193,0
-14.61,1.132405,32.83,63.7102817447859,0
-24.22,1.131126,32.83,61.94352266379432,0
-28.0,1.14008,32.83,63.06346010171025,0
-42.0,1.147755,32.84,62.297672508690084,0
19.46,1.146476,32.84,63.06346010171025,0
-9.4,1.146476,32.84,60.58052492344384,0
33.35,1.141359,32.84,64.27285585688566,0
-9.13,1.149034,32.83,63.06346010171025,0
-13.53,1.150313,32.83,63.06346010171025,0
47.09,1.145197,32.83,62.8410693734599,0
5.42,1.142638,32.83,62.95236294214857,0
21.75,1.14008,32.87,61.71709649683789,0
37.72,1.137522,32.87,63.13477647065839,0
20.27,1.129846,32.87,63.13477647065839,0
13.5,1.14008,32.87,62.95236294214857,0
-5.16,1.14008,32.83,62.8410693734599,0
22.11,1.143917,32.83,63.7808748764079,0
9.34,1.142638,32.83,61.71709649683789,0
-5.81,1.147755,32.83,63.7808748764079,0
-30.21,1.141359,32.83,62.65780079128216,0
12.34,1.143917,32.83,62.65780079128216,0
-6.29,1.137522,32.83,61.26173356998641,0
-15.06,1.138801,32.83,63.324560795950255,0
-22.01,1.132405,32.83,63.324560795950255,0
6.1,1.134963,32.83,61.26173356998641,0
8.42,1.131126,32.83,65.22269543648132,0
-11.67,1.127288,32.83,63.06346010171025,0
-35.72,1.128567,32.84,63.50590523722971,0
-7.56,1.12473,32.84,61.43289021363068,0
36.95,1.12473,32.84,63.324560795950255,0
-22.82,1.122171,32.84,62.37788069500277,0
-43.48,1.12473,32.84,62.112800613078136,0
1.8,1.119613,32.84,62.37788069500277,0
24.02,1.123451,32.84,63.324560795950255,0
-19.77,1.115776,32.84,62.112800613078136,0
-6.38,1.122171,32.83,63.324560795950255,0
6.25,1.12473,32.83,63.50590523722971,0
3.72,1.128567,32.83,62.112800613078136,0
-22.22,1.128567,32.83,63.06346010171025,0
19.3,1.132405,32.84,63.06346010171025,0
6.52,1.134963,32.84,63.245553203367585,0
-19.59,1.131126,32.84,63.06346010171025,0
-7.3,1.132405,32.84,63.245553203367585,0
19.59,1.131126,32.84,63.245553203367585,0
4.43,1.131126,32.84,63.245553203367585,0
-15.16,1.120892,32.84,63.245553203367585,0
28.58,1.12473,32.84,62.56196927846821,0
17.75,1.126009,32.84,62.56196927846821,0
-10.22,1.137522,32.84,63.50590523722971,0
5.97,1.145197,32.84,62.112800613078136,0
16.26,1.160547,32.84,63.245553203367585,0
-5.74,1.168222,32.84,63.245553203367585,0
-24.5,1.181013,32.84,63.245553203367585,0
2.45,1.189968,32.84,62.37788069500277,0
5.04,1.218109,32.84,63.245553203367585,0
0.84,1.246251,32.81,63.50590523722971,0
9.35,1.261601,32.81,63.245553203367585,0
7.54,1.282068,32.81,62.56196927846821,0
-7.39,1.293581,32.81,63.50590523722971,0
-0.79,1.292302,32.81,61.90315016216864,0
0.27,1.280789,32.81,63.702433234531945,0
-3.24,1.270556,32.81,62.56196927846821,0
-18.86,1.252647,32.81,61.71709649683789,0
9.75,1.241135,32.83,63.06346010171025,0
12.19,1.230901,32.83,63.06346010171025,0
-11.61,1.220668,32.83,63.06346010171025,0
7.55,1.204039,32.83,63.324560795950255,0
8.01,1.198922,32.83,63.324560795950255,0
-13.03,1.198922,32.83,63.06346010171025,0
-8.33,1.188689,32.83,63.324560795950255,0
11.21,1.184851,32.83,63.245553203367585,0
0.2,1.181013,32.84,63.324560795950255,0
-19.18,1.181013,32.84,63.324560795950255,0
14.45,1.181013,32.84,66.01514977639603,0
15.22,1.184851,32.84,64.29618962271404,0
2.63,1.204039,32.84,63.190189111918315,0
57.83,1.220668,32.84,60.249481325568276,0
106.76,1.225785,32.84,78.84795495128583,0
-46.36,1.228343,32.84,65.55913361233506,0
-52.66,1.224505,32.83,62.68971207462992,0
24.01,1.223226,32.83,62.64982043070834,0
-164.79,1.224505,32.83,62.369864518050704,0
326.03,1.221947,32.83,62.369864518050704,0
262.16,1.224505,32.83,61.862751312886175,0
107.54,1.224505,32.83,62.369864518050704,0
-45.18,1.228343,32.83,61.862751312886175,0
-150.22,1.227064,32.83,63.835726674018524,0
-119.25,1.229622,32.83,61.91930232165088,0
-73.91,1.214272,32.83,62.928530890209096,0
-115.48,1.178455,32.83,64.35060217278468,0
-173.36,1.163105,32.83,75.24626236564843,0
-256.59,1.17078,32.83,82.38325072488946,0
-135.27,1.192526,32.83,34.84250278036869,0
163.92,1.183572,32.83,84.53401682163222,0
45.91,1.195084,32.83,62.49799996799898,0
348.31,1.206597,32.81,68.24954212300622,0
105.07,1.212993,32.81,75.05997601918082,0
-10.76,1.211714,32.81,83.21057625085888,0
-33.76,1.224505,32.81,73.23250644351864,0
72.57,1.229622,32.79,53.97221507405454,0
-7.91,1.236018,32.79,77.75602870517501,0
117.17,1.229622,32.79,70.39176088151227,0
-34.71,1.209155,32.79,104.41264291262816,0
1.33,1.20148,32.79,51.16639522186413,0
32.44,1.210434,32.79,82.0792300158816,0
49.98,1.188689,32.79,80.0812087820857,0
-168.22,1.192526,32.79,74.3370701601832,0
103.09,1.187409,32.79,55.17245689653489,0
47.4,1.188689,32.79,64.17164482853778,0
-156.69,1.184851,32.79,55.47071299343465,0
108.27,1.187409,32.79,75.3657747256671,0
31.83,1.182293,32.77,65.14598989960932,0
21.65,1.178455,32.77,63.63961030678928,0
43.26,1.174618,32.77,60.29925372672534,0
29.58,1.173338,32.77,61.48170459575759,0
-112.38,1.172059,32.75,64.34283176858165,0
-34.3,1.17078,32.75,60.07495318350236,0
27.66,1.178455,32.75,63.58458932791813,0
-1.65,1.177176,32.75,64.45153217728807,0
-26.71,1.182293,32.77,64.87680633323437,0
-28.49,1.163105,32.77,55.85696017507576,0
-14.44,1.151592,32.77,65.98484674529449,0
41.09,1.172059,32.77,60.76183012385325,0
50.08,1.073563,32.75,63.43500610861482,0
57.75,0.816449,32.75,65.23802572120036,0
45.38,0.9853,32.75,54.38749856354859,0
30.72,1.152872,32.75,72.52585745787498,0
-61.56,1.188689,32.75,57.48912940721924,0
56.15,1.196364,32.75,95.79665964948882,0
-132.41,1.191247,32.75,75.21303078589507,0
94.33,1.187409,32.75,68.2934843158555,0
-40.17,1.183572,32.73,181.1546300815963,0
-37.91,1.178455,32.73,106.89246933250256,0
48.37,1.151592,32.73,96.71607932500159,0
119.5,1.149034,32.73,50.1398045468867,0
89.53,1.146476,32.75,113.75851616472501,0
-185.07,1.163105,32.75,70.50531894828929,0
-51.05,1.14008,32.75,62.69768735766894,0
47.82,1.149034,32.75,58.974570791146924,0
70.43,1.154151,32.73,65.08456038109192,0
118.24,1.151592,32.73,79.90619500389191,0
55.72,1.15543,32.73,62.22539674441618,0
35.6,1.151592,32.73,61.26989472816156,0
42.87,1.146476,32.75,47.24404724407086,0
-26.85,1.141359,32.75,53.376024580330075,0
10.44,1.136242,32.75,79.17701686727027,0
-24.35,1.119613,32.75,75.27283706623525,0
89.37,1.087634,32.75,61.73329733620261,0
-3.35,1.039025,32.75,67.1863081289633,0
-12.7,1.0467,32.75,60.77005841695399,0
-27.71,1.032629,32.75,66.09841147864296,0
37.76,1.073563,32.73,67.98529252713413,0
7.03,1.111938,32.73,80.26830009412184,0
90.4,1.134963,32.73,62.20128616033595,0
-62.88,1.132405,32.73,62.82515419798029,0
-53.64,1.118334,32.73,67.49814812274482,0
-109.32,1.118334,32.73,65.612498809297,0
264.69,1.117055,32.73,61.69278726074872,0
-141.89,1.123451,32.73,73.72245248226622,0
8.42,1.133684,32.68,63.608175575157006,0
65.05,1.133684,32.68,64.50581369148055,0
-54.8,1.147755,32.68,63.60031446463138,0
152.61,1.147755,32.68,60.81940479813988,0
125.75,1.122171,32.66,65.31462317123173,0
3.74,1.131126,32.66,75.1398695766768,0
-140.63,1.165663,32.66,64.45928947793328,0
-145.44,1.123451,32.66,71.49825172687791,0
0.97,1.131126,32.68,52.44044240850758,0
247.99,1.128567,32.68,65.98484674529449,0
5.83,1.120892,32.68,70.02856560004639,0
-141.09,1.126009,32.68,56.515484603779164,0
-79.3,1.117055,32.68,64.22616289332565,0
-232.6,1.110659,32.68,62.048368229954285,0
-56.25,1.076121,32.68,63.8200595424354,0
2.49,1.040304,32.68,62.928530890209096,0
451.94,1.030071,32.68,65.09992319503918,0
82.93,1.035188,32.68,59.3548650070068,0
-97.76,0.973787,32.68,67.12674578735364,0
-81.61,1.10938,32.68,75.61745830163825,0
-184.21,1.145197,32.71,58.56620185738529,0
-3.96,1.147755,32.71,64.87680633323437,0
33.93,1.150313,32.71,62.51399843235114,0
131.62,1.152872,32.71,62.82515419798029,0
-10.33,1.149034,32.68,63.58458932791813,0
-68.16,1.143917,32.68,63.30876716537765,0
46.05,1.146476,32.68,62.849025449882674,0
26.3,1.141359,32.68,64.41273166075166,0
-57.11,1.141359,32.71,63.773035054010094,0
37.59,1.136242,32.71,62.27358990776106,0
-23.59,1.145197,32.71,62.82515419798029,0
-46.99,1.146476,32.71,62.457985878508765,0
-11.12,1.147755,32.68,62.8728876384726,0
15.53,1.146476,32.68,61.814237842102365,0
45.61,1.142638,32.68,62.27358990776106,0
8.19,1.138801,32.68,63.984373092185564,0
-65.65,1.133684,32.68,61.814237842102365,0
66.34,1.137522,32.68,64.41273166075166,0
2.33,1.134963,32.68,63.229739838148944,0
-10.4,1.136242,32.68,63.41135544995076,0
48.35,1.131126,32.68,63.06346010171025,0
68.65,1.137522,32.68,62.88083968904996,0
0.65,1.128567,32.68,62.76145313805282,0
-109.17,1.132405,32.68,60.473134530963414,0
-109.05,1.126009,32.66,62.22539674441618,0
156.43,1.12473,32.66,64.29618962271404,0
-51.02,1.115776,32.66,63.20601237224193,0
-28.72,1.120892,32.66,63.00793600809346,0
-8.63,1.122171,32.66,61.84658438426491,0
13.37,1.118334,32.66,63.387695966961914,0
18.91,1.115776,32.66,62.82515419798029,0
25.25,1.111938,32.66,63.00793600809346,0
-3.16,1.117055,32.68,62.82515419798029,0
34.8,1.118334,32.68,62.457985878508765,0
10.62,1.123451,32.68,62.457985878508765,0
-18.07,1.127288,32.68,65.18435395092905,0
13.8,1.133684,32.68,61.927376821564145,0
27.88,1.147755,32.68,62.71363488110062,0
-19.3,1.145197,32.68,63.474404290233394,0
19.16,1.145197,32.68,62.52199612936234,0
95.44,1.143917,32.68,62.369864518050704,0
-56.17,1.14008,32.68,62.93647591023825,0
-65.2,1.138801,32.68,63.51377803280167,0
-74.68,1.132405,32.68,63.51377803280167,0
-5.95,1.138801,32.66,63.30876716537765,0
59.69,1.138801,32.66,62.849025449882674,0
3.62,1.136242,32.66,62.71363488110062,0
-31.75,1.137522,32.66,63.30876716537765,0
71.83,1.136242,32.66,63.190189111918315,0
1.81,1.137522,32.66,63.30876716537765,0
24.04,1.134963,32.66,62.71363488110062,0
-0.57,1.132405,32.66,62.24949798994366,0
-47.96,1.127288,32.68,62.30569797378086,0
43.85,1.128567,32.68,63.474404290233394,0
65.4,1.129846,32.68,62.82515419798029,0
128.27,1.132405,32.68,63.35613624582863,0
-34.69,1.129846,32.68,63.35613624582863,0
-119.11,1.134963,32.68,62.6418390534633,0
-57.24,1.129846,32.68,63.071388124885914,0
-125.22,1.126009,32.68,62.42595614005443,0
-11.25,1.115776,32.68,63.15853069855251,0
-3.87,1.128567,32.68,62.42595614005443,0
130.86,1.131126,32.68,62.77738446287803,0
72.5,1.132405,32.68,63.41135544995076,0
-17.09,1.126009,32.65,62.77738446287803,0
-77.31,1.129846,32.65,62.056425936400814,0
-30.71,1.131126,32.65,63.41135544995076,0
-13.1,1.126009,32.65,63.41135544995076,0
-51.87,1.128567,32.68,63.15853069855251,0
13.5,1.123451,32.68,64.16385275215322,0
34.51,1.12473,32.68,63.4428877022476,0
-70.34,1.12473,32.68,62.91263784010332,0
17.38,1.132405,32.66,62.91263784010332,0
137.94,1.134963,32.66,62.91263784010332,0
-18.26,1.128567,32.66,62.42595614005443,0
-115.96,1.133684,32.66,63.29296959378664,0
48.77,1.138801,32.68,62.82515419798029,0
-2.73,1.141359,32.68,62.82515419798029,0
-101.65,1.143917,32.68,61.95159400693416,0
-11.88,1.142638,32.68,63.29296959378664,0
92.04,1.141359,32.66,63.29296959378664,0
-25.24,1.143917,32.66,62.42595614005443,0
-35.08,1.138801,32.66,62.91263784010332,0
44.91,1.14008,32.66,62.91263784010332,0
-11.87,1.138801,32.66,63.41135544995076,0
-32.01,1.14008,32.66,63.41135544995076,0
28.43,1.126009,32.66,63.41135544995076,0
-11.68,1.141359,32.66,63.41135544995076,0
-68.22,1.143917,32.66,63.15853069855251,0
40.61,1.143917,32.66,62.68971207462992,0
29.15,1.15543,32.66,63.29296959378664,0
-41.06,1.159267,32.66,62.82515419798029,0
70.03,1.161826,32.66,62.42595614005443,0
76.13,1.159267,32.66,62.57795138864806,0
-103.07,1.160547,32.66,62.37788069500277,0
-11.94,1.152872,32.66,63.06346010171025,0
26.53,1.151592,32.66,63.56099432828282,0
19.17,1.142638,32.66,63.06346010171025,0
-13.88,1.136242,32.66,63.608175575157006,0
31.2,1.128567,32.66,63.4428877022476,0
22.71,1.134963,32.66,63.4428877022476,0
16.68,1.132405,32.66,63.14269553954757,0
11.43,1.131126,32.66,62.68971207462992,0
-4.94,1.129846,32.66,63.14269553954757,0
7.75,1.128567,32.66,63.14269553954757,0
-26.83,1.131126,32.66,63.14269553954757,0
5.94,1.129846,32.66,63.608175575157006,0
-36.0,1.132405,32.66,62.74551776820397,0
-20.83,1.12473,32.66,62.74551776820397,0
-27.91,1.134963,32.66,62.74551776820397,0
23.51,1.131126,32.66,63.229739838148944,0
-58.48,1.132405,32.66,63.229739838148944,0
11.2,1.126009,32.65,63.14269553954757,0
27.85,1.127288,32.65,63.14269553954757,0
13.62,1.118334,32.65,63.14269553954757,0
-51.57,1.127288,32.65,62.976185975335156,0
53.13,1.131126,32.66,62.74551776820397,0
88.25,1.131126,32.66,64.08587988004847,0
-11.99,1.132405,32.66,63.229739838148944,0
-42.21,1.12473,32.66,63.56099432828282,0
-95.02,1.12473,32.65,63.06346010171025,0
96.59,1.118334,32.65,64.08587988004847,0
77.17,1.123451,32.65,63.14269553954757,0
-10.76,1.120892,32.65,63.06346010171025,0
4.16,1.122171,32.66,63.229739838148944,0
16.98,1.129846,32.66,62.27358990776106,0
-71.83,1.129846,32.66,63.229739838148944,0
61.83,1.136242,32.66,63.229739838148944,0
-27.24,1.138801,32.68,62.37788069500277,0
-30.29,1.142638,32.68,63.90618123468183,0
46.58,1.133684,32.68,63.229739838148944,0
7.0,1.141359,32.68,62.74551776820397,0
-84.35,1.14008,32.66,62.928530890209096,0
23.06,1.143917,32.66,63.41135544995076,0
38.45,1.138801,32.66,62.928530890209096,0
-36.26,1.138801,32.66,62.928530890209096,0
-56.15,1.134963,32.66,62.928530890209096,0
13.12,1.137522,32.66,63.26136261573884,0
-4.27,1.131126,32.66,61.814237842102365,0
57.14,1.127288,32.66,63.14269553954757,0
51.5,1.126009,32.65,63.14269553954757,0
10.35,1.119613,32.65,63.608175575157006,0
-4.74,1.12473,32.65,63.608175575157006,0
59.67,1.122171,32.65,62.74551776820397,0
-60.51,1.122171,32.65,64.08587988004847,0
15.32,1.122171,32.65,63.608175575157006,0
3.97,1.129846,32.65,63.608175575157006,0
-48.05,1.131126,32.65,62.74551776820397,0
28.28,1.132405,32.66,63.41135544995076,0
-107.55,1.133684,32.66,63.229739838148944,0
68.86,1.132405,32.66,63.41135544995076,0
11.27,1.131126,32.66,64.10148204214939,0
-78.63,1.123451,32.66,62.74551776820397,0
21.12,1.129846,32.66,62.27358990776106,0
18.03,1.119613,32.66,62.74551776820397,0
-21.24,1.129846,32.66,62.928530890209096,0
73.8,1.133684,32.65,62.27358990776106,0
-2.66,1.133684,32.65,62.928530890209096,0
-100.78,1.132405,32.65,63.41135544995076,0
-18.97,1.132405,32.65,63.41135544995076,0
95.44,1.133684,32.66,63.788713735268246,0
-6.64,1.131126,32.66,62.8728876384726,0
-32.38,1.131126,32.66,63.324560795950255,0
52.58,1.128567,32.66,63.324560795950255,0
22.85,1.131126,32.65,63.324560795950255,0
50.08,1.133684,32.65,62.65780079128216,0
-54.12,1.127288,32.65,62.65780079128216,0
6.38,1.129846,32.65,63.12685640834652,0
-36.01,1.126009,32.66,62.928530890209096,0
-21.79,1.12473,32.66,63.41135544995076,0
-33.45,1.114496,32.66,63.41135544995076,0
6.75,1.122171,32.66,62.928530890209096,0
43.44,1.120892,32.65,63.41135544995076,0
16.08,1.122171,32.65,63.41135544995076,0
-11.95,1.113217,32.65,63.324560795950255,0
14.43,1.118334,32.65,62.68971207462992,0
40.74,1.119613,32.65,63.788713735268246,0
2.63,1.118334,32.65,63.324560795950255,0
45.56,1.117055,32.65,63.14269553954757,0
10.24,1.114496,32.65,62.928530890209096,0
-34.72,1.115776,32.65,64.08587988004847,0
-52.48,1.114496,32.65,63.229739838148944,0
17.76,1.120892,32.65,63.72597586541927,0
-32.33,1.117055,32.65,63.90618123468183,0
-57.49,1.117055,32.65,63.229739838148944,0
20.08,1.106821,32.65,62.74551776820397,0
27.17,1.10938,32.65,63.608175575157006,0
-9.74,1.10938,32.65,62.457985878508765,0
76.5,1.108101,32.66,62.928530890209096,0
4.22,1.10938,32.66,62.74551776820397,0
3.44,1.110659,32.66,63.229739838148944,0
-21.23,1.113217,32.66,63.229739838148944,0
-18.03,1.113217,32.65,63.229739838148944,0
-24.68,1.119613,32.65,63.41135544995076,0
-49.54,1.117055,32.65,63.41135544995076,0
23.78,1.117055,32.65,63.229739838148944,0
14.55,1.108101,32.66,63.229739838148944,0
-15.66,1.113217,32.66,63.90618123468183,0
-3.26,1.111938,32.66,63.41135544995076,0
82.1,1.114496,32.66,63.12685640834652,0
26.28,1.111938,32.66,62.76145313805282,0
-73.99,1.114496,32.66,63.608175575157006,0
-26.03,1.10938,32.66,63.788713735268246,0
57.57,1.110659,32.66,62.56196927846821,0
8.47,1.102984,32.65,63.26136261573884,0
-54.23,1.108101,32.65,63.06346010171025,0
20.36,1.108101,32.65,63.26136261573884,0
56.74,1.104263,32.65,63.773035054010094,0
-28.56,1.104263,32.65,62.928530890209096,0
29.93,1.097867,32.65,63.324560795950255,0
21.77,1.099146,32.65,63.788713735268246,0
-9.2,1.096588,32.65,62.928530890209096,0
66.11,1.097867,32.68,62.928530890209096,0
72.25,1.091471,32.68,62.457985878508765,0
-62.46,1.091471,32.68,63.12685640834652,0
-25.55,1.09403,32.68,62.76145313805282,0
16.16,1.09275,32.66,63.90618123468183,0
9.18,1.090192,32.66,63.26136261573884,0
-14.98,1.087634,32.66,63.06346010171025,0
-1.47,1.088913,32.66,63.06346010171025,0
3.93,1.087634,32.66,63.06346010171025,0
-56.05,1.086354,32.66,63.57672530100933,0
-24.63,1.086354,32.66,63.57672530100933,0
-16.42,1.086354,32.66,63.57672530100933,0
-60.42,1.087634,32.66,63.06346010171025,0
26.79,1.087634,32.66,63.26136261573884,0
33.59,1.086354,32.66,63.06346010171025,0
-23.32,1.088913,32.66,63.06346010171025,0
36.85,1.090192,32.66,63.57672530100933,0
22.22,1.087634,32.66,63.57672530100933,0
-22.92,1.09275,32.66,63.06346010171025,0
28.1,1.09275,32.66,63.06346010171025,0
27.18,1.091471,32.68,63.06346010171025,0
-15.37,1.09275,32.68,63.06346010171025,0
-4.62,1.082517,32.68,63.06346010171025,0
24.78,1.088913,32.68,63.41135544995076,0
5.13,1.082517,32.65,62.74551776820397,0
-49.01,1.086354,32.65,63.14269553954757,0
18.45,1.082517,32.65,62.457985878508765,0
14.04,1.085075,32.65,63.41135544995076,0
82.06,1.081238,32.65,63.41135544995076,0
39.52,1.087634,32.65,62.56196927846821,0
-82.59,1.083796,32.65,62.56196927846821,0
-67.28,1.082517,32.65,63.229739838148944,0
-37.85,1.078679,32.65,63.06346010171025,0
52.31,1.0774,32.65,63.57672530100933,0
58.85,1.0774,32.65,63.06346010171025,0
53.88,1.0774,32.65,63.06346010171025,0
-74.64,1.0774,32.65,63.57672530100933,0
-16.59,1.076121,32.65,63.57672530100933,0
5.46,1.0774,32.65,63.57672530100933,0
-60.79,1.072284,32.65,63.06346010171025,0
7.87,1.079959,32.65,63.57672530100933,0
-22.84,1.079959,32.65,62.88083968904996,0
-69.05,1.078679,32.65,62.74551776820397,0
27.45,1.078679,32.65,62.56196927846821,0
23.28,1.081238,32.68,62.928530890209096,0
-41.43,1.081238,32.68,62.928530890209096,0
65.74,1.083796,32.68,62.928530890209096,0
33.53,1.083796,32.68,62.928530890209096,0
-60.36,1.083796,32.66,62.928530890209096,0
18.92,1.074842,32.66,62.928530890209096,0
-18.92,1.078679,32.66,63.12685640834652,0
-44.7,1.083796,32.66,63.071388124885914,0
66.21,1.081238,32.66,63.52164985262898,0
-14.64,1.086354,32.66,63.071388124885914,0
-38.5,1.091471,32.66,63.52164985262898,0
12.44,1.09403,32.66,63.788713735268246,0
-26.67,1.088913,32.66,62.65780079128216,0
-18.02,1.09275,32.66,63.12685640834652,0
-46.34,1.090192,32.66,62.65780079128216,0
15.2,1.088913,32.66,62.65780079128216,0
-1.24,1.086354,32.66,63.071388124885914,0
-45.91,1.078679,32.66,62.63385665915839,0
34.79,1.085075,32.66,62.63385665915839,0
36.58,1.086354,32.66,63.52164985262898,0
28.51,1.086354,32.65,63.12685640834652,0
50.75,1.085075,32.65,63.12685640834652,0
-26.71,1.088913,32.65,63.12685640834652,0
21.11,1.085075,32.65,63.12685640834652,0
-111.16,1.083796,32.66,63.12685640834652,0
-5.13,1.082517,32.66,63.071388124885914,0
23.65,1.079959,32.66,62.8728876384726,0
-12.3,1.078679,32.66,62.457985878508765,0
-13.76,1.072284,32.66,63.788713735268246,0
58.8,1.074842,32.66,63.071388124885914,0
51.48,1.071004,32.66,63.52164985262898,0
-47.78,1.0774,32.66,62.65780079128216,0
67.82,1.073563,32.66,62.976185975335156,0
14.48,1.074842,32.66,62.76145313805282,0
-24.42,1.072284,32.66,63.608175575157006,0
5.89,1.073563,32.66,63.15853069855251,0
-40.18,1.072284,32.65,63.12685640834652,0
-41.79,1.074842,32.65,63.12685640834652,0
57.18,1.071004,32.65,63.12685640834652,0
47.53,1.067167,32.65,64.45928947793328,0
-18.73,1.076121,32.66,62.65780079128216,0
74.24,1.074842,32.66,63.12685640834652,0
38.56,1.073563,32.66,62.65780079128216,0
-91.12,1.072284,32.66,63.12685640834652,0
82.33,1.072284,32.65,62.457985878508765,0
60.14,1.067167,32.65,63.984373092185564,0
-34.45,1.068446,32.65,63.340350488452465,0
19.45,1.071004,32.65,63.071388124885914,0
32.45,1.072284,32.66,62.20128616033595,0
2.65,1.071004,32.66,62.8728876384726,0
45.09,1.071004,32.66,62.65780079128216,0
21.67,1.069725,32.66,63.12685640834652,0
-86.58,1.078679,32.66,63.12685640834652,0
-205.93,1.082517,32.66,63.52164985262898,0
62.82,1.078679,32.66,62.20128616033595,0
39.38,1.081238,32.66,63.52164985262898,0
-40.02,1.082517,32.66,62.8728876384726,0
82.91,1.085075,32.66,63.340350488452465,0
18.21,1.071004,32.66,62.65780079128216,0
-100.32,1.081238,32.66,63.12685640834652,0
5.89,1.078679,32.68,63.12685640834652,0
-16.13,1.0774,32.68,63.12685640834652,0
-89.51,1.0774,32.68,63.12685640834652,0
40.91,1.0774,32.68,63.12685640834652,0
40.36,1.078679,32.66,63.12685640834652,0
-31.58,1.082517,32.66,63.12685640834652,0
18.57,1.081238,32.66,63.340350488452465,0
31.68,1.081238,32.66,63.608175575157006,0
-34.89,1.079959,32.66,63.608175575157006,0
26.81,1.078679,32.66,62.76145313805282,0
15.18,1.0774,32.66,63.608175575157006,0
-15.32,1.076121,32.66,62.76145313805282,0
-66.37,1.069725,32.66,63.12685640834652,0
27.87,1.073563,32.66,62.27358990776106,0
4.25,1.069725,32.66,63.608175575157006,0
-3.23,1.068446,32.66,63.608175575157006,0
38.17,1.068446,32.68,62.01612693485461,0
10.91,1.069725,32.68,63.340350488452465,0
-40.65,1.068446,32.68,63.340350488452465,0
28.29,1.067167,32.68,62.8728876384726,0
43.13,1.065888,32.66,62.489999199871974,0
-44.57,1.069725,32.66,63.340350488452465,0
35.73,1.068446,32.66,63.340350488452465,0
25.03,1.065888,32.66,63.340350488452465,0
-64.79,1.068446,32.68,63.340350488452465,0
-4.01,1.069725,32.68,62.8728876384726,0
26.38,1.065888,32.68,63.340350488452465,0
-24.91,1.068446,32.68,61.75759062657804,0
51.93,1.067167,32.68,63.608175575157006,0
85.62,1.071004,32.68,62.68971207462992,0
-52.51,1.068446,32.68,60.11655346075655,0
-76.48,1.071004,32.68,61.326992425847855,0
31.07,1.078679,32.66,61.237243569579455,0
19.05,1.078679,32.66,62.57795138864806,0
45.11,1.0774,32.66,65.95452979136459,0
-158.33,1.083796,32.66,63.53739056650029,0
47.07,1.076121,32.68,60.728905802755904,0
73.66,1.073563,32.68,66.85057965343307,0
73.05,1.072284,32.68,56.089214649520635,0
25.91,1.072284,32.68,70.50531894828929,0
-128.29,1.073563,32.65,63.35613624582863,0
53.55,1.074842,32.65,60.149812967290266,0
-78.47,1.079959,32.65,62.77738446287803,0
-58.17,1.078679,32.65,52.46903848937962,0
-149.4,1.083796,32.66,66.91786009728644,0
280.47,1.082517,32.66,58.360945845659494,0
280.55,1.088913,32.66,66.43794096749237,0
-193.75,1.079959,32.66,64.89221833163049,0
-138.31,1.063329,32.66,64.5445582524197,0
33.96,1.065888,32.66,64.91532946846992,0
23.63,1.053096,32.66,65.09224224129939,0
-35.23,1.078679,32.66,67.29784543356496,0
17.13,1.09403,32.66,60.876925020897694,0
73.6,1.09275,32.66,63.63961030678928,0
-156.66,1.081238,32.66,58.54912467321779,0
299.45,1.079959,32.66,62.8728876384726,0
-88.42,1.072284,32.65,63.0,0
-123.59,1.082517,32.65,63.0,0
21.04,1.0774,32.65,62.8728876384726,0
-9.54,1.073563,32.65,62.5939294181153,0
-4.51,1.076121,32.65,62.68173577685928,0
131.34,1.0774,32.65,62.88083968904996,0
-57.18,1.079959,32.65,62.976185975335156,0
-51.09,1.083796,32.65,63.198101237299845,0
-15.48,1.086354,32.63,63.35613624582863,0
2.37,1.079959,32.63,63.35613624582863,0
-43.74,1.078679,32.63,63.41135544995076,0
4.24,1.067167,32.63,63.647466563878254,0
33.33,1.071004,32.61,63.103090257134,0
-35.86,1.068446,32.61,63.914004725099176,0
11.21,1.065888,32.61,63.387695966961914,0
15.22,1.065888,32.61,63.118935352238,0
-11.92,1.06205,32.63,63.631753079732135,0
-12.87,1.063329,32.63,62.81719509815764,0
-50.44,1.06205,32.63,63.631753079732135,0
-3.41,1.063329,32.63,63.914004725099176,0
-10.07,1.063329,32.63,63.387695966961914,0
4.35,1.065888,32.63,63.103090257134,0
23.18,1.050538,32.63,62.8728876384726,0
-27.27,1.063329,32.63,63.914004725099176,0
-71.07,1.055654,32.63,63.41135544995076,0
6.0,1.058213,32.63,63.41135544995076,0
177.66,1.055654,32.63,63.41135544995076,0
13.26,1.055654,32.63,63.41135544995076,0
-15.67,1.054375,32.65,63.647466563878254,0
-13.48,1.055654,32.65,63.103090257134,0
-9.6,1.055654,32.65,63.45076831686122,0
-55.78,1.056934,32.65,62.89674077406555,0
-42.17,1.063329,32.63,62.89674077406555,0
-58.44,1.060771,32.63,63.608175575157006,0
-113.37,1.059492,32.63,64.07027391856539,0
107.97,1.055654,32.63,64.28841264178172,0
129.12,1.058213,32.65,63.45076831686122,0
81.9,1.055654,32.65,64.53681120105021,0
-19.06,1.054375,32.65,63.079315151640635,0
-32.52,1.050538,32.65,62.81719509815764,0
68.89,1.047979,32.65,62.81719509815764,0
4.33,1.051817,32.65,62.545983084447556,0
-12.02,1.047979,32.65,63.89053137985315,0
-17.06,1.0467,32.65,63.079315151640635,0
-55.7,1.036467,32.63,63.079315151640635,0
-37.68,1.045421,32.63,61.78996682310163,0
47.71,1.042863,32.63,64.41273166075166,0
-202.22,1.056934,32.63,91.35097153287424,0
-204.49,1.06205,32.61,63.75735251718032,0
254.58,1.071004,32.61,63.592452382338585,0
192.96,1.060771,32.61,64.13267497929586,0
123.2,1.067167,32.61,59.371710435189584,0
43.76,1.068446,32.61,65.62773803811922,0
-97.09,1.064609,32.61,62.24146527838174,0
-155.41,1.064609,32.61,62.77738446287803,0
170.2,1.060771,32.61,62.71363488110062,0
-17.87,1.064609,32.61,62.88083968904996,0
-91.68,1.064609,32.61,62.88083968904996,0
-77.98,1.069725,32.61,62.88083968904996,0
-107.29,1.068446,32.61,62.91263784010332,0
38.68,1.071004,32.65,62.88083968904996,0
-5.98,1.069725,32.65,63.58458932791813,0
-60.28,1.071004,32.65,62.91263784010332,0
145.43,1.072284,32.65,62.88083968904996,0
14.26,1.069725,32.63,62.88083968904996,0
-33.55,1.068446,32.63,62.88083968904996,0
-37.8,1.06205,32.63,62.88083968904996,0
-92.19,1.064609,32.63,62.88083968904996,0
24.3,1.063329,32.65,62.88083968904996,0
-3.59,1.063329,32.65,62.88083968904996,0
-52.62,1.059492,32.65,62.88083968904996,0
42.48,1.06205,32.65,63.56886030125127,0
41.95,1.059492,32.65,62.88083968904996,0
-13.32,1.06205,32.65,62.88083968904996,0
-67.5,1.059492,32.65,62.88083968904996,0
41.31,1.058213,32.65,63.095166217389426,0
39.21,1.056934,32.63,62.88083968904996,0
-17.34,1.051817,32.63,62.88083968904996,0
-23.36,1.055654,32.63,63.7808748764079,0
13.46,1.055654,32.63,62.88083968904996,0
8.21,1.058213,32.61,62.88083968904996,0
-42.35,1.056934,32.61,63.58458932791813,0
51.24,1.058213,32.61,62.71363488110062,0
77.46,1.055654,32.61,62.88083968904996,0
179.38,1.060771,32.65,62.88083968904996,0
162.14,1.058213,32.65,62.88083968904996,0
-286.04,1.058213,32.65,63.56886030125127,0
-232.66,1.058213,32.65,63.56886030125127,0
-249.21,1.055654,32.63,62.88083968904996,0
72.88,1.056934,32.63,62.88083968904996,0
93.81,1.055654,32.63,62.88083968904996,0
-3.86,1.056934,32.63,63.56886030125127,0
71.08,1.056934,32.63,62.88083968904996,0
61.01,1.059492,32.63,64.47480127925948,0
-15.9,1.056934,32.63,63.56886030125127,0
39.49,1.055654,32.63,63.56886030125127,0
45.15,1.055654,32.65,62.88083968904996,0
-10.76,1.055654,32.65,62.91263784010332,0
-6.46,1.051817,32.65,62.91263784010332,0
86.82,1.047979,32.65,62.91263784010332,0
154.88,1.050538,32.65,63.58458932791813,0
-121.01,1.053096,32.65,62.88083968904996,0
-53.67,1.040304,32.65,63.58458932791813,0
58.14,1.049258,32.65,62.68173577685928,0
-88.87,1.047979,32.65,63.58458932791813,0
-161.13,1.047979,32.65,62.91263784010332,0
31.75,1.049258,32.65,62.91263784010332,0
26.76,1.051817,32.65,62.20128616033595,0
-39.01,1.054375,32.63,62.88083968904996,0
76.15,1.053096,32.63,62.88083968904996,0
-60.34,1.051817,32.63,62.20128616033595,0
-144.96,1.053096,32.63,62.20128616033595,0
15.21,1.051817,32.65,63.56886030125127,0
43.41,1.050538,32.65,62.88083968904996,0
4.18,1.051817,32.65,62.88083968904996,0
-35.12,1.050538,32.65,62.91263784010332,0
37.13,1.047979,32.65,63.58458932791813,0
34.55,1.047979,32.65,63.58458932791813,0
-4.85,1.047979,32.65,62.20128616033595,0
78.3,1.0467,32.65,63.58458932791813,0
192.06,1.045421,32.63,63.58458932791813,0
-89.42,1.042863,32.63,62.91263784010332,0
-117.36,1.044142,32.63,63.12685640834652,0
2.46,1.041583,32.63,62.465990746965666,0
12.45,1.041583,32.65,62.91263784010332,0
21.92,1.0467,32.65,62.91263784010332,0
9.33,1.045421,32.65,63.796551630946325,0
-39.93,1.0467,32.65,62.91263784010332,0
-41.05,1.047979,32.63,62.91263784010332,0
9.35,1.051817,32.63,63.58458932791813,0
31.31,1.0467,32.63,64.96922348312314,0
-21.39,1.037746,32.63,61.45730225123781,0
50.19,1.037746,32.65,54.8270006474912,0
72.17,1.037746,32.65,64.63745044476924,0
88.06,1.032629,32.65,61.74949392505172,0
53.97,0.984021,32.65,60.71243694664216,0
-290.24,0.977625,32.65,72.89718787443039,0
137.69,1.001929,32.65,65.85590330410783,0
-83.94,1.026233,32.65,63.02380502635492,0
51.67,1.018558,32.65,62.849025449882674,0
288.07,1.037746,32.65,63.58458932791813,0
-659.9,1.044142,32.65,62.617888817813075,0
100.26,1.037746,32.65,58.489315263559035,0
167.55,1.041583,32.65,62.65780079128216,0
27.65,1.045421,32.63,61.91930232165088,0
46.67,1.044142,32.63,64.48255578061404,0
-19.03,1.044142,32.63,62.625873247404705,0
-116.49,1.0467,32.63,62.26556030423239,0
4.01,1.0467,32.61,63.53739056650029,0
31.14,1.053096,32.61,62.625873247404705,0
-105.39,1.050538,32.61,63.0,0
40.11,1.053096,32.61,62.8410693734599,0
94.28,1.050538,32.61,63.53739056650029,0
-29.82,1.053096,32.61,63.4428877022476,0
-44.89,1.044142,32.61,64.51356446515724,0
4.66,1.045421,32.61,62.13694553162394,0
-75.12,1.045421,32.63,63.03967004989794,0
-33.57,1.044142,32.63,63.26926584053272,0
140.95,1.042863,32.63,63.51377803280167,0
-87.8,1.037746,32.63,62.74551776820397,0
-18.27,1.036467,32.63,62.68173577685928,0
-2.56,1.032629,32.63,62.3377895020348,0
34.4,1.033908,32.63,62.68173577685928,0
33.45,1.027513,32.63,62.68173577685928,0
-26.51,1.027513,32.61,62.369864518050704,0
49.74,1.023675,32.61,63.26926584053272,0
8.28,1.030071,32.61,63.26926584053272,0
-61.63,1.030071,32.61,63.26926584053272,0
-44.39,1.03135,32.65,63.26926584053272,0
-9.58,1.033908,32.65,63.26926584053272,0
-22.5,1.036467,32.65,63.26926584053272,0
24.62,1.036467,32.65,63.26926584053272,0
-5.55,1.035188,32.63,62.369864518050704,0
-10.98,1.040304,32.63,63.63961030678928,0
18.8,1.032629,32.63,63.26926584053272,0
3.42,1.032629,32.63,63.26926584053272,0
-32.44,1.026233,32.65,62.369864518050704,0
16.12,1.03135,32.65,62.369864518050704,0
-3.11,1.026233,32.65,62.369864518050704,0
-36.12,1.024954,32.65,63.26926584053272,0
25.91,1.023675,32.66,63.15853069855251,0
16.64,1.021117,32.66,63.51377803280167,0
-21.78,1.012162,32.66,63.51377803280167,0
30.3,1.017279,32.66,62.617888817813075,0
29.5,1.017279,32.65,63.63961030678928,0
-20.49,1.016,32.65,63.13477647065839,0
1.07,1.018558,32.65,62.617888817813075,0
5.12,1.014721,32.65,62.74551776820397,0
-20.51,1.018558,32.66,62.74551776820397,0
12.47,1.022396,32.66,62.617888817813075,0
4.67,1.018558,32.66,62.617888817813075,0
-32.06,1.021117,32.66,62.74551776820397,0
26.59,1.019837,32.66,63.63961030678928,0
23.9,1.021117,32.66,62.99206299209449,0
-32.12,1.018558,32.66,62.74551776820397,0
30.88,1.021117,32.66,62.99206299209449,0
33.12,1.018558,32.68,62.99206299209449,0
-22.15,1.022396,32.68,63.88270501473775,0
31.88,1.014721,32.68,62.99206299209449,0
30.4,1.016,32.68,63.26926584053272,0
-3.42,1.013442,32.66,63.03967004989794,0
-49.01,1.010883,32.66,62.68173577685928,0
55.75,1.010883,32.66,66.6783323126786,0
119.38,1.008325,32.66,79.12648102879339,0
75.14,1.012162,32.66,53.99073994677235,0
-138.11,1.008325,32.66,68.30812543175226,0
-73.13,1.022396,32.66,63.03967004989794,0
-240.98,1.032629,32.66,65.22269543648132,0
230.53,1.035188,32.66,62.68173577685928,0
174.27,1.023675,32.66,63.35613624582863,0
9.5,1.024954,32.66,62.68173577685928,0
-122.24,1.026233,32.66,63.166446789415026,0
-50.04,1.027513,32.66,65.03076195155643,0
145.6,1.033908,32.66,63.324560795950255,0
-42.61,1.036467,32.66,62.56996084384263,0
-107.54,1.040304,32.66,64.69157595854347,0
27.7,1.041583,32.66,63.92182725798755,0
-9.67,1.047979,32.66,63.89835678638379,0
59.65,1.045421,32.66,63.92182725798755,0
-3.72,1.042863,32.66,61.91122676865643,0
-122.53,1.041583,32.66,65.71149062378664,0
44.23,1.0467,32.66,50.00999900019995,0
53.95,1.028792,32.66,67.58698099486321,0
79.68,1.026233,32.66,64.18722614352485,0
-24.71,1.033908,32.65,63.182275995725256,0
35.72,1.030071,32.65,62.82515419798029,0
24.91,1.024954,32.65,63.41135544995076,0
-122.08,1.019837,32.65,62.297672508690084,0
116.94,1.018558,32.65,62.90468980926621,0
-77.76,1.014721,32.65,63.41135544995076,0
-43.26,1.016,32.65,62.82515419798029,0
9.99,1.003208,32.65,62.51399843235114,0
2.77,1.013442,32.68,62.82515419798029,0
-22.34,1.010883,32.68,63.58458932791813,0
19.54,1.008325,32.68,63.53739056650029,0
24.47,1.010883,32.68,62.26556030423239,0
-23.68,1.007046,32.66,63.198101237299845,0
62.65,1.007046,32.66,63.41135544995076,0
61.3,1.004487,32.66,63.03967004989794,0
-84.11,1.007046,32.66,63.03967004989794,0
-138.98,1.003208,32.68,63.41135544995076,0
-5.39,1.007046,32.68,63.03967004989794,0
-35.64,1.00065,32.68,63.03967004989794,0
37.22,1.00065,32.68,63.41135544995076,0
34.53,1.00065,32.66,62.51399843235114,0
-34.01,1.00065,32.66,63.41135544995076,0
41.67,0.999371,32.66,63.41135544995076,0
43.18,0.996812,32.66,63.41135544995076,0
-16.41,0.998092,32.68,63.13477647065839,0
5.54,0.999371,32.68,62.625873247404705,0
46.49,0.999371,32.68,62.68971207462992,0
24.78,0.991696,32.68,63.58458932791813,0
9.73,0.996812,32.66,63.387695966961914,0
112.36,0.994254,32.66,63.58458932791813,0
-91.75,0.994254,32.66,62.489999199871974,0
-4.89,0.994254,32.66,62.489999199871974,0
-36.56,0.992975,32.68,63.387695966961914,0
12.58,0.996812,32.68,62.489999199871974,0
-2.55,0.994254,32.68,63.387695966961914,0
-39.81,0.998092,32.68,63.58458932791813,0
30.92,0.998092,32.66,63.53739056650029,0
25.96,1.004487,32.66,63.182275995725256,0
1.04,0.991696,32.66,63.182275995725256,0
118.68,0.998092,32.66,63.53739056650029,0
44.74,0.996812,32.68,62.26556030423239,0
-65.14,0.996812,32.68,62.625873247404705,0
6.72,0.998092,32.68,62.82515419798029,0
-145.55,0.998092,32.68,62.625873247404705,0
-108.32,0.998092,32.71,62.625873247404705,0
-81.48,0.994254,32.71,62.625873247404705,0
49.84,0.995533,32.71,63.0,0
57.18,0.991696,32.71,63.0,0
11.55,0.994254,32.68,62.625873247404705,0
-51.54,0.991696,32.68,62.625873247404705,0
31.89,0.992975,32.68,62.625873247404705,0
28.37,0.987858,32.68,63.0,0
-28.88,0.992975,32.71,63.733821476512766,0
48.76,0.992975,32.71,62.82515419798029,0
28.87,0.991696,32.71,62.82515419798029,0
-35.4,0.990416,32.71,62.465990746965666,0
57.5,0.986579,32.71,62.465990746965666,0
121.23,0.990416,32.71,63.03967004989794,0
25.42,0.9853,32.71,63.03967004989794,0
19.92,0.989137,32.71,63.41135544995076,0
-45.97,0.986579,32.68,62.24949798994366,0
-176.34,0.989137,32.68,62.90468980926621,0
-49.52,0.982741,32.68,63.13477647065839,0
40.47,0.987858,32.68,62.90468980926621,0
-4.33,0.986579,32.68,63.53739056650029,0
39.89,0.986579,32.68,62.90468980926621,0
47.9,0.986579,32.68,62.90468980926621,0
19.03,0.982741,32.68,63.13477647065839,0
-37.03,0.9853,32.71,62.74551776820397,0
29.14,0.980183,32.71,63.63961030678928,0
18.62,0.986579,32.71,62.74551776820397,0
-16.75,0.9853,32.71,63.63961030678928,0
32.67,0.984021,32.68,62.74551776820397,0
15.88,0.980183,32.68,63.03967004989794,0
-12.71,0.980183,32.68,62.51399843235114,0
16.54,0.980183,32.68,63.03967004989794,0
17.98,0.978904,32.71,62.51399843235114,0
-22.29,0.982741,32.71,63.03967004989794,0
-41.15,0.975066,32.71,63.26926584053272,0
-2.65,0.981462,32.71,63.26926584053272,0
47.44,0.981462,32.68,63.03967004989794,0
2.09,0.981462,32.68,63.26926584053272,0
8.07,0.980183,32.68,63.26926584053272,0
7.55,0.977625,32.68,63.41135544995076,0
-30.41,0.976346,32.68,63.03967004989794,0
29.52,0.977625,32.68,63.41135544995076,0
23.54,0.978904,32.68,63.41135544995076,0
-10.49,0.977625,32.68,63.03967004989794,0
-28.68,0.980183,32.68,63.03967004989794,0
5.19,0.978904,32.68,62.13694553162394,0
-0.67,0.978904,32.68,62.41794613730894,0
-17.88,0.980183,32.68,43.86342439892262,0
47.17,0.984021,32.68,69.13031173081747,0
113.23,0.989137,32.68,65.58200972827838,0
-119.16,0.975066,32.68,62.01612693485461,0
-142.45,0.96995,32.68,63.56886030125127,0
71.38,0.976346,32.68,62.65780079128216,0
-118.58,0.981462,32.68,63.92182725798755,0
-73.07,0.981462,32.68,63.30876716537765,0
-16.53,0.984021,32.68,65.45991139621256,0
-42.26,0.986579,32.65,62.93647591023825,0
19.43,0.9853,32.65,61.61980201201558,0
20.74,0.984021,32.65,64.19501538281614,0
-85.01,0.984021,32.65,62.99206299209449,0
-5.2,0.982741,32.66,62.20128616033595,0
61.79,0.982741,32.66,63.14269553954757,0
30.43,0.973787,32.66,61.66846844214635,0
-22.5,0.96995,32.66,65.05382386916237,0
-42.86,0.978904,32.65,63.14269553954757,0
-15.88,0.981462,32.65,63.592452382338585,0
95.72,0.976346,32.65,54.8270006474912,0
64.24,0.971229,32.65,74.4983221287567,0
-21.88,0.982741,32.63,53.91660226683428,0
58.49,0.999371,32.63,76.55716818169282,0
79.74,1.001929,32.63,62.96824596572466,0
63.44,0.998092,32.63,62.0,0
254.14,0.996812,32.59,57.697486947006624,0
-96.43,0.989137,32.59,58.7962583843564,0
-204.4,0.963554,32.59,61.82232606429493,0
-227.54,0.981462,32.59,69.4334213473598,0
13.7,0.994254,32.61,62.369864518050704,0
-244.14,1.012162,32.61,73.13002119512889,0
121.01,1.022396,32.61,68.51277253184256,0
189.67,1.030071,32.61,61.22907805936653,0
97.51,1.032629,32.61,63.94528911499267,0
71.39,1.040304,32.61,61.497967446087195,0
144.18,1.036467,32.61,70.78841713161836,0
31.76,1.036467,32.61,43.139309220245984,0
-249.28,1.037746,32.61,68.37397165588672,0
-195.83,1.032629,32.61,65.49045732013177,0
-233.74,1.024954,32.61,61.53048025166064,0
199.87,1.021117,32.61,58.38664230798,0
-114.6,1.021117,32.65,73.97296803562772,0
9.27,1.021117,32.65,61.95159400693416,0
71.53,1.017279,32.65,62.52999280345393,0
100.82,1.017279,32.65,62.80127387243033,0
-68.53,1.014721,32.61,62.80127387243033,0
62.41,1.013442,32.61,62.80127387243033,0
-44.91,1.010883,32.61,62.68173577685928,0
-55.87,1.007046,32.61,62.26556030423239,0
33.49,1.010883,32.65,62.36184731067546,0
55.94,1.018558,32.65,62.112800613078136,0
70.65,1.017279,32.65,64.28063471995279,0
-81.77,1.022396,32.65,62.49799996799898,0
-60.55,1.027513,32.65,62.49799996799898,0
11.11,1.024954,32.65,62.99206299209449,0
-37.98,1.026233,32.65,62.36184731067546,0
47.23,1.026233,32.65,62.49799996799898,0
16.7,1.022396,32.65,62.49799996799898,0
-16.36,1.017279,32.65,62.49799996799898,0
23.53,1.013442,32.65,62.36184731067546,0
-5.11,1.014721,32.65,62.36184731067546,0
45.07,1.013442,32.65,62.36184731067546,0
19.87,1.012162,32.65,62.36184731067546,0
-14.32,1.010883,32.65,62.36184731067546,0
31.41,1.008325,32.65,62.36184731067546,0
5.02,1.007046,32.65,62.36184731067546,0
-19.63,1.008325,32.65,62.36184731067546,0
21.45,1.003208,32.65,62.36184731067546,0
1.82,1.004487,32.65,62.49799996799898,0
-21.63,1.001929,32.65,62.49799996799898,0
20.33,0.998092,32.65,62.36184731067546,0
0.51,0.999371,32.65,62.36184731067546,0
-23.41,0.999371,32.65,62.36184731067546,0
31.13,0.995533,32.63,62.36184731067546,0
6.62,0.999371,32.63,62.36184731067546,0
-22.96,0.995533,32.63,62.36184731067546,0
4.73,0.996812,32.63,62.36184731067546,0
-16.77,0.989137,32.66,63.13477647065839,0
1.98,0.999371,32.66,63.13477647065839,0
-14.26,0.996812,32.66,62.36184731067546,0
-44.41,0.998092,32.66,62.36184731067546,0
25.84,0.994254,32.66,62.8728876384726,0
0.67,1.004487,32.66,62.68173577685928,0
-21.16,1.108101,32.66,60.868711174132805,0
-5.0,1.108101,32.66,67.89698078707183,0
-62.39,1.095309,32.66,65.28399497579785,0
91.2,1.076121,32.66,62.81719509815764,0
131.56,1.0467,32.66,61.1310068623117,0
-54.7,1.03135,32.66,73.2666363360568,0
22.32,1.026233,32.68,68.51277253184256,0
-100.68,1.016,32.68,54.286278192559855,0
38.39,1.017279,32.68,65.12296062065974,0
37.45,0.986579,32.68,51.419840528729765,0
12.72,0.95332,32.71,67.32013071882734,0
154.3,0.967391,32.71,55.767373974394744,0
564.82,1.023675,32.71,76.48529270389177,0
-502.31,1.024954,32.71,62.91263784010332,0
-296.11,1.035188,32.68,64.73020933072904,0
-72.4,1.036467,32.68,67.3721010508059,0
-70.47,1.032629,32.68,64.20280367709809,0
99.21,1.044142,32.68,57.113921245174545,0
190.14,1.028792,32.68,77.33692520394123,0
-153.65,1.036467,32.68,61.82232606429493,0
-37.58,0.999371,32.68,63.190189111918315,0
-165.9,0.994254,32.68,69.06518659932803,0
29.2,1.001929,32.66,53.823786563191554,0
-63.52,1.001929,32.66,74.57881736793632,0
55.86,0.989137,32.66,61.09009739720506,0
254.04,0.996812,32.66,63.3798075099633,0
-167.27,1.007046,32.66,60.860496218811754,0
-44.13,1.012162,32.66,62.8410693734599,0
26.6,1.013442,32.66,63.773035054010094,0
-30.19,1.012162,32.66,63.54525946126902,0
-56.39,1.010883,32.65,63.773035054010094,0
-29.98,1.001929,32.65,61.26989472816156,0
10.19,1.008325,32.65,64.50581369148055,0
4.06,1.005767,32.65,64.10928169929842,0
17.15,1.010883,32.66,64.50581369148055,0
43.13,1.008325,32.66,60.73713855624086,0
3.77,1.008325,32.66,63.05553108173778,0
2.27,0.999371,32.66,65.42935121182236,0
6.38,1.021117,32.66,60.909769331364245,0
32.31,1.010883,32.66,65.63535632568775,0
-79.35,1.005767,32.66,57.34980383575867,0
137.47,1.001929,32.66,58.42088667591412,0
10.44,0.994254,32.66,60.860496218811754,0
-26.67,0.999371,32.66,63.57672530100933,0
49.79,0.999371,32.66,65.07687761409578,0
141.99,1.008325,32.66,62.369864518050704,0
-220.69,1.008325,32.66,62.67375846396959,0
-149.29,1.007046,32.66,63.63961030678928,0
-109.17,1.00065,32.66,63.35613624582863,0
178.47,1.003208,32.66,63.13477647065839,0
170.13,0.999371,32.66,62.76941930590086,0
15.26,1.00065,32.66,63.39558344238185,0
-92.01,0.992975,32.66,62.16912416947821,0
50.06,0.987858,32.66,64.319514923544,0
-51.6,0.981462,32.66,62.69768735766894,0
39.93,0.980183,32.66,64.1482657598785,0
22.03,0.980183,32.66,62.465990746965666,0
-103.21,0.981462,32.66,62.20128616033595,0
116.03,0.984021,32.63,63.20601237224193,0
-88.76,0.986579,32.63,62.72160712226688,0
-0.51,0.9853,32.63,63.166446789415026,0
69.9,0.981462,32.63,63.166446789415026,0
101.14,0.981462,32.61,63.166446789415026,0
-67.69,0.978904,32.61,62.297672508690084,0
16.07,0.973787,32.61,62.80127387243033,0
14.61,0.976346,32.61,63.31666447310692,0
-25.01,0.975066,32.61,63.31666447310692,0
35.82,0.972508,32.61,62.80127387243033,0
-22.41,0.971229,32.61,63.31666447310692,0
22.95,0.96995,32.61,62.68173577685928,0
8.4,0.96995,32.61,62.65780079128216,0
-25.49,0.96867,32.61,63.166446789415026,0
28.78,0.96867,32.61,63.66317616958802,0
18.84,0.966112,32.61,63.166446789415026,0
-40.97,0.967391,32.61,63.66317616958802,0
17.41,0.957158,32.61,63.166446789415026,0
3.37,0.96867,32.61,62.80127387243033,0
6.22,0.966112,32.61,62.297672508690084,0
6.94,0.963554,32.59,63.166446789415026,0
-20.21,0.964833,32.59,62.80127387243033,0
24.43,0.964833,32.59,62.297672508690084,0
8.17,0.964833,32.59,63.66317616958802,0
-26.4,0.963554,32.57,62.297672508690084,0
11.45,0.967391,32.57,62.297672508690084,0
-1.01,0.962275,32.57,63.66317616958802,0
5.86,0.962275,32.57,62.68173577685928,0
-6.74,0.9546,32.57,62.68173577685928,0
-22.21,0.963554,32.57,63.166446789415026,0
22.9,0.957158,32.57,62.80127387243033,0
-0.09,0.958437,32.57,62.297672508690084,0
-20.13,0.957158,32.57,62.80127387243033,0
13.62,0.957158,32.57,62.297672508690084,0
-5.78,0.957158,32.57,62.80127387243033,0
23.16,0.957158,32.57,62.80127387243033,0
-0.13,0.958437,32.57,62.80127387243033,0
-39.48,0.9546,32.57,62.80127387243033,0
11.56,0.955879,32.57,62.80127387243033,0
-7.52,0.952041,32.57,62.80127387243033,0
-0.05,0.9546,32.55,62.80127387243033,0
5.91,0.9546,32.55,62.80127387243033,0
-13.78,0.95332,32.55,62.80127387243033,0
27.19,0.949483,32.55,62.80127387243033,0
8.11,0.952041,32.53,62.80127387243033,0
-19.95,0.950762,32.53,62.80127387243033,0
25.08,0.940529,32.53,63.31666447310692,0
8.46,0.948204,32.53,63.31666447310692,0
-18.1,0.943087,32.55,62.80127387243033,0
11.05,0.948204,32.55,62.80127387243033,0
12.87,0.939249,32.55,62.297672508690084,0
-24.47,0.944366,32.55,62.80127387243033,0
6.83,0.941808,32.53,62.27358990776106,0
-26.56,0.944366,32.53,62.77738446287803,0
5.29,0.941808,32.53,62.77738446287803,0
-2.39,0.945645,32.53,62.77738446287803,0
3.56,0.945645,32.53,62.77738446287803,0
-3.34,0.952041,32.53,61.78187436457395,0
-26.72,0.95332,32.53,62.77738446287803,0
18.55,0.952041,32.53,63.166446789415026,0
-3.98,0.95332,32.53,62.297672508690084,0
16.76,0.950762,32.53,63.14269553954757,0
0.08,0.950762,32.53,63.66317616958802,0
-13.18,0.948204,32.53,62.297672508690084,0
24.72,0.948204,32.5,63.29296959378664,0
11.99,0.944366,32.5,62.65780079128216,0
-16.39,0.944366,32.5,62.297672508690084,0
18.79,0.940529,32.5,63.31666447310692,0
-2.45,0.943087,32.5,63.66317616958802,0
-11.52,0.940529,32.5,63.14269553954757,0
4.61,0.940529,32.5,63.166446789415026,0
37.57,0.936691,32.5,63.166446789415026,0
-12.4,0.935412,32.53,62.27358990776106,0
8.55,0.93797,32.53,63.66317616958802,0
4.61,0.939249,32.53,63.166446789415026,0
-9.54,0.939249,32.53,63.88270501473775,0
20.53,0.940529,32.5,63.31666447310692,0
0.32,0.940529,32.5,62.80127387243033,0
-24.49,0.939249,32.5,62.27358990776106,0
-7.68,0.93797,32.5,62.27358990776106,0
15.7,0.93797,32.5,63.14269553954757,0
-0.31,0.93797,32.5,62.27358990776106,0
9.5,0.934133,32.5,62.27358990776106,0
-4.63,0.934133,32.5,63.14269553954757,0
11.44,0.934133,32.5,62.65780079128216,0
-7.38,0.935412,32.5,63.14269553954757,0
-31.33,0.932854,32.5,63.14269553954757,0
21.71,0.932854,32.5,63.14269553954757,0
-8.14,0.923899,32.49,62.65780079128216,0
-9.03,0.931574,32.49,62.65780079128216,0
12.22,0.929016,32.49,62.72160712226688,0
-8.22,0.927737,32.49,63.13477647065839,0
0.79,0.926458,32.47,63.13477647065839,0
2.19,0.923899,32.47,62.68173577685928,0
-11.74,0.920062,32.47,63.13477647065839,0
-43.06,0.92262,32.47,63.13477647065839,0
32.38,0.923899,32.47,63.095166217389426,0
-0.36,0.921341,32.47,63.13477647065839,0
-19.95,0.926458,32.47,62.20128616033595,0
19.21,0.923899,32.47,62.6418390534633,0
-18.11,0.925179,32.45,62.80127387243033,0
-23.03,0.926458,32.45,63.52164985262898,0
21.67,0.92262,32.45,62.77738446287803,0
-3.93,0.92262,32.45,63.0,0
-20.66,0.921341,32.45,64.20280367709809,0
0.45,0.921341,32.45,63.13477647065839,0
18.1,0.926458,32.45,62.68173577685928,0
-57.92,0.923899,32.45,63.190189111918315,0
21.13,0.923899,32.45,63.190189111918315,0
32.84,0.925179,32.45,63.190189111918315,0
58.17,0.923899,32.45,62.297672508690084,0
28.39,0.923899,32.45,62.297672508690084,0
-3.65,0.92262,32.43,63.198101237299845,0
-15.24,0.927737,32.43,63.198101237299845,0
-5.37,0.92262,32.43,63.198101237299845,0
5.29,0.923899,32.43,62.77738446287803,0
-9.51,0.918783,32.43,63.198101237299845,0
-12.5,0.92262,32.43,63.198101237299845,0
0.88,0.92262,32.43,62.77738446287803,0
1.37,0.920062,32.43,62.77738446287803,0
-24.62,0.92262,32.41,62.77738446287803,0
0.09,0.92262,32.41,62.77738446287803,0
1.16,0.921341,32.41,62.72160712226688,0
-8.19,0.912387,32.41,62.77738446287803,0
5.83,0.918783,32.41,62.72160712226688,0
-1.57,0.917503,32.41,62.72160712226688,0
-25.74,0.90727,32.41,62.72160712226688,0
10.23,0.911108,32.41,62.72160712226688,0
-0.21,0.912387,32.41,63.14269553954757,0
-24.49,0.913666,32.41,63.14269553954757,0
17.56,0.911108,32.41,62.72160712226688,0
-8.26,0.912387,32.41,63.14269553954757,0
-30.85,0.909828,32.41,62.72160712226688,0
15.64,0.908549,32.41,63.14269553954757,0
7.49,0.911108,32.41,62.72160712226688,0
-25.44,0.911108,32.41,62.72160712226688,0
20.5,0.909828,32.37,62.72160712226688,0
15.41,0.909828,32.37,62.72160712226688,0
-21.77,0.908549,32.37,62.72160712226688,0
19.4,0.908549,32.37,62.72160712226688,0
1.96,0.90727,32.41,62.72160712226688,0
-30.56,0.908549,32.41,62.72160712226688,0
1.15,0.90727,32.41,62.72160712226688,0
-6.82,0.90727,32.41,62.72160712226688,0
3.41,0.905991,32.39,62.72160712226688,0
8.01,0.908549,32.39,62.72160712226688,0
-13.9,0.90727,32.39,63.14269553954757,0
24.67,0.90727,32.39,62.68173577685928,0
3.32,0.904712,32.39,63.14269553954757,0
-21.17,0.904712,32.39,63.14269553954757,0
16.22,0.900874,32.39,63.14269553954757,0
12.15,0.905991,32.39,62.72160712226688,0
-14.26,0.905991,32.39,63.14269553954757,0
14.0,0.904712,32.39,62.72160712226688,0
8.47,0.904712,32.39,63.14269553954757,0
-13.65,0.903433,32.39,62.68173577685928,0
20.26,0.904712,32.41,62.72160712226688,0
12.51,0.902153,32.41,62.72160712226688,0
-19.4,0.903433,32.41,62.72160712226688,0
3.4,0.902153,32.41,62.68173577685928,0
-3.92,0.898316,32.39,62.68173577685928,0
-24.13,0.900874,32.39,62.68173577685928,0
5.4,0.89192,32.39,62.68173577685928,0
6.4,0.899595,32.39,62.68173577685928,0
-22.57,0.897037,32.37,62.68173577685928,0
4.44,0.899595,32.37,62.72160712226688,0
-7.94,0.894478,32.37,62.72160712226688,0
-28.54,0.897037,32.37,62.72160712226688,0
1.02,0.898316,32.39,62.72160712226688,0
-11.52,0.898316,32.39,62.72160712226688,0
-7.28,0.895758,32.39,62.24949798994366,0
27.91,0.890641,32.39,62.72160712226688,0
16.91,0.894478,32.34,62.72160712226688,0
-7.19,0.890641,32.34,63.229739838148944,0
17.05,0.89192,32.34,62.72160712226688,0
9.92,0.890641,32.34,62.313722405261586,0
-16.16,0.89192,32.37,62.72160712226688,0
9.52,0.893199,32.37,62.72160712226688,0
1.07,0.890641,32.37,62.72160712226688,0
-15.45,0.893199,32.37,62.72160712226688,0
13.43,0.89192,32.37,62.68173577685928,0
11.66,0.893199,32.37,63.631753079732135,0
-17.73,0.888083,32.37,62.313722405261586,0
24.87,0.89192,32.37,63.190189111918315,0
2.88,0.888083,32.34,62.27358990776106,0
-23.6,0.89192,32.34,62.27358990776106,0
9.48,0.888083,32.34,62.72160712226688,0
1.71,0.889362,32.34,63.190189111918315,0
0.39,0.888083,32.34,63.229739838148944,0
-11.44,0.890641,32.34,62.313722405261586,0
-30.0,0.890641,32.34,63.631753079732135,0
13.39,0.890641,32.34,62.72160712226688,0
5.07,0.889362,32.34,62.72160712226688,0
-11.63,0.881687,32.34,62.72160712226688,0
23.01,0.886803,32.34,62.313722405261586,0
-0.68,0.885524,32.34,63.229739838148944,0
-24.4,0.886803,32.33,62.72160712226688,0
13.69,0.885524,32.33,62.72160712226688,0
7.43,0.885524,32.33,62.313722405261586,0
-16.52,0.881687,32.33,62.72160712226688,0
12.17,0.885524,32.34,62.72160712226688,0
8.94,0.885524,32.34,63.631753079732135,0
-32.4,0.885524,32.34,62.72160712226688,0
-4.38,0.877849,32.34,62.72160712226688,0
0.21,0.882966,32.31,62.72160712226688,0
-11.85,0.888083,32.31,62.72160712226688,0
17.0,0.877849,32.31,63.14269553954757,0
15.78,0.884245,32.31,62.72160712226688,0
-6.47,0.882966,32.31,62.72160712226688,0
17.92,0.885524,32.31,62.72160712226688,0
7.45,0.881687,32.31,62.72160712226688,0
-19.86,0.882966,32.31,62.72160712226688,0
17.75,0.884245,32.31,62.72160712226688,0
6.84,0.885524,32.31,62.27358990776106,0
-13.42,0.881687,32.31,62.313722405261586,0
11.45,0.879128,32.31,62.72160712226688,0
3.85,0.87657,32.31,62.72160712226688,0
-15.7,0.880407,32.31,62.72160712226688,0
11.22,0.881687,32.31,62.72160712226688,0
-0.17,0.880407,32.31,62.72160712226688,0
-20.2,0.880407,32.31,62.313722405261586,0
21.18,0.877849,32.31,62.72160712226688,0
5.42,0.87657,32.31,62.72160712226688,0
-16.43,0.877849,32.31,63.14269553954757,0
14.42,0.875291,32.33,62.313722405261586,0
5.16,0.874012,32.33,62.313722405261586,0
-27.17,0.868895,32.33,63.631753079732135,0
16.01,0.870174,32.33,62.72160712226688,0
13.88,0.871453,32.29,62.313722405261586,0
-10.19,0.871453,32.29,62.72160712226688,0
41.24,0.870174,32.29,63.631753079732135,0
13.59,0.870174,32.29,63.631753079732135,0
-13.93,0.867616,32.29,62.72160712226688,0
-3.14,0.868895,32.29,62.313722405261586,0
9.44,0.871453,32.29,62.313722405261586,0
-9.2,0.871453,32.29,62.72160712226688,0
-10.03,0.870174,32.31,62.313722405261586,0
3.15,0.874012,32.31,62.72160712226688,0
-6.9,0.872732,32.31,62.72160712226688,0
-8.71,0.874012,32.31,62.313722405261586,0
2.98,0.875291,32.27,62.313722405261586,0
-4.48,0.872732,32.27,62.313722405261586,0
-0.54,0.874012,32.27,62.313722405261586,0
0.81,0.871453,32.27,62.313722405261586,0
-11.08,0.872732,32.27,62.313722405261586,0
14.61,0.874012,32.27,62.313722405261586,0
0.64,0.872732,32.27,63.631753079732135,0
-18.72,0.870174,32.27,62.72160712226688,0
18.22,0.868895,32.29,62.313722405261586,0
0.66,0.871453,32.29,63.631753079732135,0
-9.63,0.87657,32.29,62.8410693734599,0
11.66,0.875291,32.29,63.229739838148944,0
-21.59,0.87657,32.27,62.313722405261586,0
15.02,0.870174,32.27,62.27358990776106,0
8.62,0.87657,32.27,63.229739838148944,0
-28.62,0.875291,32.27,62.313722405261586,0
-2.86,0.875291,32.25,63.631753079732135,0
-11.7,0.87657,32.25,63.229739838148944,0
23.67,0.871453,32.25,63.229739838148944,0
7.4,0.870174,32.25,63.229739838148944,0
-18.19,0.870174,32.27,62.72160712226688,0
20.36,0.870174,32.27,62.313722405261586,0
15.64,0.867616,32.27,63.229739838148944,0
-5.18,0.867616,32.27,63.229739838148944,0
6.99,0.865057,32.27,63.229739838148944,0
11.23,0.868895,32.27,63.631753079732135,0
-10.7,0.866337,32.27,63.631753079732135,0
6.46,0.867616,32.27,63.229739838148944,0
-2.23,0.858661,32.29,63.631753079732135,0
-16.74,0.866337,32.29,63.229739838148944,0
13.04,0.862499,32.29,63.631753079732135,0
-0.78,0.865057,32.29,63.229739838148944,0
-12.02,0.866337,32.27,63.229739838148944,0
14.75,0.865057,32.27,62.8410693734599,0
8.75,0.863778,32.27,61.87891401761993,0
-9.95,0.863778,32.27,62.8410693734599,0
7.15,0.865057,32.25,62.8410693734599,0
0.28,0.865057,32.25,62.8410693734599,0
3.77,0.870174,32.25,62.8410693734599,0
8.42,0.866337,32.25,63.229739838148944,0
15.9,0.866337,32.25,61.91930232165088,0
6.66,0.857382,32.25,62.8410693734599,0
-1.33,0.866337,32.25,63.229739838148944,0
0.69,0.863778,32.25,61.91930232165088,0
-9.78,0.865057,32.25,62.80127387243033,0
-32.13,0.863778,32.25,63.229739838148944,0
7.76,0.852266,32.25,63.229739838148944,0
3.62,0.86122,32.25,63.229739838148944,0
-5.5,0.859941,32.25,63.229739838148944,0
-6.34,0.865057,32.25,63.229739838148944,0
-12.31,0.859941,32.25,63.229739838148944,0
23.77,0.862499,32.25,62.8410693734599,0
0.28,0.858661,32.25,63.229739838148944,0
-13.49,0.863778,32.25,62.8410693734599,0
22.28,0.857382,32.25,61.91930232165088,0
8.59,0.859941,32.25,63.229739838148944,0
-20.8,0.858661,32.27,62.8410693734599,0
15.74,0.858661,32.27,62.80127387243033,0
6.93,0.857382,32.27,62.313722405261586,0
-22.82,0.854824,32.27,63.190189111918315,0
3.02,0.857382,32.23,62.27358990776106,0
-4.69,0.856103,32.23,62.27358990776106,0
-7.41,0.854824,32.23,62.313722405261586,0
15.13,0.852266,32.23,62.72160712226688,0
-9.49,0.858661,32.27,63.14269553954757,0
-10.67,0.858661,32.27,63.103090257134,0
-18.43,0.865057,32.27,63.103090257134,0
-25.35,0.865057,32.27,63.14269553954757,0
31.61,0.866337,32.23,63.14269553954757,0
12.4,0.866337,32.23,62.68173577685928,0
-12.46,0.86122,32.23,63.14269553954757,0
13.4,0.863778,32.23,62.72160712226688,0
15.95,0.862499,32.23,62.72160712226688,0
-1.84,0.86122,32.23,62.68173577685928,0
-4.57,0.854824,32.23,62.68173577685928,0
9.19,0.858661,32.23,63.14269553954757,0
-4.14,0.856103,32.25,63.103090257134,0
17.46,0.86122,32.25,63.14269553954757,0
-1.04,0.857382,32.25,64.95382975621992,0
-41.9,0.86122,32.25,57.56735185849702,0
-2.5,0.867616,32.23,63.03967004989794,0
100.65,0.877849,32.23,61.326992425847855,0
62.4,0.880407,32.23,66.94027188471824,0
55.72,0.882966,32.23,66.46051459325304,0
19.53,0.882966,32.25,58.74521257089806,0
-112.9,0.875291,32.25,49.33558553417604,0
141.9,0.872732,32.25,68.51277253184256,0
-221.34,0.875291,32.25,65.4217089351845,0
-137.45,0.893199,32.18,74.04728219185361,0
-213.09,0.905991,32.18,60.21627686929839,0
332.96,0.948204,32.18,61.47357155721473,0
-13.24,0.962275,32.18,63.72597586541927,0
-156.58,0.972508,32.25,62.64982043070834,0
-304.28,0.976346,32.25,64.9307323229917,0
335.51,0.973787,32.25,58.532042506647585,0
152.1,0.962275,32.25,63.953107821277925,0
-14.75,0.95332,32.25,63.118935352238,0
-94.2,0.95332,32.25,66.83561924602779,0
-97.77,0.946925,32.25,58.966091951222275,0
-52.27,0.945645,32.25,60.51446108162907,0
-0.66,0.943087,32.23,58.966091951222275,0
87.1,0.948204,32.23,63.58458932791813,0
49.39,0.944366,32.23,65.33758489567853,0
51.49,0.936691,32.23,63.15853069855251,0
48.05,0.927737,32.21,63.33245613427605,0
-35.86,0.925179,32.21,64.20280367709809,0
-177.42,0.929016,32.21,51.778373863998475,0
152.07,0.926458,32.21,76.75936424958195,0
58.55,0.934133,32.25,87.76103919165953,0
123.42,0.936691,32.25,62.42595614005443,0
-40.78,0.93797,32.25,64.01562309311689,0
-54.58,0.93797,32.25,63.13477647065839,0
-87.51,0.940529,32.25,63.14269553954757,0
-337.51,0.936691,32.25,63.35613624582863,0
153.84,0.940529,32.25,64.1248781675256,0
167.96,0.941808,32.25,64.35837163881635,0
-113.55,0.945645,32.25,62.39390995922599,0
-28.19,0.948204,32.25,62.01612693485461,0
-59.01,0.949483,32.25,62.37788069500277,0
18.8,0.949483,32.25,62.01612693485461,0
99.61,0.950762,32.29,63.03967004989794,0
32.47,0.945645,32.29,61.465437442517235,0
-60.04,0.9546,32.29,62.13694553162394,0
42.96,0.958437,32.29,62.77738446287803,0
27.36,0.959716,32.27,62.44197306299666,0
0.21,0.959716,32.27,63.75735251718032,0
139.24,0.949483,32.27,63.13477647065839,0
18.19,0.958437,32.27,63.7102817447859,0
-120.58,0.957158,32.29,62.44197306299666,0
-68.91,0.9546,32.29,63.75735251718032,0
-48.68,0.957158,32.29,63.06346010171025,0
269.85,0.957158,32.29,62.81719509815764,0
-152.57,0.955879,32.29,63.14269553954757,0
-51.86,0.966112,32.29,60.55575942881073,0
180.86,0.955879,32.29,63.7102817447859,0
-526.99,0.946925,32.29,59.04235767650204,0
91.02,0.941808,32.31,63.53739056650029,0
491.2,0.943087,32.31,65.46754921333164,0
-271.17,0.948204,32.31,64.03124237432849,0
-241.24,0.946925,32.31,61.68468205316454,0
124.39,0.944366,32.33,63.06346010171025,0
207.72,0.943087,32.33,68.99275324264136,0
-107.37,0.934133,32.33,62.22539674441618,0
-147.07,0.893199,32.33,67.2532527094415,0
11.57,0.872732,32.33,64.1482657598785,0
1.97,0.872732,32.33,67.07458535093602,0
110.77,0.882966,32.33,61.814237842102365,0
755.53,0.890641,32.33,64.28841264178172,0
-472.08,0.899595,32.33,69.17369442208505,0
-212.53,0.902153,32.33,133.33791658789335,0
63.32,0.925179,32.33,62.6418390534633,0
53.29,0.925179,32.33,66.85057965343307,0
24.41,0.935412,32.31,60.06662967072483,0
-60.29,0.920062,32.31,61.34329629226001,0
126.07,0.916224,32.31,68.01470429252781,0
22.61,0.916224,32.31,63.788713735268246,0
38.59,0.911108,32.33,63.2771680782255,0
-10.23,0.912387,32.33,61.91930232165088,0
12.95,0.908549,32.33,63.103090257134,0
21.59,0.913666,32.33,62.297672508690084,0
7.97,0.927737,32.31,67.72001181334805,0
-17.18,0.936691,32.31,61.514225996918796,0
-7.31,0.930295,32.31,58.532042506647585,0
-2.12,0.929016,32.31,67.05221845696084,0
-100.1,0.923899,32.33,65.1766829472013,0
110.09,0.920062,32.33,63.41135544995076,0
12.93,0.916224,32.33,75.33923280734945,0
71.24,0.913666,32.33,57.175169435691224,0
-6.47,0.903433,32.33,61.652250567193406,0
-119.96,0.897037,32.33,71.11961754677819,0
-49.25,0.902153,32.33,52.01922721455981,0
165.33,0.902153,32.33,62.82515419798029,0
141.64,0.899595,32.31,55.52476924760696,0
65.86,0.894478,32.31,67.05221845696084,0
52.58,0.902153,32.31,64.91532946846992,0
-89.85,0.90727,32.31,63.796551630946325,0
69.62,0.909828,32.33,55.90169943749474,0
-41.09,0.914945,32.33,56.60388679233962,0
-67.17,0.918783,32.33,50.724747411889595,0
124.3,0.921341,32.33,73.79024325749306,0
-157.13,0.921341,32.33,59.70762095411272,0
-170.91,0.923899,32.33,57.358521598799946,0
230.77,0.908549,32.33,58.12056434688156,0
-23.09,0.908549,32.33,62.177166226839255,0
-210.87,0.898316,32.33,63.608175575157006,0
31.54,0.908549,32.33,64.06246951218786,0
-29.6,0.903433,32.33,67.20863039818622,0
-405.48,0.899595,32.33,63.788713735268246,0
370.32,0.888083,32.34,60.597029630172464,0
-104.26,0.897037,32.34,69.46221994724903,0
-845.39,0.889362,32.34,61.106464469808756,0
723.88,0.874012,32.34,66.332495807108,0
390.81,0.886803,32.33,58.81326381013045,0
191.9,0.870174,32.33,64.1404708432983,0
131.81,0.877849,32.33,62.048368229954285,0
-186.57,0.879128,32.33,66.0,0
-256.28,0.884245,32.37,62.71363488110062,0
169.33,0.879128,32.37,62.5859409132754,0
111.13,0.881687,32.37,63.592452382338585,0
-62.39,0.87657,32.37,61.91930232165088,0
-202.79,0.879128,32.33,65.33758489567853,0
84.34,0.870174,32.33,62.20128616033595,0
51.94,0.872732,32.33,62.056425936400814,0
101.12,0.875291,32.33,75.35250493513803,0
331.59,0.882966,32.37,51.12729212465687,0
-279.82,0.888083,32.37,60.81118318204309,0
-280.14,0.87657,32.37,63.35613624582863,0
106.51,0.897037,32.37,64.63745044476924,0
-120.35,0.904712,32.34,63.796551630946325,0
156.56,0.898316,32.34,63.20601237224193,0
-56.49,0.888083,32.34,63.03967004989794,0
-195.69,0.886803,32.34,63.72597586541927,0
299.37,0.882966,32.37,70.16409338115899,0
-70.79,0.877849,32.37,57.01754116059373,0
-208.02,0.885524,32.37,61.47357155721473,0
-240.57,0.897037,32.37,66.83561924602779,0
-119.53,0.884245,32.39,66.40783086353596,0
240.94,0.884245,32.39,62.20932405998316,0
-62.35,0.882966,32.39,61.497967446087195,0
-143.75,0.897037,32.39,64.48255578061404,0
286.99,0.897037,32.37,63.35613624582863,0
127.25,0.898316,32.37,64.6297145282261,0
-39.98,0.895758,32.37,57.8013840664737,0
-119.53,0.890641,32.37,60.61352984276695,0
34.2,0.893199,32.34,70.09279563550022,0
24.35,0.903433,32.34,59.58187643906493,0
39.35,0.903433,32.34,63.324560795950255,0
42.81,0.899595,32.34,63.8200595424354,0
154.84,0.894478,32.34,64.31174076325411,0
-236.74,0.897037,32.34,64.45928947793328,0
-112.4,0.897037,32.34,63.53739056650029,0
-10.5,0.894478,32.34,59.53990258641679,0
46.35,0.895758,32.37,65.36818798161687,0
41.28,0.897037,32.37,55.44366510251645,0
-28.54,0.897037,32.37,63.0158710167526,0
57.54,0.885524,32.37,62.161081071680215,0
38.81,0.89192,32.39,66.64082832618455,0
-35.23,0.890641,32.39,62.5859409132754,0
106.06,0.889362,32.39,61.66036003787198,0
3.82,0.890641,32.39,62.88083968904996,0
-57.86,0.89192,32.37,64.16385275215322,0
38.22,0.890641,32.37,64.41273166075166,0
18.69,0.889362,32.37,58.32666628567074,0
-7.29,0.89192,32.37,61.603571325045756,0
-33.13,0.853545,32.37,71.28113354878694,0
65.21,0.844591,32.37,57.94825277780168,0
-89.03,0.871453,32.37,66.21933252457322,0
-234.81,0.890641,32.37,62.24146527838174,0
161.72,0.888083,32.39,65.7419196555744,0
262.72,0.898316,32.39,64.94613152451807,0
110.04,0.89192,32.39,62.68173577685928,0
-200.58,0.899595,32.39,64.06246951218786,0
-30.54,0.898316,32.37,64.57553716385176,0
77.2,0.894478,32.37,56.7626637852735,0
-89.77,0.879128,32.37,69.98571282769076,0
-90.56,0.863778,32.37,65.62011886609167,0
-51.72,0.865057,32.37,62.177166226839255,0
-302.48,0.872732,32.37,78.7210264160726,0
321.51,0.87657,32.37,58.172158288995945,0
212.91,0.870174,32.37,61.7980582219215,0
-103.14,0.858661,32.37,63.90618123468183,0
-33.14,0.848428,32.37,63.608175575157006,0
115.68,0.849707,32.37,66.29479617586888,0
7.52,0.849707,32.37,67.7421582177598,0
-77.41,0.852266,32.41,65.67343450741707,0
71.26,0.853545,32.41,62.68173577685928,0
-10.97,0.850986,32.41,61.69278726074872,0
-5.55,0.853545,32.41,67.2532527094415,0
16.26,0.853545,32.39,61.18823416311342,0
-89.79,0.856103,32.39,58.966091951222275,0
-59.73,0.852266,32.39,72.6773692424265,0
123.5,0.853545,32.39,53.86093203798092,0
-44.2,0.858661,32.43,67.72001181334805,0
22.91,0.87657,32.43,67.89698078707183,0
81.34,0.875291,32.43,62.96824596572466,0
-48.05,0.881687,32.43,65.07687761409578,0
97.52,0.87657,32.39,62.03224967708329,0
-17.06,0.880407,32.39,64.8459713474939,0
10.39,0.871453,32.39,62.112800613078136,0
-5.81,0.870174,32.39,63.071388124885914,0
-216.39,0.875291,32.39,66.55073252789934,0
51.41,0.870174,32.39,63.45076831686122,0
142.04,0.872732,32.39,64.53681120105021,0
-52.94,0.871453,32.39,58.89821729050889,0
36.85,0.87657,32.43,64.45153217728807,0
-67.4,0.874012,32.43,62.52199612936234,0
99.26,0.866337,32.43,63.33245613427605,0
99.16,0.871453,32.43,63.51377803280167,0
6.67,0.874012,32.41,63.608175575157006,0
-99.05,0.871453,32.41,64.52906321960671,0
-160.27,0.874012,32.41,64.60650122085238,0
-72.12,0.874012,32.41,62.51399843235114,0
135.85,0.875291,32.41,63.39558344238185,0
115.48,0.877849,32.41,64.50581369148055,0
-10.2,0.874012,32.41,65.22269543648132,0
-10.2,0.871453,32.41,54.71745608121781,0
-4.8,0.868895,32.43,65.92419889539804,0
-117.66,0.858661,32.43,63.37191807101944,0
-82.16,0.843311,32.43,64.87680633323437,0
168.61,0.847149,32.43,61.82232606429493,0
283.19,0.849707,32.43,63.82789358893179,0
155.42,0.86122,32.43,49.49747468305833,0
-12.49,0.86122,32.43,58.557663887829406,0
-390.86,0.858661,32.43,63.702433234531945,0
-192.94,0.857382,32.45,68.42514157822401,0
-113.74,0.857382,32.45,62.49799996799898,0
-162.07,0.856103,32.45,62.90468980926621,0
209.11,0.858661,32.45,61.465437442517235,0
47.68,0.858661,32.41,59.841457201508724,0
-63.23,0.868895,32.41,62.5859409132754,0
-74.28,0.875291,32.41,63.3798075099633,0
77.96,0.877849,32.41,63.05553108173778,0
49.47,0.879128,32.41,62.24146527838174,0
-89.06,0.87657,32.41,63.13477647065839,0
90.01,0.875291,32.41,64.42049363362563,0
9.84,0.871453,32.41,64.57553716385176,0
-133.63,0.868895,32.43,62.94441992742486,0
15.42,0.868895,32.43,63.26926584053272,0
28.38,0.867616,32.43,64.56779382943171,0
-30.85,0.867616,32.43,63.4428877022476,0
35.24,0.870174,32.39,63.4428877022476,0
20.71,0.868895,32.39,63.75735251718032,0
-21.65,0.866337,32.39,63.63961030678928,0
44.12,0.863778,32.39,67.74953874381728,0
32.82,0.863778,32.45,52.43090691567332,0
4.75,0.849707,32.45,64.20280367709809,0
71.82,0.817728,32.45,65.87867636800242,0
38.37,0.816449,32.45,62.297672508690084,0
-132.0,0.831799,32.43,64.68384651518491,0
44.77,0.833078,32.43,62.89674077406555,0
19.54,0.834357,32.43,64.59876159803684,0
50.93,0.833078,32.43,63.788713735268246,0
-128.55,0.83052,32.41,67.90434448545984,0
-46.67,0.827961,32.41,66.04543890383347,0
-32.02,0.822845,32.41,57.9396237474839,0
0.68,0.839474,32.41,64.91532946846992,0
17.53,0.840753,32.39,62.81719509815764,0
-126.63,0.84587,32.39,64.87680633323437,0
-286.79,0.839474,32.39,62.52199612936234,0
131.49,0.843311,32.39,63.190189111918315,0
71.96,0.839474,32.43,62.56196927846821,0
14.08,0.843311,32.43,64.66838485689897,0
26.09,0.835636,32.43,71.28814768248647,0
0.67,0.843311,32.43,60.44832503882965,0
-36.53,0.843311,32.41,58.60034129593445,0
-57.49,0.84587,32.41,56.806689746895124,0
-13.44,0.850986,32.41,59.632206063502295,0
45.03,0.859941,32.41,71.7007670809734,0
-62.44,0.839474,32.39,58.957611891934704,0
68.88,0.817728,32.39,61.71709649683789,0
7.68,0.806215,32.39,62.928530890209096,0
56.39,0.807495,32.39,64.47480127925948,0
60.56,0.822845,32.43,59.447455790807396,0
73.31,0.848428,32.43,66.36264009214823,0
74.49,0.856103,32.43,62.44197306299666,0
41.54,0.852266,32.43,63.85138996137829,0
79.22,0.853545,32.41,59.07622195096772,0
-33.02,0.850986,32.41,63.702433234531945,0
-69.21,0.849707,32.41,63.39558344238185,0
-64.46,0.850986,32.41,63.72597586541927,0
-132.09,0.84587,32.43,62.465990746965666,0
-65.29,0.84587,32.43,62.76145313805282,0
-58.31,0.843311,32.43,61.91930232165088,0
-59.3,0.843311,32.43,63.03967004989794,0
102.33,0.839474,32.45,63.221831672294975,0
22.71,0.842032,32.45,63.229739838148944,0
99.55,0.831799,32.45,61.08191221630181,0
36.82,0.843311,32.45,66.41535966928132,0
-35.82,0.843311,32.45,63.788713735268246,0
118.19,0.84587,32.45,63.34824385884742,0
77.78,0.843311,32.45,63.245553203367585,0
-116.61,0.840753,32.45,64.35060217278468,0
17.63,0.844591,32.43,64.07807737440318,0
168.84,0.843311,32.43,63.40346993658943,0
-168.39,0.84587,32.43,62.63385665915839,0
-73.79,0.844591,32.43,64.389440128021,0
-21.27,0.844591,32.43,61.39218191268331,0
-4.99,0.843311,32.43,64.66065264130884,0
-0.83,0.843311,32.43,61.87891401761993,0
4.48,0.843311,32.43,62.056425936400814,0
131.35,0.844591,32.45,63.63961030678928,0
86.08,0.836915,32.45,63.190189111918315,0
9.15,0.836915,32.45,62.88083968904996,0
-95.23,0.831799,32.45,62.88083968904996,0
-25.63,0.838195,32.45,64.60650122085238,0
-47.33,0.839474,32.45,63.31666447310692,0
-67.89,0.838195,32.45,62.120849961989414,0
35.09,0.839474,32.45,62.49799996799898,0
14.67,0.839474,32.45,63.796551630946325,0
7.68,0.839474,32.45,61.85466837676846,0
-16.82,0.839474,32.45,65.37583651472461,0
5.02,0.838195,32.45,62.10475022089695,0
-7.59,0.834357,32.43,63.03967004989794,0
-42.91,0.835636,32.43,64.72248450113763,0
71.5,0.835636,32.43,65.76473218982953,0
32.13,0.835636,32.43,63.8200595424354,0
-40.88,0.838195,32.45,68.82586723027906,0
-31.93,0.840753,32.45,67.68308503607086,0
-59.56,0.812611,32.45,62.41794613730894,0
8.58,0.816449,32.45,62.96824596572466,0
-27.75,0.812611,32.45,61.644140029689765,0
24.14,0.810053,32.45,64.99230723708769,0
192.24,0.804936,32.45,63.85138996137829,0
-131.89,0.793424,32.45,61.335144900782616,0
82.9,0.793424,32.43,69.18814927427962,0
-22.61,0.804936,32.43,59.67411499134277,0
-24.44,0.808774,32.43,63.90618123468183,0
31.22,0.807495,32.43,63.89835678638379,0
103.7,0.802378,32.43,63.608175575157006,0
315.06,0.781911,32.43,63.56886030125127,0
-242.29,0.774236,32.43,64.96922348312314,0
-348.47,0.779353,32.43,64.47480127925948,0
87.83,0.785749,32.43,63.57672530100933,0
120.44,0.781911,32.43,63.33245613427605,0
244.94,0.792144,32.43,62.64982043070834,0
-84.43,0.771678,32.43,63.03967004989794,0
-15.44,0.766561,32.43,64.20280367709809,0
-80.8,0.76784,32.43,63.52952069707436,0
-116.57,0.766561,32.43,62.64982043070834,0
-25.07,0.76784,32.43,62.56996084384263,0
65.12,0.764003,32.43,62.76145313805282,0
-2.92,0.765282,32.43,63.75735251718032,0
53.31,0.762723,32.43,64.4437739428721,0
31.72,0.765282,32.43,64.1248781675256,0
1.22,0.761444,32.45,61.99193495931547,0
20.81,0.762723,32.45,63.58458932791813,0
-192.52,0.761444,32.45,63.103090257134,0
-14.9,0.764003,32.45,63.733821476512766,0
19.54,0.762723,32.43,62.297672508690084,0
-18.54,0.762723,32.43,64.03124237432849,0
55.73,0.761444,32.43,65.01538279515087,0
57.47,0.744815,32.43,65.62773803811922,0
-15.87,0.743536,32.43,60.53924347066124,0
70.2,0.772957,32.43,64.06246951218786,0
93.07,0.78319,32.43,63.7102817447859,0
-90.41,0.790865,32.43,63.118935352238,0
-62.45,0.792144,32.41,63.0,0
34.91,0.788307,32.41,63.702433234531945,0
64.14,0.788307,32.41,63.631753079732135,0
-66.16,0.780632,32.41,63.72597586541927,0
21.44,0.78319,32.41,63.45076831686122,0
14.9,0.779353,32.41,63.52164985262898,0
13.19,0.780632,32.41,63.03967004989794,0
13.97,0.78319,32.41,63.15853069855251,0
-25.24,0.784469,32.41,63.03967004989794,0
-45.94,0.787028,32.41,61.237243569579455,0
17.33,0.771678,32.41,63.4428877022476,0
22.41,0.781911,32.41,63.7808748764079,0
-2.18,0.776794,32.41,62.71363488110062,0
47.49,0.781911,32.41,63.0,0
3.09,0.774236,32.41,63.60031446463138,0
6.52,0.778073,32.41,63.60031446463138,0
42.05,0.775515,32.41,62.91263784010332,0
-60.56,0.775515,32.41,62.52199612936234,0
-6.4,0.770398,32.41,67.05967491719595,0
-81.3,0.774236,32.41,64.03124237432849,0
11.94,0.780632,32.41,63.914004725099176,0
6.04,0.776794,32.41,62.07253821135398,0
-5.24,0.779353,32.41,64.5600495662759,0
25.96,0.778073,32.41,63.796551630946325,0
24.89,0.789586,32.41,63.43500610861482,0
34.69,0.789586,32.41,63.85922016435841,0
43.36,0.792144,32.41,64.60650122085238,0
-15.82,0.790865,32.41,62.20932405998316,0
11.44,0.792144,32.41,63.8200595424354,0
-52.69,0.788307,32.41,62.321745803531535,0
29.92,0.788307,32.41,62.297672508690084,0
41.08,0.795982,32.41,68.38859554048467,0
58.37,0.801099,32.45,66.61080993352356,0
-332.43,0.79854,32.45,61.13918547053109,0
-7.8,0.794703,32.45,66.61080993352356,0
136.07,0.790865,32.45,60.61352984276695,0
-60.62,0.776794,32.41,63.608175575157006,0
-66.01,0.785749,32.41,58.31809324729333,0
39.1,0.774236,32.41,65.30696746902278,0
-210.22,0.766561,32.41,61.326992425847855,0
109.07,0.766561,32.43,64.41273166075166,0
9.74,0.778073,32.43,63.079315151640635,0
-155.91,0.780632,32.43,62.505999712027645,0
45.14,0.781911,32.43,64.29618962271404,0
80.83,0.781911,32.43,63.50590523722971,0
13.52,0.778073,32.43,63.419239982831705,0
-32.86,0.780632,32.43,63.13477647065839,0
18.65,0.778073,32.43,63.13477647065839,0
26.31,0.781911,32.41,63.13477647065839,0
-16.5,0.78319,32.41,63.190189111918315,0
40.62,0.781911,32.41,63.63961030678928,0
35.41,0.780632,32.41,61.98386886924694,0
-32.54,0.781911,32.41,63.96092557178953,0
32.06,0.78319,32.41,63.13477647065839,0
7.36,0.780632,32.41,63.13477647065839,0
-32.55,0.780632,32.41,63.13477647065839,0
28.67,0.779353,32.41,62.80923498976882,0
13.5,0.779353,32.41,63.13477647065839,0
-45.63,0.781911,32.41,63.13477647065839,0
27.89,0.772957,32.41,63.13477647065839,0
5.61,0.779353,32.43,63.13477647065839,0
-34.89,0.781911,32.43,62.80923498976882,0
29.84,0.778073,32.43,63.60031446463138,0
15.33,0.779353,32.43,63.13477647065839,0
-44.2,0.778073,32.45,63.13477647065839,0
26.11,0.778073,32.45,63.13477647065839,0
10.36,0.774236,32.45,63.60031446463138,0
-28.13,0.774236,32.45,63.60031446463138,0
25.89,0.774236,32.41,63.13477647065839,0
11.24,0.775515,32.41,63.60031446463138,0
-16.88,0.772957,32.41,62.78534860936905,0
20.12,0.774236,32.41,62.78534860936905,0
-0.98,0.772957,32.43,63.60031446463138,0
9.69,0.776794,32.43,63.60031446463138,0
6.87,0.775515,32.43,62.78534860936905,0
2.35,0.778073,32.43,63.60031446463138,0
-14.85,0.776794,32.41,62.78534860936905,0
-28.84,0.779353,32.41,63.2771680782255,0
23.97,0.772957,32.41,63.57672530100933,0
55.87,0.776794,32.41,59.81638571495272,0
-80.01,0.775515,32.43,60.909769331364245,0
-25.68,0.776794,32.43,60.868711174132805,0
79.78,0.778073,32.43,63.41135544995076,0
66.06,0.774236,32.43,64.20280367709809,0
-59.41,0.772957,32.41,62.26556030423239,0
9.22,0.774236,32.41,63.592452382338585,0
-327.42,0.774236,32.41,62.41794613730894,0
-18.44,0.771678,32.41,63.8200595424354,0
238.43,0.772957,32.43,63.48228099241551,0
-80.87,0.770398,32.43,63.30876716537765,0
89.85,0.76784,32.43,61.97580172938467,0
99.31,0.769119,32.43,63.72597586541927,0
-149.09,0.772957,32.43,63.40346993658943,0
-43.58,0.774236,32.43,64.41273166075166,0
68.47,0.771678,32.43,63.57672530100933,0
-76.28,0.772957,32.43,61.1310068623117,0
140.41,0.771678,32.43,62.99206299209449,0
1.57,0.772957,32.43,62.99206299209449,0
-76.42,0.771678,32.43,63.88270501473775,0
66.98,0.772957,32.43,61.85466837676846,0
69.87,0.76784,32.43,62.99206299209449,0
-70.47,0.772957,32.43,62.5939294181153,0
-122.46,0.766561,32.43,62.0966987850401,0
167.23,0.769119,32.43,63.773035054010094,0
144.88,0.76784,32.43,63.35613624582863,0
324.75,0.769119,32.43,61.335144900782616,0
-148.36,0.766561,32.43,63.39558344238185,0
-26.23,0.769119,32.43,63.90618123468183,0
-185.26,0.770398,32.43,63.8200595424354,0
-222.24,0.769119,32.43,62.49799996799898,0
77.1,0.769119,32.43,64.10928169929842,0
34.76,0.765282,32.43,63.079315151640635,0
-18.9,0.769119,32.45,61.66846844214635,0
23.18,0.766561,32.45,64.47480127925948,0
74.06,0.769119,32.45,63.45076831686122,0
-45.34,0.769119,32.45,64.07027391856539,0
-14.73,0.771678,32.43,61.87891401761993,0
8.18,0.769119,32.43,62.8728876384726,0
13.03,0.771678,32.43,63.733821476512766,0
-12.68,0.765282,32.43,63.45864795282043,0
70.95,0.76784,32.43,65.91661399070799,0
44.73,0.765282,32.43,63.071388124885914,0
14.96,0.761444,32.43,60.44832503882965,0
101.5,0.765282,32.43,62.75348595894893,0
30.6,0.765282,32.43,63.079315151640635,0
91.55,0.765282,32.43,65.30696746902278,0
85.29,0.762723,32.43,62.177166226839255,0
-65.61,0.765282,32.43,61.61980201201558,0
-23.81,0.762723,32.45,67.07458535093602,0
-351.28,0.764003,32.45,61.39218191268331,0
-392.8,0.764003,32.45,63.984373092185564,0
51.8,0.758886,32.45,63.96092557178953,0
92.09,0.749932,32.45,64.13267497929586,0
30.46,0.753769,32.45,61.40032573203501,0
166.36,0.756328,32.45,60.572270883631234,0
8.98,0.766561,32.45,60.572270883631234,0
-78.39,0.764003,32.43,62.77738446287803,0
88.07,0.762723,32.43,64.45928947793328,0
125.57,0.762723,32.43,62.94441992742486,0
178.71,0.760165,32.43,63.773035054010094,0
-154.68,0.760165,32.43,63.39558344238185,0
-292.24,0.758886,32.43,66.88049042882386,0
-136.7,0.756328,32.43,60.90155991434045,0
52.37,0.75249,32.43,63.13477647065839,0
147.03,0.751211,32.43,61.75759062657804,0
-27.33,0.756328,32.43,56.73623181001713,0
36.22,0.753769,32.43,78.08969202141856,0
19.93,0.755048,32.43,61.48983655857283,0
43.55,0.75249,32.45,61.04096984812741,0
-145.33,0.76784,32.45,58.111960903070546,0
-18.34,0.766561,32.45,62.8728876384726,0
281.92,0.772957,32.45,63.984373092185564,0
-241.36,0.772957,32.45,65.05382386916237,0
149.38,0.775515,32.45,63.94528911499267,0
46.84,0.774236,32.45,60.76183012385325,0
-61.67,0.771678,32.45,62.433965115151864,0
34.79,0.774236,32.45,63.0,0
37.29,0.776794,32.45,65.5133574166368,0
-7.62,0.774236,32.45,67.11929677819934,0
35.75,0.771678,32.45,63.8200595424354,0
49.69,0.770398,32.45,64.41273166075166,0
79.68,0.766561,32.45,58.58327406350724,0
28.12,0.76784,32.45,51.51698748956503,0
40.58,0.769119,32.45,69.74955196988724,0
39.17,0.769119,32.43,59.14389233048498,0
-36.67,0.762723,32.43,63.071388124885914,0
-81.71,0.758886,32.43,73.62064927722385,0
61.29,0.756328,32.43,55.46169849544819,0
84.94,0.760165,32.43,55.59676249567055,0
-298.31,0.760165,32.43,61.82232606429493,0
-1177.76,0.758886,32.43,80.2745289615579,0
963.02,0.766561,32.43,66.01514977639603,0
372.74,0.772957,32.41,64.87680633323437,0
107.36,0.787028,32.41,63.953107821277925,0
78.43,0.790865,32.41,63.953107821277925,0
-45.49,0.787028,32.41,63.58458932791813,0
320.27,0.787028,32.39,63.33245613427605,0
-9.94,0.792144,32.39,64.31174076325411,0
-384.45,0.790865,32.39,63.2771680782255,0
74.05,0.787028,32.39,63.29296959378664,0
47.6,0.784469,32.41,63.796551630946325,0
80.94,0.78319,32.41,63.88270501473775,0
42.11,0.781911,32.41,68.52736679604726,0
26.29,0.789586,32.41,66.88049042882386,0
97.3,0.789586,32.39,60.74537019394976,0
14.27,0.792144,32.39,66.10597552415364,0
62.1,0.787028,32.39,63.54525946126902,0
-49.86,0.784469,32.39,62.71363488110062,0
-8.83,0.780632,32.39,66.01514977639603,0
35.47,0.785749,32.39,63.48228099241551,0
29.22,0.784469,32.39,60.94259594077036,0
-105.44,0.788307,32.39,64.5600495662759,0
15.79,0.785749,32.37,60.54750201288241,0
3.04,0.78319,32.37,62.177166226839255,0
21.67,0.776794,32.37,62.6418390534633,0
-3.11,0.776794,32.37,62.6418390534633,0
31.86,0.776794,32.37,63.50590523722971,0
21.39,0.779353,32.37,63.14269553954757,0
-44.41,0.771678,32.37,60.07495318350236,0
9.32,0.76784,32.37,65.62011886609167,0
7.14,0.760165,32.39,60.29096117993144,0
84.62,0.772957,32.39,58.93216439263028,0
31.54,0.774236,32.39,62.465990746965666,0
-88.07,0.772957,32.39,63.592452382338585,0
110.59,0.772957,32.39,63.8200595424354,0
8.82,0.770398,32.39,63.8200595424354,0
-210.05,0.772957,32.39,64.10928169929842,0
22.02,0.772957,32.39,62.5939294181153,0
7.72,0.765282,32.37,62.83311228962003,0
37.41,0.766561,32.37,63.182275995725256,0
19.76,0.764003,32.37,63.182275995725256,0
-14.4,0.765282,32.37,63.182275995725256,0
-10.57,0.762723,32.37,63.182275995725256,0
-5.41,0.765282,32.37,63.3798075099633,0
-20.61,0.761444,32.37,63.3798075099633,0
16.79,0.761444,32.37,63.3798075099633,0
-1.17,0.760165,32.39,63.3798075099633,0
-5.73,0.761444,32.39,63.3798075099633,0
8.2,0.755048,32.39,63.3798075099633,0
-13.18,0.761444,32.39,63.3798075099633,0
18.35,0.760165,32.39,63.182275995725256,0
5.69,0.756328,32.39,63.3798075099633,0
-26.9,0.758886,32.39,63.03967004989794,0
16.63,0.755048,32.39,63.96092557178953,0
7.19,0.757607,32.39,63.3798075099633,0
-28.01,0.756328,32.39,63.03967004989794,0
20.35,0.760165,32.39,63.3798075099633,0
17.1,0.755048,32.39,63.03967004989794,0
-36.77,0.756328,32.37,63.03967004989794,0
26.85,0.757607,32.37,63.03967004989794,0
13.25,0.755048,32.37,63.03967004989794,0
-25.21,0.75249,32.37,63.03967004989794,0
25.33,0.751211,32.43,63.03967004989794,0
14.36,0.75249,32.43,63.03967004989794,0
-22.16,0.748652,32.43,63.03967004989794,0
27.72,0.751211,32.43,63.03967004989794,0
10.98,0.749932,32.43,63.03967004989794,0
-16.71,0.751211,32.43,63.3798075099633,0
22.15,0.748652,32.43,63.03967004989794,0
16.06,0.748652,32.43,62.120849961989414,0
-15.35,0.751211,32.41,63.3798075099633,0
4.52,0.751211,32.41,63.03967004989794,0
9.87,0.748652,32.41,63.3798075099633,0
-5.16,0.744815,32.41,63.3798075099633,0
-27.09,0.747373,32.41,63.3798075099633,0
9.65,0.742257,32.41,63.3798075099633,0
2.89,0.746094,32.41,63.03967004989794,0
-30.38,0.743536,32.41,63.03967004989794,0
19.72,0.747373,32.41,60.991802727907626,0
11.4,0.743536,32.41,64.33506042586733,0
-21.32,0.738419,32.41,58.90670590009256,0
19.08,0.742257,32.41,64.35837163881635,0
2.03,0.742257,32.43,64.28841264178172,0
-15.49,0.742257,32.43,62.00806399170998,0
-11.88,0.728186,32.43,62.37788069500277,0
52.7,0.729465,32.43,63.13477647065839,0
18.63,0.724348,32.43,64.07807737440318,0
27.18,0.724348,32.43,63.190189111918315,0
-65.33,0.719231,32.43,63.190189111918315,0
-52.13,0.720511,32.43,63.190189111918315,0
5.19,0.717952,32.45,63.190189111918315,0
0.82,0.719231,32.45,63.60031446463138,0
34.26,0.720511,32.45,63.190189111918315,0
30.08,0.716673,32.45,63.13477647065839,0
5.12,0.715394,32.45,63.60031446463138,0
-2.79,0.712836,32.45,63.13477647065839,0
19.74,0.714115,32.45,63.13477647065839,0
6.09,0.710277,32.45,63.60031446463138,0
-12.19,0.711556,32.43,63.13477647065839,0
16.77,0.710277,32.43,63.13477647065839,0
8.05,0.711556,32.43,63.13477647065839,0
-7.86,0.708998,32.43,63.13477647065839,0
-19.04,0.710277,32.43,63.095166217389426,0
12.32,0.708998,32.43,63.095166217389426,0
17.35,0.710277,32.43,63.56099432828282,0
-12.22,0.70644,32.43,63.095166217389426,0
0.9,0.705161,32.45,63.071388124885914,0
3.7,0.70644,32.45,63.13477647065839,0
-3.47,0.705161,32.45,63.13477647065839,0
0.97,0.70644,32.45,63.13477647065839,0
40.28,0.70644,32.41,63.095166217389426,0
3.82,0.70644,32.41,63.56099432828282,0
-60.89,0.703881,32.41,63.56099432828282,0
-72.42,0.703881,32.41,63.56099432828282,0
-27.73,0.702602,32.41,63.53739056650029,0
4.37,0.702602,32.41,63.53739056650029,0
-13.25,0.700044,32.41,63.53739056650029,0
20.71,0.700044,32.41,63.53739056650029,0
15.06,0.698765,32.39,63.53739056650029,0
0.71,0.700044,32.39,63.071388124885914,0
-9.98,0.69109,32.39,63.071388124885914,0
9.92,0.696206,32.39,63.071388124885914,0
5.16,0.696206,32.41,63.095166217389426,0
-13.78,0.694927,32.41,63.071388124885914,0
17.89,0.694927,32.41,63.071388124885914,0
9.11,0.696206,32.41,63.53739056650029,0
-19.82,0.694927,32.43,63.53739056650029,0
7.6,0.693648,32.43,63.071388124885914,0
5.44,0.692369,32.43,63.53739056650029,0
-19.05,0.69109,32.43,63.071388124885914,0
14.45,0.69109,32.43,63.071388124885914,0
-0.83,0.692369,32.43,64.02343321003646,0
-14.07,0.693648,32.43,64.43601477434805,0
7.76,0.692369,32.43,64.20280367709809,0
-11.62,0.697486,32.43,65.3299318842443,0
-22.9,0.693648,32.43,63.63961030678928,0
42.63,0.70644,32.43,61.91930232165088,0
9.18,0.712836,32.43,69.28924880528002,0
24.84,0.720511,32.43,64.22616289332565,0
129.71,0.728186,32.43,60.753600716336145,0
55.06,0.72179,32.43,58.66003750424986,0
-59.55,0.720511,32.43,63.57672530100933,0
-76.43,0.720511,32.41,64.56779382943171,0
-339.36,0.720511,32.41,63.694583757176716,0
214.63,0.717952,32.41,61.538605769061746,0
-13.87,0.717952,32.41,63.324560795950255,0
11.65,0.717952,32.41,64.10148204214939,0
-21.42,0.719231,32.41,62.56196927846821,0
-13.36,0.717952,32.41,63.43500610861482,0
37.94,0.719231,32.41,63.166446789415026,0
-17.38,0.716673,32.39,67.29041536504289,0
-63.01,0.69109,32.39,62.75348595894893,0
-24.27,0.684694,32.39,63.93746945258312,0
36.14,0.683415,32.39,63.63961030678928,0
85.31,0.673181,32.34,63.52952069707436,0
34.64,0.671902,32.34,63.4428877022476,0
20.66,0.67574,32.34,65.81033353509159,0
-29.77,0.761444,32.34,64.17164482853778,0
71.97,0.826682,32.31,64.91532946846992,0
-6.02,0.812611,32.31,63.63961030678928,0
75.41,0.788307,32.31,63.88270501473775,0
-0.93,0.781911,32.31,64.02343321003646,0
174.5,0.778073,32.33,64.02343321003646,0
-6.49,0.764003,32.33,64.26507605223851,0
-228.69,0.765282,32.33,64.02343321003646,0
-125.85,0.765282,32.33,64.26507605223851,0
-16.01,0.760165,32.37,63.63961030678928,0
104.95,0.760165,32.37,63.88270501473775,0
26.58,0.75249,32.37,63.88270501473775,0
-22.55,0.755048,32.37,64.319514923544,0
-19.87,0.738419,32.37,63.592452382338585,0
-38.14,0.714115,32.37,63.631753079732135,0
-44.17,0.692369,32.37,61.26173356998641,0
-165.99,0.703881,32.37,66.4529909033446,0
-150.44,0.703881,32.37,62.297672508690084,0
130.64,0.707719,32.37,65.36818798161687,0
104.61,0.682135,32.37,65.09224224129939,0
101.28,0.655273,32.37,64.07027391856539,0
31.19,0.639923,32.34,63.733821476512766,0
-149.94,0.62841,32.34,64.68384651518491,0
184.54,0.64376,32.34,62.489999199871974,0
161.78,0.653994,32.34,66.61831579978588,0
-51.03,0.975066,32.31,65.0384501660364,0
30.04,1.101705,32.31,66.15889962809237,0
-43.95,1.159267,32.31,65.88626564011653,0
-190.7,1.149034,32.31,64.50581369148055,0
-4.18,1.173338,32.29,63.387695966961914,0
231.63,1.532786,32.29,63.8200595424354,0
175.57,1.743949,32.29,64.50581369148055,0
-104.29,1.728599,32.29,63.647466563878254,0
-116.29,1.655686,32.29,63.85922016435841,0
3.87,1.544398,32.29,63.7102817447859,0
-14.7,1.465089,32.29,63.671029518926424,0
-2.58,1.444622,32.29,63.51377803280167,0
16.32,1.412643,32.27,63.671029518926424,0
5.1,1.404968,32.27,63.671029518926424,0
-15.9,1.378105,32.27,63.647466563878254,0
17.33,1.362755,32.27,63.671029518926424,0
2.88,1.347405,32.27,63.647466563878254,0
-12.14,1.342288,32.27,63.647466563878254,0
11.59,1.334613,32.27,63.647466563878254,0
-2.36,1.323101,32.27,63.647466563878254,0
-12.59,1.312867,32.27,63.647466563878254,0
14.36,1.301355,32.27,63.647466563878254,0
4.63,1.287284,32.27,63.647466563878254,0
-15.69,1.266817,32.27,63.647466563878254,0
13.32,1.256584,32.25,63.647466563878254,0
9.06,1.242513,32.25,63.647466563878254,0
-7.59,1.225883,32.25,63.8200595424354,0
-6.25,1.214371,32.25,63.796551630946325,0
-1.0,1.2003,32.25,63.796551630946325,0
-5.48,1.188787,32.25,63.647466563878254,0
-13.94,1.173437,32.25,63.796551630946325,0
11.06,1.161925,32.25,63.8200595424354,0
3.64,1.150412,32.25,63.8200595424354,0
-12.6,1.141458,32.25,63.8200595424354,0
-26.36,1.124829,32.25,63.8200595424354,0
2.23,1.118433,32.25,63.796551630946325,0
2.01,1.103083,32.23,63.671029518926424,0
-19.71,1.10692,32.23,63.796551630946325,0
10.48,1.09157,32.23,63.671029518926424,0
10.47,1.087733,32.23,63.796551630946325,0
-4.44,1.078778,32.21,63.796551630946325,0
-17.41,1.07622,32.21,63.796551630946325,0
7.24,1.069824,32.21,63.796551630946325,0
3.32,1.062149,32.21,63.796551630946325,0
-23.37,1.058312,32.21,63.796551630946325,0
11.75,1.049357,32.21,63.796551630946325,0
3.69,1.046799,32.21,63.796551630946325,0
-16.76,1.036566,32.21,63.796551630946325,0
18.43,1.036566,32.16,63.796551630946325,0
10.17,1.028891,32.16,63.796551630946325,0
-14.35,1.026332,32.16,63.796551630946325,0
19.48,1.010982,32.16,63.796551630946325,0
11.18,1.016099,32.18,63.796551630946325,0
-18.03,1.013541,32.18,63.796551630946325,0
20.74,1.008424,32.18,63.796551630946325,0
15.38,1.004586,32.18,63.796551630946325,0
-12.65,0.99819,32.15,63.788713735268246,0
16.27,0.99947,32.15,63.796551630946325,0
14.38,0.980282,32.15,63.796551630946325,0
0.13,0.986678,32.15,63.796551630946325,0
-28.3,0.98284,32.15,63.796551630946325,0
13.49,0.985399,32.15,63.796551630946325,0
5.76,0.979003,32.15,63.788713735268246,0
-23.47,1.008325,32.15,63.788713735268246,0
16.35,0.999371,32.13,63.788713735268246,0
12.37,1.003208,32.13,63.788713735268246,0
-11.4,0.998092,32.13,63.796551630946325,0
6.54,0.987858,32.13,63.788713735268246,0
16.72,0.989137,32.11,63.796551630946325,0
-9.36,0.984021,32.11,63.796551630946325,0
-12.44,0.980183,32.11,63.796551630946325,0
5.05,0.973787,32.11,63.788713735268246,0
-3.36,0.973787,32.11,63.788713735268246,0
-18.92,0.96867,32.11,63.796551630946325,0
8.16,0.966112,32.11,63.796551630946325,0
-1.7,0.960995,32.11,63.788713735268246,0
-19.43,0.958437,32.09,63.796551630946325,0
8.79,0.955879,32.09,63.796551630946325,0
2.05,0.948204,32.09,63.796551630946325,0
-25.06,0.944366,32.09,63.788713735268246,0
12.11,0.943087,32.09,63.796551630946325,0
8.79,0.939249,32.09,63.796551630946325,0
-15.15,0.934133,32.09,63.788713735268246,0
12.08,0.934133,32.09,63.796551630946325,0
10.46,0.925179,32.07,63.788713735268246,0
-7.29,0.923899,32.07,63.788713735268246,0
-10.51,0.92262,32.07,63.796551630946325,0
8.59,0.923899,32.07,63.788713735268246,0
1.98,0.918783,32.07,63.796551630946325,0
-15.42,0.917503,32.07,63.788713735268246,0
13.57,0.914945,32.07,63.788713735268246,0
9.33,0.912387,32.07,63.96092557178953,0
-9.39,0.912387,32.03,63.788713735268246,0
2.42,0.911108,32.03,63.788713735268246,0
4.48,0.905991,32.03,63.788713735268246,0
-2.86,0.904712,32.03,63.96092557178953,0
-23.67,0.904712,32.03,63.953107821277925,0
11.36,0.902153,32.03,63.788713735268246,0
13.76,0.902153,32.03,63.953107821277925,0
-13.81,0.899595,32.03,63.788713735268246,0
3.33,0.897037,32.03,63.788713735268246,0
11.34,0.894478,32.03,63.63961030678928,0
-0.67,0.894478,32.03,63.63961030678928,0
-26.58,0.893199,32.03,63.788713735268246,0
10.0,0.89192,32.03,63.63961030678928,0
8.0,0.884245,32.03,63.647466563878254,0
-18.33,0.888083,32.03,63.647466563878254,0
16.57,0.885524,32.03,63.647466563878254,0
11.83,0.885524,31.97,63.796551630946325,0
-7.74,0.884245,31.97,63.796551630946325,0
0.09,0.880407,31.97,63.647466563878254,0
11.0,0.875291,31.97,63.788713735268246,0
-7.7,0.872732,31.97,63.796551630946325,0
0.31,0.872732,31.97,63.788713735268246,0
5.55,0.870174,31.97,63.788713735268246,0
-8.87,0.871453,31.97,63.788713735268246,0
3.55,0.865057,31.99,63.788713735268246,0
13.6,0.867616,31.99,63.788713735268246,0
-12.21,0.862499,31.99,63.788713735268246,0
10.36,0.856103,31.99,63.63961030678928,0
15.0,0.84587,31.95,63.63961030678928,0
-11.49,0.849707,31.95,63.63961030678928,0
8.62,0.847149,31.95,63.63961030678928,0
14.58,0.850986,31.95,63.788713735268246,0
-4.36,0.848428,31.97,63.63961030678928,0
-9.03,0.844591,31.97,63.788713735268246,0
13.4,0.840753,31.97,63.63961030678928,0
1.85,0.836915,31.97,63.63961030678928,0
-22.24,0.833078,31.95,63.788713735268246,0
14.59,0.83052,31.95,63.788713735268246,0
8.45,0.831799,31.95,64.6297145282261,0
-14.83,0.826682,31.95,63.788713735268246,0
15.2,0.825403,31.93,63.788713735268246,0
13.21,0.821565,31.93,63.788713735268246,0
-7.57,0.824124,31.93,63.788713735268246,0
-17.02,0.820286,31.93,63.63961030678928,0
9.68,0.817728,31.95,63.788713735268246,0
2.12,0.816449,31.95,63.788713735268246,0
-14.73,0.806215,31.95,63.63961030678928,0
11.4,0.812611,31.95,63.788713735268246,0
12.66,0.810053,31.91,63.788713735268246,0
-1.38,0.812611,31.91,63.788713735268246,0
-24.44,0.807495,31.91,63.788713735268246,0
8.0,0.807495,31.91,63.788713735268246,0
7.62,0.802378,31.89,63.788713735268246,0
-13.9,0.808774,31.89,63.788713735268246,0
8.61,0.803657,31.89,63.788713735268246,0
11.28,0.801099,31.89,63.788713735268246,0
-1.86,0.799819,31.89,63.788713735268246,0
-24.02,0.79854,31.89,63.788713735268246,0
7.55,0.797261,31.89,63.788713735268246,0
5.14,0.793424,31.89,63.788713735268246,0
-21.97,0.790865,31.87,63.788713735268246,0
16.71,0.787028,31.87,63.788713735268246,0
9.49,0.788307,31.87,63.788713735268246,0
-20.38,0.784469,31.87,63.788713735268246,0
16.29,0.784469,31.89,63.788713735268246,0
12.71,0.78319,31.89,63.788713735268246,0
-16.81,0.781911,31.89,63.788713735268246,0
7.2,0.779353,31.89,63.788713735268246,0
12.56,0.779353,31.87,63.796551630946325,0
-2.42,0.778073,31.87,63.796551630946325,0
-28.72,0.779353,31.87,63.788713735268246,0
14.65,0.780632,31.87,63.788713735268246,0
11.3,0.775515,31.85,63.788713735268246,0
-20.44,0.776794,31.85,63.796551630946325,0
19.01,0.770398,31.85,63.796551630946325,0
13.87,0.774236,31.85,63.796551630946325,0
-12.2,0.769119,31.87,63.796551630946325,0
15.07,0.772957,31.87,63.788713735268246,0
16.9,0.770398,31.87,63.788713735268246,0
-4.56,0.774236,31.87,63.788713735268246,0
8.46,0.769119,31.83,63.788713735268246,0
9.43,0.770398,31.83,63.788713735268246,0
-8.28,0.770398,31.83,63.953107821277925,0
6.61,0.769119,31.83,63.788713735268246,0
8.25,0.766561,31.83,63.788713735268246,0
-9.31,0.761444,31.83,63.788713735268246,0
9.73,0.764003,31.83,63.788713735268246,0
9.11,0.760165,31.83,63.788713735268246,0
-8.49,0.762723,31.81,63.796551630946325,0
-8.06,0.758886,31.81,63.788713735268246,0
10.17,0.761444,31.81,63.788713735268246,0
0.99,0.758886,31.81,63.788713735268246,0
-16.84,0.760165,31.79,63.788713735268246,0
8.2,0.757607,31.79,63.788713735268246,0
12.11,0.756328,31.79,63.788713735268246,0
-7.48,0.75249,31.79,63.788713735268246,0
-6.54,0.749932,31.81,63.796551630946325,0
3.6,0.75249,31.81,63.788713735268246,0
0.35,0.749932,31.81,63.788713735268246,0
-22.97,0.748652,31.81,63.796551630946325,0
8.02,0.747373,31.79,63.788713735268246,0
6.41,0.747373,31.79,63.788713735268246,0
-15.13,0.743536,31.79,63.788713735268246,0
10.13,0.743536,31.79,63.788713735268246,0
10.73,0.740977,31.77,63.788713735268246,0
-4.88,0.742257,31.77,63.796551630946325,0
-18.48,0.73714,31.77,63.788713735268246,0
8.97,0.735861,31.77,63.796551630946325,0
5.19,0.735861,31.75,63.788713735268246,0
-21.0,0.735861,31.75,63.796551630946325,0
13.05,0.733302,31.75,63.788713735268246,0
13.94,0.732023,31.75,63.788713735268246,0
-13.88,0.734582,31.75,63.788713735268246,0
9.05,0.734582,31.75,63.796551630946325,0
17.8,0.732023,31.75,63.788713735268246,0
0.69,0.732023,31.75,63.796551630946325,0
-16.11,0.730744,31.75,63.788713735268246,0
5.38,0.729465,31.75,63.788713735268246,0
0.17,0.729465,31.75,63.796551630946325,0
-17.86,0.725627,31.75,64.7533782902483,0
7.67,0.717952,31.75,63.57672530100933,0
10.64,0.692369,31.75,64.07027391856539,0
-21.71,0.669344,31.75,64.22616289332565,0
-15.22,0.657831,31.75,63.182275995725256,0
24.19,0.656552,31.73,63.56886030125127,0
-9.95,0.651435,31.73,64.03905058634146,0
122.95,0.633527,31.73,63.56886030125127,0
-8.9,0.633527,31.73,63.095166217389426,0
-113.21,0.625852,31.73,63.35613624582863,0
-9.49,0.619456,31.73,64.03905058634146,0
-8.21,0.61306,31.73,64.03905058634146,0
-49.86,0.610502,31.73,63.608175575157006,0
8.63,0.607943,31.73,64.87680633323437,0
-11.25,0.609222,31.73,63.96092557178953,0
-22.97,0.61306,31.73,63.984373092185564,0
43.22,0.624573,31.73,64.83054835492293,0
47.26,0.623293,31.73,64.66838485689897,0
23.33,0.62841,31.73,63.43500610861482,0
104.4,0.623293,31.73,63.89053137985315,0
-13.53,0.624573,31.73,63.4428877022476,0
-250.06,0.623293,31.75,64.10148204214939,0
-44.98,0.625852,31.75,63.63961030678928,0
8.83,0.614339,31.75,64.63745044476924,0
-24.18,0.622014,31.75,63.57672530100933,0
37.78,0.619456,31.79,64.20280367709809,0
14.55,0.619456,31.79,63.89053137985315,0
-40.91,0.623293,31.79,63.60031446463138,0
-39.69,0.62841,31.79,64.22616289332565,0
-46.76,0.636085,31.81,63.671029518926424,0
24.87,0.629689,31.81,64.28841264178172,0
7.96,0.630968,31.81,64.5600495662759,0
108.1,0.625852,31.81,63.608175575157006,0
-26.11,0.627131,31.83,63.33245613427605,0
-77.3,0.623293,31.83,63.608175575157006,0
108.91,0.627131,31.83,63.608175575157006,0
37.4,0.624573,31.83,63.608175575157006,0
-1.21,0.624573,31.81,63.324560795950255,0
22.8,0.624573,31.81,63.60031446463138,0
11.18,0.620735,31.81,63.324560795950255,0
-20.82,0.622014,31.81,63.60031446463138,0
21.36,0.622014,31.81,64.319514923544,0
6.21,0.624573,31.81,63.608175575157006,0
-5.1,0.620735,31.81,63.96092557178953,0
14.16,0.622014,31.81,63.96092557178953,0
9.47,0.616898,31.83,63.96092557178953,0
-15.4,0.622014,31.83,63.631753079732135,0
22.83,0.616898,31.83,63.671029518926424,0
42.21,0.615618,31.83,63.671029518926424,0
-6.99,0.609222,31.83,63.671029518926424,0
22.83,0.615618,31.83,63.671029518926424,0
19.44,0.616898,31.83,63.96092557178953,0
-17.86,0.614339,31.83,63.96092557178953,0
14.76,0.614339,31.83,63.671029518926424,0
15.79,0.61306,31.83,63.96092557178953,0
-20.88,0.615618,31.83,63.96092557178953,0
22.6,0.611781,31.83,63.96092557178953,0
14.02,0.615618,31.85,63.671029518926424,0
-23.09,0.61306,31.85,63.92182725798755,0
27.57,0.615618,31.85,63.89835678638379,0
16.93,0.61306,31.85,64.51356446515724,0
-21.39,0.614339,31.83,64.319514923544,0
50.11,0.615618,31.83,63.72597586541927,0
0.69,0.610502,31.83,64.29618962271404,0
-88.54,0.606664,31.83,63.39558344238185,0
-10.95,0.602827,31.83,64.01562309311689,0
1.1,0.605385,31.83,64.06246951218786,0
-21.38,0.601547,31.83,63.182275995725256,0
91.76,0.604106,31.83,63.35613624582863,0
13.29,0.59771,31.83,62.65780079128216,0
20.98,0.591314,31.83,63.29296959378664,0
2.79,0.584918,31.83,64.45153217728807,0
59.01,0.592593,31.83,72.90404652692469,0
36.07,0.593872,31.87,58.31809324729333,0
-10.84,0.584918,31.87,55.47071299343465,0
-101.01,0.583639,31.87,61.84658438426491,0
-35.34,0.58236,31.87,64.87680633323437,0
121.54,0.588756,31.89,63.96092557178953,0
1.43,0.601547,31.89,64.5600495662759,0
-30.0,0.609222,31.89,63.97655820689325,0
-36.58,0.610502,31.89,63.03967004989794,0
69.81,0.61306,31.91,63.39558344238185,0
72.08,0.611781,31.91,63.76519426771944,0
-16.44,0.61306,31.91,64.04685784642366,0
-91.19,0.614339,31.91,66.21933252457322,0
-109.2,0.611781,31.91,63.00793600809346,0
-19.61,0.611781,31.91,62.76941930590086,0
-80.54,0.606664,31.91,64.63745044476924,0
1.9,0.618177,31.91,64.18722614352485,0
3.19,0.616898,31.93,64.07027391856539,0
189.59,0.619456,31.93,63.97655820689325,0
305.24,0.615618,31.93,63.57672530100933,0
-11.27,0.618177,31.93,64.2339474110069,0
-245.98,0.615618,31.93,64.5445582524197,0
-311.08,0.61306,31.93,63.702433234531945,0
-137.44,0.615618,31.93,63.96092557178953,0
28.74,0.61306,31.93,63.85138996137829,0
188.59,0.609222,31.97,63.608175575157006,0
-24.51,0.605385,31.97,63.45864795282043,0
-30.52,0.610502,31.97,64.06246951218786,0
34.48,0.605385,31.97,63.631753079732135,0
46.66,0.606664,31.97,63.733821476512766,0
-8.14,0.605385,31.97,63.85138996137829,0
50.85,0.604106,31.97,63.85138996137829,0
71.03,0.604106,31.97,63.631753079732135,0
-60.23,0.602827,31.97,63.733821476512766,0
0.36,0.604106,31.97,63.788713735268246,0
50.44,0.598989,31.97,63.93746945258312,0
35.25,0.598989,31.97,63.592452382338585,0
-49.83,0.593872,31.93,63.93746945258312,0
32.97,0.593872,31.93,63.75735251718032,0
7.6,0.586197,31.93,63.92182725798755,0
-33.93,0.586197,31.93,64.10148204214939,0
36.69,0.583639,31.95,63.984373092185564,0
7.92,0.58236,31.95,64.19501538281614,0
-68.08,0.579801,31.95,64.42049363362563,0
0.78,0.579801,31.95,64.28841264178172,0
-26.02,0.579801,31.91,63.45076831686122,0
199.37,0.577243,31.91,62.976185975335156,0
-113.63,0.578522,31.91,62.88083968904996,0
-120.26,0.569568,31.91,64.17164482853778,0
-114.43,0.570847,31.91,64.07027391856539,0
306.25,0.56701,31.91,64.07027391856539,0
27.45,0.569568,31.91,63.84355879804947,0
-7.74,0.561893,31.91,63.84355879804947,0
-24.67,0.568289,31.91,63.984373092185564,0
-35.42,0.568289,31.91,64.31174076325411,0
16.01,0.564451,31.91,64.15605972938177,0
30.31,0.568289,31.91,64.35837163881635,0
4.6,0.565731,31.91,64.319514923544,0
59.47,0.565731,31.91,63.35613624582863,0
98.97,0.559335,31.91,64.06246951218786,0
19.31,0.565731,31.91,63.0158710167526,0
-62.79,0.563172,31.93,64.64518543557594,0
-98.68,0.561893,31.93,64.17164482853778,0
20.64,0.563172,31.93,63.88270501473775,0
-183.08,0.574685,31.93,63.953107821277925,0
73.16,0.587476,31.93,63.694583757176716,0
-3.12,0.590035,31.93,63.671029518926424,0
23.3,0.583639,31.93,63.631753079732135,0
159.82,0.58236,31.93,63.37191807101944,0
68.41,0.583639,31.93,64.10148204214939,0
-213.84,0.581081,31.93,63.694583757176716,0
54.4,0.583639,31.93,63.92182725798755,0
103.34,0.579801,31.93,63.2771680782255,0
-87.29,0.584918,31.91,64.22616289332565,0
-112.43,0.583639,31.91,64.5445582524197,0
-30.98,0.587476,31.91,64.22616289332565,0
-28.84,0.583639,31.91,63.60031446463138,0
-20.99,0.586197,31.95,63.2771680782255,0
-9.89,0.579801,31.95,64.22616289332565,0
-38.1,0.584918,31.95,63.2771680782255,0
44.16,0.583639,31.95,64.20280367709809,0
31.3,0.581081,31.99,64.52131430775415,0
-28.89,0.587476,31.99,63.914004725099176,0
37.44,0.583639,31.99,63.57672530100933,0
30.76,0.586197,31.99,63.57672530100933,0
55.89,0.583639,31.97,63.57672530100933,0
-72.67,0.588756,31.97,63.56886030125127,0
-40.85,0.583639,31.97,63.56886030125127,0
6.38,0.584918,31.97,63.245553203367585,0
-12.57,0.587476,31.99,63.57672530100933,0
46.98,0.586197,31.99,64.19501538281614,0
20.91,0.584918,31.99,64.20280367709809,0
-10.84,0.581081,31.99,64.19501538281614,0
14.79,0.583639,31.99,64.19501538281614,0
22.33,0.579801,31.99,64.20280367709809,0
-7.34,0.575964,31.99,64.19501538281614,0
-52.32,0.578522,31.99,63.89053137985315,0
12.6,0.581081,31.99,63.89053137985315,0
3.55,0.575964,31.99,64.19501538281614,0
-27.71,0.578522,31.99,64.19501538281614,0
31.62,0.581081,31.99,64.19501538281614,0
28.58,0.578522,32.0,63.89053137985315,0
-15.48,0.577243,32.0,64.19501538281614,0
-22.29,0.573406,32.0,64.20280367709809,0
2.51,0.577243,32.0,64.19501538281614,0
1.23,0.574685,31.99,64.19501538281614,0
-52.33,0.578522,31.99,64.19501538281614,0
24.97,0.574685,31.99,64.19501538281614,0
23.58,0.575964,31.99,64.19501538281614,0
-20.4,0.574685,32.0,64.19501538281614,0
31.18,0.579801,32.0,64.19501538281614,0
20.36,0.581081,32.0,63.89835678638379,0
-19.2,0.579801,32.0,63.89053137985315,0
32.08,0.581081,32.0,64.19501538281614,0
25.49,0.579801,32.0,63.89053137985315,0
-37.06,0.583639,32.0,64.19501538281614,0
34.35,0.581081,32.0,63.89053137985315,0
21.8,0.58236,32.03,63.89835678638379,0
-29.14,0.579801,32.03,64.20280367709809,0
29.58,0.581081,32.03,63.89835678638379,0
25.14,0.578522,32.03,63.89835678638379,0
-31.93,0.581081,32.0,63.89835678638379,0
-2.85,0.579801,32.0,63.89835678638379,0
36.43,0.577243,32.0,63.89835678638379,0
20.26,0.577243,32.0,64.20280367709809,0
-26.82,0.577243,32.0,63.89835678638379,0
27.88,0.577243,32.0,63.89835678638379,0
30.4,0.577243,32.0,64.19501538281614,0
-3.37,0.574685,32.0,64.19501538281614,0
-44.46,0.573406,32.0,64.51356446515724,0
28.3,0.573406,32.0,64.51356446515724,0
35.67,0.570847,32.0,64.19501538281614,0
-12.48,0.570847,32.0,64.20280367709809,0
-45.7,0.570847,32.0,64.20280367709809,0
17.53,0.572126,32.0,64.19501538281614,0
10.87,0.569568,32.0,64.20280367709809,0
-28.88,0.570847,32.0,64.20280367709809,0
19.48,0.573406,32.0,64.19501538281614,0
-2.18,0.569568,32.0,64.19501538281614,0
-36.31,0.572126,32.0,63.89053137985315,0
-13.23,0.573406,32.0,64.19501538281614,0
25.51,0.572126,32.03,64.19501538281614,0
-0.77,0.570847,32.03,64.19501538281614,0
-63.89,0.572126,32.03,64.19501538281614,0
26.2,0.573406,32.03,64.19501538281614,0
19.89,0.572126,32.03,64.19501538281614,0
-27.12,0.573406,32.03,63.245553203367585,0
38.71,0.570847,32.03,64.19501538281614,0
32.44,0.572126,32.03,64.19501538281614,0
-15.51,0.568289,32.03,64.19501538281614,0
-38.54,0.572126,32.03,64.19501538281614,0
22.22,0.570847,32.03,64.19501538281614,0
9.23,0.570847,32.03,64.51356446515724,0
-51.36,0.568289,32.03,63.245553203367585,0
10.49,0.570847,32.03,64.19501538281614,0
0.12,0.569568,32.03,63.89053137985315,0
-41.39,0.569568,32.03,64.19501538281614,0
8.57,0.564451,32.03,64.19501538281614,0
-18.01,0.568289,32.03,64.19501538281614,0
18.3,0.569568,32.03,64.19501538281614,0
23.8,0.56701,32.03,64.51356446515724,0
-31.23,0.570847,32.03,64.19501538281614,0
21.45,0.568289,32.03,64.19501538281614,0
44.08,0.569568,32.03,64.19501538281614,0
-17.43,0.56701,32.03,64.19501538281614,0
-84.63,0.569568,32.0,64.19501538281614,0
44.18,0.569568,32.0,64.19501538281614,0
34.01,0.568289,32.0,64.19501538281614,0
-32.92,0.56701,32.0,64.19501538281614,0
-17.87,0.56701,32.03,64.19501538281614,0
39.67,0.56701,32.03,64.19501538281614,0
29.34,0.564451,32.03,64.19501538281614,0
-42.21,0.56701,32.03,64.51356446515724,0
4.22,0.564451,32.0,63.245553203367585,0
35.41,0.56701,32.0,64.19501538281614,0
8.34,0.558056,32.0,64.19501538281614,0
-50.67,0.56701,32.0,64.19501538281614,0
47.08,0.565731,32.03,63.89835678638379,0
34.84,0.565731,32.03,63.89053137985315,0
-47.1,0.563172,32.03,63.89835678638379,0
-5.45,0.563172,32.03,63.89835678638379,0
27.16,0.564451,32.05,63.89835678638379,0
4.39,0.561893,32.05,63.89053137985315,0
-77.86,0.563172,32.05,63.89835678638379,0
44.6,0.559335,32.05,63.89053137985315,0
34.27,0.563172,32.05,64.19501538281614,0
-51.59,0.560614,32.05,64.19501538281614,0
49.1,0.563172,32.05,63.89053137985315,0
44.79,0.561893,32.05,63.89053137985315,0
-15.6,0.561893,32.0,64.19501538281614,0
-64.95,0.554218,32.0,64.20280367709809,0
31.48,0.560614,32.0,64.19501538281614,0
11.83,0.559335,32.0,64.19501538281614,0
-62.6,0.558056,32.03,64.20280367709809,0
49.31,0.560614,32.03,64.19501538281614,0
39.79,0.559335,32.03,63.89053137985315,0
-35.55,0.560614,32.03,64.19501538281614,0
13.19,0.559335,32.03,64.19501538281614,0
24.92,0.559335,32.03,64.20280367709809,0
-20.66,0.559335,32.03,64.20280367709809,0
-15.11,0.560614,32.03,64.19501538281614,0
19.1,0.558056,32.03,63.89053137985315,0
-12.31,0.559335,32.03,63.89053137985315,0
-64.69,0.558056,32.03,64.19501538281614,0
27.88,0.556776,32.03,64.19501538281614,0
5.99,0.55166,32.07,64.19501538281614,0
-85.16,0.558056,32.07,63.89053137985315,0
46.18,0.558056,32.07,63.89053137985315,0
41.75,0.556776,32.07,64.19501538281614,0
-50.3,0.556776,32.03,64.20280367709809,0
40.6,0.558056,32.03,64.19501538281614,0
45.63,0.556776,32.03,63.89835678638379,0
-13.14,0.555497,32.03,64.20280367709809,0
-81.54,0.555497,32.05,64.20280367709809,0
27.77,0.558056,32.05,63.89053137985315,0
19.01,0.556776,32.05,63.89053137985315,0
-40.9,0.556776,32.05,63.89053137985315,0
45.2,0.556776,32.03,63.89053137985315,0
41.24,0.558056,32.03,63.89053137985315,0
-33.89,0.558056,32.03,63.89053137985315,0
30.81,0.568289,32.03,63.89053137985315,0
31.71,0.570847,32.03,63.89835678638379,0
-11.18,0.569568,32.03,63.89053137985315,0
-81.33,0.570847,32.03,63.89053137985315,0
28.84,0.569568,32.03,63.89053137985315,0
22.54,0.570847,32.05,63.89053137985315,0
-39.96,0.570847,32.05,63.89835678638379,0
25.17,0.570847,32.05,63.608175575157006,0
31.69,0.573406,32.05,63.324560795950255,0
-10.71,0.572126,32.03,65.06919393998976,0
-81.03,0.574685,32.03,63.631753079732135,0
32.73,0.570847,32.03,62.849025449882674,0
39.26,0.572126,32.03,64.22616289332565,0
-18.16,0.570847,32.03,64.87680633323437,0
24.76,0.573406,32.03,63.608175575157006,0
29.13,0.569568,32.03,64.87680633323437,0
-30.4,0.570847,32.03,63.39558344238185,0
-25.58,0.568289,32.03,63.8200595424354,0
18.87,0.570847,32.03,63.34824385884742,0
-31.03,0.572126,32.03,63.608175575157006,0
-41.76,0.570847,32.03,64.5832795698701,0
11.52,0.572126,32.03,63.92182725798755,0
-46.22,0.573406,32.03,63.89835678638379,0
30.37,0.573406,32.03,64.20280367709809,0
45.23,0.570847,32.03,63.914004725099176,0
-27.31,0.572126,32.0,63.56886030125127,0
46.13,0.561893,32.0,63.245553203367585,0
28.51,0.570847,32.0,63.57672530100933,0
-28.76,0.568289,32.0,63.245553203367585,0
50.56,0.570847,32.03,64.19501538281614,0
29.95,0.570847,32.03,64.19501538281614,0
-37.91,0.569568,32.03,63.60031446463138,0
22.51,0.570847,32.03,63.324560795950255,0
16.01,0.568289,32.03,63.60031446463138,0
-42.11,0.569568,32.03,63.324560795950255,0
22.09,0.559335,32.03,63.57672530100933,0
15.74,0.565731,32.03,64.20280367709809,0
-26.86,0.561893,32.03,64.51356446515724,0
36.79,0.56701,32.03,63.57672530100933,0
23.82,0.560614,32.03,64.08587988004847,0
-15.41,0.565731,32.03,63.56886030125127,0
-66.96,0.564451,32.03,63.984373092185564,0
13.16,0.564451,32.03,63.166446789415026,0
18.65,0.564451,32.03,63.97655820689325,0
-31.7,0.564451,32.03,63.702433234531945,0
-10.87,0.565731,32.03,63.694583757176716,0
17.72,0.563172,32.03,64.26507605223851,0
8.44,0.564451,32.03,63.914004725099176,0
-38.06,0.563172,32.03,64.25729530566937,0
28.07,0.563172,32.0,63.324560795950255,0
7.87,0.558056,32.0,63.694583757176716,0
-38.55,0.560614,32.0,64.07807737440318,0
24.56,0.561893,32.0,63.166446789415026,0
11.64,0.563172,32.0,63.56886030125127,0
-23.52,0.561893,32.0,63.56886030125127,0
25.04,0.563172,32.0,63.56886030125127,0
24.53,0.561893,32.0,63.56886030125127,0
-24.87,0.559335,32.0,63.15853069855251,0
33.59,0.563172,32.0,63.15853069855251,0
30.07,0.556776,32.0,64.08587988004847,0
-21.0,0.559335,32.0,63.694583757176716,0
23.13,0.558056,32.0,63.694583757176716,0
30.88,0.559335,32.0,63.694583757176716,0
-23.13,0.558056,32.0,64.25729530566937,0
19.23,0.558056,32.0,63.324560795950255,0
32.99,0.558056,31.99,63.90618123468183,0
-10.17,0.556776,31.99,63.245553203367585,0
-31.31,0.556776,31.99,63.56886030125127,0
25.59,0.554218,31.99,63.56886030125127,0
6.0,0.556776,31.99,63.90618123468183,0
-54.83,0.555497,31.99,63.90618123468183,0
8.28,0.556776,31.99,63.90618123468183,0
-5.05,0.554218,31.99,63.90618123468183,0
-34.3,0.556776,31.99,63.90618123468183,0
12.05,0.558056,31.99,63.90618123468183,0
-6.73,0.554218,31.99,63.90618123468183,0
-32.5,0.555497,31.99,63.90618123468183,0
22.35,0.554218,32.0,63.90618123468183,0
-4.64,0.558056,32.0,63.324560795950255,0
-43.97,0.552939,32.0,63.324560795950255,0
23.09,0.552939,32.0,64.07807737440318,0
-2.61,0.55038,32.03,63.324560795950255,0
-70.77,0.555497,32.03,63.324560795950255,0
43.91,0.55166,32.03,63.702433234531945,0
39.65,0.554218,32.03,63.694583757176716,0
-32.24,0.55166,32.0,63.324560795950255,0
44.3,0.55038,32.0,63.324560795950255,0
48.81,0.55166,32.0,63.33245613427605,0
0.01,0.55038,32.0,63.324560795950255,0
-65.98,0.552939,31.99,63.324560795950255,0
8.87,0.55166,31.99,63.702433234531945,0
-7.0,0.552939,31.99,63.702433234531945,0
-28.34,0.547822,31.99,63.702433234531945,0
50.05,0.552939,32.0,63.702433234531945,0
43.45,0.547822,32.0,63.702433234531945,0
-38.82,0.55166,32.0,63.702433234531945,0
7.72,0.55038,32.0,63.694583757176716,0
-17.66,0.549101,32.0,63.694583757176716,0
-16.34,0.55166,32.0,63.694583757176716,0
-41.76,0.55038,32.0,63.702433234531945,0
27.09,0.549101,32.0,63.324560795950255,0
8.74,0.549101,32.0,63.324560795950255,0
-50.57,0.552939,32.0,63.702433234531945,0
40.56,0.546543,32.0,63.33245613427605,0
35.96,0.549101,32.0,64.25729530566937,0
-25.86,0.547822,31.99,63.324560795950255,0
-17.32,0.549101,31.99,63.324560795950255,0
26.34,0.549101,31.99,63.324560795950255,0
3.65,0.547822,31.99,63.324560795950255,0
-50.98,0.547822,32.0,64.25729530566937,0
31.76,0.546543,32.0,63.324560795950255,0
29.66,0.547822,32.0,63.702433234531945,0
-31.0,0.546543,32.0,64.25729530566937,0
15.3,0.546543,32.0,63.324560795950255,0
26.28,0.547822,32.0,63.33245613427605,0
-16.69,0.540147,32.0,64.1482657598785,0
-72.87,0.543985,32.0,63.2771680782255,0
25.03,0.542705,31.99,63.694583757176716,0
8.3,0.546543,31.99,64.48255578061404,0
-77.05,0.547822,31.99,63.15853069855251,0
59.05,0.55038,31.99,68.01470429252781,0
143.95,0.549101,31.97,62.51399843235114,0
-18.09,0.554218,31.97,64.26507605223851,0
74.7,0.55166,31.97,61.91122676865643,0
207.66,0.554218,31.97,64.17164482853778,0
176.56,0.55038,31.99,65.87108622149782,0
-46.76,0.55166,31.99,63.914004725099176,0
-95.11,0.540147,31.99,61.5223536610881,0
-296.26,0.528634,31.99,65.0384501660364,0
-250.21,0.515843,31.99,69.8927750200262,0
-90.05,0.510726,31.99,68.57113095173507,0
-363.33,0.528634,31.99,69.92138442565336,0
321.72,0.53631,31.99,64.1404708432983,0
321.24,0.537589,31.97,61.57921727336261,0
184.67,0.53631,31.97,63.75735251718032,0
203.98,0.53503,31.97,60.382116557802114,0
-49.7,0.532472,31.97,60.01666435249463,0
-89.58,0.528634,31.93,64.03124237432849,0
-29.72,0.510726,31.93,62.77738446287803,0
102.45,0.508168,31.93,62.63385665915839,0
-44.76,0.510726,31.93,65.62011886609167,0
-11.02,0.506889,31.95,60.423505360083176,0
114.2,0.512005,31.95,60.03332407921454,0
8.2,0.510726,31.95,65.09992319503918,0
-51.18,0.508168,31.95,63.702433234531945,0
67.78,0.508168,31.93,62.976185975335156,0
-54.48,0.508168,31.93,58.180752831155424,0
138.04,0.508168,31.93,63.06346010171025,0
152.26,0.514564,31.93,51.43928459844674,0
223.5,0.53503,31.93,61.862751312886175,0
-495.8,0.533751,31.93,70.59745037889117,0
-306.67,0.53503,31.93,62.74551776820397,0
225.76,0.532472,31.93,63.57672530100933,0
-64.29,0.53503,31.89,62.74551776820397,0
-165.43,0.53631,31.89,63.90618123468183,0
93.04,0.533751,31.89,64.94613152451807,0
35.47,0.532472,31.89,65.26867548832288,0
-70.06,0.531193,31.91,64.89221833163049,0
57.71,0.529914,31.91,63.118935352238,0
181.22,0.53503,31.91,63.34824385884742,0
-0.94,0.53503,31.91,61.87083319303208,0
-8.01,0.53631,31.87,64.72248450113763,0
-62.16,0.538868,31.87,62.76941930590086,0
-125.28,0.537589,31.87,61.45730225123781,0
-29.44,0.53503,31.87,63.8200595424354,0
-110.47,0.53503,31.87,62.82515419798029,0
-126.98,0.537589,31.87,63.166446789415026,0
135.17,0.53631,31.87,62.52199612936234,0
74.5,0.532472,31.87,61.94352266379432,0
-30.05,0.531193,31.87,63.592452382338585,0
66.17,0.531193,31.87,63.0,0
50.63,0.531193,31.87,62.80923498976882,0
-37.58,0.532472,31.87,63.0,0
45.62,0.532472,31.85,63.166446789415026,0
29.37,0.524797,31.85,63.0,0
-64.8,0.532472,31.85,61.45730225123781,0
35.46,0.531193,31.85,62.96824596572466,0
31.6,0.531193,31.85,63.54525946126902,0
-42.19,0.531193,31.85,63.34824385884742,0
28.48,0.528634,31.85,62.37788069500277,0
11.31,0.527355,31.85,63.166446789415026,0
-28.18,0.527355,31.83,63.166446789415026,0
15.16,0.528634,31.83,63.15853069855251,0
-23.1,0.526076,31.83,63.0,0
-32.02,0.526076,31.83,63.0,0
13.2,0.526076,31.85,63.0,0
-23.32,0.527355,31.85,62.8728876384726,0
2.31,0.526076,31.85,63.51377803280167,0
-6.51,0.526076,31.85,63.51377803280167,0
-3.24,0.526076,31.83,63.51377803280167,0
1.73,0.524797,31.83,62.8728876384726,0
6.14,0.523518,31.83,62.8728876384726,0
4.62,0.522239,31.83,62.8728876384726,0
-20.87,0.522239,31.83,62.8728876384726,0
21.19,0.523518,31.83,62.8728876384726,0
-1.02,0.515843,31.83,63.0,0
-40.69,0.520959,31.83,63.623894882347464,0
36.08,0.523518,31.81,63.0,0
16.72,0.514564,31.81,63.0,0
-40.11,0.522239,31.81,62.8728876384726,0
22.5,0.522239,31.81,63.623894882347464,0
13.09,0.520959,31.83,63.623894882347464,0
-22.67,0.51968,31.83,63.0,0
-28.68,0.520959,31.83,63.0,0
35.16,0.518401,31.83,63.0,0
36.45,0.51968,31.81,63.15853069855251,0
-37.51,0.522239,31.81,63.15853069855251,0
1.77,0.518401,31.81,63.0,0
-13.26,0.51968,31.81,63.0,0
-64.88,0.51968,31.79,63.51377803280167,0
19.07,0.522239,31.79,63.56886030125127,0
5.08,0.51968,31.79,63.43500610861482,0
-53.91,0.517122,31.79,63.43500610861482,0
10.27,0.517122,31.77,63.631753079732135,0
72.13,0.518401,31.77,62.68173577685928,0
190.29,0.517122,31.77,64.26507605223851,0
196.21,0.515843,31.77,63.58458932791813,0
-190.96,0.518401,31.79,63.58458932791813,0
-368.76,0.520959,31.79,63.387695966961914,0
-18.76,0.51968,31.79,63.631753079732135,0
-18.74,0.512005,31.79,63.58458932791813,0
21.76,0.51968,31.77,61.644140029689765,0
53.3,0.520959,31.77,62.5859409132754,0
70.79,0.518401,31.77,62.96824596572466,0
131.62,0.517122,31.77,63.56886030125127,0
165.86,0.517122,31.77,61.652250567193406,0
-47.34,0.515843,31.77,60.83584469702052,0
-329.99,0.515843,31.77,63.56886030125127,0
37.03,0.517122,31.77,65.50572494064927,0
51.77,0.515843,31.75,63.419239982831705,0
82.1,0.515843,31.75,61.26173356998641,0
68.31,0.503051,31.75,67.83804242458652,0
-40.68,0.510726,31.75,60.61352984276695,0
32.34,0.509447,31.75,69.05794668247819,0
2.49,0.515843,31.75,61.84658438426491,0
-8.29,0.514564,31.75,64.69157595854347,0
266.33,0.517122,31.75,65.07687761409578,0
-115.79,0.518401,31.75,64.70703207534712,0
-64.41,0.520959,31.75,62.20932405998316,0
-130.52,0.520959,31.75,63.39558344238185,0
105.16,0.51968,31.75,62.5939294181153,0
22.69,0.520959,31.73,63.229739838148944,0
-80.06,0.520959,31.73,61.84658438426491,0
-130.49,0.522239,31.73,63.733821476512766,0
52.14,0.524797,31.73,65.07687761409578,0
24.28,0.524797,31.73,62.80127387243033,0
-8.48,0.526076,31.73,63.15853069855251,0
128.7,0.529914,31.73,64.33506042586733,0
-142.07,0.531193,31.73,63.095166217389426,0
-55.97,0.532472,31.73,62.94441992742486,0
23.67,0.53631,31.73,62.8728876384726,0
37.94,0.532472,31.73,62.8728876384726,0
3.79,0.533751,31.73,64.47480127925948,0
42.09,0.532472,31.73,62.14499175315739,0
14.51,0.53631,31.73,63.85138996137829,0
-65.93,0.531193,31.73,63.51377803280167,0
27.46,0.528634,31.73,62.24949798994366,0
72.27,0.518401,31.73,62.75348595894893,0
-23.59,0.515843,31.73,61.26989472816156,0
-127.25,0.510726,31.73,63.953107821277925,0
33.16,0.509447,31.73,66.05300901548695,0
42.07,0.508168,31.71,62.49799996799898,0
-58.56,0.497934,31.71,65.0384501660364,0
36.0,0.570778,31.71,64.35837163881635,0
49.49,0.566941,31.71,62.76145313805282,0
39.05,0.566941,31.73,61.106464469808756,0
-70.64,0.560545,31.73,63.92182725798755,0
83.5,0.566941,31.73,63.2771680782255,0
-29.32,0.566941,31.73,63.796551630946325,0
-56.4,0.569499,31.73,63.387695966961914,0
75.49,0.572057,31.73,62.88083968904996,0
148.48,0.570778,31.73,62.88083968904996,0
-36.21,0.572057,31.73,62.65780079128216,0
-323.81,0.569499,31.71,64.66065264130884,0
-76.75,0.570778,31.71,64.07027391856539,0
-37.22,0.577174,31.71,63.20601237224193,0
75.66,0.586128,31.71,69.32532004974806,0
126.37,0.586128,31.69,60.14149981501958,0
181.02,0.587408,31.69,61.204574992397426,0
63.36,0.58357,31.69,62.68971207462992,0
-32.03,0.586128,31.69,64.45928947793328,0
-212.07,0.586128,31.71,61.95159400693416,0
-150.35,0.582291,31.71,64.7533782902483,0
-30.32,0.578453,31.71,62.976185975335156,0
-0.18,0.577174,31.71,62.20128616033595,0
-26.05,0.577174,31.69,62.0966987850401,0
-13.24,0.574616,31.69,65.62773803811922,0
27.64,0.577174,31.69,65.27633568147036,0
40.48,0.572057,31.69,64.32728814430156,0
52.01,0.565662,31.69,57.56735185849702,0
4.12,0.55287,31.69,64.13267497929586,0
20.93,0.556707,31.69,67.7864293203293,0
8.0,0.555428,31.69,65.92419889539804,0
81.6,0.550311,31.65,63.631753079732135,0
24.5,0.559266,31.65,62.49799996799898,0
-80.53,0.559266,31.65,60.64651680022522,0
-42.23,0.572057,31.65,64.68384651518491,0
50.69,0.563103,31.67,65.3299318842443,0
136.17,0.561824,31.67,62.112800613078136,0
-33.64,0.560545,31.67,65.22269543648132,0
-81.36,0.565662,31.67,62.80127387243033,0
-62.11,0.554149,31.67,68.96375859826666,0
19.12,0.566941,31.67,64.69930447848725,0
74.06,0.564382,31.67,62.41794613730894,0
-75.8,0.574616,31.67,63.15853069855251,0
-52.81,0.579732,31.69,63.15853069855251,0
-76.01,0.578453,31.69,63.15853069855251,0
244.82,0.579732,31.69,62.51399843235114,0
-3.12,0.579732,31.69,63.15853069855251,0
-92.61,0.578453,31.69,63.15853069855251,0
-3.16,0.575895,31.69,63.198101237299845,0
-8.49,0.575895,31.69,63.15853069855251,0
-2.85,0.570778,31.69,63.15853069855251,0
22.1,0.577174,31.71,63.15853069855251,0
-25.27,0.573337,31.71,62.51399843235114,0
5.81,0.574616,31.71,63.15853069855251,0
7.78,0.566941,31.71,63.15853069855251,0
-16.77,0.572057,31.71,63.15853069855251,0
-22.78,0.572057,31.71,63.15853069855251,0
2.16,0.572057,31.71,63.15853069855251,0
-2.0,0.572057,31.71,63.15853069855251,0
-27.61,0.56822,31.69,63.15853069855251,0
13.36,0.569499,31.69,63.15853069855251,0
10.33,0.564382,31.69,63.15853069855251,0
-23.25,0.570778,31.69,63.15853069855251,0
16.47,0.566941,31.71,63.15853069855251,0
5.97,0.569499,31.71,63.15853069855251,0
-27.84,0.560545,31.71,63.15853069855251,0
24.46,0.566941,31.71,62.55397669213365,0
8.65,0.56822,31.71,63.15853069855251,0
-32.86,0.566941,31.71,63.15853069855251,0
29.93,0.566941,31.71,63.15853069855251,0
18.9,0.565662,31.71,62.51399843235114,0
-38.46,0.565662,31.69,63.15853069855251,0
33.9,0.560545,31.69,63.15853069855251,0
17.84,0.564382,31.69,62.51399843235114,0
-41.28,0.561824,31.69,63.15853069855251,0
26.16,0.565662,31.71,63.15853069855251,0
18.1,0.564382,31.71,62.51399843235114,0
-33.99,0.565662,31.71,63.15853069855251,0
20.66,0.564382,31.71,62.51399843235114,0
11.42,0.564382,31.69,63.28506932918696,0
-33.8,0.566941,31.69,63.7102817447859,0
15.37,0.573337,31.69,68.1395626636978,0
-3.5,0.572057,31.69,58.66856057549052,0
-12.78,0.565662,31.71,53.646994324006634,0
51.97,0.582291,31.71,62.89674077406555,0
22.5,0.586128,31.71,65.0384501660364,0
-12.22,0.588687,31.71,64.07027391856539,0
167.19,0.584849,31.73,63.2771680782255,0
-67.71,0.587408,31.73,62.88083968904996,0
-207.03,0.584849,31.73,61.814237842102365,0
68.73,0.586128,31.73,58.40376700179535,0
74.29,0.587408,31.75,64.26507605223851,0
-94.84,0.587408,31.75,63.89053137985315,0
-27.78,0.578453,31.75,62.5939294181153,0
-46.93,0.579732,31.75,63.28506932918696,0
-231.18,0.582291,31.71,63.28506932918696,0
46.25,0.58357,31.71,63.39558344238185,0
48.96,0.581012,31.71,63.53739056650029,0
-19.02,0.579732,31.71,62.976185975335156,0
36.49,0.579732,31.75,63.914004725099176,0
16.38,0.577174,31.75,63.166446789415026,0
-55.05,0.579732,31.75,62.77738446287803,0
35.52,0.578453,31.75,63.53739056650029,0
28.13,0.579732,31.75,63.39558344238185,0
-45.79,0.578453,31.75,63.28506932918696,0
44.38,0.575895,31.75,63.39558344238185,0
40.63,0.572057,31.75,64.32728814430156,0
-7.24,0.577174,31.75,61.45730225123781,0
-5.55,0.581012,31.75,62.849025449882674,0
83.5,0.579732,31.75,64.28841264178172,0
136.42,0.582291,31.75,62.177166226839255,0
1.88,0.582291,31.73,62.849025449882674,0
-184.12,0.584849,31.73,61.25357132445422,0
-100.02,0.581012,31.73,65.3834841531101,0
-36.03,0.579732,31.73,62.93647591023825,0
-25.0,0.578453,31.73,61.886993787063204,0
73.28,0.577174,31.73,64.1482657598785,0
158.55,0.579732,31.73,61.78996682310163,0
167.7,0.572057,31.73,64.70703207534712,0
-123.35,0.569499,31.73,63.84355879804947,0
-103.83,0.578453,31.73,62.8887907341205,0
-104.56,0.578453,31.73,60.0416522091123,0
-54.04,0.573337,31.73,61.78187436457395,0
-54.52,0.564382,31.71,61.56297588648554,0
-9.72,0.559266,31.71,80.56674251823763,0
-41.16,0.546474,31.71,50.40833264451424,0
-14.46,0.560545,31.71,58.172158288995945,0
-111.36,0.565662,31.71,60.340699366182356,0
217.09,0.569499,31.71,64.6297145282261,0
197.05,0.572057,31.71,64.87680633323437,0
90.59,0.573337,31.71,64.06246951218786,0
-77.52,0.574616,31.67,62.01612693485461,0
5.53,0.575895,31.67,63.686733312362634,0
-42.95,0.573337,31.67,64.17164482853778,0
-232.07,0.573337,31.67,64.28063471995279,0
137.17,0.574616,31.71,62.56996084384263,0
80.77,0.574616,31.71,62.25752966509352,0
-3.01,0.575895,31.71,62.369864518050704,0
142.44,0.579732,31.71,64.09368143584827,0
42.94,0.584849,31.71,63.35613624582863,0
-174.52,0.592524,31.71,65.24568951279464,0
14.51,0.595083,31.71,63.387695966961914,0
83.86,0.597641,31.71,63.773035054010094,0
-0.12,0.597641,31.69,62.20932405998316,0
69.51,0.596362,31.69,63.0158710167526,0
153.24,0.596362,31.69,64.19501538281614,0
-83.24,0.595083,31.69,63.0158710167526,0
14.04,0.593803,31.67,62.5859409132754,0
-8.75,0.592524,31.67,62.976185975335156,0
-51.46,0.588687,31.67,63.387695966961914,0
-50.4,0.589966,31.67,61.38403701289123,0
-13.65,0.582291,31.69,57.91372894228103,0
44.42,0.578453,31.69,74.4983221287567,0
-16.35,0.560545,31.69,65.02307282803544,0
-12.96,0.561824,31.69,62.68173577685928,0
-68.69,0.569499,31.67,58.146367040426526,0
-201.74,0.579732,31.67,60.382116557802114,0
295.99,0.582291,31.67,64.35837163881635,0
130.33,0.582291,31.67,63.914004725099176,0
77.28,0.581012,31.67,63.0,0
-101.79,0.578453,31.67,63.60031446463138,0
-16.08,0.579732,31.67,63.33245613427605,0
26.62,0.581012,31.67,64.53681120105021,0
-90.29,0.582291,31.67,65.58963332722634,0
52.86,0.582291,31.67,61.71709649683789,0
65.78,0.582291,31.67,58.35237784358063,0
-156.74,0.578453,31.67,62.65780079128216,0
45.21,0.579732,31.67,73.19152956456095,0
102.54,0.574616,31.67,63.694583757176716,0
-77.05,0.569499,31.67,68.76045375068433,0
106.54,0.559266,31.67,62.71363488110062,0
-257.82,0.555428,31.67,64.5600495662759,0
49.53,0.555428,31.67,64.81512169239521,0
199.83,0.547753,31.67,64.93843238021688,0
117.42,0.551591,31.67,65.68104749469211,0
-353.51,0.551591,31.67,65.13063795173512,0
178.81,0.55287,31.67,63.03967004989794,0
51.23,0.549032,31.67,62.55397669213365,0
308.73,0.550311,31.67,62.56196927846821,0
-211.36,0.55287,31.69,63.2771680782255,0
-244.47,0.554149,31.69,63.071388124885914,0
26.0,0.543916,31.69,63.56886030125127,0
16.38,0.547753,31.69,62.96824596572466,0
70.74,0.551591,31.69,63.56886030125127,0
44.49,0.551591,31.69,64.1404708432983,0
-48.1,0.551591,31.69,62.68173577685928,0
59.7,0.550311,31.69,61.97580172938467,0
34.6,0.549032,31.67,62.976185975335156,0
-17.32,0.549032,31.67,62.976185975335156,0
40.95,0.551591,31.67,62.976185975335156,0
33.33,0.549032,31.67,63.796551630946325,0
-22.18,0.547753,31.67,63.35613624582863,0
6.87,0.540078,31.67,64.45153217728807,0
1.36,0.543916,31.67,63.4428877022476,0
-23.98,0.545195,31.67,63.51377803280167,0
-20.93,0.543916,31.67,63.51377803280167,0
5.89,0.545195,31.67,63.51377803280167,0
1.84,0.541357,31.67,63.51377803280167,0
-32.91,0.543916,31.67,63.39558344238185,0
9.74,0.540078,31.69,64.01562309311689,0
10.78,0.542636,31.69,64.01562309311689,0
-10.42,0.541357,31.69,63.94528911499267,0
63.47,0.538799,31.69,64.01562309311689,0
73.0,0.538799,31.69,63.4428877022476,0
-42.71,0.53752,31.69,64.96922348312314,0
-169.65,0.53752,31.69,62.83311228962003,0
4.92,0.536241,31.69,64.52906321960671,0
-6.87,0.536241,31.67,63.82789358893179,0
-36.95,0.534961,31.67,62.928530890209096,0
18.83,0.536241,31.67,63.82789358893179,0
41.07,0.534961,31.67,63.631753079732135,0
-5.18,0.533682,31.69,63.631753079732135,0
-38.97,0.536241,31.69,63.631753079732135,0
13.71,0.533682,31.69,63.85138996137829,0
9.1,0.533682,31.69,63.079315151640635,0
-28.0,0.532403,31.67,64.47480127925948,0
27.12,0.533682,31.67,64.43601477434805,0
28.86,0.532403,31.67,62.83311228962003,0
-10.29,0.533682,31.67,63.82789358893179,0
37.37,0.532403,31.69,64.43601477434805,0
32.96,0.532403,31.69,63.079315151640635,0
-1.69,0.531124,31.69,63.20601237224193,0
-10.6,0.532403,31.69,63.13477647065839,0
13.27,0.532403,31.69,63.08724118235002,0
2.1,0.532403,31.69,63.29296959378664,0
-34.47,0.531124,31.69,63.29296959378664,0
17.12,0.528566,31.69,63.20601237224193,0
2.65,0.529845,31.67,63.20601237224193,0
-13.32,0.529845,31.67,63.29296959378664,0
22.77,0.529845,31.67,63.20601237224193,0
4.74,0.527286,31.67,63.796551630946325,0
-18.5,0.528566,31.71,63.20601237224193,0
20.33,0.528566,31.71,64.01562309311689,0
9.76,0.529845,31.71,63.20601237224193,0
-13.68,0.529845,31.71,64.01562309311689,0
-5.91,0.529845,31.71,63.20601237224193,0
7.3,0.529845,31.71,63.20601237224193,0
0.25,0.527286,31.71,63.13477647065839,0
-24.93,0.527286,31.71,63.20601237224193,0
14.24,0.527286,31.67,63.94528911499267,0
7.97,0.528566,31.67,64.01562309311689,0
-6.12,0.526007,31.67,64.01562309311689,0
-18.71,0.527286,31.67,63.20601237224193,0
-1.78,0.527286,31.67,64.01562309311689,0
-5.79,0.527286,31.67,63.94528911499267,0
-14.02,0.526007,31.67,63.13477647065839,0
27.52,0.526007,31.67,63.94528911499267,0
54.26,0.524728,31.69,64.01562309311689,0
12.6,0.524728,31.69,63.20601237224193,0
-57.97,0.526007,31.69,63.94528911499267,0
-7.58,0.526007,31.69,63.13477647065839,0
-27.39,0.526007,31.69,63.94528911499267,0
-29.7,0.527286,31.69,63.13477647065839,0
20.34,0.519611,31.69,63.94528911499267,0
16.08,0.523449,31.69,63.94528911499267,0
-1.95,0.523449,31.71,63.13477647065839,0
-15.12,0.523449,31.71,63.94528911499267,0
27.77,0.523449,31.71,63.37191807101944,0
8.12,0.523449,31.71,63.89053137985315,0
-14.67,0.52217,31.67,63.85138996137829,0
12.47,0.52217,31.67,63.89053137985315,0
28.53,0.52217,31.67,63.671029518926424,0
-11.31,0.517053,31.67,63.671029518926424,0
25.02,0.523449,31.69,63.03967004989794,0
-6.38,0.523449,31.69,62.20932405998316,0
6.06,0.52217,31.69,64.01562309311689,0
-13.44,0.52217,31.69,63.29296959378664,0
-4.91,0.52089,31.67,63.20601237224193,0
-11.26,0.52217,31.67,63.20601237224193,0
-51.69,0.519611,31.67,63.94528911499267,0
12.21,0.519611,31.67,63.94528911499267,0
-4.17,0.519611,31.69,63.94528911499267,0
-17.37,0.52089,31.69,63.20601237224193,0
24.32,0.511936,31.69,63.37191807101944,0
25.7,0.519611,31.69,63.89053137985315,0
9.69,0.518332,31.69,63.89053137985315,0
-31.09,0.519611,31.69,63.31666447310692,0
4.89,0.518332,31.69,63.31666447310692,0
0.96,0.518332,31.69,63.31666447310692,0
-16.17,0.519611,31.67,63.37191807101944,0
22.72,0.518332,31.67,63.89053137985315,0
19.0,0.515774,31.67,63.89053137985315,0
-15.01,0.518332,31.67,63.89053137985315,0
19.99,0.518332,31.69,63.94528911499267,0
13.02,0.513215,31.69,63.94528911499267,0
-9.96,0.518332,31.69,63.89053137985315,0
15.77,0.518332,31.69,63.94528911499267,0
19.28,0.518332,31.69,63.89053137985315,0
-9.32,0.519611,31.69,63.94528911499267,0
-9.17,0.518332,31.69,63.94528911499267,0
18.66,0.517053,31.69,63.94528911499267,0
4.35,0.514495,31.67,63.94528911499267,0
-20.36,0.514495,31.67,63.37191807101944,0
21.96,0.515774,31.67,63.94528911499267,0
12.37,0.515774,31.67,63.31666447310692,0
-6.33,0.515774,31.65,63.89053137985315,0
-23.96,0.518332,31.65,63.89053137985315,0
2.13,0.515774,31.65,63.94528911499267,0
8.03,0.514495,31.65,63.37191807101944,0
-11.33,0.515774,31.67,63.94528911499267,0
14.17,0.518332,31.67,63.94528911499267,0
6.85,0.517053,31.67,63.89053137985315,0
-9.34,0.518332,31.67,63.37191807101944,0
-22.59,0.515774,31.65,63.89053137985315,0
8.45,0.518332,31.65,63.94528911499267,0
3.09,0.518332,31.65,63.37191807101944,0
-8.77,0.518332,31.65,63.37191807101944,0
11.12,0.518332,31.67,63.89053137985315,0
9.31,0.518332,31.67,63.37191807101944,0
-5.52,0.518332,31.67,63.31666447310692,0
-21.38,0.518332,31.67,63.89053137985315,0
8.35,0.518332,31.67,63.13477647065839,0
5.4,0.517053,31.67,63.94528911499267,0
-13.06,0.515774,31.67,63.94528911499267,0
16.65,0.514495,31.67,63.89053137985315,0
5.84,0.515774,31.65,63.37191807101944,0
-7.66,0.517053,31.65,63.37191807101944,0
-6.76,0.514495,31.65,63.37191807101944,0
3.62,0.514495,31.65,63.94528911499267,0
1.28,0.513215,31.67,63.31666447310692,0
-25.22,0.515774,31.67,63.37191807101944,0
10.86,0.511936,31.67,63.37191807101944,0
0.13,0.514495,31.67,63.94528911499267,0
-21.45,0.513215,31.65,63.31666447310692,0
17.08,0.511936,31.65,63.37191807101944,0
15.58,0.511936,31.65,63.37191807101944,0
-10.77,0.511936,31.65,63.31666447310692,0
-7.61,0.511936,31.69,63.31666447310692,0
14.82,0.510657,31.69,62.55397669213365,0
5.22,0.511936,31.69,63.31666447310692,0
-16.9,0.510657,31.69,63.37191807101944,0
26.83,0.513215,31.67,63.31666447310692,0
24.06,0.511936,31.67,63.31666447310692,0
12.56,0.50682,31.67,63.31666447310692,0
-20.6,0.513215,31.67,63.31666447310692,0
6.13,0.511936,31.65,63.31666447310692,0
-41.75,0.508099,31.65,63.31666447310692,0
-34.77,0.510657,31.65,63.31666447310692,0
12.02,0.509378,31.65,63.31666447310692,0
8.52,0.509378,31.69,63.31666447310692,0
-1.45,0.511936,31.69,63.31666447310692,0
7.47,0.509378,31.69,63.31666447310692,0
11.59,0.510657,31.69,63.31666447310692,0
-3.34,0.509378,31.69,63.31666447310692,0
-36.65,0.513215,31.69,63.31666447310692,0
19.92,0.510657,31.69,63.31666447310692,0
20.92,0.510657,31.69,63.89053137985315,0
-19.64,0.50682,31.65,63.89053137985315,0
24.13,0.508099,31.65,63.31666447310692,0
21.26,0.509378,31.65,63.31666447310692,0
-13.83,0.509378,31.65,63.31666447310692,0
-5.9,0.509378,31.65,63.31666447310692,0
11.4,0.50682,31.65,63.31666447310692,0
4.9,0.509378,31.65,63.31666447310692,0
-34.72,0.50682,31.65,63.31666447310692,0
10.22,0.510657,31.69,63.31666447310692,0
9.51,0.50682,31.69,63.31666447310692,0
-20.6,0.508099,31.69,63.31666447310692,0
19.85,0.499144,31.69,63.31666447310692,0
2.86,0.508099,31.67,63.31666447310692,0
-14.68,0.508099,31.67,63.31666447310692,0
28.95,0.50554,31.67,63.31666447310692,0
11.25,0.50682,31.67,63.31666447310692,0
-19.8,0.50682,31.67,63.31666447310692,0
21.48,0.50682,31.67,63.31666447310692,0
8.83,0.50682,31.67,63.31666447310692,0
-15.45,0.50682,31.67,63.31666447310692,0
21.7,0.50554,31.63,63.31666447310692,0
18.94,0.50682,31.63,63.31666447310692,0
-4.69,0.502982,31.63,63.31666447310692,0
-18.78,0.50682,31.63,63.31666447310692,0
12.4,0.504261,31.61,63.31666447310692,0
5.88,0.508099,31.61,63.37191807101944,0
-18.35,0.504261,31.61,63.31666447310692,0
14.64,0.504261,31.61,63.31666447310692,0
13.46,0.504261,31.63,63.31666447310692,0
-5.7,0.50554,31.63,63.31666447310692,0
-26.22,0.50682,31.63,63.31666447310692,0
6.94,0.50554,31.63,63.31666447310692,0
5.18,0.504261,31.61,63.31666447310692,0
-16.74,0.500424,31.61,63.31666447310692,0
13.47,0.504261,31.61,63.31666447310692,0
10.15,0.500424,31.61,63.31666447310692,0
-14.92,0.502982,31.63,63.31666447310692,0
9.73,0.502982,31.63,63.31666447310692,0
9.77,0.502982,31.63,63.31666447310692,0
-3.73,0.501703,31.63,63.31666447310692,0
-18.67,0.502982,31.61,63.31666447310692,0
6.96,0.502982,31.61,63.31666447310692,0
6.61,0.502982,31.61,63.31666447310692,0
-14.56,0.501703,31.61,63.31666447310692,0
13.87,0.501703,31.59,63.31666447310692,0
3.48,0.502982,31.59,63.31666447310692,0
-10.84,0.500424,31.59,63.31666447310692,0
-12.08,0.501703,31.59,63.31666447310692,0
-2.62,0.501703,31.59,63.31666447310692,0
1.48,0.502982,31.59,64.1404708432983,0
-11.5,0.500424,31.59,63.31666447310692,0
0.97,0.500424,31.59,63.31666447310692,0
-0.82,0.501703,31.59,63.31666447310692,0
-7.55,0.504261,31.59,63.31666447310692,0
3.12,0.500424,31.59,63.2771680782255,0
-0.76,0.499144,31.59,63.31666447310692,0
-15.05,0.492749,31.57,63.31666447310692,0
7.81,0.500424,31.57,64.1404708432983,0
0.53,0.500424,31.57,63.31666447310692,0
-9.05,0.500424,31.57,63.31666447310692,0
9.6,0.500424,31.57,63.31666447310692,0
3.63,0.499144,31.57,63.31666447310692,0
-22.3,0.500424,31.57,63.31666447310692,0
20.83,0.499144,31.57,63.31666447310692,0
15.59,0.500424,31.55,63.31666447310692,0
-15.24,0.499144,31.55,63.37191807101944,0
2.34,0.49019,31.55,63.31666447310692,0
8.16,0.497865,31.55,63.31666447310692,0
-4.23,0.497865,31.57,63.31666447310692,0
-15.82,0.499144,31.57,64.1404708432983,0
8.21,0.495307,31.57,63.31666447310692,0
14.62,0.497865,31.57,63.31666447310692,0
-13.74,0.499144,31.55,63.31666447310692,0
1.75,0.500424,31.55,63.31666447310692,0
11.32,0.497865,31.55,63.31666447310692,0
4.94,0.497865,31.55,63.2771680782255,0
-24.68,0.496586,31.55,64.1404708432983,0
12.66,0.497865,31.55,63.31666447310692,0
10.86,0.497865,31.55,63.58458932791813,0
-16.36,0.496586,31.55,63.31666447310692,0
0.34,0.497865,31.55,63.31666447310692,0
3.83,0.495307,31.55,63.2771680782255,0
-1.02,0.496586,31.55,64.10148204214939,0
-31.06,0.496586,31.55,64.1404708432983,0
16.19,0.496586,31.53,63.31666447310692,0
16.72,0.496586,31.53,63.31666447310692,0
-6.94,0.495307,31.53,63.31666447310692,0
14.55,0.494028,31.53,63.31666447310692,0
3.87,0.491469,31.53,62.75348595894893,0
-12.75,0.495307,31.53,63.31666447310692,0
-14.7,0.495307,31.53,63.31666447310692,0
12.57,0.496586,31.53,63.31666447310692,0
6.73,0.494028,31.51,62.80923498976882,0
-21.22,0.496586,31.51,64.1404708432983,0
13.2,0.492749,31.51,63.31666447310692,0
-0.74,0.492749,31.51,63.58458932791813,0
-11.12,0.494028,31.51,63.31666447310692,0
19.14,0.495307,31.51,63.37191807101944,0
3.16,0.485074,31.51,62.80923498976882,0
-27.49,0.488911,31.51,63.31666447310692,0
13.59,0.488911,31.51,62.80923498976882,0
11.84,0.491469,31.51,63.31666447310692,0
-13.56,0.49019,31.51,63.37191807101944,0
-30.36,0.49019,31.51,62.80923498976882,0
10.3,0.491469,31.49,62.80923498976882,0
2.39,0.49019,31.49,63.63961030678928,0
-16.46,0.492749,31.49,63.58458932791813,0
18.93,0.492749,31.49,63.63961030678928,0
20.36,0.492749,31.49,63.63961030678928,0
-9.27,0.491469,31.49,63.63961030678928,0
16.64,0.49019,31.49,63.58458932791813,0
-4.77,0.491469,31.49,63.58458932791813,0
-11.38,0.49019,31.51,63.63961030678928,0
-27.89,0.492749,31.51,63.58458932791813,0
18.49,0.491469,31.51,62.75348595894893,0
11.08,0.49019,31.51,63.63961030678928,0
-16.01,0.491469,31.51,63.63961030678928,0
22.61,0.49019,31.51,63.31666447310692,0
17.56,0.491469,31.51,63.37191807101944,0
-8.81,0.49019,31.51,62.80923498976882,0
-17.88,0.49019,31.51,62.75348595894893,0
10.27,0.49019,31.51,63.58458932791813,0
3.89,0.488911,31.51,63.58458932791813,0
-16.85,0.49019,31.51,63.58458932791813,0
17.17,0.485074,31.47,62.75348595894893,0
13.02,0.49019,31.47,64.42049363362563,0
-11.31,0.49019,31.47,64.42049363362563,0
13.34,0.491469,31.47,63.03967004989794,0
11.3,0.491469,31.47,63.03967004989794,0
-11.66,0.491469,31.47,63.88270501473775,0
3.63,0.491469,31.47,63.88270501473775,0
11.29,0.488911,31.47,63.88270501473775,0
-0.43,0.488911,31.47,63.03967004989794,0
-24.57,0.49019,31.47,63.03967004989794,0
8.61,0.488911,31.47,63.88270501473775,0
7.06,0.488911,31.47,63.88270501473775,0
-12.45,0.49019,31.47,63.93746945258312,0
17.28,0.487632,31.47,63.93746945258312,0
13.51,0.49019,31.47,63.93746945258312,0
-16.79,0.488911,31.47,63.03967004989794,0
8.42,0.49019,31.47,63.095166217389426,0
12.25,0.486353,31.47,63.41135544995076,0
-13.5,0.488911,31.47,63.095166217389426,0
-10.2,0.486353,31.47,63.93746945258312,0
8.41,0.487632,31.43,63.095166217389426,0
-10.48,0.487632,31.43,63.095166217389426,0
-22.65,0.482515,31.43,63.93746945258312,0
10.25,0.486353,31.43,63.03967004989794,0
6.18,0.486353,31.45,63.03967004989794,0
-19.15,0.488911,31.45,63.93746945258312,0
16.29,0.485074,31.45,63.93746945258312,0
15.71,0.487632,31.45,63.41135544995076,0
-9.1,0.486353,31.45,63.93746945258312,0
8.81,0.487632,31.45,63.93746945258312,0
5.63,0.483794,31.45,63.03967004989794,0
1.82,0.486353,31.45,63.095166217389426,0
-26.36,0.479957,31.43,63.095166217389426,0
9.69,0.485074,31.43,63.03967004989794,0
8.05,0.486353,31.43,63.88270501473775,0
-16.69,0.483794,31.43,63.03967004989794,0
13.29,0.485074,31.45,63.93746945258312,0
15.18,0.486353,31.45,63.88270501473775,0
-20.53,0.487632,31.45,63.93746945258312,0
17.15,0.485074,31.45,63.095166217389426,0
17.94,0.486353,31.39,63.095166217389426,0
-11.98,0.482515,31.39,63.93746945258312,0
4.46,0.486353,31.39,63.93746945258312,0
10.8,0.482515,31.39,63.41135544995076,0
3.45,0.483794,31.39,63.095166217389426,0
-20.07,0.483794,31.39,63.095166217389426,0
9.24,0.485074,31.39,63.41135544995076,0
5.29,0.485074,31.39,63.095166217389426,0
-23.35,0.485074,31.41,63.88270501473775,0
4.35,0.485074,31.41,62.505999712027645,0
2.31,0.483794,31.41,63.095166217389426,0
-9.73,0.485074,31.41,63.88270501473775,0
9.41,0.483794,31.41,63.93746945258312,0
0.5,0.485074,31.41,63.095166217389426,0
-17.48,0.482515,31.41,63.93746945258312,0
8.99,0.485074,31.41,63.03967004989794,0
1.72,0.483794,31.39,63.095166217389426,0
-14.82,0.486353,31.39,63.93746945258312,0
11.79,0.483794,31.39,63.93746945258312,0
12.28,0.485074,31.39,63.095166217389426,0
0.77,0.478678,31.39,63.93746945258312,0
-26.11,0.483794,31.39,63.93746945258312,0
10.73,0.483794,31.39,63.93746945258312,0
11.72,0.479957,31.39,63.88270501473775,0
-5.95,0.482515,31.39,63.095166217389426,0
-24.69,0.481236,31.39,63.93746945258312,0
9.15,0.482515,31.39,63.88270501473775,0
7.47,0.482515,31.39,63.93746945258312,0
-10.38,0.481236,31.37,63.88270501473775,0
-27.21,0.481236,31.37,63.88270501473775,0
-0.44,0.481236,31.37,63.88270501473775,0
10.72,0.482515,31.37,63.03967004989794,0
-9.81,0.483794,31.35,63.93746945258312,0
0.83,0.481236,31.35,63.03967004989794,0
12.8,0.478678,31.35,63.095166217389426,0
4.61,0.476119,31.35,63.03967004989794,0
-18.34,0.482515,31.35,63.03967004989794,0
15.34,0.483794,31.35,63.31666447310692,0
10.0,0.482515,31.35,63.702433234531945,0
-5.32,0.483794,31.35,63.702433234531945,0
-18.66,0.482515,31.33,63.702433234531945,0
53.95,0.483794,31.33,63.702433234531945,0
26.4,0.483794,31.33,62.8410693734599,0
-34.1,0.482515,31.33,62.89674077406555,0
-39.62,0.481236,31.35,62.8410693734599,0
-15.77,0.481236,31.35,62.8410693734599,0
-6.21,0.481236,31.35,63.702433234531945,0
-30.33,0.482515,31.35,63.702433234531945,0
22.89,0.482515,31.35,63.702433234531945,0
20.84,0.482515,31.35,63.35613624582863,0
-6.42,0.482515,31.35,62.8410693734599,0
14.58,0.482515,31.35,62.8410693734599,0
9.44,0.481236,31.35,63.702433234531945,0
-2.45,0.482515,31.35,62.8410693734599,0
-9.15,0.481236,31.35,63.35613624582863,0
7.76,0.479957,31.35,62.8410693734599,0
3.41,0.478678,31.31,62.8410693734599,0
-19.34,0.479957,31.31,62.8410693734599,0
9.27,0.481236,31.31,62.8410693734599,0
13.92,0.481236,31.31,62.8410693734599,0
-17.92,0.481236,31.35,63.702433234531945,0
0.97,0.481236,31.35,62.8410693734599,0
9.84,0.47484,31.35,63.702433234531945,0
3.11,0.479957,31.35,62.8410693734599,0
-18.63,0.481236,31.33,63.35613624582863,0
13.55,0.479957,31.33,63.35613624582863,0
3.01,0.478678,31.33,62.89674077406555,0
-15.81,0.477399,31.33,63.702433234531945,0
11.12,0.479957,31.33,63.702433234531945,0
11.85,0.477399,31.33,62.8410693734599,0
-24.51,0.477399,31.33,62.8410693734599,0
17.06,0.478678,31.33,63.41135544995076,0
9.96,0.477399,31.33,63.41135544995076,0
-23.86,0.479957,31.33,61.78996682310163,0
20.28,0.477399,31.33,63.41135544995076,0
14.69,0.478678,31.33,64.33506042586733,0
-4.28,0.477399,31.33,63.48228099241551,0
2.81,0.478678,31.33,62.89674077406555,0
16.2,0.473561,31.33,63.41135544995076,0
-11.1,0.476119,31.33,63.41135544995076,0
-43.63,0.476119,31.33,63.48228099241551,0
13.67,0.476119,31.33,63.48228099241551,0
7.75,0.477399,31.33,63.41135544995076,0
-16.59,0.47484,31.33,63.41135544995076,0
21.38,0.477399,31.31,63.48228099241551,0
21.93,0.476119,31.31,62.96824596572466,0
-18.0,0.47484,31.31,63.41135544995076,0
0.62,0.47484,31.31,63.48228099241551,0
13.54,0.476119,31.31,63.48228099241551,0
-3.54,0.47484,31.31,64.26507605223851,0
-32.87,0.47484,31.31,63.41135544995076,0
23.13,0.473561,31.31,63.41135544995076,0
27.12,0.472282,31.31,63.48228099241551,0
-16.07,0.47484,31.31,62.96824596572466,0
2.31,0.472282,31.31,62.89674077406555,0
16.08,0.47484,31.31,62.89674077406555,0
-3.36,0.472282,31.31,63.26136261573884,0
-40.87,0.476119,31.31,61.53048025166064,0
17.16,0.473561,31.31,64.43601477434805,0
10.15,0.473561,31.31,63.51377803280167,0
-16.71,0.471003,31.29,57.584720195551874,0
14.4,0.47484,31.29,67.63135367564367,0
-8.42,0.473561,31.29,65.33758489567853,0
-15.23,0.472282,31.29,65.0384501660364,0
-0.21,0.473561,31.29,61.554853586049575,0
61.0,0.465886,31.29,64.2339474110069,0
-44.94,0.473561,31.29,66.55824516917495,0
-38.81,0.467165,31.29,63.0158710167526,0
32.5,0.473561,31.31,61.40846847137616,0
28.03,0.473561,31.31,62.67375846396959,0
-35.05,0.472282,31.31,61.886993787063204,0
20.44,0.468444,31.31,61.98386886924694,0
20.03,0.471003,31.29,64.01562309311689,0
12.2,0.471003,31.29,63.13477647065839,0
-7.14,0.469723,31.29,63.0317380372777,0
-29.52,0.471003,31.29,63.0317380372777,0
-2.4,0.469723,31.29,63.150613615387776,0
23.97,0.472282,31.29,63.0317380372777,0
-14.03,0.471003,31.29,63.150613615387776,0
9.52,0.471003,31.29,63.150613615387776,0
8.02,0.469723,31.29,63.0317380372777,0
-5.51,0.469723,31.29,63.0317380372777,0
17.06,0.468444,31.29,63.0317380372777,0
2.55,0.467165,31.29,62.928530890209096,0
-13.09,0.468444,31.27,62.928530890209096,0
8.12,0.469723,31.27,62.928530890209096,0
-1.8,0.468444,31.27,62.64982043070834,0
-14.61,0.468444,31.27,62.928530890209096,0
12.42,0.469723,31.27,62.928530890209096,0
2.75,0.468444,31.27,62.8410693734599,0
-7.17,0.468444,31.27,62.8410693734599,0
11.18,0.469723,31.27,62.928530890209096,0
0.61,0.467165,31.23,62.8410693734599,0
-3.18,0.468444,31.23,62.8410693734599,0
10.44,0.462048,31.23,62.8410693734599,0
0.22,0.468444,31.23,62.928530890209096,0
-8.21,0.469723,31.25,62.8410693734599,0
9.02,0.471003,31.25,62.8410693734599,0
10.34,0.468444,31.25,63.796551630946325,0
-8.05,0.469723,31.25,62.8410693734599,0
8.06,0.468444,31.23,62.8410693734599,0
12.83,0.468444,31.23,63.796551630946325,0
-9.06,0.464607,31.23,62.8410693734599,0
-2.36,0.467165,31.23,62.56196927846821,0
4.81,0.467165,31.25,62.8410693734599,0
0.06,0.467165,31.25,63.796551630946325,0
-14.52,0.468444,31.25,63.52164985262898,0
3.4,0.467165,31.25,62.56196927846821,0
-2.89,0.468444,31.21,63.796551630946325,0
-8.28,0.468444,31.21,63.796551630946325,0
6.34,0.467165,31.21,62.56196927846821,0
6.45,0.467165,31.21,62.56196927846821,0
-0.69,0.467165,31.23,62.56196927846821,0
5.57,0.467165,31.23,62.56196927846821,0
8.13,0.465886,31.23,63.796551630946325,0
-0.04,0.464607,31.23,62.8410693734599,0
-15.1,0.464607,31.21,62.56196927846821,0
5.46,0.467165,31.21,62.56196927846821,0
0.07,0.465886,31.21,62.8410693734599,0
-15.64,0.465886,31.21,62.8410693734599,0
11.77,0.465886,31.21,62.8410693734599,0
7.38,0.467165,31.21,63.796551630946325,0
-11.1,0.465886,31.21,62.8410693734599,0
9.85,0.465886,31.21,62.8410693734599,0
9.92,0.465886,31.21,63.52164985262898,0
-4.39,0.465886,31.21,63.52164985262898,0
3.45,0.464607,31.21,62.56196927846821,0
7.04,0.464607,31.21,62.56196927846821,0
-3.28,0.462048,31.21,62.8410693734599,0
-13.32,0.464607,31.21,63.52164985262898,0
1.46,0.464607,31.21,62.56196927846821,0
0.51,0.464607,31.21,62.8410693734599,0
-15.89,0.464607,31.23,62.8410693734599,0
12.97,0.465886,31.23,62.8410693734599,0
4.09,0.464607,31.23,63.796551630946325,0
-10.34,0.463328,31.23,62.8410693734599,0
19.6,0.463328,31.21,63.796551630946325,0
17.64,0.463328,31.21,63.52164985262898,0
-1.35,0.464607,31.21,63.45076831686122,0
-6.25,0.464607,31.21,62.8410693734599,0
-6.72,0.464607,31.23,63.796551630946325,0
-9.55,0.463328,31.23,62.56196927846821,0
-15.86,0.463328,31.23,62.56196927846821,0
22.77,0.462048,31.23,62.56196927846821,0
22.03,0.462048,31.21,63.52164985262898,0
-29.6,0.463328,31.21,63.52164985262898,0
-13.8,0.463328,31.21,63.52164985262898,0
13.24,0.462048,31.21,63.52164985262898,0
3.36,0.460769,31.19,63.52164985262898,0
0.04,0.463328,31.19,63.52164985262898,0
9.54,0.462048,31.19,62.56196927846821,0
1.93,0.462048,31.19,62.8410693734599,0
-11.33,0.462048,31.21,62.8410693734599,0
7.26,0.462048,31.21,62.8410693734599,0
7.21,0.462048,31.21,62.8410693734599,0
-10.22,0.463328,31.21,62.8410693734599,0
-4.59,0.462048,31.19,63.796551630946325,0
2.19,0.464607,31.19,62.8410693734599,0
-15.33,0.462048,31.19,62.8410693734599,0
13.04,0.462048,31.19,62.8410693734599,0
5.71,0.458211,31.19,62.8410693734599,0
-15.09,0.462048,31.19,63.796551630946325,0
19.21,0.464607,31.19,62.56196927846821,0
4.57,0.463328,31.19,62.8410693734599,0
-3.45,0.463328,31.19,62.56196927846821,0
0.42,0.462048,31.19,62.56196927846821,0
2.16,0.463328,31.19,62.8410693734599,0
-8.08,0.463328,31.19,62.8410693734599,0
-11.78,0.462048,31.19,62.8410693734599,0
6.39,0.463328,31.19,62.8410693734599,0
7.0,0.460769,31.19,62.8410693734599,0
-4.16,0.455653,31.19,63.796551630946325,0
-3.26,0.45949,31.21,63.796551630946325,0
0.08,0.460769,31.21,62.8410693734599,0
-2.16,0.460769,31.21,63.796551630946325,0
-12.81,0.460769,31.21,62.8410693734599,0
2.13,0.45949,31.19,62.8410693734599,0
5.95,0.462048,31.19,62.8410693734599,0
3.28,0.460769,31.19,63.72597586541927,0
-12.16,0.45949,31.19,63.796551630946325,0
3.24,0.45949,31.21,62.8410693734599,0
3.37,0.455653,31.21,62.8410693734599,0
-5.09,0.454373,31.21,63.796551630946325,0
-12.56,0.458211,31.21,62.8410693734599,0
4.73,0.45949,31.19,63.45076831686122,0
8.58,0.45949,31.19,62.56196927846821,0
-5.5,0.45949,31.19,62.8410693734599,0
4.79,0.458211,31.19,62.8410693734599,0
9.43,0.45949,31.21,62.8410693734599,0
-1.95,0.454373,31.21,62.8410693734599,0
-13.6,0.45949,31.21,62.8410693734599,0
7.38,0.456932,31.21,62.8410693734599,0
3.05,0.454373,31.19,62.8410693734599,0
-18.14,0.458211,31.19,62.8410693734599,0
15.81,0.455653,31.19,62.8410693734599,0
10.99,0.456932,31.19,63.796551630946325,0
-11.69,0.455653,31.21,63.796551630946325,0
14.88,0.45949,31.21,62.8410693734599,0
11.14,0.456932,31.21,63.45076831686122,0
-11.03,0.458211,31.21,62.489999199871974,0
-11.25,0.45949,31.19,62.56196927846821,0
3.17,0.458211,31.19,63.45076831686122,0
2.49,0.456932,31.19,62.489999199871974,0
-15.69,0.455653,31.19,63.72597586541927,0
3.7,0.458211,31.19,63.796551630946325,0
2.98,0.455653,31.19,62.76941930590086,0
-10.97,0.456932,31.19,62.8410693734599,0
11.06,0.455653,31.19,62.8410693734599,0
0.69,0.455653,31.19,62.489999199871974,0
-14.29,0.455653,31.19,62.56196927846821,0
10.55,0.456932,31.19,63.52164985262898,0
6.05,0.456932,31.19,62.56196927846821,0
-11.24,0.455653,31.19,63.796551630946325,0
7.11,0.455653,31.19,62.56196927846821,0
8.71,0.454373,31.19,63.45076831686122,0
-6.58,0.455653,31.19,63.45076831686122,0
4.82,0.456932,31.19,62.56196927846821,0
7.41,0.458211,31.19,63.45076831686122,0
-0.9,0.456932,31.19,62.489999199871974,0
-11.55,0.458211,31.19,62.8410693734599,0
1.19,0.458211,31.19,62.76941930590086,0
-5.56,0.458211,31.19,63.72597586541927,0
-6.54,0.458211,31.19,62.76941930590086,0
6.4,0.458211,31.19,62.8410693734599,0
8.36,0.455653,31.17,62.8410693734599,0
-3.38,0.455653,31.17,62.8410693734599,0
2.9,0.456932,31.17,63.796551630946325,0
-1.97,0.455653,31.17,62.8410693734599,0
-9.78,0.455653,31.19,62.8410693734599,0
12.02,0.458211,31.19,62.8410693734599,0
9.82,0.456932,31.19,62.8410693734599,0
-9.48,0.455653,31.19,63.796551630946325,0
-18.86,0.455653,31.17,62.8410693734599,0
2.91,0.456932,31.17,63.796551630946325,0
4.88,0.455653,31.17,62.76941930590086,0
-12.6,0.454373,31.17,62.76941930590086,0
-4.82,0.451815,31.17,62.56196927846821,0
8.53,0.454373,31.17,62.8410693734599,0
2.62,0.453094,31.17,63.796551630946325,0
-8.67,0.453094,31.17,62.76941930590086,0
10.62,0.453094,31.15,62.76941930590086,0
5.76,0.454373,31.15,62.76941930590086,0
-3.53,0.454373,31.15,62.76941930590086,0
-8.23,0.453094,31.15,62.76941930590086,0
8.54,0.453094,31.17,62.76941930590086,0
4.55,0.454373,31.17,62.8410693734599,0
-8.53,0.450536,31.17,62.76941930590086,0
2.65,0.449257,31.17,62.76941930590086,0
4.88,0.453094,31.17,62.76941930590086,0
-11.79,0.454373,31.17,62.76941930590086,0
2.54,0.451815,31.17,62.76941930590086,0
12.45,0.453094,31.17,62.76941930590086,0
-0.22,0.451815,31.17,62.76941930590086,0
-14.57,0.453094,31.17,63.72597586541927,0
5.51,0.451815,31.17,62.8410693734599,0
3.19,0.451815,31.17,62.76941930590086,0
-15.28,0.451815,31.15,63.72597586541927,0
8.51,0.450536,31.15,63.72597586541927,0
4.07,0.450536,31.15,62.76941930590086,0
-14.39,0.450536,31.15,62.76941930590086,0
13.53,0.450536,31.17,62.76941930590086,0
5.22,0.445419,31.17,62.76941930590086,0
-15.87,0.445419,31.17,62.76941930590086,0
8.41,0.449257,31.17,62.76941930590086,0
3.45,0.450536,31.19,62.76941930590086,0
-20.25,0.450536,31.19,62.76941930590086,0
10.52,0.450536,31.19,63.72597586541927,0
6.1,0.449257,31.19,62.76941930590086,0
-18.94,0.447978,31.17,62.76941930590086,0
8.62,0.447978,31.17,62.76941930590086,0
9.27,0.446698,31.17,63.72597586541927,0
-9.73,0.446698,31.17,62.76941930590086,0
11.28,0.447978,31.17,62.76941930590086,0
11.02,0.446698,31.17,62.76941930590086,0
-2.95,0.447978,31.17,62.76941930590086,0
-13.84,0.447978,31.17,62.76941930590086,0
5.94,0.447978,31.15,62.76941930590086,0
3.66,0.449257,31.15,62.76941930590086,0
-13.42,0.449257,31.15,62.76941930590086,0
10.26,0.445419,31.15,62.76941930590086,0
8.39,0.44414,31.15,62.76941930590086,0
-7.72,0.446698,31.15,62.76941930590086,0
8.52,0.446698,31.15,62.76941930590086,0
5.68,0.446698,31.15,62.76941930590086,0
-8.05,0.446698,31.15,62.76941930590086,0
-1.28,0.446698,31.15,62.76941930590086,0
6.51,0.445419,31.15,62.76941930590086,0
-1.3,0.446698,31.15,62.71363488110062,0
-17.28,0.446698,31.15,62.76941930590086,0
6.14,0.446698,31.15,62.76941930590086,0
6.58,0.442861,31.15,62.71363488110062,0
-12.76,0.44414,31.15,63.72597586541927,0
17.91,0.445419,31.15,63.45076831686122,0
14.03,0.446698,31.15,62.76941930590086,0
10.72,0.44414,31.15,62.76941930590086,0
-4.91,0.442861,31.15,62.489999199871974,0
12.05,0.44414,31.13,62.76941930590086,0
-43.56,0.44414,31.13,62.76941930590086,0
-54.93,0.445419,31.13,62.76941930590086,0
17.03,0.44414,31.13,62.76941930590086,0
3.11,0.44414,31.15,63.72597586541927,0
-0.31,0.44414,31.15,63.72597586541927,0
12.66,0.440302,31.15,63.72597586541927,0
7.84,0.442861,31.15,62.489999199871974,0
-25.59,0.44414,31.11,62.76941930590086,0
-0.57,0.445419,31.11,62.76941930590086,0
16.91,0.442861,31.11,62.76941930590086,0
15.05,0.44414,31.11,62.76941930590086,0
-12.14,0.441582,31.13,62.76941930590086,0
14.45,0.44414,31.13,62.76941930590086,0
6.96,0.44414,31.13,62.76941930590086,0
-13.87,0.44414,31.13,62.76941930590086,0
12.5,0.442861,31.13,62.489999199871974,0
5.16,0.442861,31.13,62.71363488110062,0
-9.61,0.441582,31.13,61.886993787063204,0
1.07,0.442861,31.13,62.928530890209096,0
40.88,0.442861,31.11,62.928530890209096,0
37.9,0.441582,31.11,63.0317380372777,0
-41.47,0.442861,31.11,62.8410693734599,0
-1.44,0.440302,31.11,63.89053137985315,0
5.59,0.441582,31.13,62.65780079128216,0
-5.45,0.442861,31.13,62.65780079128216,0
-76.35,0.445419,31.13,63.7808748764079,0
-219.24,0.441582,31.13,63.60031446463138,0
49.52,0.439023,31.11,63.43500610861482,0
-30.28,0.436465,31.11,62.95236294214857,0
-33.79,0.441582,31.11,62.95236294214857,0
-32.34,0.440302,31.11,63.89053137985315,0
41.92,0.440302,31.09,63.89053137985315,0
19.35,0.441582,31.09,62.95236294214857,0
8.36,0.440302,31.09,63.89053137985315,0
11.99,0.441582,31.09,63.13477647065839,0
11.31,0.441582,31.07,62.95236294214857,0
7.53,0.442861,31.07,62.95236294214857,0
-11.59,0.441582,31.07,62.95236294214857,0
20.34,0.440302,31.07,62.489999199871974,0
31.61,0.441582,31.11,62.489999199871974,0
50.19,0.441582,31.11,63.43500610861482,0
-56.99,0.441582,31.11,63.150613615387776,0
-59.2,0.440302,31.11,63.28506932918696,0
-38.8,0.441582,31.09,62.928530890209096,0
31.03,0.441582,31.09,62.8410693734599,0
28.22,0.435186,31.09,62.76941930590086,0
0.97,0.439023,31.09,62.76941930590086,0
44.58,0.440302,31.09,62.76941930590086,0
74.13,0.439023,31.09,63.72597586541927,0
25.2,0.439023,31.09,62.433965115151864,0
-150.62,0.440302,31.09,64.35837163881635,0
-19.2,0.440302,31.07,62.39390995922599,0
-13.97,0.439023,31.07,62.39390995922599,0
-8.71,0.440302,31.07,63.35613624582863,0
53.59,0.439023,31.07,63.35613624582863,0
14.61,0.440302,31.07,63.33245613427605,0
-35.2,0.439023,31.07,63.33245613427605,0
10.87,0.440302,31.07,63.33245613427605,0
40.05,0.439023,31.07,63.35613624582863,0
33.74,0.437744,31.07,63.35613624582863,0
6.05,0.439023,31.07,62.433965115151864,0
-48.38,0.439023,31.07,63.39558344238185,0
-40.07,0.437744,31.07,63.35613624582863,0
-5.16,0.437744,31.05,63.095166217389426,0
16.61,0.437744,31.05,63.35613624582863,0
1.87,0.437744,31.05,63.35613624582863,0
-0.68,0.439023,31.05,63.35613624582863,0
18.35,0.439023,31.07,63.095166217389426,0
9.63,0.437744,31.07,63.35613624582863,0
-6.44,0.439023,31.07,63.35613624582863,0
30.88,0.437744,31.07,63.35613624582863,0
3.03,0.437744,31.07,63.35613624582863,0
-38.02,0.439023,31.07,63.35613624582863,0
-2.41,0.439023,31.07,63.35613624582863,0
3.81,0.439023,31.07,63.35613624582863,0
-13.26,0.436465,31.05,63.35613624582863,0
15.03,0.437744,31.05,63.35613624582863,0
11.15,0.437744,31.05,63.35613624582863,0
-18.57,0.437744,31.05,63.35613624582863,0
16.25,0.436465,31.05,63.35613624582863,0
7.8,0.436465,31.05,63.35613624582863,0
-10.0,0.436465,31.05,63.35613624582863,0
7.23,0.436465,31.05,63.35613624582863,0
4.12,0.436465,31.05,63.35613624582863,0
-7.18,0.437744,31.05,63.35613624582863,0
-10.59,0.431348,31.05,63.35613624582863,0
9.1,0.437744,31.05,63.35613624582863,0
-0.1,0.437744,31.07,62.39390995922599,0
-18.02,0.437744,31.07,63.35613624582863,0
8.34,0.437744,31.07,63.35613624582863,0
-1.0,0.436465,31.07,63.35613624582863,0
-21.45,0.437744,31.07,63.35613624582863,0
15.64,0.435186,31.07,63.35613624582863,0
7.31,0.435186,31.07,63.35613624582863,0
-17.79,0.436465,31.07,63.35613624582863,0
13.68,0.433907,31.05,63.095166217389426,0
12.16,0.435186,31.05,63.095166217389426,0
-8.98,0.436465,31.05,63.095166217389426,0
-4.78,0.435186,31.05,63.095166217389426,0
8.24,0.433907,31.03,63.095166217389426,0
2.05,0.436465,31.03,63.35613624582863,0
-16.25,0.435186,31.03,63.35613624582863,0
2.13,0.435186,31.03,63.095166217389426,0
2.95,0.433907,31.01,63.35613624582863,0
-18.19,0.435186,31.01,63.35613624582863,0
9.43,0.435186,31.01,63.35613624582863,0
3.5,0.435186,31.01,63.35613624582863,0
-24.28,0.42879,31.01,63.35613624582863,0
12.3,0.436465,31.01,63.35613624582863,0
4.72,0.436465,31.01,62.39390995922599,0
-22.96,0.435186,31.01,62.39390995922599,0
14.92,0.435186,31.03,63.35613624582863,0
7.11,0.433907,31.03,63.35613624582863,0
-16.34,0.435186,31.03,63.35613624582863,0
15.32,0.433907,31.03,63.35613624582863,0
8.91,0.432627,31.03,63.35613624582863,0
-10.82,0.436465,31.03,63.35613624582863,0
12.83,0.433907,31.03,63.35613624582863,0
10.01,0.435186,31.03,63.35613624582863,0
-3.48,0.436465,31.01,63.35613624582863,0
-15.66,0.436465,31.01,63.35613624582863,0
7.47,0.435186,31.01,63.35613624582863,0
-1.42,0.435186,31.01,63.35613624582863,0
-11.22,0.433907,31.01,63.35613624582863,0
13.1,0.436465,31.01,63.35613624582863,0
3.46,0.430069,31.01,63.35613624582863,0
-15.44,0.432627,31.01,63.35613624582863,0
3.76,0.433907,31.03,63.35613624582863,0
8.28,0.433907,31.03,63.33245613427605,0
-7.88,0.433907,31.03,63.35613624582863,0
-23.84,0.431348,31.03,62.39390995922599,0
18.58,0.433907,31.03,63.35613624582863,0
18.49,0.433907,31.03,63.35613624582863,0
-12.5,0.433907,31.03,63.631753079732135,0
-0.84,0.433907,31.03,62.71363488110062,0
-13.84,0.433907,31.01,63.671029518926424,0
-13.01,0.432627,31.01,65.6505902486794,0
-0.6,0.432627,31.01,61.87891401761993,0
7.65,0.439023,31.01,60.95079983068311,0
25.98,0.439023,30.99,65.79513659838392,0
0.59,0.442861,30.99,63.702433234531945,0
4.91,0.441582,30.99,62.39390995922599,0
-180.0,0.441582,30.99,65.55913361233506,0
90.82,0.441582,31.01,63.647466563878254,0
-50.02,0.440302,31.01,58.0689245638319,0
24.54,0.441582,31.01,63.15853069855251,0
-29.92,0.440302,31.01,65.28399497579785,0
27.0,0.439023,31.03,65.72670690061993,0
3.79,0.440302,31.03,62.88083968904996,0
20.91,0.440302,31.03,57.148928248918196,0
-10.61,0.433907,31.03,60.03332407921454,0
3.25,0.441582,31.03,61.97580172938467,0
9.74,0.440302,31.03,66.4304147209695,0
42.75,0.44414,31.03,62.52999280345393,0
59.37,0.446698,31.03,65.91661399070799,0
-20.68,0.446698,31.01,62.048368229954285,0
-1.11,0.447978,31.01,62.369864518050704,0
7.86,0.451815,31.01,60.64651680022522,0
41.97,0.451815,31.01,62.44197306299666,0
132.76,0.450536,30.99,63.15853069855251,0
-178.32,0.451815,30.99,63.29296959378664,0
-137.9,0.454373,30.99,61.78996682310163,0
-35.84,0.453094,30.99,62.10475022089695,0
-36.42,0.453094,31.01,67.92643079096678,0
55.49,0.453094,31.01,59.43904440685432,0
14.15,0.454373,31.01,61.814237842102365,0
50.46,0.454373,31.01,63.75735251718032,0
39.39,0.451815,31.01,64.50581369148055,0
20.99,0.454373,31.01,66.58828725834597,0
-301.18,0.450536,31.01,52.76362383309168,0
35.16,0.449257,31.01,52.20153254455275,0
128.34,0.451815,31.01,61.35144660071187,0
-15.76,0.451815,31.01,66.58077800686922,0
-9.72,0.445419,31.01,63.4428877022476,0
15.2,0.453094,31.01,65.50572494064927,0
0.18,0.450536,31.01,81.54140052758476,0
58.83,0.451815,31.01,42.34383071948026,0
-13.37,0.454373,31.01,60.241181927316134,0
-123.52,0.455653,31.01,57.77542730261716,0
124.08,0.456932,31.01,67.26068688320095,0
221.3,0.455653,31.01,63.85922016435841,0
-75.68,0.454373,31.01,63.76519426771944,0
40.64,0.455653,31.01,67.12674578735364,0
-59.25,0.545195,31.03,62.77738446287803,0
-343.88,1.053027,31.03,62.0,0
-192.72,1.097867,31.03,62.95236294214857,0
-849.89,1.0467,31.03,63.7808748764079,0
578.9,0.977625,31.03,63.45076831686122,0
293.74,0.925179,31.03,64.5832795698701,0
70.16,0.885524,31.03,62.5939294181153,0
-317.26,0.842032,31.03,63.76519426771944,0
30.58,0.774236,30.99,68.86218120274728,0
34.87,0.67446,30.99,69.83552104767315,0
20.6,0.552939,30.99,57.844619455918284,0
6.61,0.513284,30.99,72.91090453423274,0
-91.06,0.497934,31.01,62.13694553162394,0
54.4,0.556707,31.01,61.40846847137616,0
183.69,0.551591,31.01,60.21627686929839,0
-67.75,0.546474,31.01,65.30696746902278,0
-14.71,0.542636,31.01,61.40846847137616,0
-51.22,0.538799,31.01,64.57553716385176,0
18.71,0.53752,31.01,62.976185975335156,0
-53.57,0.534961,31.01,64.2339474110069,0
22.61,0.529845,31.01,62.96824596572466,0
-4.97,0.531124,31.01,63.0,0
31.37,0.519611,31.01,63.13477647065839,0
5.12,0.527286,31.01,63.0,0
-42.54,0.524728,30.99,62.297672508690084,0
31.95,0.527286,30.99,62.297672508690084,0
6.35,0.523449,30.99,62.321745803531535,0
2.66,0.523449,30.99,62.976185975335156,0
-15.48,0.526007,31.01,62.976185975335156,0
21.4,0.524728,31.01,63.0,0
-6.09,0.523449,31.01,62.976185975335156,0
-19.22,0.518332,31.01,63.0,0
-4.31,0.52089,31.01,63.0,0
-25.18,0.518332,31.01,63.0,0
21.55,0.519611,31.01,63.0,0
-7.71,0.517053,31.01,63.0,0
24.98,0.517053,30.97,63.0,0
-5.58,0.511936,30.97,63.0,0
-26.63,0.517053,30.97,63.0,0
-3.71,0.518332,30.97,63.0,0
-28.26,0.515774,30.99,63.0,0
19.85,0.515774,30.99,62.976185975335156,0
-19.47,0.509378,30.99,63.0,0
28.93,0.514495,30.99,62.976185975335156,0
-11.54,0.511936,30.99,63.686733312362634,0
20.64,0.517053,30.99,62.297672508690084,0
-14.63,0.513215,30.99,63.0,0
5.4,0.513215,30.99,62.96824596572466,0
8.08,0.513215,30.97,62.297672508690084,0
-23.08,0.510657,30.97,63.0,0
18.84,0.511936,30.97,63.0,0
-21.82,0.510657,30.97,63.0,0
40.37,0.513215,30.99,63.0,0
8.35,0.50554,30.99,63.0,0
35.11,0.509378,30.99,63.0,0
14.36,0.50682,30.99,62.976185975335156,0
-9.71,0.509378,31.01,63.0,0
31.42,0.502982,31.01,63.0,0
13.81,0.509378,31.01,63.0,0
-12.8,0.508099,31.01,63.0,0
27.79,0.50682,30.97,63.0,0
16.81,0.510657,30.97,62.976185975335156,0
-18.83,0.50682,30.97,63.0,0
22.73,0.50682,30.97,63.0,0
6.22,0.502982,30.99,63.0,0
-16.56,0.508099,30.99,63.0,0
22.3,0.504261,30.99,63.0,0
5.59,0.50682,30.99,63.0,0
-14.14,0.504261,30.99,63.0,0
-21.97,0.508099,30.99,63.0,0
3.79,0.504261,30.99,63.0,0
-9.16,0.502982,30.99,63.0,0
-24.18,0.504261,30.99,62.297672508690084,0
26.41,0.502982,30.99,63.0,0
16.37,0.504261,30.99,63.0,0
-11.33,0.500424,30.99,63.0,0
-40.25,0.502982,30.99,63.0,0
13.32,0.497865,30.99,63.0,0
6.16,0.501703,30.99,63.06346010171025,0
-16.82,0.501703,30.99,63.0,0
35.62,0.501703,30.99,64.38167441127949,0
17.37,0.501703,30.99,62.297672508690084,0
-1.9,0.499144,30.99,63.0,0
-33.23,0.500424,30.99,63.0,0
7.58,0.499144,31.01,63.0,0
10.7,0.501703,31.01,63.0,0
-23.54,0.491469,31.01,62.353829072479584,0
31.99,0.500424,31.01,63.00793600809346,0
10.59,0.499144,30.99,62.27358990776106,0
-20.53,0.499144,30.99,62.96824596572466,0
14.28,0.499144,30.99,62.27358990776106,0
10.79,0.497865,30.99,62.96824596572466,0
-19.24,0.500424,30.99,62.96824596572466,0
21.47,0.497865,30.99,62.96824596572466,0
11.72,0.500424,30.99,62.96824596572466,0
-22.44,0.491469,30.99,62.96824596572466,0
28.87,0.499144,30.99,70.46275611981126,0
14.91,0.494028,30.99,58.872744118140105,0
-25.65,0.497865,30.99,53.41348144429457,0
33.88,0.496586,30.99,75.08661665037252,0
27.08,0.486353,31.01,71.33722730804723,0
-33.61,0.478678,31.01,62.00806399170998,0
95.08,0.465886,31.01,82.12186067059123,0
-223.92,0.476119,31.01,31.54362059117501,0
51.64,0.473561,31.01,92.62289133902051,0
-19.9,0.485074,31.01,64.48255578061404,0
15.89,0.483794,31.01,56.73623181001713,0
-199.86,0.481236,31.01,63.85922016435841,0
50.84,0.479957,30.99,66.36264009214823,0
99.46,0.479957,30.99,50.368641037852115,0
-30.08,0.477399,30.99,76.47875521999558,0
14.57,0.478678,30.99,65.63535632568775,0
10.82,0.481236,31.01,72.4568837309472,0
14.52,0.476119,31.01,64.51356446515724,0
32.22,0.473561,31.01,63.095166217389426,0
5.29,0.462048,31.01,57.01754116059373,0
-51.41,0.456932,31.01,50.724747411889595,0
41.79,0.456932,31.01,68.13222438758329,0
-7.92,0.460769,31.01,62.27358990776106,0
-112.0,0.462048,31.01,81.6639455328972,0
36.0,0.464607,31.01,81.51686941977103,0
84.9,0.476119,31.01,63.26926584053272,0
2.48,0.502982,31.01,59.33801479658719,0
-19.6,0.502982,31.01,62.56196927846821,0
-7.39,0.472282,31.01,71.76350047203663,0
176.65,0.471003,31.01,62.27358990776106,0
-89.4,0.473561,31.01,62.13694553162394,0
-165.45,0.472282,31.01,61.335144900782616,0
-17.26,0.472282,31.01,50.33885179461288,0
255.74,0.476119,31.01,56.515484603779164,0
46.23,0.477399,31.01,63.75735251718032,0
-109.44,0.486353,31.01,63.221831672294975,0
-21.93,0.482515,31.01,63.26136261573884,0
-16.94,0.486353,31.01,63.96092557178953,0
60.98,0.485074,31.01,63.812224534175265,0
-61.56,0.483794,31.01,61.91930232165088,0
-4.9,0.481236,30.99,66.2872536767062,0
67.93,0.483794,30.99,63.190189111918315,0
-156.92,0.483794,30.99,62.77738446287803,0
1.69,0.482515,30.99,63.671029518926424,0
60.8,0.482515,30.97,63.788713735268246,0
-41.12,0.477399,30.97,61.71709649683789,0
14.65,0.482515,30.97,63.229739838148944,0
3.22,0.479957,30.97,64.16385275215322,0
-10.17,0.482515,31.01,61.53048025166064,0
64.94,0.482515,31.01,63.14269553954757,0
-21.99,0.481236,31.01,62.52199612936234,0
-16.39,0.481236,31.01,62.63385665915839,0
13.56,0.481236,31.01,63.35613624582863,0
3.41,0.482515,31.01,62.72160712226688,0
-32.69,0.479957,31.01,62.72160712226688,0
12.69,0.482515,31.01,63.56886030125127,0
13.76,0.477399,31.01,63.05553108173778,0
-32.43,0.482515,31.01,62.465990746965666,0
-0.77,0.481236,31.01,63.25345840347388,0
-9.31,0.482515,31.01,63.56886030125127,0
-0.57,0.482515,31.01,63.56886030125127,0
10.43,0.481236,31.01,63.05553108173778,0
-2.14,0.481236,31.01,63.05553108173778,0
15.32,0.481236,31.01,63.56886030125127,0
7.21,0.482515,31.01,63.05553108173778,0
-31.09,0.478678,31.01,63.05553108173778,0
8.75,0.482515,31.01,62.72160712226688,0
-11.52,0.476119,31.01,62.96824596572466,0
13.03,0.481236,31.05,63.05553108173778,0
4.96,0.477399,31.05,63.05553108173778,0
-15.5,0.483794,31.05,63.05553108173778,0
35.6,0.483794,31.05,63.05553108173778,0
11.99,0.482515,31.05,63.05553108173778,0
-24.75,0.482515,31.05,63.05553108173778,0
34.82,0.482515,31.05,63.05553108173778,0
18.12,0.483794,31.05,62.96824596572466,0
-24.24,0.482515,31.07,62.96824596572466,0
33.85,0.483794,31.07,63.05553108173778,0
20.36,0.479957,31.07,63.05553108173778,0
-18.96,0.479957,31.07,63.56886030125127,0
32.3,0.481236,31.05,62.41794613730894,0
10.51,0.481236,31.05,62.849025449882674,0
-11.19,0.481236,31.05,62.30569797378086,0
18.96,0.479957,31.05,62.63385665915839,0
23.48,0.481236,31.07,61.53048025166064,0
-21.93,0.479957,31.07,62.465990746965666,0
4.99,0.473561,31.07,63.15853069855251,0
-8.74,0.479957,31.07,62.289646009589745,0
-8.93,0.478678,31.07,62.77738446287803,0
35.33,0.476119,31.07,62.65780079128216,0
7.59,0.477399,31.07,62.65780079128216,0
-18.61,0.477399,31.07,62.65780079128216,0
22.21,0.477399,31.09,62.77738446287803,0
10.81,0.479957,31.09,62.65780079128216,0
-20.19,0.472282,31.09,62.65780079128216,0
27.08,0.478678,31.09,62.65780079128216,0
8.52,0.478678,31.09,62.65780079128216,0
-24.61,0.478678,31.09,62.77738446287803,0
28.22,0.478678,31.09,62.30569797378086,0
9.85,0.476119,31.09,62.72160712226688,0
-26.22,0.477399,31.09,62.94441992742486,0
30.64,0.478678,31.09,62.65780079128216,0
11.25,0.478678,31.09,62.65780079128216,0
-26.72,0.478678,31.09,62.65780079128216,0
31.08,0.478678,31.11,62.65780079128216,0
22.42,0.479957,31.11,62.65780079128216,0
-2.59,0.478678,31.11,62.65780079128216,0
13.04,0.478678,31.11,62.65780079128216,0
6.23,0.477399,31.13,62.65780079128216,0
-5.27,0.477399,31.13,62.65780079128216,0
-18.87,0.476119,31.13,62.65780079128216,0
2.02,0.47484,31.13,62.65780079128216,0
-3.65,0.477399,31.11,62.65780079128216,0
-19.59,0.477399,31.11,62.65780079128216,0
6.65,0.476119,31.11,62.65780079128216,0
-11.79,0.476119,31.11,62.65780079128216,0
-19.61,0.476119,31.13,62.65780079128216,0
2.28,0.47484,31.13,62.65780079128216,0
-9.97,0.476119,31.13,62.77738446287803,0
-22.19,0.477399,31.13,62.65780079128216,0
5.88,0.47484,31.13,62.65780079128216,0
1.06,0.469723,31.13,62.65780079128216,0
-37.27,0.472282,31.13,62.65780079128216,0
11.2,0.47484,31.13,62.65780079128216,0
12.86,0.468444,31.13,63.15853069855251,0
-23.24,0.47484,31.13,62.65780079128216,0
26.25,0.472282,31.13,62.65780079128216,0
17.29,0.47484,31.13,62.65780079128216,0
-18.0,0.473561,31.15,62.65780079128216,0
4.41,0.476119,31.15,62.65780079128216,0
11.46,0.469723,31.15,62.65780079128216,0
-7.85,0.47484,31.15,62.77738446287803,0
-32.36,0.473561,31.15,62.65780079128216,0
8.13,0.471003,31.15,62.65780079128216,0
4.9,0.47484,31.15,62.65780079128216,0
-46.99,0.471003,31.15,62.65780079128216,0
20.7,0.473561,31.17,62.65780079128216,0
13.99,0.472282,31.17,62.65780079128216,0
-36.8,0.473561,31.17,62.65780079128216,0
32.16,0.473561,31.17,63.52164985262898,0
10.94,0.473561,31.15,62.65780079128216,0
-36.56,0.473561,31.15,62.65780079128216,0
30.24,0.472282,31.15,62.65780079128216,0
10.17,0.471003,31.15,62.65780079128216,0
-32.65,0.468444,31.15,62.65780079128216,0
7.41,0.473561,31.15,62.16912416947821,0
-3.42,0.469723,31.15,62.65780079128216,0
-20.55,0.472282,31.15,62.65780079128216,0
2.19,0.471003,31.13,63.52164985262898,0
-4.55,0.471003,31.13,62.65780079128216,0
-30.05,0.472282,31.13,62.65780079128216,0
3.97,0.469723,31.13,62.65780079128216,0
-3.4,0.471003,31.15,62.65780079128216,0
-40.9,0.472282,31.15,62.65780079128216,0
13.04,0.471003,31.15,62.65780079128216,0
6.95,0.469723,31.15,62.65780079128216,0
-19.5,0.469723,31.21,62.65780079128216,0
21.89,0.469723,31.21,62.65780079128216,0
7.73,0.469723,31.21,63.52164985262898,0
-30.94,0.469723,31.21,62.65780079128216,0
15.93,0.469723,31.19,62.65780079128216,0
-1.83,0.472282,31.19,62.65780079128216,0
-33.96,0.469723,31.19,62.65780079128216,0
3.17,0.469723,31.19,62.65780079128216,0
-9.92,0.469723,31.19,62.65780079128216,0
-3.78,0.469723,31.19,62.77738446287803,0
19.95,0.462048,31.19,62.65780079128216,0
-10.37,0.467165,31.19,62.65780079128216,0
-8.55,0.467165,31.19,62.65780079128216,0
28.03,0.468444,31.19,62.65780079128216,0
5.84,0.469723,31.19,62.65780079128216,0
-23.51,0.469723,31.19,63.03967004989794,0
31.99,0.465886,31.19,62.65780079128216,0
28.5,0.469723,31.19,62.77738446287803,0
3.68,0.467165,31.19,62.65780079128216,0
-30.29,0.469723,31.19,63.03967004989794,0
28.56,0.467165,31.19,62.65780079128216,0
19.29,0.467165,31.19,62.65780079128216,0
-8.03,0.460769,31.19,62.65780079128216,0
-19.18,0.465886,31.19,62.65780079128216,0
22.41,0.467165,31.23,62.65780079128216,0
12.86,0.468444,31.23,62.65780079128216,0
-6.81,0.468444,31.23,62.65780079128216,0
-22.51,0.465886,31.23,62.77738446287803,0
15.69,0.468444,31.21,62.77738446287803,0
9.79,0.467165,31.21,62.65780079128216,0
-13.44,0.467165,31.21,62.77738446287803,0
-22.38,0.465886,31.21,62.65780079128216,0
8.96,0.463328,31.23,62.65780079128216,0
5.66,0.465886,31.23,63.52164985262898,0
-13.77,0.464607,31.23,62.65780079128216,0
-0.62,0.465886,31.23,62.65780079128216,0
1.25,0.463328,31.23,62.65780079128216,0
-5.26,0.467165,31.23,62.65780079128216,0
-30.91,0.465886,31.23,62.65780079128216,0
17.82,0.464607,31.23,62.65780079128216,0
11.99,0.467165,31.21,62.65780079128216,0
-16.36,0.465886,31.21,62.65780079128216,0
30.74,0.465886,31.21,62.65780079128216,0
9.83,0.463328,31.21,62.65780079128216,0
-26.16,0.464607,31.21,62.65780079128216,0
33.38,0.462048,31.21,62.65780079128216,0
14.45,0.464607,31.21,62.77738446287803,0
-37.96,0.463328,31.21,62.65780079128216,0
29.9,0.465886,31.25,62.77738446287803,0
21.64,0.464607,31.25,62.16912416947821,0
-38.33,0.463328,31.25,62.65780079128216,0
33.04,0.464607,31.25,62.65780079128216,0
23.05,0.463328,31.21,62.77738446287803,0
-22.75,0.464607,31.21,62.77738446287803,0
33.33,0.460769,31.21,62.65780079128216,0
27.83,0.465886,31.21,62.65780079128216,0
-6.72,0.462048,31.23,62.16912416947821,0
-39.96,0.464607,31.23,62.77738446287803,0
27.73,0.464607,31.23,63.52164985262898,0
23.63,0.463328,31.23,62.65780079128216,0
-9.72,0.463328,31.23,63.2771680782255,0
-46.06,0.463328,31.23,63.52164985262898,0
14.4,0.463328,31.23,62.65780079128216,0
15.69,0.462048,31.23,62.65780079128216,0
-18.35,0.462048,31.23,63.03967004989794,0
-9.27,0.45949,31.23,63.52164985262898,0
7.66,0.463328,31.23,62.65780079128216,0
0.9,0.463328,31.23,62.65780079128216,0
-22.87,0.463328,31.23,62.65780079128216,0
29.49,0.462048,31.23,62.65780079128216,0
14.99,0.462048,31.23,62.65780079128216,0
-15.41,0.462048,31.23,62.65780079128216,0
-27.69,0.460769,31.23,62.65780079128216,0
3.15,0.465886,31.23,63.52164985262898,0
-5.08,0.462048,31.23,62.77738446287803,0
-44.77,0.463328,31.23,62.65780079128216,0
11.86,0.45949,31.25,62.65780079128216,0
7.03,0.464607,31.25,63.52164985262898,0
-51.42,0.462048,31.25,63.52164985262898,0
27.4,0.462048,31.25,62.77738446287803,0
18.77,0.462048,31.25,62.77738446287803,0
-30.95,0.460769,31.25,62.65780079128216,0
41.21,0.462048,31.25,62.65780079128216,0
28.55,0.460769,31.25,62.65780079128216,0
-21.4,0.462048,31.23,62.77738446287803,0
-4.88,0.456932,31.23,62.77738446287803,0
20.25,0.462048,31.23,62.65780079128216,0
5.48,0.460769,31.23,63.52164985262898,0
-36.25,0.460769,31.23,62.16912416947821,0
44.15,0.460769,31.23,62.65780079128216,0
26.77,0.454373,31.23,62.65780079128216,0
-17.27,0.460769,31.23,63.52164985262898,0
-40.21,0.458211,31.23,62.65780079128216,0
8.61,0.462048,31.23,63.52164985262898,0
9.8,0.460769,31.23,62.65780079128216,0
-36.45,0.460769,31.23,62.65780079128216,0
38.68,0.460769,31.27,62.65780079128216,0
24.45,0.460769,31.27,62.77738446287803,0
-18.17,0.458211,31.27,62.65780079128216,0
-31.97,0.458211,31.27,62.65780079128216,0
7.45,0.458211,31.27,62.65780079128216,0
2.99,0.456932,31.27,62.77738446287803,0
-29.11,0.458211,31.27,62.65780079128216,0
34.71,0.451815,31.27,62.65780079128216,0
23.6,0.458211,31.25,63.03967004989794,0
-29.55,0.45949,31.25,63.15853069855251,0
3.61,0.458211,31.25,62.77738446287803,0
14.02,0.45949,31.25,62.65780079128216,0
-8.65,0.458211,31.25,62.77738446287803,0
-51.1,0.458211,31.25,62.65780079128216,0
13.5,0.458211,31.25,62.65780079128216,0
11.77,0.45949,31.25,62.65780079128216,0
-34.49,0.45949,31.25,63.52164985262898,0
29.21,0.458211,31.25,62.65780079128216,0
20.27,0.45949,31.25,62.65780079128216,0
-20.77,0.45949,31.25,62.65780079128216,0
29.27,0.45949,31.27,63.52164985262898,0
15.88,0.45949,31.27,62.65780079128216,0
-19.84,0.460769,31.27,62.65780079128216,0
28.82,0.458211,31.27,62.65780079128216,0
10.66,0.456932,31.25,62.65780079128216,0
-30.9,0.460769,31.25,62.65780079128216,0
24.04,0.45949,31.25,62.65780079128216,0
8.74,0.458211,31.25,62.65780079128216,0
-36.73,0.458211,31.29,62.65780079128216,0
16.01,0.45949,31.29,62.65780079128216,0
6.72,0.456932,31.29,62.77738446287803,0
-22.24,0.45949,31.29,62.77738446287803,0
28.55,0.45949,31.27,63.52164985262898,0
16.04,0.460769,31.27,63.63961030678928,0
-11.8,0.458211,31.27,62.77738446287803,0
-43.66,0.453094,31.27,63.63961030678928,0
10.94,0.458211,31.27,62.77738446287803,0
9.69,0.455653,31.27,62.65780079128216,0
-7.25,0.456932,31.27,63.03967004989794,0
-43.8,0.456932,31.27,62.77738446287803,0
12.01,0.456932,31.27,62.65780079128216,0
12.61,0.455653,31.27,62.65780079128216,0
-9.65,0.458211,31.27,62.65780079128216,0
-41.89,0.458211,31.27,62.65780079128216,0
14.4,0.458211,31.25,62.65780079128216,0
14.09,0.458211,31.25,62.65780079128216,0
-12.89,0.453094,31.25,62.65780079128216,0
-21.66,0.456932,31.25,62.65780079128216,0
8.04,0.454373,31.27,62.65780079128216,0
1.65,0.458211,31.27,62.65780079128216,0
-28.8,0.455653,31.27,62.65780079128216,0
28.15,0.456932,31.27,63.52164985262898,0
14.83,0.455653,31.29,63.03967004989794,0
-23.14,0.456932,31.29,62.65780079128216,0
31.72,0.451815,31.29,63.52164985262898,0
14.44,0.456932,31.29,62.77738446287803,0
-24.24,0.455653,31.25,62.65780079128216,0
35.07,0.453094,31.25,62.65780079128216,0
22.49,0.456932,31.25,62.65780079128216,0
-18.99,0.453094,31.25,62.77738446287803,0
9.99,0.453094,31.31,62.77738446287803,0
22.84,0.455653,31.31,62.65780079128216,0
-3.65,0.454373,31.31,62.65780079128216,0
-49.38,0.453094,31.31,62.65780079128216,0
28.67,0.454373,31.27,62.77738446287803,0
21.73,0.454373,31.27,63.03967004989794,0
-27.64,0.454373,31.27,62.77738446287803,0
24.77,0.454373,31.27,62.65780079128216,0
19.02,0.451815,31.27,62.65780079128216,0
-6.18,0.455653,31.27,63.03967004989794,0
-44.26,0.447978,31.27,62.65780079128216,0
15.19,0.453094,31.27,63.52164985262898,0
12.52,0.451815,31.27,63.03967004989794,0
-22.05,0.455653,31.27,63.52164985262898,0
24.78,0.447978,31.27,62.65780079128216,0
16.05,0.454373,31.27,62.16912416947821,0
-9.9,0.455653,31.27,63.52164985262898,0
-29.64,0.453094,31.27,62.65780079128216,0
-0.19,0.453094,31.27,62.65780079128216,0
-0.73,0.450536,31.27,62.65780079128216,0
-32.39,0.453094,31.29,62.65780079128216,0
6.02,0.451815,31.29,62.65780079128216,0
-4.43,0.453094,31.29,62.65780079128216,0
-25.6,0.451815,31.29,62.65780079128216,0
1.72,0.451815,31.27,62.65780079128216,0
-9.63,0.453094,31.27,62.65780079128216,0
13.07,0.451815,31.27,62.65780079128216,0
12.93,0.454373,31.27,62.65780079128216,0
-23.46,0.453094,31.27,62.16912416947821,0
33.52,0.451815,31.27,62.65780079128216,0
30.16,0.450536,31.27,62.65780079128216,0
-15.76,0.453094,31.27,62.77738446287803,0
-26.82,0.449257,31.27,62.65780079128216,0
27.38,0.454373,31.27,63.52164985262898,0
19.47,0.450536,31.27,62.65780079128216,0
-25.63,0.451815,31.27,63.52164985262898,0
-12.75,0.451815,31.27,62.16912416947821,0
27.18,0.451815,31.27,62.65780079128216,0
14.23,0.451815,31.27,62.65780079128216,0
-22.23,0.451815,31.27,62.65780079128216,0
-38.56,0.451815,31.29,63.52164985262898,0
15.94,0.447978,31.29,63.52164985262898,0
11.9,0.453094,31.29,63.63961030678928,0
-20.32,0.449257,31.29,62.77738446287803,0
-21.73,0.451815,31.25,62.65780079128216,0
11.32,0.450536,31.25,63.52164985262898,0
11.38,0.451815,31.25,62.77738446287803,0
-26.43,0.450536,31.25,62.16912416947821,0
7.36,0.449257,31.27,62.16912416947821,0
10.57,0.451815,31.27,62.77738446287803,0
-3.38,0.447978,31.27,63.63961030678928,0
-29.94,0.449257,31.27,62.77738446287803,0
30.19,0.446698,31.27,63.52164985262898,0
16.71,0.450536,31.27,62.65780079128216,0
-6.63,0.442861,31.27,62.77738446287803,0
-35.68,0.449257,31.27,63.52164985262898,0
24.57,0.449257,31.27,62.65780079128216,0
19.9,0.447978,31.27,63.52164985262898,0
-16.2,0.449257,31.27,63.52164985262898,0
-2.04,0.447978,31.27,62.65780079128216,0
5.71,0.447978,31.27,62.65780079128216,0
3.42,0.447978,31.27,62.65780079128216,0
-32.49,0.450536,31.27,62.65780079128216,0
11.54,0.445419,31.27,62.65780079128216,0
1.87,0.449257,31.27,62.77738446287803,0
-27.28,0.447978,31.27,63.52164985262898,0
21.79,0.445419,31.27,62.65780079128216,0
6.44,0.447978,31.27,62.65780079128216,0
-42.83,0.446698,31.29,63.52164985262898,0
30.04,0.449257,31.29,63.52164985262898,0
9.87,0.446698,31.29,62.77738446287803,0
-35.91,0.447978,31.29,63.52164985262898,0
32.89,0.446698,31.27,63.52164985262898,0
28.23,0.450536,31.27,62.65780079128216,0
-15.81,0.445419,31.27,62.16912416947821,0
-18.29,0.446698,31.27,63.15853069855251,0
20.0,0.447978,31.27,62.77738446287803,0
14.81,0.445419,31.27,63.52164985262898,0
-27.38,0.446698,31.27,62.65780079128216,0
30.29,0.445419,31.27,63.52164985262898,0
27.88,0.447978,31.29,63.52164985262898,0
-1.76,0.447978,31.29,63.52164985262898,0
-34.84,0.446698,31.29,62.77738446287803,0
36.6,0.447978,31.29,63.63961030678928,0
33.58,0.446698,31.29,62.65780079128216,0
-8.73,0.44414,31.29,62.77738446287803,0
-51.58,0.445419,31.29,63.52164985262898,0
22.44,0.446698,31.29,62.65780079128216,0
16.86,0.446698,31.29,63.03967004989794,0
-21.05,0.446698,31.29,62.65780079128216,0
8.18,0.445419,31.29,62.65780079128216,0
8.22,0.445419,31.29,63.52164985262898,0
-10.26,0.446698,31.29,62.65780079128216,0
-37.13,0.446698,31.29,62.65780079128216,0
9.1,0.440302,31.29,62.65780079128216,0
5.71,0.44414,31.29,63.52164985262898,0
-46.75,0.442861,31.31,62.65780079128216,0
21.89,0.440302,31.31,63.52164985262898,0
10.62,0.44414,31.31,63.03967004989794,0
-42.04,0.44414,31.31,63.03967004989794,0
42.56,0.445419,31.31,63.03967004989794,0
26.64,0.44414,31.31,62.65780079128216,0
-21.68,0.442861,31.31,63.63961030678928,0
-37.16,0.445419,31.31,63.03967004989794,0
19.0,0.445419,31.27,62.16912416947821,0
16.43,0.445419,31.27,62.65780079128216,0
-19.99,0.44414,31.27,63.63961030678928,0
-36.83,0.440302,31.27,63.52164985262898,0
19.74,0.44414,31.29,63.03967004989794,0
14.08,0.441582,31.29,63.52164985262898,0
-16.36,0.44414,31.29,63.52164985262898,0
-31.86,0.442861,31.29,63.52164985262898,0
12.97,0.44414,31.27,62.65780079128216,0
9.39,0.445419,31.27,63.52164985262898,0
-20.67,0.44414,31.27,63.52164985262898,0
-6.7,0.44414,31.27,63.52164985262898,0
5.87,0.44414,31.29,62.65780079128216,0
0.0,0.44414,31.29,62.65780079128216,0
-25.0,0.441582,31.29,62.65780079128216,0
27.44,0.445419,31.29,62.65780079128216,0
3.12,0.44414,31.29,62.65780079128216,0
-18.79,0.445419,31.29,63.52164985262898,0
15.79,0.445419,31.29,63.52164985262898,0
0.51,0.445419,31.29,62.65780079128216,0
-19.93,0.44414,31.29,63.52164985262898,0
23.44,0.442861,31.29,62.65780079128216,0
8.82,0.44414,31.29,63.52164985262898,0
-28.2,0.442861,31.29,62.65780079128216,0
35.6,0.442861,31.27,62.65780079128216,0
13.29,0.441582,31.27,62.77738446287803,0
-27.49,0.44414,31.27,63.52164985262898,0
36.95,0.441582,31.27,63.52164985262898,0
28.33,0.442861,31.29,62.65780079128216,0
-18.91,0.44414,31.29,63.52164985262898,0
7.95,0.442861,31.29,62.65780079128216,0
23.66,0.445419,31.29,62.289646009589745,0
1.91,0.442861,31.31,63.03967004989794,0
-37.61,0.446698,31.31,62.77738446287803,0
32.72,0.44414,31.31,63.52164985262898,0
22.05,0.44414,31.31,62.65780079128216,0
-7.21,0.440302,31.27,63.03967004989794,0
-45.34,0.441582,31.27,63.03967004989794,0
18.5,0.442861,31.27,63.03967004989794,0
11.14,0.441582,31.27,62.77738446287803,0
-13.72,0.442861,31.27,63.03967004989794,0
-21.11,0.441582,31.27,62.16912416947821,0
5.48,0.441582,31.27,62.77738446287803,0
0.79,0.440302,31.27,63.52164985262898,0
-20.37,0.441582,31.27,62.77738446287803,0
18.79,0.442861,31.27,62.65780079128216,0
6.83,0.441582,31.27,63.52164985262898,0
-6.78,0.439023,31.27,62.77738446287803,0
-34.51,0.441582,31.27,62.65780079128216,0
18.58,0.441582,31.27,62.77738446287803,0
17.21,0.441582,31.27,63.03967004989794,0
-18.55,0.441582,31.27,63.63961030678928,0
-3.39,0.440302,31.31,63.52164985262898,0
7.47,0.441582,31.31,63.03967004989794,0
-2.2,0.441582,31.31,62.16912416947821,0
-42.49,0.440302,31.31,63.52164985262898,0
21.55,0.439023,31.31,63.52164985262898,0
12.36,0.439023,31.31,63.52164985262898,0
-22.77,0.436465,31.31,63.52164985262898,0
27.89,0.439023,31.31,63.52164985262898,0
19.96,0.437744,31.27,63.03967004989794,0
-23.9,0.439023,31.27,63.63961030678928,0
38.57,0.437744,31.27,63.63961030678928,0
20.66,0.439023,31.27,62.65780079128216,0
-32.36,0.439023,31.29,63.63961030678928,0
38.8,0.440302,31.29,62.16912416947821,0
24.97,0.441582,31.29,63.03967004989794,0
-44.28,0.439023,31.29,63.15853069855251,0
40.77,0.439023,31.29,63.52164985262898,0
26.03,0.436465,31.29,63.63961030678928,0
-23.38,0.433907,31.29,63.63961030678928,0
38.89,0.436465,31.29,63.63961030678928,0
32.54,0.439023,31.29,63.52164985262898,0
-3.43,0.439023,31.29,63.15853069855251,0
-49.25,0.436465,31.29,63.63961030678928,0
24.76,0.437744,31.29,63.52164985262898,0
24.6,0.439023,31.27,63.52164985262898,0
-3.44,0.439023,31.27,63.03967004989794,0
-48.78,0.437744,31.27,63.15853069855251,0
17.71,0.440302,31.27,63.15853069855251,0
21.38,0.431348,31.29,63.15853069855251,0
-7.82,0.440302,31.29,63.52164985262898,0
-47.93,0.437744,31.29,63.03967004989794,0
12.48,0.440302,31.29,62.16912416947821,0
13.84,0.439023,31.27,63.63961030678928,0
-15.04,0.437744,31.27,63.63961030678928,0
-29.21,0.439023,31.27,63.52164985262898,0
1.14,0.431348,31.27,63.52164985262898,0
7.92,0.439023,31.27,63.52164985262898,0
-24.26,0.439023,31.27,63.52164985262898,0
3.01,0.439023,31.27,63.03967004989794,0
9.11,0.436465,31.27,63.03967004989794,0
-4.56,0.436465,31.27,63.03967004989794,0
-29.51,0.439023,31.27,63.03967004989794,0
27.61,0.437744,31.27,63.03967004989794,0
22.19,0.439023,31.27,63.52164985262898,0
-19.01,0.437744,31.29,63.03967004989794,0
-44.89,0.439023,31.29,63.03967004989794,0
16.45,0.437744,31.29,63.63961030678928,0
14.35,0.437744,31.29,63.03967004989794,0
-29.98,0.437744,31.27,63.03967004989794,0
35.51,0.439023,31.27,62.16912416947821,0
27.06,0.435186,31.27,63.52164985262898,0
-3.24,0.437744,31.27,63.03967004989794,0
-49.65,0.431348,31.29,63.03967004989794,0
21.51,0.437744,31.29,63.03967004989794,0
15.65,0.437744,31.29,62.77738446287803,0
-28.96,0.436465,31.29,63.63961030678928,0
38.44,0.435186,31.27,63.52164985262898,0
25.87,0.439023,31.27,63.52164985262898,0
-16.86,0.439023,31.27,63.63961030678928,0
-10.86,0.437744,31.27,62.16912416947821,0
10.46,0.436465,31.27,63.03967004989794,0
-3.15,0.435186,31.27,63.03967004989794,0
-42.54,0.436465,31.27,63.03967004989794,0
25.18,0.433907,31.27,63.52164985262898,0
18.66,0.436465,31.27,63.03967004989794,0
-26.44,0.436465,31.27,63.52164985262898,0
34.0,0.435186,31.27,62.16912416947821,0
18.32,0.436465,31.27,63.52164985262898,0
-20.55,0.435186,31.27,63.03967004989794,0
11.83,0.439023,31.27,63.03967004989794,0
19.37,0.435186,31.27,63.63961030678928,0
-11.89,0.435186,31.27,63.63961030678928,0
-40.28,0.432627,31.27,63.52164985262898,0
15.89,0.437744,31.27,63.63961030678928,0
7.94,0.430069,31.27,63.52164985262898,0
-46.79,0.435186,31.27,63.52164985262898,0
36.19,0.436465,31.27,62.289646009589745,0
28.76,0.435186,31.27,63.03967004989794,0
-21.8,0.436465,31.27,62.77738446287803,0
9.41,0.433907,31.27,62.65780079128216,0
20.2,0.436465,31.29,63.03967004989794,0
0.53,0.435186,31.29,63.03967004989794,0
-39.12,0.435186,31.29,63.03967004989794,0
31.67,0.433907,31.29,63.03967004989794,0
23.71,0.435186,31.27,63.63961030678928,0
-12.25,0.435186,31.27,63.03967004989794,0
-36.89,0.433907,31.27,63.03967004989794,0
9.63,0.435186,31.27,63.15853069855251,0
5.71,0.433907,31.27,63.03967004989794,0
-20.6,0.436465,31.27,63.63961030678928,0
21.6,0.436465,31.27,63.52164985262898,0
17.72,0.436465,31.27,62.16912416947821,0
-11.03,0.435186,31.29,63.63961030678928,0
-37.74,0.433907,31.29,63.52164985262898,0
17.28,0.433907,31.29,62.16912416947821,0
15.85,0.433907,31.29,63.03967004989794,0
-21.11,0.433907,31.29,63.15853069855251,0
5.75,0.42879,31.29,63.15853069855251,0
11.73,0.42879,31.29,63.52164985262898,0
-6.83,0.435186,31.29,63.03967004989794,0
-44.88,0.435186,31.27,63.03967004989794,0
15.57,0.433907,31.27,62.289646009589745,0
14.69,0.433907,31.27,63.03967004989794,0
-24.85,0.435186,31.27,62.77738446287803,0
15.83,0.433907,31.29,63.63961030678928,0
23.02,0.433907,31.29,62.16912416947821,0
-0.32,0.433907,31.29,63.03967004989794,0
-41.75,0.436465,31.29,63.03967004989794,0
29.91,0.435186,31.27,63.03967004989794,0
30.23,0.433907,31.27,63.15853069855251,0
-9.0,0.435186,31.27,63.63961030678928,0
-44.65,0.433907,31.27,63.63961030678928,0
16.67,0.436465,31.27,63.52164985262898,0
14.96,0.435186,31.27,63.03967004989794,0
-19.9,0.435186,31.27,63.03967004989794,0
2.76,0.433907,31.27,63.03967004989794,0
19.13,0.431348,31.27,63.03967004989794,0
0.7,0.433907,31.27,63.03967004989794,0
-23.54,0.431348,31.27,63.15853069855251,0
25.39,0.433907,31.27,63.03967004989794,0
18.8,0.433907,31.27,63.03967004989794,0
-4.21,0.435186,31.27,63.03967004989794,0
-40.88,0.433907,31.27,63.03967004989794,0
14.39,0.432627,31.27,63.15853069855251,0
10.84,0.435186,31.27,63.03967004989794,0
-20.19,0.432627,31.27,63.63961030678928,0
10.59,0.432627,31.27,63.52164985262898,0
12.93,0.430069,31.27,63.15853069855251,0
-6.45,0.435186,31.27,63.03967004989794,0
-42.76,0.431348,31.27,63.03967004989794,0
17.79,0.432627,31.27,63.63961030678928,0
18.23,0.432627,31.27,63.03967004989794,0
-20.51,0.431348,31.27,62.289646009589745,0
17.16,0.433907,31.27,63.15853069855251,0
17.79,0.430069,31.27,63.52164985262898,0
-1.84,0.432627,31.27,63.03967004989794,0
-44.86,0.431348,31.27,63.03967004989794,0
19.07,0.433907,31.27,63.03967004989794,0
17.34,0.423673,31.27,63.03967004989794,0
-18.16,0.432627,31.27,63.15853069855251,0
21.57,0.431348,31.25,63.03967004989794,0
20.85,0.431348,31.25,63.52164985262898,0
-5.18,0.433907,31.25,63.03967004989794,0
-42.08,0.431348,31.25,63.03967004989794,0
17.44,0.433907,31.25,63.52164985262898,0
12.76,0.431348,31.25,62.16912416947821,0
-18.61,0.432627,31.25,63.03967004989794,0
29.09,0.432627,31.25,63.52164985262898,0
12.88,0.431348,31.27,63.03967004989794,0
-17.46,0.430069,31.27,63.03967004989794,0
11.9,0.431348,31.27,63.03967004989794,0
10.37,0.433907,31.27,63.03967004989794,0
-20.62,0.431348,31.27,63.03967004989794,0
25.11,0.435186,31.27,63.03967004989794,0
13.34,0.432627,31.27,63.03967004989794,0
-31.24,0.431348,31.27,63.03967004989794,0
34.27,0.432627,31.29,63.63961030678928,0
23.62,0.433907,31.29,63.03967004989794,0
-25.38,0.432627,31.29,63.15853069855251,0
32.39,0.431348,31.29,63.03967004989794,0
28.79,0.431348,31.27,63.15853069855251,0
-9.86,0.431348,31.27,63.63961030678928,0
-43.84,0.431348,31.27,63.52164985262898,0
23.95,0.432627,31.27,63.03967004989794,0
12.3,0.432627,31.27,63.03967004989794,0
-18.71,0.432627,31.27,63.03967004989794,0
-3.69,0.431348,31.27,63.03967004989794,0
16.56,0.432627,31.27,63.15853069855251,0
-0.56,0.433907,31.29,63.52164985262898,0
-21.37,0.433907,31.29,62.16912416947821,0
17.1,0.426232,31.29,62.16912416947821,0
12.15,0.431348,31.29,63.03967004989794,0
-6.42,0.432627,31.27,63.03967004989794,0
-22.35,0.430069,31.27,63.63961030678928,0
21.48,0.431348,31.27,63.15853069855251,0
10.63,0.430069,31.27,63.15853069855251,0
-6.42,0.431348,31.27,63.63961030678928,0
-32.95,0.430069,31.27,63.52164985262898,0
8.06,0.426232,31.27,63.03967004989794,0
9.74,0.432627,31.27,63.03967004989794,0
-19.93,0.432627,31.29,62.65780079128216,0
0.93,0.432627,31.29,63.52164985262898,0
4.4,0.427511,31.29,63.03967004989794,0
-3.84,0.431348,31.29,63.03967004989794,0
-29.3,0.42879,31.29,63.52164985262898,0
12.98,0.432627,31.29,63.03967004989794,0
8.42,0.430069,31.29,63.03967004989794,0
-31.04,0.431348,31.29,63.03967004989794,0
15.81,0.424952,31.29,63.63961030678928,0
4.72,0.431348,31.29,63.52164985262898,0
-29.35,0.431348,31.29,63.52164985262898,0
9.38,0.430069,31.29,63.63961030678928,0
-3.99,0.42879,31.29,62.65780079128216,0
-11.69,0.426232,31.29,63.52164985262898,0
19.78,0.430069,31.29,63.52164985262898,0
-12.35,0.427511,31.29,63.03967004989794,0
6.48,0.430069,31.27,63.03967004989794,0
28.83,0.424952,31.27,63.03967004989794,0
-3.8,0.431348,31.27,63.03967004989794,0
-41.09,0.430069,31.27,63.03967004989794,0
22.7,0.430069,31.25,62.289646009589745,0
13.89,0.431348,31.25,63.03967004989794,0
-30.2,0.42879,31.25,63.63961030678928,0
33.45,0.430069,31.25,63.52164985262898,0
24.66,0.426232,31.25,63.03967004989794,0
-7.09,0.431348,31.25,63.52164985262898,0
-44.73,0.42879,31.25,63.52164985262898,0
31.33,0.430069,31.25,63.15853069855251,0
21.64,0.430069,31.29,63.63961030678928,0
-22.23,0.430069,31.29,62.77738446287803,0
-14.79,0.430069,31.29,62.77738446287803,0
9.64,0.42879,31.29,63.03967004989794,0
-4.33,0.431348,31.27,63.63961030678928,0
-35.49,0.430069,31.27,63.52164985262898,0
30.45,0.430069,31.27,63.15853069855251,0
21.33,0.427511,31.27,63.03967004989794,0
-22.28,0.430069,31.23,63.52164985262898,0
-11.72,0.430069,31.23,63.03967004989794,0
11.22,0.430069,31.23,63.03967004989794,0
-1.87,0.430069,31.23,63.03967004989794,0
-39.57,0.427511,31.27,63.03967004989794,0
24.21,0.431348,31.27,63.52164985262898,0
17.09,0.427511,31.27,63.52164985262898,0
-24.0,0.42879,31.27,63.03967004989794,0
37.2,0.422394,31.27,63.03967004989794,0
12.11,0.42879,31.27,62.65780079128216,0
-21.03,0.426232,31.27,62.65780079128216,0
16.1,0.427511,31.27,63.03967004989794,0
13.83,0.427511,31.27,62.77738446287803,0
-19.42,0.427511,31.27,63.52164985262898,0
12.29,0.42879,31.27,62.65780079128216,0
14.43,0.426232,31.27,63.03967004989794,0
-13.14,0.42879,31.25,63.15853069855251,0
-11.37,0.427511,31.25,63.03967004989794,0
16.19,0.42879,31.25,63.52164985262898,0
-0.59,0.427511,31.25,63.03967004989794,0
-49.48,0.427511,31.25,63.03967004989794,0
24.12,0.426232,31.25,63.03967004989794,0
12.54,0.426232,31.25,63.52164985262898,0
-31.87,0.426232,31.25,63.03967004989794,0
34.65,0.426232,31.27,63.03967004989794,0
24.83,0.430069,31.27,62.16912416947821,0
-15.73,0.427511,31.27,63.03967004989794,0
-26.48,0.426232,31.27,63.52164985262898,0
10.39,0.427511,31.27,63.03967004989794,0
2.2,0.427511,31.27,63.52164985262898,0
-26.38,0.427511,31.27,62.65780079128216,0
30.0,0.426232,31.27,63.03967004989794,0
19.66,0.424952,31.25,62.65780079128216,0
-18.05,0.426232,31.25,63.52164985262898,0
4.88,0.426232,31.25,63.52164985262898,0
6.2,0.426232,31.25,62.77738446287803,0
-14.7,0.426232,31.25,63.52164985262898,0
-14.15,0.427511,31.25,63.52164985262898,0
1.97,0.426232,31.25,62.65780079128216,0
-9.22,0.426232,31.25,63.52164985262898,0
0.69,0.427511,31.27,63.52164985262898,0
3.25,0.42879,31.27,63.03967004989794,0
-15.76,0.414719,31.27,63.03967004989794,0
14.4,0.423673,31.27,63.52164985262898,0
11.05,0.426232,31.25,63.52164985262898,0
-19.63,0.424952,31.25,62.65780079128216,0
25.49,0.426232,31.25,63.52164985262898,0
23.83,0.426232,31.25,63.52164985262898,0
-19.6,0.427511,31.25,63.03967004989794,0
-0.04,0.427511,31.25,63.03967004989794,0
23.67,0.426232,31.25,63.52164985262898,0
3.88,0.422394,31.25,63.03967004989794,0
-37.53,0.427511,31.25,63.52164985262898,0
37.16,0.426232,31.25,63.52164985262898,0
37.01,0.423673,31.25,62.16912416947821,0
-4.98,0.426232,31.25,63.03967004989794,0
-42.22,0.423673,31.27,62.77738446287803,0
34.78,0.426232,31.27,63.52164985262898,0
25.2,0.424952,31.27,63.03967004989794,0
-8.98,0.426232,31.27,62.65780079128216,0
-44.9,0.426232,31.25,63.03967004989794,0
23.62,0.427511,31.25,63.03967004989794,0
21.74,0.427511,31.25,63.52164985262898,0
-12.81,0.426232,31.25,63.03967004989794,0
-33.63,0.426232,31.27,63.03967004989794,0
13.82,0.422394,31.27,63.03967004989794,0
6.22,0.426232,31.27,63.03967004989794,0
-28.49,0.423673,31.27,63.52164985262898,0
22.71,0.424952,31.27,62.65780079128216,0
9.85,0.424952,31.27,63.03967004989794,0
-9.9,0.424952,31.27,62.65780079128216,0
-28.69,0.423673,31.27,62.65780079128216,0
7.49,0.423673,31.25,63.52164985262898,0
-3.73,0.426232,31.25,63.03967004989794,0
-41.14,0.423673,31.25,62.65780079128216,0
17.85,0.424952,31.25,63.52164985262898,0
3.7,0.422394,31.25,62.65780079128216,0
-38.71,0.424952,31.25,63.52164985262898,0
14.69,0.423673,31.25,62.16912416947821,0
-6.4,0.423673,31.25,62.16912416947821,0
0.35,0.424952,31.25,63.52164985262898,0
6.53,0.424952,31.25,63.52164985262898,0
-23.35,0.426232,31.25,63.52164985262898,0
44.64,0.424952,31.25,63.03967004989794,0
20.46,0.423673,31.27,63.03967004989794,0
-36.42,0.426232,31.27,63.03967004989794,0
47.76,0.423673,31.27,63.03967004989794,0
24.44,0.422394,31.27,63.52164985262898,0
-30.58,0.423673,31.25,63.52164985262898,0
49.03,0.424952,31.25,63.52164985262898,0
31.13,0.424952,31.25,63.52164985262898,0
-19.83,0.422394,31.25,62.65780079128216,0
-16.75,0.423673,31.23,62.65780079128216,0
17.54,0.421115,31.23,63.52164985262898,0
0.83,0.423673,31.23,62.77738446287803,0
-43.54,0.423673,31.23,63.52164985262898,0
43.68,0.422394,31.27,63.52164985262898,0
23.15,0.422394,31.27,63.52164985262898,0
-25.3,0.418557,31.27,62.65780079128216,0
-14.85,0.422394,31.27,63.03967004989794,0
11.73,0.421115,31.27,63.03967004989794,0
-1.12,0.423673,31.27,63.63961030678928,0
-38.07,0.422394,31.27,63.52164985262898,0
35.37,0.423673,31.27,63.52164985262898,0
22.53,0.422394,31.25,63.03967004989794,0
-21.71,0.421115,31.25,63.03967004989794,0
-14.95,0.423673,31.25,63.52164985262898,0
6.33,0.422394,31.25,63.52164985262898,0
-2.62,0.422394,31.25,63.52164985262898,0
-49.77,0.418557,31.25,63.52164985262898,0
21.83,0.422394,31.25,63.52164985262898,0
11.73,0.418557,31.25,63.52164985262898,0
-38.85,0.423673,31.25,63.52164985262898,0
36.05,0.421115,31.25,63.03967004989794,0
16.55,0.421115,31.25,63.03967004989794,0
-36.5,0.422394,31.25,63.03967004989794,0
43.45,0.421115,31.27,63.03967004989794,0
21.66,0.423673,31.27,63.52164985262898,0
-35.48,0.415998,31.27,63.52164985262898,0
43.5,0.422394,31.27,63.52164985262898,0
30.76,0.419836,31.23,62.65780079128216,0
-23.62,0.422394,31.23,62.65780079128216,0
6.58,0.41344,31.23,63.52164985262898,0
24.7,0.419836,31.23,63.52164985262898,0
2.51,0.422394,31.27,63.03967004989794,0
-44.9,0.422394,31.27,63.15853069855251,0
39.62,0.422394,31.27,63.03967004989794,0
35.35,0.422394,31.27,63.03967004989794,0
-7.69,0.421115,31.25,63.52164985262898,0
-56.19,0.421115,31.25,63.03967004989794,0
28.97,0.419836,31.25,63.03967004989794,0
22.15,0.418557,31.25,63.03967004989794,0
-15.9,0.419836,31.25,63.03967004989794,0
-39.74,0.422394,31.25,63.03967004989794,0
17.47,0.421115,31.25,63.03967004989794,0
8.14,0.421115,31.25,63.52164985262898,0
-26.8,0.421115,31.23,63.52164985262898,0
14.81,0.418557,31.23,63.52164985262898,0
16.04,0.419836,31.23,62.93647591023825,0
-2.77,0.421115,31.23,62.65780079128216,0
-41.26,0.421115,31.23,63.03967004989794,0
37.15,0.421115,31.23,63.52164985262898,0
25.61,0.417277,31.23,63.03967004989794,0
-23.82,0.419836,31.23,63.03967004989794,0
-29.42,0.418557,31.25,63.52164985262898,0
7.56,0.422394,31.25,63.03967004989794,0
5.89,0.419836,31.25,63.52164985262898,0
-29.47,0.421115,31.25,63.03967004989794,0
32.72,0.421115,31.25,63.52164985262898,0
23.22,0.419836,31.25,63.03967004989794,0
-22.94,0.421115,31.25,63.15853069855251,0
-21.49,0.418557,31.25,63.63961030678928,0
13.88,0.419836,31.25,63.03967004989794,0
-1.47,0.417277,31.25,63.03967004989794,0
-52.02,0.419836,31.25,63.03967004989794,0
28.85,0.419836,31.25,63.03967004989794,0
19.84,0.418557,31.25,63.63961030678928,0
-27.28,0.422394,31.25,63.52164985262898,0
39.03,0.418557,31.25,63.03967004989794,0
26.98,0.419836,31.25,63.52164985262898,0
-15.52,0.418557,31.25,63.63961030678928,0
-13.56,0.422394,31.25,63.03967004989794,0
16.96,0.412161,31.25,63.03967004989794,0
1.85,0.419836,31.25,63.63961030678928,0
-38.68,0.417277,31.23,63.52164985262898,0
31.02,0.419836,31.23,63.03967004989794,0
21.77,0.418557,31.23,63.03967004989794,0
-21.11,0.417277,31.23,63.03967004989794,0
0.09,0.421115,31.23,63.03967004989794,0
8.47,0.418557,31.23,63.03967004989794,0
-5.53,0.419836,31.23,63.03967004989794,0
-38.94,0.418557,31.23,63.03967004989794,0
14.18,0.419836,31.23,63.03967004989794,0
1.93,0.421115,31.23,63.03967004989794,0
-46.38,0.418557,31.23,63.03967004989794,0
29.61,0.417277,31.23,63.03967004989794,0
22.31,0.418557,31.25,63.03967004989794,0
-27.15,0.419836,31.25,63.03967004989794,0
23.45,0.41344,31.25,63.03967004989794,0
25.42,0.419836,31.25,63.03967004989794,0
-9.71,0.418557,31.23,63.03967004989794,0
-45.35,0.418557,31.23,63.03967004989794,0
15.92,0.417277,31.23,63.03967004989794,0
11.46,0.418557,31.23,63.63961030678928,0
-31.38,0.418557,31.25,63.03967004989794,0
35.9,0.417277,31.25,63.03967004989794,0
26.41,0.414719,31.25,63.03967004989794,0
-18.61,0.418557,31.25,63.15853069855251,0
-23.39,0.418557,31.25,63.03967004989794,0
14.88,0.419836,31.25,63.03967004989794,0
2.45,0.417277,31.25,63.03967004989794,0
-43.3,0.418557,31.25,63.03967004989794,0
24.49,0.415998,31.25,63.03967004989794,0
20.43,0.419836,31.25,63.52164985262898,0
-39.97,0.419836,31.25,63.03967004989794,0
41.36,0.415998,31.25,63.52164985262898,0
26.15,0.418557,31.25,63.03967004989794,0
-18.92,0.414719,31.25,63.15853069855251,0
-1.36,0.417277,31.25,63.03967004989794,0
18.16,0.415998,31.25,63.03967004989794,0
-0.78,0.417277,31.23,63.03967004989794,0
-52.48,0.417277,31.23,63.03967004989794,0
28.68,0.412161,31.23,63.03967004989794,0
21.53,0.417277,31.23,63.03967004989794,0
-30.19,0.417277,31.23,63.03967004989794,0
25.28,0.418557,31.23,63.03967004989794,0
25.51,0.417277,31.23,63.03967004989794,0
-11.8,0.418557,31.23,63.03967004989794,0
-33.69,0.417277,31.23,63.52164985262898,0
10.13,0.418557,31.23,63.03967004989794,0
3.74,0.417277,31.23,63.03967004989794,0
-38.42,0.417277,31.23,63.52164985262898,0
20.38,0.417277,31.25,63.52164985262898,0
16.06,0.417277,31.25,63.52164985262898,0
-40.94,0.415998,31.25,62.65780079128216,0
15.17,0.415998,31.25,62.65780079128216,0
-1.34,0.417277,31.23,63.419239982831705,0
-24.25,0.418557,31.23,62.65780079128216,0
6.3,0.417277,31.23,62.55397669213365,0
-11.79,0.414719,31.23,62.55397669213365,0
31.77,0.415998,31.25,62.55397669213365,0
8.53,0.415998,31.25,62.55397669213365,0
-23.95,0.415998,31.25,62.55397669213365,0
36.4,0.417277,31.25,62.55397669213365,0
13.79,0.415998,31.25,62.55397669213365,0
-24.76,0.418557,31.25,62.55397669213365,0
16.13,0.418557,31.25,62.465990746965666,0
20.69,0.417277,31.25,62.96824596572466,0
-8.02,0.418557,31.25,62.96824596572466,0
-27.11,0.417277,31.25,63.05553108173778,0
19.84,0.415998,31.25,62.96824596572466,0
13.75,0.415998,31.25,62.96824596572466,0
-7.69,0.418557,31.23,62.39390995922599,0
-25.91,0.417277,31.23,62.96824596572466,0
18.91,0.418557,31.23,62.96824596572466,0
10.09,0.419836,31.23,62.96824596572466,0
-9.64,0.417277,31.25,62.96824596572466,0
-28.54,0.419836,31.25,62.96824596572466,0
14.92,0.418557,31.25,62.96824596572466,0
9.89,0.418557,31.25,62.96824596572466,0
-14.27,0.417277,31.27,63.05553108173778,0
-7.48,0.417277,31.27,63.05553108173778,0
14.39,0.417277,31.27,63.05553108173778,0
6.69,0.417277,31.27,63.05553108173778,0
-28.87,0.418557,31.25,63.05553108173778,0
20.27,0.418557,31.25,62.55397669213365,0
20.7,0.418557,31.25,62.55397669213365,0
-5.89,0.417277,31.25,62.55397669213365,0
-42.74,0.418557,31.23,62.65780079128216,0
38.34,0.418557,31.23,62.65780079128216,0
24.33,0.419836,31.23,62.65780079128216,0
-16.72,0.415998,31.23,62.65780079128216,0
-57.64,0.415998,31.27,62.65780079128216,0
34.43,0.418557,31.27,62.65780079128216,0
19.68,0.418557,31.27,63.52164985262898,0
-27.09,0.417277,31.27,63.03967004989794,0
0.42,0.415998,31.25,63.03967004989794,0
20.55,0.417277,31.25,63.03967004989794,0
10.52,0.41344,31.25,63.03967004989794,0
-35.62,0.417277,31.25,63.03967004989794,0
42.7,0.415998,31.23,63.03967004989794,0
20.95,0.415998,31.23,63.03967004989794,0
-7.13,0.414719,31.23,63.03967004989794,0
-50.93,0.410881,31.23,63.03967004989794,0
17.88,0.414719,31.23,63.03967004989794,0
10.99,0.41344,31.23,63.52164985262898,0
-30.42,0.414719,31.23,63.03967004989794,0
34.18,0.41344,31.23,63.03967004989794,0
10.41,0.415998,31.23,63.03967004989794,0
-11.44,0.410881,31.23,63.15853069855251,0
-29.0,0.415998,31.23,63.03967004989794,0
13.17,0.415998,31.23,63.03967004989794,0
0.7,0.414719,31.23,63.03967004989794,0
-53.12,0.415998,31.23,63.03967004989794,0
23.86,0.410881,31.23,63.03967004989794,0
8.92,0.414719,31.23,63.03967004989794,0
-41.6,0.412161,31.21,63.03967004989794,0
34.54,0.417277,31.21,63.52164985262898,0
9.02,0.408323,31.21,63.52164985262898,0
-40.27,0.414719,31.21,63.52164985262898,0
17.31,0.414719,31.23,62.65780079128216,0
-1.66,0.41344,31.23,63.52164985262898,0
1.04,0.407044,31.23,63.52164985262898,0
-2.24,0.41344,31.23,63.52164985262898,0
-34.18,0.414719,31.23,63.52164985262898,0
41.12,0.410881,31.23,62.65780079128216,0
0.19,0.414719,31.23,63.52164985262898,0
10.79,0.41344,31.23,62.65780079128216,0
16.01,0.41344,31.23,63.52164985262898,0
-43.37,0.41344,31.23,63.52164985262898,0
31.54,0.414719,31.23,63.52164985262898,0
-4.2,0.41344,31.23,62.65780079128216,0
-38.15,0.41344,31.23,63.52164985262898,0
34.4,0.417277,31.23,62.16912416947821,0
11.88,0.41344,31.23,63.03967004989794,0
-56.96,0.415998,31.23,63.03967004989794,0
50.47,0.412161,31.21,63.03967004989794,0
39.56,0.41344,31.21,63.03967004989794,0
-15.88,0.41344,31.21,63.63961030678928,0
-65.01,0.410881,31.21,63.52164985262898,0
32.41,0.41344,31.23,63.03967004989794,0
20.39,0.41344,31.23,63.03967004989794,0
-27.26,0.41344,31.23,63.03967004989794,0
1.0,0.407044,31.23,63.52164985262898,0
20.86,0.414719,31.25,63.03967004989794,0
0.08,0.414719,31.25,63.03967004989794,0
-41.41,0.41344,31.25,63.03967004989794,0
41.18,0.410881,31.25,63.03967004989794,0
23.56,0.412161,31.23,63.03967004989794,0
-12.11,0.41344,31.23,63.63961030678928,0
-54.52,0.408323,31.23,63.03967004989794,0
20.44,0.414719,31.23,63.03967004989794,0
12.95,0.41344,31.21,63.03967004989794,0
-29.12,0.412161,31.21,63.03967004989794,0
3.79,0.412161,31.21,63.03967004989794,0
5.41,0.41344,31.21,63.03967004989794,0
1.5,0.41344,31.21,63.03967004989794,0
-37.67,0.405765,31.21,63.03967004989794,0
35.78,0.409602,31.21,63.03967004989794,0
22.07,0.41344,31.21,63.03967004989794,0
-14.49,0.410881,31.21,63.03967004989794,0
-55.03,0.414719,31.21,63.03967004989794,0
21.12,0.410881,31.21,63.03967004989794,0
19.73,0.41344,31.21,63.03967004989794,0
-30.19,0.410881,31.23,63.03967004989794,0
25.38,0.412161,31.23,63.03967004989794,0
16.48,0.412161,31.23,63.52164985262898,0
-6.89,0.410881,31.23,63.03967004989794,0
-53.19,0.409602,31.21,63.03967004989794,0
29.34,0.409602,31.21,63.03967004989794,0
21.27,0.412161,31.21,63.03967004989794,0
-31.65,0.410881,31.21,63.03967004989794,0
41.21,0.412161,31.25,63.03967004989794,0
17.49,0.410881,31.25,63.03967004989794,0
-27.48,0.409602,31.25,63.03967004989794,0
27.5,0.410881,31.25,63.03967004989794,0
15.79,0.408323,31.19,63.52164985262898,0
-24.98,0.412161,31.19,63.52164985262898,0
21.55,0.408323,31.19,63.03967004989794,0
21.27,0.410881,31.19,63.03967004989794,0
-17.91,0.409602,31.23,63.03967004989794,0
-6.56,0.410881,31.23,63.03967004989794,0
14.28,0.410881,31.23,63.03967004989794,0
-0.32,0.409602,31.23,63.03967004989794,0
-55.24,0.410881,31.21,63.03967004989794,0
27.52,0.410881,31.21,63.03967004989794,0
13.37,0.412161,31.21,63.03967004989794,0
-31.32,0.41344,31.21,63.03967004989794,0
40.01,0.410881,31.21,63.03967004989794,0
21.66,0.412161,31.21,63.03967004989794,0
-11.33,0.412161,31.21,63.03967004989794,0
-44.56,0.408323,31.21,63.03967004989794,0
14.77,0.409602,31.21,63.03967004989794,0
7.05,0.409602,31.21,63.52164985262898,0
-30.37,0.408323,31.21,63.52164985262898,0
35.08,0.410881,31.21,63.03967004989794,0
17.23,0.408323,31.21,63.03967004989794,0
-25.61,0.409602,31.21,63.03967004989794,0
0.53,0.410881,31.21,63.03967004989794,0
14.38,0.410881,31.21,63.03967004989794,0
-11.0,0.410881,31.21,63.03967004989794,0
-52.74,0.409602,31.21,63.03967004989794,0
20.88,0.403206,31.21,63.03967004989794,0
13.98,0.403206,31.21,63.63961030678928,0
-41.16,0.410881,31.21,63.52164985262898,0
43.33,0.410881,31.21,63.03967004989794,0
28.78,0.410881,31.21,63.03967004989794,0
-20.47,0.410881,31.21,63.52164985262898,0
-13.51,0.409602,31.21,63.03967004989794,0
17.55,0.41344,31.21,63.03967004989794,0
-1.49,0.410881,31.21,63.03967004989794,0
-42.9,0.410881,31.21,63.03967004989794,0
34.25,0.409602,31.23,63.03967004989794,0
27.45,0.409602,31.23,63.03967004989794,0
-22.66,0.410881,31.23,63.03967004989794,0
11.89,0.408323,31.23,63.03967004989794,0
18.19,0.410881,31.21,63.03967004989794,0
-5.17,0.409602,31.21,63.03967004989794,0
-48.36,0.410881,31.21,63.03967004989794,0
26.59,0.409602,31.21,63.03967004989794,0
20.07,0.412161,31.21,63.52164985262898,0
-28.04,0.410881,31.21,63.03967004989794,0
26.97,0.408323,31.21,63.03967004989794,0
12.64,0.409602,31.21,63.52164985262898,0
-22.87,0.407044,31.23,63.03967004989794,0
1.55,0.410881,31.23,63.03967004989794,0
10.52,0.407044,31.23,63.03967004989794,0
-14.09,0.409602,31.23,63.03967004989794,0
-38.36,0.408323,31.19,63.03967004989794,0
16.67,0.410881,31.19,63.03967004989794,0
6.07,0.401927,31.19,63.03967004989794,0
-56.62,0.409602,31.19,63.03967004989794,0
32.1,0.410881,31.21,63.03967004989794,0
22.75,0.408323,31.21,63.52164985262898,0
-35.0,0.408323,31.21,63.03967004989794,0
47.77,0.404486,31.21,63.03967004989794,0
25.96,0.407044,31.21,63.03967004989794,0
-15.74,0.405765,31.21,62.65780079128216,0
-35.21,0.408323,31.21,63.03967004989794,0
18.38,0.407044,31.21,63.03967004989794,0
5.86,0.408323,31.19,63.52164985262898,0
-39.0,0.409602,31.19,63.03967004989794,0
45.95,0.407044,31.19,63.03967004989794,0
27.98,0.408323,31.19,63.03967004989794,0
-18.33,0.407044,31.21,63.03967004989794,0
-26.81,0.410881,31.21,63.03967004989794,0
10.13,0.408323,31.21,63.03967004989794,0
0.63,0.409602,31.21,63.52164985262898,0
-42.54,0.409602,31.19,63.03967004989794,0
26.47,0.408323,31.19,63.52164985262898,0
16.97,0.409602,31.19,63.03967004989794,0
-34.1,0.409602,31.19,63.03967004989794,0
37.1,0.409602,31.21,63.03967004989794,0
20.34,0.408323,31.21,63.03967004989794,0
-26.75,0.409602,31.21,63.52164985262898,0
35.32,0.409602,31.21,63.03967004989794,0
19.21,0.409602,31.19,63.03967004989794,0
-23.52,0.407044,31.19,63.03967004989794,0
16.01,0.409602,31.19,63.03967004989794,0
15.74,0.408323,31.19,63.03967004989794,0
-5.19,0.408323,31.21,63.03967004989794,0
-52.93,0.409602,31.21,63.03967004989794,0
22.53,0.407044,31.21,63.03967004989794,0
16.8,0.408323,31.21,63.03967004989794,0
-29.36,0.408323,31.21,63.03967004989794,0
33.61,0.409602,31.21,63.03967004989794,0
23.39,0.408323,31.21,63.03967004989794,0
-7.27,0.407044,31.21,63.52164985262898,0
-48.81,0.404486,31.19,63.03967004989794,0
25.17,0.407044,31.19,63.03967004989794,0
25.18,0.407044,31.19,63.03967004989794,0
-15.6,0.405765,31.19,63.03967004989794,0
-29.44,0.408323,31.21,63.03967004989794,0
10.97,0.408323,31.21,63.03967004989794,0
8.23,0.407044,31.21,63.52164985262898,0
-30.98,0.408323,31.21,63.03967004989794,0
34.95,0.409602,31.21,63.03967004989794,0
19.88,0.409602,31.21,63.03967004989794,0
-18.66,0.407044,31.21,63.52164985262898,0
-32.15,0.405765,31.21,63.03967004989794,0
7.59,0.407044,31.19,63.03967004989794,0
1.89,0.408323,31.19,63.52164985262898,0
-41.32,0.401927,31.19,63.03967004989794,0
28.13,0.409602,31.19,63.03967004989794,0
11.85,0.407044,31.21,63.03967004989794,0
-35.26,0.410881,31.21,63.03967004989794,0
30.33,0.408323,31.21,63.03967004989794,0
10.17,0.407044,31.21,63.03967004989794,0
-40.19,0.407044,31.21,63.03967004989794,0
31.08,0.407044,31.21,63.03967004989794,0
11.32,0.405765,31.21,63.03967004989794,0
-49.37,0.405765,31.21,63.03967004989794,0
24.58,0.407044,31.23,63.03967004989794,0
15.63,0.405765,31.23,63.52164985262898,0
-47.03,0.405765,31.23,63.03967004989794,0
26.21,0.405765,31.23,63.03967004989794,0
17.97,0.404486,31.19,63.03967004989794,0
-44.76,0.407044,31.19,63.03967004989794,0
41.78,0.407044,31.19,63.03967004989794,0
28.42,0.405765,31.19,63.03967004989794,0
-27.34,0.407044,31.21,63.03967004989794,0
20.23,0.405765,31.21,63.03967004989794,0
23.19,0.407044,31.21,63.03967004989794,0
-6.6,0.405765,31.21,63.03967004989794,0
-55.23,0.407044,31.23,63.03967004989794,0
24.41,0.405765,31.23,63.03967004989794,0
18.73,0.407044,31.23,63.52164985262898,0
-24.78,0.407044,31.23,63.03967004989794,0
25.12,0.407044,31.19,63.03967004989794,0
14.85,0.408323,31.19,63.52164985262898,0
-14.06,0.407044,31.19,63.03967004989794,0
-25.93,0.407044,31.19,63.03967004989794,0
1.41,0.404486,31.21,63.52164985262898,0
-2.25,0.407044,31.21,63.52164985262898,0
-37.55,0.404486,31.21,63.03967004989794,0
3.93,0.407044,31.21,63.03967004989794,0
-4.22,0.403206,31.19,63.03967004989794,0
-12.57,0.408323,31.19,63.03967004989794,0
3.24,0.407044,31.19,63.03967004989794,0
-23.44,0.407044,31.19,63.03967004989794,0
27.34,0.408323,31.21,63.03967004989794,0
15.56,0.408323,31.21,63.03967004989794,0
-39.51,0.407044,31.21,63.03967004989794,0
48.04,0.404486,31.21,63.03967004989794,0
24.29,0.405765,31.19,63.03967004989794,0
-32.63,0.404486,31.19,63.03967004989794,0
46.65,0.407044,31.19,63.03967004989794,0
31.12,0.407044,31.19,63.03967004989794,0
-27.04,0.407044,31.21,63.03967004989794,0
7.93,0.407044,31.21,63.03967004989794,0
22.96,0.407044,31.21,63.03967004989794,0
-3.66,0.407044,31.21,63.03967004989794,0
-54.06,0.405765,31.19,63.03967004989794,0
35.78,0.407044,31.19,63.03967004989794,0
21.78,0.403206,31.19,63.03967004989794,0
-27.6,0.405765,31.19,63.03967004989794,0
21.86,0.404486,31.19,63.03967004989794,0
15.71,0.405765,31.19,63.03967004989794,0
-11.89,0.404486,31.19,63.03967004989794,0
-45.35,0.405765,31.19,63.03967004989794,0
16.98,0.404486,31.19,63.03967004989794,0
7.64,0.405765,31.19,63.52164985262898,0
-30.96,0.408323,31.19,63.03967004989794,0
42.03,0.404486,31.19,63.03967004989794,0
18.1,0.405765,31.21,63.03967004989794,0
-26.44,0.403206,31.21,63.03967004989794,0
-5.54,0.405765,31.21,63.03967004989794,0
11.11,0.404486,31.21,63.03967004989794,0
-4.0,0.404486,31.19,63.63961030678928,0
-52.05,0.405765,31.19,63.03967004989794,0
19.61,0.403206,31.19,63.03967004989794,0
10.41,0.405765,31.19,63.03967004989794,0
-48.06,0.404486,31.21,63.03967004989794,0
39.26,0.407044,31.21,63.03967004989794,0
22.15,0.404486,31.21,63.03967004989794,0
-33.49,0.405765,31.21,63.03967004989794,0
46.79,0.403206,31.19,63.03967004989794,0
20.08,0.407044,31.19,63.03967004989794,0
-31.62,0.404486,31.19,63.03967004989794,0
44.32,0.405765,31.19,63.03967004989794,0
18.73,0.405765,31.21,63.03967004989794,0
-30.0,0.404486,31.21,63.03967004989794,0
44.05,0.399369,31.21,63.03967004989794,0
15.85,0.405765,31.21,63.03967004989794,0
-29.76,0.407044,31.19,63.03967004989794,0
35.36,0.405765,31.19,63.03967004989794,0
15.07,0.408323,31.19,63.03967004989794,0
-48.02,0.401927,31.19,62.93647591023825,0
31.95,0.407044,31.21,63.03967004989794,0
16.72,0.404486,31.21,63.03967004989794,0
-54.15,0.403206,31.21,63.03967004989794,0
34.13,0.403206,31.21,63.03967004989794,0
17.68,0.404486,31.19,63.52164985262898,0
-42.94,0.405765,31.19,63.03967004989794,0
43.07,0.403206,31.19,63.03967004989794,0
25.39,0.404486,31.19,63.03967004989794,0
-20.81,0.403206,31.21,63.03967004989794,0
-8.95,0.405765,31.21,63.03967004989794,0
18.41,0.395531,31.21,63.03967004989794,0
-3.34,0.404486,31.21,63.03967004989794,0
-42.33,0.401927,31.23,63.03967004989794,0
33.33,0.404486,31.23,63.03967004989794,0
19.99,0.404486,31.23,63.03967004989794,0
-21.08,0.404486,31.23,63.03967004989794,0
32.82,0.404486,31.19,63.03967004989794,0
15.4,0.403206,31.19,63.03967004989794,0
-30.86,0.405765,31.19,63.03967004989794,0
31.47,0.404486,31.19,63.03967004989794,0
21.22,0.404486,31.21,63.52164985262898,0
-22.9,0.401927,31.21,63.03967004989794,0
21.01,0.404486,31.21,63.03967004989794,0
13.0,0.403206,31.21,63.03967004989794,0
-18.04,0.403206,31.19,63.03967004989794,0
-7.97,0.404486,31.19,63.03967004989794,0
8.37,0.403206,31.19,63.03967004989794,0
-4.71,0.403206,31.19,63.03967004989794,0
-41.74,0.403206,31.19,63.03967004989794,0
14.24,0.405765,31.19,63.03967004989794,0
7.68,0.39809,31.19,63.03967004989794,0
-32.8,0.404486,31.19,63.03967004989794,0
25.36,0.400648,31.19,63.03967004989794,0
16.24,0.403206,31.19,63.63961030678928,0
-37.18,0.403206,31.19,63.52164985262898,0
30.8,0.403206,31.19,63.03967004989794,0
17.99,0.404486,31.19,63.03967004989794,0
-24.03,0.405765,31.19,63.03967004989794,0
-5.9,0.404486,31.19,63.03967004989794,0
18.72,0.403206,31.19,63.03967004989794,0
-4.6,0.401927,31.19,63.03967004989794,0
-55.9,0.404486,31.19,63.03967004989794,0
28.07,0.404486,31.19,63.03967004989794,0
17.91,0.400648,31.19,63.03967004989794,0
-33.9,0.403206,31.17,63.03967004989794,0
48.69,0.404486,31.17,63.03967004989794,0
31.78,0.403206,31.17,63.03967004989794,0
-21.96,0.403206,31.17,63.03967004989794,0
-0.86,0.401927,31.19,63.03967004989794,0
14.12,0.401927,31.19,63.03967004989794,0
-2.81,0.403206,31.19,63.03967004989794,0
-51.45,0.403206,31.19,63.03967004989794,0
19.96,0.403206,31.19,63.03967004989794,0
10.07,0.401927,31.19,63.03967004989794,0
-49.75,0.399369,31.19,63.03967004989794,0
41.59,0.401927,31.19,63.03967004989794,0
19.97,0.401927,31.17,63.03967004989794,0
-34.12,0.401927,31.17,63.03967004989794,0
44.7,0.401927,31.17,63.03967004989794,0
26.09,0.403206,31.17,63.52164985262898,0
-28.55,0.403206,31.17,63.03967004989794,0
22.82,0.403206,31.17,63.03967004989794,0
20.23,0.404486,31.17,63.03967004989794,0
-14.36,0.404486,31.17,63.03967004989794,0
-27.68,0.404486,31.17,63.03967004989794,0
17.0,0.403206,31.17,63.03967004989794,0
3.46,0.404486,31.17,63.03967004989794,0
-44.87,0.403206,31.17,63.03967004989794,0
26.0,0.403206,31.17,63.03967004989794,0
13.49,0.401927,31.17,63.03967004989794,0
-26.71,0.404486,31.17,63.03967004989794,0
35.65,0.403206,31.17,63.03967004989794,0
19.08,0.404486,31.21,62.56996084384263,0
-26.09,0.399369,31.21,63.03967004989794,0
13.76,0.39809,31.21,63.03967004989794,0
12.46,0.403206,31.21,63.03967004989794,0
-9.81,0.400648,31.19,63.03967004989794,0
-41.73,0.403206,31.19,63.03967004989794,0
11.13,0.400648,31.19,63.03967004989794,0
5.0,0.403206,31.19,63.03967004989794,0
-27.01,0.400648,31.19,63.03967004989794,0
25.82,0.405765,31.19,63.03967004989794,0
13.32,0.403206,31.19,63.52164985262898,0
-20.02,0.403206,31.19,63.03967004989794,0
10.31,0.407044,31.19,63.03967004989794,0
7.07,0.403206,31.19,63.03967004989794,0
-15.08,0.404486,31.19,63.03967004989794,0
-22.8,0.400648,31.19,63.03967004989794,0
10.35,0.404486,31.19,63.03967004989794,0
1.54,0.401927,31.19,63.03967004989794,0
-49.11,0.404486,31.19,62.65780079128216,0
23.9,0.403206,31.19,63.03967004989794,0
19.09,0.404486,31.19,63.03967004989794,0
-27.87,0.404486,31.19,63.03967004989794,0
39.55,0.401927,31.19,63.03967004989794,0
26.73,0.404486,31.19,63.03967004989794,0
-8.34,0.403206,31.17,63.03967004989794,0
-34.64,0.404486,31.17,63.03967004989794,0
15.77,0.399369,31.17,63.03967004989794,0
9.15,0.403206,31.17,63.52164985262898,0
-27.58,0.403206,31.17,63.03967004989794,0
40.03,0.403206,31.17,63.03967004989794,0
15.15,0.401927,31.17,63.03967004989794,0
-20.45,0.403206,31.17,63.52164985262898,0
-26.27,0.401927,31.19,63.03967004989794,0
14.83,0.401927,31.19,63.03967004989794,0
2.12,0.401927,31.19,63.52164985262898,0
-38.21,0.403206,31.19,63.03967004989794,0
40.17,0.403206,31.17,63.03967004989794,0
27.81,0.400648,31.17,63.03967004989794,0
-16.09,0.403206,31.17,63.03967004989794,0
-27.99,0.403206,31.17,63.03967004989794,0
15.83,0.403206,31.17,63.03967004989794,0
7.16,0.404486,31.17,63.63961030678928,0
-40.41,0.401927,31.17,63.03967004989794,0
40.52,0.404486,31.17,63.03967004989794,0
23.61,0.401927,31.19,63.03967004989794,0
-16.97,0.407044,31.19,63.03967004989794,0
-23.44,0.403206,31.19,63.03967004989794,0
10.95,0.401927,31.19,63.03967004989794,0
-2.47,0.400648,31.19,63.03967004989794,0
-41.32,0.403206,31.19,63.03967004989794,0
27.73,0.401927,31.19,63.03967004989794,0
15.84,0.401927,31.19,63.03967004989794,0
-32.65,0.404486,31.15,63.03967004989794,0
39.9,0.401927,31.15,63.03967004989794,0
21.15,0.404486,31.15,63.52164985262898,0
-29.73,0.404486,31.15,63.03967004989794,0
24.32,0.403206,31.19,63.03967004989794,0
19.61,0.404486,31.19,63.03967004989794,0
-14.32,0.403206,31.19,63.03967004989794,0
-21.98,0.401927,31.19,63.03967004989794,0
17.86,0.401927,31.19,63.03967004989794,0
1.74,0.403206,31.19,63.03967004989794,0
-57.53,0.400648,31.19,63.03967004989794,0
28.32,0.403206,31.19,63.03967004989794,0
16.22,0.401927,31.19,63.03967004989794,0
-30.71,0.400648,31.19,63.419239982831705,0
41.91,0.401927,31.19,63.03967004989794,0
22.27,0.400648,31.19,63.419239982831705,0
-23.3,0.401927,31.19,63.03967004989794,0
31.93,0.401927,31.19,63.03967004989794,0
16.17,0.400648,31.19,63.03967004989794,0
-21.92,0.400648,31.19,63.03967004989794,0
7.47,0.400648,31.19,63.03967004989794,0
12.15,0.401927,31.19,63.03967004989794,0
-10.56,0.403206,31.19,63.03967004989794,0
-20.71,0.401927,31.19,63.03967004989794,0
12.0,0.403206,31.19,63.03967004989794,0
2.56,0.403206,31.19,63.03967004989794,0
-48.74,0.401927,31.19,63.03967004989794,0
18.21,0.39809,31.19,63.03967004989794,0
5.46,0.401927,31.19,63.03967004989794,0
-33.97,0.401927,31.19,62.93647591023825,0
28.65,0.391694,31.19,63.03967004989794,0
15.84,0.401927,31.19,63.52164985262898,0
-20.08,0.403206,31.19,63.03967004989794,0
23.16,0.400648,31.19,62.93647591023825,0
11.79,0.401927,31.19,63.03967004989794,0
-14.68,0.401927,31.19,63.03967004989794,0
-4.56,0.403206,31.17,63.03967004989794,0
7.98,0.400648,31.17,63.03967004989794,0
-9.74,0.400648,31.17,63.03967004989794,0
-34.28,0.400648,31.17,63.03967004989794,0
12.13,0.399369,31.17,63.03967004989794,0
-1.84,0.400648,31.17,62.93647591023825,0
-38.57,0.400648,31.17,63.03967004989794,0
26.2,0.401927,31.17,63.03967004989794,0
14.63,0.399369,31.17,63.03967004989794,0
-31.89,0.403206,31.17,63.03967004989794,0
18.41,0.400648,31.17,63.03967004989794,0
18.99,0.401927,31.17,63.03967004989794,0
-14.34,0.401927,31.17,63.03967004989794,0
-34.38,0.403206,31.17,63.03967004989794,0
16.98,0.400648,31.17,63.03967004989794,0
6.63,0.400648,31.17,63.03967004989794,0
-34.65,0.400648,31.19,63.03967004989794,0
35.74,0.399369,31.19,63.03967004989794,0
25.3,0.400648,31.19,63.03967004989794,0
-25.51,0.400648,31.19,63.03967004989794,0
26.78,0.400648,31.19,63.03967004989794,0
19.54,0.399369,31.19,63.03967004989794,0
-10.48,0.401927,31.19,63.03967004989794,0
-44.31,0.403206,31.19,63.03967004989794,0
16.42,0.400648,31.19,63.03967004989794,0
9.62,0.400648,31.19,63.03967004989794,0
-42.69,0.39809,31.19,63.03967004989794,0
38.74,0.400648,31.19,63.03967004989794,0
22.16,0.399369,31.19,63.03967004989794,0
-24.22,0.395531,31.19,63.03967004989794,0
25.59,0.400648,31.19,63.03967004989794,0
22.9,0.401927,31.19,63.03967004989794,0
-7.14,0.401927,31.17,63.03967004989794,0
-50.51,0.403206,31.17,63.03967004989794,0
14.11,0.403206,31.17,63.03967004989794,0
16.49,0.401927,31.17,63.03967004989794,0
-35.81,0.399369,31.17,63.03967004989794,0
40.24,0.39809,31.17,63.03967004989794,0
26.9,0.400648,31.17,63.03967004989794,0
-23.35,0.39809,31.17,63.03967004989794,0
-22.18,0.401927,31.17,63.03967004989794,0
17.38,0.399369,31.17,63.03967004989794,0
-2.34,0.401927,31.17,63.52164985262898,0
-42.26,0.400648,31.17,63.03967004989794,0
34.03,0.400648,31.15,63.03967004989794,0
23.86,0.403206,31.15,63.52164985262898,0
-22.51,0.400648,31.15,63.15853069855251,0
1.28,0.400648,31.15,63.03967004989794,0
14.23,0.39809,31.19,63.03967004989794,0
-2.01,0.403206,31.19,63.03967004989794,0
-44.96,0.395531,31.19,63.03967004989794,0
17.09,0.400648,31.19,63.03967004989794,0
16.28,0.400648,31.17,63.03967004989794,0
-36.56,0.400648,31.17,63.03967004989794,0
40.92,0.400648,31.17,63.03967004989794,0
24.29,0.399369,31.17,63.03967004989794,0
-26.15,0.400648,31.17,63.03967004989794,0
-0.89,0.394252,31.17,63.03967004989794,0
17.5,0.400648,31.17,63.03967004989794,0
-5.82,0.39809,31.17,63.03967004989794,0
-56.99,0.399369,31.19,63.03967004989794,0
26.0,0.399369,31.19,63.03967004989794,0
12.24,0.39809,31.19,63.52164985262898,0
-29.02,0.403206,31.19,63.03967004989794,0
39.73,0.400648,31.17,63.03967004989794,0
27.01,0.401927,31.17,63.03967004989794,0
-22.19,0.400648,31.17,63.03967004989794,0
2.04,0.400648,31.17,63.03967004989794,0
19.63,0.400648,31.21,63.03967004989794,0
-6.98,0.400648,31.21,63.03967004989794,0
-45.49,0.399369,31.21,63.03967004989794,0
20.44,0.39809,31.21,63.03967004989794,0
10.22,0.39809,31.19,63.52164985262898,0
-28.23,0.400648,31.19,63.03967004989794,0
36.37,0.394252,31.19,63.03967004989794,0
21.23,0.399369,31.19,63.03967004989794,0
-19.65,0.399369,31.19,63.03967004989794,0
-32.45,0.400648,31.19,63.03967004989794,0
9.52,0.401927,31.19,63.03967004989794,0
4.38,0.400648,31.19,63.03967004989794,0
-26.85,0.400648,31.19,63.03967004989794,0
29.05,0.396811,31.19,63.03967004989794,0
19.72,0.399369,31.19,63.03967004989794,0
-20.04,0.399369,31.19,63.03967004989794,0
-27.68,0.399369,31.15,63.03967004989794,0
11.28,0.39809,31.15,63.03967004989794,0
4.54,0.401927,31.15,63.03967004989794,0
-35.95,0.400648,31.15,63.03967004989794,0
38.82,0.400648,31.17,63.03967004989794,0
25.34,0.401927,31.17,63.03967004989794,0
-14.91,0.400648,31.17,63.03967004989794,0
-55.71,0.400648,31.17,63.03967004989794,0
26.06,0.395531,31.17,63.03967004989794,0
16.68,0.401927,31.17,63.03967004989794,0
-27.95,0.39809,31.17,63.03967004989794,0
16.86,0.39809,31.17,63.03967004989794,0
20.63,0.399369,31.15,63.03967004989794,0
0.33,0.39809,31.15,63.03967004989794,0
-52.97,0.39809,31.15,63.03967004989794,0
28.89,0.39809,31.15,63.03967004989794,0
19.26,0.399369,31.15,63.03967004989794,0
-30.92,0.39809,31.15,63.03967004989794,0
38.31,0.399369,31.15,63.03967004989794,0
22.13,0.390415,31.15,63.03967004989794,0
-17.84,0.399369,31.15,63.03967004989794,0
-31.93,0.399369,31.15,63.03967004989794,0
16.6,0.39809,31.15,63.03967004989794,0
6.87,0.39809,31.15,63.03967004989794,0
-49.38,0.39809,31.17,63.03967004989794,0
46.53,0.400648,31.17,63.03967004989794,0
30.11,0.399369,31.17,63.03967004989794,0
-27.9,0.400648,31.17,63.03967004989794,0
3.46,0.400648,31.17,63.03967004989794,0
22.33,0.399369,31.17,63.03967004989794,0
-0.79,0.396811,31.17,63.03967004989794,0
-52.1,0.396811,31.17,63.03967004989794,0
38.51,0.39809,31.17,63.03967004989794,0
26.42,0.39809,31.17,63.03967004989794,0
-32.66,0.39809,31.17,63.03967004989794,0
30.56,0.399369,31.17,63.03967004989794,0
18.74,0.396811,31.17,63.03967004989794,0
-19.28,0.399369,31.17,63.03967004989794,0
-37.16,0.39809,31.17,63.03967004989794,0
14.27,0.399369,31.17,63.03967004989794,0
-1.77,0.39809,31.17,63.03967004989794,0
-60.51,0.399369,31.17,63.03967004989794,0
30.74,0.39809,31.17,63.03967004989794,0
20.65,0.399369,31.17,63.52164985262898,0
-43.51,0.399369,31.17,63.03967004989794,0
50.39,0.399369,31.17,63.03967004989794,0
26.22,0.399369,31.17,63.03967004989794,0
-22.87,0.39809,31.17,63.03967004989794,0
2.62,0.39809,31.17,63.03967004989794,0
21.52,0.400648,31.17,63.03967004989794,0
-1.77,0.399369,31.17,63.03967004989794,0
-50.0,0.399369,31.17,63.03967004989794,0
22.46,0.395531,31.15,63.03967004989794,0
15.13,0.400648,31.15,63.52164985262898,0
-30.4,0.396811,31.15,63.03967004989794,0
37.96,0.399369,31.15,63.03967004989794,0
26.65,0.39809,31.17,63.03967004989794,0
-20.42,0.400648,31.17,63.03967004989794,0
-23.01,0.399369,31.17,63.03967004989794,0
12.86,0.39809,31.17,63.03967004989794,0
1.66,0.399369,31.17,63.03967004989794,0
-34.84,0.39809,31.17,63.03967004989794,0
36.7,0.399369,31.17,63.03967004989794,0
21.95,0.396811,31.17,63.03967004989794,0
-13.86,0.399369,31.19,62.93647591023825,0
-43.89,0.396811,31.19,63.03967004989794,0
11.14,0.400648,31.19,63.03967004989794,0
4.78,0.399369,31.19,63.52164985262898,0
-27.62,0.39809,31.15,63.03967004989794,0
32.33,0.39809,31.15,63.03967004989794,0
20.8,0.391694,31.15,63.03967004989794,0
-15.49,0.400648,31.15,63.03967004989794,0
-17.87,0.39809,31.19,63.03967004989794,0
1.82,0.399369,31.19,63.03967004989794,0
-0.33,0.395531,31.19,63.03967004989794,0
-50.13,0.396811,31.19,63.03967004989794,0
20.15,0.396811,31.17,63.03967004989794,0
12.17,0.39809,31.17,63.03967004989794,0
-42.27,0.396811,31.17,63.03967004989794,0
39.76,0.395531,31.17,63.03967004989794,0
22.78,0.396811,31.17,63.03967004989794,0
-25.99,0.396811,31.17,63.52164985262898,0
22.54,0.39809,31.17,63.52164985262898,0
23.04,0.39809,31.17,63.03967004989794,0
-6.04,0.39809,31.17,62.93647591023825,0
-42.58,0.395531,31.17,63.03967004989794,0
13.5,0.39809,31.17,63.03967004989794,0
9.75,0.396811,31.17,63.03967004989794,0
-22.56,0.396811,31.17,63.03967004989794,0
32.11,0.39809,31.17,63.03967004989794,0
18.23,0.39809,31.17,63.03967004989794,0
-21.62,0.399369,31.17,63.03967004989794,0
-50.83,0.396811,31.17,63.03967004989794,0
14.95,0.400648,31.17,63.03967004989794,0
14.39,0.391694,31.17,63.03967004989794,0
-28.16,0.39809,31.17,63.03967004989794,0
16.42,0.392973,31.19,63.03967004989794,0
17.31,0.396811,31.19,63.03967004989794,0
-0.86,0.396811,31.19,63.03967004989794,0
-44.38,0.396811,31.19,63.03967004989794,0
39.37,0.39809,31.17,63.03967004989794,0
28.14,0.396811,31.17,63.03967004989794,0
-16.25,0.39809,31.17,63.03967004989794,0
-51.12,0.395531,31.17,63.03967004989794,0
18.8,0.396811,31.15,63.03967004989794,0
20.48,0.396811,31.15,63.03967004989794,0
-31.49,0.396811,31.15,63.03967004989794,0
29.02,0.395531,31.15,63.03967004989794,0
18.65,0.395531,31.15,63.03967004989794,0
-8.36,0.396811,31.15,63.03967004989794,0
-41.97,0.396811,31.15,63.03967004989794,0
14.8,0.396811,31.15,63.03967004989794,0
5.11,0.396811,31.17,63.03967004989794,0
-53.86,0.39809,31.17,63.03967004989794,0
24.16,0.395531,31.17,62.93647591023825,0
13.12,0.39809,31.17,62.93647591023825,0
-57.38,0.391694,31.15,63.03967004989794,0
28.21,0.399369,31.15,63.52164985262898,0
12.18,0.394252,31.15,63.52164985262898,0
-40.13,0.396811,31.15,63.03967004989794,0
14.22,0.396811,31.17,63.03967004989794,0
-6.23,0.395531,31.17,63.03967004989794,0
-14.51,0.396811,31.17,63.03967004989794,0
14.08,0.396811,31.17,63.03967004989794,0
-8.53,0.39809,31.13,63.03967004989794,0
-34.34,0.395531,31.13,63.03967004989794,0
23.01,0.399369,31.13,63.03967004989794,0
2.12,0.396811,31.13,63.03967004989794,0
-40.77,0.396811,31.15,63.03967004989794,0
44.75,0.394252,31.15,63.03967004989794,0
26.08,0.396811,31.15,63.03967004989794,0
-10.44,0.396811,31.15,63.52164985262898,0
-59.5,0.396811,31.15,63.52164985262898,0
25.09,0.396811,31.15,63.03967004989794,0
16.21,0.396811,31.15,63.03967004989794,0
-19.12,0.396811,31.15,62.93647591023825,0
-5.23,0.396811,31.13,63.03967004989794,0
15.74,0.399369,31.13,63.03967004989794,0
-0.66,0.396811,31.13,63.03967004989794,0
-33.21,0.395531,31.13,63.03967004989794,0
37.56,0.394252,31.17,63.03967004989794,0
23.34,0.396811,31.17,63.03967004989794,0
-8.72,0.396811,31.17,63.03967004989794,0
-50.56,0.395531,31.17,63.03967004989794,0
30.76,0.396811,31.17,63.03967004989794,0
23.68,0.39809,31.17,63.03967004989794,0
-16.76,0.39809,31.17,63.52164985262898,0
-52.03,0.391694,31.17,63.03967004989794,0
13.68,0.39809,31.17,63.03967004989794,0
17.77,0.39809,31.17,63.03967004989794,0
-25.31,0.391694,31.17,63.419239982831705,0
2.62,0.394252,31.17,63.03967004989794,0
8.31,0.395531,31.15,63.03967004989794,0
-3.3,0.395531,31.15,63.03967004989794,0
-46.28,0.395531,31.15,63.03967004989794,0
44.47,0.39809,31.15,63.03967004989794,0
26.61,0.395531,31.17,63.03967004989794,0
-23.18,0.39809,31.17,63.15853069855251,0
-9.63,0.396811,31.17,63.03967004989794,0
16.03,0.394252,31.17,63.03967004989794,0
-3.56,0.394252,31.17,63.03967004989794,0
-57.32,0.394252,31.17,62.56996084384263,0
27.86,0.394252,31.17,63.03967004989794,0
15.69,0.392973,31.17,63.03967004989794,0
-46.44,0.394252,31.17,63.03967004989794,0
44.23,0.392973,31.17,63.03967004989794,0
27.79,0.394252,31.17,63.03967004989794,0
-26.3,0.394252,31.17,63.03967004989794,0
45.25,0.394252,31.17,63.03967004989794,0
21.96,0.395531,31.17,63.03967004989794,0
-17.06,0.394252,31.17,63.03967004989794,0
39.83,0.395531,31.17,63.03967004989794,0
14.16,0.395531,31.19,63.03967004989794,0
-30.95,0.394252,31.19,63.03967004989794,0
26.91,0.394252,31.19,63.03967004989794,0
7.52,0.394252,31.19,63.03967004989794,0
-35.38,0.395531,31.19,63.03967004989794,0
8.84,0.395531,31.19,63.03967004989794,0
-5.07,0.389135,31.19,63.03967004989794,0
-20.6,0.395531,31.19,63.03967004989794,0
11.3,0.394252,31.15,63.03967004989794,0
-3.47,0.396811,31.15,63.03967004989794,0
-43.88,0.396811,31.15,63.03967004989794,0
22.15,0.395531,31.15,63.03967004989794,0
11.52,0.392973,31.17,63.03967004989794,0
-16.74,0.395531,31.17,63.52164985262898,0
-35.91,0.395531,31.17,63.03967004989794,0
8.76,0.394252,31.17,63.03967004989794,0
5.28,0.395531,31.15,63.03967004989794,0
-16.04,0.389135,31.15,63.03967004989794,0
-20.33,0.395531,31.15,63.03967004989794,0
10.79,0.395531,31.15,63.03967004989794,0
3.12,0.395531,31.15,62.56996084384263,0
-24.96,0.395531,31.15,63.03967004989794,0
26.09,0.392973,31.15,63.03967004989794,0
18.78,0.392973,31.15,63.03967004989794,0
-7.69,0.394252,31.17,62.56996084384263,0
-47.2,0.396811,31.17,63.03967004989794,0
35.83,0.395531,31.17,63.03967004989794,0
29.76,0.394252,31.17,63.03967004989794,0
-13.91,0.394252,31.17,63.03967004989794,0
-53.56,0.392973,31.17,63.03967004989794,0
21.48,0.394252,31.17,63.03967004989794,0
19.24,0.395531,31.17,63.03967004989794,0
-27.22,0.394252,31.17,63.03967004989794,0
17.98,0.395531,31.17,63.03967004989794,0
17.16,0.391694,31.17,63.03967004989794,0
3.35,0.394252,31.17,63.52164985262898,0
-48.78,0.392973,31.19,63.03967004989794,0
46.02,0.396811,31.19,63.03967004989794,0
26.44,0.395531,31.19,63.03967004989794,0
-24.81,0.394252,31.19,63.03967004989794,0
-6.1,0.395531,31.17,63.03967004989794,0
19.12,0.395531,31.17,63.03967004989794,0
-2.91,0.396811,31.17,63.15853069855251,0
-53.65,0.395531,31.17,63.03967004989794,0
47.33,0.392973,31.17,63.03967004989794,0
26.77,0.391694,31.17,63.03967004989794,0
-31.26,0.395531,31.17,63.03967004989794,0
8.99,0.394252,31.17,63.03967004989794,0
17.54,0.395531,31.15,63.03967004989794,0
-4.13,0.392973,31.15,62.56996084384263,0
-55.85,0.395531,31.15,63.03967004989794,0
29.11,0.394252,31.15,63.03967004989794,0
22.85,0.396811,31.17,63.52164985262898,0
-31.83,0.396811,31.17,63.03967004989794,0
40.03,0.394252,31.17,63.03967004989794,0
23.29,0.395531,31.17,63.03967004989794,0
-15.13,0.394252,31.17,63.15853069855251,0
-27.94,0.396811,31.17,63.03967004989794,0
12.46,0.387856,31.17,63.03967004989794,0
-2.9,0.395531,31.17,63.03967004989794,0
-52.15,0.389135,31.19,63.03967004989794,0
25.75,0.394252,31.19,63.03967004989794,0
13.57,0.394252,31.19,63.03967004989794,0
-38.96,0.395531,31.19,63.03967004989794,0
46.3,0.395531,31.19,63.03967004989794,0
30.39,0.392973,31.19,63.03967004989794,0
-26.63,0.394252,31.19,63.03967004989794,0
9.05,0.392973,31.19,63.03967004989794,0
26.52,0.395531,31.17,63.03967004989794,0
-2.12,0.392973,31.17,63.15853069855251,0
-49.53,0.392973,31.17,63.03967004989794,0
36.47,0.395531,31.17,63.03967004989794,0
24.12,0.394252,31.17,63.03967004989794,0
-24.44,0.394252,31.17,63.03967004989794,0
3.3,0.394252,31.17,63.15853069855251,0
22.7,0.395531,31.17,63.29296959378664,0
-1.38,0.394252,31.17,63.15853069855251,0
-43.63,0.395531,31.17,62.849025449882674,0
28.38,0.392973,31.17,62.77738446287803,0
16.45,0.395531,31.17,63.03967004989794,0
-31.74,0.395531,31.19,62.93647591023825,0
22.98,0.395531,31.19,62.289646009589745,0
4.24,0.39809,31.19,63.29296959378664,0
-23.79,0.395531,31.19,63.03967004989794,0
34.24,0.396811,31.17,63.03967004989794,0
5.72,0.39809,31.17,63.03967004989794,0
-19.96,0.396811,31.17,63.15853069855251,0
27.81,0.396811,31.17,63.03967004989794,0
4.77,0.395531,31.19,63.15853069855251,0
-21.78,0.39809,31.19,62.56996084384263,0
-2.94,0.395531,31.19,63.03967004989794,0
1.19,0.395531,31.19,63.03967004989794,0
-15.13,0.396811,31.19,63.03967004989794,0
-5.8,0.396811,31.19,63.03967004989794,0
13.2,0.396811,31.19,63.03967004989794,0
-4.82,0.396811,31.19,63.03967004989794,0
-11.55,0.399369,31.15,63.03967004989794,0
14.94,0.399369,31.15,63.03967004989794,0
-21.5,0.399369,31.15,63.03967004989794,0
12.66,0.39809,31.15,63.03967004989794,0
15.64,0.395531,31.17,63.03967004989794,0
-42.24,0.39809,31.17,65.7875368135941,0
20.95,0.395531,31.17,64.63745044476924,0
2.11,0.39809,31.17,67.23094525588644,0
-27.27,0.395531,31.17,63.84355879804947,0
23.48,0.395531,31.17,60.94259594077036,0
1.84,0.394252,31.17,66.10597552415364,0
47.71,0.392973,31.17,62.465990746965666,0
43.84,0.394252,31.17,64.5445582524197,0
32.9,0.392973,31.17,68.73136110975832,0
76.13,0.394252,31.17,57.18391382198319,0
-101.74,0.392973,31.17,69.6993543729065,0
-255.57,0.396811,31.15,62.68173577685928,0
238.86,0.396811,31.15,48.093658625644196,0
22.24,0.389135,31.15,56.95612346359257,0
25.79,0.38274,31.15,81.01234473831751,0
-171.7,0.378902,31.19,72.81483365359011,0
-269.06,0.384019,31.19,58.966091951222275,0
58.23,0.384019,31.19,63.89053137985315,0
42.71,0.385298,31.19,59.21148537234985,0
489.29,0.387856,31.13,93.49331526906082,0
17.82,0.395531,31.13,62.5939294181153,0
-7.22,0.376344,31.13,67.23094525588644,0
-249.71,0.38146,31.13,59.9749947894954,0
-284.15,0.38146,31.15,62.489999199871974,0
328.26,0.38146,31.15,62.68173577685928,0
-54.31,0.38146,31.15,71.87489130426563,0
196.73,0.380181,31.15,63.198101237299845,0
14.07,0.385298,31.13,65.82552696332935,0
-27.49,0.389135,31.13,66.2872536767062,0
30.63,0.389135,31.13,66.06057825965497,0
-28.86,0.387856,31.13,62.489999199871974,0
-149.43,0.387856,31.15,63.74950980203691,0
131.63,0.386577,31.15,62.433965115151864,0
-98.1,0.387856,31.15,63.31666447310692,0
95.81,0.389135,31.15,62.00806399170998,0
35.22,0.389135,31.13,63.51377803280167,0
-45.47,0.390415,31.13,63.31666447310692,0
-6.81,0.385298,31.13,63.31666447310692,0
7.53,0.389135,31.13,63.74950980203691,0
47.4,0.389135,31.17,63.74950980203691,0
18.07,0.389135,31.17,62.433965115151864,0
32.85,0.389135,31.17,62.8728876384726,0
-31.05,0.387856,31.17,63.31666447310692,0
-115.99,0.387856,31.15,63.51377803280167,0
67.68,0.387856,31.15,62.63385665915839,0
-15.83,0.387856,31.15,62.63385665915839,0
-28.26,0.387856,31.15,63.51377803280167,0
80.72,0.387856,31.13,63.51377803280167,0
-15.15,0.389135,31.13,62.63385665915839,0
6.05,0.387856,31.13,62.63385665915839,0
-11.77,0.387856,31.13,62.20932405998316,0
-40.66,0.389135,31.15,63.095166217389426,0
81.57,0.391694,31.15,63.095166217389426,0
26.95,0.389135,31.15,63.095166217389426,0
-45.69,0.387856,31.15,63.51377803280167,0
0.03,0.387856,31.13,63.31666447310692,0
3.46,0.386577,31.13,63.51377803280167,0
28.44,0.387856,31.13,63.51377803280167,0
-16.8,0.385298,31.13,62.63385665915839,0
-45.51,0.385298,31.13,62.63385665915839,0
20.84,0.385298,31.13,62.63385665915839,0
5.61,0.386577,31.13,63.94528911499267,0
50.47,0.386577,31.13,62.8728876384726,0
71.02,0.386577,31.13,62.433965115151864,0
-9.6,0.387856,31.13,63.31666447310692,0
-132.69,0.385298,31.13,63.51377803280167,0
59.34,0.387856,31.13,62.63385665915839,0
-15.83,0.385298,31.13,63.31666447310692,0
23.43,0.389135,31.13,62.8728876384726,0
-130.37,0.386577,31.13,62.8728876384726,0
70.22,0.386577,31.13,62.8728876384726,0
33.73,0.380181,31.13,63.324560795950255,0
-47.71,0.387856,31.13,62.928530890209096,0
10.49,0.389135,31.13,62.20128616033595,0
2.83,0.385298,31.13,63.52164985262898,0
86.13,0.385298,31.11,63.52164985262898,0
27.8,0.38146,31.11,62.63385665915839,0
-102.53,0.385298,31.11,62.63385665915839,0
11.73,0.384019,31.11,63.071388124885914,0
-5.77,0.386577,31.11,62.63385665915839,0
-70.97,0.380181,31.11,63.071388124885914,0
79.89,0.385298,31.11,63.071388124885914,0
47.85,0.385298,31.11,63.51377803280167,0
-34.41,0.385298,31.09,63.788713735268246,0
71.93,0.386577,31.09,63.51377803280167,0
77.35,0.384019,31.09,63.52164985262898,0
-61.49,0.385298,31.09,63.071388124885914,0
44.02,0.38146,31.09,62.63385665915839,0
-41.58,0.385298,31.09,63.51377803280167,0
-64.26,0.38274,31.09,63.51377803280167,0
103.28,0.385298,31.09,63.071388124885914,0
25.1,0.38274,31.11,62.63385665915839,0
-17.55,0.384019,31.11,63.51377803280167,0
-18.58,0.384019,31.11,63.095166217389426,0
-60.97,0.38274,31.11,63.30876716537765,0
-127.85,0.385298,31.11,62.42595614005443,0
-40.21,0.385298,31.11,62.42595614005443,0
65.36,0.385298,31.11,64.68384651518491,0
36.37,0.38274,31.11,63.095166217389426,0
-1.39,0.385298,31.09,63.51377803280167,0
-9.97,0.385298,31.09,62.63385665915839,0
109.55,0.384019,31.09,63.31666447310692,0
-20.13,0.384019,31.09,63.74950980203691,0
-25.29,0.384019,31.09,62.63385665915839,0
53.81,0.384019,31.09,63.31666447310692,0
16.18,0.38274,31.09,62.8728876384726,0
-113.16,0.385298,31.09,63.51377803280167,0
-31.46,0.384019,31.09,62.63385665915839,0
65.94,0.386577,31.09,63.51377803280167,0
-33.57,0.38146,31.09,63.51377803280167,0
-25.13,0.38274,31.09,62.63385665915839,0
-31.07,0.38274,31.07,63.31666447310692,0
52.95,0.38274,31.07,63.095166217389426,0
29.92,0.38274,31.07,63.103090257134,0
34.57,0.38146,31.07,62.849025449882674,0
122.53,0.38274,31.09,63.30876716537765,0
53.55,0.38146,31.09,62.90468980926621,0
-119.22,0.376344,31.09,61.61980201201558,0
-254.28,0.38274,31.09,62.90468980926621,0
-34.84,0.380181,31.09,62.24949798994366,0
42.34,0.38146,31.09,62.90468980926621,0
50.43,0.38146,31.09,63.30876716537765,0
26.93,0.38146,31.09,62.24949798994366,0
6.08,0.380181,31.09,63.30876716537765,0
8.39,0.384019,31.09,62.90468980926621,0
0.97,0.38146,31.09,63.41135544995076,0
-14.7,0.38274,31.09,63.13477647065839,0
-8.82,0.38146,31.09,64.02343321003646,0
27.5,0.38274,31.09,63.30876716537765,0
0.33,0.38146,31.09,63.095166217389426,0
-2.34,0.378902,31.09,62.90468980926621,0
-15.24,0.378902,31.09,62.68971207462992,0
91.91,0.380181,31.09,62.68971207462992,0
-1.19,0.380181,31.09,62.90468980926621,0
-106.95,0.378902,31.09,62.90468980926621,0
66.97,0.38146,31.09,62.90468980926621,0
18.22,0.38146,31.09,63.53739056650029,0
-35.54,0.378902,31.09,63.53739056650029,0
37.65,0.378902,31.09,62.90468980926621,0
42.59,0.378902,31.09,62.90468980926621,0
-28.44,0.38146,31.09,62.90468980926621,0
55.94,0.378902,31.09,62.90468980926621,0
10.66,0.377623,31.09,62.90468980926621,0
-53.83,0.378902,31.11,62.90468980926621,0
42.77,0.378902,31.11,62.51399843235114,0
31.66,0.378902,31.11,62.90468980926621,0
-56.42,0.377623,31.11,62.90468980926621,0
21.98,0.378902,31.09,62.90468980926621,0
2.71,0.377623,31.09,62.90468980926621,0
-58.62,0.378902,31.09,62.90468980926621,0
12.88,0.378902,31.09,62.90468980926621,0
-7.18,0.380181,31.09,62.90468980926621,0
-43.39,0.380181,31.09,63.30876716537765,0
28.69,0.377623,31.09,62.90468980926621,0
19.95,0.378902,31.09,62.90468980926621,0
-54.08,0.377623,31.11,63.72597586541927,0
27.12,0.380181,31.11,63.095166217389426,0
1.79,0.377623,31.11,63.095166217389426,0
-26.05,0.380181,31.11,63.30876716537765,0
17.19,0.373785,31.09,63.095166217389426,0
-18.68,0.380181,31.09,63.095166217389426,0
-26.41,0.38146,31.09,62.90468980926621,0
37.05,0.378902,31.09,62.90468980926621,0
25.58,0.378902,31.11,62.90468980926621,0
-50.36,0.376344,31.11,63.51377803280167,0
28.7,0.378902,31.11,63.095166217389426,0
9.9,0.376344,31.11,63.095166217389426,0
-45.89,0.378902,31.11,62.68971207462992,0
44.86,0.378902,31.11,63.095166217389426,0
-57.32,0.378902,31.11,63.095166217389426,0
-24.4,0.378902,31.11,63.095166217389426,0
-14.94,0.377623,31.11,63.095166217389426,0
-14.36,0.380181,31.11,63.095166217389426,0
-64.3,0.378902,31.11,63.095166217389426,0
28.15,0.378902,31.11,63.095166217389426,0
11.15,0.376344,31.11,63.788713735268246,0
-69.98,0.378902,31.11,63.095166217389426,0
30.59,0.377623,31.11,63.984373092185564,0
66.16,0.377623,31.11,62.68971207462992,0
56.36,0.376344,31.09,62.68971207462992,0
69.58,0.376344,31.09,63.095166217389426,0
-174.37,0.376344,31.09,62.68971207462992,0
-221.99,0.375065,31.09,62.68971207462992,0
32.66,0.377623,31.09,62.65780079128216,0
-4.04,0.378902,31.09,63.72597586541927,0
9.76,0.373785,31.09,63.796551630946325,0
43.43,0.372506,31.09,62.90468980926621,0
13.55,0.373785,31.09,63.51377803280167,0
66.24,0.373785,31.09,62.63385665915839,0
54.18,0.373785,31.09,62.63385665915839,0
-22.97,0.375065,31.09,63.095166217389426,0
-49.41,0.373785,31.07,62.63385665915839,0
0.4,0.375065,31.07,64.20280367709809,0
-21.62,0.372506,31.07,62.71363488110062,0
65.01,0.371227,31.07,63.25345840347388,0
67.13,0.372506,31.09,63.25345840347388,0
-23.46,0.371227,31.09,62.080592780675026,0
-75.09,0.36611,31.09,63.40346993658943,0
6.84,0.369948,31.09,62.96824596572466,0
-103.83,0.372506,31.09,62.96824596572466,0
106.88,0.371227,31.09,63.40346993658943,0
24.52,0.372506,31.09,63.29296959378664,0
-17.86,0.371227,31.09,63.608175575157006,0
7.23,0.368669,31.09,72.6773692424265,0
-20.96,0.373785,31.09,61.603571325045756,0
34.31,0.373785,31.09,66.70082458260917,0
45.06,0.377623,31.09,65.5133574166368,0
50.37,0.375065,31.11,62.96824596572466,0
137.53,0.376344,31.11,63.702433234531945,0
-85.35,0.375065,31.11,62.76145313805282,0
50.85,0.375065,31.11,60.423505360083176,0
141.76,0.378902,31.09,62.12889826803627,0
-103.77,0.376344,31.09,63.702433234531945,0
-79.6,0.380181,31.09,62.48199740725323,0
-38.86,0.380181,31.09,62.625873247404705,0
-121.51,0.378902,31.07,63.0,0
-207.34,0.380181,31.07,63.52952069707436,0
112.62,0.38146,31.07,63.52952069707436,0
-115.03,0.380181,31.07,63.0,0
-120.29,0.380181,31.09,63.387695966961914,0
-53.22,0.38146,31.09,63.387695966961914,0
24.38,0.380181,31.09,63.0,0
124.82,0.380181,31.09,62.77738446287803,0
37.98,0.378902,31.07,63.914004725099176,0
-61.8,0.380181,31.07,62.8728876384726,0
89.39,0.38146,31.07,63.387695966961914,0
4.64,0.38146,31.07,63.387695966961914,0
54.01,0.380181,31.09,63.387695966961914,0
20.17,0.38274,31.09,63.914004725099176,0
-40.17,0.38146,31.09,63.387695966961914,0
65.32,0.380181,31.09,63.387695966961914,0
0.43,0.38146,31.09,62.63385665915839,0
7.16,0.38274,31.09,63.387695966961914,0
7.71,0.38146,31.09,63.387695966961914,0
-34.36,0.38146,31.09,63.03967004989794,0
56.25,0.38146,31.09,63.2771680782255,0
-10.25,0.380181,31.09,63.387695966961914,0
2.12,0.38146,31.09,63.387695966961914,0
7.33,0.38274,31.09,62.63385665915839,0
-45.46,0.38146,31.09,63.788713735268246,0
56.18,0.384019,31.09,63.788713735268246,0
11.05,0.378902,31.09,63.788713735268246,0
-70.05,0.38146,31.09,63.387695966961914,0
35.28,0.38146,31.11,62.63385665915839,0
4.51,0.38274,31.11,62.63385665915839,0
-42.26,0.380181,31.11,63.387695966961914,0
8.14,0.38146,31.11,62.8728876384726,0
-15.43,0.38146,31.07,63.788713735268246,0
-60.19,0.384019,31.07,62.8728876384726,0
5.31,0.38274,31.07,62.63385665915839,0
5.06,0.384019,31.07,62.8728876384726,0
-25.35,0.376344,31.11,63.05553108173778,0
15.1,0.378902,31.11,63.90618123468183,0
21.04,0.380181,31.11,61.326992425847855,0
132.4,0.376344,31.11,59.76621118993574,0
-15.52,0.377623,31.11,67.47592163134935,0
-85.44,0.371227,31.11,56.49778756730214,0
64.61,0.363552,31.11,64.65291950097846,0
-13.88,0.364831,31.11,63.94528911499267,0
-196.14,0.36611,31.09,70.8590149522275,0
8.03,0.358435,31.09,70.90133990271269,0
348.68,0.36739,31.09,60.876925020897694,0
-41.24,0.363552,31.09,51.81698563212646,0
25.49,0.362273,31.09,70.43436661176133,0
-334.94,0.36739,31.09,62.83311228962003,0
55.03,0.36611,31.09,63.0,0
331.65,0.368669,31.09,65.24568951279464,0
1.12,0.369948,31.11,61.35144660071187,0
96.13,0.371227,31.11,64.51356446515724,0
33.15,0.36611,31.11,63.58458932791813,0
-15.0,0.372506,31.11,62.71363488110062,0
-14.84,0.373785,31.13,63.4428877022476,0
5.02,0.372506,31.13,63.33245613427605,0
-173.0,0.373785,31.13,63.33245613427605,0
-82.81,0.369948,31.13,63.13477647065839,0
99.79,0.373785,31.09,63.63961030678928,0
-9.77,0.372506,31.09,63.33245613427605,0
83.18,0.369948,31.09,63.63961030678928,0
25.1,0.373785,31.09,63.33245613427605,0
-69.08,0.376344,31.07,63.33245613427605,0
38.78,0.375065,31.07,63.33245613427605,0
21.8,0.373785,31.07,63.33245613427605,0
-56.42,0.375065,31.07,63.03967004989794,0
15.39,0.373785,31.09,62.8410693734599,0
-4.71,0.375065,31.09,62.76145313805282,0
-3.64,0.372506,31.09,62.625873247404705,0
28.57,0.375065,31.09,62.8410693734599,0
-31.55,0.375065,31.07,61.587336360651285,0
3.72,0.376344,31.07,63.76519426771944,0
127.22,0.375065,31.07,63.4428877022476,0
-154.7,0.373785,31.07,62.40192304729078,0
-76.69,0.376344,31.11,64.02343321003646,0
85.42,0.372506,31.11,51.97114584074513,0
57.63,0.372506,31.11,67.58698099486321,0
155.74,0.369948,31.11,84.71717653463199,0
-105.39,0.362273,31.11,64.10148204214939,0
-86.05,0.360994,31.11,63.76519426771944,0
38.24,0.36611,31.11,71.01408311032397,0
-46.29,0.363552,31.11,49.85980344927164,0
85.81,0.362273,31.09,71.45628033979938,0
-13.57,0.362273,31.09,56.66568626602876,0
-128.64,0.360994,31.09,63.33245613427605,0
-150.99,0.360994,31.09,69.92138442565336,0
-88.46,0.359714,31.09,61.18823416311342,0
93.34,0.368669,31.09,59.58187643906493,0
134.16,0.364831,31.09,63.7808748764079,0
232.48,0.36739,31.09,64.70703207534712,0
208.46,0.364831,31.09,64.94613152451807,0
-145.17,0.36739,31.09,61.91930232165088,0
-195.67,0.36611,31.09,40.93897898091744,0
-71.37,0.369948,31.09,74.51845409024533,0
-79.62,0.375065,31.09,60.876925020897694,0
87.31,0.376344,31.09,64.7533782902483,0
8.64,0.377623,31.09,63.03967004989794,0
22.67,0.375065,31.09,63.198101237299845,0
-125.38,0.375065,31.07,62.545983084447556,0
18.71,0.373785,31.07,63.52164985262898,0
49.67,0.373785,31.07,64.85368146836385,0
17.77,0.371227,31.07,65.85590330410783,0
-64.48,0.376344,31.07,63.63961030678928,0
37.63,0.376344,31.07,62.82515419798029,0
112.12,0.377623,31.07,61.98386886924694,0
131.9,0.378902,31.07,69.77822009767804,0
133.11,0.377623,31.09,62.25752966509352,0
-245.0,0.378902,31.09,62.56196927846821,0
-323.5,0.38146,31.09,62.72160712226688,0
-470.9,0.38146,31.09,62.433965115151864,0
520.75,0.380181,31.09,63.29296959378664,0
109.99,0.38146,31.09,63.52164985262898,0
-18.92,0.377623,31.09,55.937465083787984,0
20.0,0.378902,31.09,55.154328932550705,0
40.19,0.376344,31.09,65.62773803811922,0
-8.65,0.372506,31.09,67.94850991743675,0
40.46,0.369948,31.09,60.340699366182356,0
17.7,0.36739,31.09,75.16648189186454,0
20.65,0.371227,31.09,32.7566787083184,0
49.63,0.369948,31.09,74.95331880577403,0
255.2,0.372506,31.09,55.910642993977454,0
-141.43,0.363552,31.09,68.86218120274728,0
-209.85,0.372506,31.11,66.84309986827361,0
-13.3,0.371227,31.11,63.53739056650029,0
-22.92,0.373785,31.11,62.52199612936234,0
-25.3,0.375065,31.11,61.465437442517235,0
196.49,0.380181,31.09,64.78425734698207,0
-218.3,0.380181,31.09,75.11324783285569,0
139.87,0.376344,31.09,159.5650337636664,0
-311.79,0.394252,31.09,137.02554506368512,0
-6.19,0.380181,31.09,101.56278846112882,0
32.21,0.384019,31.09,60.753600716336145,0
87.0,0.38274,31.09,65.83312236253116,0
269.61,0.387856,31.09,67.83067152844649,0
-280.29,0.385298,31.09,65.79513659838392,0
73.9,0.384019,31.09,64.70703207534712,0
-42.94,0.384019,31.09,64.65291950097846,0
-2.0,0.384019,31.09,61.71709649683789,0
-4.58,0.385298,31.11,58.81326381013045,0
8.39,0.384019,31.11,60.108235708594876,0
42.15,0.378902,31.11,68.03675477269621,0
-12.24,0.384019,31.11,72.53275122315436,0
47.94,0.38274,31.11,54.85435260760991,0
-18.83,0.384019,31.11,74.73954776421918,0
10.3,0.385298,31.11,67.26812023536856,0
-22.87,0.38274,31.11,58.249463516842795,0
1.49,0.38274,31.11,62.71363488110062,0
2.39,0.385298,31.11,68.97825744392213,0
19.9,0.384019,31.11,63.89053137985315,0
-12.45,0.387856,31.11,68.99275324264136,0
-1.44,0.385298,31.13,63.40346993658943,0
4.53,0.390415,31.13,62.42595614005443,0
-28.58,0.384019,31.13,57.83597496368502,0
6.4,0.384019,31.13,72.42927584892728,0
75.81,0.386577,31.11,61.95159400693416,0
-82.51,0.386577,31.11,61.69278726074872,0
-68.28,0.384019,31.11,62.26556030423239,0
-48.18,0.385298,31.11,62.849025449882674,0
139.36,0.384019,31.11,63.071388124885914,0
14.55,0.384019,31.11,62.26556030423239,0
-39.39,0.384019,31.11,62.26556030423239,0
18.38,0.384019,31.11,63.0,0
-12.47,0.384019,31.11,62.41794613730894,0
21.8,0.385298,31.11,62.26556030423239,0
-10.77,0.386577,31.11,63.63961030678928,0
24.4,0.386577,31.11,63.35613624582863,0
-10.29,0.384019,31.13,65.54387843269576,0
7.83,0.385298,31.13,54.3323108288245,0
11.04,0.386577,31.13,49.33558553417604,0
21.78,0.385298,31.13,64.10148204214939,0
-78.58,0.38146,31.15,65.18435395092905,0
51.8,0.38274,31.15,63.15853069855251,0
-152.88,0.384019,31.15,64.15605972938177,0
-83.42,0.38274,31.15,65.60487786742691,0
25.56,0.384019,31.13,61.87891401761993,0
2.59,0.385298,31.13,62.10475022089695,0
32.58,0.385298,31.13,62.91263784010332,0
91.69,0.384019,31.13,62.13694553162394,0
44.21,0.38146,31.13,62.68173577685928,0
-53.31,0.38274,31.13,60.61352984276695,0
21.22,0.380181,31.13,64.03905058634146,0
42.5,0.38146,31.13,63.221831672294975,0
-14.54,0.380181,31.15,62.44197306299666,0
-40.83,0.38146,31.15,63.13477647065839,0
12.21,0.380181,31.15,63.13477647065839,0
-14.63,0.38146,31.15,63.686733312362634,0
-56.33,0.376344,31.13,62.96824596572466,0
5.19,0.38146,31.13,63.686733312362634,0
-26.06,0.38146,31.13,62.96824596572466,0
27.56,0.377623,31.13,62.96824596572466,0
-59.6,0.378902,31.13,62.25752966509352,0
49.64,0.377623,31.13,62.369864518050704,0
-2.0,0.378902,31.13,63.06346010171025,0
-44.26,0.378902,31.13,63.06346010171025,0
13.5,0.380181,31.13,63.06346010171025,0
13.84,0.375065,31.13,62.96824596572466,0
59.14,0.38146,31.13,63.671029518926424,0
37.68,0.385298,31.13,62.297672508690084,0
-31.24,0.386577,31.13,63.00793600809346,0
17.21,0.389135,31.13,63.00793600809346,0
3.28,0.389135,31.13,63.00793600809346,0
16.6,0.392973,31.13,63.00793600809346,0
5.29,0.390415,31.13,62.96824596572466,0
-7.68,0.395531,31.13,63.00793600809346,0
26.94,0.392973,31.13,62.96824596572466,0
-3.46,0.392973,31.13,63.00793600809346,0
-39.45,0.392973,31.13,63.00793600809346,0
10.65,0.392973,31.13,63.00793600809346,0
-1.68,0.392973,31.13,62.96824596572466,0
-14.64,0.391694,31.13,63.00793600809346,0
-1.31,0.391694,31.13,63.00793600809346,0
-6.5,0.387856,31.13,63.00793600809346,0
13.13,0.390415,31.13,63.00793600809346,0
-18.37,0.387856,31.13,63.00793600809346,0
-23.35,0.390415,31.15,63.00793600809346,0
0.24,0.384019,31.15,63.7102817447859,0
5.43,0.390415,31.15,68.89121859859934,0
14.73,0.389135,31.15,55.44366510251645,0
-13.44,0.390415,31.15,63.89835678638379,0
-56.66,0.391694,31.15,63.89053137985315,0
21.25,0.384019,31.15,63.419239982831705,0
93.17,0.384019,31.15,62.20932405998316,0
-54.29,0.386577,31.15,63.0158710167526,0
103.38,0.391694,31.15,63.25345840347388,0
-41.84,0.390415,31.15,62.433965115151864,0
13.19,0.390415,31.15,62.433965115151864,0
2.85,0.390415,31.13,62.42595614005443,0
-13.67,0.391694,31.13,62.42595614005443,0
18.17,0.390415,31.13,62.433965115151864,0
-9.95,0.389135,31.13,62.42595614005443,0
24.33,0.391694,31.13,60.909769331364245,0
-11.35,0.390415,31.13,64.03905058634146,0
-22.93,0.392973,31.13,61.74949392505172,0
21.09,0.387856,31.13,62.68173577685928,0
59.07,0.391694,31.11,61.806148561449774,0
43.8,0.390415,31.11,63.0,0
-3.92,0.390415,31.11,65.612498809297,0
-30.66,0.389135,31.11,62.80127387243033,0
-38.3,0.389135,31.13,62.465990746965666,0
-5.57,0.390415,31.13,63.14269553954757,0
-94.6,0.387856,31.13,61.94352266379432,0
78.2,0.391694,31.13,62.96824596572466,0
-16.26,0.387856,31.11,62.96824596572466,0
-21.68,0.391694,31.11,62.44197306299666,0
-3.17,0.389135,31.11,66.88796603276258,0
91.99,0.392973,31.11,61.587336360651285,0
-9.32,0.389135,31.11,64.64518543557594,0
-34.92,0.386577,31.11,63.60031446463138,0
148.32,0.389135,31.11,62.80923498976882,0
-31.85,0.387856,31.11,62.20932405998316,0
114.06,0.387856,31.09,62.80923498976882,0
-41.93,0.387856,31.09,66.51315659326356,0
-78.81,0.392973,31.09,56.471231613982,0
-31.87,0.395531,31.09,62.465990746965666,0
18.6,0.392973,31.13,63.97655820689325,0
88.03,0.391694,31.13,55.11805511808268,0
205.63,0.390415,31.13,63.92182725798755,0
-92.96,0.390415,31.13,62.625873247404705,0
-454.43,0.386577,31.11,62.63385665915839,0
-92.11,0.390415,31.11,63.419239982831705,0
122.23,0.389135,31.11,63.419239982831705,0
7.5,0.389135,31.11,62.0403094769844,0
44.6,0.387856,31.11,62.0403094769844,0
30.58,0.389135,31.11,62.83311228962003,0
-9.73,0.387856,31.11,62.83311228962003,0
33.56,0.386577,31.11,62.80923498976882,0
15.9,0.385298,31.11,62.80923498976882,0
-27.14,0.386577,31.11,62.83311228962003,0
20.06,0.377623,31.11,62.83311228962003,0
13.12,0.385298,31.11,59.94997914928745,0
5.64,0.386577,31.11,62.77738446287803,0
29.64,0.395531,31.11,62.69768735766894,0
53.64,0.394252,31.11,64.56779382943171,0
260.01,0.392973,31.11,63.66317616958802,0
-239.8,0.392973,31.11,63.0,0
-204.31,0.392973,31.11,63.72597586541927,0
-66.88,0.390415,31.11,63.08724118235002,0
17.24,0.390415,31.11,63.26926584053272,0
31.07,0.394252,31.11,60.778285596090974,0
19.9,0.395531,31.11,60.440052945046304,0
51.99,0.395531,31.11,68.94200461257273,0
203.72,0.396811,31.11,62.32976816898969,0
-16.87,0.392973,31.09,62.32976816898969,0
-113.92,0.395531,31.09,62.56196927846821,0
-258.53,0.394252,31.09,61.66846844214635,0
37.0,0.394252,31.09,64.10148204214939,0
139.65,0.394252,31.11,64.04685784642366,0
128.02,0.392973,31.11,73.19152956456095,0
142.61,0.391694,31.11,63.071388124885914,0
-76.36,0.390415,31.11,57.175169435691224,0
-299.12,0.389135,31.09,44.21538193886829,0
-57.65,0.387856,31.09,63.41135544995076,0
70.19,0.386577,31.09,64.26507605223851,0
-38.31,0.384019,31.09,63.15853069855251,0
14.98,0.38146,31.11,62.77738446287803,0
52.48,0.384019,31.11,63.63961030678928,0
2.38,0.384019,31.11,63.63961030678928,0
-24.08,0.38274,31.11,63.63961030678928,0
-7.73,0.38146,31.13,62.91263784010332,0
6.63,0.38146,31.13,62.91263784010332,0
5.81,0.376344,31.13,62.65780079128216,0
25.01,0.378902,31.13,62.65780079128216,0
1.96,0.373785,31.13,63.52164985262898,0
-2.96,0.38274,31.13,62.65780079128216,0
-3.24,0.38146,31.13,62.65780079128216,0
19.4,0.38146,31.13,62.65780079128216,0
5.82,0.38146,31.11,63.15853069855251,0
-21.21,0.380181,31.11,63.15853069855251,0
6.02,0.38146,31.11,63.15853069855251,0
-7.45,0.378902,31.11,63.05553108173778,0
-27.57,0.378902,31.13,63.15853069855251,0
5.8,0.38274,31.13,63.2771680782255,0
24.3,0.38274,31.13,62.77738446287803,0
-9.27,0.385298,31.13,63.2771680782255,0
7.48,0.384019,31.13,63.2771680782255,0
-5.58,0.386577,31.13,62.77738446287803,0
-8.95,0.385298,31.13,62.77738446287803,0
-3.92,0.385298,31.13,62.77738446287803,0
-14.45,0.385298,31.13,62.91263784010332,0
22.12,0.386577,31.13,63.2771680782255,0
3.33,0.38274,31.13,63.41135544995076,0
-25.43,0.38274,31.13,63.41135544995076,0
6.32,0.377623,31.13,62.91263784010332,0
7.15,0.38146,31.13,62.91263784010332,0
-19.58,0.38146,31.13,63.2771680782255,0
8.36,0.38146,31.13,63.41135544995076,0
-1.45,0.38146,31.13,62.91263784010332,0
-9.68,0.380181,31.13,62.91263784010332,0
6.58,0.38146,31.13,62.91263784010332,0
-2.09,0.38146,31.13,63.41135544995076,0
12.71,0.38146,31.15,62.91263784010332,0
7.98,0.380181,31.15,62.91263784010332,0
-5.49,0.378902,31.15,63.06346010171025,0
7.39,0.373785,31.15,63.06346010171025,0
10.38,0.378902,31.15,62.57795138864806,0
-5.2,0.380181,31.15,63.229739838148944,0
19.11,0.377623,31.15,63.06346010171025,0
11.85,0.380181,31.15,63.06346010171025,0
-7.65,0.380181,31.15,62.91263784010332,0
20.45,0.380181,31.15,63.2771680782255,0
21.33,0.378902,31.15,63.2771680782255,0
-19.92,0.38146,31.15,63.15853069855251,0
-13.59,0.377623,31.15,63.2771680782255,0
-7.18,0.378902,31.15,63.41135544995076,0
-28.45,0.378902,31.15,63.41135544995076,0
6.68,0.380181,31.15,63.41135544995076,0
7.7,0.377623,31.17,63.41135544995076,0
-2.72,0.376344,31.17,63.41135544995076,0
10.71,0.377623,31.17,63.41135544995076,0
-2.8,0.376344,31.17,63.41135544995076,0
10.28,0.376344,31.19,63.41135544995076,0
8.01,0.377623,31.19,63.41135544995076,0
-14.0,0.376344,31.19,63.41135544995076,0
16.53,0.377623,31.19,63.41135544995076,0
10.46,0.372506,31.17,63.41135544995076,0
-16.42,0.377623,31.17,63.41135544995076,0
11.39,0.376344,31.17,63.41135544995076,0
8.37,0.376344,31.17,62.91263784010332,0
-15.13,0.375065,31.19,63.41135544995076,0
13.5,0.377623,31.19,63.41135544995076,0
8.93,0.376344,31.19,63.41135544995076,0
-8.61,0.376344,31.19,63.41135544995076,0
13.3,0.377623,31.19,63.41135544995076,0
17.09,0.375065,31.19,62.91263784010332,0
-8.01,0.376344,31.19,62.91263784010332,0
-1.68,0.373785,31.19,63.41135544995076,0
-2.08,0.375065,31.19,62.91263784010332,0
-4.96,0.373785,31.19,62.91263784010332,0
-0.48,0.376344,31.19,62.91263784010332,0
5.86,0.375065,31.19,62.91263784010332,0
-3.96,0.376344,31.21,62.91263784010332,0
-7.56,0.377623,31.21,63.41135544995076,0
-0.4,0.375065,31.21,63.41135544995076,0
-10.93,0.377623,31.21,62.91263784010332,0
-2.05,0.376344,31.21,63.41135544995076,0
4.55,0.376344,31.21,63.41135544995076,0
-4.38,0.373785,31.21,62.77738446287803,0
1.35,0.376344,31.21,62.77738446287803,0
3.69,0.375065,31.21,63.2771680782255,0
-1.98,0.378902,31.21,63.2771680782255,0
13.07,0.372506,31.21,63.2771680782255,0
4.53,0.373785,31.21,62.91263784010332,0
-16.57,0.375065,31.21,62.91263784010332,0
6.68,0.373785,31.21,63.2771680782255,0
-0.38,0.375065,31.21,63.41135544995076,0
-11.42,0.373785,31.21,63.41135544995076,0
7.12,0.375065,31.23,63.41135544995076,0
-6.1,0.368669,31.23,63.41135544995076,0
15.75,0.376344,31.23,63.41135544995076,0
14.04,0.375065,31.23,62.91263784010332,0
-22.89,0.373785,31.21,63.41135544995076,0
18.81,0.373785,31.21,63.41135544995076,0
8.24,0.373785,31.21,63.41135544995076,0
-19.02,0.373785,31.21,63.41135544995076,0
6.26,0.372506,31.21,63.773035054010094,0
8.44,0.376344,31.21,63.079315151640635,0
-15.45,0.372506,31.21,62.928530890209096,0
9.25,0.373785,31.21,62.10475022089695,0
-6.92,0.364831,31.21,64.41273166075166,0
-43.36,0.373785,31.21,63.079315151640635,0
10.46,0.372506,31.21,62.94441992742486,0
18.78,0.372506,31.21,63.2771680782255,0
10.64,0.372506,31.21,63.41135544995076,0
1.1,0.372506,31.21,62.91263784010332,0
11.29,0.373785,31.21,63.41135544995076,0
-10.37,0.373785,31.21,63.92182725798755,0
-10.97,0.373785,31.23,63.75735251718032,0
0.88,0.375065,31.23,59.16924876994806,0
-12.28,0.375065,31.23,65.30696746902278,0
-11.23,0.372506,31.23,60.21627686929839,0
10.6,0.376344,31.25,63.13477647065839,0
17.2,0.391694,31.25,63.63961030678928,0
-37.59,0.390415,31.25,64.45928947793328,0
-74.19,0.395531,31.25,62.49799996799898,0
1.72,0.392973,31.21,67.89698078707183,0
59.08,0.392973,31.21,51.633322573702344,0
27.0,0.387856,31.21,64.27285585688566,0
72.03,0.390415,31.21,63.13477647065839,0
-18.42,0.384019,31.15,60.83584469702052,0
17.97,0.389135,31.15,63.74950980203691,0
-2.34,0.38274,31.15,62.385895841928885,0
-3.26,0.385298,31.15,65.56675987114203,0
-1.24,0.389135,31.21,62.56196927846821,0
-16.89,0.390415,31.21,62.30569797378086,0
-16.72,0.391694,31.21,63.2771680782255,0
-2.34,0.390415,31.21,63.56099432828282,0
-83.88,0.391694,31.19,63.56099432828282,0
44.18,0.390415,31.19,63.06346010171025,0
15.05,0.392973,31.19,63.41135544995076,0
34.04,0.392973,31.19,63.41135544995076,0
6.42,0.390415,31.19,63.41135544995076,0
4.95,0.390415,31.19,63.41135544995076,0
7.14,0.390415,31.19,63.41135544995076,0
-20.36,0.390415,31.19,63.41135544995076,0
14.11,0.390415,31.23,63.41135544995076,0
7.62,0.392973,31.23,63.41135544995076,0
-19.49,0.390415,31.23,62.91263784010332,0
0.63,0.391694,31.23,63.41135544995076,0
-2.11,0.384019,31.23,63.41135544995076,0
-8.64,0.392973,31.23,63.41135544995076,0
9.97,0.391694,31.23,63.41135544995076,0
7.75,0.390415,31.23,63.41135544995076,0
-8.91,0.386577,31.23,63.56099432828282,0
7.09,0.387856,31.23,63.41135544995076,0
4.32,0.389135,31.23,63.41135544995076,0
-8.0,0.389135,31.23,63.41135544995076,0
-11.85,0.389135,31.21,63.41135544995076,0
-2.34,0.387856,31.21,63.41135544995076,0
-2.2,0.387856,31.21,63.41135544995076,0
-16.28,0.390415,31.21,63.41135544995076,0
1.68,0.389135,31.21,63.41135544995076,0
-2.24,0.390415,31.21,63.41135544995076,0
-19.97,0.387856,31.21,63.41135544995076,0
9.41,0.386577,31.21,63.41135544995076,0
3.81,0.387856,31.23,63.41135544995076,0
-20.36,0.389135,31.23,63.41135544995076,0
8.68,0.389135,31.23,63.41135544995076,0
6.58,0.387856,31.23,63.41135544995076,0
-17.83,0.387856,31.21,63.41135544995076,0
6.06,0.387856,31.21,63.41135544995076,0
-0.81,0.38274,31.21,63.41135544995076,0
-0.01,0.387856,31.21,63.41135544995076,0
7.85,0.387856,31.21,63.41135544995076,0
-10.58,0.387856,31.21,63.41135544995076,0
23.21,0.386577,31.21,63.56099432828282,0
12.34,0.386577,31.21,63.56099432828282,0
-15.32,0.386577,31.21,63.41135544995076,0
16.63,0.389135,31.21,63.56099432828282,0
15.12,0.387856,31.21,63.56099432828282,0
-19.94,0.386577,31.21,63.56099432828282,0
15.07,0.386577,31.21,63.56099432828282,0
7.69,0.386577,31.21,63.56099432828282,0
-21.11,0.387856,31.21,63.56099432828282,0
14.43,0.387856,31.21,63.56099432828282,0
7.64,0.385298,31.23,62.71363488110062,0
-16.0,0.385298,31.23,63.56099432828282,0
14.59,0.385298,31.23,63.41135544995076,0
5.98,0.386577,31.23,63.41135544995076,0
-11.56,0.38146,31.21,63.56099432828282,0
17.51,0.386577,31.21,63.41135544995076,0
7.51,0.386577,31.21,63.56099432828282,0
-15.06,0.385298,31.21,63.56099432828282,0
12.5,0.386577,31.23,62.71363488110062,0
5.29,0.385298,31.23,63.56099432828282,0
-8.74,0.386577,31.23,63.56099432828282,0
12.14,0.386577,31.23,63.56099432828282,0
7.98,0.385298,31.23,63.56099432828282,0
-8.21,0.386577,31.23,63.56099432828282,0
13.38,0.386577,31.23,63.56099432828282,0
8.55,0.387856,31.23,63.56099432828282,0
-8.16,0.385298,31.21,63.56099432828282,0
10.55,0.387856,31.21,63.56099432828282,0
10.1,0.385298,31.21,63.56099432828282,0
-6.47,0.387856,31.21,63.56099432828282,0
2.84,0.387856,31.23,63.56099432828282,0
4.93,0.389135,31.23,63.56099432828282,0
1.55,0.386577,31.23,63.56099432828282,0
-7.87,0.385298,31.23,63.56099432828282,0
0.13,0.385298,31.25,63.56099432828282,0
-0.5,0.387856,31.25,63.56099432828282,0
-10.77,0.387856,31.25,63.56099432828282,0
0.02,0.386577,31.25,63.56099432828282,0
-2.42,0.387856,31.23,63.56099432828282,0
-13.79,0.387856,31.23,63.56099432828282,0
-4.23,0.387856,31.23,62.71363488110062,0
-2.95,0.389135,31.23,63.56099432828282,0
-17.5,0.389135,31.21,63.56099432828282,0
3.82,0.387856,31.21,63.56099432828282,0
-0.64,0.385298,31.21,63.56099432828282,0
-15.99,0.387856,31.21,63.56099432828282,0
3.17,0.386577,31.23,63.56099432828282,0
5.03,0.389135,31.23,63.56099432828282,0
-13.95,0.387856,31.23,63.56099432828282,0
10.05,0.390415,31.23,63.56099432828282,0
2.62,0.387856,31.21,62.56196927846821,0
-13.56,0.390415,31.21,63.56099432828282,0
12.44,0.390415,31.21,63.56099432828282,0
6.31,0.387856,31.21,63.56099432828282,0
-8.48,0.387856,31.23,63.56099432828282,0
14.94,0.385298,31.23,63.56099432828282,0
7.48,0.387856,31.23,63.56099432828282,0
-7.78,0.38274,31.23,63.56099432828282,0
15.34,0.386577,31.21,63.56099432828282,0
4.4,0.386577,31.21,63.56099432828282,0
-20.47,0.389135,31.21,63.56099432828282,0
10.71,0.387856,31.21,63.56099432828282,0
4.23,0.389135,31.21,63.56099432828282,0
-20.2,0.392973,31.21,62.71363488110062,0
12.62,0.389135,31.21,63.56099432828282,0
8.96,0.389135,31.21,63.56099432828282,0
-15.24,0.387856,31.21,63.56099432828282,0
9.87,0.390415,31.21,63.56099432828282,0
5.35,0.387856,31.21,63.56099432828282,0
-17.73,0.391694,31.21,63.56099432828282,0
14.25,0.390415,31.21,62.71363488110062,0
2.94,0.390415,31.21,63.56099432828282,0
-15.09,0.390415,31.21,63.56099432828282,0
11.85,0.389135,31.21,63.56099432828282,0
3.35,0.390415,31.21,63.56099432828282,0
-25.13,0.389135,31.21,63.56099432828282,0
11.12,0.38274,31.21,63.56099432828282,0
3.01,0.384019,31.21,63.56099432828282,0
-22.86,0.389135,31.23,63.56099432828282,0
8.71,0.386577,31.23,63.56099432828282,0
-0.17,0.389135,31.23,63.56099432828282,0
-16.59,0.38146,31.23,63.56099432828282,0
5.02,0.390415,31.23,63.41135544995076,0
2.18,0.390415,31.23,63.56099432828282,0
-14.91,0.390415,31.23,63.56099432828282,0
4.13,0.389135,31.23,63.56099432828282,0
0.54,0.387856,31.23,63.56099432828282,0
-17.57,0.389135,31.23,63.56099432828282,0
-0.46,0.385298,31.23,63.56099432828282,0
-5.27,0.389135,31.23,63.56099432828282,0
-3.54,0.387856,31.21,63.56099432828282,0
4.74,0.391694,31.21,63.56099432828282,0
-9.49,0.385298,31.21,63.56099432828282,0
17.75,0.392973,31.21,63.06346010171025,0
6.99,0.394252,31.23,63.06346010171025,0
-14.6,0.394252,31.23,63.06346010171025,0
9.76,0.396811,31.23,63.56099432828282,0
6.54,0.395531,31.23,63.56099432828282,0
-7.3,0.396811,31.21,63.56099432828282,0
2.61,0.394252,31.21,63.56099432828282,0
-8.95,0.39809,31.21,63.56099432828282,0
19.57,0.394252,31.21,63.56099432828282,0
9.53,0.396811,31.21,63.56099432828282,0
-15.9,0.396811,31.21,63.56099432828282,0
2.1,0.392973,31.21,63.56099432828282,0
2.57,0.395531,31.21,63.56099432828282,0
-13.54,0.392973,31.21,63.56099432828282,0
2.1,0.395531,31.21,63.56099432828282,0
-1.04,0.392973,31.21,63.56099432828282,0
-9.86,0.395531,31.21,63.56099432828282,0
-2.27,0.390415,31.23,63.72597586541927,0
-5.61,0.395531,31.23,63.06346010171025,0
-8.43,0.392973,31.23,63.56099432828282,0
2.97,0.394252,31.23,63.56099432828282,0
-7.89,0.392973,31.23,63.06346010171025,0
2.92,0.391694,31.23,63.56099432828282,0
3.93,0.392973,31.23,63.06346010171025,0
-10.82,0.391694,31.23,63.06346010171025,0
3.23,0.392973,31.23,63.06346010171025,0
7.2,0.391694,31.23,63.56099432828282,0
-8.35,0.392973,31.23,63.06346010171025,0
8.56,0.390415,31.23,63.56099432828282,0
6.59,0.391694,31.21,63.06346010171025,0
-10.39,0.392973,31.21,63.06346010171025,0
14.53,0.392973,31.21,63.06346010171025,0
7.29,0.391694,31.21,63.06346010171025,0
-18.88,0.389135,31.21,63.06346010171025,0
18.2,0.392973,31.21,63.06346010171025,0
11.22,0.391694,31.21,63.06346010171025,0
-18.97,0.394252,31.21,63.06346010171025,0
16.95,0.390415,31.23,63.06346010171025,0
9.86,0.392973,31.23,63.06346010171025,0
-17.76,0.389135,31.23,63.06346010171025,0
11.56,0.390415,31.23,63.06346010171025,0
3.81,0.389135,31.23,63.06346010171025,0
-25.13,0.390415,31.23,63.06346010171025,0
10.0,0.390415,31.23,63.06346010171025,0
-5.41,0.390415,31.23,63.06346010171025,0
-20.21,0.391694,31.23,63.06346010171025,0
4.37,0.385298,31.23,63.06346010171025,0
-0.07,0.391694,31.23,63.06346010171025,0
-12.9,0.390415,31.23,63.06346010171025,0
4.45,0.387856,31.19,63.06346010171025,0
-5.41,0.389135,31.19,63.06346010171025,0
-6.2,0.389135,31.19,63.06346010171025,0
8.74,0.390415,31.19,63.06346010171025,0
-5.52,0.390415,31.19,63.06346010171025,0
-1.74,0.392973,31.19,63.06346010171025,0
5.48,0.390415,31.19,63.06346010171025,0
-6.19,0.390415,31.19,63.229739838148944,0
-2.55,0.390415,31.21,63.06346010171025,0
8.42,0.390415,31.21,63.06346010171025,0
-8.59,0.390415,31.21,63.06346010171025,0
2.11,0.389135,31.21,63.06346010171025,0
2.74,0.389135,31.23,63.06346010171025,0
-7.68,0.390415,31.23,63.06346010171025,0
8.35,0.385298,31.23,63.56099432828282,0
8.93,0.391694,31.23,63.56099432828282,0
-11.83,0.390415,31.21,63.06346010171025,0
14.84,0.392973,31.21,63.06346010171025,0
9.76,0.390415,31.21,63.06346010171025,0
-10.59,0.391694,31.21,63.06346010171025,0
18.43,0.394252,31.21,63.06346010171025,0
16.01,0.394252,31.21,63.06346010171025,0
-13.76,0.391694,31.21,63.06346010171025,0
15.88,0.390415,31.21,63.06346010171025,0
9.93,0.392973,31.23,63.06346010171025,0
-24.02,0.394252,31.23,63.06346010171025,0
7.11,0.392973,31.23,63.06346010171025,0
3.13,0.391694,31.23,63.229739838148944,0
-19.92,0.390415,31.21,63.06346010171025,0
5.82,0.391694,31.21,63.229739838148944,0
-4.53,0.394252,31.21,63.229739838148944,0
-12.51,0.391694,31.21,63.06346010171025,0
6.06,0.391694,31.23,63.06346010171025,0
-5.19,0.392973,31.23,63.06346010171025,0
-9.5,0.391694,31.23,63.06346010171025,0
6.34,0.391694,31.23,63.06346010171025,0
-4.81,0.389135,31.21,63.06346010171025,0
-6.23,0.391694,31.21,63.06346010171025,0
3.99,0.389135,31.21,63.06346010171025,0
-6.38,0.391694,31.21,63.06346010171025,0
-11.05,0.390415,31.21,63.56099432828282,0
7.72,0.394252,31.21,63.229739838148944,0
-5.23,0.394252,31.21,63.229739838148944,0
-10.79,0.390415,31.21,63.229739838148944,0
8.03,0.391694,31.23,63.229739838148944,0
-9.79,0.389135,31.23,63.06346010171025,0
-8.22,0.391694,31.23,63.06346010171025,0
4.85,0.389135,31.23,63.06346010171025,0
-6.61,0.391694,31.21,63.06346010171025,0
-2.84,0.390415,31.21,63.06346010171025,0
11.79,0.392973,31.21,63.56099432828282,0
-2.49,0.394252,31.21,63.06346010171025,0
3.96,0.396811,31.21,63.06346010171025,0
8.93,0.39809,31.21,63.229739838148944,0
-15.4,0.395531,31.21,63.06346010171025,0
14.47,0.395531,31.21,63.06346010171025,0
6.12,0.392973,31.21,63.06346010171025,0
-20.46,0.395531,31.21,63.06346010171025,0
15.58,0.394252,31.21,63.56099432828282,0
5.66,0.396811,31.21,63.06346010171025,0
-19.11,0.391694,31.23,63.06346010171025,0
20.55,0.396811,31.23,63.06346010171025,0
6.14,0.39809,31.23,63.06346010171025,0
13.14,0.39809,31.23,63.06346010171025,0
-10.07,0.396811,31.23,63.06346010171025,0
-16.87,0.396811,31.23,63.06346010171025,0
37.87,0.396811,31.23,62.91263784010332,0
33.46,0.394252,31.23,62.91263784010332,0
-1.33,0.396811,31.19,62.91263784010332,0
1.71,0.394252,31.19,63.06346010171025,0
-12.83,0.396811,31.19,63.06346010171025,0
-25.28,0.395531,31.19,63.06346010171025,0
15.75,0.394252,31.23,63.06346010171025,0
11.93,0.396811,31.23,63.06346010171025,0
-6.57,0.394252,31.23,63.06346010171025,0
2.24,0.395531,31.23,63.229739838148944,0
-7.97,0.395531,31.21,63.229739838148944,0
6.43,0.399369,31.21,63.229739838148944,0
9.45,0.394252,31.21,63.06346010171025,0
-11.09,0.395531,31.21,63.06346010171025,0
4.44,0.395531,31.19,63.06346010171025,0
2.75,0.395531,31.19,63.06346010171025,0
-13.72,0.396811,31.19,63.06346010171025,0
7.92,0.395531,31.19,63.06346010171025,0
6.21,0.396811,31.21,63.06346010171025,0
-5.63,0.395531,31.21,63.06346010171025,0
8.92,0.39809,31.21,63.06346010171025,0
5.47,0.396811,31.21,63.06346010171025,0
-14.33,0.396811,31.23,63.06346010171025,0
8.27,0.395531,31.23,63.06346010171025,0
2.67,0.395531,31.23,63.06346010171025,0
-20.89,0.39809,31.23,63.06346010171025,0
8.62,0.396811,31.21,63.56099432828282,0
2.19,0.399369,31.21,63.06346010171025,0
-10.81,0.392973,31.21,63.06346010171025,0
4.82,0.394252,31.21,63.06346010171025,0
-5.77,0.395531,31.17,63.06346010171025,0
15.93,0.395531,31.17,63.06346010171025,0
4.13,0.396811,31.17,63.06346010171025,0
-19.14,0.395531,31.17,63.06346010171025,0
11.22,0.394252,31.19,63.06346010171025,0
1.09,0.396811,31.19,63.06346010171025,0
-7.43,0.395531,31.19,63.06346010171025,0
8.93,0.395531,31.19,63.06346010171025,0
-5.32,0.395531,31.19,63.06346010171025,0
17.91,0.395531,31.19,63.06346010171025,0
6.3,0.394252,31.19,63.06346010171025,0
-18.54,0.396811,31.19,63.06346010171025,0
0.28,0.396811,31.19,63.06346010171025,0
-2.49,0.396811,31.19,63.06346010171025,0
13.15,0.390415,31.19,63.06346010171025,0
4.3,0.394252,31.19,63.06346010171025,0
-16.65,0.395531,31.19,63.06346010171025,0
7.29,0.389135,31.19,63.06346010171025,0
-6.64,0.395531,31.19,63.06346010171025,0
10.1,0.394252,31.19,63.06346010171025,0
9.77,0.395531,31.19,63.06346010171025,0
-20.21,0.395531,31.19,63.06346010171025,0
12.73,0.395531,31.19,63.06346010171025,0
7.77,0.395531,31.19,63.229739838148944,0
-23.14,0.395531,31.21,63.06346010171025,0
10.48,0.395531,31.21,63.06346010171025,0
0.05,0.392973,31.21,63.56099432828282,0
-22.46,0.394252,31.21,63.72597586541927,0
13.41,0.392973,31.19,63.06346010171025,0
7.63,0.396811,31.19,63.06346010171025,0
-10.97,0.394252,31.19,63.56099432828282,0
12.72,0.394252,31.19,63.56099432828282,0
12.73,0.392973,31.19,63.56099432828282,0
-1.4,0.394252,31.19,63.56099432828282,0
-29.47,0.394252,31.19,63.56099432828282,0
12.7,0.395531,31.19,63.56099432828282,0
3.52,0.387856,31.21,63.06346010171025,0
-19.1,0.392973,31.21,63.229739838148944,0
20.48,0.394252,31.21,63.56099432828282,0
14.09,0.391694,31.21,63.56099432828282,0
-9.8,0.392973,31.21,63.56099432828282,0
-10.7,0.392973,31.21,63.56099432828282,0
11.44,0.392973,31.21,63.56099432828282,0
1.98,0.391694,31.21,63.56099432828282,0
-27.85,0.395531,31.19,63.56099432828282,0
15.64,0.394252,31.19,62.91263784010332,0
13.24,0.392973,31.19,63.41135544995076,0
-14.9,0.386577,31.19,63.41135544995076,0
16.56,0.390415,31.19,63.06346010171025,0
9.01,0.392973,31.19,63.06346010171025,0
-11.5,0.391694,31.19,63.06346010171025,0
12.57,0.394252,31.19,63.06346010171025,0
9.38,0.392973,31.19,63.06346010171025,0
-14.71,0.394252,31.19,63.06346010171025,0
24.02,0.394252,31.19,63.41135544995076,0
0.32,0.394252,31.19,62.91263784010332,0
-30.16,0.392973,31.19,63.06346010171025,0
11.28,0.39809,31.19,63.06346010171025,0
-2.36,0.396811,31.19,63.06346010171025,0
28.0,0.392973,31.19,63.56099432828282,0
5.93,0.395531,31.21,62.91263784010332,0
-31.53,0.394252,31.21,62.91263784010332,0
9.89,0.395531,31.21,62.91263784010332,0
-12.51,0.394252,31.21,62.91263784010332,0
2.92,0.395531,31.19,63.41135544995076,0
8.88,0.394252,31.19,62.91263784010332,0
-13.61,0.392973,31.19,63.06346010171025,0
7.11,0.395531,31.19,63.06346010171025,0
-7.15,0.395531,31.17,63.06346010171025,0
23.49,0.395531,31.17,63.06346010171025,0
0.49,0.392973,31.17,62.91263784010332,0
-11.41,0.395531,31.17,62.91263784010332,0
7.39,0.394252,31.17,62.91263784010332,0
-18.77,0.395531,31.17,63.06346010171025,0
25.09,0.395531,31.17,63.56099432828282,0
13.96,0.395531,31.17,63.06346010171025,0
-27.62,0.395531,31.17,63.06346010171025,0
11.8,0.392973,31.17,63.06346010171025,0
2.61,0.389135,31.17,63.06346010171025,0
-18.65,0.394252,31.17,63.06346010171025,0
3.08,0.395531,31.17,63.06346010171025,0
-2.77,0.392973,31.17,63.06346010171025,0
-16.38,0.394252,31.17,63.06346010171025,0
8.33,0.392973,31.17,63.06346010171025,0
-4.31,0.392973,31.19,63.06346010171025,0
-15.26,0.392973,31.19,63.06346010171025,0
-0.87,0.392973,31.19,63.229739838148944,0
-5.75,0.394252,31.19,63.229739838148944,0
-11.89,0.392973,31.19,63.06346010171025,0
-2.37,0.394252,31.19,63.229739838148944,0
-5.56,0.394252,31.19,63.229739838148944,0
-10.86,0.394252,31.19,63.56099432828282,0
3.35,0.391694,31.17,63.06346010171025,0
-6.03,0.392973,31.17,63.229739838148944,0
-10.76,0.392973,31.17,63.06346010171025,0
0.39,0.391694,31.17,63.06346010171025,0
-6.51,0.394252,31.17,63.06346010171025,0
-12.53,0.394252,31.17,63.06346010171025,0
1.04,0.394252,31.17,63.06346010171025,0
-0.59,0.392973,31.17,63.06346010171025,0
-20.82,0.391694,31.17,63.06346010171025,0
0.46,0.392973,31.17,63.06346010171025,0
-1.27,0.390415,31.17,63.06346010171025,0
-9.7,0.390415,31.17,63.06346010171025,0
3.23,0.391694,31.19,63.229739838148944,0
-4.4,0.391694,31.19,63.06346010171025,0
-6.01,0.391694,31.19,63.06346010171025,0
4.27,0.392973,31.19,63.06346010171025,0
-14.01,0.392973,31.17,63.06346010171025,0
-8.6,0.391694,31.17,63.06346010171025,0
6.43,0.394252,31.17,63.06346010171025,0
-6.93,0.394252,31.17,63.06346010171025,0
5.85,0.394252,31.19,63.06346010171025,0
13.55,0.394252,31.19,63.06346010171025,0
-6.31,0.390415,31.19,63.06346010171025,0
10.59,0.392973,31.19,63.06346010171025,0
13.51,0.390415,31.19,63.06346010171025,0
-5.29,0.394252,31.19,63.06346010171025,0
10.43,0.391694,31.19,63.06346010171025,0
11.76,0.392973,31.19,63.06346010171025,0
-7.28,0.392973,31.19,63.06346010171025,0
14.03,0.391694,31.19,63.229739838148944,0
10.82,0.391694,31.19,63.06346010171025,0
-11.02,0.391694,31.19,63.229739838148944,0
8.46,0.391694,31.17,63.229739838148944,0
13.28,0.389135,31.17,63.06346010171025,0
-9.96,0.392973,31.17,63.72597586541927,0
12.83,0.387856,31.17,63.56099432828282,0
13.18,0.392973,31.17,63.06346010171025,0
-9.45,0.392973,31.17,63.06346010171025,0
11.25,0.391694,31.17,63.06346010171025,0
7.81,0.394252,31.17,63.06346010171025,0
-6.49,0.391694,31.17,63.229739838148944,0
4.35,0.394252,31.17,63.229739838148944,0
4.72,0.391694,31.17,63.56099432828282,0
-10.36,0.392973,31.17,63.229739838148944,0
18.28,0.394252,31.19,63.229739838148944,0
9.68,0.394252,31.19,63.229739838148944,0
-11.58,0.392973,31.19,63.06346010171025,0
17.94,0.394252,31.19,63.229739838148944,0
9.83,0.394252,31.17,63.229739838148944,0
-17.16,0.392973,31.17,63.06346010171025,0
18.5,0.395531,31.17,63.06346010171025,0
12.08,0.394252,31.17,63.06346010171025,0
-15.15,0.396811,31.17,63.06346010171025,0
17.4,0.395531,31.17,63.229739838148944,0
5.62,0.391694,31.17,63.06346010171025,0
-9.25,0.391694,31.17,63.06346010171025,0
9.03,0.392973,31.17,62.91263784010332,0
6.97,0.394252,31.17,62.91263784010332,0
-18.89,0.392973,31.17,62.91263784010332,0
12.51,0.392973,31.17,62.91263784010332,0
10.82,0.392973,31.17,62.91263784010332,0
-20.8,0.391694,31.17,62.91263784010332,0
7.42,0.391694,31.17,62.91263784010332,0
1.01,0.390415,31.17,63.06346010171025,0
-25.7,0.390415,31.15,63.06346010171025,0
2.95,0.391694,31.15,63.06346010171025,0
-4.37,0.384019,31.15,63.06346010171025,0
-3.77,0.391694,31.15,63.229739838148944,0
4.87,0.391694,31.17,63.229739838148944,0
-6.14,0.392973,31.17,63.06346010171025,0
9.95,0.391694,31.17,63.06346010171025,0
4.11,0.391694,31.17,63.229739838148944,0
-15.65,0.392973,31.19,63.06346010171025,0
15.86,0.394252,31.19,63.06346010171025,0
3.86,0.392973,31.19,63.06346010171025,0
-22.99,0.391694,31.19,63.06346010171025,0
12.63,0.391694,31.15,63.06346010171025,0
5.75,0.390415,31.15,63.56099432828282,0
-23.95,0.391694,31.15,63.56099432828282,0
4.78,0.389135,31.15,63.229739838148944,0
-3.73,0.391694,31.17,63.06346010171025,0
-6.44,0.389135,31.17,63.229739838148944,0
8.77,0.391694,31.17,63.06346010171025,0
-6.3,0.385298,31.17,63.06346010171025,0
6.76,0.391694,31.17,63.06346010171025,0
8.89,0.392973,31.17,63.06346010171025,0
-13.22,0.390415,31.17,63.56099432828282,0
13.02,0.391694,31.17,63.229739838148944,0
7.46,0.389135,31.17,63.06346010171025,0
-14.54,0.394252,31.17,63.06346010171025,0
20.37,0.391694,31.17,63.56099432828282,0
11.46,0.394252,31.17,63.06346010171025,0
-18.88,0.392973,31.17,63.06346010171025,0
6.43,0.391694,31.17,63.56099432828282,0
-1.23,0.392973,31.17,63.56099432828282,0
-20.84,0.392973,31.17,63.06346010171025,0
-0.54,0.392973,31.17,63.56099432828282,0
2.49,0.391694,31.17,63.229739838148944,0
-2.23,0.391694,31.17,63.56099432828282,0
3.56,0.391694,31.17,63.56099432828282,0
-13.24,0.391694,31.17,63.56099432828282,0
17.63,0.391694,31.17,63.06346010171025,0
11.01,0.392973,31.17,63.56099432828282,0
-12.81,0.391694,31.17,63.72597586541927,0
12.8,0.390415,31.17,63.06346010171025,0
15.71,0.391694,31.17,63.56099432828282,0
-8.64,0.390415,31.17,63.06346010171025,0
15.61,0.391694,31.17,63.72597586541927,0
6.1,0.386577,31.19,63.56099432828282,0
-8.13,0.391694,31.19,63.06346010171025,0
11.62,0.387856,31.19,63.72597586541927,0
5.76,0.390415,31.19,63.229739838148944,0
-8.93,0.390415,31.17,63.56099432828282,0
19.46,0.390415,31.17,62.71363488110062,0
5.98,0.390415,31.17,63.56099432828282,0
-22.59,0.390415,31.17,63.56099432828282,0
10.3,0.390415,31.15,63.56099432828282,0
8.99,0.391694,31.15,63.229739838148944,0
-18.38,0.392973,31.15,63.72597586541927,0
8.47,0.392973,31.15,63.72597586541927,0
5.85,0.392973,31.17,63.229739838148944,0
-14.39,0.392973,31.17,63.229739838148944,0
0.45,0.392973,31.17,63.229739838148944,0
-6.21,0.394252,31.17,63.72597586541927,0
-1.86,0.394252,31.15,63.72597586541927,0
5.16,0.39809,31.15,63.56099432828282,0
-8.36,0.389135,31.15,63.56099432828282,0
13.86,0.395531,31.15,63.56099432828282,0
7.09,0.395531,31.13,63.72597586541927,0
-15.68,0.396811,31.13,63.229739838148944,0
20.03,0.394252,31.13,63.229739838148944,0
5.74,0.392973,31.13,63.72597586541927,0
-12.64,0.391694,31.13,63.56099432828282,0
14.5,0.392973,31.13,63.56099432828282,0
2.6,0.394252,31.13,62.37788069500277,0
-16.08,0.391694,31.13,63.72597586541927,0
9.54,0.394252,31.17,62.88083968904996,0
1.89,0.394252,31.17,63.229739838148944,0
-17.98,0.391694,31.17,63.72597586541927,0
14.49,0.392973,31.17,63.56099432828282,0
6.85,0.392973,31.17,63.56099432828282,0
-21.77,0.394252,31.17,63.56099432828282,0
1.62,0.391694,31.17,63.56099432828282,0
0.23,0.391694,31.17,63.72597586541927,0
-18.03,0.394252,31.15,63.06346010171025,0
6.41,0.394252,31.15,63.72597586541927,0
-2.12,0.389135,31.15,62.88083968904996,0
-16.28,0.394252,31.15,63.72597586541927,0
-0.91,0.394252,31.11,63.56099432828282,0
-2.14,0.392973,31.11,63.72597586541927,0
0.44,0.395531,31.11,63.56099432828282,0
6.58,0.394252,31.11,63.56099432828282,0
-7.73,0.395531,31.11,63.56099432828282,0
10.0,0.394252,31.11,63.72597586541927,0
5.42,0.392973,31.11,63.56099432828282,0
-10.6,0.385298,31.11,63.72597586541927,0
18.22,0.394252,31.13,63.72597586541927,0
11.94,0.394252,31.13,63.72597586541927,0
-15.66,0.392973,31.13,63.56099432828282,0
21.43,0.392973,31.13,63.56099432828282,0
8.53,0.394252,31.15,63.72597586541927,0
-18.38,0.394252,31.15,63.72597586541927,0
11.03,0.394252,31.15,63.229739838148944,0
5.34,0.392973,31.15,63.72597586541927,0
-25.7,0.392973,31.15,63.72597586541927,0
13.15,0.395531,31.15,62.88083968904996,0
5.43,0.391694,31.15,63.72597586541927,0
2.17,0.39809,31.15,62.71363488110062,0
7.74,0.399369,31.15,62.71363488110062,0
-15.89,0.396811,31.15,63.56099432828282,0
16.09,0.399369,31.15,62.71363488110062,0
10.38,0.39809,31.15,63.56099432828282,0
-19.61,0.39809,31.15,62.71363488110062,0
7.17,0.39809,31.15,63.72597586541927,0
-1.09,0.39809,31.15,63.56099432828282,0
-9.37,0.390415,31.15,63.06346010171025,0
4.94,0.394252,31.15,63.56099432828282,0
-5.3,0.396811,31.15,63.06346010171025,0
8.68,0.389135,31.15,63.06346010171025,0
2.07,0.396811,31.15,63.06346010171025,0
-8.85,0.395531,31.13,63.56099432828282,0
13.81,0.399369,31.13,62.88083968904996,0
1.63,0.396811,31.13,63.06346010171025,0
-21.38,0.399369,31.13,63.06346010171025,0
4.13,0.400648,31.13,63.56099432828282,0
-0.78,0.400648,31.13,63.56099432828282,0
1.71,0.400648,31.13,63.72597586541927,0
6.64,0.399369,31.13,63.56099432828282,0
-8.46,0.401927,31.11,62.20932405998316,0
13.38,0.399369,31.11,63.06346010171025,0
9.04,0.400648,31.11,63.72597586541927,0
-6.85,0.399369,31.11,63.06346010171025,0
6.87,0.400648,31.13,63.56099432828282,0
8.85,0.400648,31.13,62.88083968904996,0
-15.27,0.399369,31.13,63.72597586541927,0
12.38,0.400648,31.13,63.72597586541927,0
6.05,0.39809,31.11,63.229739838148944,0
-16.9,0.39809,31.11,63.72597586541927,0
9.95,0.394252,31.11,63.229739838148944,0
3.94,0.399369,31.11,63.72597586541927,0
-18.79,0.396811,31.11,63.72597586541927,0
9.43,0.400648,31.11,63.72597586541927,0
2.15,0.39809,31.11,63.72597586541927,0
-23.61,0.396811,31.11,63.56099432828282,0
6.87,0.39809,31.15,63.06346010171025,0
1.33,0.396811,31.15,63.06346010171025,0
-22.86,0.399369,31.15,63.56099432828282,0
5.6,0.39809,31.15,63.56099432828282,0
-0.98,0.39809,31.13,63.75735251718032,0
-12.29,0.396811,31.13,63.75735251718032,0
2.8,0.39809,31.13,62.64982043070834,0
-17.24,0.396811,31.13,63.2771680782255,0
-9.3,0.395531,31.09,63.419239982831705,0
45.3,0.396811,31.09,63.592452382338585,0
10.91,0.395531,31.09,63.592452382338585,0
19.33,0.396811,31.09,63.0,0
43.97,0.390415,31.09,63.0,0
6.85,0.39809,31.09,63.474404290233394,0
-54.24,0.396811,31.09,63.474404290233394,0
-30.55,0.396811,31.09,63.324560795950255,0
-8.3,0.395531,31.09,63.324560795950255,0
-0.27,0.39809,31.09,62.77738446287803,0
-10.21,0.399369,31.09,62.928530890209096,0
23.31,0.400648,31.09,62.928530890209096,0
11.15,0.403206,31.11,63.39558344238185,0
-6.7,0.401927,31.11,63.229739838148944,0
12.44,0.399369,31.11,63.229739838148944,0
-16.66,0.403206,31.11,63.75735251718032,0
10.91,0.403206,31.11,63.75735251718032,0
4.49,0.403206,31.11,62.928530890209096,0
-24.26,0.401927,31.11,63.75735251718032,0
15.7,0.401927,31.11,63.229739838148944,0
7.4,0.403206,31.11,63.229739838148944,0
0.54,0.404486,31.11,63.229739838148944,0
1.61,0.403206,31.11,63.229739838148944,0
-14.83,0.403206,31.11,63.229739838148944,0
25.37,0.403206,31.11,63.229739838148944,0
12.13,0.401927,31.11,63.229739838148944,0
-14.99,0.403206,31.11,63.229739838148944,0
15.41,0.401927,31.11,63.229739838148944,0
0.04,0.401927,31.11,63.229739838148944,0
-20.55,0.400648,31.11,63.229739838148944,0
6.29,0.399369,31.11,63.229739838148944,0
-10.2,0.399369,31.11,63.229739838148944,0
6.04,0.39809,31.11,63.229739838148944,0
3.47,0.39809,31.11,63.229739838148944,0
-10.37,0.400648,31.11,63.229739838148944,0
20.07,0.399369,31.11,63.39558344238185,0
5.19,0.39809,31.11,63.229739838148944,0
-18.94,0.400648,31.11,63.229739838148944,0
-0.33,0.39809,31.11,63.229739838148944,0
-5.0,0.39809,31.11,63.229739838148944,0
-2.98,0.396811,31.11,63.229739838148944,0
5.76,0.39809,31.11,63.229739838148944,0
-7.54,0.396811,31.11,63.75735251718032,0
12.99,0.39809,31.11,63.39558344238185,0
2.45,0.39809,31.11,63.229739838148944,0
-18.66,0.39809,31.11,63.75735251718032,0
4.44,0.396811,31.11,63.75735251718032,0
-6.26,0.396811,31.11,63.75735251718032,0
6.79,0.39809,31.09,63.229739838148944,0
1.63,0.39809,31.09,63.75735251718032,0
-19.68,0.396811,31.09,63.229739838148944,0
16.3,0.39809,31.09,63.75735251718032,0
1.97,0.395531,31.09,63.229739838148944,0
-14.83,0.39809,31.09,63.229739838148944,0
9.92,0.396811,31.09,63.229739838148944,0
-3.04,0.396811,31.09,63.229739838148944,0
13.45,0.396811,31.07,63.229739838148944,0
12.99,0.396811,31.07,63.229739838148944,0
-10.25,0.396811,31.07,63.229739838148944,0
15.67,0.396811,31.07,63.229739838148944,0
7.26,0.395531,31.07,63.229739838148944,0
-15.6,0.399369,31.07,63.229739838148944,0
13.8,0.396811,31.07,63.229739838148944,0
5.88,0.394252,31.07,63.229739838148944,0
-19.67,0.395531,31.09,63.229739838148944,0
4.46,0.395531,31.09,63.39558344238185,0
0.86,0.395531,31.09,63.229739838148944,0
-14.47,0.396811,31.09,63.229739838148944,0
1.24,0.39809,31.09,63.75735251718032,0
-4.98,0.395531,31.09,63.229739838148944,0
-3.62,0.396811,31.09,63.229739838148944,0
6.27,0.396811,31.09,63.75735251718032,0
-8.13,0.395531,31.09,63.229739838148944,0
10.34,0.395531,31.09,63.229739838148944,0
10.65,0.394252,31.09,63.39558344238185,0
-12.29,0.395531,31.09,63.229739838148944,0
16.01,0.395531,31.09,63.229739838148944,0
10.5,0.395531,31.09,63.229739838148944,0
-15.3,0.395531,31.09,63.229739838148944,0
18.33,0.395531,31.09,63.229739838148944,0
8.85,0.394252,31.09,63.229739838148944,0
-17.49,0.395531,31.09,63.229739838148944,0
11.75,0.395531,31.09,63.229739838148944,0
3.03,0.395531,31.09,63.229739838148944,0
-19.46,0.394252,31.09,63.229739838148944,0
13.5,0.395531,31.09,63.229739838148944,0
6.27,0.395531,31.09,63.229739838148944,0
-21.9,0.394252,31.09,63.229739838148944,0
11.44,0.394252,31.07,63.229739838148944,0
5.39,0.391694,31.07,63.229739838148944,0
-26.07,0.394252,31.07,63.229739838148944,0
12.36,0.394252,31.07,63.229739838148944,0
7.42,0.395531,31.11,63.229739838148944,0
-21.72,0.380181,31.11,63.229739838148944,0
9.4,0.38274,31.11,63.229739838148944,0
2.37,0.392973,31.11,63.229739838148944,0
-19.03,0.392973,31.09,63.229739838148944,0
14.6,0.395531,31.09,63.229739838148944,0
10.45,0.395531,31.09,63.229739838148944,0
-24.91,0.394252,31.09,63.229739838148944,0
14.87,0.396811,31.09,63.229739838148944,0
9.92,0.396811,31.09,63.229739838148944,0
-25.94,0.395531,31.09,63.229739838148944,0
15.43,0.395531,31.09,63.229739838148944,0
3.7,0.396811,31.11,63.229739838148944,0
-22.54,0.395531,31.11,63.229739838148944,0
8.6,0.395531,31.11,63.229739838148944,0
2.71,0.392973,31.11,63.39558344238185,0
-22.47,0.392973,31.07,63.229739838148944,0
9.02,0.394252,31.07,63.229739838148944,0
-1.4,0.392973,31.07,63.229739838148944,0
-13.8,0.394252,31.07,63.229739838148944,0
8.33,0.392973,31.09,63.229739838148944,0
-7.04,0.396811,31.09,63.229739838148944,0
12.85,0.395531,31.09,63.229739838148944,0
5.18,0.396811,31.09,63.229739838148944,0
-17.38,0.394252,31.09,63.229739838148944,0
18.16,0.396811,31.09,63.229739838148944,0
3.64,0.394252,31.09,63.229739838148944,0
-21.92,0.395531,31.09,63.229739838148944,0
3.99,0.394252,31.09,63.56099432828282,0
-4.12,0.396811,31.09,62.71363488110062,0
-4.97,0.395531,31.09,62.56196927846821,0
9.7,0.395531,31.09,62.71363488110062,0
-9.71,0.396811,31.09,62.71363488110062,0
0.07,0.396811,31.09,62.88083968904996,0
-3.66,0.395531,31.09,63.39558344238185,0
-3.27,0.395531,31.09,63.229739838148944,0
21.45,0.394252,31.07,63.229739838148944,0
4.85,0.392973,31.07,63.229739838148944,0
-18.61,0.395531,31.07,63.079315151640635,0
15.3,0.392973,31.07,63.229739838148944,0
-2.78,0.392973,31.11,63.229739838148944,0
-31.97,0.39809,31.11,63.229739838148944,0
7.5,0.396811,31.11,63.229739838148944,0
-4.27,0.39809,31.11,63.229739838148944,0
-3.08,0.39809,31.11,63.229739838148944,0
9.06,0.400648,31.11,63.229739838148944,0
0.22,0.400648,31.11,63.229739838148944,0
16.12,0.400648,31.11,63.229739838148944,0
-1.39,0.39809,31.07,63.229739838148944,0
-21.36,0.399369,31.07,63.229739838148944,0
10.19,0.399369,31.07,63.229739838148944,0
-9.27,0.399369,31.07,63.229739838148944,0
23.19,0.399369,31.09,63.229739838148944,0
10.89,0.395531,31.09,63.229739838148944,0
-25.83,0.399369,31.09,63.229739838148944,0
9.59,0.399369,31.09,63.229739838148944,0
-0.07,0.399369,31.09,63.079315151640635,0
6.14,0.400648,31.09,63.079315151640635,0
3.33,0.39809,31.09,63.229739838148944,0
-7.75,0.399369,31.09,63.079315151640635,0
16.3,0.396811,31.07,63.079315151640635,0
1.76,0.39809,31.07,63.079315151640635,0
-18.81,0.39809,31.07,63.079315151640635,0
1.32,0.39809,31.07,63.229739838148944,0
-8.34,0.396811,31.07,63.229739838148944,0
7.6,0.395531,31.07,63.229739838148944,0
4.57,0.39809,31.07,63.229739838148944,0
-22.42,0.391694,31.07,63.229739838148944,0
2.02,0.399369,31.09,63.229739838148944,0
-5.19,0.396811,31.09,63.229739838148944,0
17.48,0.391694,31.09,63.229739838148944,0
4.75,0.396811,31.09,63.229739838148944,0
-20.74,0.392973,31.11,63.229739838148944,0
6.83,0.396811,31.11,62.71363488110062,0
-7.43,0.394252,31.11,63.229739838148944,0
15.15,0.396811,31.11,63.229739838148944,0
9.91,0.390415,31.07,63.229739838148944,0
-14.3,0.39809,31.07,63.229739838148944,0
18.39,0.39809,31.07,63.229739838148944,0
7.27,0.396811,31.07,63.229739838148944,0
-18.38,0.395531,31.07,63.229739838148944,0
9.55,0.392973,31.07,63.229739838148944,0
5.45,0.390415,31.07,63.229739838148944,0
-18.09,0.392973,31.07,63.229739838148944,0
12.53,0.396811,31.11,63.229739838148944,0
-0.88,0.394252,31.11,63.229739838148944,0
-23.24,0.395531,31.11,63.229739838148944,0
3.47,0.394252,31.11,63.229739838148944,0
-5.93,0.395531,31.09,63.229739838148944,0
-0.8,0.39809,31.09,63.229739838148944,0
4.64,0.394252,31.09,63.229739838148944,0
-8.82,0.395531,31.09,63.229739838148944,0
15.06,0.392973,31.07,63.229739838148944,0
6.04,0.396811,31.07,63.229739838148944,0
-15.54,0.390415,31.07,63.229739838148944,0
13.56,0.396811,31.07,63.229739838148944,0
8.53,0.395531,31.07,63.229739838148944,0
-19.96,0.394252,31.07,63.229739838148944,0
3.81,0.395531,31.07,63.229739838148944,0
-5.95,0.392973,31.07,63.229739838148944,0
-6.45,0.394252,31.07,63.229739838148944,0
4.61,0.394252,31.07,63.229739838148944,0
-6.16,0.394252,31.07,63.229739838148944,0
15.06,0.386577,31.07,63.229739838148944,0
7.88,0.395531,31.07,63.229739838148944,0
-12.81,0.394252,31.07,63.229739838148944,0
20.56,0.394252,31.07,63.229739838148944,0
9.51,0.394252,31.07,63.229739838148944,0
-22.7,0.392973,31.11,63.229739838148944,0
9.46,0.394252,31.11,63.229739838148944,0
1.32,0.392973,31.11,63.229739838148944,0
-12.13,0.394252,31.11,63.229739838148944,0
9.16,0.392973,31.07,63.229739838148944,0
-8.56,0.395531,31.07,63.229739838148944,0
9.54,0.384019,31.07,63.229739838148944,0
10.06,0.394252,31.07,63.229739838148944,0
-12.99,0.394252,31.09,63.229739838148944,0
19.24,0.392973,31.09,63.229739838148944,0
9.43,0.394252,31.09,63.229739838148944,0
-14.64,0.394252,31.09,63.229739838148944,0
16.47,0.394252,31.07,63.229739838148944,0
7.27,0.391694,31.07,63.229739838148944,0
-18.82,0.392973,31.07,63.229739838148944,0
15.59,0.391694,31.07,63.229739838148944,0
5.8,0.392973,31.07,63.229739838148944,0
-21.08,0.390415,31.07,63.229739838148944,0
13.72,0.392973,31.07,63.229739838148944,0
-1.53,0.389135,31.07,63.39558344238185,0
-24.25,0.392973,31.07,63.229739838148944,0
1.4,0.385298,31.07,63.229739838148944,0
-5.8,0.392973,31.07,63.229739838148944,0
-9.48,0.392973,31.07,63.229739838148944,0
5.47,0.391694,31.09,63.229739838148944,0
-6.86,0.395531,31.09,63.229739838148944,0
3.42,0.392973,31.09,63.229739838148944,0
9.32,0.391694,31.09,63.229739838148944,0
-10.05,0.387856,31.07,63.229739838148944,0
9.47,0.395531,31.07,63.229739838148944,0
10.05,0.391694,31.07,63.229739838148944,0
-11.5,0.392973,31.07,63.229739838148944,0
15.05,0.394252,31.11,63.229739838148944,0
11.82,0.394252,31.11,63.229739838148944,0
-20.91,0.394252,31.11,63.229739838148944,0
11.44,0.392973,31.11,63.229739838148944,0
6.13,0.392973,31.09,63.229739838148944,0
-26.17,0.392973,31.09,63.229739838148944,0
9.2,0.394252,31.09,63.229739838148944,0
-1.46,0.390415,31.09,63.229739838148944,0
-18.73,0.394252,31.09,63.229739838148944,0
4.23,0.391694,31.09,63.229739838148944,0
-4.52,0.392973,31.09,63.229739838148944,0
-11.1,0.391694,31.09,63.229739838148944,0
9.59,0.391694,31.07,63.229739838148944,0
-2.43,0.392973,31.07,63.229739838148944,0
0.82,0.392973,31.07,63.229739838148944,0
6.8,0.392973,31.07,63.229739838148944,0
-9.87,0.390415,31.07,63.229739838148944,0
8.2,0.391694,31.07,63.229739838148944,0
9.33,0.389135,31.07,63.229739838148944,0
-14.48,0.390415,31.07,63.229739838148944,0
20.0,0.389135,31.07,63.229739838148944,0
12.98,0.392973,31.07,63.229739838148944,0
-14.33,0.386577,31.07,63.229739838148944,0
20.55,0.390415,31.07,63.229739838148944,0
8.93,0.391694,31.09,63.079315151640635,0
-18.91,0.389135,31.09,63.229739838148944,0
18.59,0.391694,31.09,63.229739838148944,0
4.27,0.389135,31.09,63.229739838148944,0
-24.11,0.390415,31.05,64.07027391856539,0
5.83,0.387856,31.05,63.229739838148944,0
-1.85,0.391694,31.05,63.229739838148944,0
-5.65,0.387856,31.05,63.229739838148944,0
8.21,0.390415,31.05,63.229739838148944,0
-14.13,0.389135,31.05,63.229739838148944,0
15.61,0.390415,31.05,63.229739838148944,0
9.59,0.390415,31.05,63.229739838148944,0
-27.08,0.390415,31.05,63.229739838148944,0
9.45,0.392973,31.05,63.229739838148944,0
-0.81,0.391694,31.05,63.229739838148944,0
-18.7,0.391694,31.05,63.079315151640635,0
9.17,0.386577,31.09,63.079315151640635,0
-2.26,0.390415,31.09,63.079315151640635,0
10.08,0.389135,31.09,62.56196927846821,0
5.99,0.390415,31.09,62.56196927846821,0
-13.69,0.390415,31.05,63.92182725798755,0
15.45,0.390415,31.05,63.079315151640635,0
10.25,0.390415,31.05,63.190189111918315,0
-0.69,0.387856,31.05,63.30876716537765,0
16.56,0.390415,31.07,64.20280367709809,0
-26.64,0.389135,31.07,62.93647591023825,0
-5.99,0.389135,31.07,62.93647591023825,0
25.9,0.386577,31.07,63.324560795950255,0
-55.13,0.389135,31.09,62.77738446287803,0
-2.28,0.386577,31.09,63.608175575157006,0
15.93,0.390415,31.09,63.608175575157006,0
-14.59,0.390415,31.09,63.608175575157006,0
13.31,0.390415,31.07,63.079315151640635,0
3.4,0.391694,31.07,63.75735251718032,0
8.81,0.387856,31.07,63.079315151640635,0
8.09,0.391694,31.07,63.079315151640635,0
-20.94,0.390415,31.05,63.229739838148944,0
24.53,0.391694,31.05,63.229739838148944,0
9.73,0.389135,31.05,63.229739838148944,0
-24.12,0.391694,31.05,63.229739838148944,0
7.98,0.390415,31.05,63.229739838148944,0
-0.57,0.396811,31.05,63.229739838148944,0
19.48,0.394252,31.05,63.229739838148944,0
10.19,0.395531,31.05,63.229739838148944,0
-26.14,0.396811,31.05,63.229739838148944,0
13.0,0.39809,31.05,63.229739838148944,0
7.68,0.39809,31.05,63.229739838148944,0
-5.36,0.394252,31.05,63.229739838148944,0
0.91,0.396811,31.05,63.229739838148944,0
-6.93,0.391694,31.05,63.229739838148944,0
12.28,0.392973,31.05,63.229739838148944,0
1.38,0.389135,31.05,63.229739838148944,0
-17.99,0.394252,31.03,63.229739838148944,0
-0.32,0.391694,31.03,63.229739838148944,0
-9.03,0.392973,31.03,63.229739838148944,0
15.77,0.387856,31.03,63.229739838148944,0
5.57,0.394252,31.07,63.229739838148944,0
-11.82,0.395531,31.07,63.229739838148944,0
-3.11,0.394252,31.07,63.229739838148944,0
-10.72,0.394252,31.07,63.229739838148944,0
13.56,0.391694,31.07,63.229739838148944,0
3.17,0.392973,31.07,63.229739838148944,0
-16.79,0.390415,31.07,63.229739838148944,0
2.78,0.394252,31.07,63.229739838148944,0
-0.73,0.392973,31.05,63.229739838148944,0
-2.46,0.394252,31.05,63.229739838148944,0
7.34,0.394252,31.05,63.229739838148944,0
-6.16,0.392973,31.05,63.229739838148944,0
14.07,0.394252,31.05,63.229739838148944,0
5.03,0.392973,31.05,63.229739838148944,0
-13.49,0.394252,31.05,63.229739838148944,0
11.16,0.390415,31.05,63.229739838148944,0
3.99,0.395531,31.05,63.229739838148944,0
-20.76,0.394252,31.05,63.229739838148944,0
3.12,0.394252,31.05,63.229739838148944,0
3.87,0.392973,31.05,63.229739838148944,0
-9.53,0.391694,31.05,63.229739838148944,0
5.16,0.392973,31.05,63.229739838148944,0
-2.71,0.387856,31.05,63.229739838148944,0
0.3,0.391694,31.05,63.229739838148944,0
6.98,0.390415,31.03,63.229739838148944,0
-14.36,0.392973,31.03,63.229739838148944,0
14.96,0.389135,31.03,63.229739838148944,0
6.94,0.391694,31.03,63.229739838148944,0
-15.96,0.390415,31.01,63.229739838148944,0
10.27,0.394252,31.01,63.229739838148944,0
2.35,0.391694,31.01,63.229739838148944,0
-18.05,0.394252,31.01,63.229739838148944,0
4.61,0.394252,31.05,63.229739838148944,0
-1.87,0.391694,31.05,63.229739838148944,0
7.69,0.394252,31.05,63.229739838148944,0
6.95,0.392973,31.05,63.229739838148944,0
-5.27,0.392973,31.03,63.229739838148944,0
10.64,0.390415,31.03,63.229739838148944,0
4.64,0.391694,31.03,63.229739838148944,0
-13.4,0.390415,31.03,63.229739838148944,0
1.46,0.392973,31.05,63.229739838148944,0
-4.49,0.392973,31.05,63.229739838148944,0
-10.25,0.391694,31.05,63.229739838148944,0
6.54,0.385298,31.05,63.229739838148944,0
-11.83,0.391694,31.05,63.229739838148944,0
6.95,0.394252,31.05,63.229739838148944,0
10.99,0.390415,31.05,63.229739838148944,0
-8.07,0.391694,31.05,63.229739838148944,0
12.86,0.387856,31.07,63.229739838148944,0
9.61,0.391694,31.07,63.229739838148944,0
-13.05,0.387856,31.07,63.229739838148944,0
12.63,0.390415,31.07,63.39558344238185,0
-1.21,0.390415,31.05,63.229739838148944,0
-24.12,0.392973,31.05,63.229739838148944,0
8.32,0.38274,31.05,63.229739838148944,0
1.45,0.390415,31.05,63.229739838148944,0
-7.16,0.391694,31.03,63.229739838148944,0
3.68,0.390415,31.03,63.229739838148944,0
-6.82,0.389135,31.03,63.229739838148944,0
18.65,0.385298,31.03,63.229739838148944,0
7.45,0.389135,31.03,63.229739838148944,0
-14.96,0.387856,31.03,63.229739838148944,0
22.02,0.391694,31.03,63.229739838148944,0
16.05,0.389135,31.03,63.229739838148944,0
-15.61,0.390415,31.03,62.71363488110062,0
18.1,0.390415,31.03,63.229739838148944,0
4.11,0.390415,31.03,63.229739838148944,0
-17.78,0.391694,31.03,63.229739838148944,0
9.24,0.389135,31.05,63.39558344238185,0
6.36,0.389135,31.05,63.229739838148944,0
-18.31,0.386577,31.05,63.229739838148944,0
6.11,0.387856,31.05,63.229739838148944,0
-4.09,0.386577,31.03,63.229739838148944,0
-6.86,0.390415,31.03,62.39390995922599,0
3.59,0.387856,31.03,63.229739838148944,0
-8.64,0.389135,31.03,63.229739838148944,0
15.11,0.390415,31.05,63.229739838148944,0
13.6,0.392973,31.05,63.229739838148944,0
-17.56,0.390415,31.05,63.229739838148944,0
5.07,0.390415,31.05,63.229739838148944,0
-0.27,0.389135,31.05,63.229739838148944,0
-15.51,0.389135,31.05,63.229739838148944,0
-1.06,0.389135,31.05,63.229739838148944,0
-2.65,0.387856,31.05,63.229739838148944,0
15.46,0.389135,31.05,62.71363488110062,0
8.42,0.387856,31.05,62.71363488110062,0
-14.16,0.387856,31.05,63.229739838148944,0
16.48,0.387856,31.05,62.71363488110062,0
8.04,0.387856,31.05,62.71363488110062,0
-21.82,0.390415,31.05,63.229739838148944,0
7.81,0.390415,31.05,62.71363488110062,0
2.58,0.385298,31.05,63.229739838148944,0
-10.91,0.390415,31.05,62.71363488110062,0
4.78,0.394252,31.05,63.229739838148944,0
-5.23,0.392973,31.05,62.71363488110062,0
8.36,0.394252,31.05,62.71363488110062,0
3.52,0.392973,31.01,63.229739838148944,0
-13.61,0.395531,31.01,62.71363488110062,0
17.79,0.395531,31.01,62.71363488110062,0
7.52,0.396811,31.01,63.229739838148944,0
-18.52,0.396811,31.01,63.229739838148944,0
-1.26,0.395531,31.01,63.229739838148944,0
-6.96,0.38274,31.01,62.71363488110062,0
9.6,0.391694,31.01,63.229739838148944,0
5.2,0.394252,31.03,63.229739838148944,0
-16.41,0.391694,31.03,62.71363488110062,0
14.3,0.392973,31.03,62.71363488110062,0
12.43,0.391694,31.03,63.229739838148944,0
-12.99,0.392973,31.01,62.71363488110062,0
13.64,0.390415,31.01,62.71363488110062,0
7.16,0.391694,31.01,62.71363488110062,0
-12.89,0.391694,31.01,63.229739838148944,0
0.75,0.392973,31.03,63.229739838148944,0
2.88,0.386577,31.03,62.71363488110062,0
-6.74,0.390415,31.03,62.71363488110062,0
1.98,0.391694,31.03,63.56099432828282,0
-13.9,0.391694,31.03,62.71363488110062,0
8.29,0.394252,31.03,63.56099432828282,0
4.01,0.391694,31.03,62.71363488110062,0
-6.4,0.391694,31.03,62.71363488110062,0
10.48,0.390415,31.03,63.56099432828282,0
2.35,0.391694,31.03,62.56196927846821,0
-18.08,0.391694,31.03,63.41135544995076,0
0.11,0.391694,31.03,63.41135544995076,0
-1.58,0.391694,31.03,63.41135544995076,0
8.76,0.390415,31.03,63.56099432828282,0
4.78,0.390415,31.03,62.71363488110062,0
-15.44,0.391694,31.03,62.71363488110062,0
5.54,0.392973,31.01,62.71363488110062,0
-9.07,0.391694,31.01,62.71363488110062,0
14.06,0.392973,31.01,62.71363488110062,0
8.18,0.392973,31.01,62.71363488110062,0
-12.87,0.394252,31.01,62.71363488110062,0
7.34,0.395531,31.01,62.71363488110062,0
-8.72,0.394252,31.01,63.229739838148944,0
21.76,0.394252,31.01,63.56099432828282,0
3.18,0.392973,31.03,62.71363488110062,0
3.86,0.392973,31.03,62.71363488110062,0
10.17,0.392973,31.03,62.88083968904996,0
-11.28,0.392973,31.03,62.71363488110062,0
16.7,0.392973,31.03,62.71363488110062,0
8.03,0.394252,31.03,63.56099432828282,0
-3.25,0.392973,31.03,62.71363488110062,0
3.27,0.392973,31.03,62.71363488110062,0
-8.07,0.391694,31.01,62.71363488110062,0
10.18,0.392973,31.01,62.71363488110062,0
-1.53,0.391694,31.01,62.71363488110062,0
-2.56,0.391694,31.01,62.71363488110062,0
2.39,0.391694,31.03,63.56099432828282,0
-7.84,0.391694,31.03,62.56196927846821,0
6.5,0.391694,31.03,62.56196927846821,0
-3.92,0.391694,31.03,63.41135544995076,0
-3.45,0.391694,31.03,63.41135544995076,0
-5.02,0.391694,31.03,62.71363488110062,0
-12.57,0.391694,31.03,62.56196927846821,0
6.13,0.392973,31.03,62.71363488110062,0
-2.3,0.391694,31.03,62.71363488110062,0
10.98,0.392973,31.03,63.56099432828282,0
0.52,0.392973,31.03,62.71363488110062,0
-18.51,0.389135,31.03,62.71363488110062,0
-2.19,0.395531,31.03,63.56099432828282,0
-7.22,0.39809,31.03,62.71363488110062,0
18.17,0.396811,31.03,62.71363488110062,0
6.56,0.39809,31.03,63.56099432828282,0
-15.39,0.39809,31.03,63.56099432828282,0
10.25,0.399369,31.03,62.71363488110062,0
-2.05,0.39809,31.03,63.56099432828282,0
13.38,0.399369,31.03,63.56099432828282,0
15.19,0.396811,31.03,63.56099432828282,0
-7.65,0.39809,31.03,63.41135544995076,0
16.47,0.390415,31.03,63.56099432828282,0
10.18,0.395531,31.03,62.71363488110062,0
-10.99,0.395531,31.05,63.56099432828282,0
14.51,0.395531,31.05,62.71363488110062,0
7.35,0.394252,31.05,63.56099432828282,0
-10.64,0.394252,31.05,62.71363488110062,0
10.05,0.394252,31.03,63.56099432828282,0
6.08,0.395531,31.03,63.56099432828282,0
-17.42,0.394252,31.03,63.56099432828282,0
-1.71,0.392973,31.03,63.56099432828282,0
-4.97,0.391694,31.01,63.56099432828282,0
-7.65,0.392973,31.01,63.56099432828282,0
-7.37,0.387856,31.01,63.56099432828282,0
-10.97,0.391694,31.01,63.56099432828282,0
10.13,0.392973,31.03,63.56099432828282,0
5.35,0.392973,31.03,63.56099432828282,0
-10.73,0.392973,31.03,63.56099432828282,0
12.92,0.394252,31.03,63.56099432828282,0
5.59,0.392973,31.03,63.56099432828282,0
-12.9,0.394252,31.03,63.41135544995076,0
16.81,0.391694,31.03,63.56099432828282,0
5.99,0.391694,31.03,63.41135544995076,0
-15.86,0.391694,31.05,63.41135544995076,0
13.52,0.392973,31.05,63.41135544995076,0
5.21,0.392973,31.05,63.56099432828282,0
-12.89,0.392973,31.05,63.56099432828282,0
7.09,0.392973,31.03,62.71363488110062,0
6.29,0.392973,31.03,63.56099432828282,0
-18.63,0.391694,31.03,63.56099432828282,0
6.04,0.391694,31.03,62.71363488110062,0
-6.07,0.392973,31.03,63.56099432828282,0
8.67,0.391694,31.03,63.56099432828282,0
14.93,0.391694,31.03,62.71363488110062,0
-17.63,0.392973,31.03,63.56099432828282,0
22.07,0.390415,31.05,63.56099432828282,0
14.24,0.391694,31.05,63.56099432828282,0
-25.83,0.391694,31.05,63.56099432828282,0
17.23,0.391694,31.05,63.56099432828282,0
6.08,0.391694,31.07,63.56099432828282,0
-17.33,0.391694,31.07,63.56099432828282,0
6.83,0.391694,31.07,63.56099432828282,0
1.33,0.391694,31.07,62.71363488110062,0
-13.16,0.390415,31.05,63.56099432828282,0
0.39,0.391694,31.05,62.71363488110062,0
-6.25,0.391694,31.05,62.71363488110062,0
1.45,0.391694,31.05,63.56099432828282,0
9.71,0.384019,31.03,63.56099432828282,0
-12.48,0.392973,31.03,63.56099432828282,0
13.22,0.391694,31.03,63.56099432828282,0
6.98,0.391694,31.03,63.56099432828282,0
-16.33,0.391694,31.05,62.71363488110062,0
16.81,0.391694,31.05,62.71363488110062,0
5.24,0.391694,31.05,63.56099432828282,0
-17.83,0.390415,31.05,63.56099432828282,0
7.95,0.389135,31.05,63.56099432828282,0
2.49,0.391694,31.05,63.56099432828282,0
-15.8,0.391694,31.05,63.56099432828282,0
3.15,0.390415,31.05,63.56099432828282,0
-1.89,0.391694,31.05,63.56099432828282,0
-13.22,0.392973,31.05,62.71363488110062,0
0.32,0.390415,31.05,62.71363488110062,0
-7.68,0.392973,31.05,62.71363488110062,0
3.44,0.391694,31.03,62.71363488110062,0
0.84,0.391694,31.03,62.71363488110062,0
-11.95,0.389135,31.03,62.71363488110062,0
15.77,0.387856,31.03,63.56099432828282,0
5.88,0.390415,31.03,63.56099432828282,0
-14.78,0.392973,31.03,62.71363488110062,0
12.75,0.390415,31.03,62.71363488110062,0
5.66,0.390415,31.03,63.56099432828282,0
-19.82,0.390415,31.05,63.56099432828282,0
2.88,0.390415,31.05,62.71363488110062,0
-2.05,0.390415,31.05,62.71363488110062,0
-14.86,0.391694,31.05,62.71363488110062,0
2.7,0.390415,31.05,62.71363488110062,0
-0.61,0.390415,31.05,62.71363488110062,0
-7.25,0.389135,31.05,62.71363488110062,0
-1.52,0.389135,31.05,62.71363488110062,0
-9.06,0.390415,31.05,62.71363488110062,0
19.79,0.386577,31.05,63.229739838148944,0
9.09,0.391694,31.05,62.71363488110062,0
-7.73,0.390415,31.05,62.71363488110062,0
38.66,0.390415,31.05,63.229739838148944,0
18.7,0.391694,31.05,63.229739838148944,0
-63.48,0.391694,31.05,63.229739838148944,0
7.11,0.390415,31.05,63.229739838148944,0
13.59,0.387856,31.05,63.229739838148944,0
-14.02,0.387856,31.05,62.71363488110062,0
23.04,0.389135,31.05,63.229739838148944,0
15.74,0.391694,31.05,63.229739838148944,0
-14.72,0.390415,31.03,62.71363488110062,0
7.49,0.392973,31.03,62.71363488110062,0
0.71,0.380181,31.03,62.71363488110062,0
-16.21,0.391694,31.03,63.229739838148944,0
13.12,0.390415,31.03,62.71363488110062,0
8.49,0.391694,31.03,63.229739838148944,0
-21.39,0.390415,31.03,63.229739838148944,0
3.34,0.390415,31.03,63.229739838148944,0
-1.72,0.389135,31.03,63.229739838148944,0
-15.63,0.387856,31.03,63.229739838148944,0
2.18,0.389135,31.03,63.229739838148944,0
-0.56,0.389135,31.03,63.229739838148944,0
3.57,0.390415,31.03,63.229739838148944,0
6.96,0.389135,31.03,63.229739838148944,0
-0.43,0.390415,31.03,63.229739838148944,0
10.26,0.389135,31.03,63.229739838148944,0
9.23,0.387856,31.05,63.229739838148944,0
-2.14,0.389135,31.05,63.229739838148944,0
1.58,0.389135,31.05,63.229739838148944,0
-8.59,0.386577,31.05,63.229739838148944,0
-30.35,0.386577,31.07,63.229739838148944,0
21.05,0.384019,31.07,63.229739838148944,0
15.12,0.386577,31.07,63.229739838148944,0
-25.03,0.389135,31.07,63.229739838148944,0
9.33,0.38274,31.05,63.229739838148944,0
10.03,0.387856,31.05,62.71363488110062,0
-17.11,0.389135,31.05,63.229739838148944,0
9.02,0.389135,31.05,62.71363488110062,0
-2.57,0.389135,31.05,63.72597586541927,0
-18.22,0.389135,31.05,62.71363488110062,0
3.75,0.386577,31.05,62.71363488110062,0
-5.72,0.386577,31.05,62.71363488110062,0
-9.1,0.387856,31.03,63.229739838148944,0
9.24,0.387856,31.03,63.229739838148944,0
-13.15,0.389135,31.03,63.229739838148944,0
10.83,0.389135,31.03,61.73329733620261,0
15.1,0.390415,31.05,62.20932405998316,0
-1.76,0.386577,31.05,63.0158710167526,0
49.43,0.394252,31.05,63.89053137985315,0
-12.54,0.392973,31.05,63.2771680782255,0
-12.68,0.392973,31.05,63.12685640834652,0
99.31,0.391694,31.05,63.419239982831705,0
-55.64,0.391694,31.05,63.221831672294975,0
-61.74,0.392973,31.05,63.63961030678928,0
82.42,0.394252,31.03,63.63961030678928,0
-55.52,0.395531,31.03,63.095166217389426,0
-0.13,0.394252,31.03,62.928530890209096,0
-13.72,0.395531,31.03,62.928530890209096,0
-22.98,0.395531,31.03,62.928530890209096,0
10.35,0.396811,31.03,62.928530890209096,0
8.27,0.394252,31.03,62.928530890209096,0
-5.7,0.391694,31.03,62.928530890209096,0
5.77,0.391694,31.01,62.928530890209096,0
-9.63,0.392973,31.01,62.928530890209096,0
13.19,0.392973,31.01,63.095166217389426,0
12.14,0.392973,31.01,63.095166217389426,0
-7.44,0.392973,31.03,63.63961030678928,0
17.64,0.392973,31.03,63.095166217389426,0
4.11,0.394252,31.03,63.095166217389426,0
-17.64,0.392973,31.03,62.928530890209096,0
-1.86,0.394252,31.01,63.095166217389426,0
-10.25,0.392973,31.01,62.928530890209096,0
1.71,0.392973,31.01,63.095166217389426,0
8.63,0.390415,31.01,62.928530890209096,0
-10.92,0.392973,31.05,62.928530890209096,0
14.5,0.392973,31.05,63.095166217389426,0
6.48,0.390415,31.05,63.095166217389426,0
-20.34,0.391694,31.05,62.928530890209096,0
0.04,0.391694,31.03,62.928530890209096,0
-4.3,0.394252,31.03,63.095166217389426,0
-2.15,0.385298,31.03,62.928530890209096,0
-0.35,0.391694,31.03,62.928530890209096,0
-7.45,0.391694,31.03,63.095166217389426,0
21.23,0.392973,31.03,62.928530890209096,0
3.95,0.390415,31.03,62.928530890209096,0
-21.85,0.391694,31.03,62.928530890209096,0
4.43,0.391694,31.05,62.928530890209096,0
-1.82,0.392973,31.05,62.928530890209096,0
12.81,0.392973,31.05,63.095166217389426,0
4.49,0.392973,31.05,62.928530890209096,0
-17.63,0.395531,31.05,63.095166217389426,0
11.79,0.395531,31.05,63.095166217389426,0
4.41,0.387856,31.05,62.928530890209096,0
0.21,0.394252,31.05,62.928530890209096,0
7.8,0.391694,31.03,62.928530890209096,0
-9.01,0.391694,31.03,62.928530890209096,0
18.09,0.391694,31.03,63.095166217389426,0
9.71,0.391694,31.03,63.095166217389426,0
-17.2,0.390415,31.03,62.928530890209096,0
11.06,0.392973,31.03,62.928530890209096,0
-7.28,0.390415,31.03,62.928530890209096,0
-10.73,0.392973,31.03,62.928530890209096,0
0.58,0.391694,31.01,62.928530890209096,0
-12.37,0.395531,31.01,62.928530890209096,0
11.87,0.390415,31.01,62.928530890209096,0
8.99,0.391694,31.01,63.92182725798755,0
-19.27,0.389135,31.01,63.095166217389426,0
9.51,0.392973,31.01,63.75735251718032,0
6.58,0.389135,31.01,62.928530890209096,0
-13.34,0.390415,31.01,62.928530890209096,0
2.96,0.390415,31.03,62.928530890209096,0
-5.36,0.390415,31.03,63.75735251718032,0
10.02,0.391694,31.03,63.75735251718032,0
7.07,0.389135,31.03,62.928530890209096,0
-16.58,0.392973,31.01,62.928530890209096,0
16.9,0.391694,31.01,62.928530890209096,0
9.73,0.391694,31.01,63.095166217389426,0
-20.96,0.389135,31.01,63.095166217389426,0
9.7,0.391694,31.05,63.095166217389426,0
5.71,0.390415,31.05,62.928530890209096,0
-23.13,0.390415,31.05,62.928530890209096,0
4.45,0.391694,31.05,62.928530890209096,0
2.07,0.390415,31.03,62.928530890209096,0
-0.19,0.390415,31.03,62.928530890209096,0
5.82,0.389135,31.03,63.75735251718032,0
-7.69,0.391694,31.03,62.928530890209096,0
13.83,0.390415,31.01,62.928530890209096,0
9.85,0.392973,31.01,62.928530890209096,0
-18.93,0.389135,31.01,62.928530890209096,0
20.17,0.390415,31.01,62.928530890209096,0
6.3,0.389135,31.01,62.928530890209096,0
-24.15,0.389135,31.01,62.928530890209096,0
10.92,0.390415,31.01,62.928530890209096,0
-5.11,0.389135,31.01,62.928530890209096,0
5.0,0.390415,31.03,63.229739838148944,0
9.41,0.390415,31.03,62.928530890209096,0
-14.31,0.392973,31.03,62.928530890209096,0
15.28,0.391694,31.03,62.928530890209096,0
-2.39,0.394252,31.01,63.75735251718032,0
-11.79,0.392973,31.01,62.928530890209096,0
3.4,0.394252,31.01,62.928530890209096,0
-11.46,0.392973,31.01,63.75735251718032,0
15.79,0.394252,31.05,62.928530890209096,0
9.59,0.395531,31.05,62.928530890209096,0
-18.73,0.394252,31.05,62.928530890209096,0
0.68,0.396811,31.05,62.928530890209096,0
-6.93,0.394252,31.03,62.928530890209096,0
23.3,0.39809,31.03,62.928530890209096,0
8.22,0.394252,31.03,62.928530890209096,0
-22.69,0.394252,31.03,63.75735251718032,0
7.78,0.391694,31.03,62.928530890209096,0
-0.47,0.392973,31.03,62.928530890209096,0
-17.55,0.392973,31.03,62.928530890209096,0
-1.5,0.391694,31.03,62.928530890209096,0
-5.3,0.394252,31.01,62.928530890209096,0
-14.91,0.391694,31.01,62.928530890209096,0
5.38,0.392973,31.01,62.928530890209096,0
0.4,0.391694,31.01,63.75735251718032,0
7.56,0.392973,31.03,62.928530890209096,0
-3.98,0.392973,31.03,62.77738446287803,0
-10.1,0.391694,31.03,63.75735251718032,0
15.23,0.389135,31.03,62.928530890209096,0
1.11,0.390415,30.99,62.928530890209096,0
-23.56,0.392973,30.99,62.928530890209096,0
4.33,0.390415,30.99,63.221831672294975,0
-4.09,0.390415,30.99,63.324560795950255,0
-0.41,0.390415,30.99,64.26507605223851,0
3.36,0.378902,30.99,65.68104749469211,0
-27.98,0.380181,30.99,58.034472514187634,0
-3.01,0.380181,30.99,65.86349520030045,0
-5.61,0.378902,31.01,62.32976816898969,0
37.29,0.380181,31.01,62.52999280345393,0
0.48,0.373785,31.01,63.631753079732135,0
-12.41,0.380181,31.01,64.10148204214939,0
15.06,0.38274,31.01,64.39720490828775,0
6.26,0.380181,31.01,60.27437266367855,0
-19.22,0.384019,31.01,60.844062980705026,0
-12.3,0.390415,31.01,71.97916365171243,0
-21.73,0.392973,31.01,60.108235708594876,0
8.12,0.394252,31.01,62.42595614005443,0
44.49,0.394252,31.01,63.15853069855251,0
34.47,0.395531,31.01,62.12889826803627,0
-7.01,0.39809,31.01,63.796551630946325,0
29.13,0.399369,31.01,62.26556030423239,0
99.64,0.400648,31.01,65.26101439603893,0
-4.37,0.399369,31.01,63.88270501473775,0
-90.63,0.399369,31.01,63.324560795950255,0
-17.49,0.400648,31.01,63.324560795950255,0
-48.99,0.400648,31.01,63.324560795950255,0
-1.41,0.396811,31.01,63.324560795950255,0
-11.52,0.39809,31.01,63.324560795950255,0
-20.77,0.399369,31.01,63.474404290233394,0
-2.53,0.39809,31.01,64.03124237432849,0
-6.62,0.39809,31.01,63.324560795950255,0
24.07,0.396811,31.03,62.505999712027645,0
5.31,0.400648,31.03,63.324560795950255,0
-15.72,0.39809,31.03,63.88270501473775,0
7.48,0.399369,31.03,63.88270501473775,0
3.62,0.39809,31.01,63.071388124885914,0
-17.92,0.401927,31.01,63.071388124885914,0
7.17,0.39809,31.01,63.071388124885914,0
1.23,0.39809,31.01,63.071388124885914,0
-21.93,0.391694,31.03,63.071388124885914,0
0.54,0.399369,31.03,62.505999712027645,0
4.64,0.396811,31.03,63.88270501473775,0
-15.64,0.394252,31.03,63.071388124885914,0
0.6,0.395531,31.05,63.071388124885914,0
-6.42,0.394252,31.05,63.071388124885914,0
-10.63,0.396811,31.05,63.071388124885914,0
1.77,0.395531,31.05,63.071388124885914,0
-4.71,0.396811,31.03,63.071388124885914,0
13.29,0.396811,31.03,63.071388124885914,0
2.53,0.395531,31.03,63.071388124885914,0
-9.31,0.395531,31.03,63.071388124885914,0
22.71,0.392973,31.01,63.221831672294975,0
10.39,0.39809,31.01,63.071388124885914,0
-20.66,0.392973,31.01,63.071388124885914,0
14.7,0.394252,31.01,63.88270501473775,0
6.72,0.390415,31.01,62.505999712027645,0
-11.04,0.395531,31.01,63.221831672294975,0
8.73,0.396811,31.01,63.221831672294975,0
-2.66,0.394252,31.01,63.221831672294975,0
18.43,0.395531,31.03,63.221831672294975,0
3.97,0.392973,31.03,64.03124237432849,0
-16.13,0.394252,31.03,63.221831672294975,0
20.52,0.394252,31.03,63.071388124885914,0
2.48,0.395531,31.05,63.071388124885914,0
-18.32,0.387856,31.05,63.221831672294975,0
5.93,0.396811,31.05,64.03124237432849,0
-11.23,0.391694,31.05,63.221831672294975,0
19.64,0.396811,31.03,63.221831672294975,0
18.46,0.399369,31.03,63.221831672294975,0
-12.14,0.39809,31.03,64.03124237432849,0
20.19,0.39809,31.03,63.221831672294975,0
13.94,0.396811,31.03,64.03124237432849,0
-15.14,0.399369,31.03,63.221831672294975,0
18.5,0.396811,31.03,63.221831672294975,0
3.28,0.39809,31.03,63.221831672294975,0
-16.73,0.395531,31.03,63.221831672294975,0
18.45,0.395531,31.03,63.221831672294975,0
15.77,0.395531,31.03,63.221831672294975,0
-7.47,0.395531,31.03,64.03124237432849,0
-30.38,0.395531,31.05,63.221831672294975,0
3.69,0.396811,31.05,63.221831672294975,0
1.64,0.396811,31.05,63.221831672294975,0
-23.99,0.395531,31.05,63.221831672294975,0
16.06,0.395531,31.05,63.221831672294975,0
13.14,0.395531,31.05,63.88270501473775,0
-7.71,0.394252,31.05,62.65780079128216,0
-8.96,0.391694,31.05,63.221831672294975,0
6.49,0.392973,31.05,63.221831672294975,0
-0.31,0.392973,31.05,63.071388124885914,0
-17.72,0.386577,31.05,63.221831672294975,0
13.15,0.394252,31.05,63.221831672294975,0
13.58,0.394252,31.05,63.071388124885914,0
-11.55,0.396811,31.05,63.221831672294975,0
3.71,0.395531,31.05,63.071388124885914,0
3.02,0.395531,31.05,63.221831672294975,0
-12.64,0.394252,31.05,63.221831672294975,0
6.86,0.395531,31.05,63.474404290233394,0
11.66,0.392973,31.05,63.474404290233394,0
-3.96,0.394252,31.05,63.474404290233394,0
9.66,0.394252,31.05,63.474404290233394,0
13.81,0.394252,31.05,63.474404290233394,0
-4.53,0.395531,31.05,63.474404290233394,0
4.6,0.386577,31.05,62.64982043070834,0
-1.17,0.395531,31.07,62.52999280345393,0
-17.37,0.400648,31.07,61.032778078668514,0
41.63,0.401927,31.07,63.984373092185564,0
29.24,0.405765,31.07,60.61352984276695,0
-45.63,0.405765,31.07,63.05553108173778,0
-38.2,0.405765,31.07,61.30252849597641,0
-121.15,0.408323,31.07,64.96922348312314,0
70.19,0.409602,31.07,59.23681287847955,0
103.5,0.407044,31.03,66.37770710110436,0
11.72,0.41344,31.03,64.389440128021,0
31.32,0.415998,31.03,62.32976816898969,0
-14.09,0.422394,31.03,62.297672508690084,0
-40.3,0.433907,31.07,70.58328414008518,0
84.01,0.436465,31.07,55.154328932550705,0
18.52,0.445419,31.07,64.94613152451807,0
-16.94,0.447978,31.07,74.00675644831355,0
43.17,0.445419,31.05,65.90902821313632,0
187.4,0.439023,31.05,41.6293165929973,0
83.55,0.442861,31.05,76.57675887630658,0
27.42,0.426232,31.05,67.2532527094415,0
-62.34,0.423673,31.03,65.82552696332935,0
-211.87,0.42879,31.03,47.0,0
-421.92,0.433907,31.03,51.273774973177076,0
199.51,0.449257,31.03,60.21627686929839,0
-263.06,0.348202,31.03,68.86218120274728,0
-677.97,0.294477,31.03,60.440052945046304,0
793.86,0.499144,31.03,43.88621651498338,0
202.44,0.348202,31.03,56.04462507680822,0
157.51,0.250985,31.07,59.64059020499378,0
-20.97,0.21133,31.07,76.53757247260981,0
114.47,0.215168,31.07,83.10836299675262,0
-133.73,0.542636,31.07,48.590122453025366,0
69.47,0.52089,31.07,62.12889826803627,0
6.12,0.449257,31.07,63.63961030678928,0
-174.09,0.450536,31.07,62.185207244167,0
50.83,0.291918,31.07,56.1159513863928,0
8.2,0.730675,31.03,63.796551630946325,0
-24.07,0.680787,31.03,70.01428425685718,0
55.63,0.756259,31.03,50.48762224545735,0
-29.75,0.432627,31.03,62.5859409132754,0
-276.14,0.164001,31.03,58.412327466040935,0
310.58,0.140976,31.03,61.18823416311342,0
81.14,0.148651,31.03,71.06335201775947,0
-205.36,0.189584,31.03,64.03124237432849,0
-173.74,0.409602,31.03,69.6993543729065,0
-119.43,0.724279,31.03,59.28743543112655,0
336.87,0.206214,31.03,66.76076692189807,0
355.2,0.088529,31.03,62.10475022089695,0
-326.31,0.055271,31.03,52.73518749374084,0
-64.68,0.525741,31.03,36.55133376499413,0
-116.11,0.735525,31.03,67.83067152844649,0
-42.17,0.615549,31.03,54.35071296680477,0
162.54,0.684625,31.05,69.6419413859206,0
-147.69,0.698696,31.05,75.53145040312677,0
-11.79,0.656483,31.05,57.982756057296896,0
-225.27,0.711487,31.05,63.89053137985315,0
-28.37,0.687183,31.05,62.24949798994366,0
33.87,0.38146,31.05,73.5187051028512,0
59.35,0.385298,31.05,64.18722614352485,0
190.12,0.61427,31.05,84.98235110892143,0
4.41,0.648808,31.05,68.89121859859934,0
-58.86,0.647529,31.05,58.60034129593445,0
63.08,0.638574,31.05,70.16409338115899,0
57.61,0.632179,31.05,64.07027391856539,0
-204.35,0.639854,31.03,68.31544481301428,0
149.38,0.634737,31.03,58.42944463196617,0
334.1,0.630899,31.03,56.00892785976178,0
18.23,0.642412,31.03,96.30680142129111,0
-127.79,0.64625,31.09,67.86015030929418,0
164.88,0.643691,31.09,69.89992846920518,0
-61.38,0.653925,31.09,61.00819617067857,0
-297.62,0.643691,31.09,63.03967004989794,0
405.45,0.642412,31.05,62.20932405998316,0
48.74,0.642412,31.05,62.369864518050704,0
85.72,0.636016,31.05,63.419239982831705,0
53.23,0.637295,31.05,62.849025449882674,0
-133.56,0.636016,31.07,64.63745044476924,0
-52.05,0.634737,31.07,64.50581369148055,0
0.14,0.634737,31.07,63.90618123468183,0
-3.22,0.634737,31.07,74.51845409024533,0
21.11,0.633458,31.07,60.54750201288241,0
24.87,0.628341,31.07,57.175169435691224,0
11.8,0.621945,31.07,62.93647591023825,0
30.81,0.621945,31.07,63.30876716537765,0
22.44,0.620666,31.09,62.88083968904996,0
34.74,0.619387,31.09,64.90762667052309,0
34.45,0.615549,31.09,63.671029518926424,0
-17.51,0.611712,31.09,52.028838157314254,0
-61.49,0.606595,31.09,50.6458290484024,0
-29.05,0.601478,31.09,74.33034373659252,0
47.76,0.600199,31.09,78.81624198095213,0
39.79,0.597641,31.09,63.095166217389426,0
2.89,0.596362,31.11,65.45991139621256,0
-15.29,0.595083,31.11,82.78888814327681,0
-68.42,0.579732,31.11,43.70354676682432,0
-26.13,0.578453,31.11,73.00684899377592,0
-117.88,0.587408,31.13,55.74047003748713,0
94.58,0.579732,31.13,66.64082832618455,0
250.2,0.584849,31.13,80.33679107357973,0
44.64,0.602758,31.13,63.0317380372777,0
-20.83,0.596362,31.13,48.590122453025366,0
211.02,0.59892,31.13,66.35510530471637,0
-78.52,0.577174,31.13,69.45502141674135,0
169.37,0.804867,31.13,47.01063709417264,0
-249.66,0.642412,31.11,100.2845950283492,0
-114.24,0.628341,31.11,76.47875521999558,0
19.86,0.620666,31.11,58.18934610390462,0
-46.93,0.618108,31.11,63.89053137985315,0
226.35,0.615549,31.15,46.561786907291264,0
105.3,0.620666,31.15,58.73670062235365,0
-33.74,0.618108,31.15,68.60029154456998,0
50.89,0.639854,31.15,59.34644049983116,0
67.98,0.797192,31.15,64.26507605223851,0
77.8,0.824055,31.15,62.78534860936905,0
187.45,0.802309,31.15,69.44062211702888,0
-355.92,0.749863,31.15,61.54673021371647,0
-171.65,0.721721,31.15,63.229739838148944,0
10.38,0.702533,31.15,60.14149981501958,0
63.19,0.697417,31.15,86.78133439859057,0
60.14,0.675671,31.15,55.68662316930342,0
32.97,0.673112,31.17,44.66542286825459,0
41.13,0.657762,31.17,84.303024856763,0
-83.56,0.642412,31.17,61.87891401761993,0
-197.31,0.641133,31.17,63.96092557178953,0
95.28,0.636016,31.17,77.78817390837762,0
16.72,0.637295,31.17,64.31174076325411,0
-89.52,0.630899,31.17,60.81940479813988,0
-37.78,0.638574,31.17,65.98484674529449,0
66.18,0.637295,31.17,57.879184513951124,0
-12.41,0.64625,31.17,65.06150935845248,0
-28.44,0.64625,31.17,62.27358990776106,0
66.17,0.64625,31.17,62.5939294181153,0
51.89,0.647529,31.13,62.55397669213365,0
5.4,0.647529,31.13,63.35613624582863,0
114.15,0.643691,31.13,62.55397669213365,0
-25.09,0.638574,31.13,62.55397669213365,0
-4.12,0.637295,31.17,62.849025449882674,0
-64.82,0.62962,31.17,63.15853069855251,0
-224.77,0.633458,31.17,62.369864518050704,0
57.75,0.624504,31.17,62.69768735766894,0
30.66,0.623224,31.17,64.00781202322104,0
-8.2,0.620666,31.17,63.773035054010094,0
48.57,0.621945,31.17,55.95533933415113,0
24.95,0.62962,31.17,67.3349834781297,0
0.64,0.62962,31.19,68.33739825307956,0
62.78,0.627062,31.19,53.52569476429054,0
43.76,0.606595,31.19,60.991802727907626,0
-186.28,0.615549,31.19,64.38167441127949,0
61.83,0.611712,31.17,62.13694553162394,0
-45.0,0.620666,31.17,51.254268114957995,0
-3.5,0.612991,31.17,66.58077800686922,0
35.25,0.620666,31.17,56.64803615307419,0
-38.05,0.620666,31.19,62.20128616033595,0
158.16,0.632179,31.19,55.98214000911362,0
-108.1,0.630899,31.19,75.98684096605149,0
-201.78,0.630899,31.19,69.31810730249349,0
-22.11,0.623224,31.19,58.034472514187634,0
-170.78,0.615549,31.19,56.69215113223346,0
105.29,0.621945,31.19,60.174745533321534,0
185.88,0.624504,31.19,40.607881008493905,0
-77.58,0.636016,31.19,62.3377895020348,0
-2.28,0.638574,31.19,60.73713855624086,0
-21.28,0.642412,31.19,58.73670062235365,0
53.37,0.642412,31.19,61.35144660071187,0
32.89,0.64497,31.21,62.37788069500277,0
78.51,0.648808,31.21,64.85368146836385,0
-107.2,0.64625,31.21,57.113921245174545,0
-112.36,0.64497,31.21,84.29709366283039,0
87.36,0.717883,31.21,64.1482657598785,0
91.29,0.749863,31.21,63.26136261573884,0
143.12,0.751142,31.21,63.51377803280167,0
-203.77,0.733233,31.21,62.849025449882674,0
-193.92,0.719162,31.21,65.14598989960932,0
176.85,0.728117,31.21,60.67948582511226,0
-30.23,0.702533,31.21,62.83311228962003,0
-18.3,0.694858,31.21,61.94352266379432,0
107.85,0.689741,31.19,66.79820356865893,0
24.51,0.687183,31.19,59.38013135721409,0
-12.65,0.6923,31.19,63.2771680782255,0
-3.59,0.691021,31.19,64.87680633323437,0
27.46,0.691021,31.19,66.88049042882386,0
15.05,0.691021,31.19,64.6297145282261,0
-22.13,0.694858,31.19,63.647466563878254,0
-1.53,0.6923,31.19,64.6297145282261,0
-44.68,0.688462,31.19,62.52199612936234,0
43.89,0.685904,31.19,62.6418390534633,0
-27.65,0.680787,31.19,62.71363488110062,0
37.38,0.678229,31.19,62.80127387243033,0
-24.84,0.673112,31.19,63.788713735268246,0
26.53,0.675671,31.19,62.80127387243033,0
-2.86,0.667996,31.19,62.90468980926621,0
-32.86,0.669275,31.19,62.80127387243033,0
12.62,0.662879,31.21,62.80127387243033,0
18.93,0.665437,31.21,63.788713735268246,0
-2.32,0.665437,31.21,62.90468980926621,0
-18.07,0.6616,31.21,62.90468980926621,0
21.22,0.662879,31.21,62.90468980926621,0
6.29,0.659041,31.21,64.02343321003646,0
-13.19,0.66032,31.21,62.90468980926621,0
-22.77,0.659041,31.21,62.90468980926621,0
3.24,0.657762,31.21,62.90468980926621,0
7.8,0.656483,31.21,63.03967004989794,0
-23.17,0.653925,31.21,63.03967004989794,0
16.02,0.648808,31.21,63.03967004989794,0
6.7,0.652645,31.23,63.03967004989794,0
-0.0,0.653925,31.23,62.93647591023825,0
-34.75,0.648808,31.23,62.93647591023825,0
2.31,0.650087,31.23,62.93647591023825,0
-3.04,0.648808,31.23,63.08724118235002,0
-6.89,0.653925,31.23,63.08724118235002,0
5.65,0.650087,31.23,63.08724118235002,0
-16.97,0.650087,31.23,63.08724118235002,0
0.17,0.648808,31.21,63.08724118235002,0
7.24,0.648808,31.21,63.08724118235002,0
-19.6,0.64625,31.21,63.08724118235002,0
25.32,0.650087,31.21,63.25345840347388,0
17.54,0.651366,31.21,63.08724118235002,0
-22.37,0.652645,31.21,63.08724118235002,0
44.78,0.651366,31.21,63.08724118235002,0
13.5,0.651366,31.21,63.08724118235002,0
-28.92,0.652645,31.23,63.190189111918315,0
38.25,0.64625,31.23,63.08724118235002,0
14.93,0.651366,31.23,63.08724118235002,0
-34.74,0.650087,31.23,62.93647591023825,0
26.26,0.648808,31.23,63.671029518926424,0
-2.61,0.64625,31.23,63.788713735268246,0
-10.08,0.638574,31.23,62.80127387243033,0
17.07,0.64497,31.23,62.93647591023825,0
-11.06,0.642412,31.21,63.03967004989794,0
31.19,0.64625,31.21,62.80127387243033,0
14.26,0.642412,31.21,62.93647591023825,0
-17.44,0.642412,31.21,62.80127387243033,0
3.48,0.642412,31.23,62.80127387243033,0
-10.08,0.643691,31.23,63.92182725798755,0
-8.16,0.641133,31.23,62.93647591023825,0
34.72,0.641133,31.23,64.07027391856539,0
40.09,0.637295,31.21,61.204574992397426,0
-40.95,0.637295,31.21,63.0,0
10.51,0.638574,31.21,63.0,0
2.05,0.637295,31.21,63.835726674018524,0
-23.77,0.636016,31.23,62.928530890209096,0
-15.05,0.637295,31.23,62.77738446287803,0
-3.46,0.637295,31.23,62.77738446287803,0
46.73,0.637295,31.23,62.77738446287803,0
16.32,0.638574,31.21,63.702433234531945,0
-15.35,0.638574,31.21,62.71363488110062,0
-19.91,0.637295,31.21,63.702433234531945,0
9.2,0.634737,31.21,63.835726674018524,0
-14.18,0.636016,31.19,63.835726674018524,0
-8.17,0.638574,31.19,62.849025449882674,0
-11.51,0.637295,31.19,63.631753079732135,0
-12.73,0.634737,31.19,63.835726674018524,0
-3.6,0.636016,31.21,62.849025449882674,0
16.47,0.634737,31.21,62.928530890209096,0
-20.88,0.633458,31.21,62.849025449882674,0
11.16,0.633458,31.21,62.928530890209096,0
5.6,0.636016,31.23,62.77738446287803,0
-17.98,0.630899,31.23,62.928530890209096,0
30.9,0.62962,31.23,62.849025449882674,0
7.92,0.632179,31.23,62.849025449882674,0
-23.69,0.630899,31.23,63.76519426771944,0
32.27,0.632179,31.23,63.835726674018524,0
5.87,0.62962,31.23,62.71363488110062,0
-18.06,0.628341,31.23,63.835726674018524,0
29.87,0.625783,31.23,62.77738446287803,0
16.81,0.630899,31.23,63.835726674018524,0
-37.26,0.628341,31.23,63.76519426771944,0
31.93,0.627062,31.23,62.77738446287803,0
-2.49,0.620666,31.25,63.76519426771944,0
6.35,0.624504,31.25,62.77738446287803,0
21.27,0.627062,31.25,62.77738446287803,0
12.54,0.627062,31.25,62.849025449882674,0
-11.19,0.627062,31.21,63.914004725099176,0
-15.06,0.623224,31.21,63.76519426771944,0
5.31,0.624504,31.21,62.71363488110062,0
1.2,0.621945,31.21,63.0,0
-32.14,0.621945,31.23,63.631753079732135,0
10.24,0.616829,31.23,62.849025449882674,0
1.55,0.621945,31.23,62.77738446287803,0
-6.76,0.623224,31.23,63.76519426771944,0
8.5,0.618108,31.23,62.71363488110062,0
20.32,0.623224,31.23,62.849025449882674,0
-17.8,0.623224,31.23,62.849025449882674,0
-17.61,0.624504,31.23,63.76519426771944,0
16.26,0.621945,31.23,62.77738446287803,0
2.58,0.623224,31.23,63.76519426771944,0
-25.36,0.623224,31.23,63.76519426771944,0
19.96,0.623224,31.23,62.77738446287803,0
0.89,0.625783,31.23,62.77738446287803,0
-9.82,0.624504,31.23,62.77738446287803,0
3.67,0.627062,31.23,62.77738446287803,0
7.41,0.620666,31.23,62.77738446287803,0
-12.74,0.627062,31.25,62.77738446287803,0
-31.12,0.625783,31.25,62.77738446287803,0
30.44,0.624504,31.25,62.77738446287803,0
-10.49,0.624504,31.25,62.77738446287803,0
-44.39,0.621945,31.23,63.76519426771944,0
10.37,0.624504,31.23,62.928530890209096,0
19.7,0.619387,31.23,62.77738446287803,0
-3.67,0.621945,31.23,63.835726674018524,0
8.58,0.620666,31.25,63.76519426771944,0
-7.07,0.618108,31.25,63.76519426771944,0
-29.36,0.61427,31.25,62.77738446287803,0
35.15,0.619387,31.25,62.77738446287803,0
-0.44,0.618108,31.25,63.76519426771944,0
-5.26,0.616829,31.25,62.77738446287803,0
13.18,0.609154,31.25,63.76519426771944,0
10.98,0.616829,31.25,62.77738446287803,0
8.06,0.615549,31.25,62.77738446287803,0
5.58,0.61427,31.25,62.77738446287803,0
17.75,0.61427,31.25,62.928530890209096,0
-9.46,0.612991,31.25,62.849025449882674,0
-64.12,0.611712,31.23,62.928530890209096,0
19.68,0.612991,31.23,62.77738446287803,0
19.55,0.612991,31.23,62.77738446287803,0
-11.72,0.61427,31.23,63.76519426771944,0
35.11,0.607874,31.25,62.77738446287803,0
5.02,0.615549,31.25,63.76519426771944,0
-16.42,0.61427,31.25,62.849025449882674,0
-36.23,0.61427,31.25,62.849025449882674,0
4.77,0.612991,31.25,63.835726674018524,0
19.77,0.61427,31.25,62.849025449882674,0
-0.01,0.615549,31.25,62.849025449882674,0
7.09,0.610433,31.25,63.914004725099176,0
27.78,0.607874,31.21,62.77738446287803,0
-16.21,0.610433,31.21,62.77738446287803,0
9.44,0.610433,31.21,62.77738446287803,0
10.97,0.609154,31.21,62.77738446287803,0
-38.28,0.607874,31.23,62.77738446287803,0
18.16,0.611712,31.23,62.77738446287803,0
12.61,0.607874,31.23,63.0,0
-31.79,0.609154,31.23,63.76519426771944,0
37.51,0.611712,31.23,62.928530890209096,0
27.15,0.611712,31.23,62.849025449882674,0
-38.72,0.610433,31.23,62.928530890209096,0
0.86,0.605316,31.23,63.835726674018524,0
19.19,0.610433,31.25,62.849025449882674,0
-23.77,0.610433,31.25,62.849025449882674,0
24.98,0.611712,31.25,62.77738446287803,0
20.62,0.610433,31.25,62.849025449882674,0
4.45,0.612991,31.25,62.849025449882674,0
-25.91,0.611712,31.25,63.0,0
20.7,0.611712,31.25,63.0,0
-14.99,0.612991,31.25,63.76519426771944,0
-45.91,0.610433,31.25,62.77738446287803,0
10.8,0.611712,31.25,63.914004725099176,0
6.72,0.604037,31.25,62.77738446287803,0
-18.97,0.611712,31.25,63.914004725099176,0
11.05,0.607874,31.23,62.928530890209096,0
11.22,0.611712,31.23,62.928530890209096,0
-12.89,0.610433,31.23,63.76519426771944,0
-13.94,0.606595,31.23,62.77738446287803,0
38.58,0.607874,31.25,63.914004725099176,0
-4.6,0.607874,31.25,62.928530890209096,0
-18.38,0.607874,31.25,62.928530890209096,0
14.69,0.605316,31.25,62.928530890209096,0
11.33,0.605316,31.25,62.928530890209096,0
-13.18,0.601478,31.25,63.0,0
-40.35,0.605316,31.25,63.166446789415026,0
18.11,0.600199,31.25,62.77738446287803,0
17.48,0.605316,31.25,62.77738446287803,0
-12.57,0.607874,31.25,63.608175575157006,0
-5.96,0.611712,31.25,66.55073252789934,0
5.38,0.61427,31.25,69.92138442565336,0
44.03,0.61427,31.25,73.79024325749306,0
-73.33,0.623224,31.25,65.54387843269576,0
-22.64,0.627062,31.25,63.85138996137829,0
-87.28,0.628341,31.25,63.15853069855251,0
42.71,0.623224,31.25,63.53739056650029,0
26.32,0.624504,31.25,63.29296959378664,0
21.59,0.625783,31.25,63.15853069855251,0
52.98,0.624504,31.25,64.1404708432983,0
89.32,0.625783,31.27,62.90468980926621,0
-54.35,0.623224,31.27,62.71363488110062,0
-47.14,0.623224,31.27,62.6418390534633,0
-2.77,0.624504,31.27,62.6418390534633,0
-36.81,0.624504,31.27,63.631753079732135,0
12.28,0.625783,31.27,62.6418390534633,0
-10.17,0.624504,31.27,62.6418390534633,0
-13.45,0.620666,31.27,63.631753079732135,0
21.52,0.621945,31.27,62.5859409132754,0
13.81,0.624504,31.27,63.419239982831705,0
-30.01,0.621945,31.27,63.39558344238185,0
17.86,0.623224,31.27,63.39558344238185,0
21.11,0.621945,31.27,63.39558344238185,0
-0.07,0.619387,31.27,63.39558344238185,0
-30.91,0.611712,31.27,62.42595614005443,0
3.85,0.618108,31.27,63.45864795282043,0
2.2,0.619387,31.27,63.51377803280167,0
-7.93,0.619387,31.27,63.51377803280167,0
-40.59,0.619387,31.27,62.52199612936234,0
7.15,0.615549,31.27,63.48228099241551,0
4.73,0.620666,31.25,62.489999199871974,0
-13.72,0.620666,31.25,63.51377803280167,0
-7.4,0.620666,31.25,63.419239982831705,0
10.93,0.619387,31.25,63.39558344238185,0
7.55,0.618108,31.27,63.419239982831705,0
-17.44,0.621945,31.27,63.45864795282043,0
30.8,0.618108,31.27,63.35613624582863,0
10.86,0.618108,31.27,63.35613624582863,0
-31.71,0.618108,31.27,63.35613624582863,0
-0.85,0.616829,31.27,63.35613624582863,0
7.27,0.621945,31.27,62.36184731067546,0
-15.19,0.623224,31.27,63.35613624582863,0
14.44,0.625783,31.27,63.31666447310692,0
14.15,0.624504,31.27,63.35613624582863,0
-18.66,0.628341,31.27,63.45864795282043,0
26.84,0.625783,31.27,63.419239982831705,0
17.5,0.627062,31.31,63.35613624582863,0
-8.92,0.627062,31.31,63.35613624582863,0
40.28,0.624504,31.31,63.35613624582863,0
31.61,0.624504,31.31,63.26926584053272,0
-32.6,0.620666,31.27,63.26926584053272,0
-5.5,0.625783,31.27,63.26926584053272,0
15.54,0.623224,31.27,64.319514923544,0
-4.78,0.625783,31.27,63.35613624582863,0
-2.75,0.620666,31.29,63.31666447310692,0
14.44,0.623224,31.29,63.35613624582863,0
-4.94,0.619387,31.29,63.35613624582863,0
-20.36,0.616829,31.29,63.35613624582863,0
27.36,0.618108,31.27,63.35613624582863,0
17.08,0.616829,31.27,63.51377803280167,0
0.37,0.616829,31.27,63.45864795282043,0
2.32,0.609154,31.27,63.31666447310692,0
-4.97,0.615549,31.27,63.28506932918696,0
-12.09,0.616829,31.27,63.29296959378664,0
14.49,0.616829,31.27,63.419239982831705,0
48.39,0.615549,31.27,62.39390995922599,0
55.29,0.616829,31.27,63.39558344238185,0
8.69,0.619387,31.27,62.40192304729078,0
-41.52,0.616829,31.27,62.42595614005443,0
-52.13,0.619387,31.27,63.419239982831705,0
5.57,0.619387,31.27,63.419239982831705,0
-16.64,0.618108,31.27,63.39558344238185,0
-42.14,0.611712,31.27,63.29296959378664,0
41.07,0.616829,31.27,63.28506932918696,0
0.05,0.611712,31.27,63.20601237224193,0
-3.45,0.615549,31.27,63.20601237224193,0
-7.46,0.605316,31.27,63.20601237224193,0
-23.71,0.611712,31.27,63.20601237224193,0
3.44,0.611712,31.29,63.198101237299845,0
-14.08,0.610433,31.29,63.20601237224193,0
25.77,0.607874,31.29,63.20601237224193,0
28.97,0.607874,31.29,63.20601237224193,0
-3.39,0.605316,31.29,63.20601237224193,0
-0.59,0.600199,31.29,63.12685640834652,0
-2.67,0.605316,31.29,63.20601237224193,0
-22.0,0.604037,31.29,63.20601237224193,0
7.51,0.606595,31.27,63.20601237224193,0
8.22,0.601478,31.27,62.20932405998316,0
-20.38,0.606595,31.27,64.13267497929586,0
29.3,0.606595,31.27,63.229739838148944,0
16.33,0.605316,31.27,63.20601237224193,0
-16.32,0.607874,31.27,63.20601237224193,0
33.05,0.605316,31.27,63.20601237224193,0
21.95,0.605316,31.27,63.20601237224193,0
1.04,0.59892,31.29,63.229739838148944,0
10.01,0.607874,31.29,63.15853069855251,0
8.36,0.602758,31.29,63.15853069855251,0
-15.03,0.604037,31.29,63.229739838148944,0
11.49,0.604037,31.29,63.15853069855251,0
2.16,0.605316,31.29,63.229739838148944,0
-28.18,0.606595,31.29,63.229739838148944,0
14.86,0.605316,31.29,63.15853069855251,0
8.17,0.605316,31.29,63.198101237299845,0
-19.4,0.604037,31.29,63.26926584053272,0
17.56,0.59892,31.29,63.26926584053272,0
25.58,0.600199,31.29,63.26926584053272,0
-5.16,0.606595,31.29,63.26926584053272,0
-35.42,0.601478,31.29,63.229739838148944,0
14.53,0.602758,31.29,63.15853069855251,0
5.95,0.601478,31.29,63.15853069855251,0
-16.59,0.601478,31.29,63.15853069855251,0
-12.08,0.600199,31.29,63.229739838148944,0
8.36,0.59892,31.29,63.15853069855251,0
8.64,0.600199,31.29,63.15853069855251,0
-8.24,0.597641,31.29,63.229739838148944,0
1.96,0.600199,31.29,63.15853069855251,0
15.98,0.597641,31.29,63.15853069855251,0
12.79,0.604037,31.29,63.229739838148944,0
-13.0,0.604037,31.27,63.229739838148944,0
9.07,0.611712,31.27,63.26926584053272,0
4.77,0.611712,31.27,63.26926584053272,0
-20.73,0.611712,31.27,60.21627686929839,0
16.38,0.612991,31.33,59.53990258641679,0
1.11,0.611712,31.33,62.52199612936234,0
-4.34,0.610433,31.33,62.928530890209096,0
-17.15,0.606595,31.33,63.33245613427605,0
-45.67,0.606595,31.31,64.5445582524197,0
47.89,0.600199,31.31,67.83067152844649,0
137.1,0.604037,31.31,60.340699366182356,0
78.63,0.601478,31.31,59.682493245507096,0
-2.69,0.606595,31.29,62.10475022089695,0
-242.27,0.611712,31.29,63.0,0
-40.19,0.620666,31.29,63.03967004989794,0
-93.82,0.62962,31.29,58.80476171195663,0
-43.93,0.633458,31.29,64.94613152451807,0
36.43,0.638574,31.29,55.695601262577284,0
52.63,0.637295,31.29,65.01538279515087,0
27.75,0.634737,31.29,63.8200595424354,0
129.49,0.628341,31.29,65.09224224129939,0
-68.51,0.636016,31.29,68.1615727518079,0
-75.87,0.627062,31.29,57.697486947006624,0
46.51,0.628341,31.29,63.198101237299845,0
118.37,0.623224,31.27,52.94336596779619,0
-41.08,0.627062,31.27,63.419239982831705,0
41.87,0.620666,31.27,61.91930232165088,0
-41.2,0.619387,31.27,54.120236510939236,0
218.84,0.620666,31.29,68.62215385719105,0
68.54,0.616829,31.29,67.74953874381728,0
-178.98,0.612991,31.29,63.72597586541927,0
43.01,0.609154,31.29,63.31666447310692,0
44.26,0.612991,31.31,62.10475022089695,0
-247.92,0.609154,31.31,64.5832795698701,0
-113.95,0.610433,31.31,63.796551630946325,0
154.44,0.606595,31.31,66.12866246946176,0
-20.99,0.605316,31.31,53.749418601506754,0
22.59,0.597641,31.31,63.94528911499267,0
-61.17,0.602758,31.31,65.79513659838392,0
-87.34,0.605316,31.31,62.25752966509352,0
-0.05,0.605316,31.29,67.08949247087803,0
-130.03,0.606595,31.29,66.17401302626281,0
114.68,0.597641,31.29,65.27633568147036,0
213.75,0.602758,31.29,63.85138996137829,0
-55.41,0.600199,31.29,70.2353187506115,0
-154.16,0.59892,31.29,56.96490147450446,0
-27.81,0.601478,31.29,61.40032573203501,0
-16.93,0.604037,31.29,61.196405123176966,0
43.9,0.602758,31.31,66.37770710110436,0
94.77,0.606595,31.31,61.35959582656978,0
102.98,0.602758,31.31,63.03967004989794,0
-142.14,0.604037,31.31,63.92182725798755,0
-15.37,0.601478,31.31,63.58458932791813,0
-112.98,0.601478,31.31,63.182275995725256,0
8.01,0.595083,31.31,62.65780079128216,0
-49.03,0.602758,31.31,63.182275995725256,0
59.95,0.601478,31.31,63.3798075099633,0
43.49,0.59892,31.31,63.53739056650029,0
5.33,0.600199,31.31,62.625873247404705,0
-33.81,0.59892,31.31,62.82515419798029,0
39.59,0.59892,31.31,63.0,0
12.05,0.597641,31.31,63.733821476512766,0
-45.96,0.596362,31.31,62.82515419798029,0
22.57,0.595083,31.31,62.82515419798029,0
6.74,0.591245,31.31,62.465990746965666,0
-36.98,0.596362,31.31,63.53739056650029,0
7.98,0.587408,31.31,63.182275995725256,0
27.77,0.596362,31.31,63.0,0
-22.12,0.596362,31.35,63.198101237299845,0
53.37,0.593803,31.35,63.198101237299845,0
49.95,0.595083,31.35,62.465990746965666,0
32.44,0.593803,31.35,62.465990746965666,0
-147.94,0.593803,31.35,63.3798075099633,0
22.86,0.595083,31.35,61.554853586049575,0
29.99,0.592524,31.35,65.00769185258002,0
1.29,0.588687,31.35,62.82515419798029,0
31.29,0.592524,31.33,62.82515419798029,0
87.17,0.595083,31.33,63.03967004989794,0
-21.35,0.593803,31.33,63.03967004989794,0
-89.61,0.595083,31.33,63.41135544995076,0
3.37,0.592524,31.37,63.41135544995076,0
-17.11,0.596362,31.37,63.03967004989794,0
-19.35,0.593803,31.37,63.03967004989794,0
-41.86,0.593803,31.37,62.68173577685928,0
27.14,0.592524,31.33,63.96092557178953,0
30.48,0.592524,31.33,64.53681120105021,0
29.38,0.588687,31.33,63.03967004989794,0
154.65,0.589966,31.33,63.41135544995076,0
-105.98,0.589966,31.35,63.03967004989794,0
-73.31,0.588687,31.35,62.51399843235114,0
-180.05,0.592524,31.35,63.41135544995076,0
36.5,0.589966,31.35,63.41135544995076,0
85.0,0.589966,31.35,62.51399843235114,0
8.07,0.591245,31.35,63.41135544995076,0
36.64,0.596362,31.35,63.63961030678928,0
37.71,0.596362,31.35,62.369864518050704,0
-28.88,0.597641,31.35,63.03967004989794,0
-27.03,0.595083,31.35,63.387695966961914,0
13.94,0.597641,31.35,62.68971207462992,0
11.26,0.59892,31.35,63.198101237299845,0
-23.01,0.59892,31.35,63.984373092185564,0
-82.18,0.601478,31.35,62.68971207462992,0
-42.97,0.596362,31.35,62.297672508690084,0
39.38,0.596362,31.35,63.198101237299845,0
47.03,0.595083,31.39,63.198101237299845,0
26.81,0.596362,31.39,63.198101237299845,0
11.08,0.592524,31.39,63.198101237299845,0
10.83,0.593803,31.39,62.297672508690084,0
-15.57,0.589966,31.37,62.625873247404705,0
27.26,0.591245,31.37,62.0966987850401,0
24.02,0.592524,31.37,63.198101237299845,0
36.47,0.591245,31.37,63.58458932791813,0
65.58,0.593803,31.35,63.198101237299845,0
-50.02,0.589966,31.35,63.198101237299845,0
-100.62,0.589966,31.35,63.198101237299845,0
-12.64,0.58357,31.35,63.198101237299845,0
-18.59,0.589966,31.37,62.82515419798029,0
45.8,0.591245,31.37,63.198101237299845,0
42.7,0.589966,31.37,63.198101237299845,0
-5.59,0.584849,31.37,63.198101237299845,0
-9.96,0.588687,31.37,63.198101237299845,0
48.11,0.589966,31.37,63.733821476512766,0
10.2,0.584849,31.37,63.58458932791813,0
-21.41,0.587408,31.37,63.198101237299845,0
-130.42,0.586128,31.39,63.198101237299845,0
-1.38,0.589966,31.39,62.82515419798029,0
52.89,0.588687,31.39,63.198101237299845,0
100.14,0.588687,31.39,62.82515419798029,0
-6.81,0.589966,31.39,63.198101237299845,0
-83.4,0.587408,31.39,63.198101237299845,0
-63.16,0.584849,31.39,63.03967004989794,0
-47.13,0.586128,31.39,62.82515419798029,0
-43.19,0.586128,31.35,62.82515419798029,0
30.16,0.586128,31.35,63.03967004989794,0
28.82,0.586128,31.35,63.03967004989794,0
3.81,0.584849,31.35,63.03967004989794,0
-57.19,0.586128,31.37,63.03967004989794,0
30.16,0.579732,31.37,63.03967004989794,0
32.68,0.584849,31.37,63.03967004989794,0
-9.57,0.58357,31.37,63.03967004989794,0
-49.18,0.581012,31.39,63.96092557178953,0
40.12,0.582291,31.39,62.928530890209096,0
83.52,0.582291,31.39,63.85138996137829,0
139.05,0.581012,31.39,63.25345840347388,0
-86.55,0.579732,31.39,63.25345840347388,0
-57.85,0.581012,31.39,63.25345840347388,0
-47.46,0.572057,31.39,62.3377895020348,0
-93.85,0.579732,31.39,63.25345840347388,0
77.81,0.578453,31.39,63.25345840347388,0
58.98,0.58357,31.39,63.8200595424354,0
-32.19,0.579732,31.39,63.25345840347388,0
-56.74,0.581012,31.39,61.66036003787198,0
15.96,0.572057,31.39,63.15853069855251,0
42.05,0.58357,31.39,63.25345840347388,0
-13.08,0.582291,31.39,63.15853069855251,0
40.49,0.58357,31.39,63.15853069855251,0
-25.54,0.58357,31.39,63.48228099241551,0
-102.7,0.582291,31.39,63.48228099241551,0
29.77,0.584849,31.39,63.48228099241551,0
21.39,0.582291,31.39,63.15853069855251,0
-35.48,0.586128,31.37,63.48228099241551,0
48.77,0.58357,31.37,63.15853069855251,0
52.06,0.584849,31.37,63.15853069855251,0
18.75,0.578453,31.37,63.15853069855251,0
-50.12,0.582291,31.39,63.48228099241551,0
34.27,0.578453,31.39,63.15853069855251,0
26.78,0.582291,31.39,63.15853069855251,0
-4.11,0.581012,31.39,63.15853069855251,0
-56.87,0.579732,31.39,63.48228099241551,0
35.1,0.579732,31.39,63.15853069855251,0
16.45,0.578453,31.39,63.15853069855251,0
-6.12,0.578453,31.39,63.15853069855251,0
-49.61,0.578453,31.41,63.48228099241551,0
26.57,0.581012,31.41,62.56996084384263,0
31.86,0.573337,31.41,63.15853069855251,0
-0.39,0.579732,31.41,64.91532946846992,0
-22.49,0.578453,31.41,64.17164482853778,0
33.87,0.578453,31.41,62.24146527838174,0
72.52,0.577174,31.41,63.15853069855251,0
115.78,0.577174,31.41,62.56996084384263,0
-59.22,0.577174,31.41,63.592452382338585,0
-159.58,0.575895,31.41,63.51377803280167,0
-7.74,0.575895,31.41,85.14693182963201,0
28.31,0.574616,31.41,49.42671342502959,0
-47.3,0.572057,31.39,66.73829485385434,0
-26.24,0.565662,31.39,63.953107821277925,0
-85.89,0.569499,31.39,57.358521598799946,0
83.96,0.566941,31.39,64.08587988004847,0
161.76,0.566941,31.39,62.5939294181153,0
-4.4,0.573337,31.39,64.47480127925948,0
-28.81,0.579732,31.39,63.694583757176716,0
73.53,0.578453,31.39,64.89221833163049,0
-57.76,0.592524,31.43,63.33245613427605,0
35.48,0.58357,31.43,63.15853069855251,0
-78.73,0.577174,31.43,64.07807737440318,0
-5.82,0.577174,31.43,64.07807737440318,0
-11.8,0.566941,31.41,63.57672530100933,0
-52.28,0.575895,31.41,63.72597586541927,0
-10.1,0.573337,31.41,63.56886030125127,0
-37.74,0.573337,31.41,63.97655820689325,0
37.27,0.572057,31.41,63.93746945258312,0
16.87,0.570778,31.41,63.93746945258312,0
-52.95,0.574616,31.41,63.93746945258312,0
40.14,0.572057,31.41,63.93746945258312,0
46.22,0.573337,31.41,63.914004725099176,0
-23.61,0.572057,31.41,63.57672530100933,0
43.94,0.573337,31.41,63.914004725099176,0
85.28,0.569499,31.41,63.56886030125127,0
57.16,0.570778,31.43,63.93746945258312,0
-58.21,0.570778,31.43,64.20280367709809,0
-122.64,0.569499,31.43,63.25345840347388,0
-55.34,0.570778,31.43,64.19501538281614,0
-18.75,0.56822,31.43,63.56886030125127,0
49.54,0.573337,31.43,63.57672530100933,0
29.02,0.569499,31.43,64.25729530566937,0
1.2,0.570778,31.43,63.914004725099176,0
-41.74,0.569499,31.41,63.914004725099176,0
12.56,0.569499,31.41,63.90618123468183,0
22.66,0.566941,31.41,63.914004725099176,0
-32.26,0.56822,31.41,63.914004725099176,0
25.49,0.56822,31.43,63.57672530100933,0
19.9,0.56822,31.43,63.245553203367585,0
-19.16,0.569499,31.43,63.89053137985315,0
-19.34,0.569499,31.43,64.19501538281614,0
20.87,0.570778,31.43,64.20280367709809,0
13.85,0.570778,31.43,64.19501538281614,0
-44.2,0.563103,31.43,64.20280367709809,0
24.95,0.569499,31.43,64.20280367709809,0
15.71,0.569499,31.45,64.20280367709809,0
-24.65,0.566941,31.45,64.52131430775415,0
26.52,0.566941,31.45,63.57672530100933,0
15.74,0.566941,31.45,63.57672530100933,0
-13.42,0.566941,31.45,63.57672530100933,0
-24.69,0.56822,31.45,63.57672530100933,0
17.24,0.565662,31.45,63.57672530100933,0
4.49,0.565662,31.45,63.25345840347388,0
-31.83,0.564382,31.45,63.57672530100933,0
27.18,0.565662,31.45,63.57672530100933,0
30.48,0.566941,31.45,63.57672530100933,0
-17.28,0.565662,31.45,64.20280367709809,0
8.47,0.560545,31.43,64.20280367709809,0
12.61,0.564382,31.43,63.25345840347388,0
-7.96,0.564382,31.43,63.57672530100933,0
-40.21,0.563103,31.43,63.25345840347388,0
26.92,0.564382,31.45,63.25345840347388,0
14.21,0.565662,31.45,64.5445582524197,0
-27.84,0.564382,31.45,63.89835678638379,0
23.53,0.564382,31.45,63.89053137985315,0
22.47,0.564382,31.43,63.89835678638379,0
-2.18,0.563103,31.43,63.89835678638379,0
-42.52,0.560545,31.43,63.608175575157006,0
28.79,0.560545,31.43,63.89053137985315,0
27.24,0.560545,31.43,63.89053137985315,0
-2.56,0.561824,31.43,63.60031446463138,0
-38.07,0.560545,31.43,63.89053137985315,0
24.03,0.559266,31.43,64.20280367709809,0
27.81,0.560545,31.43,63.89053137985315,0
-0.73,0.557986,31.43,63.89053137985315,0
-47.84,0.559266,31.43,63.89835678638379,0
14.17,0.563103,31.43,63.89053137985315,0
22.6,0.561824,31.47,63.89835678638379,0
-17.09,0.561824,31.47,63.89053137985315,0
-16.62,0.559266,31.47,64.19501538281614,0
10.43,0.563103,31.47,63.89835678638379,0
2.79,0.560545,31.43,63.89835678638379,0
-34.16,0.560545,31.43,64.52131430775415,0
24.63,0.560545,31.43,64.26507605223851,0
2.19,0.561824,31.43,63.914004725099176,0
-6.96,0.559266,31.45,63.914004725099176,0
-35.18,0.561824,31.45,63.914004725099176,0
16.35,0.561824,31.45,63.57672530100933,0
20.84,0.559266,31.45,64.20280367709809,0
-4.77,0.557986,31.47,63.89835678638379,0
-17.73,0.555428,31.47,63.608175575157006,0
16.6,0.557986,31.47,63.608175575157006,0
-3.86,0.555428,31.47,63.89835678638379,0
-28.29,0.559266,31.45,63.071388124885914,0
34.71,0.557986,31.45,69.58448102845921,0
14.87,0.557986,31.45,46.49731175025068,0
-27.78,0.551591,31.45,73.60706487831179,0
-30.83,0.550311,31.45,68.39590631024637,0
25.83,0.55287,31.45,65.07687761409578,0
-24.23,0.550311,31.45,62.185207244167,0
68.17,0.551591,31.45,63.694583757176716,0
49.92,0.546474,31.45,62.457985878508765,0
1.8,0.554149,31.45,62.75348595894893,0
-31.19,0.55287,31.45,63.984373092185564,0
45.4,0.55287,31.45,63.984373092185564,0
-25.65,0.55287,31.45,63.35613624582863,0
-72.38,0.559266,31.45,62.457985878508765,0
-110.08,0.556707,31.45,63.35613624582863,0
40.22,0.557986,31.45,62.80127387243033,0
48.78,0.560545,31.49,63.694583757176716,0
8.72,0.556707,31.49,62.80127387243033,0
-41.66,0.557986,31.49,63.694583757176716,0
23.14,0.554149,31.49,63.694583757176716,0
13.66,0.555428,31.45,63.694583757176716,0
-15.7,0.551591,31.45,63.694583757176716,0
28.34,0.554149,31.45,63.419239982831705,0
17.02,0.551591,31.45,63.694583757176716,0
-8.3,0.555428,31.47,62.80127387243033,0
-19.57,0.554149,31.47,62.80127387243033,0
14.3,0.551591,31.47,63.694583757176716,0
3.18,0.555428,31.47,63.419239982831705,0
-41.48,0.555428,31.49,63.694583757176716,0
25.22,0.554149,31.49,62.80127387243033,0
26.12,0.543916,31.49,63.694583757176716,0
-16.81,0.551591,31.49,63.694583757176716,0
-39.74,0.550311,31.49,63.694583757176716,0
14.63,0.55287,31.49,63.694583757176716,0
14.86,0.550311,31.49,63.419239982831705,0
-21.9,0.551591,31.49,63.694583757176716,0
13.36,0.550311,31.47,63.694583757176716,0
18.83,0.551591,31.47,63.419239982831705,0
-1.55,0.551591,31.47,63.694583757176716,0
-32.54,0.550311,31.47,63.694583757176716,0
21.98,0.549032,31.51,61.91122676865643,0
15.2,0.543916,31.51,63.694583757176716,0
-17.42,0.550311,31.51,63.694583757176716,0
27.43,0.549032,31.51,63.419239982831705,0
9.56,0.55287,31.49,63.694583757176716,0
-22.58,0.551591,31.49,63.419239982831705,0
17.69,0.554149,31.49,63.694583757176716,0
14.32,0.554149,31.49,63.694583757176716,0
-16.65,0.551591,31.49,63.694583757176716,0
-11.47,0.555428,31.49,63.694583757176716,0
22.99,0.554149,31.49,63.15853069855251,0
8.52,0.55287,31.49,83.97618710086806,0
-34.34,0.547753,31.49,66.40030120413611,0
37.18,0.555428,31.49,68.4324484437025,0
50.01,0.551591,31.49,62.00806399170998,0
42.82,0.550311,31.49,66.85057965343307,0
47.92,0.540078,31.53,64.97691897897283,0
-108.21,0.538799,31.53,61.91122676865643,0
38.12,0.534961,31.53,64.08587988004847,0
-139.44,0.53752,31.53,70.46985170979147,0
194.18,0.540078,31.51,55.731499172371095,0
96.99,0.541357,31.51,62.41794613730894,0
-252.18,0.540078,31.51,66.25707509390978,0
-121.83,0.540078,31.51,69.8426803609369,0
-0.27,0.542636,31.51,60.44832503882965,0
-216.99,0.547753,31.51,61.7980582219215,0
211.82,0.551591,31.51,63.984373092185564,0
-327.02,0.551591,31.51,63.0,0
195.58,0.550311,31.49,63.387695966961914,0
33.34,0.55287,31.49,63.387695966961914,0
55.87,0.549032,31.49,63.198101237299845,0
-24.98,0.550311,31.49,62.68971207462992,0
39.03,0.551591,31.49,63.198101237299845,0
13.23,0.551591,31.49,63.41135544995076,0
-21.76,0.547753,31.49,63.796551630946325,0
-37.37,0.549032,31.49,62.68971207462992,0
-54.73,0.547753,31.49,64.19501538281614,0
-94.21,0.546474,31.49,62.68971207462992,0
33.97,0.546474,31.49,62.90468980926621,0
-14.85,0.546474,31.49,63.095166217389426,0
-18.51,0.547753,31.49,63.095166217389426,0
32.41,0.541357,31.49,63.095166217389426,0
13.9,0.549032,31.49,64.39720490828775,0
-16.66,0.547753,31.49,63.095166217389426,0
19.16,0.549032,31.51,63.72597586541927,0
12.44,0.546474,31.51,62.849025449882674,0
-9.93,0.549032,31.51,63.28506932918696,0
7.53,0.547753,31.51,62.41794613730894,0
-18.05,0.546474,31.53,62.65780079128216,0
10.62,0.549032,31.53,62.65780079128216,0
-3.45,0.546474,31.53,63.608175575157006,0
-29.64,0.550311,31.53,63.608175575157006,0
44.75,0.551591,31.49,63.12685640834652,0
19.78,0.556707,31.49,63.608175575157006,0
-53.17,0.556707,31.49,57.784080852774665,0
4.68,0.551591,31.49,66.40783086353596,0
-6.89,0.551591,31.49,63.31666447310692,0
40.19,0.555428,31.49,63.25345840347388,0
79.04,0.556707,31.49,62.30569797378086,0
-92.21,0.555428,31.49,61.35959582656978,0
221.29,0.556707,31.49,64.65291950097846,0
85.62,0.557986,31.49,61.065538563088104,0
-20.59,0.557986,31.49,63.20601237224193,0
-313.42,0.557986,31.49,62.976185975335156,0
127.22,0.557986,31.49,63.48228099241551,0
-119.56,0.559266,31.49,63.48228099241551,0
-110.95,0.556707,31.49,63.48228099241551,0
-7.24,0.55287,31.49,63.48228099241551,0
26.73,0.554149,31.51,63.48228099241551,0
-3.69,0.550311,31.51,63.773035054010094,0
32.12,0.545195,31.51,63.63961030678928,0
18.55,0.55287,31.51,47.86439177509728,0
24.18,0.551591,31.49,80.95677859203639,0
145.86,0.554149,31.49,58.40376700179535,0
-188.51,0.547753,31.49,58.59180830116101,0
-112.5,0.547753,31.49,62.185207244167,0
166.59,0.542636,31.51,68.42514157822401,0
-123.28,0.588687,31.51,65.82552696332935,0
-118.34,0.59892,31.51,73.90534486760751,0
292.3,0.570778,31.51,58.54912467321779,0
499.95,0.549032,31.47,69.29646455628166,0
-189.19,0.541357,31.47,62.71363488110062,0
-341.41,0.546474,31.47,62.51399843235114,0
-416.67,0.547753,31.47,66.76076692189807,0
275.93,0.545195,31.49,64.8459713474939,0
1.1,0.50682,31.49,59.682493245507096,0
-172.46,0.549032,31.49,53.48831648126533,0
72.62,0.549032,31.49,68.60029154456998,0
75.73,0.545195,31.47,63.06346010171025,0
42.79,0.545195,31.47,53.075418038862395,0
69.3,0.543916,31.47,73.17103251970687,0
-159.67,0.547753,31.47,66.31741852635702,0
-29.98,0.547753,31.49,64.13267497929586,0
-24.31,0.551591,31.49,64.96922348312314,0
100.28,0.549032,31.49,62.01612693485461,0
179.49,0.546474,31.49,63.3798075099633,0
-125.19,0.549032,31.47,64.16385275215322,0
-43.34,0.547753,31.47,63.221831672294975,0
-29.33,0.546474,31.47,67.12674578735364,0
45.14,0.545195,31.47,57.148928248918196,0
69.68,0.541357,31.51,68.86218120274728,0
-24.66,0.543916,31.51,58.01723881744115,0
26.53,0.543916,31.51,69.8426803609369,0
2.05,0.536241,31.51,55.362442142665635,0
16.43,0.541357,31.51,63.26136261573884,0
-60.54,0.540078,31.51,59.61543424315552,0
-60.01,0.53752,31.51,61.773780845922005,0
-22.89,0.524728,31.51,65.76473218982953,0
128.27,0.50682,31.53,62.928530890209096,0
16.34,0.523449,31.53,60.34898507845845,0
-36.86,0.526007,31.53,74.84650960465692,0
48.51,0.527286,31.53,56.61271941887264,0
18.91,0.528566,31.51,79.48584779695062,0
6.25,0.533682,31.51,60.81940479813988,0
-170.86,0.533682,31.51,63.94528911499267,0
11.47,0.536241,31.51,63.15853069855251,0
50.76,0.53752,31.55,62.75348595894893,0
11.2,0.540078,31.55,62.63385665915839,0
-47.54,0.541357,31.55,62.75348595894893,0
57.91,0.543916,31.55,62.75348595894893,0
-5.72,0.545195,31.55,62.75348595894893,0
5.11,0.541357,31.55,62.75348595894893,0
20.24,0.538799,31.55,62.75348595894893,0
-7.25,0.541357,31.55,62.75348595894893,0
33.84,0.541357,31.51,62.68173577685928,0
15.1,0.538799,31.51,63.66317616958802,0
-17.33,0.540078,31.51,63.15853069855251,0
17.85,0.538799,31.51,63.15853069855251,0
13.09,0.536241,31.51,63.15853069855251,0
3.37,0.53752,31.51,63.15853069855251,0
-15.17,0.53752,31.51,63.15853069855251,0
2.08,0.53752,31.51,62.75348595894893,0
2.72,0.536241,31.55,62.75348595894893,0
-25.19,0.533682,31.55,63.45864795282043,0
3.75,0.536241,31.55,63.15853069855251,0
9.0,0.534961,31.55,62.75348595894893,0
-16.87,0.534961,31.53,63.15853069855251,0
13.37,0.534961,31.53,63.03967004989794,0
-2.14,0.533682,31.53,62.56196927846821,0
-10.84,0.533682,31.53,63.15853069855251,0
-12.88,0.536241,31.53,63.15853069855251,0
-0.06,0.534961,31.53,63.15853069855251,0
-1.8,0.534961,31.53,63.15853069855251,0
-23.35,0.528566,31.53,63.15853069855251,0
4.01,0.531124,31.55,63.15853069855251,0
1.38,0.533682,31.55,64.85368146836385,0
-17.43,0.533682,31.55,48.82622246293481,0
7.35,0.538799,31.55,59.43904440685432,0
3.92,0.536241,31.53,72.26340706055866,0
-9.86,0.540078,31.53,52.99056519796708,0
70.92,0.528566,31.53,71.22499561249548,0
-137.11,0.534961,31.53,67.23094525588644,0
-45.71,0.538799,31.53,53.823786563191554,0
65.13,0.527286,31.53,56.72741841473134,0
102.15,0.518332,31.53,66.10597552415364,0
90.61,0.52089,31.53,62.16912416947821,0
-189.0,0.527286,31.55,62.30569797378086,0
-40.53,0.532403,31.55,72.73926037567333,0
52.12,0.532403,31.55,64.41273166075166,0
15.75,0.534961,31.55,70.8237248385031,0
-127.48,0.53752,31.53,62.93647591023825,0
105.69,0.540078,31.53,63.57672530100933,0
-2.17,0.543916,31.53,63.15853069855251,0
-67.68,0.547753,31.53,61.69278726074872,0
-17.62,0.549032,31.53,65.42935121182236,0
-14.7,0.550311,31.53,72.00694410957877,0
-25.98,0.543916,31.53,65.95452979136459,0
-125.58,0.546474,31.53,65.52098900352466,0
162.01,0.542636,31.55,60.74537019394976,0
192.51,0.541357,31.55,62.24949798994366,0
-93.0,0.538799,31.55,63.51377803280167,0
-12.35,0.538799,31.55,63.43500610861482,0
-27.02,0.536241,31.55,62.32976816898969,0
-22.44,0.538799,31.55,64.10148204214939,0
4.03,0.538799,31.55,64.25729530566937,0
18.02,0.536241,31.55,62.976185975335156,0
-28.94,0.536241,31.55,64.89992295835181,0
24.28,0.532403,31.55,63.43500610861482,0
5.44,0.534961,31.55,62.976185975335156,0
-5.99,0.534961,31.55,62.77738446287803,0
-12.84,0.533682,31.57,61.04096984812741,0
40.17,0.532403,31.57,61.78996682310163,0
-30.05,0.533682,31.57,60.81940479813988,0
5.57,0.531124,31.57,61.59545437773797,0
5.64,0.531124,31.55,63.03967004989794,0
-21.13,0.531124,31.55,62.36184731067546,0
11.32,0.531124,31.55,63.387695966961914,0
-3.17,0.523449,31.55,63.4428877022476,0
-33.38,0.528566,31.55,62.77738446287803,0
6.63,0.528566,31.55,63.25345840347388,0
1.54,0.528566,31.55,62.71363488110062,0
12.56,0.529845,31.55,62.52999280345393,0
-10.67,0.528566,31.55,63.20601237224193,0
-24.44,0.529845,31.55,62.49799996799898,0
20.71,0.526007,31.55,63.190189111918315,0
0.8,0.528566,31.55,62.49799996799898,0
-19.19,0.527286,31.57,63.387695966961914,0
6.49,0.528566,31.57,63.43500610861482,0
-2.55,0.527286,31.57,62.77738446287803,0
-7.83,0.523449,31.57,62.77738446287803,0
6.07,0.526007,31.59,63.51377803280167,0
-12.79,0.526007,31.59,63.43500610861482,0
16.42,0.524728,31.59,62.77738446287803,0
9.24,0.523449,31.59,62.77738446287803,0
-12.98,0.524728,31.59,62.91263784010332,0
28.44,0.524728,31.59,63.25345840347388,0
6.2,0.524728,31.59,62.71363488110062,0
-13.69,0.524728,31.59,62.71363488110062,0
7.36,0.524728,31.59,63.43500610861482,0
6.21,0.524728,31.59,63.43500610861482,0
-10.67,0.52089,31.59,63.43500610861482,0
7.92,0.517053,31.59,63.43500610861482,0
8.16,0.52217,31.57,63.43500610861482,0
10.88,0.524728,31.57,63.43500610861482,0
-36.07,0.52217,31.57,63.43500610861482,0
-8.52,0.52217,31.57,63.43500610861482,0
19.96,0.52217,31.57,63.43500610861482,0
11.46,0.52217,31.57,62.71363488110062,0
-18.15,0.52217,31.57,63.387695966961914,0
15.7,0.524728,31.57,63.387695966961914,0
7.69,0.514495,31.57,63.387695966961914,0
-11.19,0.52089,31.57,62.71363488110062,0
3.81,0.515774,31.57,62.71363488110062,0
2.31,0.52217,31.57,62.71363488110062,0
-15.32,0.52217,31.57,63.387695966961914,0
-2.99,0.52089,31.57,62.68173577685928,0
-8.24,0.52089,31.57,63.387695966961914,0
14.95,0.52089,31.57,63.37191807101944,0
4.17,0.52089,31.57,64.76109943476871,0
-21.15,0.519611,31.57,64.47480127925948,0
-1.65,0.513215,31.57,62.36184731067546,0
10.55,0.518332,31.57,63.74950980203691,0
-0.15,0.517053,31.57,61.87891401761993,0
13.71,0.518332,31.57,57.59340239992772,0
6.53,0.517053,31.57,64.48255578061404,0
20.4,0.515774,31.57,60.07495318350236,0
-4.73,0.514495,31.57,66.40030120413611,0
-48.94,0.515774,31.57,71.50524456289902,0
6.46,0.515774,31.57,61.1310068623117,0
27.41,0.514495,31.57,63.095166217389426,0
45.06,0.514495,31.59,57.94825277780168,0
-33.03,0.514495,31.59,64.66065264130884,0
-14.1,0.513215,31.59,63.190189111918315,0
16.17,0.514495,31.59,65.03076195155643,0
4.46,0.515774,31.55,66.96267617113283,0
-21.48,0.518332,31.55,62.68173577685928,0
-20.25,0.510657,31.55,64.19501538281614,0
-18.75,0.518332,31.55,63.66317616958802,0
60.05,0.517053,31.55,62.90468980926621,0
15.32,0.517053,31.55,63.15853069855251,0
-43.42,0.517053,31.55,62.90468980926621,0
-53.69,0.517053,31.55,67.97058187186572,0
14.7,0.517053,31.57,76.87002016391045,0
11.06,0.515774,31.57,63.221831672294975,0
-23.42,0.513215,31.57,63.25345840347388,0
16.98,0.514495,31.57,62.78534860936905,0
47.99,0.514495,31.57,62.68173577685928,0
-62.68,0.514495,31.57,66.94774081326419,0
-9.52,0.515774,31.57,55.036351623268054,0
-5.47,0.513215,31.57,56.00892785976178,0
-23.11,0.510657,31.57,60.174745533321534,0
28.91,0.510657,31.57,62.56996084384263,0
-21.84,0.511936,31.57,64.7533782902483,0
146.39,0.511936,31.57,63.631753079732135,0
9.44,0.510657,31.55,61.53048025166064,0
-27.36,0.509378,31.55,62.928530890209096,0
-64.05,0.509378,31.55,63.0317380372777,0
3.93,0.510657,31.55,63.150613615387776,0
1.55,0.509378,31.57,63.324560795950255,0
-27.66,0.509378,31.57,63.324560795950255,0
22.78,0.510657,31.57,63.324560795950255,0
9.99,0.509378,31.57,63.0317380372777,0
-18.25,0.509378,31.57,63.324560795950255,0
28.28,0.510657,31.57,63.324560795950255,0
11.45,0.511936,31.57,63.324560795950255,0
-29.66,0.508099,31.57,63.324560795950255,0
25.58,0.50554,31.57,62.37788069500277,0
14.73,0.508099,31.57,63.324560795950255,0
-13.18,0.509378,31.57,63.324560795950255,0
9.5,0.50682,31.57,62.37788069500277,0
-4.36,0.50554,31.57,63.324560795950255,0
16.46,0.508099,31.57,63.324560795950255,0
8.68,0.50682,31.57,63.324560795950255,0
-17.41,0.508099,31.57,62.37788069500277,0
21.94,0.508099,31.59,63.324560795950255,0
11.59,0.509378,31.59,62.37788069500277,0
-19.83,0.500424,31.59,63.324560795950255,0
30.7,0.502982,31.59,62.37788069500277,0
14.04,0.508099,31.57,63.324560795950255,0
-12.74,0.50682,31.57,63.324560795950255,0
9.1,0.50682,31.57,63.324560795950255,0
16.96,0.50554,31.57,62.37788069500277,0
7.35,0.50682,31.59,62.37788069500277,0
-25.61,0.50554,31.59,63.324560795950255,0
26.0,0.50682,31.59,62.37788069500277,0
18.27,0.508099,31.59,63.324560795950255,0
-1.28,0.50682,31.59,62.68971207462992,0
-21.97,0.50682,31.59,62.37788069500277,0
27.07,0.501703,31.59,62.37788069500277,0
19.82,0.50554,31.59,62.37788069500277,0
-0.63,0.50554,31.61,63.631753079732135,0
-24.76,0.50554,31.61,62.37788069500277,0
25.53,0.504261,31.61,62.37788069500277,0
17.92,0.50682,31.61,63.324560795950255,0
-3.0,0.504261,31.59,62.37788069500277,0
-29.13,0.50682,31.59,62.37788069500277,0
27.73,0.50682,31.59,62.37788069500277,0
17.28,0.502982,31.59,63.324560795950255,0
-9.26,0.504261,31.61,62.37788069500277,0
-36.45,0.500424,31.61,63.324560795950255,0
15.57,0.496586,31.61,63.324560795950255,0
15.36,0.500424,31.61,62.37788069500277,0
-17.64,0.502982,31.59,63.324560795950255,0
-1.65,0.501703,31.59,62.37788069500277,0
10.97,0.504261,31.59,63.324560795950255,0
2.19,0.500424,31.59,62.68971207462992,0
-32.48,0.501703,31.59,62.37788069500277,0
27.31,0.496586,31.59,63.324560795950255,0
14.04,0.501703,31.59,62.37788069500277,0
-13.55,0.501703,31.59,62.37788069500277,0
0.7,0.497865,31.59,62.68971207462992,0
14.18,0.501703,31.59,62.68971207462992,0
-1.8,0.497865,31.59,62.37788069500277,0
-27.73,0.499144,31.59,62.68971207462992,0
9.62,0.500424,31.61,62.68971207462992,0
11.44,0.501703,31.61,62.68971207462992,0
-18.46,0.499144,31.61,62.68971207462992,0
25.0,0.500424,31.61,62.37788069500277,0
14.14,0.500424,31.57,62.68971207462992,0
-17.57,0.501703,31.57,62.68971207462992,0
23.51,0.497865,31.57,62.68971207462992,0
15.24,0.496586,31.57,62.37788069500277,0
-15.9,0.497865,31.61,63.324560795950255,0
-7.22,0.496586,31.61,62.68971207462992,0
15.35,0.497865,31.61,62.37788069500277,0
9.02,0.496586,31.61,62.68971207462992,0
-22.19,0.497865,31.57,62.68971207462992,0
19.53,0.499144,31.57,62.37788069500277,0
17.84,0.497865,31.57,62.37788069500277,0
2.35,0.500424,31.57,62.37788069500277,0
-17.87,0.497865,31.59,62.68971207462992,0
-16.25,0.496586,31.59,62.37788069500277,0
7.02,0.494028,31.59,62.68971207462992,0
2.26,0.496586,31.59,63.324560795950255,0
-8.93,0.494028,31.57,62.68971207462992,0
-32.16,0.497865,31.57,62.37788069500277,0
8.12,0.496586,31.57,62.68971207462992,0
13.02,0.496586,31.57,63.631753079732135,0
-10.44,0.496586,31.59,62.68971207462992,0
-33.7,0.496586,31.59,62.68971207462992,0
9.4,0.497865,31.59,62.68971207462992,0
12.03,0.495307,31.59,63.631753079732135,0
-9.71,0.495307,31.59,62.37788069500277,0
-1.76,0.492749,31.59,62.68971207462992,0
6.04,0.495307,31.59,62.37788069500277,0
-3.58,0.494028,31.59,62.37788069500277,0
-36.46,0.495307,31.59,62.68971207462992,0
10.1,0.495307,31.59,62.68971207462992,0
9.4,0.496586,31.59,62.37788069500277,0
-33.29,0.495307,31.59,62.68971207462992,0
19.06,0.495307,31.59,62.68971207462992,0
23.68,0.496586,31.59,63.324560795950255,0
-25.66,0.491469,31.59,63.324560795950255,0
27.34,0.492749,31.59,62.37788069500277,0
21.06,0.49019,31.57,62.68971207462992,0
-7.36,0.495307,31.57,62.68971207462992,0
-34.98,0.491469,31.57,62.37788069500277,0
20.95,0.492749,31.57,62.37788069500277,0
15.97,0.491469,31.59,62.37788069500277,0
-8.02,0.495307,31.59,62.68971207462992,0
-21.61,0.492749,31.59,62.68971207462992,0
15.28,0.494028,31.59,63.631753079732135,0
7.42,0.494028,31.57,62.68971207462992,0
-11.8,0.49019,31.57,63.631753079732135,0
-8.67,0.492749,31.57,62.68971207462992,0
8.63,0.488911,31.57,62.68971207462992,0
3.76,0.491469,31.61,62.68971207462992,0
-15.71,0.49019,31.61,62.68971207462992,0
14.6,0.491469,31.61,62.68971207462992,0
4.53,0.488911,31.61,62.68971207462992,0
-6.66,0.49019,31.59,62.37788069500277,0
-35.24,0.491469,31.59,62.68971207462992,0
2.46,0.49019,31.59,62.68971207462992,0
1.26,0.491469,31.59,62.68971207462992,0
-27.15,0.49019,31.59,62.68971207462992,0
21.32,0.492749,31.59,62.68971207462992,0
15.62,0.49019,31.59,62.68971207462992,0
-20.27,0.49019,31.59,62.68971207462992,0
23.73,0.487632,31.59,62.68971207462992,0
19.27,0.492749,31.59,62.68971207462992,0
-10.4,0.483794,31.59,62.68971207462992,0
-24.6,0.49019,31.59,62.68971207462992,0
17.56,0.482515,31.59,62.68971207462992,0
12.35,0.491469,31.59,62.68971207462992,0
-14.23,0.491469,31.59,63.631753079732135,0
15.79,0.488911,31.59,62.68971207462992,0
15.07,0.488911,31.57,62.68971207462992,0
3.58,0.486353,31.57,62.68971207462992,0
-17.22,0.49019,31.57,62.37788069500277,0
17.53,0.486353,31.57,62.68971207462992,0
13.7,0.491469,31.59,62.68971207462992,0
3.23,0.488911,31.59,62.68971207462992,0
-22.43,0.488911,31.59,62.68971207462992,0
22.87,0.482515,31.59,62.68971207462992,0
14.76,0.488911,31.57,62.68971207462992,0
-5.65,0.488911,31.57,62.68971207462992,0
-27.04,0.487632,31.57,63.631753079732135,0
16.44,0.487632,31.57,62.68971207462992,0
13.02,0.485074,31.59,62.68971207462992,0
-12.04,0.486353,31.59,62.37788069500277,0
-24.12,0.485074,31.59,62.68971207462992,0
3.99,0.487632,31.59,62.68971207462992,0
1.96,0.486353,31.61,62.68971207462992,0
-21.59,0.488911,31.61,62.68971207462992,0
22.66,0.481236,31.61,62.68971207462992,0
11.52,0.487632,31.61,63.631753079732135,0
-10.7,0.488911,31.61,62.68971207462992,0
-7.12,0.487632,31.61,62.68971207462992,0
6.2,0.486353,31.61,62.68971207462992,0
2.75,0.482515,31.61,62.37788069500277,0
-32.39,0.486353,31.57,62.68971207462992,0
14.25,0.485074,31.57,62.68971207462992,0
10.99,0.486353,31.57,62.68971207462992,0
-18.17,0.485074,31.57,62.68971207462992,0
23.02,0.486353,31.59,62.68971207462992,0
15.59,0.488911,31.59,63.631753079732135,0
-11.25,0.486353,31.59,62.68971207462992,0
9.67,0.486353,31.59,62.68971207462992,0
12.42,0.485074,31.61,62.68971207462992,0
3.5,0.485074,31.61,62.68971207462992,0
-28.4,0.479957,31.61,62.68971207462992,0
9.46,0.486353,31.61,62.68971207462992,0
1.11,0.482515,31.61,62.37788069500277,0
-20.56,0.486353,31.61,62.68971207462992,0
19.85,0.483794,31.61,62.68971207462992,0
5.55,0.483794,31.61,62.68971207462992,0
-20.22,0.485074,31.61,62.68971207462992,0
18.44,0.485074,31.61,62.68971207462992,0
13.33,0.486353,31.61,62.68971207462992,0
-17.62,0.485074,31.61,62.68971207462992,0
14.63,0.487632,31.59,62.68971207462992,0
11.8,0.485074,31.59,62.68971207462992,0
-6.96,0.487632,31.59,62.68971207462992,0
-30.52,0.482515,31.59,62.68971207462992,0
14.78,0.487632,31.61,62.68971207462992,0
13.11,0.487632,31.61,62.68971207462992,0
-13.97,0.487632,31.61,63.631753079732135,0
3.65,0.488911,31.61,62.68971207462992,0
8.16,0.486353,31.61,62.68971207462992,0
4.37,0.487632,31.61,62.68971207462992,0
-14.96,0.486353,31.61,62.68971207462992,0
12.65,0.488911,31.61,62.68971207462992,0
12.24,0.485074,31.59,62.68971207462992,0
-2.82,0.488911,31.59,62.68971207462992,0
-18.35,0.486353,31.59,62.68971207462992,0
19.2,0.486353,31.59,62.68971207462992,0
10.02,0.486353,31.59,62.68971207462992,0
-6.73,0.486353,31.59,62.68971207462992,0
-16.57,0.487632,31.59,62.68971207462992,0
2.05,0.485074,31.59,63.631753079732135,0
-6.4,0.488911,31.59,62.68971207462992,0
-24.43,0.485074,31.59,63.0158710167526,0
4.53,0.486353,31.59,63.0158710167526,0
1.37,0.482515,31.59,62.68971207462992,0
-35.84,0.487632,31.59,63.0158710167526,0
5.9,0.482515,31.59,62.68971207462992,0
0.74,0.487632,31.59,63.0158710167526,0
-8.39,0.487632,31.59,62.68971207462992,0
3.2,0.488911,31.61,62.68971207462992,0
-14.61,0.49019,31.61,63.0158710167526,0
25.61,0.481236,31.61,62.68971207462992,0
15.01,0.487632,31.61,62.68971207462992,0
-18.95,0.485074,31.59,63.0158710167526,0
21.56,0.487632,31.59,62.68971207462992,0
14.92,0.482515,31.59,63.0158710167526,0
-31.05,0.485074,31.59,62.68971207462992,0
23.81,0.485074,31.61,62.68971207462992,0
15.26,0.483794,31.61,62.68971207462992,0
-11.31,0.486353,31.61,62.68971207462992,0
17.91,0.486353,31.61,62.68971207462992,0
17.04,0.485074,31.61,62.68971207462992,0
-1.65,0.482515,31.61,62.68971207462992,0
-22.02,0.485074,31.61,62.68971207462992,0
21.24,0.483794,31.61,62.68971207462992,0
12.21,0.485074,31.59,62.68971207462992,0
-3.75,0.478678,31.59,63.0158710167526,0
-32.98,0.483794,31.59,62.68971207462992,0
8.51,0.481236,31.59,62.68971207462992,0
8.76,0.481236,31.59,62.68971207462992,0
-7.26,0.481236,31.59,62.68971207462992,0
-15.28,0.479957,31.59,62.68971207462992,0
6.47,0.481236,31.59,62.68971207462992,0
-0.24,0.481236,31.59,62.68971207462992,0
-22.02,0.482515,31.59,62.68971207462992,0
16.15,0.479957,31.59,62.68971207462992,0
8.07,0.481236,31.59,62.68971207462992,0
-5.7,0.476119,31.59,62.68971207462992,0
-35.41,0.481236,31.59,62.68971207462992,0
13.53,0.478678,31.59,62.68971207462992,0
10.85,0.478678,31.59,62.68971207462992,0
-15.24,0.477399,31.59,62.68971207462992,0
19.54,0.478678,31.59,62.68971207462992,0
6.38,0.478678,31.59,62.68971207462992,0
-3.44,0.477399,31.59,62.68971207462992,0
-30.83,0.479957,31.61,62.68971207462992,0
4.67,0.477399,31.61,62.68971207462992,0
8.91,0.477399,31.61,62.68971207462992,0
-28.45,0.473561,31.61,62.68971207462992,0
25.38,0.479957,31.59,62.68971207462992,0
16.07,0.476119,31.59,63.0158710167526,0
-17.56,0.477399,31.59,62.68971207462992,0
20.53,0.471003,31.59,62.68971207462992,0
14.99,0.477399,31.63,63.631753079732135,0
-7.06,0.478678,31.63,62.68971207462992,0
-10.74,0.477399,31.63,62.68971207462992,0
6.35,0.477399,31.63,62.68971207462992,0
2.21,0.476119,31.61,62.80923498976882,0
-33.2,0.477399,31.61,62.68971207462992,0
10.95,0.473561,31.61,62.68971207462992,0
7.54,0.478678,31.61,62.68971207462992,0
-21.62,0.476119,31.61,62.68971207462992,0
25.74,0.481236,31.61,62.68971207462992,0
14.55,0.478678,31.61,62.68971207462992,0
-13.91,0.477399,31.61,62.68971207462992,0
10.16,0.477399,31.59,62.68971207462992,0
9.02,0.476119,31.59,62.68971207462992,0
-0.49,0.478678,31.59,62.68971207462992,0
-33.44,0.47484,31.59,62.68971207462992,0
10.04,0.476119,31.57,62.68971207462992,0
12.43,0.472282,31.57,63.631753079732135,0
-15.33,0.476119,31.57,62.68971207462992,0
23.21,0.473561,31.57,62.68971207462992,0
7.77,0.477399,31.61,62.68971207462992,0
-3.43,0.47484,31.61,62.68971207462992,0
-27.25,0.47484,31.61,62.68971207462992,0
8.88,0.47484,31.61,62.68971207462992,0
7.48,0.47484,31.59,62.68971207462992,0
-11.21,0.477399,31.59,63.631753079732135,0
24.0,0.47484,31.59,62.68971207462992,0
9.73,0.47484,31.59,62.68971207462992,0
-6.28,0.471003,31.59,62.68971207462992,0
-27.77,0.47484,31.59,62.68971207462992,0
1.92,0.471003,31.59,62.68971207462992,0
6.43,0.473561,31.59,62.68971207462992,0
-25.44,0.472282,31.59,62.68971207462992,0
25.42,0.47484,31.59,62.80923498976882,0
13.22,0.473561,31.59,62.68971207462992,0
-14.98,0.473561,31.59,62.68971207462992,0
-3.97,0.47484,31.61,62.68971207462992,0
7.65,0.472282,31.61,62.68971207462992,0
-0.06,0.467165,31.61,62.68971207462992,0
-32.39,0.469723,31.61,62.68971207462992,0
10.69,0.473561,31.59,62.68971207462992,0
10.47,0.471003,31.59,62.68971207462992,0
-23.83,0.471003,31.59,62.68971207462992,0
28.09,0.471003,31.59,62.68971207462992,0
17.5,0.472282,31.59,62.68971207462992,0
-14.11,0.467165,31.59,62.68971207462992,0
7.38,0.472282,31.59,62.68971207462992,0
18.03,0.473561,31.59,62.68971207462992,0
-3.97,0.472282,31.57,62.68971207462992,0
-30.41,0.472282,31.57,62.68971207462992,0
11.2,0.468444,31.57,62.68971207462992,0
8.75,0.471003,31.57,62.68971207462992,0
-22.34,0.469723,31.57,62.68971207462992,0
19.37,0.472282,31.57,62.68971207462992,0
14.07,0.469723,31.57,62.68971207462992,0
-13.56,0.472282,31.57,62.68971207462992,0
22.41,0.471003,31.59,62.68971207462992,0
12.94,0.473561,31.59,62.68971207462992,0
-17.86,0.473561,31.59,62.68971207462992,0
18.47,0.472282,31.59,63.953107821277925,0
11.29,0.471003,31.59,63.0158710167526,0
-26.17,0.467165,31.59,63.0158710167526,0
18.55,0.469723,31.59,63.0158710167526,0
4.42,0.467165,31.59,63.0158710167526,0
-30.27,0.469723,31.61,63.0158710167526,0
13.22,0.469723,31.61,62.68971207462992,0
2.3,0.468444,31.61,63.0158710167526,0
-27.48,0.471003,31.61,63.0158710167526,0
12.23,0.469723,31.59,63.0158710167526,0
4.93,0.469723,31.59,63.0158710167526,0
-31.24,0.467165,31.59,63.0158710167526,0
24.59,0.469723,31.59,62.68971207462992,0
10.75,0.467165,31.57,62.68971207462992,0
-13.2,0.469723,31.57,62.68971207462992,0
17.35,0.468444,31.57,63.0158710167526,0
11.48,0.468444,31.57,62.68971207462992,0
-2.49,0.469723,31.57,62.68971207462992,0
-26.68,0.468444,31.57,62.68971207462992,0
25.68,0.469723,31.57,62.68971207462992,0
15.3,0.469723,31.57,62.68971207462992,0
-8.31,0.471003,31.61,63.0158710167526,0
-33.18,0.463328,31.61,62.68971207462992,0
13.09,0.471003,31.61,62.68971207462992,0
8.55,0.465886,31.61,62.68971207462992,0
-15.27,0.467165,31.59,62.68971207462992,0
-20.54,0.467165,31.59,62.68971207462992,0
2.12,0.465886,31.59,62.80923498976882,0
-1.32,0.467165,31.59,62.68971207462992,0
-16.73,0.465886,31.59,62.68971207462992,0
17.0,0.468444,31.59,62.68971207462992,0
8.56,0.45949,31.59,62.68971207462992,0
-4.26,0.467165,31.59,62.68971207462992,0
-35.62,0.465886,31.61,62.68971207462992,0
14.14,0.464607,31.61,62.68971207462992,0
11.97,0.462048,31.61,63.0158710167526,0
-18.15,0.463328,31.61,62.68971207462992,0
19.47,0.465886,31.59,62.68971207462992,0
8.54,0.464607,31.59,63.0158710167526,0
-11.41,0.464607,31.59,62.68971207462992,0
-15.33,0.465886,31.59,62.68971207462992,0
9.0,0.465886,31.59,63.0158710167526,0
0.38,0.464607,31.59,62.68971207462992,0
-25.42,0.464607,31.59,62.68971207462992,0
8.4,0.464607,31.59,62.80923498976882,0
1.15,0.463328,31.57,62.68971207462992,0
-13.52,0.464607,31.57,62.68971207462992,0
0.63,0.458211,31.57,62.68971207462992,0
-11.68,0.464607,31.57,62.68971207462992,0
15.12,0.464607,31.59,62.68971207462992,0
3.99,0.464607,31.59,62.68971207462992,0
-18.91,0.464607,31.59,62.68971207462992,0
29.86,0.463328,31.59,62.68971207462992,0
8.9,0.464607,31.59,63.0158710167526,0
-35.63,0.464607,31.59,62.68971207462992,0
17.16,0.464607,31.59,62.68971207462992,0
4.25,0.465886,31.59,62.68971207462992,0
-22.56,0.462048,31.59,62.68971207462992,0
10.91,0.464607,31.59,62.80923498976882,0
5.0,0.455653,31.59,62.68971207462992,0
-36.2,0.462048,31.59,62.68971207462992,0
13.11,0.460769,31.61,62.68971207462992,0
14.68,0.462048,31.61,62.68971207462992,0
-19.85,0.462048,31.61,62.80923498976882,0
23.49,0.462048,31.61,62.68971207462992,0
16.01,0.465886,31.59,62.68971207462992,0
-4.45,0.463328,31.59,63.0158710167526,0
-31.62,0.463328,31.59,62.68971207462992,0
23.25,0.45949,31.59,62.68971207462992,0
15.93,0.462048,31.61,62.68971207462992,0
-8.88,0.45949,31.61,62.68971207462992,0
-26.13,0.464607,31.61,62.68971207462992,0
6.91,0.460769,31.61,62.68971207462992,0
9.47,0.460769,31.63,62.68971207462992,0
-19.8,0.462048,31.63,62.68971207462992,0
21.87,0.460769,31.63,62.68971207462992,0
6.71,0.462048,31.63,62.68971207462992,0
-1.65,0.460769,31.59,62.68971207462992,0
-32.17,0.463328,31.59,62.68971207462992,0
10.5,0.458211,31.59,62.80923498976882,0
6.78,0.462048,31.59,62.68971207462992,0
-17.72,0.460769,31.61,62.68971207462992,0
24.28,0.463328,31.61,62.68971207462992,0
14.55,0.460769,31.61,63.13477647065839,0
-15.28,0.45949,31.61,62.68971207462992,0
-0.8,0.45949,31.61,62.80923498976882,0
0.4,0.45949,31.61,62.80923498976882,0
-6.07,0.462048,31.61,63.0158710167526,0
-14.35,0.458211,31.61,62.80923498976882,0
-1.46,0.460769,31.59,62.80923498976882,0
-8.02,0.455653,31.59,63.0158710167526,0
-3.56,0.45949,31.59,62.68971207462992,0
4.87,0.451815,31.59,62.80923498976882,0
-9.61,0.45949,31.59,62.80923498976882,0
15.53,0.458211,31.59,63.13477647065839,0
7.63,0.460769,31.59,63.13477647065839,0
-12.56,0.45949,31.59,63.13477647065839,0
23.88,0.45949,31.59,62.68971207462992,0
12.7,0.460769,31.59,63.13477647065839,0
-16.15,0.456932,31.59,63.0158710167526,0
13.63,0.458211,31.59,62.80923498976882,0
12.13,0.454373,31.59,62.68971207462992,0
-8.95,0.45949,31.59,62.68971207462992,0
-11.14,0.456932,31.59,62.80923498976882,0
9.84,0.458211,31.59,62.68971207462992,0
9.73,0.456932,31.59,63.13477647065839,0
-32.85,0.456932,31.59,63.0158710167526,0
19.96,0.458211,31.59,62.68971207462992,0
18.38,0.458211,31.59,62.80923498976882,0
-18.77,0.456932,31.59,62.68971207462992,0
-4.36,0.456932,31.59,62.68971207462992,0
12.91,0.456932,31.59,62.68971207462992,0
2.62,0.453094,31.59,62.68971207462992,0
-28.48,0.458211,31.57,62.68971207462992,0
31.45,0.456932,31.57,62.80923498976882,0
16.75,0.456932,31.57,62.68971207462992,0
-2.09,0.455653,31.57,62.80923498976882,0
-40.4,0.455653,31.65,62.68971207462992,0
13.46,0.456932,31.65,62.68971207462992,0
14.99,0.455653,31.65,62.68971207462992,0
-21.0,0.456932,31.65,62.68971207462992,0
13.93,0.454373,31.55,62.68971207462992,0
13.14,0.458211,31.55,62.80923498976882,0
-4.55,0.453094,31.55,62.80923498976882,0
-40.18,0.455653,31.55,62.68971207462992,0
8.43,0.454373,31.61,62.80923498976882,0
13.46,0.454373,31.61,62.80923498976882,0
-30.8,0.455653,31.61,62.68971207462992,0
26.96,0.454373,31.61,62.68971207462992,0
11.55,0.454373,31.59,62.68971207462992,0
-14.44,0.453094,31.59,62.80923498976882,0
25.61,0.454373,31.59,62.68971207462992,0
8.71,0.451815,31.59,63.0158710167526,0
-11.62,0.454373,31.59,62.68971207462992,0
2.47,0.451815,31.59,62.80923498976882,0
11.46,0.454373,31.59,62.68971207462992,0
-1.11,0.453094,31.59,62.68971207462992,0
-26.31,0.453094,31.61,62.68971207462992,0
8.88,0.453094,31.61,62.68971207462992,0
2.56,0.446698,31.61,62.68971207462992,0
-34.39,0.454373,31.61,63.0158710167526,0
11.07,0.451815,31.59,63.0158710167526,0
9.53,0.454373,31.59,62.68971207462992,0
-29.63,0.451815,31.59,62.68971207462992,0
20.3,0.454373,31.59,62.68971207462992,0
5.43,0.449257,31.59,62.68971207462992,0
-25.04,0.455653,31.59,62.68971207462992,0
18.7,0.449257,31.59,62.68971207462992,0
12.55,0.453094,31.59,62.68971207462992,0
-34.83,0.453094,31.59,62.68971207462992,0
20.12,0.450536,31.59,63.0158710167526,0
12.24,0.451815,31.59,62.80923498976882,0
-31.39,0.453094,31.59,62.68971207462992,0
28.97,0.453094,31.61,62.68971207462992,0
12.21,0.450536,31.61,63.0158710167526,0
-25.53,0.451815,31.61,63.0158710167526,0
31.53,0.447978,31.61,62.80923498976882,0
17.73,0.451815,31.59,62.80923498976882,0
-18.2,0.451815,31.59,62.68971207462992,0
4.63,0.453094,31.59,62.68971207462992,0
13.56,0.450536,31.59,62.68971207462992,0
10.34,0.453094,31.57,62.80923498976882,0
-28.6,0.44414,31.57,62.80923498976882,0
26.2,0.451815,31.57,62.68971207462992,0
21.48,0.453094,31.57,62.68971207462992,0
-5.78,0.450536,31.59,62.68971207462992,0
-37.02,0.450536,31.59,62.68971207462992,0
23.16,0.447978,31.59,62.80923498976882,0
18.6,0.450536,31.59,62.68971207462992,0
-12.5,0.449257,31.59,62.80923498976882,0
-36.47,0.453094,31.59,62.68971207462992,0
7.86,0.449257,31.59,62.68971207462992,0
9.08,0.450536,31.59,62.68971207462992,0
-18.79,0.449257,31.59,62.68971207462992,0
15.94,0.450536,31.59,62.68971207462992,0
11.4,0.450536,31.59,62.68971207462992,0
-4.23,0.451815,31.59,62.80923498976882,0
-39.92,0.44414,31.59,62.68971207462992,0
13.24,0.446698,31.59,62.68971207462992,0
11.1,0.449257,31.59,62.80923498976882,0
-25.49,0.449257,31.59,62.80923498976882,0
27.96,0.449257,31.59,62.80923498976882,0
10.58,0.450536,31.59,63.0158710167526,0
-16.57,0.449257,31.59,63.0158710167526,0
1.6,0.449257,31.59,62.80923498976882,0
11.19,0.449257,31.57,63.0158710167526,0
-6.57,0.449257,31.57,62.68971207462992,0
-19.94,0.449257,31.57,62.68971207462992,0
6.08,0.447978,31.57,63.0158710167526,0
-0.81,0.446698,31.59,62.68971207462992,0
-27.45,0.447978,31.59,62.80923498976882,0
2.85,0.449257,31.59,63.0158710167526,0
-0.44,0.447978,31.59,63.0158710167526,0
-28.25,0.449257,31.59,62.80923498976882,0
-0.46,0.441582,31.59,63.0158710167526,0
-7.55,0.449257,31.59,63.0158710167526,0
-2.99,0.447978,31.59,62.80923498976882,0
8.74,0.449257,31.61,62.80923498976882,0
-14.78,0.449257,31.61,63.13477647065839,0
15.71,0.449257,31.61,62.68971207462992,0
14.91,0.44414,31.61,62.80923498976882,0
-11.51,0.447978,31.59,63.0158710167526,0
14.91,0.446698,31.59,62.68971207462992,0
19.01,0.445419,31.59,62.68971207462992,0
-8.77,0.446698,31.59,62.68971207462992,0
-1.46,0.445419,31.57,62.68971207462992,0
14.05,0.447978,31.57,62.68971207462992,0
2.64,0.445419,31.57,62.80923498976882,0
-37.0,0.446698,31.57,63.0158710167526,0
19.86,0.446698,31.57,62.68971207462992,0
20.05,0.449257,31.57,62.80923498976882,0
-20.03,0.44414,31.57,62.80923498976882,0
-8.51,0.445419,31.57,62.68971207462992,0
13.29,0.445419,31.61,62.80923498976882,0
-0.3,0.44414,31.61,62.68971207462992,0
-21.51,0.44414,31.61,63.0158710167526,0
26.41,0.442861,31.61,62.68971207462992,0
18.37,0.44414,31.57,62.68971207462992,0
-5.93,0.445419,31.57,62.68971207462992,0
-37.36,0.436465,31.57,62.80923498976882,0
15.96,0.437744,31.57,62.80923498976882,0
12.14,0.445419,31.59,62.68971207462992,0
-15.62,0.44414,31.59,62.80923498976882,0
-1.66,0.44414,31.59,62.68971207462992,0
4.38,0.442861,31.59,62.80923498976882,0
5.04,0.44414,31.59,63.0158710167526,0
-27.09,0.44414,31.59,63.0158710167526,0
25.45,0.44414,31.59,62.68971207462992,0
18.39,0.442861,31.59,62.68971207462992,0
-10.68,0.442861,31.57,62.68971207462992,0
-18.77,0.446698,31.57,63.0158710167526,0
5.13,0.442861,31.57,63.0158710167526,0
0.88,0.445419,31.57,62.68971207462992,0
-40.31,0.439023,31.59,63.13477647065839,0
15.0,0.445419,31.59,62.68971207462992,0
5.16,0.441582,31.59,62.68971207462992,0
-35.62,0.44414,31.59,63.0158710167526,0
15.09,0.44414,31.59,62.68971207462992,0
12.61,0.445419,31.59,62.68971207462992,0
-40.26,0.445419,31.59,62.68971207462992,0
23.94,0.442861,31.59,62.80923498976882,0
14.11,0.445419,31.59,62.68971207462992,0
-36.73,0.44414,31.59,62.68971207462992,0
30.51,0.442861,31.59,62.80923498976882,0
24.05,0.440302,31.59,63.0158710167526,0
-22.38,0.442861,31.59,62.68971207462992,0
32.65,0.442861,31.59,62.68971207462992,0
28.25,0.44414,31.59,62.68971207462992,0
-5.07,0.442861,31.59,62.68971207462992,0
-38.21,0.442861,31.57,62.68971207462992,0
12.72,0.441582,31.57,62.68971207462992,0
16.34,0.442861,31.57,62.68971207462992,0
-23.65,0.44414,31.57,62.80923498976882,0
19.57,0.442861,31.59,62.68971207462992,0
14.79,0.441582,31.59,62.68971207462992,0
-3.17,0.440302,31.59,63.0158710167526,0
-37.5,0.441582,31.59,62.68971207462992,0
23.78,0.440302,31.61,62.80923498976882,0
15.15,0.442861,31.61,62.68971207462992,0
-14.88,0.441582,31.61,62.68971207462992,0
-6.77,0.442861,31.61,62.80923498976882,0
6.67,0.440302,31.59,62.68971207462992,0
-1.17,0.442861,31.59,62.80923498976882,0
-33.79,0.44414,31.59,62.80923498976882,0
26.69,0.442861,31.59,62.68971207462992,0
14.62,0.441582,31.59,63.0158710167526,0
-19.41,0.44414,31.59,62.68971207462992,0
11.54,0.442861,31.59,62.80923498976882,0
8.42,0.441582,31.59,63.0158710167526,0
-4.5,0.442861,31.57,62.80923498976882,0
-27.99,0.441582,31.57,62.68971207462992,0
8.81,0.440302,31.57,62.80923498976882,0
4.09,0.441582,31.57,62.80923498976882,0
-27.16,0.442861,31.59,62.80923498976882,0
28.07,0.442861,31.59,62.68971207462992,0
14.92,0.442861,31.59,62.68971207462992,0
-15.44,0.441582,31.59,62.68971207462992,0
5.23,0.440302,31.61,62.68971207462992,0
9.08,0.440302,31.61,62.68971207462992,0
1.64,0.441582,31.61,62.68971207462992,0
-37.81,0.435186,31.61,62.68971207462992,0
10.53,0.441582,31.59,62.80923498976882,0
14.62,0.442861,31.59,62.80923498976882,0
-23.82,0.440302,31.59,63.0158710167526,0
25.53,0.441582,31.59,62.80923498976882,0
14.04,0.440302,31.59,63.13477647065839,0
-18.63,0.440302,31.59,63.13477647065839,0
17.12,0.440302,31.59,62.80923498976882,0
12.1,0.441582,31.59,62.80923498976882,0
-14.95,0.440302,31.59,63.13477647065839,0
9.74,0.441582,31.59,62.80923498976882,0
8.69,0.439023,31.59,63.0158710167526,0
-9.91,0.440302,31.59,63.0158710167526,0
-0.42,0.440302,31.59,63.13477647065839,0
11.2,0.441582,31.59,63.0158710167526,0
-4.37,0.439023,31.59,63.0158710167526,0
-15.16,0.440302,31.59,63.0158710167526,0
12.79,0.441582,31.57,63.0158710167526,0
-2.35,0.440302,31.57,63.0158710167526,0
-33.0,0.431348,31.57,63.0158710167526,0
11.17,0.437744,31.57,63.0158710167526,0
14.73,0.439023,31.63,63.13477647065839,0
-33.71,0.439023,31.63,63.13477647065839,0
31.32,0.439023,31.63,63.0158710167526,0
17.65,0.440302,31.63,63.0158710167526,0
-21.76,0.439023,31.61,63.0158710167526,0
21.15,0.439023,31.61,63.0158710167526,0
13.16,0.440302,31.61,63.0158710167526,0
-9.91,0.439023,31.61,62.68971207462992,0
-31.01,0.437744,31.61,62.68971207462992,0
13.13,0.437744,31.61,63.0158710167526,0
9.01,0.437744,31.61,63.0158710167526,0
-26.66,0.436465,31.61,63.0158710167526,0
23.54,0.437744,31.59,62.68971207462992,0
15.44,0.439023,31.59,63.0158710167526,0
-13.09,0.437744,31.59,62.68971207462992,0
-28.97,0.437744,31.59,62.68971207462992,0
9.16,0.437744,31.61,63.0158710167526,0
2.41,0.436465,31.61,63.0158710167526,0
-25.98,0.437744,31.61,62.68971207462992,0
24.86,0.436465,31.61,62.68971207462992,0
13.11,0.435186,31.59,62.68971207462992,0
-15.52,0.436465,31.59,62.68971207462992,0
-20.29,0.436465,31.59,62.68971207462992,0
6.29,0.436465,31.59,62.68971207462992,0
0.06,0.433907,31.57,62.80923498976882,0
-31.36,0.436465,31.57,62.68971207462992,0
22.33,0.436465,31.57,62.68971207462992,0
23.24,0.436465,31.57,62.68971207462992,0
-24.16,0.437744,31.59,62.68971207462992,0
13.32,0.439023,31.59,62.68971207462992,0
12.49,0.436465,31.59,62.68971207462992,0
-5.82,0.433907,31.59,62.80923498976882,0
-39.73,0.435186,31.59,62.68971207462992,0
13.83,0.436465,31.59,62.80923498976882,0
8.53,0.436465,31.59,62.68971207462992,0
-29.31,0.436465,31.59,62.68971207462992,0
25.75,0.436465,31.59,63.0158710167526,0
18.35,0.436465,31.59,62.68971207462992,0
-20.93,0.436465,31.59,63.0158710167526,0
30.46,0.436465,31.59,62.80923498976882,0
16.08,0.435186,31.59,62.68971207462992,0
-19.5,0.433907,31.59,62.80923498976882,0
22.67,0.432627,31.59,62.80923498976882,0
12.0,0.433907,31.59,62.68971207462992,0
-20.3,0.42879,31.59,62.68971207462992,0
30.72,0.437744,31.59,62.68971207462992,0
13.78,0.436465,31.59,62.68971207462992,0
-21.61,0.435186,31.59,62.80923498976882,0
28.25,0.435186,31.61,62.80923498976882,0
24.07,0.436465,31.61,62.68971207462992,0
-12.43,0.435186,31.61,62.80923498976882,0
8.2,0.435186,31.61,62.68971207462992,0
22.41,0.432627,31.59,62.80923498976882,0
1.34,0.433907,31.59,63.0158710167526,0
-31.15,0.432627,31.59,62.68971207462992,0
25.2,0.433907,31.59,62.68971207462992,0
22.08,0.433907,31.57,62.68971207462992,0
-10.97,0.433907,31.57,62.68971207462992,0
-33.71,0.435186,31.57,62.68971207462992,0
9.06,0.435186,31.57,62.68971207462992,0
9.99,0.435186,31.61,62.68971207462992,0
-16.8,0.435186,31.61,62.80923498976882,0
7.95,0.435186,31.61,62.68971207462992,0
8.75,0.433907,31.61,62.68971207462992,0
-3.65,0.432627,31.57,63.0158710167526,0
-27.09,0.432627,31.57,62.68971207462992,0
21.17,0.432627,31.57,62.68971207462992,0
13.25,0.432627,31.57,62.80923498976882,0
-12.03,0.432627,31.57,62.80923498976882,0
-27.94,0.432627,31.57,62.68971207462992,0
4.94,0.432627,31.57,62.68971207462992,0
4.88,0.432627,31.57,63.13477647065839,0
-20.73,0.433907,31.61,62.80923498976882,0
24.1,0.433907,31.61,62.80923498976882,0
10.65,0.432627,31.61,63.0158710167526,0
-12.22,0.431348,31.61,62.68971207462992,0
-5.97,0.432627,31.59,62.68971207462992,0
8.98,0.432627,31.59,62.68971207462992,0
-0.67,0.426232,31.59,63.0158710167526,0
-32.44,0.431348,31.59,62.68971207462992,0
7.99,0.432627,31.57,62.80923498976882,0
5.44,0.431348,31.57,62.80923498976882,0
-28.99,0.432627,31.57,62.68971207462992,0
20.25,0.431348,31.57,62.80923498976882,0
9.52,0.432627,31.59,62.80923498976882,0
-25.54,0.431348,31.59,62.80923498976882,0
27.72,0.430069,31.59,62.80923498976882,0
12.88,0.430069,31.59,62.80923498976882,0
-20.28,0.431348,31.59,63.13477647065839,0
21.45,0.424952,31.59,62.80923498976882,0
14.71,0.431348,31.59,62.80923498976882,0
-27.71,0.431348,31.59,62.68971207462992,0
25.27,0.430069,31.61,63.0158710167526,0
8.54,0.431348,31.61,62.80923498976882,0
-29.97,0.431348,31.61,62.68971207462992,0
24.61,0.430069,31.61,62.80923498976882,0
14.77,0.42879,31.59,62.80923498976882,0
-30.9,0.42879,31.59,62.80923498976882,0
26.02,0.430069,31.59,62.80923498976882,0
20.17,0.430069,31.59,62.68971207462992,0
-17.37,0.432627,31.61,62.68971207462992,0
24.9,0.430069,31.61,62.68971207462992,0
22.38,0.430069,31.61,62.80923498976882,0
-3.27,0.430069,31.61,62.80923498976882,0
-39.4,0.430069,31.59,62.68971207462992,0
14.49,0.42879,31.59,62.80923498976882,0
13.9,0.430069,31.59,62.68971207462992,0
-18.89,0.427511,31.59,62.68971207462992,0
22.5,0.427511,31.59,62.80923498976882,0
11.04,0.42879,31.59,62.80923498976882,0
-6.79,0.42879,31.59,62.80923498976882,0
-33.08,0.42879,31.59,62.68971207462992,0
10.02,0.42879,31.59,62.80923498976882,0
5.54,0.42879,31.59,63.13477647065839,0
-16.93,0.427511,31.59,63.0158710167526,0
21.32,0.42879,31.59,62.80923498976882,0
5.43,0.430069,31.59,62.80923498976882,0
-6.66,0.427511,31.59,62.68971207462992,0
-22.96,0.426232,31.59,62.68971207462992,0
4.66,0.426232,31.59,62.80923498976882,0
-0.36,0.426232,31.61,62.80923498976882,0
-23.35,0.427511,31.61,63.13477647065839,0
21.55,0.427511,31.61,62.80923498976882,0
10.42,0.427511,31.61,62.80923498976882,0
-18.0,0.427511,31.61,63.13477647065839,0
20.13,0.430069,31.61,62.80923498976882,0
12.56,0.427511,31.61,62.80923498976882,0
-17.47,0.42879,31.61,63.13477647065839,0
10.43,0.426232,31.61,62.80923498976882,0
5.58,0.427511,31.61,62.80923498976882,0
-13.11,0.424952,31.61,62.68971207462992,0
10.44,0.424952,31.61,62.80923498976882,0
4.08,0.426232,31.61,63.0158710167526,0
-13.94,0.426232,31.61,63.13477647065839,0
10.19,0.426232,31.61,62.80923498976882,0
17.08,0.426232,31.61,63.0158710167526,0
-11.65,0.426232,31.59,62.68971207462992,0
0.15,0.423673,31.59,63.0158710167526,0
19.09,0.426232,31.59,62.68971207462992,0
-1.19,0.424952,31.59,62.80923498976882,0
-30.84,0.426232,31.59,62.68971207462992,0
14.88,0.422394,31.59,62.68971207462992,0
8.55,0.424952,31.59,62.80923498976882,0
-30.85,0.423673,31.59,63.13477647065839,0
31.1,0.427511,31.59,62.80923498976882,0
18.39,0.419836,31.59,62.68971207462992,0
-15.25,0.426232,31.59,62.68971207462992,0
9.17,0.424952,31.59,62.68971207462992,0
12.25,0.426232,31.61,62.68971207462992,0
-1.06,0.42879,31.61,62.80923498976882,0
-37.85,0.424952,31.61,62.68971207462992,0
12.61,0.426232,31.61,63.13477647065839,0
11.69,0.422394,31.59,62.80923498976882,0
-23.0,0.427511,31.59,62.80923498976882,0
20.36,0.424952,31.59,62.80923498976882,0
10.64,0.426232,31.59,62.80923498976882,0
-17.78,0.424952,31.59,62.68971207462992,0
20.6,0.427511,31.59,62.80923498976882,0
6.26,0.418557,31.59,62.80923498976882,0
-23.32,0.424952,31.59,62.68971207462992,0
22.01,0.424952,31.59,62.68971207462992,0
12.87,0.426232,31.59,62.68971207462992,0
-25.5,0.423673,31.59,62.68971207462992,0
24.83,0.423673,31.59,62.68971207462992,0
18.6,0.423673,31.59,63.13477647065839,0
-21.73,0.424952,31.59,62.68971207462992,0
26.4,0.424952,31.59,62.68971207462992,0
19.4,0.424952,31.59,62.68971207462992,0
-9.8,0.417277,31.61,62.80923498976882,0
-11.09,0.426232,31.61,62.80923498976882,0
17.8,0.424952,31.61,62.68971207462992,0
5.0,0.426232,31.61,63.0158710167526,0
-24.09,0.424952,31.61,62.68971207462992,0
22.03,0.422394,31.61,62.80923498976882,0
23.78,0.422394,31.61,62.68971207462992,0
-9.79,0.424952,31.61,62.80923498976882,0
-28.65,0.423673,31.59,62.68971207462992,0
6.04,0.423673,31.59,62.80923498976882,0
8.03,0.423673,31.59,62.68971207462992,0
-19.02,0.423673,31.59,62.68971207462992,0
19.4,0.423673,31.61,62.68971207462992,0
14.02,0.422394,31.61,62.68971207462992,0
-2.59,0.423673,31.61,62.80923498976882,0
-35.98,0.421115,31.61,63.0158710167526,0
6.8,0.422394,31.59,63.13477647065839,0
12.29,0.419836,31.59,62.80923498976882,0
-25.98,0.422394,31.59,63.0158710167526,0
21.97,0.414719,31.59,63.13477647065839,0
9.62,0.422394,31.57,62.68971207462992,0
-19.34,0.421115,31.57,63.13477647065839,0
23.69,0.422394,31.57,63.0158710167526,0
9.55,0.421115,31.57,63.13477647065839,0
-20.85,0.422394,31.59,63.13477647065839,0
24.9,0.423673,31.59,63.13477647065839,0
19.45,0.422394,31.59,63.13477647065839,0
-25.37,0.421115,31.59,63.13477647065839,0
27.74,0.418557,31.59,63.0158710167526,0
16.44,0.421115,31.59,63.0158710167526,0
-28.52,0.419836,31.59,63.0158710167526,0
18.91,0.422394,31.59,63.0158710167526,0
6.85,0.419836,31.59,63.13477647065839,0
-34.27,0.421115,31.59,63.13477647065839,0
12.92,0.421115,31.59,63.0158710167526,0
9.27,0.422394,31.59,63.0158710167526,0
-31.07,0.421115,31.61,63.0158710167526,0
12.99,0.421115,31.61,63.13477647065839,0
7.36,0.418557,31.61,63.13477647065839,0
-29.47,0.419836,31.61,63.0158710167526,0
20.91,0.421115,31.61,63.0158710167526,0
13.87,0.421115,31.61,63.0158710167526,0
-16.4,0.421115,31.61,63.0158710167526,0
23.08,0.422394,31.61,63.0158710167526,0
7.83,0.422394,31.59,63.0158710167526,0
-10.31,0.422394,31.59,62.80923498976882,0
-26.24,0.422394,31.59,63.13477647065839,0
7.91,0.421115,31.59,63.0158710167526,0
5.25,0.421115,31.59,63.0158710167526,0
-24.28,0.419836,31.59,62.68971207462992,0
27.62,0.418557,31.59,62.68971207462992,0
10.4,0.418557,31.59,63.13477647065839,0
-5.92,0.419836,31.59,62.80923498976882,0
-33.03,0.419836,31.59,62.68971207462992,0
8.35,0.419836,31.59,62.80923498976882,0
10.57,0.419836,31.59,63.13477647065839,0
-25.92,0.421115,31.61,62.80923498976882,0
30.67,0.422394,31.61,62.68971207462992,0
12.44,0.421115,31.61,62.68971207462992,0
-19.64,0.418557,31.61,62.68971207462992,0
0.2,0.419836,31.59,62.68971207462992,0
11.17,0.412161,31.59,63.13477647065839,0
-5.04,0.419836,31.59,62.80923498976882,0
-37.29,0.419836,31.59,62.80923498976882,0
15.05,0.419836,31.59,62.68971207462992,0
10.06,0.419836,31.59,63.13477647065839,0
-25.85,0.418557,31.59,63.13477647065839,0
28.01,0.421115,31.59,62.80923498976882,0
17.39,0.419836,31.59,62.68971207462992,0
-19.31,0.422394,31.59,62.68971207462992,0
9.72,0.41344,31.59,62.80923498976882,0
7.47,0.419836,31.59,62.68971207462992,0
-2.52,0.415998,31.59,62.80923498976882,0
-37.21,0.421115,31.59,62.68971207462992,0
14.02,0.417277,31.59,62.68971207462992,0
10.83,0.419836,31.59,62.49799996799898,0
-21.79,0.419836,31.59,63.0158710167526,0
22.59,0.421115,31.59,62.68971207462992,0
19.26,0.419836,31.59,63.631753079732135,0
-10.43,0.418557,31.59,62.80923498976882,0
-25.38,0.421115,31.61,62.68971207462992,0
20.3,0.419836,31.61,62.68971207462992,0
-1.43,0.419836,31.61,62.68971207462992,0
-44.76,0.415998,31.61,62.68971207462992,0
14.35,0.417277,31.61,63.0158710167526,0
8.07,0.415998,31.61,62.68971207462992,0
-42.92,0.418557,31.61,62.68971207462992,0
17.59,0.415998,31.61,63.0158710167526,0
1.57,0.417277,31.61,62.68971207462992,0
-25.66,0.417277,31.61,62.68971207462992,0
4.99,0.418557,31.61,62.68971207462992,0
2.8,0.419836,31.61,62.68971207462992,0
-28.2,0.418557,31.61,62.68971207462992,0
14.55,0.417277,31.61,62.80923498976882,0
1.53,0.415998,31.61,62.80923498976882,0
-38.95,0.417277,31.61,63.0158710167526,0
13.19,0.415998,31.61,63.0158710167526,0
10.73,0.418557,31.61,62.80923498976882,0
-26.84,0.417277,31.61,63.0158710167526,0
29.96,0.417277,31.61,63.0158710167526,0
11.31,0.417277,31.59,62.80923498976882,0
-18.82,0.418557,31.59,63.13477647065839,0
25.45,0.417277,31.59,62.68971207462992,0
14.86,0.418557,31.59,63.0158710167526,0
-19.76,0.415998,31.59,63.13477647065839,0
6.18,0.415998,31.59,62.68971207462992,0
3.59,0.415998,31.59,62.68971207462992,0
-6.13,0.417277,31.59,62.68971207462992,0
-28.06,0.417277,31.59,62.80923498976882,0
4.05,0.417277,31.59,62.68971207462992,0
4.28,0.415998,31.59,62.80923498976882,0
-35.32,0.417277,31.59,62.68971207462992,0
26.11,0.418557,31.59,62.68971207462992,0
15.44,0.418557,31.59,62.68971207462992,0
-19.43,0.418557,31.59,63.0158710167526,0
16.45,0.418557,31.59,62.68971207462992,0
14.18,0.417277,31.59,62.68971207462992,0
-5.1,0.417277,31.59,62.80923498976882,0
-40.48,0.418557,31.59,62.68971207462992,0
23.77,0.417277,31.59,62.80923498976882,0
19.46,0.418557,31.61,62.68971207462992,0
-21.82,0.418557,31.61,63.0158710167526,0
1.37,0.418557,31.61,62.68971207462992,0
11.33,0.417277,31.61,62.68971207462992,0
-2.84,0.418557,31.61,62.80923498976882,0
-34.95,0.418557,31.61,62.68971207462992,0
21.8,0.415998,31.61,62.68971207462992,0
17.58,0.414719,31.61,62.68971207462992,0
-23.7,0.417277,31.59,63.0158710167526,0
14.34,0.415998,31.59,62.68971207462992,0
9.8,0.414719,31.59,62.68971207462992,0
-7.63,0.417277,31.59,62.68971207462992,0
-31.04,0.415998,31.59,62.68971207462992,0
11.53,0.417277,31.59,63.0158710167526,0
7.69,0.417277,31.59,62.80923498976882,0
-33.91,0.418557,31.59,62.68971207462992,0
22.23,0.417277,31.57,62.68971207462992,0
15.24,0.417277,31.57,62.80923498976882,0
-24.11,0.414719,31.57,62.80923498976882,0
31.97,0.417277,31.57,62.68971207462992,0
18.87,0.414719,31.59,62.80923498976882,0
-22.81,0.415998,31.59,62.80923498976882,0
20.73,0.415998,31.59,62.68971207462992,0
20.0,0.415998,31.59,63.0158710167526,0
-13.39,0.417277,31.57,62.68971207462992,0
-1.04,0.415998,31.57,62.68971207462992,0
15.78,0.417277,31.57,63.0158710167526,0
-5.91,0.415998,31.57,62.68971207462992,0
-9.21,0.417277,31.61,62.80923498976882,0
4.91,0.414719,31.61,62.80923498976882,0
-6.15,0.410881,31.61,63.13477647065839,0
-10.79,0.414719,31.61,63.13477647065839,0
3.68,0.415998,31.59,62.80923498976882,0
-11.15,0.415998,31.59,62.68971207462992,0
7.33,0.415998,31.59,62.80923498976882,0
5.55,0.414719,31.59,62.80923498976882,0
-15.47,0.41344,31.59,63.0158710167526,0
16.24,0.415998,31.59,63.13477647065839,0
13.51,0.414719,31.59,62.68971207462992,0
-10.79,0.414719,31.59,62.68971207462992,0
-6.16,0.412161,31.61,63.0158710167526,0
16.5,0.415998,31.61,62.68971207462992,0
2.3,0.412161,31.61,63.13477647065839,0
-39.91,0.41344,31.61,62.68971207462992,0
25.8,0.412161,31.59,62.68971207462992,0
21.85,0.415998,31.59,62.68971207462992,0
-14.24,0.41344,31.59,62.80923498976882,0
-29.47,0.414719,31.59,62.68971207462992,0
14.84,0.415998,31.59,62.68971207462992,0
10.07,0.414719,31.59,62.68971207462992,0
-25.06,0.41344,31.59,62.80923498976882,0
16.68,0.410881,31.59,63.0158710167526,0
15.13,0.414719,31.61,62.68971207462992,0
-2.07,0.412161,31.61,62.80923498976882,0
-27.55,0.41344,31.61,62.80923498976882,0
27.08,0.41344,31.61,62.68971207462992,0
17.27,0.41344,31.59,62.68971207462992,0
-17.04,0.41344,31.59,62.68971207462992,0
-11.75,0.414719,31.59,62.68971207462992,0
7.96,0.414719,31.59,62.68971207462992,0
-1.71,0.414719,31.59,62.80923498976882,0
-32.34,0.41344,31.59,62.68971207462992,0
23.21,0.41344,31.59,62.68971207462992,0
17.22,0.41344,31.59,62.80923498976882,0
-21.78,0.41344,31.59,62.68971207462992,0
18.18,0.412161,31.59,62.68971207462992,0
16.17,0.41344,31.59,62.68971207462992,0
-16.47,0.414719,31.59,62.68971207462992,0
2.59,0.41344,31.59,62.68971207462992,0
7.32,0.41344,31.59,62.68971207462992,0
-6.8,0.414719,31.59,62.68971207462992,0
-6.04,0.41344,31.59,62.80923498976882,0
2.46,0.412161,31.59,63.0158710167526,0
-10.46,0.409602,31.59,62.68971207462992,0
-13.31,0.410881,31.59,62.68971207462992,0
8.01,0.412161,31.59,62.68971207462992,0
-3.77,0.412161,31.59,62.68971207462992,0
-28.16,0.415998,31.59,62.80923498976882,0
16.43,0.41344,31.59,62.68971207462992,0
4.62,0.415998,31.59,62.68971207462992,0
-48.43,0.412161,31.61,62.68971207462992,0
24.32,0.415998,31.61,62.68971207462992,0
11.34,0.407044,31.61,63.0158710167526,0
-24.81,0.41344,31.61,62.68971207462992,0
29.4,0.410881,31.59,62.68971207462992,0
24.05,0.412161,31.59,62.68971207462992,0
-10.38,0.412161,31.59,62.80923498976882,0
-34.56,0.41344,31.59,62.68971207462992,0
12.97,0.412161,31.61,63.0158710167526,0
10.69,0.410881,31.61,62.80923498976882,0
-24.44,0.412161,31.61,63.0158710167526,0
27.17,0.412161,31.61,62.68971207462992,0
18.48,0.415998,31.59,63.0158710167526,0
-15.38,0.41344,31.59,63.0158710167526,0
-2.14,0.412161,31.59,63.13477647065839,0
6.19,0.403206,31.59,63.13477647065839,0
-13.75,0.412161,31.57,63.0158710167526,0
-10.74,0.410881,31.57,63.0158710167526,0
3.46,0.409602,31.57,63.0158710167526,0
-13.57,0.410881,31.57,63.0158710167526,0
4.33,0.412161,31.61,63.0158710167526,0
8.93,0.410881,31.61,63.0158710167526,0
-16.72,0.412161,31.61,63.0158710167526,0
31.0,0.412161,31.61,62.68971207462992,0
10.79,0.409602,31.59,63.0158710167526,0
-23.52,0.412161,31.59,63.0158710167526,0
29.26,0.408323,31.59,63.0158710167526,0
16.47,0.412161,31.59,63.0158710167526,0
-33.95,0.409602,31.57,63.0158710167526,0
27.27,0.41344,31.57,63.0158710167526,0
11.37,0.400648,31.57,63.0158710167526,0
-31.67,0.410881,31.57,63.0158710167526,0
30.19,0.410881,31.59,62.68971207462992,0
14.89,0.409602,31.59,62.80923498976882,0
-21.11,0.412161,31.59,63.0158710167526,0
34.36,0.41344,31.59,63.0158710167526,0
19.34,0.410881,31.59,62.68971207462992,0
-18.64,0.407044,31.59,62.68971207462992,0
4.03,0.410881,31.59,62.68971207462992,0
8.26,0.409602,31.59,63.0158710167526,0
-4.03,0.41344,31.59,63.13477647065839,0
-39.15,0.412161,31.59,62.68971207462992,0
19.7,0.410881,31.59,62.68971207462992,0
10.54,0.408323,31.59,63.0158710167526,0
-26.71,0.412161,31.61,63.0158710167526,0
25.29,0.405765,31.61,62.68971207462992,0
12.61,0.410881,31.61,62.68971207462992,0
-14.25,0.412161,31.61,62.68971207462992,0
-19.87,0.408323,31.59,62.68971207462992,0
4.4,0.410881,31.59,63.0158710167526,0
3.61,0.408323,31.59,62.68971207462992,0
-45.93,0.409602,31.59,62.68971207462992,0
24.69,0.409602,31.61,62.68971207462992,0
16.79,0.410881,31.61,62.80923498976882,0
-28.4,0.408323,31.61,62.68971207462992,0
33.4,0.412161,31.61,62.68971207462992,0
16.81,0.412161,31.61,62.68971207462992,0
-18.74,0.41344,31.61,62.68971207462992,0
-7.16,0.410881,31.61,62.68971207462992,0
13.38,0.410881,31.61,62.68971207462992,0
-1.7,0.410881,31.59,63.0158710167526,0
-43.3,0.412161,31.59,62.68971207462992,0
16.31,0.404486,31.59,63.0158710167526,0
13.59,0.410881,31.59,62.68971207462992,0
-32.83,0.409602,31.59,63.0158710167526,0
25.61,0.408323,31.59,63.0158710167526,0
10.87,0.410881,31.59,62.68971207462992,0
-36.47,0.409602,31.59,63.0158710167526,0
26.75,0.409602,31.59,63.0158710167526,0
11.68,0.409602,31.59,63.0158710167526,0
-43.08,0.407044,31.59,62.68971207462992,0
19.73,0.409602,31.59,63.0158710167526,0
7.02,0.408323,31.61,63.0158710167526,0
-38.4,0.409602,31.61,62.80923498976882,0
14.76,0.408323,31.61,62.68971207462992,0
-4.98,0.407044,31.61,62.68971207462992,0
-24.58,0.408323,31.59,63.0158710167526,0
17.01,0.400648,31.59,62.68971207462992,0
4.57,0.408323,31.59,62.80923498976882,0
-49.78,0.407044,31.59,62.68971207462992,0
22.72,0.405765,31.61,63.0158710167526,0
17.69,0.407044,31.61,62.68971207462992,0
-29.41,0.405765,31.61,62.68971207462992,0
31.48,0.405765,31.61,62.68971207462992,0
22.17,0.407044,31.59,63.0158710167526,0
-4.17,0.408323,31.59,62.80923498976882,0
-45.29,0.407044,31.59,63.0158710167526,0
20.99,0.408323,31.59,62.68971207462992,0
18.85,0.405765,31.61,63.0158710167526,0
-17.9,0.410881,31.61,63.0158710167526,0
4.82,0.407044,31.61,62.68971207462992,0
2.8,0.407044,31.61,63.0158710167526,0
-2.5,0.404486,31.59,63.0158710167526,0
-37.08,0.409602,31.59,62.68971207462992,0
3.49,0.407044,31.59,63.0158710167526,0
2.69,0.408323,31.59,63.0158710167526,0
-39.68,0.405765,31.59,62.68971207462992,0
7.89,0.405765,31.59,63.0158710167526,0
-1.05,0.407044,31.59,63.0158710167526,0
-37.1,0.405765,31.59,62.68971207462992,0
10.03,0.405765,31.61,62.68971207462992,0
6.07,0.404486,31.61,62.68971207462992,0
-34.36,0.404486,31.61,63.0158710167526,0
14.03,0.401927,31.61,63.0158710167526,0
3.0,0.407044,31.61,62.68971207462992,0
-46.68,0.403206,31.61,62.68971207462992,0
23.83,0.405765,31.61,62.68971207462992,0
13.13,0.404486,31.61,62.68971207462992,0
-30.62,0.405765,31.59,62.80923498976882,0
34.21,0.404486,31.59,62.68971207462992,0
21.83,0.400648,31.59,62.68971207462992,0
-16.97,0.408323,31.59,62.68971207462992,0
-0.64,0.405765,31.61,62.68971207462992,0
12.77,0.408323,31.61,63.0158710167526,0
0.22,0.404486,31.61,62.68971207462992,0
-43.1,0.405765,31.61,62.68971207462992,0
17.61,0.404486,31.61,62.68971207462992,0
10.6,0.407044,31.61,63.13477647065839,0
-23.87,0.403206,31.61,62.68971207462992,0
29.01,0.407044,31.61,62.68971207462992,0
16.04,0.405765,31.63,62.68971207462992,0
-12.06,0.408323,31.63,62.68971207462992,0
-15.16,0.407044,31.63,63.0158710167526,0
11.8,0.405765,31.63,63.0158710167526,0
1.68,0.405765,31.63,62.68971207462992,0
-49.24,0.404486,31.63,62.68971207462992,0
21.48,0.405765,31.63,62.68971207462992,0
11.34,0.404486,31.63,62.68971207462992,0
-29.88,0.405765,31.65,63.0158710167526,0
29.41,0.403206,31.65,62.68971207462992,0
19.44,0.404486,31.65,62.68971207462992,0
-20.01,0.403206,31.65,63.13477647065839,0
21.31,0.404486,31.63,62.68971207462992,0
10.88,0.404486,31.63,63.0158710167526,0
-16.34,0.405765,31.63,62.68971207462992,0
-6.12,0.404486,31.63,62.68971207462992,0
17.33,0.403206,31.59,62.68971207462992,0
-6.26,0.407044,31.59,62.68971207462992,0
-43.08,0.403206,31.59,62.68971207462992,0
18.53,0.404486,31.59,62.68971207462992,0
11.02,0.404486,31.59,63.0158710167526,0
-29.72,0.404486,31.59,63.0158710167526,0
34.02,0.404486,31.59,62.68971207462992,0
27.09,0.404486,31.59,62.68971207462992,0
-19.17,0.404486,31.61,62.68971207462992,0
-21.47,0.404486,31.61,62.68971207462992,0
16.32,0.403206,31.61,62.68971207462992,0
3.8,0.401927,31.61,62.68971207462992,0
-33.4,0.403206,31.61,63.0158710167526,0
35.03,0.404486,31.61,62.80923498976882,0
21.46,0.404486,31.61,62.68971207462992,0
-22.3,0.403206,31.61,62.68971207462992,0
-8.18,0.403206,31.61,63.13477647065839,0
11.41,0.405765,31.61,63.0158710167526,0
2.83,0.403206,31.61,62.68971207462992,0
-42.74,0.404486,31.61,62.68971207462992,0
21.17,0.401927,31.61,63.0158710167526,0
13.71,0.403206,31.61,62.68971207462992,0
-20.15,0.400648,31.61,62.68971207462992,0
24.91,0.403206,31.61,62.68971207462992,0
9.49,0.401927,31.61,61.74949392505172,0
-25.31,0.403206,31.61,63.26926584053272,0
25.07,0.403206,31.61,62.80923498976882,0
13.07,0.401927,31.61,62.80923498976882,0
-29.46,0.404486,31.63,62.80923498976882,0
26.3,0.401927,31.63,62.80923498976882,0
31.66,0.403206,31.63,62.80923498976882,0
-18.19,0.400648,31.63,62.80923498976882,0
21.08,0.401927,31.61,62.80923498976882,0
17.01,0.39809,31.61,62.80923498976882,0
-18.43,0.401927,31.61,62.80923498976882,0
24.03,0.399369,31.61,62.80923498976882,0
19.78,0.403206,31.63,62.68971207462992,0
-11.79,0.396811,31.63,62.80923498976882,0
13.11,0.401927,31.63,62.80923498976882,0
21.91,0.401927,31.63,62.80923498976882,0
-4.22,0.401927,31.61,62.80923498976882,0
-38.17,0.403206,31.61,62.80923498976882,0
17.91,0.400648,31.61,62.80923498976882,0
7.89,0.401927,31.61,62.80923498976882,0
-20.37,0.400648,31.65,62.80923498976882,0
26.08,0.401927,31.65,62.80923498976882,0
9.65,0.400648,31.65,62.80923498976882,0
-23.78,0.403206,31.65,62.80923498976882,0
22.75,0.399369,31.59,62.80923498976882,0
4.86,0.401927,31.59,62.80923498976882,0
-25.04,0.400648,31.59,62.80923498976882,0
29.07,0.403206,31.59,62.80923498976882,0
9.27,0.403206,31.63,62.80923498976882,0
-23.45,0.403206,31.63,62.80923498976882,0
25.68,0.395531,31.63,62.68971207462992,0
12.92,0.399369,31.63,62.80923498976882,0
-22.41,0.401927,31.61,62.80923498976882,0
25.89,0.403206,31.61,62.80923498976882,0
17.28,0.401927,31.61,63.0158710167526,0
-11.25,0.401927,31.61,62.68971207462992,0
9.14,0.401927,31.63,62.80923498976882,0
13.19,0.400648,31.63,62.68971207462992,0
-3.55,0.401927,31.63,62.80923498976882,0
-36.36,0.401927,31.63,62.80923498976882,0
14.32,0.401927,31.61,62.80923498976882,0
5.86,0.400648,31.61,62.80923498976882,0
-30.61,0.399369,31.61,62.80923498976882,0
20.57,0.399369,31.61,62.80923498976882,0
3.79,0.400648,31.63,62.80923498976882,0
-30.66,0.401927,31.63,62.80923498976882,0
26.06,0.401927,31.63,62.80923498976882,0
11.98,0.400648,31.63,62.80923498976882,0
-31.1,0.401927,31.61,62.80923498976882,0
26.36,0.401927,31.61,62.80923498976882,0
11.68,0.403206,31.61,62.80923498976882,0
-24.42,0.400648,31.61,62.80923498976882,0
33.93,0.400648,31.63,62.80923498976882,0
25.45,0.39809,31.63,62.80923498976882,0
-23.32,0.400648,31.63,62.80923498976882,0
11.3,0.400648,31.63,62.80923498976882,0
18.88,0.401927,31.61,62.80923498976882,0
-1.02,0.401927,31.61,63.13477647065839,0
-38.56,0.400648,31.61,62.68971207462992,0
29.88,0.400648,31.61,62.80923498976882,0
26.08,0.400648,31.61,62.80923498976882,0
-14.72,0.400648,31.61,62.80923498976882,0
-37.85,0.400648,31.61,62.80923498976882,0
15.18,0.399369,31.61,62.80923498976882,0
11.13,0.399369,31.63,62.80923498976882,0
-21.65,0.400648,31.63,62.80923498976882,0
14.3,0.399369,31.63,62.80923498976882,0
12.82,0.399369,31.63,63.13477647065839,0
-0.2,0.400648,31.61,62.80923498976882,0
-39.85,0.400648,31.61,62.80923498976882,0
22.92,0.399369,31.61,62.80923498976882,0
11.77,0.400648,31.61,62.80923498976882,0
-28.29,0.399369,31.63,62.80923498976882,0
28.17,0.399369,31.63,62.80923498976882,0
10.36,0.39809,31.63,62.80923498976882,0
-24.16,0.39809,31.63,62.80923498976882,0
16.62,0.39809,31.61,62.80923498976882,0
12.44,0.399369,31.61,62.68971207462992,0
-13.04,0.399369,31.61,62.80923498976882,0
-10.58,0.400648,31.61,62.80923498976882,0
21.1,0.392973,31.59,62.80923498976882,0
2.43,0.399369,31.59,62.80923498976882,0
-48.64,0.399369,31.59,62.80923498976882,0
20.37,0.399369,31.59,62.80923498976882,0
15.95,0.399369,31.61,62.80923498976882,0
-29.84,0.399369,31.61,62.80923498976882,0
36.32,0.396811,31.61,62.80923498976882,0
21.18,0.39809,31.61,62.80923498976882,0
-14.93,0.39809,31.61,62.80923498976882,0
-13.31,0.399369,31.61,62.80923498976882,0
13.16,0.39809,31.61,62.80923498976882,0
2.47,0.399369,31.61,62.80923498976882,0
-34.9,0.399369,31.61,62.80923498976882,0
27.78,0.399369,31.61,62.80923498976882,0
18.19,0.399369,31.61,62.80923498976882,0
-14.43,0.399369,31.61,62.80923498976882,0
-4.89,0.399369,31.61,62.80923498976882,0
11.35,0.39809,31.61,62.80923498976882,0
1.41,0.400648,31.61,62.80923498976882,0
-34.76,0.39809,31.61,62.80923498976882,0
9.69,0.399369,31.61,62.80923498976882,0
7.19,0.400648,31.61,62.80923498976882,0
-28.4,0.39809,31.61,62.80923498976882,0
32.51,0.399369,31.61,62.80923498976882,0
8.76,0.39809,31.63,62.80923498976882,0
-26.12,0.400648,31.63,62.80923498976882,0
29.57,0.399369,31.63,62.80923498976882,0
17.0,0.39809,31.63,63.13477647065839,0
-19.71,0.395531,31.63,62.80923498976882,0
26.72,0.39809,31.63,62.80923498976882,0
21.04,0.391694,31.63,62.80923498976882,0
-14.48,0.39809,31.63,62.80923498976882,0
-15.42,0.39809,31.61,62.80923498976882,0
20.56,0.39809,31.61,62.80923498976882,0
8.83,0.39809,31.61,62.68971207462992,0
-34.91,0.39809,31.61,62.68971207462992,0
32.98,0.399369,31.61,62.80923498976882,0
25.22,0.39809,31.61,62.80923498976882,0
-8.67,0.399369,31.61,62.80923498976882,0
-42.8,0.389135,31.61,62.80923498976882,0
13.42,0.399369,31.61,62.80923498976882,0
13.92,0.399369,31.61,62.68971207462992,0
-20.76,0.396811,31.61,62.80923498976882,0
9.71,0.39809,31.61,62.80923498976882,0
14.16,0.39809,31.61,62.80923498976882,0
-1.13,0.39809,31.61,62.80923498976882,0
-29.94,0.39809,31.61,62.80923498976882,0
20.78,0.399369,31.61,62.80923498976882,0
12.64,0.395531,31.63,62.80923498976882,0
-24.73,0.39809,31.63,62.80923498976882,0
17.15,0.394252,31.63,62.80923498976882,0
6.91,0.396811,31.63,62.80923498976882,0
-12.54,0.394252,31.61,62.80923498976882,0
-31.72,0.399369,31.61,62.80923498976882,0
10.28,0.390415,31.61,62.80923498976882,0
3.02,0.39809,31.61,62.80923498976882,0
-44.89,0.39809,31.63,62.80923498976882,0
27.32,0.39809,31.63,62.80923498976882,0
13.72,0.39809,31.63,62.80923498976882,0
-20.71,0.396811,31.63,62.80923498976882,0
27.64,0.39809,31.63,62.80923498976882,0
17.82,0.392973,31.63,62.80923498976882,0
-5.71,0.39809,31.63,62.80923498976882,0
-20.64,0.394252,31.63,62.80923498976882,0
14.76,0.39809,31.63,62.80923498976882,0
5.82,0.395531,31.63,63.13477647065839,0
-31.59,0.396811,31.63,62.68971207462992,0
29.94,0.390415,31.63,62.80923498976882,0
25.22,0.395531,31.63,62.80923498976882,0
-11.49,0.39809,31.63,62.80923498976882,0
-21.94,0.395531,31.63,62.68971207462992,0
14.7,0.395531,31.63,62.80923498976882,0
9.29,0.392973,31.63,62.80923498976882,0
-27.74,0.395531,31.63,62.68971207462992,0
28.16,0.395531,31.63,62.68971207462992,0
16.39,0.395531,31.63,62.80923498976882,0
-9.39,0.392973,31.61,62.80923498976882,0
-42.41,0.396811,31.61,62.80923498976882,0
17.37,0.394252,31.61,62.80923498976882,0
13.05,0.39809,31.61,62.80923498976882,0
-17.54,0.396811,31.63,62.80923498976882,0
5.54,0.39809,31.63,62.80923498976882,0
12.89,0.396811,31.63,62.80923498976882,0
-6.42,0.395531,31.63,62.80923498976882,0
-37.59,0.396811,31.61,62.80923498976882,0
11.04,0.391694,31.61,62.80923498976882,0
17.11,0.396811,31.61,62.80923498976882,0
-26.46,0.396811,31.61,62.68971207462992,0
23.36,0.396811,31.59,62.80923498976882,0
21.96,0.395531,31.59,62.80923498976882,0
-12.69,0.395531,31.59,62.80923498976882,0
-38.32,0.396811,31.59,62.80923498976882,0
20.81,0.396811,31.61,62.80923498976882,0
9.32,0.394252,31.61,62.68971207462992,0
-31.67,0.394252,31.61,63.74950980203691,0
32.06,0.396811,31.61,62.80923498976882,0
32.54,0.394252,31.63,62.80923498976882,0
-5.07,0.396811,31.63,62.80923498976882,0
-47.36,0.395531,31.63,62.80923498976882,0
15.51,0.395531,31.63,62.80923498976882,0
12.95,0.395531,31.61,62.68971207462992,0
-19.81,0.396811,31.61,62.80923498976882,0
25.4,0.395531,31.61,62.80923498976882,0
20.44,0.395531,31.61,62.80923498976882,0
-0.87,0.392973,31.63,62.80923498976882,0
-38.91,0.394252,31.63,62.80923498976882,0
14.86,0.394252,31.63,62.80923498976882,0
8.73,0.394252,31.63,62.80923498976882,0
-22.65,0.389135,31.63,62.80923498976882,0
23.85,0.394252,31.63,62.80923498976882,0
19.87,0.390415,31.63,62.80923498976882,0
-19.45,0.394252,31.63,62.80923498976882,0
-23.7,0.394252,31.63,62.80923498976882,0
14.03,0.394252,31.63,62.80923498976882,0
4.56,0.394252,31.63,62.68971207462992,0
-33.47,0.392973,31.63,62.80923498976882,0
29.14,0.391694,31.63,62.80923498976882,0
28.75,0.395531,31.63,62.80923498976882,0
-13.16,0.394252,31.63,62.80923498976882,0
-43.14,0.395531,31.63,62.80923498976882,0
16.54,0.394252,31.63,62.80923498976882,0
23.48,0.394252,31.63,62.80923498976882,0
-20.22,0.394252,31.63,62.80923498976882,0
-4.33,0.394252,31.63,62.80923498976882,0
17.02,0.394252,31.63,62.80923498976882,0
6.97,0.394252,31.63,62.80923498976882,0
-27.54,0.392973,31.63,62.80923498976882,0
28.98,0.390415,31.63,62.80923498976882,0
22.43,0.391694,31.63,62.80923498976882,0
-10.58,0.394252,31.63,62.80923498976882,0
-40.85,0.394252,31.63,62.80923498976882,0
16.8,0.394252,31.63,62.80923498976882,0
11.77,0.392973,31.63,62.80923498976882,0
-14.81,0.395531,31.63,62.80923498976882,0
-0.4,0.395531,31.63,62.80923498976882,0
4.52,0.392973,31.63,62.80923498976882,0
2.55,0.394252,31.63,62.68971207462992,0
-28.14,0.395531,31.63,62.68971207462992,0
28.8,0.392973,31.63,62.80923498976882,0
18.76,0.392973,31.63,62.80923498976882,0
-16.9,0.394252,31.63,62.80923498976882,0
-36.37,0.394252,31.63,62.68971207462992,0
13.19,0.394252,31.63,62.80923498976882,0
13.04,0.392973,31.63,63.0158710167526,0
-25.46,0.394252,31.61,62.68971207462992,0
19.05,0.394252,31.61,62.80923498976882,0
18.01,0.395531,31.61,62.80923498976882,0
-7.24,0.392973,31.61,62.80923498976882,0
-37.61,0.392973,31.63,62.80923498976882,0
12.72,0.391694,31.63,62.80923498976882,0
6.82,0.394252,31.63,62.80923498976882,0
-30.74,0.394252,31.63,62.80923498976882,0
30.17,0.394252,31.59,62.80923498976882,0
25.02,0.392973,31.59,62.80923498976882,0
-16.4,0.391694,31.59,62.80923498976882,0
19.3,0.395531,31.59,62.80923498976882,0
14.05,0.392973,31.65,62.68971207462992,0
-8.23,0.395531,31.65,62.80923498976882,0
-11.19,0.392973,31.65,62.80923498976882,0
12.57,0.391694,31.65,62.80923498976882,0
-4.65,0.390415,31.63,62.80923498976882,0
-44.96,0.392973,31.63,62.80923498976882,0
20.52,0.392973,31.63,62.68971207462992,0
9.93,0.394252,31.63,62.68971207462992,0
-30.08,0.392973,31.63,62.68971207462992,0
34.52,0.392973,31.63,62.80923498976882,0
25.39,0.392973,31.63,62.80923498976882,0
-10.32,0.390415,31.63,62.80923498976882,0
-43.92,0.392973,31.63,62.80923498976882,0
18.71,0.392973,31.63,62.80923498976882,0
13.17,0.392973,31.63,62.80923498976882,0
-18.36,0.390415,31.63,62.80923498976882,0
-9.59,0.392973,31.63,62.80923498976882,0
14.13,0.391694,31.63,62.80923498976882,0
5.31,0.392973,31.63,62.80923498976882,0
-24.72,0.392973,31.63,62.80923498976882,0
20.55,0.392973,31.63,62.80923498976882,0
11.88,0.392973,31.63,62.80923498976882,0
-1.61,0.391694,31.63,62.80923498976882,0
-39.07,0.391694,31.63,62.80923498976882,0
23.3,0.390415,31.63,62.80923498976882,0
19.38,0.392973,31.63,62.80923498976882,0
-17.33,0.389135,31.63,62.80923498976882,0
-27.67,0.392973,31.63,62.68971207462992,0
14.36,0.390415,31.65,62.80923498976882,0
5.9,0.392973,31.65,63.0158710167526,0
-26.76,0.391694,31.65,62.80923498976882,0
26.81,0.391694,31.65,62.80923498976882,0
19.69,0.392973,31.63,62.80923498976882,0
-8.79,0.391694,31.63,62.80923498976882,0
-26.66,0.385298,31.63,62.80923498976882,0
6.29,0.390415,31.63,62.68971207462992,0
-1.84,0.391694,31.63,62.80923498976882,0
-41.58,0.389135,31.63,62.80923498976882,0
17.42,0.392973,31.63,62.80923498976882,0
10.55,0.389135,31.63,62.80923498976882,0
-40.33,0.390415,31.61,62.80923498976882,0
26.88,0.390415,31.61,62.80923498976882,0
25.09,0.391694,31.61,62.80923498976882,0
-23.5,0.390415,31.61,62.80923498976882,0
24.79,0.391694,31.61,62.80923498976882,0
29.25,0.392973,31.61,62.68971207462992,0
-5.86,0.390415,31.61,62.80923498976882,0
-51.46,0.390415,31.61,62.80923498976882,0
24.01,0.387856,31.63,62.80923498976882,0
22.48,0.391694,31.63,62.80923498976882,0
-18.65,0.387856,31.63,62.80923498976882,0
-11.86,0.390415,31.63,62.80923498976882,0
16.3,0.384019,31.63,62.80923498976882,0
10.39,0.390415,31.63,62.80923498976882,0
-23.07,0.391694,31.63,62.80923498976882,0
25.33,0.387856,31.63,62.80923498976882,0
19.78,0.390415,31.61,62.80923498976882,0
0.02,0.390415,31.61,62.80923498976882,0
-35.66,0.390415,31.61,62.80923498976882,0
18.55,0.386577,31.61,62.80923498976882,0
15.02,0.390415,31.61,62.80923498976882,0
-16.18,0.389135,31.61,62.80923498976882,0
-0.42,0.391694,31.61,62.80923498976882,0
5.8,0.384019,31.61,62.80923498976882,0
-0.14,0.391694,31.63,62.80923498976882,0
-42.23,0.391694,31.63,62.80923498976882,0
29.18,0.390415,31.63,62.80923498976882,0
16.47,0.391694,31.63,62.80923498976882,0
-17.1,0.391694,31.63,62.80923498976882,0
-10.83,0.391694,31.63,62.80923498976882,0
8.08,0.389135,31.63,62.80923498976882,0
3.61,0.390415,31.63,62.80923498976882,0
-26.88,0.387856,31.61,62.68971207462992,0
24.4,0.392973,31.61,62.80923498976882,0
14.4,0.385298,31.61,62.80923498976882,0
-14.54,0.390415,31.61,62.80923498976882,0
-26.93,0.391694,31.65,62.49799996799898,0
5.8,0.390415,31.65,62.80923498976882,0
9.44,0.391694,31.65,62.80923498976882,0
-19.3,0.389135,31.65,62.80923498976882,0
11.81,0.390415,31.63,62.80923498976882,0
13.2,0.387856,31.63,62.80923498976882,0
-8.59,0.389135,31.63,62.80923498976882,0
-41.21,0.387856,31.63,62.80923498976882,0
13.96,0.389135,31.63,62.80923498976882,0
19.8,0.387856,31.63,62.80923498976882,0
-21.88,0.390415,31.63,62.80923498976882,0
27.72,0.389135,31.63,63.13477647065839,0
18.1,0.390415,31.65,62.80923498976882,0
-22.49,0.391694,31.65,62.80923498976882,0
29.92,0.389135,31.65,63.13477647065839,0
8.39,0.389135,31.65,62.80923498976882,0
-25.77,0.386577,31.65,62.80923498976882,0
28.69,0.389135,31.65,62.80923498976882,0
8.05,0.385298,31.65,62.80923498976882,0
-32.28,0.389135,31.65,62.80923498976882,0
14.27,0.387856,31.63,62.68971207462992,0
1.87,0.391694,31.63,62.80923498976882,0
-8.34,0.389135,31.63,62.80923498976882,0
16.63,0.391694,31.63,62.80923498976882,0
4.82,0.385298,31.61,62.80923498976882,0
-45.39,0.390415,31.61,62.80923498976882,0
24.75,0.390415,31.61,62.80923498976882,0
22.62,0.387856,31.61,62.80923498976882,0
-21.38,0.389135,31.63,62.80923498976882,0
-2.65,0.387856,31.63,62.80923498976882,0
21.51,0.389135,31.63,62.80923498976882,0
2.91,0.389135,31.63,62.80923498976882,0
-24.28,0.390415,31.65,62.80923498976882,0
26.0,0.389135,31.65,62.80923498976882,0
14.36,0.389135,31.65,62.80923498976882,0
-6.22,0.390415,31.65,62.80923498976882,0
-30.12,0.389135,31.63,62.80923498976882,0
27.99,0.389135,31.63,62.80923498976882,0
13.94,0.38274,31.63,62.80923498976882,0
-9.49,0.389135,31.63,62.80923498976882,0
-33.24,0.387856,31.63,62.80923498976882,0
3.09,0.389135,31.63,62.80923498976882,0
8.56,0.386577,31.63,62.80923498976882,0
-20.76,0.389135,31.63,63.13477647065839,0
20.85,0.387856,31.63,63.13477647065839,0
7.51,0.390415,31.63,62.80923498976882,0
-24.55,0.391694,31.63,63.13477647065839,0
17.59,0.389135,31.63,62.80923498976882,0
2.25,0.389135,31.65,62.80923498976882,0
-23.9,0.387856,31.65,63.13477647065839,0
29.73,0.389135,31.65,62.68971207462992,0
10.25,0.387856,31.65,62.80923498976882,0
-35.45,0.387856,31.65,62.80923498976882,0
37.71,0.389135,31.65,62.68971207462992,0
17.37,0.389135,31.65,63.74950980203691,0
-36.53,0.387856,31.65,62.80923498976882,0
19.59,0.390415,31.67,62.80923498976882,0
6.81,0.389135,31.67,62.68971207462992,0
-27.31,0.389135,31.67,62.80923498976882,0
18.73,0.387856,31.67,62.80923498976882,0
7.18,0.386577,31.67,62.80923498976882,0
-32.57,0.389135,31.67,62.80923498976882,0
22.42,0.386577,31.67,62.80923498976882,0
16.28,0.389135,31.67,62.80923498976882,0
-17.71,0.387856,31.65,62.68971207462992,0
20.2,0.390415,31.65,62.80923498976882,0
16.25,0.387856,31.65,62.80923498976882,0
-12.24,0.389135,31.65,62.80923498976882,0
-29.91,0.390415,31.65,62.80923498976882,0
5.56,0.387856,31.65,62.80923498976882,0
-0.63,0.386577,31.65,62.80923498976882,0
-18.95,0.384019,31.65,62.80923498976882,0
15.32,0.387856,31.63,62.80923498976882,0
5.05,0.386577,31.63,62.80923498976882,0
-13.92,0.387856,31.63,62.80923498976882,0
2.3,0.386577,31.63,62.80923498976882,0
-0.72,0.390415,31.63,63.13477647065839,0
-16.76,0.387856,31.63,62.68971207462992,0
-15.6,0.389135,31.63,62.80923498976882,0
-0.99,0.390415,31.63,62.80923498976882,0
-4.73,0.387856,31.67,62.80923498976882,0
-40.0,0.387856,31.67,62.80923498976882,0
9.33,0.386577,31.67,63.13477647065839,0
11.16,0.387856,31.67,62.49799996799898,0
-39.0,0.384019,31.65,62.49799996799898,0
24.56,0.386577,31.65,63.74950980203691,0
21.6,0.386577,31.65,63.88270501473775,0
-32.54,0.387856,31.65,63.2771680782255,0
40.54,0.386577,31.65,62.56196927846821,0
28.61,0.387856,31.65,61.30252849597641,0
-24.26,0.387856,31.65,64.45153217728807,0
43.11,0.386577,31.65,58.077534382926416,0
-15.94,0.386577,31.65,64.60650122085238,0
54.07,0.384019,31.65,63.41135544995076,0
-6.87,0.387856,31.65,65.46754921333164,0
-118.74,0.385298,31.65,74.15524256584965,0
67.69,0.387856,31.65,64.17164482853778,0
112.44,0.387856,31.65,74.5385806143369,0
-33.15,0.392973,31.65,62.976185975335156,0
-25.57,0.426232,31.65,55.263007518592396,0
25.43,0.419836,31.65,69.13031173081747,0
117.34,0.394252,31.65,85.3580693314932,0
-52.74,0.391694,31.65,51.43928459844674,0
-35.89,0.390415,31.65,73.37574531137656,0
41.51,0.386577,31.63,73.19152956456095,0
16.1,0.390415,31.63,61.644140029689765,0
16.62,0.390415,31.63,72.22880311897741,0
-6.54,0.392973,31.63,75.49172140042907,0
-0.97,0.391694,31.63,59.23681287847955,0
29.35,0.392973,31.63,71.47726911403373,0
-22.05,0.391694,31.63,51.633322573702344,0
-6.25,0.391694,31.63,74.33034373659252,0
50.1,0.394252,31.63,70.15696686716153,0
25.11,0.39809,31.63,65.49045732013177,0
-23.17,0.394252,31.63,68.74590896918885,0
41.04,0.395531,31.63,65.33758489567853,0
-20.85,0.396811,31.63,63.20601237224193,0
0.99,0.39809,31.63,62.32976816898969,0
-11.15,0.392973,31.63,63.60031446463138,0
3.7,0.39809,31.63,62.465990746965666,0
45.81,0.396811,31.63,61.74949392505172,0
-26.91,0.39809,31.63,62.545983084447556,0
-45.92,0.396811,31.63,63.28506932918696,0
-20.48,0.39809,31.63,63.190189111918315,0
-1.26,0.396811,31.65,97.78036612735708,0
-12.8,0.396811,31.65,60.473134530963414,0
23.38,0.396811,31.65,48.47679857416329,0
-11.9,0.39809,31.65,64.29618962271404,0
-10.31,0.39809,31.65,63.095166217389426,0
24.01,0.391694,31.65,63.26926584053272,0
125.11,0.399369,31.65,63.419239982831705,0
-126.26,0.396811,31.65,64.51356446515724,0
95.27,0.39809,31.63,64.63745044476924,0
-16.62,0.400648,31.63,62.68173577685928,0
78.07,0.401927,31.63,65.70388116390082,0
130.58,0.404486,31.63,65.31462317123173,0
29.95,0.401927,31.63,63.733821476512766,0
-76.87,0.400648,31.63,63.733821476512766,0
-158.49,0.399369,31.63,64.10148204214939,0
129.1,0.400648,31.63,68.59300255857006,0
-114.92,0.399369,31.65,60.15812497078013,0
-105.07,0.395531,31.65,62.465990746965666,0
-6.72,0.39809,31.65,65.02307282803544,0
96.68,0.39809,31.65,63.41135544995076,0
-35.17,0.39809,31.67,65.37583651472461,0
50.68,0.399369,31.67,62.928530890209096,0
-46.49,0.399369,31.67,61.75759062657804,0
-114.33,0.396811,31.67,45.45327270945405,0
95.45,0.394252,31.63,88.04544281222056,0
-9.22,0.39809,31.63,66.51315659326356,0
24.73,0.396811,31.63,74.39085965358916,0
-53.18,0.39809,31.63,61.814237842102365,0
175.18,0.396811,31.65,44.50842616853577,0
59.64,0.396811,31.65,60.61352984276695,0
-265.74,0.396811,31.65,62.96824596572466,0
-141.17,0.395531,31.65,61.13918547053109,0
6.28,0.391694,31.65,69.70652767137379,0
121.94,0.399369,31.65,54.92722457943783,0
11.98,0.401927,31.65,64.95382975621992,0
8.38,0.400648,31.65,62.55397669213365,0
19.09,0.405765,31.67,65.92419889539804,0
-42.94,0.407044,31.67,68.27151675479314,0
4.28,0.417277,31.67,66.34003316248794,0
124.9,0.417277,31.67,62.64982043070834,0
68.22,0.418557,31.63,63.50590523722971,0
190.8,0.418557,31.63,62.37788069500277,0
-18.07,0.419836,31.63,62.37788069500277,0
-79.21,0.421115,31.63,62.37788069500277,0
-11.83,0.417277,31.67,63.15853069855251,0
-95.67,0.417277,31.67,62.89674077406555,0
103.75,0.414719,31.67,62.74551776820397,0
-2.18,0.417277,31.67,62.74551776820397,0
26.72,0.415998,31.65,62.74551776820397,0
-99.93,0.415998,31.65,62.489999199871974,0
63.31,0.41344,31.65,74.03377607551839,0
58.64,0.414719,31.65,92.74696760541555,0
-39.78,0.412161,31.65,35.34119409414458,0
-12.36,0.41344,31.65,67.43144666993287,0
20.79,0.414719,31.65,68.41052550594829,0
17.81,0.414719,31.65,73.98648525237566,0
191.38,0.41344,31.67,37.70941526992961,0
83.96,0.415998,31.67,78.3517708797957,0
-200.82,0.417277,31.67,60.423505360083176,0
29.59,0.417277,31.67,65.1766829472013,0
-118.88,0.419836,31.67,69.68500556073738,0
-52.61,0.427511,31.67,60.207972893961475,0
7.12,0.458211,31.67,63.53739056650029,0
-37.83,0.491469,31.67,72.67048919609665,0
172.22,0.441582,31.69,46.17358552246078,0
-134.1,0.432627,31.69,69.8927750200262,0
-96.89,0.430069,31.69,64.45153217728807,0
58.94,0.426232,31.69,65.11528238439882,0
3.86,0.423673,31.69,60.909769331364245,0
-11.23,0.424952,31.69,63.06346010171025,0
173.29,0.423673,31.69,64.08587988004847,0
-111.37,0.423673,31.69,62.74551776820397,0
89.06,0.423673,31.69,63.229739838148944,0
-49.96,0.422394,31.69,61.35959582656978,0
-27.33,0.417277,31.69,61.53048025166064,0
7.15,0.418557,31.69,63.31666447310692,0
-13.18,0.415998,31.71,62.489999199871974,0
161.3,0.415998,31.71,63.41135544995076,0
-44.85,0.415998,31.71,63.198101237299845,0
122.68,0.412161,31.71,64.20280367709809,0
-119.96,0.41344,31.71,59.04235767650204,0
5.68,0.41344,31.71,62.25752966509352,0
47.2,0.41344,31.71,62.489999199871974,0
60.12,0.414719,31.71,63.20601237224193,0
-46.32,0.41344,31.69,67.45368781616021,0
157.7,0.415998,31.69,63.20601237224193,0
65.75,0.412161,31.69,63.387695966961914,0
-121.81,0.414719,31.69,63.72597586541927,0
-171.4,0.412161,31.69,63.0,0
10.44,0.415998,31.69,63.0,0
9.8,0.404486,31.69,63.0,0
-3.53,0.414719,31.69,62.625873247404705,0
-48.57,0.412161,31.69,62.625873247404705,0
32.79,0.41344,31.69,63.0,0
32.0,0.41344,31.69,63.0,0
5.3,0.412161,31.69,63.0,0
-49.44,0.412161,31.71,63.90618123468183,0
16.46,0.412161,31.71,62.26556030423239,0
23.44,0.414719,31.71,63.0,0
-20.53,0.41344,31.71,63.0,0
30.9,0.41344,31.73,63.0,0
130.83,0.409602,31.73,63.0,0
-30.26,0.415998,31.73,62.297672508690084,0
-243.13,0.410881,31.73,63.0,0
47.33,0.41344,31.73,63.0,0
61.33,0.414719,31.73,63.198101237299845,0
28.6,0.41344,31.73,63.0,0
-11.67,0.41344,31.73,63.0,0
27.11,0.414719,31.73,63.0,0
27.19,0.415998,31.73,63.198101237299845,0
7.1,0.412161,31.73,63.0,0
-43.16,0.41344,31.73,63.0,0
41.87,0.410881,31.73,63.198101237299845,0
36.37,0.412161,31.73,63.0,0
7.21,0.410881,31.73,63.0,0
-61.77,0.412161,31.73,63.0,0
35.9,0.410881,31.73,63.0,0
31.91,0.412161,31.73,62.82515419798029,0
-13.42,0.410881,31.73,62.82515419798029,0
-33.75,0.41344,31.73,63.198101237299845,0
8.01,0.41344,31.73,63.198101237299845,0
10.35,0.41344,31.73,62.82515419798029,0
-36.56,0.412161,31.73,63.0,0
24.5,0.410881,31.73,62.82515419798029,0
28.97,0.412161,31.73,62.82515419798029,0
-8.59,0.41344,31.73,63.198101237299845,0
-43.62,0.410881,31.73,63.198101237299845,0
19.78,0.412161,31.73,63.198101237299845,0
18.65,0.412161,31.73,63.198101237299845,0
-34.12,0.409602,31.73,62.82515419798029,0
14.42,0.412161,31.73,62.82515419798029,0
19.41,0.412161,31.73,62.82515419798029,0
2.18,0.410881,31.73,63.198101237299845,0
-27.48,0.410881,31.73,62.82515419798029,0
32.24,0.409602,31.73,63.0,0
21.33,0.410881,31.73,63.198101237299845,0
-1.37,0.410881,31.73,63.198101237299845,0
-31.02,0.410881,31.73,63.198101237299845,0
24.43,0.412161,31.73,62.82515419798029,0
15.7,0.410881,31.73,62.82515419798029,0
-12.99,0.412161,31.75,63.198101237299845,0
-26.81,0.41344,31.75,62.82515419798029,0
-1.06,0.412161,31.75,62.82515419798029,0
4.25,0.412161,31.75,62.82515419798029,0
-30.92,0.410881,31.75,62.82515419798029,0
20.7,0.408323,31.75,62.82515419798029,0
3.17,0.409602,31.75,62.82515419798029,0
-41.72,0.412161,31.75,62.82515419798029,0
20.96,0.409602,31.75,62.82515419798029,0
12.23,0.410881,31.75,62.82515419798029,0
-45.51,0.410881,31.75,62.82515419798029,0
27.12,0.410881,31.75,62.68173577685928,0
16.89,0.410881,31.77,61.554853586049575,0
-27.42,0.412161,31.77,62.625873247404705,0
57.83,0.405765,31.77,63.0,0
117.81,0.410881,31.77,62.89674077406555,0
234.83,0.408323,31.73,63.0,0
-229.52,0.410881,31.73,63.0,0
-104.46,0.410881,31.73,62.82515419798029,0
-49.27,0.409602,31.73,64.20280367709809,0
-184.76,0.409602,31.75,63.13477647065839,0
13.54,0.408323,31.75,62.433965115151864,0
59.35,0.412161,31.75,62.0966987850401,0
54.1,0.409602,31.75,62.0966987850401,0
26.17,0.412161,31.77,62.489999199871974,0
96.06,0.409602,31.77,63.387695966961914,0
-18.05,0.409602,31.77,63.387695966961914,0
-47.41,0.408323,31.77,62.20128616033595,0
9.28,0.412161,31.77,63.095166217389426,0
16.17,0.410881,31.77,62.68971207462992,0
30.05,0.410881,31.77,63.984373092185564,0
169.7,0.410881,31.77,62.68971207462992,0
-51.77,0.412161,31.77,63.095166217389426,0
-280.11,0.41344,31.77,62.68971207462992,0
62.82,0.412161,31.77,62.68971207462992,0
55.07,0.412161,31.77,62.68971207462992,0
-11.07,0.409602,31.77,62.68971207462992,0
59.98,0.41344,31.77,62.51399843235114,0
25.47,0.409602,31.77,63.58458932791813,0
-35.24,0.41344,31.77,62.68971207462992,0
24.1,0.409602,31.79,63.58458932791813,0
-7.85,0.414719,31.79,63.58458932791813,0
12.65,0.410881,31.79,63.58458932791813,0
23.89,0.41344,31.79,63.58458932791813,0
-6.01,0.412161,31.77,63.198101237299845,0
34.68,0.414719,31.77,62.297672508690084,0
20.78,0.41344,31.77,63.58458932791813,0
-11.87,0.41344,31.77,62.297672508690084,0
-4.38,0.405765,31.77,63.58458932791813,0
26.76,0.410881,31.77,62.68971207462992,0
2.02,0.41344,31.77,62.68971207462992,0
-29.69,0.414719,31.77,63.58458932791813,0
30.56,0.41344,31.79,62.297672508690084,0
23.85,0.41344,31.79,63.58458932791813,0
-10.13,0.41344,31.79,62.68971207462992,0
-37.51,0.410881,31.79,62.68971207462992,0
24.24,0.412161,31.79,63.58458932791813,0
11.77,0.414719,31.79,63.58458932791813,0
-10.69,0.414719,31.79,63.198101237299845,0
-37.13,0.410881,31.79,62.68971207462992,0
9.62,0.412161,31.79,62.68971207462992,0
10.9,0.410881,31.79,63.58458932791813,0
-17.43,0.410881,31.79,66.58828725834597,0
-25.96,0.412161,31.79,62.51399843235114,0
4.25,0.412161,31.79,63.733821476512766,0
31.06,0.412161,31.79,62.82515419798029,0
69.25,0.410881,31.79,62.465990746965666,0
181.82,0.412161,31.79,63.63961030678928,0
-303.19,0.412161,31.79,62.68173577685928,0
-45.23,0.412161,31.79,62.82515419798029,0
181.96,0.412161,31.79,63.03967004989794,0
185.68,0.410881,31.79,63.03967004989794,0
-218.63,0.410881,31.79,63.94528911499267,0
-345.89,0.414719,31.79,62.369864518050704,0
26.19,0.412161,31.79,63.94528911499267,0
194.8,0.41344,31.79,64.17164482853778,0
244.57,0.410881,31.79,62.68173577685928,0
-113.06,0.41344,31.79,63.592452382338585,0
-172.96,0.410881,31.79,62.68173577685928,0
-109.51,0.414719,31.79,62.68173577685928,0
81.96,0.412161,31.79,63.03967004989794,0
30.35,0.415998,31.79,62.68173577685928,0
-54.38,0.410881,31.79,63.26926584053272,0
36.11,0.41344,31.79,62.91263784010332,0
20.76,0.407044,31.79,62.91263784010332,0
-4.94,0.41344,31.79,62.68173577685928,0
38.24,0.41344,31.79,63.03967004989794,0
19.17,0.412161,31.79,63.26926584053272,0
-36.23,0.41344,31.79,61.47357155721473,0
36.54,0.41344,31.79,64.10148204214939,0
49.58,0.414719,31.79,63.198101237299845,0
49.02,0.41344,31.79,63.03967004989794,0
290.58,0.412161,31.81,63.03967004989794,0
23.16,0.409602,31.81,62.91263784010332,0
-274.84,0.407044,31.81,62.91263784010332,0
-121.82,0.409602,31.81,62.91263784010332,0
-51.43,0.41344,31.81,63.03967004989794,0
23.91,0.412161,31.81,62.91263784010332,0
5.15,0.41344,31.81,62.68173577685928,0
36.96,0.407044,31.81,62.91263784010332,0
18.18,0.41344,31.81,62.91263784010332,0
-57.72,0.415998,31.81,62.91263784010332,0
37.76,0.412161,31.81,62.91263784010332,0
30.03,0.414719,31.81,62.91263784010332,0
-32.12,0.412161,31.83,62.91263784010332,0
45.3,0.41344,31.83,62.91263784010332,0
43.11,0.412161,31.83,62.91263784010332,0
1.85,0.412161,31.83,63.8200595424354,0
-58.24,0.410881,31.81,62.617888817813075,0
39.9,0.41344,31.81,62.69768735766894,0
39.42,0.410881,31.81,63.190189111918315,0
9.25,0.414719,31.81,63.40346993658943,0
54.81,0.412161,31.83,63.72597586541927,0
116.04,0.414719,31.83,63.72597586541927,0
-125.07,0.412161,31.83,62.81719509815764,0
-225.41,0.409602,31.83,63.72597586541927,0
14.78,0.412161,31.79,62.81719509815764,0
48.93,0.41344,31.79,62.81719509815764,0
12.72,0.410881,31.79,63.15853069855251,0
-2.88,0.409602,31.79,63.15853069855251,0
3.62,0.412161,31.83,62.94441992742486,0
-1.22,0.412161,31.83,62.617888817813075,0
-13.82,0.410881,31.83,62.88083968904996,0
1.82,0.410881,31.83,63.25345840347388,0
58.97,0.410881,31.83,63.25345840347388,0
122.62,0.410881,31.83,62.88083968904996,0
-257.76,0.408323,31.83,62.88083968904996,0
-49.7,0.409602,31.83,62.88083968904996,0
-10.67,0.410881,31.81,63.25345840347388,0
30.75,0.410881,31.81,62.88083968904996,0
6.09,0.410881,31.81,62.88083968904996,0
-37.02,0.412161,31.81,62.88083968904996,0
27.66,0.412161,31.81,62.88083968904996,0
14.79,0.410881,31.81,62.88083968904996,0
-41.53,0.409602,31.81,62.88083968904996,0
37.31,0.410881,31.81,62.88083968904996,0
19.12,0.410881,31.81,62.88083968904996,0
-29.66,0.409602,31.81,62.88083968904996,0
35.45,0.409602,31.81,62.88083968904996,0
18.02,0.409602,31.81,62.88083968904996,0
-33.96,0.408323,31.83,62.52199612936234,0
37.87,0.409602,31.83,63.419239982831705,0
23.03,0.407044,31.83,63.419239982831705,0
-23.21,0.410881,31.83,63.419239982831705,0
0.94,0.409602,31.83,63.419239982831705,0
9.53,0.412161,31.83,63.419239982831705,0
5.12,0.409602,31.83,63.419239982831705,0
-24.64,0.409602,31.83,63.419239982831705,0
23.18,0.401927,31.83,63.419239982831705,0
19.69,0.409602,31.83,62.489999199871974,0
5.55,0.408323,31.83,78.33900688673555,0
-16.75,0.409602,31.83,52.182372502598994,0
59.62,0.409602,31.83,74.94664769020693,0
126.75,0.409602,31.83,67.48333127521195,0
-2.26,0.409602,31.83,73.02739212103907,0
-145.81,0.404486,31.83,62.80923498976882,0
-12.85,0.403206,31.83,65.82552696332935,0
-14.72,0.399369,31.83,64.38167441127949,0
-98.51,0.400648,31.83,64.1482657598785,0
28.77,0.396811,31.83,66.57326790837296,0
122.43,0.403206,31.81,69.01449123191448,0
134.66,0.400648,31.81,62.63385665915839,0
-39.23,0.407044,31.81,64.28841264178172,0
-196.49,0.408323,31.81,63.20601237224193,0
-137.59,0.407044,31.83,63.608175575157006,0
106.64,0.410881,31.83,63.20601237224193,0
211.12,0.409602,31.83,63.15853069855251,0
-12.07,0.410881,31.83,63.56099432828282,0
-315.25,0.409602,31.83,62.93647591023825,0
15.34,0.410881,31.83,62.94441992742486,0
105.7,0.407044,31.83,62.40192304729078,0
36.18,0.412161,31.83,63.221831672294975,0
118.78,0.408323,31.83,62.65780079128216,0
193.61,0.41344,31.83,63.63961030678928,0
-201.21,0.404486,31.83,66.34756966159348,0
11.75,0.409602,31.83,58.957611891934704,0
-20.0,0.409602,31.85,75.11324783285569,0
-8.19,0.409602,31.85,74.79973261984297,0
86.78,0.408323,31.85,62.01612693485461,0
-89.35,0.407044,31.85,63.41135544995076,0
-96.64,0.409602,31.83,59.42221806698232,0
-53.23,0.409602,31.83,73.98648525237566,0
62.6,0.409602,31.83,66.58077800686922,0
177.82,0.404486,31.83,62.71363488110062,0
3.53,0.410881,31.83,60.29925372672534,0
86.3,0.404486,31.83,50.73460357586329,0
55.11,0.403206,31.83,73.02739212103907,0
-101.01,0.399369,31.83,61.45730225123781,0
-148.1,0.403206,31.81,63.96092557178953,0
125.87,0.403206,31.81,61.48170459575759,0
-212.43,0.404486,31.81,63.25345840347388,0
133.53,0.403206,31.81,71.90966555338719,0
-8.21,0.403206,31.81,65.39877674696982,0
36.73,0.403206,31.81,61.48983655857283,0
-8.17,0.409602,31.81,63.190189111918315,0
87.66,0.409602,31.81,65.19202405202648,0
100.75,0.410881,31.81,62.68173577685928,0
142.0,0.410881,31.81,58.309518948453004,0
89.41,0.408323,31.81,71.42128534267638,0
-90.36,0.41344,31.81,71.58212067269312,0
-104.04,0.410881,31.83,62.94441992742486,0
-91.48,0.412161,31.83,62.72160712226688,0
-30.41,0.410881,31.83,63.788713735268246,0
-49.49,0.409602,31.83,63.198101237299845,0
-21.07,0.410881,31.83,58.8387627334226,0
181.29,0.414719,31.83,69.0,0
81.73,0.415998,31.83,37.376463182061514,0
4.12,0.415998,31.83,63.4428877022476,0
114.68,0.414719,31.83,63.72597586541927,0
5.27,0.417277,31.83,59.74947698515862,0
-113.57,0.414719,31.83,63.20601237224193,0
-84.86,0.41344,31.83,59.39696961966999,0
51.92,0.414719,31.83,61.82232606429493,0
6.5,0.412161,31.83,66.03786792439622,0
51.75,0.408323,31.83,62.63385665915839,0
55.85,0.410881,31.83,63.14269553954757,0
22.55,0.409602,31.83,62.64982043070834,0
12.92,0.410881,31.83,62.64982043070834,0
-10.13,0.410881,31.83,62.64982043070834,0
-33.31,0.409602,31.83,62.64982043070834,0
36.43,0.410881,31.87,63.35613624582863,0
29.65,0.408323,31.87,61.98386886924694,0
-37.03,0.409602,31.87,63.35613624582863,0
36.17,0.403206,31.87,62.64982043070834,0
15.27,0.409602,31.83,62.69768735766894,0
-33.43,0.409602,31.83,63.35613624582863,0
19.12,0.41344,31.83,63.12685640834652,0
13.75,0.414719,31.83,63.15853069855251,0
-40.69,0.417277,31.83,63.35613624582863,0
16.31,0.422394,31.83,63.35613624582863,0
2.12,0.427511,31.83,62.64982043070834,0
-32.8,0.435186,31.83,62.69768735766894,0
2.74,0.437744,31.83,62.89674077406555,0
6.24,0.440302,31.83,62.89674077406555,0
-30.21,0.435186,31.83,62.69768735766894,0
16.04,0.436465,31.83,62.91263784010332,0
15.44,0.433907,31.87,63.12685640834652,0
-29.4,0.437744,31.87,62.465990746965666,0
17.12,0.431348,31.87,67.27555276621665,0
0.61,0.441582,31.87,69.05794668247819,0
-33.94,0.440302,31.89,68.60029154456998,0
17.24,0.445419,31.89,67.03730304837748,0
26.26,0.442861,31.89,59.42221806698232,0
15.78,0.449257,31.89,62.20932405998316,0
71.04,0.456932,31.85,62.12889826803627,0
-43.08,0.465886,31.85,62.49799996799898,0
0.41,0.471003,31.85,62.42595614005443,0
-91.47,0.471003,31.85,61.7980582219215,0
-42.81,0.47484,31.87,62.080592780675026,0
-31.94,0.47484,31.87,62.76145313805282,0
-6.61,0.476119,31.87,62.20932405998316,0
6.18,0.473561,31.87,64.389440128021,0
77.31,0.473561,31.87,57.0701322935211,0
-7.65,0.471003,31.87,60.909769331364245,0
-32.29,0.462048,31.87,61.814237842102365,0
21.53,0.471003,31.87,63.655321851358195,0
-4.14,0.478678,31.87,63.229739838148944,0
-92.33,0.49019,31.87,62.177166226839255,0
65.77,0.508099,31.87,62.24146527838174,0
66.28,0.524728,31.87,63.63961030678928,0
-69.52,0.538799,31.87,61.773780845922005,0
16.14,0.542636,31.87,61.862751312886175,0
9.06,0.545195,31.87,62.489999199871974,0
-5.12,0.545195,31.87,61.45730225123781,0
6.25,0.541357,31.89,63.198101237299845,0
-11.16,0.538799,31.89,63.655321851358195,0
-29.86,0.536241,31.89,62.94441992742486,0
-0.35,0.532403,31.89,63.45076831686122,0
-6.49,0.531124,31.89,62.489999199871974,0
34.11,0.527286,31.89,64.69930447848725,0
-42.97,0.532403,31.89,60.340699366182356,0
-12.05,0.538799,31.89,61.927376821564145,0
12.24,0.541357,31.93,64.65291950097846,0
-5.27,0.546474,31.93,83.83913167489273,0
21.1,0.542636,31.93,62.78534860936905,0
-49.97,0.541357,31.93,55.09083408335728,0
-9.87,0.534961,31.91,58.0,0
26.83,0.542636,31.91,67.65352910233139,0
51.77,0.529845,31.91,71.53320907103218,0
14.28,0.526007,31.91,40.024992192379,0
39.5,0.52089,31.93,49.39635614091387,0
-40.41,0.524728,31.93,161.5085137074823,0
-29.26,0.517053,31.93,88.0056816347672,0
-55.48,0.513215,31.93,67.65352910233139,0
30.47,0.513215,31.93,50.40833264451424,0
83.06,0.510657,31.93,80.2122185206219,0
-113.83,0.511936,31.93,70.95068710026705,0
-224.82,0.511936,31.93,60.0416522091123,0
-34.26,0.511936,31.93,64.13267497929586,0
22.1,0.508099,31.93,59.6992462263972,0
15.7,0.508099,31.93,65.21502894272147,0
50.05,0.504261,31.93,65.4217089351845,0
-5.05,0.499144,31.93,58.01723881744115,0
-24.83,0.501703,31.93,63.592452382338585,0
10.02,0.504261,31.93,62.625873247404705,0
-3.73,0.500424,31.93,63.25345840347388,0
23.55,0.500424,31.95,62.68173577685928,0
6.15,0.497865,31.95,62.465990746965666,0
-20.24,0.496586,31.95,61.78996682310163,0
20.33,0.491469,31.95,63.03967004989794,0
-3.31,0.494028,31.95,63.03967004989794,0
17.79,0.494028,31.95,62.71363488110062,0
-0.47,0.491469,31.95,62.68173577685928,0
-13.36,0.492749,31.95,61.78996682310163,0
5.05,0.491469,31.95,62.3377895020348,0
1.69,0.492749,31.95,62.68173577685928,0
14.92,0.491469,31.95,63.4428877022476,0
-2.44,0.491469,31.95,63.94528911499267,0
-7.8,0.49019,31.93,63.03967004989794,0
2.35,0.494028,31.93,61.78996682310163,0
-6.63,0.496586,31.93,62.68173577685928,0
13.48,0.497865,31.93,64.50581369148055,0
-4.99,0.500424,31.93,62.82515419798029,0
-1.63,0.501703,31.93,62.120849961989414,0
0.31,0.502982,31.93,63.03967004989794,0
-7.41,0.502982,31.93,62.465990746965666,0
12.99,0.502982,31.95,63.03967004989794,0
-5.47,0.502982,31.95,60.663003552412405,0
-1.01,0.501703,31.95,63.3798075099633,0
-2.57,0.499144,31.95,62.120849961989414,0
-8.5,0.500424,31.93,63.03967004989794,0
6.76,0.501703,31.93,63.03967004989794,0
-2.52,0.501703,31.93,62.120849961989414,0
8.57,0.500424,31.93,62.120849961989414,0
-2.01,0.497865,31.93,63.592452382338585,0
1.18,0.500424,31.93,61.91930232165088,0
-0.21,0.499144,31.93,79.68688725254614,0
-6.1,0.497865,31.93,82.13403679352427,0
-3.01,0.495307,31.95,40.13726448077895,0
-3.51,0.496586,31.95,49.678969393496885,0
9.67,0.494028,31.95,60.663003552412405,0
-13.66,0.496586,31.95,63.12685640834652,0
-8.18,0.495307,31.95,63.84355879804947,0
40.16,0.495307,31.95,63.84355879804947,0
93.68,0.486353,31.95,64.79197481170026,0
3.04,0.495307,31.95,62.976185975335156,0
-62.6,0.496586,31.93,64.96922348312314,0
28.53,0.500424,31.93,63.35613624582863,0
37.85,0.499144,31.93,63.60031446463138,0
-83.11,0.501703,31.93,63.85922016435841,0
-45.3,0.502982,31.95,63.60031446463138,0
0.2,0.502982,31.95,63.56886030125127,0
17.63,0.502982,31.95,63.60031446463138,0
11.99,0.500424,31.95,63.60031446463138,0
-16.32,0.500424,31.97,63.15853069855251,0
-30.38,0.499144,31.97,63.60031446463138,0
-9.22,0.494028,31.97,63.60031446463138,0
4.97,0.496586,31.97,64.73020933072904,0
-3.05,0.497865,31.97,145.7189074897283,0
-25.41,0.496586,31.97,131.76873680809118,0
